source,fold,model,ID,MAIN_BAS,event,error,threshold,probability,baseline
cars,0,prevalence,1017,7060047060,0,0.0703469535187096,0.08200081346694221,0.2647058823529412,0.2647058823529412
cars,0,prevalence,1026,7060047060,0,0.0007842159792141,0.08200081346694221,0.2647058823529412,0.2647058823529412
cars,0,prevalence,1033,7060047060,0,0.0174476865667854,0.08200081346694221,0.2647058823529412,0.2647058823529412
cars,0,prevalence,1036,7060047060,0,7.859200398949162e-05,0.08200081346694221,0.2647058823529412,0.2647058823529412
cars,0,prevalence,1042,7060047060,0,0.0461680424387564,0.08200081346694221,0.2647058823529412,0.2647058823529412
cars,0,prevalence,1067,7060047060,0,0.0673197431439447,0.08200081346694221,0.2647058823529412,0.2647058823529412
cars,0,prevalence,1092,7060047060,0,0.076865233986902,0.08200081346694221,0.2647058823529412,0.2647058823529412
cars,0,prevalence,1101,7060047060,1,0.1179710089182047,0.08200081346694221,0.2647058823529412,0.2647058823529412
cars,0,prevalence,1112,7060047060,1,0.1106544748956852,0.08200081346694221,0.2647058823529412,0.2647058823529412
cars,0,prevalence,1121,7060047060,0,0.0668206862061397,0.08200081346694221,0.2647058823529412,0.2647058823529412
cars,0,prevalence,1122,7060047060,0,0.0596448744438967,0.08200081346694221,0.2647058823529412,0.2647058823529412
cars,0,prevalence,1125,7060047060,0,0.0668206862061397,0.08200081346694221,0.2647058823529412,0.2647058823529412
cars,0,prevalence,1127,7060047060,0,0.0792308638992095,0.08200081346694221,0.2647058823529412,0.2647058823529412
cars,0,prevalence,1192,7060047060,0,0.0443776667499565,0.08200081346694221,0.2647058823529412,0.2647058823529412
cars,0,prevalence,1586,7060047060,0,0.0302959028184105,0.08200081346694221,0.2647058823529412,0.2647058823529412
cars,0,prevalence,1587,7060047060,0,0.0072631662205354,0.08200081346694221,0.2647058823529412,0.2647058823529412
cars,0,prevalence,1592,7060047060,1,0.120439220737386,0.08200081346694221,0.2647058823529412,0.2647058823529412
cars,0,prevalence,1595,7060047060,0,0.0629268646081044,0.08200081346694221,0.2647058823529412,0.2647058823529412
cars,0,prevalence,1600,7060047060,0,0.0188979676244183,0.08200081346694221,0.2647058823529412,0.2647058823529412
cars,0,prevalence,1617,7060047060,0,0.0545475103931069,0.08200081346694221,0.2647058823529412,0.2647058823529412
cars,0,prevalence,1619,7060047060,1,0.0919133858665782,0.08200081346694221,0.2647058823529412,0.2647058823529412
cars,0,prevalence,1620,7060047060,0,0.0264329880952052,0.08200081346694221,0.2647058823529412,0.2647058823529412
cars,0,prevalence,1631,7060047060,0,0.0669330418568217,0.08200081346694221,0.2647058823529412,0.2647058823529412
cars,0,prevalence,1634,7060047060,0,0.0279118975549064,0.08200081346694221,0.2647058823529412,0.2647058823529412
cars,0,prevalence,1636,7060047060,1,0.0908452618975397,0.08200081346694221,0.2647058823529412,0.2647058823529412
cars,0,prevalence,1645,7060047060,0,0.0320311356139694,0.08200081346694221,0.2647058823529412,0.2647058823529412
cars,0,prevalence,1650,7060047060,0,0.0810070955464334,0.08200081346694221,0.2647058823529412,0.2647058823529412
cars,0,prevalence,1654,7060047060,0,0.0068242487804468,0.08200081346694221,0.2647058823529412,0.2647058823529412
cars,0,prevalence,1655,7060047060,0,0.0005387075569807,0.08200081346694221,0.2647058823529412,0.2647058823529412
cars,0,prevalence,1656,7060047060,0,0.0367503132460737,0.08200081346694221,0.2647058823529412,0.2647058823529412
cars,0,prevalence,1683,7060047060,0,0.0732766253363531,0.08200081346694221,0.2647058823529412,0.2647058823529412
cars,0,prevalence,1691,7060047060,0,0.0498672675817963,0.08200081346694221,0.2647058823529412,0.2647058823529412
cars,0,prevalence,1699,7060047060,0,0.0037258322988919,0.08200081346694221,0.2647058823529412,0.2647058823529412
cars,0,prevalence,1703,7060047060,1,0.1266105089661593,0.08200081346694221,0.2647058823529412,0.2647058823529412
cars,0,prevalence,1706,7060047060,0,0.0047373294099653,0.08200081346694221,0.2647058823529412,0.2647058823529412
cars,0,prevalence,1707,7060047060,0,0.0387792990147741,0.08200081346694221,0.2647058823529412,0.2647058823529412
cars,0,prevalence,1709,7060047060,0,0.0161603183465146,0.08200081346694221,0.2647058823529412,0.2647058823529412
cars,0,prevalence,1712,7060047060,0,0.0275684141774626,0.08200081346694221,0.2647058823529412,0.2647058823529412
cars,0,prevalence,1713,7060047060,0,0.0686409242059476,0.08200081346694221,0.2647058823529412,0.2647058823529412
cars,0,prevalence,1714,7060047060,0,0.0583394920970634,0.08200081346694221,0.2647058823529412,0.2647058823529412
cars,0,prevalence,1718,7060047060,0,0.033867750091752,0.08200081346694221,0.2647058823529412,0.2647058823529412
cars,0,prevalence,1723,7060047060,0,0.0179999068401603,0.08200081346694221,0.2647058823529412,0.2647058823529412
cars,0,prevalence,1726,7060047060,0,0.0199979692301591,0.08200081346694221,0.2647058823529412,0.2647058823529412
cars,0,prevalence,1735,7060047060,0,0.009343588533751,0.08200081346694221,0.2647058823529412,0.2647058823529412
cars,0,prevalence,1739,7060047060,0,0.0082993042765104,0.08200081346694221,0.2647058823529412,0.2647058823529412
cars,0,prevalence,1740,7060047060,0,0.0269665143682903,0.08200081346694221,0.2647058823529412,0.2647058823529412
cars,0,prevalence,1741,7060047060,0,0.0414812404954003,0.08200081346694221,0.2647058823529412,0.2647058823529412
cars,0,prevalence,1742,7060047060,0,6.939392853252957e-05,0.08200081346694221,0.2647058823529412,0.2647058823529412
cars,0,prevalence,1744,7060047060,0,0.0281022000539285,0.08200081346694221,0.2647058823529412,0.2647058823529412
cars,0,prevalence,1752,7060047060,0,0.008135524547084,0.08200081346694221,0.2647058823529412,0.2647058823529412
cars,0,prevalence,1753,7060047060,0,0.081779581668631,0.08200081346694221,0.2647058823529412,0.2647058823529412
cars,0,prevalence,1755,7060047060,1,0.0862991693401391,0.08200081346694221,0.2647058823529412,0.2647058823529412
cars,0,prevalence,1768,7060047060,0,0.004804907485352,0.08200081346694221,0.2647058823529412,0.2647058823529412
cars,0,prevalence,1777,7060047060,0,0.0004278595588302,0.08200081346694221,0.2647058823529412,0.2647058823529412
cars,0,prevalence,1848,7060047060,0,0.0165612630624406,0.08200081346694221,0.2647058823529412,0.2647058823529412
cars,0,prevalence,1864,7060047060,0,0.0287769156936809,0.08200081346694221,0.2647058823529412,0.2647058823529412
cars,0,prevalence,1869,7060047060,0,0.0378251853696521,0.08200081346694221,0.2647058823529412,0.2647058823529412
cars,0,prevalence,307,7060047060,0,0.0167122727062245,0.08200081346694221,0.2647058823529412,0.2647058823529412
cars,0,prevalence,319,7060047060,0,0.017265089085408,0.08200081346694221,0.2647058823529412,0.2647058823529412
cars,0,prevalence,355,7060047060,0,0.0289122392005982,0.08200081346694221,0.2647058823529412,0.2647058823529412
cars,0,prevalence,362,7060047060,1,0.2970313412970826,0.08200081346694221,0.2647058823529412,0.2647058823529412
cars,0,prevalence,364,7060047060,0,0.0233586684069946,0.08200081346694221,0.2647058823529412,0.2647058823529412
cars,0,prevalence,368,7060047060,0,0.0305242635014895,0.08200081346694221,0.2647058823529412,0.2647058823529412
cars,0,prevalence,373,7060047060,1,0.0979322277900432,0.08200081346694221,0.2647058823529412,0.2647058823529412
cars,0,prevalence,393,7060047060,0,0.0078793629647622,0.08200081346694221,0.2647058823529412,0.2647058823529412
cars,0,prevalence,398,7060047060,0,0.0379403787370544,0.08200081346694221,0.2647058823529412,0.2647058823529412
cars,0,prevalence,415,7060047060,0,0.0006483258473824,0.08200081346694221,0.2647058823529412,0.2647058823529412
cars,0,prevalence,416,7060047060,0,0.0283258349361294,0.08200081346694221,0.2647058823529412,0.2647058823529412
cars,0,prevalence,421,7060047060,1,0.1501854431192705,0.08200081346694221,0.2647058823529412,0.2647058823529412
cars,0,prevalence,500,7060047060,0,0.0312910088074188,0.08200081346694221,0.2647058823529412,0.2647058823529412
cars,0,prevalence,505,7060047060,0,0.0291599049096185,0.08200081346694221,0.2647058823529412,0.2647058823529412
cars,0,prevalence,511,7060047060,0,0.0346444285290709,0.08200081346694221,0.2647058823529412,0.2647058823529412
cars,0,prevalence,522,7060047060,0,0.0455050982747986,0.08200081346694221,0.2647058823529412,0.2647058823529412
cars,0,prevalence,530,7060047060,0,0.0261514358308528,0.08200081346694221,0.2647058823529412,0.2647058823529412
cars,0,prevalence,533,7060047060,0,0.0210403907257349,0.08200081346694221,0.2647058823529412,0.2647058823529412
cars,0,prevalence,7313,7060047060,0,0.0176918026159177,0.08200081346694221,0.2647058823529412,0.2647058823529412
cars,0,prevalence,7318,7060047060,0,0.0014272464761127,0.08200081346694221,0.2647058823529412,0.2647058823529412
cars,0,prevalence,753,7060047060,1,0.0900209738901938,0.08200081346694221,0.2647058823529412,0.2647058823529412
cars,0,prevalence,870,7060047060,1,0.1355543447164511,0.08200081346694221,0.2647058823529412,0.2647058823529412
cars,0,prevalence,882,7060047060,0,0.0450614139544786,0.08200081346694221,0.2647058823529412,0.2647058823529412
cars,0,prevalence,884,7060047060,0,0.000896241524768,0.08200081346694221,0.2647058823529412,0.2647058823529412
cars,0,prevalence,885,7060047060,1,0.0988607571722749,0.08200081346694221,0.2647058823529412,0.2647058823529412
cars,0,prevalence,895,7060047060,0,0.0049458013400307,0.08200081346694221,0.2647058823529412,0.2647058823529412
cars,0,prevalence,898,7060047060,1,0.299855153703045,0.08200081346694221,0.2647058823529412,0.2647058823529412
cars,0,prevalence,920,7060047060,0,0.0367084303101332,0.08200081346694221,0.2647058823529412,0.2647058823529412
cars,0,prevalence,931,7060047060,1,0.2587003094663184,0.08200081346694221,0.2647058823529412,0.2647058823529412
cars,0,prevalence,938,7060047060,1,0.4666173632902951,0.08200081346694221,0.2647058823529412,0.2647058823529412
cars,0,hydrology,1017,7060047060,0,0.0703469535187096,0.08200081346694221,0.23902307486497892,0.2647058823529412
cars,0,hydrology,1026,7060047060,0,0.0007842159792141,0.08200081346694221,0.1895552906373356,0.2647058823529412
cars,0,hydrology,1033,7060047060,0,0.0174476865667854,0.08200081346694221,0.1469023674027182,0.2647058823529412
cars,0,hydrology,1036,7060047060,0,7.859200398949162e-05,0.08200081346694221,0.24524801347372974,0.2647058823529412
cars,0,hydrology,1042,7060047060,0,0.0461680424387564,0.08200081346694221,0.18692374368694545,0.2647058823529412
cars,0,hydrology,1067,7060047060,0,0.0673197431439447,0.08200081346694221,0.0999770626473833,0.2647058823529412
cars,0,hydrology,1092,7060047060,0,0.076865233986902,0.08200081346694221,0.10317046387802922,0.2647058823529412
cars,0,hydrology,1101,7060047060,1,0.1179710089182047,0.08200081346694221,0.1857123722720365,0.2647058823529412
cars,0,hydrology,1112,7060047060,1,0.1106544748956852,0.08200081346694221,0.1647113155600431,0.2647058823529412
cars,0,hydrology,1121,7060047060,0,0.0668206862061397,0.08200081346694221,0.14670467859217834,0.2647058823529412
cars,0,hydrology,1122,7060047060,0,0.0596448744438967,0.08200081346694221,0.11526929283116027,0.2647058823529412
cars,0,hydrology,1125,7060047060,0,0.0668206862061397,0.08200081346694221,0.14670467859217834,0.2647058823529412
cars,0,hydrology,1127,7060047060,0,0.0792308638992095,0.08200081346694221,0.1074099598662602,0.2647058823529412
cars,0,hydrology,1192,7060047060,0,0.0443776667499565,0.08200081346694221,0.260750533764908,0.2647058823529412
cars,0,hydrology,1586,7060047060,0,0.0302959028184105,0.08200081346694221,0.2342103158722521,0.2647058823529412
cars,0,hydrology,1587,7060047060,0,0.0072631662205354,0.08200081346694221,0.16435238800210294,0.2647058823529412
cars,0,hydrology,1592,7060047060,1,0.120439220737386,0.08200081346694221,0.1911506702816942,0.2647058823529412
cars,0,hydrology,1595,7060047060,0,0.0629268646081044,0.08200081346694221,0.29524372118641007,0.2647058823529412
cars,0,hydrology,1600,7060047060,0,0.0188979676244183,0.08200081346694221,0.21886581770380129,0.2647058823529412
cars,0,hydrology,1617,7060047060,0,0.0545475103931069,0.08200081346694221,0.1708805806957546,0.2647058823529412
cars,0,hydrology,1619,7060047060,1,0.0919133858665782,0.08200081346694221,0.20814213025553596,0.2647058823529412
cars,0,hydrology,1620,7060047060,0,0.0264329880952052,0.08200081346694221,0.23446362648035712,0.2647058823529412
cars,0,hydrology,1631,7060047060,0,0.0669330418568217,0.08200081346694221,0.22961901905321505,0.2647058823529412
cars,0,hydrology,1634,7060047060,0,0.0279118975549064,0.08200081346694221,0.24919829844286917,0.2647058823529412
cars,0,hydrology,1636,7060047060,1,0.0908452618975397,0.08200081346694221,0.12555258019604723,0.2647058823529412
cars,0,hydrology,1645,7060047060,0,0.0320311356139694,0.08200081346694221,0.12122094376309882,0.2647058823529412
cars,0,hydrology,1650,7060047060,0,0.0810070955464334,0.08200081346694221,0.17204916753284022,0.2647058823529412
cars,0,hydrology,1654,7060047060,0,0.0068242487804468,0.08200081346694221,0.13162719660199654,0.2647058823529412
cars,0,hydrology,1655,7060047060,0,0.0005387075569807,0.08200081346694221,0.15410534072866858,0.2647058823529412
cars,0,hydrology,1656,7060047060,0,0.0367503132460737,0.08200081346694221,0.24540566330468724,0.2647058823529412
cars,0,hydrology,1683,7060047060,0,0.0732766253363531,0.08200081346694221,0.10572121351388629,0.2647058823529412
cars,0,hydrology,1691,7060047060,0,0.0498672675817963,0.08200081346694221,0.21873265020805924,0.2647058823529412
cars,0,hydrology,1699,7060047060,0,0.0037258322988919,0.08200081346694221,0.2688085978174645,0.2647058823529412
cars,0,hydrology,1703,7060047060,1,0.1266105089661593,0.08200081346694221,0.09034433076930956,0.2647058823529412
cars,0,hydrology,1706,7060047060,0,0.0047373294099653,0.08200081346694221,0.26225282304197634,0.2647058823529412
cars,0,hydrology,1707,7060047060,0,0.0387792990147741,0.08200081346694221,0.14168294687956898,0.2647058823529412
cars,0,hydrology,1709,7060047060,0,0.0161603183465146,0.08200081346694221,0.2588935775122753,0.2647058823529412
cars,0,hydrology,1712,7060047060,0,0.0275684141774626,0.08200081346694221,0.1967467914574608,0.2647058823529412
cars,0,hydrology,1713,7060047060,0,0.0686409242059476,0.08200081346694221,0.17922808748255317,0.2647058823529412
cars,0,hydrology,1714,7060047060,0,0.0583394920970634,0.08200081346694221,0.1658920697099948,0.2647058823529412
cars,0,hydrology,1718,7060047060,0,0.033867750091752,0.08200081346694221,0.10439165810960561,0.2647058823529412
cars,0,hydrology,1723,7060047060,0,0.0179999068401603,0.08200081346694221,0.20177711491839662,0.2647058823529412
cars,0,hydrology,1726,7060047060,0,0.0199979692301591,0.08200081346694221,0.21049121685848585,0.2647058823529412
cars,0,hydrology,1735,7060047060,0,0.009343588533751,0.08200081346694221,0.2628542751043884,0.2647058823529412
cars,0,hydrology,1739,7060047060,0,0.0082993042765104,0.08200081346694221,0.18052554776408972,0.2647058823529412
cars,0,hydrology,1740,7060047060,0,0.0269665143682903,0.08200081346694221,0.25019827152650137,0.2647058823529412
cars,0,hydrology,1741,7060047060,0,0.0414812404954003,0.08200081346694221,0.16633894832735666,0.2647058823529412
cars,0,hydrology,1742,7060047060,0,6.939392853252957e-05,0.08200081346694221,0.2491521712118465,0.2647058823529412
cars,0,hydrology,1744,7060047060,0,0.0281022000539285,0.08200081346694221,0.1549556868025521,0.2647058823529412
cars,0,hydrology,1752,7060047060,0,0.008135524547084,0.08200081346694221,0.29277804162922294,0.2647058823529412
cars,0,hydrology,1753,7060047060,0,0.081779581668631,0.08200081346694221,0.2460490875507346,0.2647058823529412
cars,0,hydrology,1755,7060047060,1,0.0862991693401391,0.08200081346694221,0.11893119079472515,0.2647058823529412
cars,0,hydrology,1768,7060047060,0,0.004804907485352,0.08200081346694221,0.2919555089142374,0.2647058823529412
cars,0,hydrology,1777,7060047060,0,0.0004278595588302,0.08200081346694221,0.14216852335274668,0.2647058823529412
cars,0,hydrology,1848,7060047060,0,0.0165612630624406,0.08200081346694221,0.13148060719620444,0.2647058823529412
cars,0,hydrology,1864,7060047060,0,0.0287769156936809,0.08200081346694221,0.16027896481026824,0.2647058823529412
cars,0,hydrology,1869,7060047060,0,0.0378251853696521,0.08200081346694221,0.06816342169903651,0.2647058823529412
cars,0,hydrology,307,7060047060,0,0.0167122727062245,0.08200081346694221,0.3139941494359599,0.2647058823529412
cars,0,hydrology,319,7060047060,0,0.017265089085408,0.08200081346694221,0.26698971741251376,0.2647058823529412
cars,0,hydrology,355,7060047060,0,0.0289122392005982,0.08200081346694221,0.2570111484335866,0.2647058823529412
cars,0,hydrology,362,7060047060,1,0.2970313412970826,0.08200081346694221,0.18502692327631656,0.2647058823529412
cars,0,hydrology,364,7060047060,0,0.0233586684069946,0.08200081346694221,0.31073417455842783,0.2647058823529412
cars,0,hydrology,368,7060047060,0,0.0305242635014895,0.08200081346694221,0.3040666584490851,0.2647058823529412
cars,0,hydrology,373,7060047060,1,0.0979322277900432,0.08200081346694221,0.16601302358662476,0.2647058823529412
cars,0,hydrology,393,7060047060,0,0.0078793629647622,0.08200081346694221,0.24242015641722522,0.2647058823529412
cars,0,hydrology,398,7060047060,0,0.0379403787370544,0.08200081346694221,0.2566358487053246,0.2647058823529412
cars,0,hydrology,415,7060047060,0,0.0006483258473824,0.08200081346694221,0.3042416853504687,0.2647058823529412
cars,0,hydrology,416,7060047060,0,0.0283258349361294,0.08200081346694221,0.28336390367817116,0.2647058823529412
cars,0,hydrology,421,7060047060,1,0.1501854431192705,0.08200081346694221,0.2350158278335439,0.2647058823529412
cars,0,hydrology,500,7060047060,0,0.0312910088074188,0.08200081346694221,0.2327532932612489,0.2647058823529412
cars,0,hydrology,505,7060047060,0,0.0291599049096185,0.08200081346694221,0.28836903311168793,0.2647058823529412
cars,0,hydrology,511,7060047060,0,0.0346444285290709,0.08200081346694221,0.2750254298106158,0.2647058823529412
cars,0,hydrology,522,7060047060,0,0.0455050982747986,0.08200081346694221,0.32454793014668565,0.2647058823529412
cars,0,hydrology,530,7060047060,0,0.0261514358308528,0.08200081346694221,0.30318301704668504,0.2647058823529412
cars,0,hydrology,533,7060047060,0,0.0210403907257349,0.08200081346694221,0.3637074205175606,0.2647058823529412
cars,0,hydrology,7313,7060047060,0,0.0176918026159177,0.08200081346694221,0.27882923467481546,0.2647058823529412
cars,0,hydrology,7318,7060047060,0,0.0014272464761127,0.08200081346694221,0.3002448075865209,0.2647058823529412
cars,0,hydrology,753,7060047060,1,0.0900209738901938,0.08200081346694221,0.26723725627272105,0.2647058823529412
cars,0,hydrology,870,7060047060,1,0.1355543447164511,0.08200081346694221,0.26025186385597515,0.2647058823529412
cars,0,hydrology,882,7060047060,0,0.0450614139544786,0.08200081346694221,0.31480104405314424,0.2647058823529412
cars,0,hydrology,884,7060047060,0,0.000896241524768,0.08200081346694221,0.30580188141548487,0.2647058823529412
cars,0,hydrology,885,7060047060,1,0.0988607571722749,0.08200081346694221,0.28970490408199256,0.2647058823529412
cars,0,hydrology,895,7060047060,0,0.0049458013400307,0.08200081346694221,0.32500598895228155,0.2647058823529412
cars,0,hydrology,898,7060047060,1,0.299855153703045,0.08200081346694221,0.11845979552964461,0.2647058823529412
cars,0,hydrology,920,7060047060,0,0.0367084303101332,0.08200081346694221,0.32302764247191934,0.2647058823529412
cars,0,hydrology,931,7060047060,1,0.2587003094663184,0.08200081346694221,0.06196427372775334,0.2647058823529412
cars,0,hydrology,938,7060047060,1,0.4666173632902951,0.08200081346694221,0.05874866842309531,0.2647058823529412
cars,0,storage,1017,7060047060,0,0.0703469535187096,0.08200081346694221,0.25123470906381307,0.2647058823529412
cars,0,storage,1026,7060047060,0,0.0007842159792141,0.08200081346694221,0.20896788971833852,0.2647058823529412
cars,0,storage,1033,7060047060,0,0.0174476865667854,0.08200081346694221,0.3252377043991562,0.2647058823529412
cars,0,storage,1036,7060047060,0,7.859200398949162e-05,0.08200081346694221,0.3254988991473691,0.2647058823529412
cars,0,storage,1042,7060047060,0,0.0461680424387564,0.08200081346694221,0.25243167826796065,0.2647058823529412
cars,0,storage,1067,7060047060,0,0.0673197431439447,0.08200081346694221,0.29592723221094724,0.2647058823529412
cars,0,storage,1092,7060047060,0,0.076865233986902,0.08200081346694221,0.18482978148720455,0.2647058823529412
cars,0,storage,1101,7060047060,1,0.1179710089182047,0.08200081346694221,0.297807993780223,0.2647058823529412
cars,0,storage,1112,7060047060,1,0.1106544748956852,0.08200081346694221,0.1533934224022597,0.2647058823529412
cars,0,storage,1121,7060047060,0,0.0668206862061397,0.08200081346694221,0.16129630972365416,0.2647058823529412
cars,0,storage,1122,7060047060,0,0.0596448744438967,0.08200081346694221,0.05862800444075585,0.2647058823529412
cars,0,storage,1125,7060047060,0,0.0668206862061397,0.08200081346694221,0.16129630972365416,0.2647058823529412
cars,0,storage,1127,7060047060,0,0.0792308638992095,0.08200081346694221,0.8161160287013468,0.2647058823529412
cars,0,storage,1192,7060047060,0,0.0443776667499565,0.08200081346694221,0.007277647496530707,0.2647058823529412
cars,0,storage,1586,7060047060,0,0.0302959028184105,0.08200081346694221,0.8161160287013468,0.2647058823529412
cars,0,storage,1587,7060047060,0,0.0072631662205354,0.08200081346694221,0.8161160287013468,0.2647058823529412
cars,0,storage,1592,7060047060,1,0.120439220737386,0.08200081346694221,0.8161160287013468,0.2647058823529412
cars,0,storage,1595,7060047060,0,0.0629268646081044,0.08200081346694221,0.42136133933561026,0.2647058823529412
cars,0,storage,1600,7060047060,0,0.0188979676244183,0.08200081346694221,0.07427309623168292,0.2647058823529412
cars,0,storage,1617,7060047060,0,0.0545475103931069,0.08200081346694221,0.5148173987496014,0.2647058823529412
cars,0,storage,1619,7060047060,1,0.0919133858665782,0.08200081346694221,0.4145470187536343,0.2647058823529412
cars,0,storage,1620,7060047060,0,0.0264329880952052,0.08200081346694221,0.3242357877038964,0.2647058823529412
cars,0,storage,1631,7060047060,0,0.0669330418568217,0.08200081346694221,0.0831335544495892,0.2647058823529412
cars,0,storage,1634,7060047060,0,0.0279118975549064,0.08200081346694221,0.8161160287013468,0.2647058823529412
cars,0,storage,1636,7060047060,1,0.0908452618975397,0.08200081346694221,0.3876625069357744,0.2647058823529412
cars,0,storage,1645,7060047060,0,0.0320311356139694,0.08200081346694221,0.8161160287013468,0.2647058823529412
cars,0,storage,1650,7060047060,0,0.0810070955464334,0.08200081346694221,0.04177945049527091,0.2647058823529412
cars,0,storage,1654,7060047060,0,0.0068242487804468,0.08200081346694221,0.8161160287013468,0.2647058823529412
cars,0,storage,1655,7060047060,0,0.0005387075569807,0.08200081346694221,0.8161160287013468,0.2647058823529412
cars,0,storage,1656,7060047060,0,0.0367503132460737,0.08200081346694221,0.8161160287013468,0.2647058823529412
cars,0,storage,1683,7060047060,0,0.0732766253363531,0.08200081346694221,0.8161160287013468,0.2647058823529412
cars,0,storage,1691,7060047060,0,0.0498672675817963,0.08200081346694221,0.5174207095722215,0.2647058823529412
cars,0,storage,1699,7060047060,0,0.0037258322988919,0.08200081346694221,0.6411405608720826,0.2647058823529412
cars,0,storage,1703,7060047060,1,0.1266105089661593,0.08200081346694221,0.8161160287013468,0.2647058823529412
cars,0,storage,1706,7060047060,0,0.0047373294099653,0.08200081346694221,0.17306516790799525,0.2647058823529412
cars,0,storage,1707,7060047060,0,0.0387792990147741,0.08200081346694221,0.3108262500588513,0.2647058823529412
cars,0,storage,1709,7060047060,0,0.0161603183465146,0.08200081346694221,0.6727818851257986,0.2647058823529412
cars,0,storage,1712,7060047060,0,0.0275684141774626,0.08200081346694221,0.39636105302573116,0.2647058823529412
cars,0,storage,1713,7060047060,0,0.0686409242059476,0.08200081346694221,0.3194367604407682,0.2647058823529412
cars,0,storage,1714,7060047060,0,0.0583394920970634,0.08200081346694221,0.8161160287013468,0.2647058823529412
cars,0,storage,1718,7060047060,0,0.033867750091752,0.08200081346694221,0.8161160287013468,0.2647058823529412
cars,0,storage,1723,7060047060,0,0.0179999068401603,0.08200081346694221,0.0476616809240979,0.2647058823529412
cars,0,storage,1726,7060047060,0,0.0199979692301591,0.08200081346694221,0.2213305871585027,0.2647058823529412
cars,0,storage,1735,7060047060,0,0.009343588533751,0.08200081346694221,0.41389332707581344,0.2647058823529412
cars,0,storage,1739,7060047060,0,0.0082993042765104,0.08200081346694221,0.8161160287013468,0.2647058823529412
cars,0,storage,1740,7060047060,0,0.0269665143682903,0.08200081346694221,0.8161160287013468,0.2647058823529412
cars,0,storage,1741,7060047060,0,0.0414812404954003,0.08200081346694221,0.8161160287013468,0.2647058823529412
cars,0,storage,1742,7060047060,0,6.939392853252957e-05,0.08200081346694221,0.5100379600124483,0.2647058823529412
cars,0,storage,1744,7060047060,0,0.0281022000539285,0.08200081346694221,0.8161160287013468,0.2647058823529412
cars,0,storage,1752,7060047060,0,0.008135524547084,0.08200081346694221,0.336662881485254,0.2647058823529412
cars,0,storage,1753,7060047060,0,0.081779581668631,0.08200081346694221,0.4663061211365169,0.2647058823529412
cars,0,storage,1755,7060047060,1,0.0862991693401391,0.08200081346694221,0.5267663903519967,0.2647058823529412
cars,0,storage,1768,7060047060,0,0.004804907485352,0.08200081346694221,0.09425123573473183,0.2647058823529412
cars,0,storage,1777,7060047060,0,0.0004278595588302,0.08200081346694221,0.1960952682396745,0.2647058823529412
cars,0,storage,1848,7060047060,0,0.0165612630624406,0.08200081346694221,0.4511671532108928,0.2647058823529412
cars,0,storage,1864,7060047060,0,0.0287769156936809,0.08200081346694221,0.432929122861581,0.2647058823529412
cars,0,storage,1869,7060047060,0,0.0378251853696521,0.08200081346694221,0.4396638566079864,0.2647058823529412
cars,0,storage,307,7060047060,0,0.0167122727062245,0.08200081346694221,0.9999998896007265,0.2647058823529412
cars,0,storage,319,7060047060,0,0.017265089085408,0.08200081346694221,0.0185345215303736,0.2647058823529412
cars,0,storage,355,7060047060,0,0.0289122392005982,0.08200081346694221,0.1086969658513266,0.2647058823529412
cars,0,storage,362,7060047060,1,0.2970313412970826,0.08200081346694221,0.059571434915678394,0.2647058823529412
cars,0,storage,364,7060047060,0,0.0233586684069946,0.08200081346694221,0.2624979910824826,0.2647058823529412
cars,0,storage,368,7060047060,0,0.0305242635014895,0.08200081346694221,0.03792141947608321,0.2647058823529412
cars,0,storage,373,7060047060,1,0.0979322277900432,0.08200081346694221,0.11395961811822773,0.2647058823529412
cars,0,storage,393,7060047060,0,0.0078793629647622,0.08200081346694221,0.1792416598170945,0.2647058823529412
cars,0,storage,398,7060047060,0,0.0379403787370544,0.08200081346694221,0.06426555043882144,0.2647058823529412
cars,0,storage,415,7060047060,0,0.0006483258473824,0.08200081346694221,0.02154732452443443,0.2647058823529412
cars,0,storage,416,7060047060,0,0.0283258349361294,0.08200081346694221,0.7149119259632913,0.2647058823529412
cars,0,storage,421,7060047060,1,0.1501854431192705,0.08200081346694221,0.5186100881238466,0.2647058823529412
cars,0,storage,500,7060047060,0,0.0312910088074188,0.08200081346694221,0.26833431654397844,0.2647058823529412
cars,0,storage,505,7060047060,0,0.0291599049096185,0.08200081346694221,0.13559045435312728,0.2647058823529412
cars,0,storage,511,7060047060,0,0.0346444285290709,0.08200081346694221,0.21960439004583618,0.2647058823529412
cars,0,storage,522,7060047060,0,0.0455050982747986,0.08200081346694221,0.1076770041315478,0.2647058823529412
cars,0,storage,530,7060047060,0,0.0261514358308528,0.08200081346694221,0.13209587852330737,0.2647058823529412
cars,0,storage,533,7060047060,0,0.0210403907257349,0.08200081346694221,0.1861570206943687,0.2647058823529412
cars,0,storage,7313,7060047060,0,0.0176918026159177,0.08200081346694221,0.28299390689379555,0.2647058823529412
cars,0,storage,7318,7060047060,0,0.0014272464761127,0.08200081346694221,0.7374538778015578,0.2647058823529412
cars,0,storage,753,7060047060,1,0.0900209738901938,0.08200081346694221,0.999999301718064,0.2647058823529412
cars,0,storage,870,7060047060,1,0.1355543447164511,0.08200081346694221,0.9999881344842506,0.2647058823529412
cars,0,storage,882,7060047060,0,0.0450614139544786,0.08200081346694221,0.10986682033993,0.2647058823529412
cars,0,storage,884,7060047060,0,0.000896241524768,0.08200081346694221,0.4622435937226201,0.2647058823529412
cars,0,storage,885,7060047060,1,0.0988607571722749,0.08200081346694221,0.061873345021027294,0.2647058823529412
cars,0,storage,895,7060047060,0,0.0049458013400307,0.08200081346694221,0.7902830898937343,0.2647058823529412
cars,0,storage,898,7060047060,1,0.299855153703045,0.08200081346694221,0.058677567044940475,0.2647058823529412
cars,0,storage,920,7060047060,0,0.0367084303101332,0.08200081346694221,0.0668966269020599,0.2647058823529412
cars,0,storage,931,7060047060,1,0.2587003094663184,0.08200081346694221,0.10521383472617317,0.2647058823529412
cars,0,storage,938,7060047060,1,0.4666173632902951,0.08200081346694221,0.3219338996748221,0.2647058823529412
cars,0,combined,1017,7060047060,0,0.0703469535187096,0.08200081346694221,0.29480464767528947,0.2647058823529412
cars,0,combined,1026,7060047060,0,0.0007842159792141,0.08200081346694221,0.1396557492922585,0.2647058823529412
cars,0,combined,1033,7060047060,0,0.0174476865667854,0.08200081346694221,0.2637078741777371,0.2647058823529412
cars,0,combined,1036,7060047060,0,7.859200398949162e-05,0.08200081346694221,0.30531824017718207,0.2647058823529412
cars,0,combined,1042,7060047060,0,0.0461680424387564,0.08200081346694221,0.20065168390882712,0.2647058823529412
cars,0,combined,1067,7060047060,0,0.0673197431439447,0.08200081346694221,0.10459285976051012,0.2647058823529412
cars,0,combined,1092,7060047060,0,0.076865233986902,0.08200081346694221,0.11352443716292819,0.2647058823529412
cars,0,combined,1101,7060047060,1,0.1179710089182047,0.08200081346694221,0.210431698432751,0.2647058823529412
cars,0,combined,1112,7060047060,1,0.1106544748956852,0.08200081346694221,0.10116509907219887,0.2647058823529412
cars,0,combined,1121,7060047060,0,0.0668206862061397,0.08200081346694221,0.08146909573619326,0.2647058823529412
cars,0,combined,1122,7060047060,0,0.0596448744438967,0.08200081346694221,0.02661312542166502,0.2647058823529412
cars,0,combined,1125,7060047060,0,0.0668206862061397,0.08200081346694221,0.08146909573619326,0.2647058823529412
cars,0,combined,1127,7060047060,0,0.0792308638992095,0.08200081346694221,0.6586846764137704,0.2647058823529412
cars,0,combined,1192,7060047060,0,0.0443776667499565,0.08200081346694221,0.00738901207678553,0.2647058823529412
cars,0,combined,1586,7060047060,0,0.0302959028184105,0.08200081346694221,0.8503396132004218,0.2647058823529412
cars,0,combined,1587,7060047060,0,0.0072631662205354,0.08200081346694221,0.7400418023050507,0.2647058823529412
cars,0,combined,1592,7060047060,1,0.120439220737386,0.08200081346694221,0.7443399791906692,0.2647058823529412
cars,0,combined,1595,7060047060,0,0.0629268646081044,0.08200081346694221,0.8187219725350295,0.2647058823529412
cars,0,combined,1600,7060047060,0,0.0188979676244183,0.08200081346694221,0.06657449095364391,0.2647058823529412
cars,0,combined,1617,7060047060,0,0.0545475103931069,0.08200081346694221,0.37608157532397624,0.2647058823529412
cars,0,combined,1619,7060047060,1,0.0919133858665782,0.08200081346694221,0.3531305084406488,0.2647058823529412
cars,0,combined,1620,7060047060,0,0.0264329880952052,0.08200081346694221,0.26138113009814307,0.2647058823529412
cars,0,combined,1631,7060047060,0,0.0669330418568217,0.08200081346694221,0.10864793869466895,0.2647058823529412
cars,0,combined,1634,7060047060,0,0.0279118975549064,0.08200081346694221,0.8472321018500346,0.2647058823529412
cars,0,combined,1636,7060047060,1,0.0908452618975397,0.08200081346694221,0.2203908626178434,0.2647058823529412
cars,0,combined,1645,7060047060,0,0.0320311356139694,0.08200081346694221,0.6834095076405688,0.2647058823529412
cars,0,combined,1650,7060047060,0,0.0810070955464334,0.08200081346694221,0.033059413954739054,0.2647058823529412
cars,0,combined,1654,7060047060,0,0.0068242487804468,0.08200081346694221,0.5685514352023654,0.2647058823529412
cars,0,combined,1655,7060047060,0,0.0005387075569807,0.08200081346694221,0.7341571090487635,0.2647058823529412
cars,0,combined,1656,7060047060,0,0.0367503132460737,0.08200081346694221,0.8556871322486798,0.2647058823529412
cars,0,combined,1683,7060047060,0,0.0732766253363531,0.08200081346694221,0.7034803646388474,0.2647058823529412
cars,0,combined,1691,7060047060,0,0.0498672675817963,0.08200081346694221,0.5304439380785013,0.2647058823529412
cars,0,combined,1699,7060047060,0,0.0037258322988919,0.08200081346694221,0.701107541530856,0.2647058823529412
cars,0,combined,1703,7060047060,1,0.1266105089661593,0.08200081346694221,0.6230520757628375,0.2647058823529412
cars,0,combined,1706,7060047060,0,0.0047373294099653,0.08200081346694221,0.2567167875831389,0.2647058823529412
cars,0,combined,1707,7060047060,0,0.0387792990147741,0.08200081346694221,0.20595252331361452,0.2647058823529412
cars,0,combined,1709,7060047060,0,0.0161603183465146,0.08200081346694221,0.7472696770794075,0.2647058823529412
cars,0,combined,1712,7060047060,0,0.0275684141774626,0.08200081346694221,0.4265081320650414,0.2647058823529412
cars,0,combined,1713,7060047060,0,0.0686409242059476,0.08200081346694221,0.25914475817234084,0.2647058823529412
cars,0,combined,1714,7060047060,0,0.0583394920970634,0.08200081346694221,0.756164510563129,0.2647058823529412
cars,0,combined,1718,7060047060,0,0.033867750091752,0.08200081346694221,0.6307394436371231,0.2647058823529412
cars,0,combined,1723,7060047060,0,0.0179999068401603,0.08200081346694221,0.0445519429268947,0.2647058823529412
cars,0,combined,1726,7060047060,0,0.0199979692301591,0.08200081346694221,0.2289723894275047,0.2647058823529412
cars,0,combined,1735,7060047060,0,0.009343588533751,0.08200081346694221,0.48948023218386427,0.2647058823529412
cars,0,combined,1739,7060047060,0,0.0082993042765104,0.08200081346694221,0.7845943124104421,0.2647058823529412
cars,0,combined,1740,7060047060,0,0.0269665143682903,0.08200081346694221,0.8482255567769335,0.2647058823529412
cars,0,combined,1741,7060047060,0,0.0414812404954003,0.08200081346694221,0.7944272206405179,0.2647058823529412
cars,0,combined,1742,7060047060,0,6.939392853252957e-05,0.08200081346694221,0.5800786245279571,0.2647058823529412
cars,0,combined,1744,7060047060,0,0.0281022000539285,0.08200081346694221,0.7952921898183701,0.2647058823529412
cars,0,combined,1752,7060047060,0,0.008135524547084,0.08200081346694221,0.40091287065503634,0.2647058823529412
cars,0,combined,1753,7060047060,0,0.081779581668631,0.08200081346694221,0.43335367234113154,0.2647058823529412
cars,0,combined,1755,7060047060,1,0.0862991693401391,0.08200081346694221,0.3213551822140461,0.2647058823529412
cars,0,combined,1768,7060047060,0,0.004804907485352,0.08200081346694221,0.12068359408307643,0.2647058823529412
cars,0,combined,1777,7060047060,0,0.0004278595588302,0.08200081346694221,0.10014205025066535,0.2647058823529412
cars,0,combined,1848,7060047060,0,0.0165612630624406,0.08200081346694221,0.2128468503778982,0.2647058823529412
cars,0,combined,1864,7060047060,0,0.0287769156936809,0.08200081346694221,0.2715957613733588,0.2647058823529412
cars,0,combined,1869,7060047060,0,0.0378251853696521,0.08200081346694221,0.09162638612615222,0.2647058823529412
cars,0,combined,307,7060047060,0,0.0167122727062245,0.08200081346694221,0.9999998134430687,0.2647058823529412
cars,0,combined,319,7060047060,0,0.017265089085408,0.08200081346694221,0.036681902462542104,0.2647058823529412
cars,0,combined,355,7060047060,0,0.0289122392005982,0.08200081346694221,0.09819700312568441,0.2647058823529412
cars,0,combined,362,7060047060,1,0.2970313412970826,0.08200081346694221,0.014564206015463833,0.2647058823529412
cars,0,combined,364,7060047060,0,0.0233586684069946,0.08200081346694221,0.26095363289116197,0.2647058823529412
cars,0,combined,368,7060047060,0,0.0305242635014895,0.08200081346694221,0.038000047216255016,0.2647058823529412
cars,0,combined,373,7060047060,1,0.0979322277900432,0.08200081346694221,0.06397920406221183,0.2647058823529412
cars,0,combined,393,7060047060,0,0.0078793629647622,0.08200081346694221,0.1764836616339423,0.2647058823529412
cars,0,combined,398,7060047060,0,0.0379403787370544,0.08200081346694221,0.1041063099624468,0.2647058823529412
cars,0,combined,415,7060047060,0,0.0006483258473824,0.08200081346694221,0.029518792479839795,0.2647058823529412
cars,0,combined,416,7060047060,0,0.0283258349361294,0.08200081346694221,0.6245140894759097,0.2647058823529412
cars,0,combined,421,7060047060,1,0.1501854431192705,0.08200081346694221,0.4339796250847223,0.2647058823529412
cars,0,combined,500,7060047060,0,0.0312910088074188,0.08200081346694221,0.26168877376631816,0.2647058823529412
cars,0,combined,505,7060047060,0,0.0291599049096185,0.08200081346694221,0.12888079519565662,0.2647058823529412
cars,0,combined,511,7060047060,0,0.0346444285290709,0.08200081346694221,0.2638199747382005,0.2647058823529412
cars,0,combined,522,7060047060,0,0.0455050982747986,0.08200081346694221,0.1306296255666334,0.2647058823529412
cars,0,combined,530,7060047060,0,0.0261514358308528,0.08200081346694221,0.1368728087961909,0.2647058823529412
cars,0,combined,533,7060047060,0,0.0210403907257349,0.08200081346694221,0.2298839046372954,0.2647058823529412
cars,0,combined,7313,7060047060,0,0.0176918026159177,0.08200081346694221,0.26380924339312134,0.2647058823529412
cars,0,combined,7318,7060047060,0,0.0014272464761127,0.08200081346694221,0.7956070156701976,0.2647058823529412
cars,0,combined,753,7060047060,1,0.0900209738901938,0.08200081346694221,0.9999984628946795,0.2647058823529412
cars,0,combined,870,7060047060,1,0.1355543447164511,0.08200081346694221,0.9999711976093651,0.2647058823529412
cars,0,combined,882,7060047060,0,0.0450614139544786,0.08200081346694221,0.09561344426731168,0.2647058823529412
cars,0,combined,884,7060047060,0,0.000896241524768,0.08200081346694221,0.48742935890611344,0.2647058823529412
cars,0,combined,885,7060047060,1,0.0988607571722749,0.08200081346694221,0.037885046207794704,0.2647058823529412
cars,0,combined,895,7060047060,0,0.0049458013400307,0.08200081346694221,0.8309961594029317,0.2647058823529412
cars,0,combined,898,7060047060,1,0.299855153703045,0.08200081346694221,0.012090589429977934,0.2647058823529412
cars,0,combined,920,7060047060,0,0.0367084303101332,0.08200081346694221,0.08957396461971609,0.2647058823529412
cars,0,combined,931,7060047060,1,0.2587003094663184,0.08200081346694221,0.02775327046283851,0.2647058823529412
cars,0,combined,938,7060047060,1,0.4666173632902951,0.08200081346694221,0.04016643182295058,0.2647058823529412
cars,1,prevalence,419,7060008710,1,0.070748887784105,0.062030632177686104,0.2524271844660194,0.2524271844660194
cars,1,prevalence,423,7060008710,1,0.0671620497069183,0.062030632177686104,0.2524271844660194,0.2524271844660194
cars,1,prevalence,445,7060008710,0,0.0323684436223574,0.062030632177686104,0.2524271844660194,0.2524271844660194
cars,1,prevalence,448,7060008710,0,0.0074437497360604,0.062030632177686104,0.2524271844660194,0.2524271844660194
cars,1,prevalence,451,7060008710,1,0.0844457777043778,0.062030632177686104,0.2524271844660194,0.2524271844660194
cars,1,prevalence,469,7060008710,0,0.0122133948598889,0.062030632177686104,0.2524271844660194,0.2524271844660194
cars,1,prevalence,470,7060008710,0,0.0148375091210567,0.062030632177686104,0.2524271844660194,0.2524271844660194
cars,1,prevalence,488,7060008710,1,0.1068485735936065,0.062030632177686104,0.2524271844660194,0.2524271844660194
cars,1,prevalence,497,7060008710,1,0.0959212228585117,0.062030632177686104,0.2524271844660194,0.2524271844660194
cars,1,prevalence,502,7060008710,1,0.0768897575528199,0.062030632177686104,0.2524271844660194,0.2524271844660194
cars,1,prevalence,509,7060008710,1,0.1286672577742292,0.062030632177686104,0.2524271844660194,0.2524271844660194
cars,1,prevalence,517,7060008710,0,0.0289665383060959,0.062030632177686104,0.2524271844660194,0.2524271844660194
cars,1,prevalence,518,7060008710,0,0.0047766596503193,0.062030632177686104,0.2524271844660194,0.2524271844660194
cars,1,prevalence,531,7060008710,0,0.054296872498249,0.062030632177686104,0.2524271844660194,0.2524271844660194
cars,1,prevalence,536,7060008710,0,0.00833629737436,0.062030632177686104,0.2524271844660194,0.2524271844660194
cars,1,prevalence,541,7060008710,0,0.0307267947834394,0.062030632177686104,0.2524271844660194,0.2524271844660194
cars,1,prevalence,542,7060008710,0,0.0243209572598582,0.062030632177686104,0.2524271844660194,0.2524271844660194
cars,1,prevalence,549,7060008710,0,0.04353458867528,0.062030632177686104,0.2524271844660194,0.2524271844660194
cars,1,prevalence,567,7060008710,1,0.091537667904291,0.062030632177686104,0.2524271844660194,0.2524271844660194
cars,1,prevalence,574,7060008710,0,0.0515166191760526,0.062030632177686104,0.2524271844660194,0.2524271844660194
cars,1,prevalence,575,7060008710,1,0.1069511322114142,0.062030632177686104,0.2524271844660194,0.2524271844660194
cars,1,prevalence,597,7060008710,0,0.0258524754079326,0.062030632177686104,0.2524271844660194,0.2524271844660194
cars,1,prevalence,601,7060008710,0,0.0506432326614044,0.062030632177686104,0.2524271844660194,0.2524271844660194
cars,1,hydrology,419,7060008710,1,0.070748887784105,0.062030632177686104,0.3893132917928447,0.2524271844660194
cars,1,hydrology,423,7060008710,1,0.0671620497069183,0.062030632177686104,0.1585338311516225,0.2524271844660194
cars,1,hydrology,445,7060008710,0,0.0323684436223574,0.062030632177686104,0.20558745955761423,0.2524271844660194
cars,1,hydrology,448,7060008710,0,0.0074437497360604,0.062030632177686104,0.3921176975874988,0.2524271844660194
cars,1,hydrology,451,7060008710,1,0.0844457777043778,0.062030632177686104,0.23095349499703705,0.2524271844660194
cars,1,hydrology,469,7060008710,0,0.0122133948598889,0.062030632177686104,0.2498266739353712,0.2524271844660194
cars,1,hydrology,470,7060008710,0,0.0148375091210567,0.062030632177686104,0.883972125358904,0.2524271844660194
cars,1,hydrology,488,7060008710,1,0.1068485735936065,0.062030632177686104,0.2285276560593503,0.2524271844660194
cars,1,hydrology,497,7060008710,1,0.0959212228585117,0.062030632177686104,0.40685768878533246,0.2524271844660194
cars,1,hydrology,502,7060008710,1,0.0768897575528199,0.062030632177686104,0.17902235886814383,0.2524271844660194
cars,1,hydrology,509,7060008710,1,0.1286672577742292,0.062030632177686104,0.28853169278423235,0.2524271844660194
cars,1,hydrology,517,7060008710,0,0.0289665383060959,0.062030632177686104,0.1767418181193899,0.2524271844660194
cars,1,hydrology,518,7060008710,0,0.0047766596503193,0.062030632177686104,0.18977399784424515,0.2524271844660194
cars,1,hydrology,531,7060008710,0,0.054296872498249,0.062030632177686104,0.45498863221080643,0.2524271844660194
cars,1,hydrology,536,7060008710,0,0.00833629737436,0.062030632177686104,0.17375078949950887,0.2524271844660194
cars,1,hydrology,541,7060008710,0,0.0307267947834394,0.062030632177686104,0.26581627760256377,0.2524271844660194
cars,1,hydrology,542,7060008710,0,0.0243209572598582,0.062030632177686104,0.1168052922887937,0.2524271844660194
cars,1,hydrology,549,7060008710,0,0.04353458867528,0.062030632177686104,0.3412943424974708,0.2524271844660194
cars,1,hydrology,567,7060008710,1,0.091537667904291,0.062030632177686104,0.4207341980696386,0.2524271844660194
cars,1,hydrology,574,7060008710,0,0.0515166191760526,0.062030632177686104,0.28282318868702494,0.2524271844660194
cars,1,hydrology,575,7060008710,1,0.1069511322114142,0.062030632177686104,0.42685184983638014,0.2524271844660194
cars,1,hydrology,597,7060008710,0,0.0258524754079326,0.062030632177686104,0.5134671969569543,0.2524271844660194
cars,1,hydrology,601,7060008710,0,0.0506432326614044,0.062030632177686104,0.2822539374837371,0.2524271844660194
cars,1,storage,419,7060008710,1,0.070748887784105,0.062030632177686104,0.19902256811504912,0.2524271844660194
cars,1,storage,423,7060008710,1,0.0671620497069183,0.062030632177686104,0.26895769139352915,0.2524271844660194
cars,1,storage,445,7060008710,0,0.0323684436223574,0.062030632177686104,0.1473832263105659,0.2524271844660194
cars,1,storage,448,7060008710,0,0.0074437497360604,0.062030632177686104,0.14971880016737485,0.2524271844660194
cars,1,storage,451,7060008710,1,0.0844457777043778,0.062030632177686104,0.22818530610712268,0.2524271844660194
cars,1,storage,469,7060008710,0,0.0122133948598889,0.062030632177686104,0.253184551168462,0.2524271844660194
cars,1,storage,470,7060008710,0,0.0148375091210567,0.062030632177686104,0.2829885417880661,0.2524271844660194
cars,1,storage,488,7060008710,1,0.1068485735936065,0.062030632177686104,0.2659859916830444,0.2524271844660194
cars,1,storage,497,7060008710,1,0.0959212228585117,0.062030632177686104,0.3080527214388557,0.2524271844660194
cars,1,storage,502,7060008710,1,0.0768897575528199,0.062030632177686104,0.2062592898352126,0.2524271844660194
cars,1,storage,509,7060008710,1,0.1286672577742292,0.062030632177686104,0.31518636296474745,0.2524271844660194
cars,1,storage,517,7060008710,0,0.0289665383060959,0.062030632177686104,0.2956588759787083,0.2524271844660194
cars,1,storage,518,7060008710,0,0.0047766596503193,0.062030632177686104,0.2460707175274638,0.2524271844660194
cars,1,storage,531,7060008710,0,0.054296872498249,0.062030632177686104,0.30379184800821285,0.2524271844660194
cars,1,storage,536,7060008710,0,0.00833629737436,0.062030632177686104,0.22830119200731455,0.2524271844660194
cars,1,storage,541,7060008710,0,0.0307267947834394,0.062030632177686104,0.29851194341307413,0.2524271844660194
cars,1,storage,542,7060008710,0,0.0243209572598582,0.062030632177686104,0.35042413082019486,0.2524271844660194
cars,1,storage,549,7060008710,0,0.04353458867528,0.062030632177686104,0.15935089858767884,0.2524271844660194
cars,1,storage,567,7060008710,1,0.091537667904291,0.062030632177686104,0.24597834986416459,0.2524271844660194
cars,1,storage,574,7060008710,0,0.0515166191760526,0.062030632177686104,0.24782165507110696,0.2524271844660194
cars,1,storage,575,7060008710,1,0.1069511322114142,0.062030632177686104,0.23749885435452153,0.2524271844660194
cars,1,storage,597,7060008710,0,0.0258524754079326,0.062030632177686104,0.9999999813072084,0.2524271844660194
cars,1,storage,601,7060008710,0,0.0506432326614044,0.062030632177686104,0.3342748872086317,0.2524271844660194
cars,1,combined,419,7060008710,1,0.070748887784105,0.062030632177686104,0.30115989470276333,0.2524271844660194
cars,1,combined,423,7060008710,1,0.0671620497069183,0.062030632177686104,0.16090355716362711,0.2524271844660194
cars,1,combined,445,7060008710,0,0.0323684436223574,0.062030632177686104,0.11174316475150119,0.2524271844660194
cars,1,combined,448,7060008710,0,0.0074437497360604,0.062030632177686104,0.24476626822017686,0.2524271844660194
cars,1,combined,451,7060008710,1,0.0844457777043778,0.062030632177686104,0.21271073017752812,0.2524271844660194
cars,1,combined,469,7060008710,0,0.0122133948598889,0.062030632177686104,0.2529207944944954,0.2524271844660194
cars,1,combined,470,7060008710,0,0.0148375091210567,0.062030632177686104,0.8711717002186445,0.2524271844660194
cars,1,combined,488,7060008710,1,0.1068485735936065,0.062030632177686104,0.21340966128715913,0.2524271844660194
cars,1,combined,497,7060008710,1,0.0959212228585117,0.062030632177686104,0.4553976176167046,0.2524271844660194
cars,1,combined,502,7060008710,1,0.0768897575528199,0.062030632177686104,0.13007037174722094,0.2524271844660194
cars,1,combined,509,7060008710,1,0.1286672577742292,0.062030632177686104,0.3546963031457514,0.2524271844660194
cars,1,combined,517,7060008710,0,0.0289665383060959,0.062030632177686104,0.20974827211065292,0.2524271844660194
cars,1,combined,518,7060008710,0,0.0047766596503193,0.062030632177686104,0.1921946849042379,0.2524271844660194
cars,1,combined,531,7060008710,0,0.054296872498249,0.062030632177686104,0.47894829186733273,0.2524271844660194
cars,1,combined,536,7060008710,0,0.00833629737436,0.062030632177686104,0.1493041427304837,0.2524271844660194
cars,1,combined,541,7060008710,0,0.0307267947834394,0.062030632177686104,0.29583090218386177,0.2524271844660194
cars,1,combined,542,7060008710,0,0.0243209572598582,0.062030632177686104,0.15764218711885114,0.2524271844660194
cars,1,combined,549,7060008710,0,0.04353458867528,0.062030632177686104,0.21811692151951506,0.2524271844660194
cars,1,combined,567,7060008710,1,0.091537667904291,0.062030632177686104,0.41776102017965927,0.2524271844660194
cars,1,combined,574,7060008710,0,0.0515166191760526,0.062030632177686104,0.26760729096338326,0.2524271844660194
cars,1,combined,575,7060008710,1,0.1069511322114142,0.062030632177686104,0.3737917011406883,0.2524271844660194
cars,1,combined,597,7060008710,0,0.0258524754079326,0.062030632177686104,0.9999997016730655,0.2524271844660194
cars,1,combined,601,7060008710,0,0.0506432326614044,0.062030632177686104,0.353715170563612,0.2524271844660194
cars,2,prevalence,1249,7060048410,1,0.3221176472756707,0.0664756954087518,0.24786324786324787,0.24786324786324787
cars,2,prevalence,132,7060013550,1,0.0684214858682877,0.0664756954087518,0.24786324786324787,0.24786324786324787
cars,2,prevalence,133,7060013550,0,0.0348511641656255,0.0664756954087518,0.24786324786324787,0.24786324786324787
cars,2,prevalence,148,7060013550,0,0.0476505069787121,0.0664756954087518,0.24786324786324787,0.24786324786324787
cars,2,prevalence,1776,7060043090,0,0.0329117489808246,0.0664756954087518,0.24786324786324787,0.24786324786324787
cars,2,prevalence,182,7060013550,0,0.0065949452585065,0.0664756954087518,0.24786324786324787,0.24786324786324787
cars,2,prevalence,191,7060013550,1,0.0851053897307446,0.0664756954087518,0.24786324786324787,0.24786324786324787
cars,2,prevalence,198,7060013550,0,0.0571246428295657,0.0664756954087518,0.24786324786324787,0.24786324786324787
cars,2,prevalence,204,7060013550,0,0.061777619374842,0.0664756954087518,0.24786324786324787,0.24786324786324787
cars,2,prevalence,595,7060013550,1,0.091867652077079,0.0664756954087518,0.24786324786324787,0.24786324786324787
cars,2,prevalence,600,7060013550,0,0.0026499535179001,0.0664756954087518,0.24786324786324787,0.24786324786324787
cars,2,prevalence,612,7060013550,0,0.0443152219440086,0.0664756954087518,0.24786324786324787,0.24786324786324787
cars,2,hydrology,1249,7060048410,1,0.3221176472756707,0.0664756954087518,0.7790882776175038,0.24786324786324787
cars,2,hydrology,132,7060013550,1,0.0684214858682877,0.0664756954087518,0.1447686020268804,0.24786324786324787
cars,2,hydrology,133,7060013550,0,0.0348511641656255,0.0664756954087518,0.0947633462054849,0.24786324786324787
cars,2,hydrology,148,7060013550,0,0.0476505069787121,0.0664756954087518,0.16000437197502462,0.24786324786324787
cars,2,hydrology,1776,7060043090,0,0.0329117489808246,0.0664756954087518,0.08867370538257213,0.24786324786324787
cars,2,hydrology,182,7060013550,0,0.0065949452585065,0.0664756954087518,0.1361484640595368,0.24786324786324787
cars,2,hydrology,191,7060013550,1,0.0851053897307446,0.0664756954087518,0.32816453208336516,0.24786324786324787
cars,2,hydrology,198,7060013550,0,0.0571246428295657,0.0664756954087518,0.2375913739771823,0.24786324786324787
cars,2,hydrology,204,7060013550,0,0.061777619374842,0.0664756954087518,0.2872713739434446,0.24786324786324787
cars,2,hydrology,595,7060013550,1,0.091867652077079,0.0664756954087518,0.2071550086514568,0.24786324786324787
cars,2,hydrology,600,7060013550,0,0.0026499535179001,0.0664756954087518,0.2301955613624454,0.24786324786324787
cars,2,hydrology,612,7060013550,0,0.0443152219440086,0.0664756954087518,0.21953163467089312,0.24786324786324787
cars,2,storage,1249,7060048410,1,0.3221176472756707,0.0664756954087518,0.491554582600824,0.24786324786324787
cars,2,storage,132,7060013550,1,0.0684214858682877,0.0664756954087518,0.07253102188171577,0.24786324786324787
cars,2,storage,133,7060013550,0,0.0348511641656255,0.0664756954087518,0.2548090507159819,0.24786324786324787
cars,2,storage,148,7060013550,0,0.0476505069787121,0.0664756954087518,0.13511191315162874,0.24786324786324787
cars,2,storage,1776,7060043090,0,0.0329117489808246,0.0664756954087518,0.1306376412439356,0.24786324786324787
cars,2,storage,182,7060013550,0,0.0065949452585065,0.0664756954087518,0.23626880253860155,0.24786324786324787
cars,2,storage,191,7060013550,1,0.0851053897307446,0.0664756954087518,0.1668272267792608,0.24786324786324787
cars,2,storage,198,7060013550,0,0.0571246428295657,0.0664756954087518,0.16545418032218082,0.24786324786324787
cars,2,storage,204,7060013550,0,0.061777619374842,0.0664756954087518,0.08521683773956412,0.24786324786324787
cars,2,storage,595,7060013550,1,0.091867652077079,0.0664756954087518,0.08945590582221241,0.24786324786324787
cars,2,storage,600,7060013550,0,0.0026499535179001,0.0664756954087518,0.06630285203749099,0.24786324786324787
cars,2,storage,612,7060013550,0,0.0443152219440086,0.0664756954087518,0.12936629770323338,0.24786324786324787
cars,2,combined,1249,7060048410,1,0.3221176472756707,0.0664756954087518,0.9317386381766138,0.24786324786324787
cars,2,combined,132,7060013550,1,0.0684214858682877,0.0664756954087518,0.028199428747349237,0.24786324786324787
cars,2,combined,133,7060013550,0,0.0348511641656255,0.0664756954087518,0.08380139516766691,0.24786324786324787
cars,2,combined,148,7060013550,0,0.0476505069787121,0.0664756954087518,0.07922199934917046,0.24786324786324787
cars,2,combined,1776,7060043090,0,0.0329117489808246,0.0664756954087518,0.03622074471030289,0.24786324786324787
cars,2,combined,182,7060013550,0,0.0065949452585065,0.0664756954087518,0.10849274648231652,0.24786324786324787
cars,2,combined,191,7060013550,1,0.0851053897307446,0.0664756954087518,0.17122649484729682,0.24786324786324787
cars,2,combined,198,7060013550,0,0.0571246428295657,0.0664756954087518,0.11362846022319323,0.24786324786324787
cars,2,combined,204,7060013550,0,0.061777619374842,0.0664756954087518,0.06998966571248413,0.24786324786324787
cars,2,combined,595,7060013550,1,0.091867652077079,0.0664756954087518,0.05625401994161768,0.24786324786324787
cars,2,combined,600,7060013550,0,0.0026499535179001,0.0664756954087518,0.04904322662293156,0.24786324786324787
cars,2,combined,612,7060013550,0,0.0443152219440086,0.0664756954087518,0.11934844528710291,0.24786324786324787
cars,3,prevalence,1086,7060049270,1,0.1820411838165087,0.06689042543964968,0.25471698113207547,0.25471698113207547
cars,3,prevalence,131,7060014200,0,0.0213546002832377,0.06689042543964968,0.25471698113207547,0.25471698113207547
cars,3,prevalence,1761,7060042310,0,0.0598606859104436,0.06689042543964968,0.25471698113207547,0.25471698113207547
cars,3,prevalence,1879,7060043160,0,0.0092376773877372,0.06689042543964968,0.25471698113207547,0.25471698113207547
cars,3,prevalence,310,7060014930,0,0.0015387374063673,0.06689042543964968,0.25471698113207547,0.25471698113207547
cars,3,prevalence,316,7060014930,0,0.0172120985349057,0.06689042543964968,0.25471698113207547,0.25471698113207547
cars,3,prevalence,361,7060014930,0,0.0081355572403749,0.06689042543964968,0.25471698113207547,0.25471698113207547
cars,3,prevalence,372,7060014930,0,0.022410072783985,0.06689042543964968,0.25471698113207547,0.25471698113207547
cars,3,prevalence,384,7060014930,0,0.0211839755615713,0.06689042543964968,0.25471698113207547,0.25471698113207547
cars,3,prevalence,386,7060014930,0,0.0370418488873782,0.06689042543964968,0.25471698113207547,0.25471698113207547
cars,3,prevalence,391,7060014930,0,0.0261776202906093,0.06689042543964968,0.25471698113207547,0.25471698113207547
cars,3,prevalence,41,7060016090,0,0.0263648539649467,0.06689042543964968,0.25471698113207547,0.25471698113207547
cars,3,prevalence,413,7060014930,0,0.0110336505493118,0.06689042543964968,0.25471698113207547,0.25471698113207547
cars,3,prevalence,42,7060016090,0,0.0258717654049529,0.06689042543964968,0.25471698113207547,0.25471698113207547
cars,3,prevalence,55,7060014930,0,0.0116094150048562,0.06689042543964968,0.25471698113207547,0.25471698113207547
cars,3,prevalence,57,7060014930,0,0.052087911096976,0.06689042543964968,0.25471698113207547,0.25471698113207547
cars,3,prevalence,60,7060014930,0,0.0625290320418909,0.06689042543964968,0.25471698113207547,0.25471698113207547
cars,3,prevalence,63,7060014930,1,0.08999614446505,0.06689042543964968,0.25471698113207547,0.25471698113207547
cars,3,hydrology,1086,7060049270,1,0.1820411838165087,0.06689042543964968,0.7436500111674829,0.25471698113207547
cars,3,hydrology,131,7060014200,0,0.0213546002832377,0.06689042543964968,0.2582835260343627,0.25471698113207547
cars,3,hydrology,1761,7060042310,0,0.0598606859104436,0.06689042543964968,0.1340849654055046,0.25471698113207547
cars,3,hydrology,1879,7060043160,0,0.0092376773877372,0.06689042543964968,0.6678943338722658,0.25471698113207547
cars,3,hydrology,310,7060014930,0,0.0015387374063673,0.06689042543964968,0.10659390134999779,0.25471698113207547
cars,3,hydrology,316,7060014930,0,0.0172120985349057,0.06689042543964968,0.2042333746097441,0.25471698113207547
cars,3,hydrology,361,7060014930,0,0.0081355572403749,0.06689042543964968,0.11693048241295984,0.25471698113207547
cars,3,hydrology,372,7060014930,0,0.022410072783985,0.06689042543964968,0.40092628824259635,0.25471698113207547
cars,3,hydrology,384,7060014930,0,0.0211839755615713,0.06689042543964968,0.31056437277454335,0.25471698113207547
cars,3,hydrology,386,7060014930,0,0.0370418488873782,0.06689042543964968,0.6251953826752421,0.25471698113207547
cars,3,hydrology,391,7060014930,0,0.0261776202906093,0.06689042543964968,0.1862965820378094,0.25471698113207547
cars,3,hydrology,41,7060016090,0,0.0263648539649467,0.06689042543964968,0.2636945872670029,0.25471698113207547
cars,3,hydrology,413,7060014930,0,0.0110336505493118,0.06689042543964968,0.1066512032781695,0.25471698113207547
cars,3,hydrology,42,7060016090,0,0.0258717654049529,0.06689042543964968,0.26515406324199753,0.25471698113207547
cars,3,hydrology,55,7060014930,0,0.0116094150048562,0.06689042543964968,0.27196283739438926,0.25471698113207547
cars,3,hydrology,57,7060014930,0,0.052087911096976,0.06689042543964968,0.30945947178715194,0.25471698113207547
cars,3,hydrology,60,7060014930,0,0.0625290320418909,0.06689042543964968,0.2351688051399403,0.25471698113207547
cars,3,hydrology,63,7060014930,1,0.08999614446505,0.06689042543964968,0.2489497941543945,0.25471698113207547
cars,3,storage,1086,7060049270,1,0.1820411838165087,0.06689042543964968,0.5033801421381667,0.25471698113207547
cars,3,storage,131,7060014200,0,0.0213546002832377,0.06689042543964968,0.15684400132526258,0.25471698113207547
cars,3,storage,1761,7060042310,0,0.0598606859104436,0.06689042543964968,0.14264154571238666,0.25471698113207547
cars,3,storage,1879,7060043160,0,0.0092376773877372,0.06689042543964968,0.06322382710802475,0.25471698113207547
cars,3,storage,310,7060014930,0,0.0015387374063673,0.06689042543964968,0.921048777452968,0.25471698113207547
cars,3,storage,316,7060014930,0,0.0172120985349057,0.06689042543964968,0.06322382710802475,0.25471698113207547
cars,3,storage,361,7060014930,0,0.0081355572403749,0.06689042543964968,0.16600959722369774,0.25471698113207547
cars,3,storage,372,7060014930,0,0.022410072783985,0.06689042543964968,0.17230491750138313,0.25471698113207547
cars,3,storage,384,7060014930,0,0.0211839755615713,0.06689042543964968,0.3396140635766578,0.25471698113207547
cars,3,storage,386,7060014930,0,0.0370418488873782,0.06689042543964968,0.3249914297868501,0.25471698113207547
cars,3,storage,391,7060014930,0,0.0261776202906093,0.06689042543964968,0.09829236114486964,0.25471698113207547
cars,3,storage,41,7060016090,0,0.0263648539649467,0.06689042543964968,0.7564318093276436,0.25471698113207547
cars,3,storage,413,7060014930,0,0.0110336505493118,0.06689042543964968,0.04520224778364575,0.25471698113207547
cars,3,storage,42,7060016090,0,0.0258717654049529,0.06689042543964968,0.4120304380718961,0.25471698113207547
cars,3,storage,55,7060014930,0,0.0116094150048562,0.06689042543964968,0.2589528593677342,0.25471698113207547
cars,3,storage,57,7060014930,0,0.052087911096976,0.06689042543964968,0.42989072281524343,0.25471698113207547
cars,3,storage,60,7060014930,0,0.0625290320418909,0.06689042543964968,0.21131751957237965,0.25471698113207547
cars,3,storage,63,7060014930,1,0.08999614446505,0.06689042543964968,0.24358601522416942,0.25471698113207547
cars,3,combined,1086,7060049270,1,0.1820411838165087,0.06689042543964968,0.7482868877182748,0.25471698113207547
cars,3,combined,131,7060014200,0,0.0213546002832377,0.06689042543964968,0.12006708818329762,0.25471698113207547
cars,3,combined,1761,7060042310,0,0.0598606859104436,0.06689042543964968,0.05373570180563557,0.25471698113207547
cars,3,combined,1879,7060043160,0,0.0092376773877372,0.06689042543964968,0.22066982504207544,0.25471698113207547
cars,3,combined,310,7060014930,0,0.0015387374063673,0.06689042543964968,0.7862016060158271,0.25471698113207547
cars,3,combined,316,7060014930,0,0.0172120985349057,0.06689042543964968,0.05047826286148171,0.25471698113207547
cars,3,combined,361,7060014930,0,0.0081355572403749,0.06689042543964968,0.062784389374164,0.25471698113207547
cars,3,combined,372,7060014930,0,0.022410072783985,0.06689042543964968,0.26709102332219103,0.25471698113207547
cars,3,combined,384,7060014930,0,0.0211839755615713,0.06689042543964968,0.37992267952694186,0.25471698113207547
cars,3,combined,386,7060014930,0,0.0370418488873782,0.06689042543964968,0.6120306618626157,0.25471698113207547
cars,3,combined,391,7060014930,0,0.0261776202906093,0.06689042543964968,0.05564436493709233,0.25471698113207547
cars,3,combined,41,7060016090,0,0.0263648539649467,0.06689042543964968,0.7109327391369803,0.25471698113207547
cars,3,combined,413,7060014930,0,0.0110336505493118,0.06689042543964968,0.014379959157306508,0.25471698113207547
cars,3,combined,42,7060016090,0,0.0258717654049529,0.06689042543964968,0.31908936524384096,0.25471698113207547
cars,3,combined,55,7060014930,0,0.0116094150048562,0.06689042543964968,0.20200175376939086,0.25471698113207547
cars,3,combined,57,7060014930,0,0.052087911096976,0.06689042543964968,0.3523663861918882,0.25471698113207547
cars,3,combined,60,7060014930,0,0.0625290320418909,0.06689042543964968,0.14759621286029362,0.25471698113207547
cars,3,combined,63,7060014930,1,0.08999614446505,0.06689042543964968,0.1373413777488449,0.25471698113207547
cars,4,prevalence,114,7060014340,1,0.1423952198296382,0.0664756954087518,0.24778761061946902,0.24778761061946902
cars,4,prevalence,1151,7060047970,1,0.1765282520609469,0.0664756954087518,0.24778761061946902,0.24778761061946902
cars,4,prevalence,1237,7060047970,1,0.110919898740719,0.0664756954087518,0.24778761061946902,0.24778761061946902
cars,4,prevalence,169,7060013560,1,0.1007664486111946,0.0664756954087518,0.24778761061946902,0.24778761061946902
cars,4,prevalence,1851,7060043500,0,0.0263666891067676,0.0664756954087518,0.24778761061946902,0.24778761061946902
cars,4,prevalence,1883,7060043640,0,0.0333217281416282,0.0664756954087518,0.24778761061946902,0.24778761061946902
cars,4,prevalence,292,7060022240,0,0.0279739892940323,0.0664756954087518,0.24778761061946902,0.24778761061946902
cars,4,prevalence,442,7060073620,0,0.0084157635440479,0.0664756954087518,0.24778761061946902,0.24778761061946902
cars,4,prevalence,449,7060073620,1,0.084829948817497,0.0664756954087518,0.24778761061946902,0.24778761061946902
cars,4,prevalence,456,7060073620,0,0.0432415202162436,0.0664756954087518,0.24778761061946902,0.24778761061946902
cars,4,prevalence,467,7060073620,0,0.0597743917785139,0.0664756954087518,0.24778761061946902,0.24778761061946902
cars,4,prevalence,477,7060073620,0,0.0508638347022938,0.0664756954087518,0.24778761061946902,0.24778761061946902
cars,4,prevalence,7308,7060043500,0,0.0292175951242713,0.0664756954087518,0.24778761061946902,0.24778761061946902
cars,4,hydrology,114,7060014340,1,0.1423952198296382,0.0664756954087518,0.4326519238278435,0.24778761061946902
cars,4,hydrology,1151,7060047970,1,0.1765282520609469,0.0664756954087518,0.22619675187042748,0.24778761061946902
cars,4,hydrology,1237,7060047970,1,0.110919898740719,0.0664756954087518,0.3034782339547971,0.24778761061946902
cars,4,hydrology,169,7060013560,1,0.1007664486111946,0.0664756954087518,0.38879353087571794,0.24778761061946902
cars,4,hydrology,1851,7060043500,0,0.0263666891067676,0.0664756954087518,0.12954498398464445,0.24778761061946902
cars,4,hydrology,1883,7060043640,0,0.0333217281416282,0.0664756954087518,0.13677750988198503,0.24778761061946902
cars,4,hydrology,292,7060022240,0,0.0279739892940323,0.0664756954087518,0.40909926915734945,0.24778761061946902
cars,4,hydrology,442,7060073620,0,0.0084157635440479,0.0664756954087518,0.24587379024102762,0.24778761061946902
cars,4,hydrology,449,7060073620,1,0.084829948817497,0.0664756954087518,0.5159087914730273,0.24778761061946902
cars,4,hydrology,456,7060073620,0,0.0432415202162436,0.0664756954087518,0.23207268633474112,0.24778761061946902
cars,4,hydrology,467,7060073620,0,0.0597743917785139,0.0664756954087518,0.37573968298876215,0.24778761061946902
cars,4,hydrology,477,7060073620,0,0.0508638347022938,0.0664756954087518,0.24132721858861764,0.24778761061946902
cars,4,hydrology,7308,7060043500,0,0.0292175951242713,0.0664756954087518,0.14317652101055703,0.24778761061946902
cars,4,storage,114,7060014340,1,0.1423952198296382,0.0664756954087518,0.3084998398544087,0.24778761061946902
cars,4,storage,1151,7060047970,1,0.1765282520609469,0.0664756954087518,0.41132650645468155,0.24778761061946902
cars,4,storage,1237,7060047970,1,0.110919898740719,0.0664756954087518,0.3138723643090865,0.24778761061946902
cars,4,storage,169,7060013560,1,0.1007664486111946,0.0664756954087518,0.3200672368546351,0.24778761061946902
cars,4,storage,1851,7060043500,0,0.0263666891067676,0.0664756954087518,0.25066879892201777,0.24778761061946902
cars,4,storage,1883,7060043640,0,0.0333217281416282,0.0664756954087518,0.1643583496557259,0.24778761061946902
cars,4,storage,292,7060022240,0,0.0279739892940323,0.0664756954087518,0.36426797670913874,0.24778761061946902
cars,4,storage,442,7060073620,0,0.0084157635440479,0.0664756954087518,0.3176197668429834,0.24778761061946902
cars,4,storage,449,7060073620,1,0.084829948817497,0.0664756954087518,0.1651883070818785,0.24778761061946902
cars,4,storage,456,7060073620,0,0.0432415202162436,0.0664756954087518,0.2414995980245998,0.24778761061946902
cars,4,storage,467,7060073620,0,0.0597743917785139,0.0664756954087518,0.23695990146144844,0.24778761061946902
cars,4,storage,477,7060073620,0,0.0508638347022938,0.0664756954087518,0.23221860954253196,0.24778761061946902
cars,4,storage,7308,7060043500,0,0.0292175951242713,0.0664756954087518,0.2608423046928042,0.24778761061946902
cars,4,combined,114,7060014340,1,0.1423952198296382,0.0664756954087518,0.3920488763035469,0.24778761061946902
cars,4,combined,1151,7060047970,1,0.1765282520609469,0.0664756954087518,0.47315598947290166,0.24778761061946902
cars,4,combined,1237,7060047970,1,0.110919898740719,0.0664756954087518,0.39930596459733375,0.24778761061946902
cars,4,combined,169,7060013560,1,0.1007664486111946,0.0664756954087518,0.32994492943465986,0.24778761061946902
cars,4,combined,1851,7060043500,0,0.0263666891067676,0.0664756954087518,0.11770488249883373,0.24778761061946902
cars,4,combined,1883,7060043640,0,0.0333217281416282,0.0664756954087518,0.057734285036411113,0.24778761061946902
cars,4,combined,292,7060022240,0,0.0279739892940323,0.0664756954087518,0.49025170565505855,0.24778761061946902
cars,4,combined,442,7060073620,0,0.0084157635440479,0.0664756954087518,0.27300472921049274,0.24778761061946902
cars,4,combined,449,7060073620,1,0.084829948817497,0.0664756954087518,0.2607519791827387,0.24778761061946902
cars,4,combined,456,7060073620,0,0.0432415202162436,0.0664756954087518,0.19870236012595088,0.24778761061946902
cars,4,combined,467,7060073620,0,0.0597743917785139,0.0664756954087518,0.362546157967123,0.24778761061946902
cars,4,combined,477,7060073620,0,0.0508638347022938,0.0664756954087518,0.15473146086669867,0.24778761061946902
cars,4,combined,7308,7060043500,0,0.0292175951242713,0.0664756954087518,0.12760520030261432,0.24778761061946902
raw,0,prevalence,1017,7060047060,0,0.0661806908410731,0.08100310732052296,0.2647058823529412,0.2647058823529412
raw,0,prevalence,1026,7060047060,0,0.0129395938241423,0.08100310732052296,0.2647058823529412,0.2647058823529412
raw,0,prevalence,1033,7060047060,0,0.0099127833868429,0.08100310732052296,0.2647058823529412,0.2647058823529412
raw,0,prevalence,1036,7060047060,0,0.0066655470329326,0.08100310732052296,0.2647058823529412,0.2647058823529412
raw,0,prevalence,1042,7060047060,0,0.0576208742948567,0.08100310732052296,0.2647058823529412,0.2647058823529412
raw,0,prevalence,1067,7060047060,0,0.0660903282216471,0.08100310732052296,0.2647058823529412,0.2647058823529412
raw,0,prevalence,1092,7060047060,0,0.0797481143388978,0.08100310732052296,0.2647058823529412,0.2647058823529412
raw,0,prevalence,1101,7060047060,1,0.1155668364797469,0.08100310732052296,0.2647058823529412,0.2647058823529412
raw,0,prevalence,1112,7060047060,1,0.1163806744895136,0.08100310732052296,0.2647058823529412,0.2647058823529412
raw,0,prevalence,1121,7060047060,0,0.0702270583911843,0.08100310732052296,0.2647058823529412,0.2647058823529412
raw,0,prevalence,1122,7060047060,0,0.063356139903612,0.08100310732052296,0.2647058823529412,0.2647058823529412
raw,0,prevalence,1125,7060047060,0,0.0702270583911843,0.08100310732052296,0.2647058823529412,0.2647058823529412
raw,0,prevalence,1127,7060047060,1,0.0819662681291494,0.08100310732052296,0.2647058823529412,0.2647058823529412
raw,0,prevalence,1192,7060047060,0,0.0411899853041451,0.08100310732052296,0.2647058823529412,0.2647058823529412
raw,0,prevalence,1586,7060047060,0,0.026020247285684,0.08100310732052296,0.2647058823529412,0.2647058823529412
raw,0,prevalence,1587,7060047060,0,0.004616761578994,0.08100310732052296,0.2647058823529412,0.2647058823529412
raw,0,prevalence,1592,7060047060,1,0.1240502134703719,0.08100310732052296,0.2647058823529412,0.2647058823529412
raw,0,prevalence,1595,7060047060,0,0.0679081385078783,0.08100310732052296,0.2647058823529412,0.2647058823529412
raw,0,prevalence,1600,7060047060,0,0.0220011823998568,0.08100310732052296,0.2647058823529412,0.2647058823529412
raw,0,prevalence,1617,7060047060,0,0.0477657972396746,0.08100310732052296,0.2647058823529412,0.2647058823529412
raw,0,prevalence,1619,7060047060,1,0.0911691275179692,0.08100310732052296,0.2647058823529412,0.2647058823529412
raw,0,prevalence,1620,7060047060,0,0.0212902851285782,0.08100310732052296,0.2647058823529412,0.2647058823529412
raw,0,prevalence,1631,7060047060,0,0.0724517963112369,0.08100310732052296,0.2647058823529412,0.2647058823529412
raw,0,prevalence,1634,7060047060,0,0.0315927631408664,0.08100310732052296,0.2647058823529412,0.2647058823529412
raw,0,prevalence,1636,7060047060,1,0.1089214739264765,0.08100310732052296,0.2647058823529412,0.2647058823529412
raw,0,prevalence,1645,7060047060,0,0.0335295985633531,0.08100310732052296,0.2647058823529412,0.2647058823529412
raw,0,prevalence,1650,7060047060,1,0.1076187118628826,0.08100310732052296,0.2647058823529412,0.2647058823529412
raw,0,prevalence,1654,7060047060,0,0.0102103888403878,0.08100310732052296,0.2647058823529412,0.2647058823529412
raw,0,prevalence,1655,7060047060,0,0.0005167570856323,0.08100310732052296,0.2647058823529412,0.2647058823529412
raw,0,prevalence,1656,7060047060,0,0.0432281164274903,0.08100310732052296,0.2647058823529412,0.2647058823529412
raw,0,prevalence,1683,7060047060,0,0.0608106665043702,0.08100310732052296,0.2647058823529412,0.2647058823529412
raw,0,prevalence,1691,7060047060,0,0.0528997744167713,0.08100310732052296,0.2647058823529412,0.2647058823529412
raw,0,prevalence,1699,7060047060,0,0.0085303971880998,0.08100310732052296,0.2647058823529412,0.2647058823529412
raw,0,prevalence,1703,7060047060,1,0.1160380332292541,0.08100310732052296,0.2647058823529412,0.2647058823529412
raw,0,prevalence,1706,7060047060,0,0.0063036137219683,0.08100310732052296,0.2647058823529412,0.2647058823529412
raw,0,prevalence,1707,7060047060,0,0.0388500034029228,0.08100310732052296,0.2647058823529412,0.2647058823529412
raw,0,prevalence,1709,7060047060,0,0.0232219782667713,0.08100310732052296,0.2647058823529412,0.2647058823529412
raw,0,prevalence,1712,7060047060,0,0.0213803258478193,0.08100310732052296,0.2647058823529412,0.2647058823529412
raw,0,prevalence,1713,7060047060,0,0.0782013557274151,0.08100310732052296,0.2647058823529412,0.2647058823529412
raw,0,prevalence,1714,7060047060,0,0.062423283878192,0.08100310732052296,0.2647058823529412,0.2647058823529412
raw,0,prevalence,1718,7060047060,0,0.0398605373403212,0.08100310732052296,0.2647058823529412,0.2647058823529412
raw,0,prevalence,1723,7060047060,0,0.0118988717878833,0.08100310732052296,0.2647058823529412,0.2647058823529412
raw,0,prevalence,1726,7060047060,0,0.0195922661451829,0.08100310732052296,0.2647058823529412,0.2647058823529412
raw,0,prevalence,1735,7060047060,0,0.0104301162304321,0.08100310732052296,0.2647058823529412,0.2647058823529412
raw,0,prevalence,1739,7060047060,0,0.0082424188599535,0.08100310732052296,0.2647058823529412,0.2647058823529412
raw,0,prevalence,1740,7060047060,0,0.0315927631408664,0.08100310732052296,0.2647058823529412,0.2647058823529412
raw,0,prevalence,1741,7060047060,0,0.0507253768413835,0.08100310732052296,0.2647058823529412,0.2647058823529412
raw,0,prevalence,1742,7060047060,0,5.7310515262490314e-05,0.08100310732052296,0.2647058823529412,0.2647058823529412
raw,0,prevalence,1744,7060047060,0,0.0254398230019253,0.08100310732052296,0.2647058823529412,0.2647058823529412
raw,0,prevalence,1752,7060047060,0,0.0114482350067689,0.08100310732052296,0.2647058823529412,0.2647058823529412
raw,0,prevalence,1753,7060047060,1,0.0926157348421968,0.08100310732052296,0.2647058823529412,0.2647058823529412
raw,0,prevalence,1755,7060047060,1,0.0886615293057631,0.08100310732052296,0.2647058823529412,0.2647058823529412
raw,0,prevalence,1768,7060047060,0,0.0069266720307528,0.08100310732052296,0.2647058823529412,0.2647058823529412
raw,0,prevalence,1777,7060047060,0,0.0093876593386526,0.08100310732052296,0.2647058823529412,0.2647058823529412
raw,0,prevalence,1848,7060047060,0,0.0027068736991273,0.08100310732052296,0.2647058823529412,0.2647058823529412
raw,0,prevalence,1864,7060047060,0,0.0216404082550137,0.08100310732052296,0.2647058823529412,0.2647058823529412
raw,0,prevalence,1869,7060047060,0,0.0327611145334567,0.08100310732052296,0.2647058823529412,0.2647058823529412
raw,0,prevalence,307,7060047060,0,0.0176008418921111,0.08100310732052296,0.2647058823529412,0.2647058823529412
raw,0,prevalence,319,7060047060,0,0.015770863968425,0.08100310732052296,0.2647058823529412,0.2647058823529412
raw,0,prevalence,355,7060047060,0,0.0277497082374382,0.08100310732052296,0.2647058823529412,0.2647058823529412
raw,0,prevalence,362,7060047060,1,0.2980098587408727,0.08100310732052296,0.2647058823529412,0.2647058823529412
raw,0,prevalence,364,7060047060,0,0.0239510591334607,0.08100310732052296,0.2647058823529412,0.2647058823529412
raw,0,prevalence,368,7060047060,0,0.0179687718347156,0.08100310732052296,0.2647058823529412,0.2647058823529412
raw,0,prevalence,373,7060047060,1,0.0951235823515067,0.08100310732052296,0.2647058823529412,0.2647058823529412
raw,0,prevalence,393,7060047060,0,0.0076034952663138,0.08100310732052296,0.2647058823529412,0.2647058823529412
raw,0,prevalence,398,7060047060,0,0.0312605809770644,0.08100310732052296,0.2647058823529412,0.2647058823529412
raw,0,prevalence,415,7060047060,0,0.0011163973406731,0.08100310732052296,0.2647058823529412,0.2647058823529412
raw,0,prevalence,416,7060047060,0,0.0315074905556201,0.08100310732052296,0.2647058823529412,0.2647058823529412
raw,0,prevalence,421,7060047060,1,0.1485760513867321,0.08100310732052296,0.2647058823529412,0.2647058823529412
raw,0,prevalence,500,7060047060,0,0.0300792034029255,0.08100310732052296,0.2647058823529412,0.2647058823529412
raw,0,prevalence,505,7060047060,0,0.0250795403929746,0.08100310732052296,0.2647058823529412,0.2647058823529412
raw,0,prevalence,511,7060047060,0,0.0312211201464531,0.08100310732052296,0.2647058823529412,0.2647058823529412
raw,0,prevalence,522,7060047060,0,0.0475959729474947,0.08100310732052296,0.2647058823529412,0.2647058823529412
raw,0,prevalence,530,7060047060,0,0.0273604206793223,0.08100310732052296,0.2647058823529412,0.2647058823529412
raw,0,prevalence,533,7060047060,0,0.0097018783796665,0.08100310732052296,0.2647058823529412,0.2647058823529412
raw,0,prevalence,7313,7060047060,0,0.0175736825793128,0.08100310732052296,0.2647058823529412,0.2647058823529412
raw,0,prevalence,7318,7060047060,0,0.002379618619958,0.08100310732052296,0.2647058823529412,0.2647058823529412
raw,0,prevalence,753,7060047060,1,0.0921182914550661,0.08100310732052296,0.2647058823529412,0.2647058823529412
raw,0,prevalence,870,7060047060,1,0.1379841663054596,0.08100310732052296,0.2647058823529412,0.2647058823529412
raw,0,prevalence,882,7060047060,0,0.0484413551287019,0.08100310732052296,0.2647058823529412,0.2647058823529412
raw,0,prevalence,884,7060047060,0,0.0066596591493417,0.08100310732052296,0.2647058823529412,0.2647058823529412
raw,0,prevalence,885,7060047060,1,0.1146845360889325,0.08100310732052296,0.2647058823529412,0.2647058823529412
raw,0,prevalence,895,7060047060,0,0.0062403033884172,0.08100310732052296,0.2647058823529412,0.2647058823529412
raw,0,prevalence,898,7060047060,1,0.2984828163363874,0.08100310732052296,0.2647058823529412,0.2647058823529412
raw,0,prevalence,920,7060047060,0,0.0369079523869115,0.08100310732052296,0.2647058823529412,0.2647058823529412
raw,0,prevalence,931,7060047060,1,0.2932798681465973,0.08100310732052296,0.2647058823529412,0.2647058823529412
raw,0,prevalence,938,7060047060,1,0.4289313266518157,0.08100310732052296,0.2647058823529412,0.2647058823529412
raw,0,hydrology,1017,7060047060,0,0.0661806908410731,0.08100310732052296,0.1953111535122938,0.2647058823529412
raw,0,hydrology,1026,7060047060,0,0.0129395938241423,0.08100310732052296,0.12312877479270863,0.2647058823529412
raw,0,hydrology,1033,7060047060,0,0.0099127833868429,0.08100310732052296,0.10088672747161462,0.2647058823529412
raw,0,hydrology,1036,7060047060,0,0.0066655470329326,0.08100310732052296,0.18739724550303852,0.2647058823529412
raw,0,hydrology,1042,7060047060,0,0.0576208742948567,0.08100310732052296,0.1678547910649937,0.2647058823529412
raw,0,hydrology,1067,7060047060,0,0.0660903282216471,0.08100310732052296,0.05187845481719,0.2647058823529412
raw,0,hydrology,1092,7060047060,0,0.0797481143388978,0.08100310732052296,0.07974044070558495,0.2647058823529412
raw,0,hydrology,1101,7060047060,1,0.1155668364797469,0.08100310732052296,0.17354255280900457,0.2647058823529412
raw,0,hydrology,1112,7060047060,1,0.1163806744895136,0.08100310732052296,0.14221108719141407,0.2647058823529412
raw,0,hydrology,1121,7060047060,0,0.0702270583911843,0.08100310732052296,0.0541840922271202,0.2647058823529412
raw,0,hydrology,1122,7060047060,0,0.063356139903612,0.08100310732052296,0.08059900346807487,0.2647058823529412
raw,0,hydrology,1125,7060047060,0,0.0702270583911843,0.08100310732052296,0.0541840922271202,0.2647058823529412
raw,0,hydrology,1127,7060047060,1,0.0819662681291494,0.08100310732052296,0.07016454217830767,0.2647058823529412
raw,0,hydrology,1192,7060047060,0,0.0411899853041451,0.08100310732052296,0.2078704641679181,0.2647058823529412
raw,0,hydrology,1586,7060047060,0,0.026020247285684,0.08100310732052296,0.19790865727229068,0.2647058823529412
raw,0,hydrology,1587,7060047060,0,0.004616761578994,0.08100310732052296,0.10013032070440467,0.2647058823529412
raw,0,hydrology,1592,7060047060,1,0.1240502134703719,0.08100310732052296,0.09374107745340098,0.2647058823529412
raw,0,hydrology,1595,7060047060,0,0.0679081385078783,0.08100310732052296,0.25228291058748187,0.2647058823529412
raw,0,hydrology,1600,7060047060,0,0.0220011823998568,0.08100310732052296,0.15061367961476244,0.2647058823529412
raw,0,hydrology,1617,7060047060,0,0.0477657972396746,0.08100310732052296,0.12797949828189895,0.2647058823529412
raw,0,hydrology,1619,7060047060,1,0.0911691275179692,0.08100310732052296,0.15847689661593145,0.2647058823529412
raw,0,hydrology,1620,7060047060,0,0.0212902851285782,0.08100310732052296,0.21637610827929568,0.2647058823529412
raw,0,hydrology,1631,7060047060,0,0.0724517963112369,0.08100310732052296,0.20806336874438533,0.2647058823529412
raw,0,hydrology,1634,7060047060,0,0.0315927631408664,0.08100310732052296,0.20940928507613046,0.2647058823529412
raw,0,hydrology,1636,7060047060,1,0.1089214739264765,0.08100310732052296,0.0964071282401456,0.2647058823529412
raw,0,hydrology,1645,7060047060,0,0.0335295985633531,0.08100310732052296,0.08843034033325536,0.2647058823529412
raw,0,hydrology,1650,7060047060,1,0.1076187118628826,0.08100310732052296,0.11370264581319388,0.2647058823529412
raw,0,hydrology,1654,7060047060,0,0.0102103888403878,0.08100310732052296,0.056866784961947046,0.2647058823529412
raw,0,hydrology,1655,7060047060,0,0.0005167570856323,0.08100310732052296,0.08046727505806135,0.2647058823529412
raw,0,hydrology,1656,7060047060,0,0.0432281164274903,0.08100310732052296,0.20298220323632155,0.2647058823529412
raw,0,hydrology,1683,7060047060,0,0.0608106665043702,0.08100310732052296,0.04943258660414928,0.2647058823529412
raw,0,hydrology,1691,7060047060,0,0.0528997744167713,0.08100310732052296,0.16100538017907742,0.2647058823529412
raw,0,hydrology,1699,7060047060,0,0.0085303971880998,0.08100310732052296,0.22148592983906285,0.2647058823529412
raw,0,hydrology,1703,7060047060,1,0.1160380332292541,0.08100310732052296,0.08375460299978521,0.2647058823529412
raw,0,hydrology,1706,7060047060,0,0.0063036137219683,0.08100310732052296,0.19309673218350132,0.2647058823529412
raw,0,hydrology,1707,7060047060,0,0.0388500034029228,0.08100310732052296,0.06036781148127752,0.2647058823529412
raw,0,hydrology,1709,7060047060,0,0.0232219782667713,0.08100310732052296,0.20876130686415867,0.2647058823529412
raw,0,hydrology,1712,7060047060,0,0.0213803258478193,0.08100310732052296,0.14446725112111264,0.2647058823529412
raw,0,hydrology,1713,7060047060,0,0.0782013557274151,0.08100310732052296,0.12396374304558361,0.2647058823529412
raw,0,hydrology,1714,7060047060,0,0.062423283878192,0.08100310732052296,0.16000492333306035,0.2647058823529412
raw,0,hydrology,1718,7060047060,0,0.0398605373403212,0.08100310732052296,0.05233935955203073,0.2647058823529412
raw,0,hydrology,1723,7060047060,0,0.0118988717878833,0.08100310732052296,0.1621230230906852,0.2647058823529412
raw,0,hydrology,1726,7060047060,0,0.0195922661451829,0.08100310732052296,0.15062511250083435,0.2647058823529412
raw,0,hydrology,1735,7060047060,0,0.0104301162304321,0.08100310732052296,0.19874605004239618,0.2647058823529412
raw,0,hydrology,1739,7060047060,0,0.0082424188599535,0.08100310732052296,0.12922362631080964,0.2647058823529412
raw,0,hydrology,1740,7060047060,0,0.0315927631408664,0.08100310732052296,0.20940928507613046,0.2647058823529412
raw,0,hydrology,1741,7060047060,0,0.0507253768413835,0.08100310732052296,0.136957712200937,0.2647058823529412
raw,0,hydrology,1742,7060047060,0,5.7310515262490314e-05,0.08100310732052296,0.1975671668841991,0.2647058823529412
raw,0,hydrology,1744,7060047060,0,0.0254398230019253,0.08100310732052296,0.08964676188598764,0.2647058823529412
raw,0,hydrology,1752,7060047060,0,0.0114482350067689,0.08100310732052296,0.2456765080281135,0.2647058823529412
raw,0,hydrology,1753,7060047060,1,0.0926157348421968,0.08100310732052296,0.1626446561867405,0.2647058823529412
raw,0,hydrology,1755,7060047060,1,0.0886615293057631,0.08100310732052296,0.09840268919047086,0.2647058823529412
raw,0,hydrology,1768,7060047060,0,0.0069266720307528,0.08100310732052296,0.24361163048255516,0.2647058823529412
raw,0,hydrology,1777,7060047060,0,0.0093876593386526,0.08100310732052296,0.07742109772382759,0.2647058823529412
raw,0,hydrology,1848,7060047060,0,0.0027068736991273,0.08100310732052296,0.09270679567415112,0.2647058823529412
raw,0,hydrology,1864,7060047060,0,0.0216404082550137,0.08100310732052296,0.15677922953677462,0.2647058823529412
raw,0,hydrology,1869,7060047060,0,0.0327611145334567,0.08100310732052296,0.024983032666422513,0.2647058823529412
raw,0,hydrology,307,7060047060,0,0.0176008418921111,0.08100310732052296,0.21151679301385223,0.2647058823529412
raw,0,hydrology,319,7060047060,0,0.015770863968425,0.08100310732052296,0.3358332666488619,0.2647058823529412
raw,0,hydrology,355,7060047060,0,0.0277497082374382,0.08100310732052296,0.19430431584575777,0.2647058823529412
raw,0,hydrology,362,7060047060,1,0.2980098587408727,0.08100310732052296,0.19188421195671054,0.2647058823529412
raw,0,hydrology,364,7060047060,0,0.0239510591334607,0.08100310732052296,0.2526094840332457,0.2647058823529412
raw,0,hydrology,368,7060047060,0,0.0179687718347156,0.08100310732052296,0.142257364576554,0.2647058823529412
raw,0,hydrology,373,7060047060,1,0.0951235823515067,0.08100310732052296,0.13225739041750315,0.2647058823529412
raw,0,hydrology,393,7060047060,0,0.0076034952663138,0.08100310732052296,0.24307436217489573,0.2647058823529412
raw,0,hydrology,398,7060047060,0,0.0312605809770644,0.08100310732052296,0.2739354852709867,0.2647058823529412
raw,0,hydrology,415,7060047060,0,0.0011163973406731,0.08100310732052296,0.2815506406267423,0.2647058823529412
raw,0,hydrology,416,7060047060,0,0.0315074905556201,0.08100310732052296,0.14223145299744097,0.2647058823529412
raw,0,hydrology,421,7060047060,1,0.1485760513867321,0.08100310732052296,0.1885006781085156,0.2647058823529412
raw,0,hydrology,500,7060047060,0,0.0300792034029255,0.08100310732052296,0.24396088733574645,0.2647058823529412
raw,0,hydrology,505,7060047060,0,0.0250795403929746,0.08100310732052296,0.2581251994340609,0.2647058823529412
raw,0,hydrology,511,7060047060,0,0.0312211201464531,0.08100310732052296,0.21895613188484525,0.2647058823529412
raw,0,hydrology,522,7060047060,0,0.0475959729474947,0.08100310732052296,0.3015015344318825,0.2647058823529412
raw,0,hydrology,530,7060047060,0,0.0273604206793223,0.08100310732052296,0.2698129994679588,0.2647058823529412
raw,0,hydrology,533,7060047060,0,0.0097018783796665,0.08100310732052296,0.29813265033304986,0.2647058823529412
raw,0,hydrology,7313,7060047060,0,0.0175736825793128,0.08100310732052296,0.25599987089563164,0.2647058823529412
raw,0,hydrology,7318,7060047060,0,0.002379618619958,0.08100310732052296,0.2390988545679277,0.2647058823529412
raw,0,hydrology,753,7060047060,1,0.0921182914550661,0.08100310732052296,0.16603343786126834,0.2647058823529412
raw,0,hydrology,870,7060047060,1,0.1379841663054596,0.08100310732052296,0.1294918929788405,0.2647058823529412
raw,0,hydrology,882,7060047060,0,0.0484413551287019,0.08100310732052296,0.1915124978499263,0.2647058823529412
raw,0,hydrology,884,7060047060,0,0.0066596591493417,0.08100310732052296,0.24979311856702782,0.2647058823529412
raw,0,hydrology,885,7060047060,1,0.1146845360889325,0.08100310732052296,0.1500399514147095,0.2647058823529412
raw,0,hydrology,895,7060047060,0,0.0062403033884172,0.08100310732052296,0.2591629839209997,0.2647058823529412
raw,0,hydrology,898,7060047060,1,0.2984828163363874,0.08100310732052296,0.152567038279525,0.2647058823529412
raw,0,hydrology,920,7060047060,0,0.0369079523869115,0.08100310732052296,0.2820860711765932,0.2647058823529412
raw,0,hydrology,931,7060047060,1,0.2932798681465973,0.08100310732052296,0.11777631935100019,0.2647058823529412
raw,0,hydrology,938,7060047060,1,0.4289313266518157,0.08100310732052296,0.043470537983653516,0.2647058823529412
raw,0,storage,1017,7060047060,0,0.0661806908410731,0.08100310732052296,0.4594155952488929,0.2647058823529412
raw,0,storage,1026,7060047060,0,0.0129395938241423,0.08100310732052296,0.15402885306135658,0.2647058823529412
raw,0,storage,1033,7060047060,0,0.0099127833868429,0.08100310732052296,0.34175072669190304,0.2647058823529412
raw,0,storage,1036,7060047060,0,0.0066655470329326,0.08100310732052296,0.15381727443479074,0.2647058823529412
raw,0,storage,1042,7060047060,0,0.0576208742948567,0.08100310732052296,0.24065852269839302,0.2647058823529412
raw,0,storage,1067,7060047060,0,0.0660903282216471,0.08100310732052296,0.31261866242645947,0.2647058823529412
raw,0,storage,1092,7060047060,0,0.0797481143388978,0.08100310732052296,0.2153804485643029,0.2647058823529412
raw,0,storage,1101,7060047060,1,0.1155668364797469,0.08100310732052296,0.3909170024451253,0.2647058823529412
raw,0,storage,1112,7060047060,1,0.1163806744895136,0.08100310732052296,0.17623991653388363,0.2647058823529412
raw,0,storage,1121,7060047060,0,0.0702270583911843,0.08100310732052296,0.20312898208705701,0.2647058823529412
raw,0,storage,1122,7060047060,0,0.063356139903612,0.08100310732052296,0.0649251394985943,0.2647058823529412
raw,0,storage,1125,7060047060,0,0.0702270583911843,0.08100310732052296,0.20312898208705701,0.2647058823529412
raw,0,storage,1127,7060047060,1,0.0819662681291494,0.08100310732052296,0.8080584906811316,0.2647058823529412
raw,0,storage,1192,7060047060,0,0.0411899853041451,0.08100310732052296,0.005320501797014881,0.2647058823529412
raw,0,storage,1586,7060047060,0,0.026020247285684,0.08100310732052296,0.8080584906811316,0.2647058823529412
raw,0,storage,1587,7060047060,0,0.004616761578994,0.08100310732052296,0.8080584906811316,0.2647058823529412
raw,0,storage,1592,7060047060,1,0.1240502134703719,0.08100310732052296,0.8080584906811316,0.2647058823529412
raw,0,storage,1595,7060047060,0,0.0679081385078783,0.08100310732052296,0.740072465362714,0.2647058823529412
raw,0,storage,1600,7060047060,0,0.0220011823998568,0.08100310732052296,0.0708054523468743,0.2647058823529412
raw,0,storage,1617,7060047060,0,0.0477657972396746,0.08100310732052296,0.5958041111145481,0.2647058823529412
raw,0,storage,1619,7060047060,1,0.0911691275179692,0.08100310732052296,0.49082973293722637,0.2647058823529412
raw,0,storage,1620,7060047060,0,0.0212902851285782,0.08100310732052296,0.3814122077571121,0.2647058823529412
raw,0,storage,1631,7060047060,0,0.0724517963112369,0.08100310732052296,0.09241496129108698,0.2647058823529412
raw,0,storage,1634,7060047060,0,0.0315927631408664,0.08100310732052296,0.8080584906811316,0.2647058823529412
raw,0,storage,1636,7060047060,1,0.1089214739264765,0.08100310732052296,0.4634506512030942,0.2647058823529412
raw,0,storage,1645,7060047060,0,0.0335295985633531,0.08100310732052296,0.8080584906811316,0.2647058823529412
raw,0,storage,1650,7060047060,1,0.1076187118628826,0.08100310732052296,0.04637999670119219,0.2647058823529412
raw,0,storage,1654,7060047060,0,0.0102103888403878,0.08100310732052296,0.8080584906811316,0.2647058823529412
raw,0,storage,1655,7060047060,0,0.0005167570856323,0.08100310732052296,0.8080584906811316,0.2647058823529412
raw,0,storage,1656,7060047060,0,0.0432281164274903,0.08100310732052296,0.8080584906811316,0.2647058823529412
raw,0,storage,1683,7060047060,0,0.0608106665043702,0.08100310732052296,0.8080584906811316,0.2647058823529412
raw,0,storage,1691,7060047060,0,0.0528997744167713,0.08100310732052296,0.5547186609946075,0.2647058823529412
raw,0,storage,1699,7060047060,0,0.0085303971880998,0.08100310732052296,0.6510014198487537,0.2647058823529412
raw,0,storage,1703,7060047060,1,0.1160380332292541,0.08100310732052296,0.8080584906811316,0.2647058823529412
raw,0,storage,1706,7060047060,0,0.0063036137219683,0.08100310732052296,0.21059732923283278,0.2647058823529412
raw,0,storage,1707,7060047060,0,0.0388500034029228,0.08100310732052296,0.3439630090731542,0.2647058823529412
raw,0,storage,1709,7060047060,0,0.0232219782667713,0.08100310732052296,0.7574059894490571,0.2647058823529412
raw,0,storage,1712,7060047060,0,0.0213803258478193,0.08100310732052296,0.389984299512779,0.2647058823529412
raw,0,storage,1713,7060047060,0,0.0782013557274151,0.08100310732052296,0.41335642583838106,0.2647058823529412
raw,0,storage,1714,7060047060,0,0.062423283878192,0.08100310732052296,0.8080584906811316,0.2647058823529412
raw,0,storage,1718,7060047060,0,0.0398605373403212,0.08100310732052296,0.8080584906811316,0.2647058823529412
raw,0,storage,1723,7060047060,0,0.0118988717878833,0.08100310732052296,0.05279436438380467,0.2647058823529412
raw,0,storage,1726,7060047060,0,0.0195922661451829,0.08100310732052296,0.22934137721471276,0.2647058823529412
raw,0,storage,1735,7060047060,0,0.0104301162304321,0.08100310732052296,0.4626736009031637,0.2647058823529412
raw,0,storage,1739,7060047060,0,0.0082424188599535,0.08100310732052296,0.8080584906811316,0.2647058823529412
raw,0,storage,1740,7060047060,0,0.0315927631408664,0.08100310732052296,0.8080584906811316,0.2647058823529412
raw,0,storage,1741,7060047060,0,0.0507253768413835,0.08100310732052296,0.8080584906811316,0.2647058823529412
raw,0,storage,1742,7060047060,0,5.7310515262490314e-05,0.08100310732052296,0.576279332583537,0.2647058823529412
raw,0,storage,1744,7060047060,0,0.0254398230019253,0.08100310732052296,0.8080584906811316,0.2647058823529412
raw,0,storage,1752,7060047060,0,0.0114482350067689,0.08100310732052296,0.5267816059828021,0.2647058823529412
raw,0,storage,1753,7060047060,1,0.0926157348421968,0.08100310732052296,0.5486680268769135,0.2647058823529412
raw,0,storage,1755,7060047060,1,0.0886615293057631,0.08100310732052296,0.6070004203148881,0.2647058823529412
raw,0,storage,1768,7060047060,0,0.0069266720307528,0.08100310732052296,0.07630708285243067,0.2647058823529412
raw,0,storage,1777,7060047060,0,0.0093876593386526,0.08100310732052296,0.1435996231518825,0.2647058823529412
raw,0,storage,1848,7060047060,0,0.0027068736991273,0.08100310732052296,0.41976000155133136,0.2647058823529412
raw,0,storage,1864,7060047060,0,0.0216404082550137,0.08100310732052296,0.4740392043648975,0.2647058823529412
raw,0,storage,1869,7060047060,0,0.0327611145334567,0.08100310732052296,0.4611038765039046,0.2647058823529412
raw,0,storage,307,7060047060,0,0.0176008418921111,0.08100310732052296,0.9998259608533662,0.2647058823529412
raw,0,storage,319,7060047060,0,0.015770863968425,0.08100310732052296,0.014393672405774726,0.2647058823529412
raw,0,storage,355,7060047060,0,0.0277497082374382,0.08100310732052296,0.08216937657698338,0.2647058823529412
raw,0,storage,362,7060047060,1,0.2980098587408727,0.08100310732052296,0.05453737563600306,0.2647058823529412
raw,0,storage,364,7060047060,0,0.0239510591334607,0.08100310732052296,0.29196297064305593,0.2647058823529412
raw,0,storage,368,7060047060,0,0.0179687718347156,0.08100310732052296,0.031545966902188964,0.2647058823529412
raw,0,storage,373,7060047060,1,0.0951235823515067,0.08100310732052296,0.09724139100370932,0.2647058823529412
raw,0,storage,393,7060047060,0,0.0076034952663138,0.08100310732052296,0.15820781890002714,0.2647058823529412
raw,0,storage,398,7060047060,0,0.0312605809770644,0.08100310732052296,0.058872565756477716,0.2647058823529412
raw,0,storage,415,7060047060,0,0.0011163973406731,0.08100310732052296,0.024407994326938617,0.2647058823529412
raw,0,storage,416,7060047060,0,0.0315074905556201,0.08100310732052296,0.6033135554018928,0.2647058823529412
raw,0,storage,421,7060047060,1,0.1485760513867321,0.08100310732052296,0.45961717218895226,0.2647058823529412
raw,0,storage,500,7060047060,0,0.0300792034029255,0.08100310732052296,0.3001348167358776,0.2647058823529412
raw,0,storage,505,7060047060,0,0.0250795403929746,0.08100310732052296,0.1424712617753652,0.2647058823529412
raw,0,storage,511,7060047060,0,0.0312211201464531,0.08100310732052296,0.24306343861896149,0.2647058823529412
raw,0,storage,522,7060047060,0,0.0475959729474947,0.08100310732052296,0.10573593841350086,0.2647058823529412
raw,0,storage,530,7060047060,0,0.0273604206793223,0.08100310732052296,0.19333377999886842,0.2647058823529412
raw,0,storage,533,7060047060,0,0.0097018783796665,0.08100310732052296,0.2023342885013598,0.2647058823529412
raw,0,storage,7313,7060047060,0,0.0175736825793128,0.08100310732052296,0.28421246414264917,0.2647058823529412
raw,0,storage,7318,7060047060,0,0.002379618619958,0.08100310732052296,0.8055946199867303,0.2647058823529412
raw,0,storage,753,7060047060,1,0.0921182914550661,0.08100310732052296,0.9987557376603583,0.2647058823529412
raw,0,storage,870,7060047060,1,0.1379841663054596,0.08100310732052296,0.9904627292176084,0.2647058823529412
raw,0,storage,882,7060047060,0,0.0484413551287019,0.08100310732052296,0.1109239329341768,0.2647058823529412
raw,0,storage,884,7060047060,0,0.0066596591493417,0.08100310732052296,0.5878344047616751,0.2647058823529412
raw,0,storage,885,7060047060,1,0.1146845360889325,0.08100310732052296,0.06779097629753882,0.2647058823529412
raw,0,storage,895,7060047060,0,0.0062403033884172,0.08100310732052296,0.889096577628467,0.2647058823529412
raw,0,storage,898,7060047060,1,0.2984828163363874,0.08100310732052296,0.0585208491483854,0.2647058823529412
raw,0,storage,920,7060047060,0,0.0369079523869115,0.08100310732052296,0.08244400106907047,0.2647058823529412
raw,0,storage,931,7060047060,1,0.2932798681465973,0.08100310732052296,0.11329695914893971,0.2647058823529412
raw,0,storage,938,7060047060,1,0.4289313266518157,0.08100310732052296,0.37687775265765733,0.2647058823529412
raw,0,combined,1017,7060047060,0,0.0661806908410731,0.08100310732052296,0.45006560192449596,0.2647058823529412
raw,0,combined,1026,7060047060,0,0.0129395938241423,0.08100310732052296,0.05340417549745822,0.2647058823529412
raw,0,combined,1033,7060047060,0,0.0099127833868429,0.08100310732052296,0.1871272715444753,0.2647058823529412
raw,0,combined,1036,7060047060,0,0.0066655470329326,0.08100310732052296,0.09369141148028756,0.2647058823529412
raw,0,combined,1042,7060047060,0,0.0576208742948567,0.08100310732052296,0.14377473367049215,0.2647058823529412
raw,0,combined,1067,7060047060,0,0.0660903282216471,0.08100310732052296,0.05517382743669001,0.2647058823529412
raw,0,combined,1092,7060047060,0,0.0797481143388978,0.08100310732052296,0.10063629382310366,0.2647058823529412
raw,0,combined,1101,7060047060,1,0.1155668364797469,0.08100310732052296,0.23237735923805908,0.2647058823529412
raw,0,combined,1112,7060047060,1,0.1163806744895136,0.08100310732052296,0.08147090047030908,0.2647058823529412
raw,0,combined,1121,7060047060,0,0.0702270583911843,0.08100310732052296,0.03223678601876229,0.2647058823529412
raw,0,combined,1122,7060047060,0,0.063356139903612,0.08100310732052296,0.017567081489647054,0.2647058823529412
raw,0,combined,1125,7060047060,0,0.0702270583911843,0.08100310732052296,0.03223678601876229,0.2647058823529412
raw,0,combined,1127,7060047060,1,0.0819662681291494,0.08100310732052296,0.6098271939464002,0.2647058823529412
raw,0,combined,1192,7060047060,0,0.0411899853041451,0.08100310732052296,0.002936424832468274,0.2647058823529412
raw,0,combined,1586,7060047060,0,0.026020247285684,0.08100310732052296,0.8546619022007321,0.2647058823529412
raw,0,combined,1587,7060047060,0,0.004616761578994,0.08100310732052296,0.6733415241042633,0.2647058823529412
raw,0,combined,1592,7060047060,1,0.1240502134703719,0.08100310732052296,0.6277156834498513,0.2647058823529412
raw,0,combined,1595,7060047060,0,0.0679081385078783,0.08100310732052296,0.9644667432970752,0.2647058823529412
raw,0,combined,1600,7060047060,0,0.0220011823998568,0.08100310732052296,0.03526876033414645,0.2647058823529412
raw,0,combined,1617,7060047060,0,0.0477657972396746,0.08100310732052296,0.3328555486190551,0.2647058823529412
raw,0,combined,1619,7060047060,1,0.0911691275179692,0.08100310732052296,0.30178525516775984,0.2647058823529412
raw,0,combined,1620,7060047060,0,0.0212902851285782,0.08100310732052296,0.23504499654039132,0.2647058823529412
raw,0,combined,1631,7060047060,0,0.0724517963112369,0.08100310732052296,0.1025687571559234,0.2647058823529412
raw,0,combined,1634,7060047060,0,0.0315927631408664,0.08100310732052296,0.8508501264219607,0.2647058823529412
raw,0,combined,1636,7060047060,1,0.1089214739264765,0.08100310732052296,0.18488264746113334,0.2647058823529412
raw,0,combined,1645,7060047060,0,0.0335295985633531,0.08100310732052296,0.6627862441790343,0.2647058823529412
raw,0,combined,1650,7060047060,1,0.1076187118628826,0.08100310732052296,0.01755553388069225,0.2647058823529412
raw,0,combined,1654,7060047060,0,0.0102103888403878,0.08100310732052296,0.4003335906682887,0.2647058823529412
raw,0,combined,1655,7060047060,0,0.0005167570856323,0.08100310732052296,0.6560968320306437,0.2647058823529412
raw,0,combined,1656,7060047060,0,0.0432281164274903,0.08100310732052296,0.8542045761556476,0.2647058823529412
raw,0,combined,1683,7060047060,0,0.0608106665043702,0.08100310732052296,0.5745344957450611,0.2647058823529412
raw,0,combined,1691,7060047060,0,0.0528997744167713,0.08100310732052296,0.4476590936885742,0.2647058823529412
raw,0,combined,1699,7060047060,0,0.0085303971880998,0.08100310732052296,0.6232291822699072,0.2647058823529412
raw,0,combined,1703,7060047060,1,0.1160380332292541,0.08100310732052296,0.6674959228650404,0.2647058823529412
raw,0,combined,1706,7060047060,0,0.0063036137219683,0.08100310732052296,0.23408460540544962,0.2647058823529412
raw,0,combined,1707,7060047060,0,0.0388500034029228,0.08100310732052296,0.09496539557989306,0.2647058823529412
raw,0,combined,1709,7060047060,0,0.0232219782667713,0.08100310732052296,0.7552799371838289,0.2647058823529412
raw,0,combined,1712,7060047060,0,0.0213803258478193,0.08100310732052296,0.30673159404231537,0.2647058823529412
raw,0,combined,1713,7060047060,0,0.0782013557274151,0.08100310732052296,0.2135777267857514,0.2647058823529412
raw,0,combined,1714,7060047060,0,0.062423283878192,0.08100310732052296,0.789730835353949,0.2647058823529412
raw,0,combined,1718,7060047060,0,0.0398605373403212,0.08100310732052296,0.5237280395145519,0.2647058823529412
raw,0,combined,1723,7060047060,0,0.0118988717878833,0.08100310732052296,0.030447967754038775,0.2647058823529412
raw,0,combined,1726,7060047060,0,0.0195922661451829,0.08100310732052296,0.15244952281530869,0.2647058823529412
raw,0,combined,1735,7060047060,0,0.0104301162304321,0.08100310732052296,0.4502018545848647,0.2647058823529412
raw,0,combined,1739,7060047060,0,0.0082424188599535,0.08100310732052296,0.7630778375075726,0.2647058823529412
raw,0,combined,1740,7060047060,0,0.0315927631408664,0.08100310732052296,0.8508501264219607,0.2647058823529412
raw,0,combined,1741,7060047060,0,0.0507253768413835,0.08100310732052296,0.8021989893345867,0.2647058823529412
raw,0,combined,1742,7060047060,0,5.7310515262490314e-05,0.08100310732052296,0.5370846898676781,0.2647058823529412
raw,0,combined,1744,7060047060,0,0.0254398230019253,0.08100310732052296,0.7324435058077489,0.2647058823529412
raw,0,combined,1752,7060047060,0,0.0114482350067689,0.08100310732052296,0.4926266759673601,0.2647058823529412
raw,0,combined,1753,7060047060,1,0.0926157348421968,0.08100310732052296,0.33737302317847706,0.2647058823529412
raw,0,combined,1755,7060047060,1,0.0886615293057631,0.08100310732052296,0.32565944340293684,0.2647058823529412
raw,0,combined,1768,7060047060,0,0.0069266720307528,0.08100310732052296,0.06457426145961219,0.2647058823529412
raw,0,combined,1777,7060047060,0,0.0093876593386526,0.08100310732052296,0.035195268914850995,0.2647058823529412
raw,0,combined,1848,7060047060,0,0.0027068736991273,0.08100310732052296,0.13042653176048186,0.2647058823529412
raw,0,combined,1864,7060047060,0,0.0216404082550137,0.08100310732052296,0.25745126934615764,0.2647058823529412
raw,0,combined,1869,7060047060,0,0.0327611145334567,0.08100310732052296,0.03629969308281884,0.2647058823529412
raw,0,combined,307,7060047060,0,0.0176008418921111,0.08100310732052296,0.9997528109517505,0.2647058823529412
raw,0,combined,319,7060047060,0,0.015770863968425,0.08100310732052296,0.04724473104264377,0.2647058823529412
raw,0,combined,355,7060047060,0,0.0277497082374382,0.08100310732052296,0.04530751075399457,0.2647058823529412
raw,0,combined,362,7060047060,1,0.2980098587408727,0.08100310732052296,0.009903797221931134,0.2647058823529412
raw,0,combined,364,7060047060,0,0.0239510591334607,0.08100310732052296,0.19536327306997342,0.2647058823529412
raw,0,combined,368,7060047060,0,0.0179687718347156,0.08100310732052296,0.009325233720170446,0.2647058823529412
raw,0,combined,373,7060047060,1,0.0951235823515067,0.08100310732052296,0.05055067062733435,0.2647058823529412
raw,0,combined,393,7060047060,0,0.0076034952663138,0.08100310732052296,0.14280804171423114,0.2647058823529412
raw,0,combined,398,7060047060,0,0.0312605809770644,0.08100310732052296,0.12002117068972797,0.2647058823529412
raw,0,combined,415,7060047060,0,0.0011163973406731,0.08100310732052296,0.025872052959989383,0.2647058823529412
raw,0,combined,416,7060047060,0,0.0315074905556201,0.08100310732052296,0.3103064901478122,0.2647058823529412
raw,0,combined,421,7060047060,1,0.1485760513867321,0.08100310732052296,0.3275535607044546,0.2647058823529412
raw,0,combined,500,7060047060,0,0.0300792034029255,0.08100310732052296,0.33201182470175705,0.2647058823529412
raw,0,combined,505,7060047060,0,0.0250795403929746,0.08100310732052296,0.09612448055003159,0.2647058823529412
raw,0,combined,511,7060047060,0,0.0312211201464531,0.08100310732052296,0.22014973320527081,0.2647058823529412
raw,0,combined,522,7060047060,0,0.0475959729474947,0.08100310732052296,0.0953187360229587,0.2647058823529412
raw,0,combined,530,7060047060,0,0.0273604206793223,0.08100310732052296,0.15975336506032403,0.2647058823529412
raw,0,combined,533,7060047060,0,0.0097018783796665,0.08100310732052296,0.16388552925867036,0.2647058823529412
raw,0,combined,7313,7060047060,0,0.0175736825793128,0.08100310732052296,0.20788362290676954,0.2647058823529412
raw,0,combined,7318,7060047060,0,0.002379618619958,0.08100310732052296,0.7789212304183679,0.2647058823529412
raw,0,combined,753,7060047060,1,0.0921182914550661,0.08100310732052296,0.9976138479244168,0.2647058823529412
raw,0,combined,870,7060047060,1,0.1379841663054596,0.08100310732052296,0.9726993473638155,0.2647058823529412
raw,0,combined,882,7060047060,0,0.0484413551287019,0.08100310732052296,0.04346221018913581,0.2647058823529412
raw,0,combined,884,7060047060,0,0.0066596591493417,0.08100310732052296,0.48843521861404193,0.2647058823529412
raw,0,combined,885,7060047060,1,0.1146845360889325,0.08100310732052296,0.01519578659672539,0.2647058823529412
raw,0,combined,895,7060047060,0,0.0062403033884172,0.08100310732052296,0.8629815545303995,0.2647058823529412
raw,0,combined,898,7060047060,1,0.2984828163363874,0.08100310732052296,0.012728676784826098,0.2647058823529412
raw,0,combined,920,7060047060,0,0.0369079523869115,0.08100310732052296,0.0769118294390399,0.2647058823529412
raw,0,combined,931,7060047060,1,0.2932798681465973,0.08100310732052296,0.07111260131090759,0.2647058823529412
raw,0,combined,938,7060047060,1,0.4289313266518157,0.08100310732052296,0.012887723179884302,0.2647058823529412
raw,1,prevalence,419,7060008710,0,0.0592438332558433,0.0684445517454597,0.2524271844660194,0.2524271844660194
raw,1,prevalence,423,7060008710,0,0.067434812263302,0.0684445517454597,0.2524271844660194,0.2524271844660194
raw,1,prevalence,445,7060008710,0,0.0344040264523462,0.0684445517454597,0.2524271844660194,0.2524271844660194
raw,1,prevalence,448,7060008710,0,0.009812911217296,0.0684445517454597,0.2524271844660194,0.2524271844660194
raw,1,prevalence,451,7060008710,1,0.0819166733997728,0.0684445517454597,0.2524271844660194,0.2524271844660194
raw,1,prevalence,469,7060008710,0,0.0374314940152415,0.0684445517454597,0.2524271844660194,0.2524271844660194
raw,1,prevalence,470,7060008710,0,0.019164736692788,0.0684445517454597,0.2524271844660194,0.2524271844660194
raw,1,prevalence,488,7060008710,1,0.1083118682250047,0.0684445517454597,0.2524271844660194,0.2524271844660194
raw,1,prevalence,497,7060008710,1,0.0936434251620115,0.0684445517454597,0.2524271844660194,0.2524271844660194
raw,1,prevalence,502,7060008710,1,0.0757264577232805,0.0684445517454597,0.2524271844660194,0.2524271844660194
raw,1,prevalence,509,7060008710,1,0.1274683241447859,0.0684445517454597,0.2524271844660194,0.2524271844660194
raw,1,prevalence,517,7060008710,0,0.0280362554615576,0.0684445517454597,0.2524271844660194,0.2524271844660194
raw,1,prevalence,518,7060008710,0,0.0121740670222354,0.0684445517454597,0.2524271844660194,0.2524271844660194
raw,1,prevalence,531,7060008710,0,0.0517884993991202,0.0684445517454597,0.2524271844660194,0.2524271844660194
raw,1,prevalence,536,7060008710,0,0.0086167671320379,0.0684445517454597,0.2524271844660194,0.2524271844660194
raw,1,prevalence,541,7060008710,0,0.0504123918622658,0.0684445517454597,0.2524271844660194,0.2524271844660194
raw,1,prevalence,542,7060008710,0,0.0403558418027999,0.0684445517454597,0.2524271844660194,0.2524271844660194
raw,1,prevalence,549,7060008710,0,0.0437649594470664,0.0684445517454597,0.2524271844660194,0.2524271844660194
raw,1,prevalence,567,7060008710,1,0.0916782836918689,0.0684445517454597,0.2524271844660194,0.2524271844660194
raw,1,prevalence,574,7060008710,0,0.050677273581498,0.0684445517454597,0.2524271844660194,0.2524271844660194
raw,1,prevalence,575,7060008710,1,0.1085412241967072,0.0684445517454597,0.2524271844660194,0.2524271844660194
raw,1,prevalence,597,7060008710,0,0.0233737955600689,0.0684445517454597,0.2524271844660194,0.2524271844660194
raw,1,prevalence,601,7060008710,0,0.0507563519019222,0.0684445517454597,0.2524271844660194,0.2524271844660194
raw,1,hydrology,419,7060008710,0,0.0592438332558433,0.0684445517454597,0.3157655447945487,0.2524271844660194
raw,1,hydrology,423,7060008710,0,0.067434812263302,0.0684445517454597,0.15678613409243755,0.2524271844660194
raw,1,hydrology,445,7060008710,0,0.0344040264523462,0.0684445517454597,0.29566265646439643,0.2524271844660194
raw,1,hydrology,448,7060008710,0,0.009812911217296,0.0684445517454597,0.4044319745785316,0.2524271844660194
raw,1,hydrology,451,7060008710,1,0.0819166733997728,0.0684445517454597,0.21283583535068357,0.2524271844660194
raw,1,hydrology,469,7060008710,0,0.0374314940152415,0.0684445517454597,0.27768859442942806,0.2524271844660194
raw,1,hydrology,470,7060008710,0,0.019164736692788,0.0684445517454597,0.7759543886746602,0.2524271844660194
raw,1,hydrology,488,7060008710,1,0.1083118682250047,0.0684445517454597,0.19034649415811986,0.2524271844660194
raw,1,hydrology,497,7060008710,1,0.0936434251620115,0.0684445517454597,0.3863285704979755,0.2524271844660194
raw,1,hydrology,502,7060008710,1,0.0757264577232805,0.0684445517454597,0.20593382142274377,0.2524271844660194
raw,1,hydrology,509,7060008710,1,0.1274683241447859,0.0684445517454597,0.3805017504567971,0.2524271844660194
raw,1,hydrology,517,7060008710,0,0.0280362554615576,0.0684445517454597,0.2218553086136287,0.2524271844660194
raw,1,hydrology,518,7060008710,0,0.0121740670222354,0.0684445517454597,0.23402298822747508,0.2524271844660194
raw,1,hydrology,531,7060008710,0,0.0517884993991202,0.0684445517454597,0.4529339937854549,0.2524271844660194
raw,1,hydrology,536,7060008710,0,0.0086167671320379,0.0684445517454597,0.2363730368052194,0.2524271844660194
raw,1,hydrology,541,7060008710,0,0.0504123918622658,0.0684445517454597,0.22279574647828562,0.2524271844660194
raw,1,hydrology,542,7060008710,0,0.0403558418027999,0.0684445517454597,0.15621752921325893,0.2524271844660194
raw,1,hydrology,549,7060008710,0,0.0437649594470664,0.0684445517454597,0.4465963058963761,0.2524271844660194
raw,1,hydrology,567,7060008710,1,0.0916782836918689,0.0684445517454597,0.40832263918871237,0.2524271844660194
raw,1,hydrology,574,7060008710,0,0.050677273581498,0.0684445517454597,0.282045459095336,0.2524271844660194
raw,1,hydrology,575,7060008710,1,0.1085412241967072,0.0684445517454597,0.2943900957337821,0.2524271844660194
raw,1,hydrology,597,7060008710,0,0.0233737955600689,0.0684445517454597,0.22227948721146995,0.2524271844660194
raw,1,hydrology,601,7060008710,0,0.0507563519019222,0.0684445517454597,0.2393019372203822,0.2524271844660194
raw,1,storage,419,7060008710,0,0.0592438332558433,0.0684445517454597,0.19136270362620383,0.2524271844660194
raw,1,storage,423,7060008710,0,0.067434812263302,0.0684445517454597,0.2930899320209857,0.2524271844660194
raw,1,storage,445,7060008710,0,0.0344040264523462,0.0684445517454597,0.14709522194439298,0.2524271844660194
raw,1,storage,448,7060008710,0,0.009812911217296,0.0684445517454597,0.16303499616047515,0.2524271844660194
raw,1,storage,451,7060008710,1,0.0819166733997728,0.0684445517454597,0.22328263978225166,0.2524271844660194
raw,1,storage,469,7060008710,0,0.0374314940152415,0.0684445517454597,0.29594791054199104,0.2524271844660194
raw,1,storage,470,7060008710,0,0.019164736692788,0.0684445517454597,0.24334793978762329,0.2524271844660194
raw,1,storage,488,7060008710,1,0.1083118682250047,0.0684445517454597,0.31729872279462984,0.2524271844660194
raw,1,storage,497,7060008710,1,0.0936434251620115,0.0684445517454597,0.3344723999860502,0.2524271844660194
raw,1,storage,502,7060008710,1,0.0757264577232805,0.0684445517454597,0.22392970291464045,0.2524271844660194
raw,1,storage,509,7060008710,1,0.1274683241447859,0.0684445517454597,0.36001656188500636,0.2524271844660194
raw,1,storage,517,7060008710,0,0.0280362554615576,0.0684445517454597,0.3475073494792663,0.2524271844660194
raw,1,storage,518,7060008710,0,0.0121740670222354,0.0684445517454597,0.2864116234515918,0.2524271844660194
raw,1,storage,531,7060008710,0,0.0517884993991202,0.0684445517454597,0.2841290583984095,0.2524271844660194
raw,1,storage,536,7060008710,0,0.0086167671320379,0.0684445517454597,0.2688700990406785,0.2524271844660194
raw,1,storage,541,7060008710,0,0.0504123918622658,0.0684445517454597,0.2883699806073027,0.2524271844660194
raw,1,storage,542,7060008710,0,0.0403558418027999,0.0684445517454597,0.4238450693075564,0.2524271844660194
raw,1,storage,549,7060008710,0,0.0437649594470664,0.0684445517454597,0.16743705146530471,0.2524271844660194
raw,1,storage,567,7060008710,1,0.0916782836918689,0.0684445517454597,0.25789522978764856,0.2524271844660194
raw,1,storage,574,7060008710,0,0.050677273581498,0.0684445517454597,0.25748690159009785,0.2524271844660194
raw,1,storage,575,7060008710,1,0.1085412241967072,0.0684445517454597,0.2497949507170313,0.2524271844660194
raw,1,storage,597,7060008710,0,0.0233737955600689,0.0684445517454597,0.9516586929402443,0.2524271844660194
raw,1,storage,601,7060008710,0,0.0507563519019222,0.0684445517454597,0.2981090596393519,0.2524271844660194
raw,1,combined,419,7060008710,0,0.0592438332558433,0.0684445517454597,0.22232815257488936,0.2524271844660194
raw,1,combined,423,7060008710,0,0.067434812263302,0.0684445517454597,0.19349149921340625,0.2524271844660194
raw,1,combined,445,7060008710,0,0.0344040264523462,0.0684445517454597,0.15642772893483003,0.2524271844660194
raw,1,combined,448,7060008710,0,0.009812911217296,0.0684445517454597,0.25056372693756723,0.2524271844660194
raw,1,combined,451,7060008710,1,0.0819166733997728,0.0684445517454597,0.2010490471143346,0.2524271844660194
raw,1,combined,469,7060008710,0,0.0374314940152415,0.0684445517454597,0.3174553950593782,0.2524271844660194
raw,1,combined,470,7060008710,0,0.019164736692788,0.0684445517454597,0.6798354909406443,0.2524271844660194
raw,1,combined,488,7060008710,1,0.1083118682250047,0.0684445517454597,0.23615345895823198,0.2524271844660194
raw,1,combined,497,7060008710,1,0.0936434251620115,0.0684445517454597,0.44986955543197965,0.2524271844660194
raw,1,combined,502,7060008710,1,0.0757264577232805,0.0684445517454597,0.1721422332005974,0.2524271844660194
raw,1,combined,509,7060008710,1,0.1274683241447859,0.0684445517454597,0.4767418665842766,0.2524271844660194
raw,1,combined,517,7060008710,0,0.0280362554615576,0.0684445517454597,0.3061309890375296,0.2524271844660194
raw,1,combined,518,7060008710,0,0.0121740670222354,0.0684445517454597,0.2655339931586342,0.2524271844660194
raw,1,combined,531,7060008710,0,0.0517884993991202,0.0684445517454597,0.4240348975522694,0.2524271844660194
raw,1,combined,536,7060008710,0,0.0086167671320379,0.0684445517454597,0.23892348885601178,0.2524271844660194
raw,1,combined,541,7060008710,0,0.0504123918622658,0.0684445517454597,0.26288023556611945,0.2524271844660194
raw,1,combined,542,7060008710,0,0.0403558418027999,0.0684445517454597,0.2828277885243473,0.2524271844660194
raw,1,combined,549,7060008710,0,0.0437649594470664,0.0684445517454597,0.2803329115689813,0.2524271844660194
raw,1,combined,567,7060008710,1,0.0916782836918689,0.0684445517454597,0.39864697019313156,0.2524271844660194
raw,1,combined,574,7060008710,0,0.050677273581498,0.0684445517454597,0.2685860331343364,0.2524271844660194
raw,1,combined,575,7060008710,1,0.1085412241967072,0.0684445517454597,0.2739204896597901,0.2524271844660194
raw,1,combined,597,7060008710,0,0.0233737955600689,0.0684445517454597,0.8322623744480149,0.2524271844660194
raw,1,combined,601,7060008710,0,0.0507563519019222,0.0684445517454597,0.29226545878242616,0.2524271844660194
raw,2,prevalence,1249,7060048410,1,0.29665629285461,0.0744001513739818,0.24786324786324787,0.24786324786324787
raw,2,prevalence,132,7060013550,0,0.0711948681335463,0.0744001513739818,0.24786324786324787,0.24786324786324787
raw,2,prevalence,133,7060013550,0,0.0406413080163696,0.0744001513739818,0.24786324786324787,0.24786324786324787
raw,2,prevalence,148,7060013550,0,0.0365927941233602,0.0744001513739818,0.24786324786324787,0.24786324786324787
raw,2,prevalence,1776,7060043090,0,0.0388075920000596,0.0744001513739818,0.24786324786324787,0.24786324786324787
raw,2,prevalence,182,7060013550,0,0.0060483076987569,0.0744001513739818,0.24786324786324787,0.24786324786324787
raw,2,prevalence,191,7060013550,1,0.0833506083857305,0.0744001513739818,0.24786324786324787,0.24786324786324787
raw,2,prevalence,198,7060013550,0,0.0540625618764696,0.0744001513739818,0.24786324786324787,0.24786324786324787
raw,2,prevalence,204,7060013550,0,0.071196320778363,0.0744001513739818,0.24786324786324787,0.24786324786324787
raw,2,prevalence,595,7060013550,1,0.0837331882507079,0.0744001513739818,0.24786324786324787,0.24786324786324787
raw,2,prevalence,600,7060013550,0,0.0052006681098061,0.0744001513739818,0.24786324786324787,0.24786324786324787
raw,2,prevalence,612,7060013550,0,0.0399467052971805,0.0744001513739818,0.24786324786324787,0.24786324786324787
raw,2,hydrology,1249,7060048410,1,0.29665629285461,0.0744001513739818,0.7170492683929487,0.24786324786324787
raw,2,hydrology,132,7060013550,0,0.0711948681335463,0.0744001513739818,0.14904059783033363,0.24786324786324787
raw,2,hydrology,133,7060013550,0,0.0406413080163696,0.0744001513739818,0.10896393001326281,0.24786324786324787
raw,2,hydrology,148,7060013550,0,0.0365927941233602,0.0744001513739818,0.1494444839065596,0.24786324786324787
raw,2,hydrology,1776,7060043090,0,0.0388075920000596,0.0744001513739818,0.10801592720875042,0.24786324786324787
raw,2,hydrology,182,7060013550,0,0.0060483076987569,0.0744001513739818,0.13692005274592217,0.24786324786324787
raw,2,hydrology,191,7060013550,1,0.0833506083857305,0.0744001513739818,0.45493522566231276,0.24786324786324787
raw,2,hydrology,198,7060013550,0,0.0540625618764696,0.0744001513739818,0.15767592167923852,0.24786324786324787
raw,2,hydrology,204,7060013550,0,0.071196320778363,0.0744001513739818,0.2050233064779742,0.24786324786324787
raw,2,hydrology,595,7060013550,1,0.0837331882507079,0.0744001513739818,0.19800809645784923,0.24786324786324787
raw,2,hydrology,600,7060013550,0,0.0052006681098061,0.0744001513739818,0.23685606406605608,0.24786324786324787
raw,2,hydrology,612,7060013550,0,0.0399467052971805,0.0744001513739818,0.3112495074208446,0.24786324786324787
raw,2,storage,1249,7060048410,1,0.29665629285461,0.0744001513739818,0.43791839370255164,0.24786324786324787
raw,2,storage,132,7060013550,0,0.0711948681335463,0.0744001513739818,0.07066775935874026,0.24786324786324787
raw,2,storage,133,7060013550,0,0.0406413080163696,0.0744001513739818,0.31649474382421805,0.24786324786324787
raw,2,storage,148,7060013550,0,0.0365927941233602,0.0744001513739818,0.12541411805432934,0.24786324786324787
raw,2,storage,1776,7060043090,0,0.0388075920000596,0.0744001513739818,0.13655768223301584,0.24786324786324787
raw,2,storage,182,7060013550,0,0.0060483076987569,0.0744001513739818,0.23314430606779918,0.24786324786324787
raw,2,storage,191,7060013550,1,0.0833506083857305,0.0744001513739818,0.18370333809633585,0.24786324786324787
raw,2,storage,198,7060013550,0,0.0540625618764696,0.0744001513739818,0.18486088842434736,0.24786324786324787
raw,2,storage,204,7060013550,0,0.071196320778363,0.0744001513739818,0.1257621664006947,0.24786324786324787
raw,2,storage,595,7060013550,1,0.0837331882507079,0.0744001513739818,0.10149222848945098,0.24786324786324787
raw,2,storage,600,7060013550,0,0.0052006681098061,0.0744001513739818,0.06756746124845872,0.24786324786324787
raw,2,storage,612,7060013550,0,0.0399467052971805,0.0744001513739818,0.13011437148705565,0.24786324786324787
raw,2,combined,1249,7060048410,1,0.29665629285461,0.0744001513739818,0.90602895947406,0.24786324786324787
raw,2,combined,132,7060013550,0,0.0711948681335463,0.0744001513739818,0.034951418735819785,0.24786324786324787
raw,2,combined,133,7060013550,0,0.0406413080163696,0.0744001513739818,0.12832815443665452,0.24786324786324787
raw,2,combined,148,7060013550,0,0.0365927941233602,0.0744001513739818,0.07756389342563359,0.24786324786324787
raw,2,combined,1776,7060043090,0,0.0388075920000596,0.0744001513739818,0.043740892629747515,0.24786324786324787
raw,2,combined,182,7060013550,0,0.0060483076987569,0.0744001513739818,0.11403527725268912,0.24786324786324787
raw,2,combined,191,7060013550,1,0.0833506083857305,0.0744001513739818,0.20407858079223587,0.24786324786324787
raw,2,combined,198,7060013550,0,0.0540625618764696,0.0744001513739818,0.09518963641756296,0.24786324786324787
raw,2,combined,204,7060013550,0,0.071196320778363,0.0744001513739818,0.07481432647149223,0.24786324786324787
raw,2,combined,595,7060013550,1,0.0837331882507079,0.0744001513739818,0.06115378965875846,0.24786324786324787
raw,2,combined,600,7060013550,0,0.0052006681098061,0.0744001513739818,0.05883186576065647,0.24786324786324787
raw,2,combined,612,7060013550,0,0.0399467052971805,0.0744001513739818,0.18846128856415267,0.24786324786324787
raw,3,prevalence,1086,7060049270,1,0.2217354685387309,0.074582291139016,0.25471698113207547,0.25471698113207547
raw,3,prevalence,131,7060014200,0,0.0249199090411551,0.074582291139016,0.25471698113207547,0.25471698113207547
raw,3,prevalence,1761,7060042310,0,0.0563174543599799,0.074582291139016,0.25471698113207547,0.25471698113207547
raw,3,prevalence,1879,7060043160,0,0.0189630472533736,0.074582291139016,0.25471698113207547,0.25471698113207547
raw,3,prevalence,310,7060014930,0,0.0032471728048043,0.074582291139016,0.25471698113207547,0.25471698113207547
raw,3,prevalence,316,7060014930,0,0.0173156375915531,0.074582291139016,0.25471698113207547,0.25471698113207547
raw,3,prevalence,361,7060014930,0,0.0092833383677063,0.074582291139016,0.25471698113207547,0.25471698113207547
raw,3,prevalence,372,7060014930,0,0.0213527795408919,0.074582291139016,0.25471698113207547,0.25471698113207547
raw,3,prevalence,384,7060014930,0,0.0210427664912945,0.074582291139016,0.25471698113207547,0.25471698113207547
raw,3,prevalence,386,7060014930,0,0.0440531229280449,0.074582291139016,0.25471698113207547,0.25471698113207547
raw,3,prevalence,391,7060014930,0,0.0241012431047274,0.074582291139016,0.25471698113207547,0.25471698113207547
raw,3,prevalence,41,7060016090,0,0.0249967549481449,0.074582291139016,0.25471698113207547,0.25471698113207547
raw,3,prevalence,413,7060014930,0,0.0115012647641295,0.074582291139016,0.25471698113207547,0.25471698113207547
raw,3,prevalence,42,7060016090,0,0.0278055277689229,0.074582291139016,0.25471698113207547,0.25471698113207547
raw,3,prevalence,55,7060014930,0,0.0130463884647791,0.074582291139016,0.25471698113207547,0.25471698113207547
raw,3,prevalence,57,7060014930,0,0.0466637394931272,0.074582291139016,0.25471698113207547,0.25471698113207547
raw,3,prevalence,60,7060014930,0,0.0622135008805959,0.074582291139016,0.25471698113207547,0.25471698113207547
raw,3,prevalence,63,7060014930,1,0.0940410383087964,0.074582291139016,0.25471698113207547,0.25471698113207547
raw,3,hydrology,1086,7060049270,1,0.2217354685387309,0.074582291139016,0.4816473083296772,0.25471698113207547
raw,3,hydrology,131,7060014200,0,0.0249199090411551,0.074582291139016,0.2759837172845792,0.25471698113207547
raw,3,hydrology,1761,7060042310,0,0.0563174543599799,0.074582291139016,0.14166659240202398,0.25471698113207547
raw,3,hydrology,1879,7060043160,0,0.0189630472533736,0.074582291139016,0.3997748003584391,0.25471698113207547
raw,3,hydrology,310,7060014930,0,0.0032471728048043,0.074582291139016,0.0997070210558568,0.25471698113207547
raw,3,hydrology,316,7060014930,0,0.0173156375915531,0.074582291139016,0.1728884142993968,0.25471698113207547
raw,3,hydrology,361,7060014930,0,0.0092833383677063,0.074582291139016,0.15858110814417228,0.25471698113207547
raw,3,hydrology,372,7060014930,0,0.0213527795408919,0.074582291139016,0.4280943052423882,0.25471698113207547
raw,3,hydrology,384,7060014930,0,0.0210427664912945,0.074582291139016,0.3028277906884329,0.25471698113207547
raw,3,hydrology,386,7060014930,0,0.0440531229280449,0.074582291139016,0.4847587790156331,0.25471698113207547
raw,3,hydrology,391,7060014930,0,0.0241012431047274,0.074582291139016,0.2059261939859797,0.25471698113207547
raw,3,hydrology,41,7060016090,0,0.0249967549481449,0.074582291139016,0.2270885602404741,0.25471698113207547
raw,3,hydrology,413,7060014930,0,0.0115012647641295,0.074582291139016,0.15661491771504069,0.25471698113207547
raw,3,hydrology,42,7060016090,0,0.0278055277689229,0.074582291139016,0.19629927454075777,0.25471698113207547
raw,3,hydrology,55,7060014930,0,0.0130463884647791,0.074582291139016,0.21747219991391953,0.25471698113207547
raw,3,hydrology,57,7060014930,0,0.0466637394931272,0.074582291139016,0.24872308840875473,0.25471698113207547
raw,3,hydrology,60,7060014930,0,0.0622135008805959,0.074582291139016,0.1944465893441034,0.25471698113207547
raw,3,hydrology,63,7060014930,1,0.0940410383087964,0.074582291139016,0.15607959967311189,0.25471698113207547
raw,3,storage,1086,7060049270,1,0.2217354685387309,0.074582291139016,0.38310566345113206,0.25471698113207547
raw,3,storage,131,7060014200,0,0.0249199090411551,0.074582291139016,0.15529999174351333,0.25471698113207547
raw,3,storage,1761,7060042310,0,0.0563174543599799,0.074582291139016,0.1786565706623508,0.25471698113207547
raw,3,storage,1879,7060043160,0,0.0189630472533736,0.074582291139016,0.06252780870336949,0.25471698113207547
raw,3,storage,310,7060014930,0,0.0032471728048043,0.074582291139016,0.7017764790164128,0.25471698113207547
raw,3,storage,316,7060014930,0,0.0173156375915531,0.074582291139016,0.06252780870336949,0.25471698113207547
raw,3,storage,361,7060014930,0,0.0092833383677063,0.074582291139016,0.15382403636506342,0.25471698113207547
raw,3,storage,372,7060014930,0,0.0213527795408919,0.074582291139016,0.1472453786373119,0.25471698113207547
raw,3,storage,384,7060014930,0,0.0210427664912945,0.074582291139016,0.26642180605514404,0.25471698113207547
raw,3,storage,386,7060014930,0,0.0440531229280449,0.074582291139016,0.2531403197777046,0.25471698113207547
raw,3,storage,391,7060014930,0,0.0241012431047274,0.074582291139016,0.09214637561055919,0.25471698113207547
raw,3,storage,41,7060016090,0,0.0249967549481449,0.074582291139016,0.6189032217300371,0.25471698113207547
raw,3,storage,413,7060014930,0,0.0115012647641295,0.074582291139016,0.05716046934954374,0.25471698113207547
raw,3,storage,42,7060016090,0,0.0278055277689229,0.074582291139016,0.44884396802119564,0.25471698113207547
raw,3,storage,55,7060014930,0,0.0130463884647791,0.074582291139016,0.2295566973599885,0.25471698113207547
raw,3,storage,57,7060014930,0,0.0466637394931272,0.074582291139016,0.3832083650838618,0.25471698113207547
raw,3,storage,60,7060014930,0,0.0622135008805959,0.074582291139016,0.20513311031932432,0.25471698113207547
raw,3,storage,63,7060014930,1,0.0940410383087964,0.074582291139016,0.23709816721338559,0.25471698113207547
raw,3,combined,1086,7060049270,1,0.2217354685387309,0.074582291139016,0.4202236787655061,0.25471698113207547
raw,3,combined,131,7060014200,0,0.0249199090411551,0.074582291139016,0.15842320097656742,0.25471698113207547
raw,3,combined,1761,7060042310,0,0.0563174543599799,0.074582291139016,0.07686688734564871,0.25471698113207547
raw,3,combined,1879,7060043160,0,0.0189630472533736,0.074582291139016,0.13990321071581713,0.25471698113207547
raw,3,combined,310,7060014930,0,0.0032471728048043,0.074582291139016,0.6211749918087511,0.25471698113207547
raw,3,combined,316,7060014930,0,0.0173156375915531,0.074582291139016,0.05137238193628992,0.25471698113207547
raw,3,combined,361,7060014930,0,0.0092833383677063,0.074582291139016,0.06681285357444064,0.25471698113207547
raw,3,combined,372,7060014930,0,0.0213527795408919,0.074582291139016,0.2278494012516557,0.25471698113207547
raw,3,combined,384,7060014930,0,0.0210427664912945,0.074582291139016,0.3283295581162138,0.25471698113207547
raw,3,combined,386,7060014930,0,0.0440531229280449,0.074582291139016,0.43055627041797095,0.25471698113207547
raw,3,combined,391,7060014930,0,0.0241012431047274,0.074582291139016,0.054122204219888954,0.25471698113207547
raw,3,combined,41,7060016090,0,0.0249967549481449,0.074582291139016,0.5874463938021657,0.25471698113207547
raw,3,combined,413,7060014930,0,0.0115012647641295,0.074582291139016,0.02326389823691509,0.25471698113207547
raw,3,combined,42,7060016090,0,0.0278055277689229,0.074582291139016,0.31046333228383194,0.25471698113207547
raw,3,combined,55,7060014930,0,0.0130463884647791,0.074582291139016,0.14535774823115866,0.25471698113207547
raw,3,combined,57,7060014930,0,0.0466637394931272,0.074582291139016,0.25638949145875567,0.25471698113207547
raw,3,combined,60,7060014930,0,0.0622135008805959,0.074582291139016,0.12410706543575309,0.25471698113207547
raw,3,combined,63,7060014930,1,0.0940410383087964,0.074582291139016,0.09401042556845864,0.25471698113207547
raw,4,prevalence,114,7060014340,1,0.1348291322442864,0.0744001513739818,0.24778761061946902,0.24778761061946902
raw,4,prevalence,1151,7060047970,1,0.184944196633059,0.0744001513739818,0.24778761061946902,0.24778761061946902
raw,4,prevalence,1237,7060047970,1,0.1127429982415797,0.0744001513739818,0.24778761061946902,0.24778761061946902
raw,4,prevalence,169,7060013560,1,0.090193587170381,0.0744001513739818,0.24778761061946902,0.24778761061946902
raw,4,prevalence,1851,7060043500,0,0.0515453378616407,0.0744001513739818,0.24778761061946902,0.24778761061946902
raw,4,prevalence,1883,7060043640,0,0.0291487123172417,0.0744001513739818,0.24778761061946902,0.24778761061946902
raw,4,prevalence,292,7060022240,0,0.0269372561109448,0.0744001513739818,0.24778761061946902,0.24778761061946902
raw,4,prevalence,442,7060073620,0,0.0104446390905579,0.0744001513739818,0.24778761061946902,0.24778761061946902
raw,4,prevalence,449,7060073620,1,0.0806646104708856,0.0744001513739818,0.24778761061946902,0.24778761061946902
raw,4,prevalence,456,7060073620,0,0.0352202117626725,0.0744001513739818,0.24778761061946902,0.24778761061946902
raw,4,prevalence,467,7060073620,0,0.059245441740781,0.0744001513739818,0.24778761061946902,0.24778761061946902
raw,4,prevalence,477,7060073620,0,0.0528874759342095,0.0744001513739818,0.24778761061946902,0.24778761061946902
raw,4,prevalence,7308,7060043500,0,0.0413980134324776,0.0744001513739818,0.24778761061946902,0.24778761061946902
raw,4,hydrology,114,7060014340,1,0.1348291322442864,0.0744001513739818,0.29699503315535986,0.24778761061946902
raw,4,hydrology,1151,7060047970,1,0.184944196633059,0.0744001513739818,0.36788518103231554,0.24778761061946902
raw,4,hydrology,1237,7060047970,1,0.1127429982415797,0.0744001513739818,0.39483235520587967,0.24778761061946902
raw,4,hydrology,169,7060013560,1,0.090193587170381,0.0744001513739818,0.26722392413644985,0.24778761061946902
raw,4,hydrology,1851,7060043500,0,0.0515453378616407,0.0744001513739818,0.1430904870369107,0.24778761061946902
raw,4,hydrology,1883,7060043640,0,0.0291487123172417,0.0744001513739818,0.10545859563270019,0.24778761061946902
raw,4,hydrology,292,7060022240,0,0.0269372561109448,0.0744001513739818,0.3175188052309816,0.24778761061946902
raw,4,hydrology,442,7060073620,0,0.0104446390905579,0.0744001513739818,0.2628201051340287,0.24778761061946902
raw,4,hydrology,449,7060073620,1,0.0806646104708856,0.0744001513739818,0.343793329179759,0.24778761061946902
raw,4,hydrology,456,7060073620,0,0.0352202117626725,0.0744001513739818,0.19490236096114202,0.24778761061946902
raw,4,hydrology,467,7060073620,0,0.059245441740781,0.0744001513739818,0.3459509223314761,0.24778761061946902
raw,4,hydrology,477,7060073620,0,0.0528874759342095,0.0744001513739818,0.14211901258376589,0.24778761061946902
raw,4,hydrology,7308,7060043500,0,0.0413980134324776,0.0744001513739818,0.15665017821824045,0.24778761061946902
raw,4,storage,114,7060014340,1,0.1348291322442864,0.0744001513739818,0.29789763458001234,0.24778761061946902
raw,4,storage,1151,7060047970,1,0.184944196633059,0.0744001513739818,0.42277943264303686,0.24778761061946902
raw,4,storage,1237,7060047970,1,0.1127429982415797,0.0744001513739818,0.3281330191553766,0.24778761061946902
raw,4,storage,169,7060013560,1,0.090193587170381,0.0744001513739818,0.31739599971202714,0.24778761061946902
raw,4,storage,1851,7060043500,0,0.0515453378616407,0.0744001513739818,0.30343462269420257,0.24778761061946902
raw,4,storage,1883,7060043640,0,0.0291487123172417,0.0744001513739818,0.1385586669627217,0.24778761061946902
raw,4,storage,292,7060022240,0,0.0269372561109448,0.0744001513739818,0.2977082229223817,0.24778761061946902
raw,4,storage,442,7060073620,0,0.0104446390905579,0.0744001513739818,0.28802648130676023,0.24778761061946902
raw,4,storage,449,7060073620,1,0.0806646104708856,0.0744001513739818,0.1673574746782675,0.24778761061946902
raw,4,storage,456,7060073620,0,0.0352202117626725,0.0744001513739818,0.24688473037029032,0.24778761061946902
raw,4,storage,467,7060073620,0,0.059245441740781,0.0744001513739818,0.27660396696305134,0.24778761061946902
raw,4,storage,477,7060073620,0,0.0528874759342095,0.0744001513739818,0.2360502049945685,0.24778761061946902
raw,4,storage,7308,7060043500,0,0.0413980134324776,0.0744001513739818,0.3309165172289195,0.24778761061946902
raw,4,combined,114,7060014340,1,0.1348291322442864,0.0744001513739818,0.28198580158287717,0.24778761061946902
raw,4,combined,1151,7060047970,1,0.184944196633059,0.0744001513739818,0.6614522552982075,0.24778761061946902
raw,4,combined,1237,7060047970,1,0.1127429982415797,0.0744001513739818,0.5075019314349686,0.24778761061946902
raw,4,combined,169,7060013560,1,0.090193587170381,0.0744001513739818,0.285466329150796,0.24778761061946902
raw,4,combined,1851,7060043500,0,0.0515453378616407,0.0744001513739818,0.17377443259271813,0.24778761061946902
raw,4,combined,1883,7060043640,0,0.0291487123172417,0.0744001513739818,0.03153199511360184,0.24778761061946902
raw,4,combined,292,7060022240,0,0.0269372561109448,0.0744001513739818,0.3517139800964184,0.24778761061946902
raw,4,combined,442,7060073620,0,0.0104446390905579,0.0744001513739818,0.2743815726355675,0.24778761061946902
raw,4,combined,449,7060073620,1,0.0806646104708856,0.0744001513739818,0.1628503538471758,0.24778761061946902
raw,4,combined,456,7060073620,0,0.0352202117626725,0.0744001513739818,0.15849200950089995,0.24778761061946902
raw,4,combined,467,7060073620,0,0.059245441740781,0.0744001513739818,0.4151284092395277,0.24778761061946902
raw,4,combined,477,7060073620,0,0.0528874759342095,0.0744001513739818,0.1040748242356547,0.24778761061946902
raw,4,combined,7308,7060043500,0,0.0413980134324776,0.0744001513739818,0.20861913643314628,0.24778761061946902
