source,ID,period,MAIN_BAS,flagged,early_start,early_end,late_start,late_end,early_nyears,late_nyears,mean_shift,season_shift,abs_shape_change,early_shape,early_ratio,early_low10,early_cv,early_zero_delta,early_mean_in,early_concentration,early_trend,early_month1,early_month2,early_month3,early_month4,early_month5,early_month6,early_month7,early_month8,early_month9,early_month10,early_month11,early_month12,late_shape,late_ratio,late_low10,late_cv,late_zero_delta,late_mean_in,late_concentration,late_trend,late_month1,late_month2,late_month3,late_month4,late_month5,late_month6,late_month7,late_month8,late_month9,late_month10,late_month11,late_month12,feature_last_date,annual_shape_usable_years,annual_shape_sd,annual_shape_trend_abs,paired_invalid_fraction,negative_inflow_fraction,missing_inflow_fraction
cars,1001,train,7060047060.0,False,1980,1989,1990,1999,10,10,0.3035798920004851,0.2348050574960337,0.0859488165921406,0.213492722042096,0.572851244440706,0.0,3.579335628581791,-0.1087671232876712,3.588237378509033,0.1104133639575773,0.3932828150699698,0.0349924734974015,0.0704342842590487,0.1446805099372617,0.1711750187804933,0.1404760474121793,0.1101836531517338,0.0426408211018162,0.0524117750785771,0.0366431484873296,0.1126878291953838,0.0392486699358408,0.0444257691629335,0.2994415386342366,0.7572490798431898,0.0292121893186201,3.798523600890878,-0.401697699890471,4.860984517496864,0.1296796221175664,0.3619415152206642,0.0205006074200914,0.0461520640472545,0.090301699167178,0.1426166209455653,0.1891570665601596,0.2029085144907477,0.0564364689426602,0.0404856670690557,0.0222310413122892,0.0259322817780279,0.1160080218765887,0.0472699463903811,1989-09-30,10,0.17528863310799603,0.044127945098563486,0.0035587188612099642,0.0,0.0032849712565015056
raw,1001,train,7060047060.0,False,1980,1989,1990,1999,10,10,0.3023592475725824,0.2328922503219166,0.0999435028021225,0.2452595850117209,0.5728665516056787,0.0,3.913202225822618,-0.1307692307692307,3.5930936813186816,0.1102178040408741,0.3961697522422893,0.0357042558981244,0.072840287850754,0.1434956759613853,0.1703559660126367,0.1429697127295718,0.1075404807803982,0.0423041425396294,0.0527769964066442,0.0369178936912014,0.1124364728702293,0.0378852562161185,0.0447728590433066,0.3452030878138434,0.7571921979226182,0.0292083383648773,4.135353381732913,-0.4397590361445783,4.861625410733845,0.1294614941859765,0.362188174581556,0.0208946318081296,0.0457672060782253,0.0902718700942445,0.1433596911142632,0.1893231837327628,0.2029598320575741,0.0555385584491189,0.0403590472268232,0.0227115636596958,0.028271288387677,0.114019049425683,0.0465240779658023,1989-09-30,10,0.17673546957264463,0.04543277688672565,0.0035587188612099642,0.0,0.0032849712565015056
cars,1003,train,7060047060.0,False,1980,1989,1990,1999,10,10,0.0264684971808301,0.1790047968356784,0.0333442693770523,0.4312350447711744,0.9863783381343948,0.0037978029965581,3.292402688188013,-0.0216260607719682,15.008677398921671,0.1058273019267975,0.3666886342569876,0.0340810462752199,0.0851658247622092,0.1337422085497799,0.1492959655270022,0.1356966714822,0.1258583419934459,0.0154620335092474,0.0611115038718193,0.0397604796833072,0.1027683910434255,0.0612885269328235,0.0557690063695195,0.3978907753941221,0.9657489691380512,0.003595860657616,3.671290774610064,-0.082420591456736,15.411238627752114,0.1114205339413811,0.1836589403357946,0.0319386082476926,0.0578543505210428,0.10608031617401,0.1444107478715702,0.172172787489001,0.108048135512797,0.0580301354525639,0.0243375808653472,0.0321687498149976,0.0479404758630734,0.1458360221371646,0.0711820900507394,1989-09-30,10,0.09210601595997168,0.017275087625934812,0.0008212428141253764,0.0,0.0008212428141253764
raw,1003,train,7060047060.0,False,1980,1989,1990,1999,10,10,0.0258708775325904,0.1735093706449538,0.0414570008369281,0.4774643312275672,0.9861622784263714,0.0037951372334757,3.570414960206862,-0.0235616438356164,15.019219726027398,0.105660202664616,0.3658062677747822,0.034208040867891,0.0864596106920681,0.1328442868965412,0.1486214047710046,0.13967387394329,0.1218158424661062,0.0151957075930763,0.0616895772197056,0.0402545399728187,0.101787076402123,0.0615644772382243,0.0558855619371504,0.4360073303906391,0.9660557626344412,0.0055148788382433,3.964799140225918,-0.0941949616648411,15.412849945235488,0.1114533023557359,0.183879884577454,0.0321314621190608,0.0579508023489596,0.1064282964130298,0.1457043176445139,0.1714227122473303,0.1071271165892501,0.0580083459755206,0.0239978774769519,0.0334515722503491,0.0473795638011894,0.1464425957999228,0.0699553373339211,1989-09-30,10,0.09403207493799347,0.01951681419848662,0.0008212428141253764,0.0,0.0008212428141253764
cars,1006,train,7060047060.0,False,1980,1989,1990,1999,10,10,0.1032609058501981,0.1789208593086703,0.0686247926029917,0.5012735670465238,0.9014397634809794,-0.048840948558481,2.146493076321936,0.0002737476047084,34.7863841744526,0.1045674571618037,0.3717491462529604,0.068471227110697,0.1057648047459939,0.1456131816343494,0.1449007581944476,0.0802410043580402,0.0656461330197495,0.0300113177558191,0.028363227588115,0.0261503431421337,0.0630303919950164,0.1122953944082225,0.1295122160474155,0.432648774443532,0.917394424756589,-0.0624052546565251,2.1213441714161885,0.0,38.57046995878772,0.1031697829664185,-0.1847123377601681,0.0766106528828782,0.0721940257848428,0.1208155510452906,0.1331819962739111,0.1735962063091155,0.0873333449339185,0.0459933283500548,0.0188707870509056,0.0659073522191428,0.0444386992450492,0.0913016175763918,0.0697564383284985,1989-09-30,10,0.11069768619505567,0.02187117289648275,0.0,0.0,0.0
raw,1006,train,7060047060.0,False,1980,1989,1990,1999,10,10,0.1031347697259078,0.178044237339104,0.0760981149145295,0.5610128012044433,0.9014118440718742,-0.0488329482684986,2.316097876428755,0.0010949904188338,34.79208321927183,0.1046011315831399,0.3717829104620693,0.0681918192527381,0.1057497088016033,0.1465172876328883,0.1441623573080648,0.0795439145436171,0.0655998702707602,0.0302628543517047,0.0279336369790648,0.0269901494529939,0.0625031669104204,0.1128467511197093,0.1296984833764348,0.4849146862899137,0.9174135892589784,-0.0587214689980732,2.2550236291986283,-0.0002738225629791,38.57192332968236,0.1031482687174936,-0.1847975538545575,0.0769489997860641,0.0722430644494349,0.1207454198733615,0.1339867108191164,0.1730039834546441,0.0868176564138185,0.0458749186382186,0.0188643405985762,0.0659872869181727,0.0443927016359475,0.0915411689052124,0.0695937485074326,1989-09-30,10,0.09744964110178798,0.018864358562521364,0.0,0.0,0.0
cars,1007,train,7060047060.0,False,1980,1989,1990,1999,10,10,0.1012363802221713,0.1799486533366437,0.0033702272039229,0.4128816954343137,0.9792224413395028,0.0048367731818224,3.394571158014988,-0.0186148371201752,10.535605333912564,0.1127730854335131,0.3654310620084692,0.0377376677163914,0.0903769441072559,0.1436526438625422,0.1731421180092142,0.1436773462048166,0.1155059168465672,0.0207584163459798,0.0305124832297043,0.0359180923400081,0.0998538769319321,0.0503504928358912,0.0585140015696965,0.4095114682303907,0.9638037299089864,0.0048035479714593,3.44507563388024,-0.0774917853231106,11.658049494400528,0.1158087122599354,0.283416625615017,0.0361086469875629,0.0539979771158255,0.1145934340184372,0.1427400367338031,0.1662232335875179,0.1454262940738368,0.0422962001113121,0.0294124986412947,0.0215415338413011,0.03285104552218,0.1393027131343879,0.0755063862325403,1989-09-30,10,0.12734150598961264,0.010857589145726647,0.0,0.0,0.0
raw,1007,train,7060047060.0,False,1980,1989,1990,1999,10,10,0.101195722712309,0.1780306825208907,0.0087641058677139,0.4574305917039498,0.9789574934852988,0.0054092757853095,3.735589818940708,-0.0199835751437174,10.537454968519029,0.1126574320545569,0.3655236925699608,0.037510713221615,0.0926490809847723,0.142567920155919,0.172199734483822,0.1475268840780516,0.1114182321957499,0.0204813702365992,0.0307409937042847,0.0366162983642643,0.0989605911653821,0.050469506101097,0.0588586753084424,0.4486664858362359,0.9640009591145708,0.0072901161881348,3.781110725606949,-0.0876232201533406,11.65962212486309,0.1159510980664379,0.2837190761816852,0.0364994525719723,0.0538568664759397,0.1147666538127152,0.1441313413935906,0.1654332901058549,0.1449958831345668,0.0415977899971207,0.0292849335876568,0.0219697827243832,0.0327056189929109,0.1403960316517202,0.0743623555515683,1989-09-30,10,0.12706786014259616,0.013050215820570601,0.0,0.0,0.0
cars,1017,train,7060047060.0,False,1980,1989,1990,1999,10,10,0.0731115267012451,0.1465821377019887,0.0737201061130532,0.3606118019797683,0.9908748197156512,-0.0506610134681603,2.141879787126787,0.0046537092800438,27.393040097895348,0.1015491196427516,0.2153384659784099,0.0746493046342966,0.1055497667991018,0.0961019456108242,0.1241567895232722,0.1044727014159889,0.0770301369914523,0.0341428949521585,0.0384565448931413,0.0309742017861542,0.0418508746976293,0.1160317829912861,0.1565830557046941,0.286891695866715,0.9924843437302984,-0.0102089469328494,1.7789201090995068,0.0,29.470816331888248,0.1058999443418628,0.009404329317049,0.1006086096464754,0.0808961532903108,0.1156582720585018,0.168033351621012,0.1474698422602029,0.0684795761217192,0.0463296605105834,0.0309879568358687,0.0329802395279078,0.0313593153654021,0.1010006947741522,0.0761963279878632,1989-09-30,10,0.2031211250915218,0.002011456415249744,0.0,0.0,0.0
cars,1017,test,7060047060.0,False,2000,2009,2010,2019,10,10,0.2417788682706159,0.0893696003827164,0.0703469535187096,0.3063632691613325,0.9922848092369912,-0.0158079091134677,2.2306606206254185,0.0,24.48117988842435,0.1125031076862521,0.2414487875196399,0.0802122384170677,0.0983127339501899,0.1529434190055534,0.1413035198928297,0.1786420886153126,0.0662822791001497,0.0356189060525185,0.0270486145578145,0.0341830083971722,0.0274653051019286,0.0660371099585661,0.0919507769508962,0.3767102226800422,0.9876262748847598,-0.0023538985585335,2.4312780824503624,0.0,31.177089769061546,0.1104351402752092,0.2682665491913383,0.0708576994900772,0.072947224558224,0.1101212126768209,0.1698499780751085,0.1886767707511946,0.0659932911002597,0.0479897822034494,0.0505190109429126,0.0305027738272232,0.0424124926304553,0.0626271787734805,0.0875025849707935,2009-09-30,10,0.19246618869529905,0.011248883511334575,0.0,0.0,0.0
raw,1017,train,7060047060.0,False,1980,1989,1990,1999,10,10,0.0732079219724475,0.1461504749583221,0.0734485435997517,0.3795487517414089,0.9908638628068488,-0.0485797804143817,2.3342100015222185,0.0054749520941691,27.395957508404052,0.1014886499527389,0.2153256830533406,0.0743646311600945,0.1055328677685726,0.0982873951633046,0.1230428777933473,0.1032885170596791,0.0768899501354535,0.0340712923717479,0.03851528787057,0.0308875512949143,0.0418931318960978,0.1171054779729811,0.1561210195132367,0.3061002081416571,0.9923696418669592,-0.0096064713736622,1.9407568880716333,0.0,29.476796316319824,0.1058702815337421,0.0095413081353978,0.1000369843886948,0.0815405812914759,0.1152268884397217,0.1685954139358018,0.146778307261882,0.0682354080014646,0.0463341263319377,0.0307880568307482,0.0331210194433717,0.0314527762491832,0.1013727363502353,0.0765177014754824,1989-09-30,10,0.20285812353237992,0.0015803052468385667,0.0,0.0,0.0
raw,1017,test,7060047060.0,False,2000,2009,2010,2019,10,10,0.2415965132313569,0.0912868489247775,0.0661806908410731,0.3273262565768614,0.9923587118366136,-0.0231321999208683,2.404974214876394,0.0,24.48258280394197,0.1123966962784829,0.2414897204501435,0.0799637660965633,0.0988263558896886,0.1529362632846583,0.1414439356015518,0.1780023733813195,0.066142070841354,0.0356962836501306,0.0268793883422135,0.0341673294560726,0.0275392227883549,0.0667107189532878,0.0916922917148048,0.3935069474179345,0.9878151033770952,-0.0027251107915874,2.5923607510533575,0.0,31.173191292716325,0.110166788823816,0.2687235701282642,0.0705210717280436,0.0735212804144371,0.1105950745543509,0.1719093211664895,0.1858940445295288,0.0656324876190751,0.0479583184407411,0.050495636365621,0.0304475663662839,0.0445907321859673,0.0608327009318478,0.0876017656976132,2009-09-30,10,0.19461395081254998,0.012061459342063008,0.0,0.0,0.0
cars,1020,train,7060047060.0,False,1980,1989,1990,1999,9,10,0.1264518298373936,0.1036867383813085,0.0562794755191973,0.3335270762765681,0.940247040841603,0.0018631831169473,3.277256998108301,-0.0162726435369972,15.028045147744768,0.1161333350856815,0.6101453409496851,0.0315456124215438,0.0743388070190493,0.1360499495072359,0.1314640001366146,0.157182443321743,0.1558555992180812,0.0341632783492765,0.00749389829431,0.0343127762391003,0.128132866924903,0.0572576929261992,0.0522030756419426,0.3898065517957654,0.9409835525025928,0.0107226760443166,2.5456494155489597,-0.1703176341730558,13.242962802673144,0.1186907207201656,0.2604768176025812,0.0423342285043174,0.0643872882949807,0.1303972429453982,0.1363887097759248,0.1885188547730325,0.1572379257736992,0.0650703294624337,0.0089913804876096,0.0147288611621833,0.0596342689064176,0.0707976190417262,0.0615132908722761,1989-09-30,9,0.18025823085926349,0.03960279905768619,0.08842047632083219,0.0,0.08842047632083219
raw,1020,train,7060047060.0,False,1980,1989,1990,1999,9,10,0.127159701811303,0.1046790906104014,0.0566905755606815,0.3600170047706724,0.9393936266797576,0.0037902036320506,3.4310757378601,-0.0199754148740012,15.038769821757835,0.1154719138813669,0.6091097303868582,0.0314061645666209,0.0754101716650941,0.1367846478014201,0.1308340579338913,0.1572661498531648,0.1545320773758348,0.0339534017761141,0.0075044920262128,0.0370707900091133,0.1254314473447516,0.0574811176938148,0.052325481953967,0.416707580331354,0.9410700827753254,0.0107226168822494,2.6449103130359712,-0.1883899233296823,13.24303587075575,0.1185535162073437,0.2604314142987662,0.0427884899391312,0.0644842635366411,0.1304199502075601,0.1378300115870279,0.1884196217371642,0.1556440202187733,0.0647448936096876,0.0089620560865578,0.0147995287444369,0.0603142237213396,0.0704627514343596,0.0611301891773201,1989-09-30,9,0.1793628179957966,0.038232311230074936,0.08842047632083219,0.0,0.08842047632083219
cars,1021,train,7060047060.0,False,1980,1989,1990,1999,10,10,0.496890099717678,0.1073774999729562,0.0173722128209552,0.1620128204900243,0.9126215519401152,-0.0345108861735206,1.9494305080143708,0.0142348754448398,16.44650127149811,0.1062522111184568,0.3508020547251844,0.0361597438329927,0.0480040892952226,0.1157136187188033,0.1184532302361849,0.1537837249009544,0.1669940313847989,0.0729894443675949,0.0391342489733661,0.055229729708423,0.0854810258065722,0.071756987273069,0.0363001255020175,0.1793850333109796,0.983728157427182,-0.0095160583019495,2.142351195680906,-0.0224534501642935,27.03150035142546,0.0995899069895555,0.9251681107875728,0.0412190700956709,0.0424643288714081,0.0832488576636852,0.118141136769547,0.1537377172647501,0.1361791961738271,0.0993206695942945,0.0916271895539048,0.0526913171571727,0.0498193961776129,0.0863739007378418,0.0451772199402844,1989-09-30,10,0.037896692707427716,0.005417790799457133,0.0,0.0,0.0
raw,1021,train,7060047060.0,False,1980,1989,1990,1999,10,10,0.4965974681621297,0.1064804145685759,0.0190066511508967,0.1727746108575686,0.912526844800551,-0.0327009350657034,2.0008728000751703,0.0166986038872159,16.452128935121817,0.1062130143383668,0.351016109972189,0.0363175798079412,0.0484258579508322,0.1159797048324443,0.1183446446348161,0.1542096425989466,0.1668038971356678,0.0720064535508681,0.0394067004775254,0.0560110298188706,0.0849896788876909,0.0712330044910262,0.0362718058133705,0.1917812620084654,0.9837320791287422,-0.0031443239316102,2.214072470896591,-0.0232749178532311,27.03283817086528,0.0994640906335728,0.925215760385955,0.0413948594527618,0.0423571793767316,0.0834354792923802,0.1185474949461339,0.1533999585206929,0.13653158542876,0.0985930107620822,0.0916008454890747,0.0527867079839056,0.051428486053406,0.0847892038328095,0.0451351888612613,1989-09-30,10,0.041383908789704965,0.005724773577903804,0.0,0.0,0.0
cars,1023,train,7060047060.0,False,1980,1989,1990,1999,10,10,0.1501581106666808,0.1657399597456631,0.0336580444298643,0.2389707754547138,0.9646084507883989,-0.0587195959163853,1.9204448090587969,0.0035587188612099,96.4413993594901,0.0986701453451068,0.3906811044772701,0.0371508201988041,0.0560347319069784,0.1273276966001512,0.1375529198455393,0.1233915622445636,0.1250601589312874,0.0716049688759463,0.0452990638295102,0.0604071807764455,0.1029141943243078,0.0692423454072826,0.044014357059183,0.2053127310248494,0.9734506699702858,-0.0640365647246809,2.0757766288171977,0.0,112.06663772258996,0.1053174417190992,0.3552068345579249,0.0385988280688527,0.0531423363417725,0.0918233881675377,0.0974785619170068,0.1630258795693422,0.1635068845156854,0.1028826838302825,0.0609810361893541,0.0392921753614368,0.0367603019200054,0.0978161886298798,0.0546917354888437,1989-09-30,10,0.04038824568779281,0.00976307977446484,0.0,0.0,0.0
raw,1023,train,7060047060.0,False,1980,1989,1990,1999,10,10,0.1501649965942037,0.1647483489748586,0.0327142384004439,0.2531369659477044,0.9645440167881646,-0.0587086129132215,1.986598314362842,0.0041062140706268,96.45944128113878,0.0985222008489285,0.3908102455653159,0.0372252384754606,0.0565827656994217,0.1281125209862909,0.1366351682077101,0.1240356531331444,0.1244089407756965,0.0711177749586347,0.0456455234789041,0.0609383236234718,0.1019710795928211,0.0692357024488653,0.0440913086195784,0.2204227275472604,0.9734140428389484,-0.05173953160844,2.11970492899036,0.003012048192771,112.08837458926614,0.1052278515065852,0.355507765306289,0.038714129847824,0.0531181945837097,0.0918198484559095,0.098384957472631,0.1631793094218431,0.1627597848927802,0.1024386723838213,0.0609460790043562,0.0393508492155003,0.0368176594071064,0.0979497860620579,0.0545207292524598,1989-09-30,10,0.03933088135527315,0.00962408959450593,0.0,0.0,0.0
cars,1026,train,7060047060.0,False,1980,1989,1990,1999,10,10,0.2185779546537356,0.1326607717710707,0.0150664261718028,0.2644304816133198,0.9440440657054554,-0.0630571410480629,1.658047623013759,0.0,115.44731036544448,0.1065229029769647,0.48077986199881,0.066982584122454,0.1203680470455887,0.1502347595114182,0.149433357108771,0.0859224940297334,0.0764788555386758,0.0412080709874905,0.0383683886440693,0.0234640416491326,0.0391662031640402,0.0691810124136552,0.1391921857849706,0.2493640554415169,0.9635442535005,-0.0581096630181261,1.350073096012072,0.0,143.65178239052625,0.1041658742984972,-0.2326586573058684,0.1022596837837232,0.0937522369629437,0.1329215040095635,0.1495202687476854,0.1423901254375188,0.0889920997562957,0.0437863560517453,0.0308860666375194,0.0397752129728849,0.022545850169155,0.07860744087113,0.0745631545998346,1989-09-30,10,0.10687601208433398,0.011832928419096628,0.0,0.0,0.0
cars,1026,test,7060047060.0,False,2000,2009,2010,2019,10,10,0.2549232335422741,0.097386237924322,0.0007842159792141,0.2570394068809823,0.9202904184214576,-0.0595682917417392,1.9329042041822415,0.0,102.15240640185937,0.1035297731473693,0.3132356486612384,0.0797436732275865,0.1074510176493894,0.1288266021783439,0.1655475705297045,0.1308961234679965,0.0870398726124924,0.0726734383372446,0.0494905976684566,0.0532473431990132,0.0243612792741503,0.031909088280272,0.0688133935753496,0.2562551909017682,0.9450275120005358,-0.0257968425393448,2.353702440695854,0.0005476451259583,131.81364068672943,0.1079854083838313,0.2143359257844037,0.0706584235427506,0.0739543061460244,0.1211438586010383,0.1523870835894822,0.1852460218953977,0.0877187534027318,0.0628852412151558,0.0443075564307822,0.0342575353401832,0.0454265786650337,0.0384620561822465,0.0835525849891731,2009-09-30,10,0.1162252993426107,0.014233745458241938,0.0,0.0,0.0
raw,1026,train,7060047060.0,False,1980,1989,1990,1999,10,10,0.2184968588617485,0.1343098391828815,0.022739020940337,0.2905595935097059,0.9439517158436465,-0.0610591665679658,1.7309318367471558,0.0,115.47624372094168,0.1065573079409677,0.4809645825400981,0.0672620357805018,0.1200801343787519,0.1525902872785835,0.1472622935511102,0.0855547404006125,0.0763111871625159,0.0410334929027177,0.0384329652923111,0.0233445349348948,0.0390935691191244,0.0697393840352407,0.1392953751636352,0.2678205725693688,0.9635289515205352,-0.068172639120449,1.405308640345666,0.0,143.67613233652793,0.104149362946379,-0.232612096816083,0.1019915410943374,0.0941588696404209,0.1327372239598638,0.1499706338250248,0.1418660223407781,0.0886297282641586,0.0436493693054362,0.0308602009700893,0.0397988733936282,0.0224915826224031,0.0789113397271117,0.0749346148567474,1989-09-30,10,0.10241850118121003,0.010934124561598679,0.0,0.0,0.0
raw,1026,test,7060047060.0,False,2000,2009,2010,2019,10,10,0.2547964285701664,0.0953489639551477,0.0129395938241423,0.2834168970340526,0.9202856847819094,-0.0720630848276904,2.0289848127640737,0.0,102.1655958470846,0.1035134499532315,0.3132800719285498,0.0797715238000546,0.1078641995733835,0.1289710551134317,0.1653908419697691,0.1306186470711252,0.0872771530393339,0.07234252674205,0.049207649773541,0.0532762876273599,0.0243011277601516,0.0322281581393369,0.068750829390462,0.2704773032099102,0.945047759520206,-0.0534911783920235,2.4547317989299473,0.0008214676889375,131.81394412973714,0.1078906458964833,0.2146443226218886,0.0705877460196382,0.0740402831504993,0.1215358010795599,0.1541572269396196,0.1833381156948109,0.0872696656619847,0.0627726697279489,0.0441779811037041,0.034210900000821,0.0458295142071303,0.038157908823545,0.0839221875907373,2009-09-30,10,0.11870683402514089,0.014322003086322822,0.0,0.0,0.0
cars,1027,train,7060047060.0,False,1980,1989,1990,1999,10,10,0.0360470449536289,0.070201233137684,0.0115185257073001,0.323458104421272,0.7699943347651091,-0.0813374932276446,1.5436590078279313,0.2972898987133863,1.5280980730350675,0.1001196405217809,0.4697863155001918,0.0744740962478868,0.0791894454400519,0.1228700323201831,0.116439516783464,0.1717860868101683,0.1009822884591814,0.0462911661737372,0.0333545333137771,0.0454734618850588,0.0731158327630509,0.0649430779552067,0.0710804618482334,0.3119395787139718,0.8025099153692096,-0.0896359206756372,1.4831488707888962,0.354052573932092,1.584186327642586,0.1014189853381843,0.715269595607717,0.0769341827897222,0.0693805764897862,0.108143733956156,0.1536732176800068,0.1601108087590274,0.109090347405935,0.0463701808295372,0.040053823760249,0.0610945435353391,0.0493066117894444,0.064236982149302,0.0616049908554941,1989-09-30,10,0.24401002383819198,0.03653698369462061,0.0,0.0,0.0
raw,1027,train,7060047060.0,False,1980,1989,1990,1999,10,10,0.0358423435154064,0.0707790175202002,0.0124532306692309,0.3263591505800127,0.7697660870136751,-0.0928993329384966,1.6162881410061425,0.3087872981111415,1.528536271557624,0.100236035657817,0.4694673140749899,0.074528859942157,0.0791603410113968,0.1231011169389422,0.1166457696924804,0.1722016933802289,0.1001926485513391,0.0457940130840549,0.0333407178661338,0.0456917519305598,0.0743119803329057,0.0637998561180197,0.0712312511517811,0.3139059199107817,0.8024842363094012,-0.0896285692014912,1.5295884058390965,0.3595290251916758,1.584316265060241,0.1014966013926639,0.7154141800552688,0.0771358346801366,0.0693320668111207,0.1081654560560173,0.1539730134673413,0.1604086331601716,0.1086735858738528,0.0458820485512855,0.039995520161606,0.0613127758527031,0.0500710085495434,0.0633827999439329,0.0616672568922884,1989-09-30,10,0.23600124915642917,0.03686758149090169,0.0,0.0,0.0
cars,1028,train,7060047060.0,False,1980,1989,1990,1999,10,10,0.0617958998647069,0.1512368211987435,0.2507032172796261,0.3247339254280965,0.8784119162347289,0.0379033489359053,4.495808537766118,-0.3016698603887215,1.503824902026129,0.1040225950203228,0.7886095234760014,0.0376189204550491,0.1087017846082436,0.1292508094246845,0.1189994770307804,0.1369191833027945,0.1337711137071595,0.0173615068867009,0.0195492776681301,0.0896450915603993,0.0660504193133465,0.0781303647890131,0.0640020512536978,0.5754371427077226,0.8961345026381734,0.0175034291486605,4.420707377786396,-0.398959474260679,1.599686539259806,0.1240854065337387,0.2369340553916336,0.045401830184935,0.0649768333773131,0.127315639662577,0.195707858645198,0.1817063940354817,0.134413519881108,0.0373709735095236,0.0208557239931117,0.0274373546712459,0.0356773834529642,0.0669863145470313,0.0621501740395099,1989-09-30,10,0.22488330309999993,0.025204358871397367,0.0,0.0,0.0
raw,1028,train,7060047060.0,False,1980,1989,1990,1999,10,10,0.0615957381963269,0.1544410319465028,0.2655940822892682,0.4329998866970413,0.8782708425616916,0.037893928811004,5.171477862849098,-0.328770873254859,1.5041987407610182,0.104052917750952,0.7883220938282743,0.0363688611020015,0.1113970966932965,0.127117487358135,0.1196837832161748,0.1353348360770599,0.1330357692073906,0.0173228036932117,0.0196216885738942,0.0938775629054032,0.0617068237498539,0.0783105889563987,0.0662226984671795,0.6985939689863095,0.8960811579199973,0.0175025820142552,5.0897449085056365,-0.4383899233296823,1.5997639649507118,0.1244239287247448,0.2365908528972555,0.045845515956112,0.0657649386255981,0.1262686273885557,0.1966000597705918,0.1818602415676737,0.135159246178499,0.0354859646942713,0.0208577456490877,0.0274936164254789,0.0355859246760457,0.0671308301573787,0.0619472889107066,1989-09-30,10,0.20817736334142825,0.02437551675640431,0.0,0.0,0.0
cars,1032,train,7060047060.0,False,1980,1989,1990,1999,10,10,0.0542625464506606,0.1622783814717032,0.0632005349872102,0.1510037305670961,0.9341916487209542,-0.0088072734985999,1.9093428186636696,-0.0027374760470845,96.5111393594306,0.1059678050198848,0.6528388177841026,0.0459156831714642,0.0833276850262179,0.1412633074730011,0.1578306114664742,0.109604238196077,0.1253637127638847,0.0273213395842268,0.0231334501421345,0.0381643046316188,0.1070610473752483,0.0799498422749196,0.0610647778947326,0.2142042655543063,0.9346418753281984,-0.0100105238474277,1.901154025390803,0.003012048192771,101.89276960387004,0.1100394827177176,0.0212295755114255,0.0532541210342017,0.0565158338060281,0.1130083258741131,0.1323472323341658,0.1792088900484264,0.1399987896988296,0.0665452569612157,0.0255490560239376,0.0235042975870012,0.0399928848995488,0.097519015188026,0.0725562965445056,1989-09-30,10,0.13698126144944722,0.018287004967281924,0.0,0.0,0.0
raw,1032,train,7060047060.0,False,1980,1989,1990,1999,10,10,0.0541330671761452,0.1618999926415941,0.0753448673134907,0.1562103599621279,0.9340909822803236,-0.0088053001234106,1.949134941786011,-0.003011223651793,96.53276868327404,0.1058528859512613,0.6526012736499659,0.0452411076947033,0.0834099916183967,0.1424050515530819,0.1570474173288079,0.1097394454679728,0.1248139190717869,0.0268919659307921,0.0232876984332467,0.0392623144407171,0.106119172716439,0.0799792041727183,0.0618027115713369,0.2315552272756186,0.9345988421405944,-0.0100095768184194,1.9517514034440395,0.0073932092004381,101.90240991237678,0.110051579252964,0.0212564794785975,0.0534415913109701,0.0566982400082702,0.1130020101889626,0.1328155142400071,0.1794101421602338,0.1393543122692332,0.0661008076738885,0.0253696516506631,0.0235857734307952,0.0402424171478133,0.0978086568398972,0.0721708830792651,1989-09-30,10,0.1332454087784123,0.01706432785300293,0.0,0.0,0.0
cars,1033,train,7060047060.0,False,1980,1989,1990,1999,10,10,0.176955521944407,0.148784084615081,0.0276372974881851,0.2728674104447603,0.8785201816164869,-0.0035788983948768,2.403084072305966,0.0002737476047084,39.56077663525587,0.1161479288497929,0.5378479468470226,0.0563267466237767,0.1244376015923163,0.1639345123823933,0.159736735207192,0.1016115760616169,0.0826994379303572,0.0136101090708851,0.0186143782914942,0.0108064590471733,0.0481172298473526,0.0906990374093113,0.1294061765361306,0.3005047079329455,0.9417753684618974,0.0,2.089714693815558,0.0041073384446878,47.21887280974199,0.1191275347719808,-0.1013600399622104,0.1173868760669168,0.0988743694845544,0.1469771893339025,0.178042022530253,0.1351295009526662,0.0585834041072495,0.0206379498454499,0.006710051021829,0.0221364214218124,0.0208785512493215,0.108241977217938,0.0864016867681064,1989-09-30,10,0.10203812796176047,0.010383624103686016,0.0,0.0,0.0
cars,1033,test,7060047060.0,False,2000,2009,2010,2019,10,10,0.2273377097597158,0.131662612259381,0.0174476865667854,0.3247300730084949,0.862604324196285,0.0152845257698026,2.9077783544206093,0.0005474952094169,35.20025469569718,0.1212387714652197,0.1579984646073658,0.0940812473067695,0.108537155655558,0.1480632456390221,0.2007069874918112,0.1404652146390363,0.0802482838933126,0.0451259839377965,0.0110218155464702,0.0353649503645606,0.0111684646624716,0.0418955383688278,0.0833211124943629,0.3421777595752804,0.8945686834568324,0.0096129816593615,3.0234916689421394,0.0027382256297918,44.18525022216792,0.1304454235519942,0.2809954165863432,0.0622476975252974,0.0797317246938587,0.1460049390343398,0.1825121142409537,0.2145980215954126,0.072554913523234,0.0333853401344761,0.0282937399325765,0.0094557996991484,0.0369109774933339,0.0364682515469692,0.097836480580399,2009-09-30,10,0.12022340967625476,0.00241054703908519,0.0,0.0,0.0
raw,1033,train,7060047060.0,False,1980,1989,1990,1999,10,10,0.176789069864489,0.1513602473790816,0.0050737458404058,0.3214107401823997,0.8783192479347735,-0.0035774976280593,2.6195464338039365,0.0010949904188338,39.576266631042984,0.1161786492038696,0.5380119050824244,0.0570135406277592,0.1237406777443412,0.1680205596904327,0.1559888857623501,0.1014939896472918,0.0821837288395863,0.0134797133457799,0.0186572426258303,0.0108549093099944,0.0480885017874756,0.0911046544893458,0.1293735961298121,0.3163369943419939,0.941746718483839,0.0,2.247892357806745,0.0068455640744797,47.22949922530121,0.1191301395794261,-0.1010041781935987,0.1170163182435032,0.0994740081476024,0.1469483886380161,0.1780669327467096,0.1347548143116569,0.0582593558961148,0.0204750852834886,0.006613355520697,0.0222450275883972,0.021012585617991,0.1087377623878475,0.0863963656179752,1989-09-30,10,0.11752145671166163,0.009662855273518246,0.0,0.0,0.0
raw,1033,test,7060047060.0,False,2000,2009,2010,2019,10,10,0.2276301904509485,0.1310591536640526,0.0099127833868429,0.3391186846806147,0.8626210091668738,0.0152828528932027,3.1350370429431766,0.0008212428141253,35.204107751327676,0.1212645407421731,0.1579915531667073,0.0939527622514892,0.1085149273535549,0.1482351075995829,0.2007332387217666,0.1402282728489144,0.0803700103162362,0.0447092862593995,0.0107759669448391,0.0353612631980355,0.0111762756537567,0.042356316587511,0.0835865722649135,0.3490314680674576,0.8943126791140397,0.0121715502711096,3.2126512811963277,0.0030128731854286,44.20301342196659,0.1304587792856179,0.281720201219324,0.0624642717649857,0.0795976820930177,0.1468543186374133,0.1839532543965076,0.213103282977784,0.0714017259038592,0.033349335371405,0.0282202610366866,0.0094217263461744,0.0375711011612126,0.0361314441101602,0.0979315962007932,2009-09-30,10,0.10722211291788505,0.005304234544801964,0.0,0.0,0.0
cars,1036,train,7060047060.0,False,1980,1989,1990,1999,10,10,0.2048015950247748,0.0982170309886923,0.0066486637096695,0.1330345244425528,0.9493411211028682,-0.0592163894455616,1.224190917006162,0.0,171.18075882216354,0.1036257232432574,0.4689058809779031,0.0848569718132,0.100839484200267,0.1441923356118443,0.1457340235491241,0.0827831707126151,0.0696900408633908,0.0508762295147223,0.0478832893746607,0.0287052952739586,0.0303680888700629,0.0684596416946849,0.1456114285214688,0.1396831881522224,0.9663752605749484,-0.0589745234719225,0.9902152932717132,0.0,210.08698565517665,0.0971610444791259,-0.2803134621473226,0.0919700984169342,0.089951278357507,0.1368319841638254,0.1394200052404175,0.1272411248857618,0.0828371055016213,0.0577341280523394,0.0442747494408929,0.0455923076124156,0.0397854791539876,0.068796226108267,0.0755655130660296,1989-09-30,10,0.07153167878795991,0.012626060106734976,0.0,0.0,0.0
cars,1036,test,7060047060.0,False,2000,2009,2010,2019,10,10,0.3081252485441372,0.1177217435467222,7.859200398949162e-05,0.1993848612521307,0.9214609695042724,-0.056771812394364,1.4202090079419925,0.0,145.89395072443116,0.0986760421110199,0.3553564405686645,0.0855600882029073,0.0962673810514837,0.1209829107478485,0.1603152952358495,0.118792461447363,0.0704240398187171,0.087438521482183,0.0685686127508126,0.0543332225782252,0.0258853441287176,0.0398858192723066,0.0715463032835852,0.1994634532561202,0.9385041932155626,-0.0138694997045702,1.5421385930368146,0.0,198.54290868371683,0.1021735398634747,0.188600057455717,0.0882877249681155,0.0702876444175946,0.103672614333384,0.1384166633524076,0.1785639245661847,0.0864554526075718,0.0694650379146966,0.0549000893017172,0.0334421509798804,0.0467949694382242,0.0473743460617145,0.0823393820585083,2009-09-30,10,0.08978623237580495,0.0044939322527613275,0.0,0.0,0.0
raw,1036,train,7060047060.0,False,1980,1989,1990,1999,10,10,0.2047940363193383,0.0977281685617257,0.0048138257509204,0.1559699564367985,0.9491924704215782,-0.0566284485620084,1.296430578528846,0.0002737476047084,171.21557390687107,0.1036335726317435,0.4690605890491152,0.0845439516053825,0.1011607320878428,0.1452206784511624,0.1446727695140568,0.0823421744285233,0.0698207665002222,0.050842888764962,0.0476878623184644,0.0286404886141515,0.0303863088503992,0.0690576237934843,0.1456237550713482,0.151156130685878,0.966266536428995,-0.071719104432631,1.037994728007287,0.0,210.1281252634173,0.0971401990571257,-0.2802285369099042,0.0919206070624319,0.0903798374419333,0.1369002313008181,0.1395956464064177,0.1265922223939359,0.0826751775356723,0.0576907983305007,0.044195309588075,0.0457098800367501,0.0396241075630463,0.0691495781965136,0.0755666041439047,1989-09-30,10,0.07247833418698607,0.012415166790106296,0.0,0.0,0.0
raw,1036,test,7060047060.0,False,2000,2009,2010,2019,10,10,0.308056308350589,0.1162271300024735,0.0066655470329326,0.213838192020152,0.921427995007425,-0.074406493598712,1.4876119442057132,0.0,145.9101295453052,0.0986358142857278,0.3553813133370212,0.0857797478642831,0.0965056695523236,0.1215128801116281,0.1601348577654863,0.11813968279663,0.0706349451319924,0.0873874540583893,0.0682357111273338,0.0541824400678728,0.0259956773305625,0.0400903337289139,0.0714006004645834,0.2071726449872194,0.938598538706276,-0.0175419022643892,1.597363936974691,0.0,198.5512373461665,0.1020664588489291,0.1887462926126946,0.0878686473162538,0.0702217348215047,0.1041363291298727,0.1399078745140322,0.176991051947985,0.0859783069717679,0.0693359624041431,0.0548323665351855,0.0332976152758222,0.0472955296765716,0.0470310710390627,0.0831035103677979,2009-09-30,10,0.09100483483955918,0.007125912858929129,0.0,0.0,0.0
cars,1042,train,7060047060.0,False,1980,1989,1990,1999,10,10,0.0943732842692467,0.130983335645074,0.0591266774432104,0.3138499487783836,0.9284754431130096,-0.2009065202886552,1.8488703094412715,0.0002737476047084,57.44806933136854,0.1020010872817955,0.4300583289333021,0.0706163515302263,0.1204225848972781,0.1176708906061007,0.1351430154655311,0.0998054044458644,0.0718850447875974,0.044084230389311,0.0308526452707747,0.0277491293315034,0.0420632166537127,0.0962985459581526,0.143408940663947,0.2547232713351732,0.9508634693229956,-0.0966189337257552,1.409841592643993,0.0,63.13369886673301,0.1034220982438263,-0.2602052041363965,0.0967507860919635,0.0882718693329088,0.1404099981533548,0.1501231573107436,0.1421364167353336,0.0644816975130061,0.0356564089477616,0.0284876746586303,0.0525477687329047,0.0380111249903505,0.087185928610766,0.075937168922276,1989-09-30,10,0.1264881927769625,0.011592966663428272,0.0,0.0,0.0
cars,1042,test,7060047060.0,False,2000,2009,2010,2019,10,10,0.3306817131724919,0.1006469153632163,0.0461680424387564,0.3547932848921897,0.9004845119710189,-0.0951260269668482,2.1265709219112487,0.0,46.62361018762674,0.1125186529930956,0.3383911301775861,0.0839653252423218,0.1020132150883923,0.1623103087453961,0.1709926257645652,0.1489650798945217,0.0564775487271183,0.0448664478059579,0.0350540410433127,0.0399780689160365,0.0290874293651531,0.0483517284543655,0.0779381809528584,0.3086252424534333,0.9295489526787414,-0.031416480274116,2.360839982801652,0.0,64.8961813102841,0.110553716383795,0.189853758366058,0.0699005753703039,0.0748341327189363,0.1213841153300221,0.1658856634994956,0.1879784976030656,0.0762878874981869,0.0578199441953923,0.0474425464713586,0.0279257702003035,0.0455685864312766,0.0483397090721219,0.076632571609536,2009-09-30,10,0.12421038215144532,0.00013007651096946796,0.0,0.0,0.0
raw,1042,train,7060047060.0,False,1980,1989,1990,1999,10,10,0.0943898749257422,0.1302679871239573,0.0705559802511427,0.3493451384765965,0.9283220839782576,-0.2049108703900998,2.022600475108681,0.0005474952094169,57.459740508568295,0.1019274441451861,0.4301861565673491,0.0707387013633994,0.120182511453096,0.1203310428129001,0.1325204625214392,0.099713378992199,0.0717263472236192,0.0440363781765535,0.0306746264724863,0.0277585012280507,0.0421162629561589,0.0968835935023823,0.1433181932977148,0.2787891582254537,0.9506433059634508,-0.1165898810468499,1.5155038508423604,0.0,63.14757279014239,0.1033880739903489,-0.2599939470644715,0.0966514053169106,0.0890228181056299,0.1399798111595536,0.1510456093205436,0.14099735722766,0.0642084217257338,0.0355630325403552,0.0284163891346662,0.0526558910172781,0.0380245682061086,0.0873403737643549,0.076094322481205,1989-09-30,10,0.12453180252735543,0.011299395005937612,0.0,0.0,0.0
raw,1042,test,7060047060.0,False,2000,2009,2010,2019,10,10,0.3305727463661762,0.0998169930724293,0.0576208742948567,0.3812739904689628,0.9005497004657942,-0.1356679560510397,2.2691595522622827,0.0,46.62835133758555,0.1125168646344389,0.3384288816918167,0.083886923892067,0.1022024592058894,0.1631467949273577,0.1703607615006438,0.1486766359508836,0.0562120507855651,0.0447745041126872,0.0349711301693789,0.039948790379834,0.0292076373553963,0.0485035100635494,0.0781088016567472,0.3236531161741061,0.9296360775990626,-0.0636188358310278,2.541229137669666,0.0,64.89570873263965,0.1104453124263237,0.1900685378111861,0.0697235063399415,0.0750314323608854,0.1220165841471786,0.1673267372849048,0.1860670317290908,0.0757973030596868,0.0577768792835063,0.0473954481949802,0.0278719583671739,0.0466222891790764,0.0474758586443239,0.076894971409251,2009-09-30,10,0.12187844742238407,0.0025916867338168052,0.0,0.0,0.0
cars,1048,train,7060047060.0,False,1980,1989,1990,1999,10,10,0.2849505168310418,0.1250112881401122,0.0313199549269455,0.1237833772770036,0.9935118515372846,-0.0427710357001665,1.76959823972269,0.0555707637558171,231.14552106333096,0.1000004309862104,0.5114377993591113,0.0453745568309759,0.0550498027014744,0.108136952780902,0.1326183731172234,0.1388000078447701,0.1263429768039471,0.0718317204789545,0.0326925196109049,0.0495082031092593,0.1205231781972802,0.0666809001366707,0.0524408083876371,0.1551033322039491,0.9872041954856434,-0.060100319955276,1.6559056305396582,0.0323110624315443,307.35332768742956,0.1019035726187573,0.4301130200405261,0.0464201569747516,0.0524891247091863,0.0966164026962303,0.1135698438778749,0.162996032473435,0.1449910422323689,0.0936435226704812,0.0743139186892325,0.0378922576944666,0.0402575927882688,0.0836369030000803,0.053173202193623,1989-09-30,10,0.05660606128915312,0.002648421671156092,0.0,0.0,0.0
raw,1048,train,7060047060.0,False,1980,1989,1990,1999,10,10,0.2848107652359121,0.1247209718786192,0.0329048243821166,0.1361167753870419,0.993398621287676,-0.0673596729296164,1.8251835340643896,0.1617848343826991,231.20658581987408,0.0998676013413416,0.5114419681425796,0.0454672608149713,0.0552457286117646,0.1085945338958067,0.1324767834011682,0.1391551952420876,0.1257955276025641,0.0712934299895963,0.0327615554434795,0.0503631967210593,0.1196929579930234,0.0666103658554071,0.0525434644290713,0.1690215997691585,0.9871115442305982,-0.0948822395754299,1.6779509789019569,0.0941949616648411,307.39156380065714,0.1018719948468219,0.4303547873034917,0.0467087205350986,0.0524220568360409,0.0965717506677799,0.1144546114001068,0.1626251115395468,0.144926368129829,0.0932041101581132,0.0740850384616035,0.0380472729610397,0.0401565368792358,0.0837782936253041,0.0530201288063014,1989-09-30,10,0.058286164230019574,0.0017055243180679701,0.0,0.0,0.0
cars,1053,train,7060047060.0,False,1980,1989,1990,1999,10,10,0.2036359767420902,0.1531796821120625,0.0252596923162862,0.0413667863525778,1.0022430086726022,-0.0150321093087304,1.4261795646804294,0.0878729811114152,271.4206358449676,0.098251796999057,0.6285745262588782,0.0679867754594539,0.0848538327342096,0.1401023907805245,0.146727002032003,0.0944406143783493,0.0906169441694487,0.0418040728119997,0.0300948402830622,0.0341961229806192,0.0806406319159277,0.0896399065789188,0.098896865875483,0.066626478668864,0.9914801897274996,-0.0186372094847488,1.331252814411558,0.0561336254107338,332.72148414033603,0.0986299198232129,-0.0460093207275826,0.0652080537255629,0.0552231715084928,0.1045349081650724,0.1217514085444087,0.1565134806088119,0.1247116920030905,0.0834301173252821,0.0411891983121032,0.0384877884862538,0.0461108696727395,0.0829729154328398,0.0798663962153418,1989-09-30,10,0.022668605223645714,0.0016820295893322048,0.0,0.0,0.0
raw,1053,train,7060047060.0,False,1980,1989,1990,1999,10,10,0.2035407036155546,0.1530611744232217,0.0254287948144456,0.0428690503031623,1.002080397461409,-0.0208609286365513,1.448350983316896,0.1439912400766493,271.46442513003007,0.0982329284259114,0.62840186458027,0.0675911731379543,0.08546442821765,0.1401954387480836,0.146576898021992,0.0939223965216812,0.0905865621451765,0.0414353365599884,0.0302055853251531,0.0346606808488895,0.0803322132093227,0.08985761338081,0.0991716738832983,0.0682978451176079,0.9915115781240008,-0.0170191173553552,1.3461655577628946,0.092552026286966,332.74346029572837,0.0986115651420266,-0.046052343666239,0.0652325257166182,0.0554517346927053,0.1045563162027248,0.1222683602124476,0.1563467494973418,0.1244654535978172,0.0829749891101856,0.0411137784554275,0.0389707651633384,0.0456659444057908,0.0834342851861237,0.0795190977594787,1989-09-30,10,0.025598908623489843,0.0014227391007148023,0.0,0.0,0.0
cars,1067,train,7060047060.0,False,1980,1989,1990,1999,10,10,0.03429922759685,0.1253214370053315,0.0387523531550227,0.4509479302521174,0.906588865607924,0.0173587781470807,3.261237865094601,0.0002737476047084,47.877683150168544,0.1293564962574452,0.2107478273376784,0.0680689627894722,0.1489006056556747,0.1500409459706926,0.1556343117105809,0.1024501039164968,0.0320557678540258,0.009567760039539,0.005174989534611,0.0053766562214585,0.0411776711430598,0.1032585008930915,0.1782937242712968,0.4897002834071401,0.9327895675637716,0.0222884408330002,2.1834311029646556,0.0,49.54833800509237,0.1301183013305164,-0.2202698712599,0.1394881166402682,0.1057116877849788,0.1657038881622158,0.1831807887970855,0.1073489819052038,0.0325712013580773,0.0071505904785784,0.0019956217389684,0.0069422055751588,0.0260405005091086,0.1069715039231403,0.1168949131272153,1989-09-30,10,0.15034032768295483,0.00414166544071936,0.0,0.0,0.0
cars,1067,test,7060047060.0,False,2000,2009,2010,2019,10,10,0.2876265252641021,0.1416777901694289,0.0673197431439447,0.5325281058862181,0.8795286373590949,0.024935813751253,2.7401890245875937,0.0,44.28791500516026,0.1276627502072831,0.425220013526132,0.1224233426275672,0.1342631590219619,0.1876530149494162,0.1522064107027186,0.1302189094213534,0.0263957427206542,0.0137743210897206,0.0081789598625347,0.0421532994202422,0.0136047182797719,0.0522085567328832,0.1169195651711753,0.5998478490301629,0.9189361237921302,0.0320347093613561,2.5294958032542993,0.0002738225629791,59.04727333914301,0.1160326697795257,0.123820600846376,0.0861850638618729,0.1153836894852906,0.1567240702012561,0.1384680425380525,0.1664870731060231,0.0479221193270848,0.018277072756287,0.0368001910797896,0.0047217451477715,0.0443393710850984,0.0722331709220643,0.112458390489409,2009-09-30,10,0.16451816097366329,0.02313290600683471,0.0,0.0,0.0
raw,1067,train,7060047060.0,False,1980,1989,1990,1999,10,10,0.0345511682389087,0.1229401450503644,0.0349340278867459,0.4716175143795273,0.9063970694375252,0.0177381646834176,3.791796344124055,0.0005474952094169,47.891313174815224,0.1292728412418212,0.210777959561708,0.0684415729877215,0.1485179188005066,0.1520385212268569,0.1536190776474571,0.1021065345201546,0.0322355817320931,0.0091654467867798,0.0051385483548175,0.0053774527354428,0.0412912878898915,0.1041143995890277,0.1779536577292505,0.5065515422662733,0.9323636521789034,0.0222764844108761,2.39495355305843,0.0,49.57493200591457,0.1302211188007547,-0.2194711822618015,0.1388124588671419,0.1063746393300045,0.1657948639042604,0.1840498569816595,0.1056482934316973,0.0324353170523176,0.0070707677370101,0.0019599139646185,0.006971294009335,0.0263256594649279,0.1071612012427064,0.1173957340143202,1989-09-30,10,0.14818713138747108,0.0059176345590219665,0.0,0.0,0.0
raw,1067,test,7060047060.0,False,2000,2009,2010,2019,10,10,0.2879413444116431,0.1409810396538794,0.0660903282216471,0.5506501849189527,0.8796411982247613,0.0249333774597144,2.9681790977576576,0.0,44.2922424683274,0.1275551964628718,0.4252040953049667,0.1215359297894036,0.1343733805989355,0.1879064535011348,0.1522091626617719,0.129463080166278,0.0262300383959243,0.0137655373110533,0.0081044371216103,0.0421504935241667,0.0136859070335563,0.0533841380340121,0.1171914418621528,0.6167405131405999,0.9186767512925492,0.0186951853290278,2.7664835383483943,0.0005477951246233,59.07163692489728,0.1160667636740017,0.1244799652765284,0.0861612642063447,0.1156618935153749,0.1571833790104778,0.1383704206696852,0.1664556731000583,0.0470284569511251,0.0181609396421853,0.0368294717703213,0.0046624720042918,0.0462685124861711,0.0708711237664525,0.1123463928775114,2009-09-30,10,0.16187815017837728,0.02532265262007693,0.0,0.0,0.0
cars,1084,train,7060047060.0,False,1980,1989,1990,1999,10,10,0.1933255156991143,0.1740563220789034,0.0276887053603043,0.4924780194355774,0.973174738806431,0.0061655222008543,2.7495371169992144,0.0,14.888216062857976,0.1189744178383268,0.4331895698769069,0.0613751952369822,0.1670786197344338,0.1393014305132384,0.1113737808073223,0.1334765135435752,0.0576600678232409,0.0169632052571919,0.0062001155297922,0.0026307938126468,0.0741775306827851,0.0823876162470879,0.1473751308117028,0.5201667247958818,0.9800656294309116,0.0031352436838701,2.798103573290314,0.0,18.063540097812055,0.1246775426810344,-0.0777895700696555,0.1555508400429201,0.103368069954207,0.1365832381683401,0.1419329371339365,0.1531814682004979,0.0349627889860749,0.0150430027875978,0.0034550887619018,0.0065118869661406,0.0239678140430001,0.1081230893830229,0.1173197755723599,1989-09-30,10,0.11771308713662777,0.013356528830278281,0.0,0.0,0.0
raw,1084,train,7060047060.0,False,1980,1989,1990,1999,10,10,0.1935782034158026,0.1737701312320632,0.0300399759176337,0.5334213674719139,0.9730297162594956,0.0076057818932694,2.9611402890326817,0.0,14.892249290008213,0.1190586368848674,0.433108768210141,0.0617378993004928,0.1669550326091088,0.1398512364850713,0.1103868996488809,0.1339137088326948,0.0570824029103065,0.016815794541744,0.0061040928183938,0.0026296475584996,0.0742370534616672,0.0828614854483619,0.1474247463847777,0.5634613433895477,0.9801211974453315,0.0031336026514476,3.0158014189909115,0.0,18.07299977035617,0.1246261129158693,-0.0766557424907796,0.1557168717025379,0.1041961515063674,0.1359339659772483,0.1423303787319361,0.1525476404212358,0.0347744042183247,0.014963596551618,0.0033937345975814,0.0065337761585868,0.0242218899744156,0.1081711050066969,0.1172164851534508,1989-09-30,10,0.11991601225618176,0.011770604711270708,0.0,0.0,0.0
cars,1086,train,7060049270.0,False,1980,1989,1990,1999,9,10,0.2977958565861128,0.087148312944279,0.0440114416332722,0.5709754863431433,0.8533389603235029,-0.0915229048709883,1.8125542996238453,0.038028597505324,3.376204027129271,0.1368910177050352,0.1219296333998906,0.0174744549938055,0.0179507073609017,0.0466420270903082,0.0937577371149194,0.2199198762282443,0.1900101868074023,0.0844365643073621,0.1476592744180996,0.0960894173860873,0.0392405226949704,0.0270844307413849,0.0197348008565138,0.5269640447098711,0.8068730228193545,-0.1198862878459535,1.7654747231944623,0.0438116100766703,4.547364644129878,0.1507917222884998,-0.0369618988927726,0.0145518242645727,0.0128226613381392,0.0342999011959516,0.0641531935656495,0.2367786932240639,0.1846934871848431,0.1092133682200003,0.1855330590773032,0.0800714124951972,0.0265306623843015,0.0347233381180025,0.0166283989319747,1989-09-30,9,0.29754225101342063,0.03425868555367824,0.02956474130851355,0.0,0.0
cars,1086,test,7060049270.0,False,2000,2009,2010,2019,10,9,0.0838625725704819,0.2568055383385927,0.1820411838165087,0.886849700889463,0.9433882350733138,-0.0715104748375133,2.170107208437083,0.6515192992061319,2.181498589604732,0.1513102709768624,0.6028168432258246,0.0157850449891981,0.0287018138860625,0.0636853183377887,0.1844333023000917,0.272427856851862,0.091681727263963,0.0579817000989648,0.1380295858420765,0.0628195945131614,0.0512728377897152,0.0179367251407939,0.0152444929863218,1.0688908847059715,0.7866015003850757,-0.0160517352350427,4.556462627365029,0.0453300882263462,2.0060136507674065,0.1469334687798465,0.0761641906927999,0.0064018035262347,0.0081415589486979,0.0327278184571442,0.1210547803294155,0.1574899477737507,0.094705615516118,0.0817422742751711,0.135262175259496,0.252569932000295,0.0915435762128129,0.0114810029165976,0.0068795147842659,2009-09-30,10,0.21294949731763788,0.007910271535289155,0.0,0.0,0.0
raw,1086,train,7060049270.0,False,1980,1989,1990,1999,9,10,0.2977423566814084,0.0871036461438854,0.0344846576527956,0.5786876371932993,0.8532301709860765,-0.0915143256960796,1.8958958359316191,0.0486766048068147,3.3765205354426526,0.1366992028580921,0.1216708838664744,0.0173539546302275,0.0180725122386804,0.0466677713082064,0.0952651513615698,0.2200883839373587,0.1887471986389662,0.0843616365741948,0.1477953616408089,0.0955573497721294,0.0392146845604179,0.0270201087107833,0.0198558866266562,0.5442029795405037,0.806878868549928,-0.1180856237043616,1.8337294189524789,0.0572289156626506,4.547547645125959,0.1509653418014781,-0.0369920048400355,0.0145387870790101,0.0128321030966222,0.0346401933952823,0.0650727460198448,0.2378646844790266,0.1839865425824397,0.108309583225652,0.1858925925917005,0.0791653530145516,0.0267892905218825,0.034302276710652,0.0166058472833353,1989-09-30,9,0.30256070820099296,0.036184009275275195,0.02956474130851355,0.0,0.0
raw,1086,test,7060049270.0,False,2000,2009,2010,2019,10,9,0.0837313573802923,0.2591885652722271,0.2217354685387309,0.8848431516750894,0.9434732217703944,-0.0715029678722977,2.2440377253340107,0.6797153024911032,2.1817276211333154,0.1517371403878555,0.6026044303879324,0.0158117134184817,0.028788242088842,0.0643562847034405,0.1851715922920014,0.2732191605589615,0.0906256591246185,0.0577370894386858,0.1377295510292476,0.0623108261371511,0.0513467566708587,0.0176682098573737,0.0152349146803371,1.1065786202138204,0.7868807480543182,-0.0164466509881671,4.817182123018002,0.0505173463177115,2.006487522824102,0.1470274586257451,0.0757211627708248,0.0063518853481661,0.0081943567715071,0.0331617555834558,0.1216076640016453,0.1575754422886928,0.0937288327364158,0.0834666248465491,0.1336048102032997,0.253399123172885,0.0906143158876911,0.0114252035166512,0.0068699856430404,2009-09-30,10,0.21204210981342722,0.009443162720499108,0.0,0.0,0.0
cars,1092,train,7060047060.0,False,1980,1989,1990,1999,10,10,0.0601271671991928,0.145621912622416,0.0042517886837049,0.4189342757222991,0.9778848294355372,0.0042952792651559,2.830373837790921,0.0,26.37015965849842,0.1158475226187839,0.2991725363155577,0.0578118809183642,0.1353303249681687,0.1385575165512863,0.1205606295586647,0.1156815241126388,0.0740592602554868,0.023483635413667,0.0069203885334031,0.0031062166044985,0.0663538623034186,0.0886796443248323,0.1694551164555704,0.4146824870385942,0.9856578676802634,0.0050557841214166,2.497943563941426,0.0027382256297918,28.004360273264258,0.1233052900309705,-0.1526013523740627,0.1454784576090559,0.0987281672870962,0.1435340849917148,0.1240380705927002,0.1475200257821791,0.0406661945045261,0.0081233912892631,0.0029809214205657,0.0069771643652774,0.0337954004961741,0.1024715213517735,0.1456866003096734,1989-09-30,10,0.13647002278308001,0.01390537171772451,0.0002737476047084588,0.0,0.0002737476047084588
cars,1092,test,7060047060.0,False,2000,2009,2010,2019,10,10,0.1782572834923642,0.1448278619161013,0.076865233986902,0.4770320849549008,0.9575537839461474,0.0135615745576323,2.9698155346615747,-0.0021899808376676,25.056205572291855,0.1166011644704139,0.2218132928115878,0.1085297209465713,0.1312550106968388,0.1760681962941034,0.1339177862779197,0.1080331422815056,0.0489174908295265,0.0179473297934991,0.0119099474466198,0.0636999066713192,0.0099266130575551,0.0635501037004808,0.1262447520040602,0.5538973189418028,0.999304177346716,0.0063828771853726,2.852377155326435,0.0,29.94549236166132,0.1186828914826972,0.0468752685954496,0.0883713631602155,0.1142952152003609,0.1367257362643691,0.1244364792362515,0.1836442721527904,0.0730525291173438,0.0173432331086624,0.0132917485736439,0.0054180617942906,0.0391531014461847,0.0732619778228104,0.131006282123076,2009-09-30,10,0.126887263853492,0.004330045909744525,0.0,0.0,0.0
raw,1092,train,7060047060.0,False,1980,1989,1990,1999,10,10,0.0598437038440664,0.1435693216614242,0.0091156875135494,0.4688173811188492,0.977847360005776,0.0042932771476656,3.035573887511547,0.0005476451259583,26.38245706117196,0.1159520932504575,0.2984957708973537,0.0579401380560138,0.1356126575259291,0.1399973372744248,0.1185738607956501,0.115844420429387,0.0746086219983644,0.0224726960445719,0.0068507865766762,0.0031661743367882,0.0663673990706525,0.0895081276307616,0.1690577802607801,0.4597016936052997,0.985470737314751,0.0050548601816261,2.66668929507158,0.003012048192771,28.009478979189485,0.1231520981499374,-0.1523188730502415,0.1451340050077996,0.0995414361505551,0.1428125341708271,0.124940309188025,0.1465560650689886,0.0403356249991349,0.0080174622442638,0.0029540204270609,0.0070253144408164,0.0345269650215302,0.1021311523079929,0.1460251109730052,1989-09-30,10,0.14481102467711948,0.015090678914443153,0.0002737476047084588,0.0,0.0002737476047084588
raw,1092,test,7060047060.0,False,2000,2009,2010,2019,10,10,0.1784442674586467,0.1440326201496603,0.0797481143388978,0.5212600112783097,0.9579294993428322,0.0135599134363632,3.1622957840859462,-0.0024637284423761,25.059275016370105,0.1166283252797913,0.2218684096501662,0.1081764706614921,0.1310327632953877,0.1762782560049008,0.1336815802211013,0.1080734628328967,0.048379962162621,0.0178370583192128,0.0118997241989109,0.0637111153183158,0.0099830980548351,0.0643084369910418,0.1266380719392835,0.6010081256172075,0.9990873051580772,0.0075625506675515,3.047525565361261,0.0,29.954761291317453,0.1185167753919234,0.0476163239764915,0.0883695748711086,0.1144032568065478,0.1368524430065177,0.1243447692494165,0.1835961419798014,0.0725422810710224,0.0173176403330771,0.0132510345817568,0.0053969394040825,0.0399936409121478,0.0740282259605901,0.1299040518239307,2009-09-30,10,0.130648642546086,0.006670781312906789,0.0,0.0,0.0
cars,1093,train,7060047060.0,False,1980,1989,1990,1999,10,10,0.201438510021485,0.1450949226484938,0.0072584765062987,0.4843329479499407,0.9750359899651788,0.0057771087086737,2.5913856493048564,-0.0637831918970708,34.273199620204956,0.1156947315790347,0.367809690389357,0.056995597858414,0.1355309983406304,0.1279678812198776,0.0986060626372975,0.176091262830756,0.0892486124961836,0.0171206099355795,0.0063290619247538,0.0051443304781277,0.0738304238841628,0.0910541302935252,0.1220810281006914,0.4915914244562395,0.9682519080353345,0.0087782821321297,2.5812545142781387,-0.1221248630887185,41.92164189540772,0.1146281424212556,-0.1703234587193905,0.1297185528069325,0.0967825647806486,0.1214255094073865,0.1305627283043473,0.1627271746705663,0.0433542421717041,0.0138377418380865,0.0064835389989235,0.027819344026389,0.0413170977260106,0.1086399417040197,0.1173315635649848,1989-09-30,10,0.10235059146916217,0.01300706925998778,0.0,0.0,0.0
raw,1093,train,7060047060.0,False,1980,1989,1990,1999,10,10,0.2013594389208472,0.144985446961606,0.0168586159759001,0.5157748106112742,0.974952382675068,0.0091018937881596,2.7428993426893276,-0.0725431152477415,34.27858061866959,0.1154585877747757,0.367836630807384,0.0587601283520546,0.1342054727750208,0.1279291417948723,0.0983325341377118,0.1761008365659528,0.0886254478180761,0.0170239807800141,0.0062969747041708,0.0051383387056928,0.0744473940612597,0.0910612076035507,0.1220785427016229,0.5326334265871743,0.968233411054916,0.008109737428506,2.745616302986034,-0.1355421686746988,41.92490854326397,0.1145572696715249,-0.1700457397704692,0.1299484123044117,0.096840680953036,0.1215750992657124,0.1316574411066633,0.1613973467897534,0.0435485219146635,0.0134667765085605,0.0062992454707298,0.0278878814301107,0.0417213033948468,0.1087816501528713,0.1168756407086403,1989-09-30,10,0.10338796222593846,0.013009245959583972,0.0,0.0,0.0
cars,1101,train,7060047060.0,False,1980,1989,1990,1999,10,10,0.0013417847484569,0.0932325013229068,0.0019909569525127,0.4730442565614937,0.7863218545411311,0.0143686471730176,2.1993407839386583,-0.0906104571584998,47.97250511477563,0.1009761831303006,-0.2181760994770828,0.1068004788507995,0.1065542943421736,0.1242166308587505,0.1309311880137,0.0948625193187697,0.0795055573274334,0.0631748141948856,0.0331000102227273,0.0222312763752272,0.035297391992787,0.0640747365787243,0.1392511019240213,0.4750352135140064,0.8794136349089269,-0.0478040322367935,2.040683466940804,-0.0180722891566265,48.03691709432592,0.1064585258747297,-0.216771530839809,0.1226790985146816,0.1272987784792673,0.1565780819336489,0.1349137241263517,0.0866585183561734,0.0777328818059079,0.0406578684409768,0.0435858720821634,0.032010824850172,0.0295329058222844,0.0389682974868856,0.1093831481014862,1989-09-30,10,0.17042828492938206,0.003242064653130417,0.0,0.0,0.0
cars,1101,test,7060047060.0,False,2000,2009,2010,2019,10,10,0.0061611712425108,0.1383570636550596,0.1179710089182047,0.4553180733008327,0.8691284308604055,-0.0992714712613014,2.1535715177315673,0.0454421023816041,42.688162196288935,0.100852690791356,-0.2524430173304783,0.0991500319207889,0.1183522411388123,0.1264154624038931,0.1106496198787879,0.1205318496170765,0.0368219058109834,0.0430127840656894,0.0358262703558682,0.0407760379071267,0.0703847758967196,0.0569755741790955,0.1411034468251582,0.5732890822190375,0.8598479492754703,-0.031797134834142,2.554891909004259,0.0523718124485878,42.95198316212849,0.111777276426367,0.2533270014985211,0.0891238123783778,0.165188805615468,0.1491398162307453,0.1547593084296469,0.0936640088493215,0.0543691060387313,0.050152040638634,0.0253097326980874,0.0348109482234292,0.0343089366776081,0.0433319247379593,0.1058415594819906,2009-09-30,10,0.19422359298528272,0.00803616966203521,0.0,0.0,0.0
raw,1101,train,7060047060.0,False,1980,1989,1990,1999,10,10,0.0013941288250114,0.0957140452661862,0.01671642756803,0.5110854719188468,0.7863260139868774,0.0295161636615288,2.343381657592163,-0.1749247194087052,47.97371420750069,0.1009933434506606,-0.2175965045294139,0.1064551512257676,0.1067988299414216,0.1247333877940663,0.1297607325318184,0.0952687625303157,0.0787899361669097,0.0632366440199384,0.0329424742349951,0.0223397841429017,0.0351055405615008,0.0646369055396462,0.1399318513107181,0.4943690443508167,0.87931573272097,0.0312443782055521,2.178303176931119,-0.0900876232201533,48.040642387732746,0.1066480906015391,-0.2165147564183928,0.1233274518507644,0.1265984363618368,0.1567555870940009,0.1365145621668254,0.0849453262197112,0.0773758751389456,0.0406036382141886,0.0434490691656399,0.0320992984980896,0.0293732557795823,0.0392921516925251,0.1096653478178896,1989-09-30,10,0.18247074197857696,0.0021708548442409266,0.0,0.0,0.0
raw,1101,test,7060047060.0,False,2000,2009,2010,2019,10,10,0.0080086098038537,0.1393293651803315,0.1155668364797469,0.4823839969640185,0.8691247138936232,-0.0848890453233436,2.300385828493604,0.0309334793320558,42.69102080481796,0.1004516981278788,-0.2523642887301917,0.0989651324746738,0.1186695640769499,0.1268254445603852,0.1095904343216424,0.1205038792519403,0.0369610705267067,0.0433243670792833,0.0353548023655921,0.0408754073629573,0.0701684707895301,0.0598924597124369,0.1388689674779014,0.5979508334437655,0.8605918536867643,0.012501658779173,2.7352749768855076,0.002749518834204,43.03428924938136,0.1118850845195458,0.2497809566805889,0.0891914236596441,0.1655349229799359,0.149679894753057,0.1552087774447689,0.0918546451343446,0.0544713179271269,0.0498053326404103,0.0253827235617434,0.0348035286681445,0.0349071796051655,0.0433480383534662,0.1058122152721921,2009-09-30,10,0.19842721965168883,0.00864895185370112,0.0,0.0,0.0
cars,1112,train,7060047060.0,False,1980,1989,1990,1999,10,10,0.0029421217241441,0.1033879584714556,0.0462689217204717,0.35617277519421,0.8131803758695767,0.0532227168763168,2.295918239746783,-0.0473583356145633,61.0279818587264,0.1012748534435138,0.1483002842350891,0.0588869028127432,0.1100046708623185,0.1262402270335502,0.1034076648125425,0.099563394735697,0.0677227947819804,0.0410879397384552,0.0262223962841167,0.0275354475730997,0.0772453107918634,0.1072457742363709,0.1548374763372619,0.4024416969146818,0.7958133812993828,0.0009775066005414,2.0212204308570048,-0.0865516296904957,60.84869398022777,0.1042143311258347,-0.2725372304808475,0.1224047796814421,0.0927312151992253,0.1185118409378784,0.1238309988834609,0.1190101422675353,0.0481380852682587,0.0303644866625666,0.0219756654405547,0.0247330266623705,0.0581832424229849,0.1035878935742259,0.1365286229994962,1989-09-30,10,0.10724048567468579,0.01334472126705742,0.0,0.0,0.0
cars,1112,test,7060047060.0,False,2000,2009,2010,2019,10,10,0.209348174511409,0.1266459746437351,0.1106544748956852,0.3423355702806719,0.7943084425042268,-0.011981441808909,2.2039426370601407,0.0678894059676977,55.33557735155143,0.099294883952783,0.2057542869820786,0.1045224037094415,0.111686143246702,0.1434614153204686,0.1068645974704191,0.1108611762493666,0.0637637696841025,0.0343951732561284,0.0240322453146634,0.0767861502016346,0.0337529088022435,0.0760042551484124,0.1138697615964167,0.4529900451763571,0.8182816869883733,-0.0054531685681873,3.0210746573857183,0.01013143483023,68.22180450652412,0.1118039341995124,0.2207593314501612,0.0838746356710956,0.1091572881722733,0.1154232147152881,0.1215515533251903,0.1976847078608289,0.0659211590869875,0.029640795393312,0.033433988819328,0.01530291642261,0.0473292630721955,0.0739365751244676,0.1067439023364226,2009-09-30,10,0.11325146799202518,0.0014647813703549907,0.0,0.0,0.0
raw,1112,train,7060047060.0,False,1980,1989,1990,1999,10,10,0.0027721589685253,0.1038814332983613,0.0515567702124187,0.3992136383875464,0.81312924773665,0.0710663540012904,2.5181786784763744,-0.2283055023268546,61.03873008486177,0.1013557065570016,0.1484330446375691,0.0591951013443551,0.1104526127364323,0.127357529312962,0.1015238420938403,0.0998191133809612,0.0676851267118769,0.0407923990189711,0.0259509293352722,0.0276901911479278,0.0771881155314809,0.1076669666068199,0.1546780727790997,0.4507704085999652,0.7956449856576094,0.0069821210486039,2.2329282925533693,-0.2490410958904109,60.86975534246575,0.1041889861321225,-0.2715965513985406,0.122211144498615,0.0930010016851295,0.1186972460808718,0.1240445763453066,0.1181637692735966,0.0484079172918262,0.0299937472152251,0.0218695154482708,0.024781931987394,0.0584406119822685,0.1040470480049054,0.13634149018659,1989-09-30,10,0.10580477598766583,0.012320662510223356,0.0,0.0,0.0
raw,1112,test,7060047060.0,False,2000,2009,2010,2019,10,10,0.2113456559915884,0.1266129383908019,0.1163806744895136,0.3829695169805516,0.7944215137130854,0.0,2.4173937830873395,-0.0358609362168081,55.33598768135779,0.0992746113633032,0.2057897265946891,0.1038764744231272,0.1117469176908751,0.1438734047053759,0.1068130582801191,0.1103147290308464,0.0636697612959041,0.0344792595503595,0.0237346240975722,0.0767588484161531,0.0340757172211348,0.0768240104128989,0.1138331948756332,0.4993501914700653,0.8159853307359725,0.0,3.472988778795814,-0.1013179571663921,68.35871938495332,0.1118557170735493,0.2248283846522233,0.0839183961135087,0.1094934611345575,0.1150404019150582,0.1235341805914703,0.1972288383916006,0.0642065002764914,0.0309087808805999,0.0319363816044616,0.015260971718563,0.0483149274523544,0.0736909504138246,0.106466209507509,2009-09-30,10,0.11102933469669901,0.0001700070633284979,0.0,0.0,0.0
cars,1120,train,7060047060.0,False,1980,1989,1990,1999,10,10,0.0828422113373287,0.1858916035632438,0.1191578174663257,0.7056786843803173,0.7077923187175593,-0.0037589016153187,5.136527748062047,0.4979468929646866,7.448984534708419,0.1276062132751728,0.8199631292974494,0.052318121312234,0.0856755526122394,0.1166305120280806,0.061204489449193,0.2069426107751212,0.158759710598196,0.02690748420453,0.010002667839192,0.0382453710995448,0.1630074102359306,0.0343457673087357,0.0459603025370023,0.5865208669139916,0.7846490962100287,-0.0042215764341332,3.2043979774136098,0.3075027382256298,8.092356145391845,0.1171374642185062,-0.3533179471547091,0.0497993799261172,0.0676844815784547,0.1252760156688898,0.1418290902441057,0.2032332245262577,0.1323094696208892,0.0368250888684949,0.0234278668185649,0.0568181555886504,0.0277852463187585,0.0527108160334558,0.0823011648073607,1989-09-30,10,0.43236708053814454,0.07244874985941793,0.0,0.0,0.0
raw,1120,train,7060047060.0,False,1980,1989,1990,1999,10,10,0.0828620484183543,0.1841534747039103,0.1220103358680195,0.7418689037306249,0.707734214088511,-0.0037588942256631,5.598865036993142,0.4957569121270189,7.448999178757185,0.127243778534852,0.8199086172999233,0.0507942797364937,0.0872373700323477,0.1154361693941103,0.0619421918788275,0.2064620170654767,0.1581037936078806,0.0267669254057723,0.0098797208237168,0.0383864449314498,0.1628443059132208,0.0344502707231443,0.0476965104875588,0.6198585678626053,0.7847675007949029,-0.0034599798896451,3.3940587909673043,0.3036692223439211,8.092532584884994,0.1170336675614927,-0.3532496311352878,0.0499671634184409,0.0681824403110665,0.1249666668685574,0.1420782326437882,0.2031259870726494,0.1320600722834517,0.0366626041498577,0.0236792542879831,0.056433274912449,0.0279526285659006,0.0530169778779667,0.0818746976078882,1989-09-30,9,0.30481347287976507,0.02917022197768573,0.0,0.0,0.0
cars,1121,train,7060047060.0,False,1980,1989,1990,1999,10,10,0.0480414904397197,0.1048728277692219,0.0208196155742927,0.2503995987981038,0.813600457104462,-0.039496188514787,2.215544953296546,-0.0399671502874349,27.319302796252433,0.1029284401978653,0.1431902309336765,0.0600051876406535,0.1207489841059193,0.1244180321160027,0.1130625987109243,0.0921627997454001,0.0649906099524335,0.0548215404178671,0.0231243222608793,0.0249781854445607,0.0567527271155137,0.1071047014787247,0.1578303110111207,0.229579983223811,0.7935874322737028,-0.0374456049384194,1.981120511037788,-0.0460021905805038,28.663800066749207,0.1033919868826949,-0.1557248769078428,0.1295246405651227,0.09846095978327,0.1369958602046503,0.108871577737278,0.1111783324168238,0.0437607073196099,0.037824469573918,0.0240479711239852,0.0278145506661363,0.0563766292469294,0.0936203786567779,0.131523922705498,1989-09-30,10,0.0932127132154973,0.01584938743126415,0.0002737476047084588,0.0,0.0
cars,1121,test,7060047060.0,False,2000,2009,2010,2019,10,10,0.0946480722622095,0.0986386384187547,0.0668206862061397,0.2289161748185658,0.7839994589509961,-0.0221188165873853,2.1075851777649977,-0.0542020257322748,25.223621908635742,0.0944178604303331,0.1661035005365498,0.1065734126064123,0.1070878745907697,0.1331512661847543,0.1091580028558383,0.106341697062695,0.0678392810104177,0.0468646069773161,0.0373295144108647,0.0662686160244978,0.0444451718396196,0.0677482667975454,0.1071922896392683,0.2957368610247056,0.8413760103790091,-0.0157409234363883,2.339627738890213,0.108433734939759,27.7276193545526,0.1054127485740338,0.33307979023625,0.0774069574546902,0.1268613979689415,0.1369826896318896,0.1312980207757956,0.1320638088191368,0.0665828252084902,0.0272121622811683,0.0386643032509302,0.0177053332555405,0.048515266001955,0.073858319316828,0.1228489160346334,2009-09-30,10,0.09175491955389337,0.021420093950716177,0.0,0.0,0.0
raw,1121,train,7060047060.0,False,1980,1989,1990,1999,10,10,0.0476399033727022,0.1024694732694307,0.0163210735296359,0.2792264678191853,0.8134283062286319,0.0155488040604448,2.446668862077216,-0.2037239868565169,27.333291894852135,0.1028500014451059,0.1437053166031018,0.0610803526650285,0.1196794984856019,0.1249130670482342,0.1123354259619967,0.0919394442754645,0.0648378517497418,0.0550379677932485,0.0228912236282675,0.0251567447878948,0.0565751665813774,0.1075713168774138,0.1579819401457297,0.2629053942895494,0.7935414088840945,0.0148254281242354,2.20012386405718,-0.2160460021905804,28.666963033954,0.1033816382145721,-0.1554014390740608,0.1296228034169149,0.0987141498610363,0.1366619159261538,0.1093088338795448,0.1104680560833882,0.043966855496893,0.0375741072011319,0.0239040518847383,0.0277625125930411,0.0566061323514616,0.0938543781516153,0.1315562031540804,1989-09-30,10,0.09872408674473439,0.017976764254612757,0.0002737476047084588,0.0,0.0
raw,1121,test,7060047060.0,False,2000,2009,2010,2019,10,10,0.0947109522696811,0.0977957224414838,0.0702270583911843,0.2581513901893247,0.7839748859728938,0.0168482800619372,2.3201839065076606,-0.2135231316725978,25.22512674514098,0.0944627951174166,0.1660310784184035,0.1048248269392074,0.1075478883894136,0.1340097561962364,0.1083418121412187,0.106279398825716,0.067442920899722,0.0469662905691911,0.0372382340343711,0.0663202303683312,0.044423809386762,0.0681954327343494,0.1084093995154805,0.3283784485805091,0.8413637897508905,0.0,2.548714734988763,0.0284775465498356,27.731017250821463,0.105420379302683,0.3331202964613466,0.0772178949761623,0.1274296701487331,0.1366373344306899,0.1334906529263404,0.1300208272287936,0.0659765432626,0.0272862419577446,0.0389508823492383,0.0172778661384609,0.0491015656339122,0.0740919098670014,0.1225186110803226,2009-09-30,10,0.09582319158877031,0.02459149604265975,0.0,0.0,0.0
cars,1122,train,7060047060.0,False,1980,1989,1990,1999,10,10,0.0846401970180465,0.0920373162393196,0.0596679481755545,0.3854413630817297,0.9914973154608192,0.0226210798983032,2.461338499034706,0.029838488913222,14.96930008892868,0.1071896526034923,0.106894163234168,0.0612954493763762,0.1202182994689055,0.1335503992150945,0.1070433378973431,0.1169947430984683,0.0585376441576198,0.0527752844302607,0.011069713419017,0.0154052382575826,0.0593346150197313,0.1082520204770375,0.1555232551825631,0.4451093112572842,0.992495878008447,0.0378406825371428,2.3296534935742264,0.0005476451259583,16.291469709306156,0.1087667590033166,-0.3747181446607658,0.1308190532066543,0.096727278780189,0.1303209809266148,0.1098667455462347,0.1005949143451028,0.0383815895092067,0.0368381722658881,0.0069252790021714,0.0209883843348094,0.0716017929720555,0.0995725731979108,0.157363235913162,1989-09-30,10,0.16238753008922305,0.01750738336669042,0.0,0.0,0.0
cars,1122,test,7060047060.0,False,2000,2009,2010,2019,10,10,0.1599150214905317,0.0899497579063086,0.0596448744438967,0.4134959440304958,0.9813353918572516,0.0234984140506974,2.5564297858414453,0.0,13.004514517761551,0.1061013060880852,0.1277402975704061,0.110476251553191,0.1272263848938981,0.149116481567226,0.1272473414389581,0.1078104336744795,0.0599235425431375,0.027849234474369,0.0150485648990208,0.0489549816691347,0.0310288176859756,0.0798790979205158,0.1154388676800935,0.4731408184743925,0.9938176124603728,0.0230257226875035,2.6457720475046,0.0,15.259642361801928,0.1102157676446704,0.3378733465998526,0.0889975295104201,0.113123855580815,0.1381461142861493,0.1393298029969961,0.1530940990877244,0.0579355119093975,0.0331869889450034,0.0300165117136036,0.0078827485424138,0.0392770787352497,0.0795412224115987,0.1194685362806278,2009-09-30,10,0.11316100780094598,0.009503763172757168,0.0,0.0,0.0
raw,1122,train,7060047060.0,False,1980,1989,1990,1999,10,10,0.0845293906970584,0.0954432603493637,0.0596835028953314,0.4345225579455268,0.9914119967657584,0.0192908175943629,2.741687110018163,0.0303859841226389,14.9724789313441,0.1073232191319091,0.1068768523790173,0.0613749792906967,0.1203663436045963,0.1360472581174614,0.1043442470175111,0.1170979332335016,0.0583359219679775,0.05265438618271,0.0108934932073823,0.015673666335264,0.0592600646121093,0.1088148194164344,0.1551368870143551,0.4942060608408583,0.9924186009325592,0.0312832827459389,2.588885399956642,0.0013691128148959,16.293123843154437,0.1086759265227406,-0.3743817946787744,0.1308352773550264,0.0973467078218676,0.1296831411202704,0.1106412463820257,0.0996252820853998,0.0384349982915451,0.0365595051477313,0.0068994924128426,0.0210349333797804,0.07197591602207,0.1002177685010426,0.1567457314803975,1989-09-30,10,0.164387178377553,0.018895296540396192,0.0,0.0,0.0
raw,1122,test,7060047060.0,False,2000,2009,2010,2019,10,10,0.1598860600770389,0.0905023861053768,0.063356139903612,0.4583929650123791,0.9815404751247592,0.0213366884546911,2.8061380862066407,0.0,13.005984531727348,0.1061984586494003,0.1278366222020847,0.1094685823916921,0.1273559406687077,0.1497497069136201,0.1267891381323409,0.1078241994286678,0.0593664566139776,0.0278299449349249,0.0148214989215255,0.0489554085537714,0.0311669874176989,0.080412651318695,0.1162594847043776,0.5217491049159911,0.9936383239033592,0.0241216304100412,2.899308582238449,0.0,15.260925308214675,0.110225520816256,0.3379419599119745,0.0890675299970734,0.1130606160374597,0.138184689298605,0.1411808400806425,0.151772286443599,0.0569395668715247,0.0332340544011966,0.0299340714727018,0.0078864257145644,0.0398868606314831,0.0796675324358599,0.1191855266152895,2009-09-30,10,0.11790306970842274,0.008641424860068046,0.0,0.0,0.0
cars,1125,train,7060047060.0,False,1980,1989,1990,1999,10,10,0.0480414904397197,0.1048728277692219,0.0208196155742927,0.2503995987981038,0.813600457104462,-0.039496188514787,2.215544953296546,-0.0399671502874349,27.319302796252433,0.1029284401978653,0.1431902309336765,0.0600051876406535,0.1207489841059193,0.1244180321160027,0.1130625987109243,0.0921627997454001,0.0649906099524335,0.0548215404178671,0.0231243222608793,0.0249781854445607,0.0567527271155137,0.1071047014787247,0.1578303110111207,0.229579983223811,0.7935874322737028,-0.0374456049384194,1.981120511037788,-0.0460021905805038,28.663800066749207,0.1033919868826949,-0.1557248769078428,0.1295246405651227,0.09846095978327,0.1369958602046503,0.108871577737278,0.1111783324168238,0.0437607073196099,0.037824469573918,0.0240479711239852,0.0278145506661363,0.0563766292469294,0.0936203786567779,0.131523922705498,1989-09-30,10,0.0932127132154973,0.01584938743126415,0.0002737476047084588,0.0,0.0
cars,1125,test,7060047060.0,False,2000,2009,2010,2019,10,10,0.0946480722622095,0.0986386384187547,0.0668206862061397,0.2289161748185658,0.7839994589509961,-0.0221188165873853,2.1075851777649977,-0.0542020257322748,25.223621908635742,0.0944178604303331,0.1661035005365498,0.1065734126064123,0.1070878745907697,0.1331512661847543,0.1091580028558383,0.106341697062695,0.0678392810104177,0.0468646069773161,0.0373295144108647,0.0662686160244978,0.0444451718396196,0.0677482667975454,0.1071922896392683,0.2957368610247056,0.8413760103790091,-0.0157409234363883,2.339627738890213,0.108433734939759,27.7276193545526,0.1054127485740338,0.33307979023625,0.0774069574546902,0.1268613979689415,0.1369826896318896,0.1312980207757956,0.1320638088191368,0.0665828252084902,0.0272121622811683,0.0386643032509302,0.0177053332555405,0.048515266001955,0.073858319316828,0.1228489160346334,2009-09-30,10,0.09175491955389337,0.021420093950716177,0.0,0.0,0.0
raw,1125,train,7060047060.0,False,1980,1989,1990,1999,10,10,0.0476399033727022,0.1024694732694307,0.0163210735296359,0.2792264678191853,0.8134283062286319,0.0155488040604448,2.446668862077216,-0.2037239868565169,27.333291894852135,0.1028500014451059,0.1437053166031018,0.0610803526650285,0.1196794984856019,0.1249130670482342,0.1123354259619967,0.0919394442754645,0.0648378517497418,0.0550379677932485,0.0228912236282675,0.0251567447878948,0.0565751665813774,0.1075713168774138,0.1579819401457297,0.2629053942895494,0.7935414088840945,0.0148254281242354,2.20012386405718,-0.2160460021905804,28.666963033954,0.1033816382145721,-0.1554014390740608,0.1296228034169149,0.0987141498610363,0.1366619159261538,0.1093088338795448,0.1104680560833882,0.043966855496893,0.0375741072011319,0.0239040518847383,0.0277625125930411,0.0566061323514616,0.0938543781516153,0.1315562031540804,1989-09-30,10,0.09872408674473439,0.017976764254612757,0.0002737476047084588,0.0,0.0
raw,1125,test,7060047060.0,False,2000,2009,2010,2019,10,10,0.0947109522696811,0.0977957224414838,0.0702270583911843,0.2581513901893247,0.7839748859728938,0.0168482800619372,2.3201839065076606,-0.2135231316725978,25.22512674514098,0.0944627951174166,0.1660310784184035,0.1048248269392074,0.1075478883894136,0.1340097561962364,0.1083418121412187,0.106279398825716,0.067442920899722,0.0469662905691911,0.0372382340343711,0.0663202303683312,0.044423809386762,0.0681954327343494,0.1084093995154805,0.3283784485805091,0.8413637897508905,0.0,2.548714734988763,0.0284775465498356,27.731017250821463,0.105420379302683,0.3331202964613466,0.0772178949761623,0.1274296701487331,0.1366373344306899,0.1334906529263404,0.1300208272287936,0.0659765432626,0.0272862419577446,0.0389508823492383,0.0172778661384609,0.0491015656339122,0.0740919098670014,0.1225186110803226,2009-09-30,10,0.09582319158877031,0.02459149604265975,0.0,0.0,0.0
cars,1127,train,7060047060.0,False,1980,1989,1990,1999,10,10,0.7217954479672353,0.1292965832427677,0.0146986411457361,0.3658333337956942,0.9736618983606008,0.0165342032243031,2.459952068733201,0.0032858707557502,8.512908953470223,0.1047590727818934,0.0418993606670054,0.0584202569013379,0.1171896469333674,0.1285718276622103,0.0991051648695287,0.1326308008535373,0.0611497332968067,0.0485047202547342,0.0119518597659778,0.0222245079446941,0.0694889846197108,0.1070666678291182,0.143695829068976,0.3805319749414304,0.9856966030276656,0.0097028463172875,2.2286883940449917,0.0,17.5206320332119,0.1169484692378474,-0.0979075370941124,0.1479568177481054,0.0972586057042147,0.1374433405368545,0.1123638255871221,0.1089541022185044,0.0428578715457201,0.0162645985294373,0.0049862385277553,0.012167362353209,0.0513548915472199,0.1088789525662318,0.1595133931356251,1989-09-30,10,0.13444020845994897,0.006102806206074855,0.0002737476047084588,0.0,0.0002737476047084588
cars,1127,test,7060047060.0,False,2000,2009,2010,2019,10,10,0.1956674816462043,0.1280628137835535,0.0792308638992095,0.449194919462514,0.95956372859146,0.0159156038461697,2.804049486658994,0.0,15.959180842587196,0.1148209048522013,0.1641179497698307,0.1085028507139146,0.1320383984072302,0.1718829379868993,0.1308930165957484,0.110676730814289,0.0550738324152334,0.0195816686500223,0.0119725411899312,0.0573977425366032,0.0125233182226552,0.0653208503443117,0.1241361121231607,0.5284257833617235,0.9957413181855927,0.0177404603883029,2.6993068431054565,0.0,19.408318186997,0.1164400705076021,0.1627056718360024,0.0897065143490148,0.1146139596572677,0.1369896242728551,0.1265624263815012,0.1739425340125071,0.0687641351272366,0.0175217019729255,0.0168158305910652,0.0068395744733003,0.040397401677485,0.0754698364105271,0.1323764610743137,2009-09-30,10,0.13307559258384466,0.012558015620272263,0.0,0.0,0.0
raw,1127,train,7060047060.0,False,1980,1989,1990,1999,10,10,0.721730727524995,0.1293956744884005,0.0029006313515104,0.4210672233430738,0.9735349531640568,0.0198479007655129,2.7237632447844944,0.0052026286966046,8.514754381161008,0.1049467655838453,0.0419657316922476,0.0584947853064664,0.1174538121332653,0.1307449606753408,0.0965977714799094,0.133295073177372,0.0605582417453783,0.0481407779930224,0.0119183301532231,0.0227527869203778,0.0691550067898055,0.1075936965674845,0.143294757058354,0.4181665919915633,0.9855317620760108,0.0097013712476664,2.378420483572696,0.0,17.52329600219058,0.1168692118278723,-0.0975762520481761,0.147730176182146,0.0979833808153711,0.1366350414735808,0.1133605636571075,0.1079287239548129,0.0428036050335559,0.0159746037964764,0.0049436771519159,0.0122144551837948,0.0520299084881169,0.1088045100719231,0.1595913541911981,1989-09-30,10,0.13947562966272556,0.005361529410865198,0.0002737476047084588,0.0,0.0002737476047084588
raw,1127,test,7060047060.0,False,2000,2009,2010,2019,10,10,0.1958657144826055,0.1267065816451894,0.0819662681291494,0.4843791452026821,0.9599294201008302,0.0159136299227873,2.9807715709265885,0.0,15.96116041609636,0.1148741385532215,0.1641845787317351,0.1079676731699463,0.1318999983518025,0.1721648288749934,0.1306162908904981,0.1106982099082945,0.0545939955290112,0.0194442199111211,0.0119175313314885,0.0574048840397008,0.0125804806181663,0.0659930221045924,0.1247188652703844,0.5663454133318315,0.9955100834395078,0.0196759405399426,2.8745805270913274,0.0,19.41457381539304,0.116266910482101,0.1634137053624163,0.0897110601558134,0.1146887101743108,0.1370672177148558,0.1270156689633137,0.1734403286425306,0.0682583650384539,0.0174826098740242,0.0167625884086744,0.0068260467105549,0.0411745707610734,0.0761063267295931,0.1314665068268015,2009-09-30,10,0.13863134791801587,0.014192322007791148,0.0,0.0,0.0
cars,1134,train,7060047060.0,False,1980,1989,1990,1999,10,10,0.1941646562699637,0.1782587957337167,0.0859868546616831,0.5571952770472766,0.7222464321925547,0.0,3.5518417172724055,0.1861483712017519,4.784956279214622,0.1298735153442123,0.0949433407059018,0.0337899881986792,0.1610571275930223,0.1400024262602937,0.0469056322705641,0.2078695613699171,0.132974318980985,0.0264942403703565,0.005579856228835,0.0183190238434144,0.0405845307624373,0.0913382400698211,0.0950850540516738,0.6431821317089597,0.7886137397440047,0.0,3.140853285531555,0.0380613362541073,5.810354265203105,0.1088970077677964,-0.135429513995389,0.0999226591427332,0.1086197066645734,0.1398657984267127,0.1029534390627498,0.1402041678122018,0.0882111354746462,0.0174631493390581,0.0094993179574244,0.0140939449670801,0.0554979549577847,0.0915088428196102,0.132159883375425,1989-09-30,10,0.1550585417199449,0.011125708171959422,0.0,0.0,0.0
raw,1134,train,7060047060.0,False,1980,1989,1990,1999,10,10,0.1942203036185557,0.1803946573756349,0.0837151732084005,0.6088643806217948,0.7223546365943463,0.0,3.814726679832927,0.1751984670134136,4.785009581166165,0.1299836002016846,0.0949265249811778,0.0338839930341814,0.1620751342704998,0.1393532704334872,0.0461193708794918,0.2079381497559446,0.1331594357778535,0.0261972786624896,0.005478545324732,0.0189138334656777,0.0409133712135947,0.0906216031909123,0.0953460139911348,0.6925795538301953,0.7886799060790787,0.0,3.3771607563388515,0.0106790799561883,5.810742332968236,0.1088297636701167,-0.1352903222324671,0.1003830151609048,0.1084539997514706,0.1397453756641292,0.1035403844458306,0.1401836714123023,0.0877432179729436,0.0176196210223812,0.0093026988434147,0.0138886643977325,0.0561310723411349,0.0917039016992312,0.1313043772885237,1989-09-30,10,0.15503505403506984,0.009546673247608288,0.0,0.0,0.0
cars,114,test,7060014340.0,False,2000,2009,2010,2019,10,10,0.0731104154704589,0.091373054988762,0.1423952198296382,0.4277469923249714,0.4363665296814781,-0.2023636360483605,1.0808981233020007,0.0162177020340846,2.194955454153421,0.1028999424475583,0.1468138182485179,0.1244889961080984,0.116441030601568,0.1413056971229883,0.1346105418786436,0.1111733795149121,0.058283078584598,0.048114249064506,0.0447994073056906,0.0362390177187877,0.037773377053763,0.0404673457584594,0.1063038792879844,0.2853517724953331,0.4225147461222142,-0.0522005822235413,1.1129058681197426,0.0,2.04020712918353,0.1145958298299844,0.0302435364973068,0.1095745283236672,0.1448480130498902,0.1667726189980741,0.1593543167106626,0.1026732118663471,0.0696096759463514,0.0495430275360876,0.0403733076372809,0.0289372204201678,0.0171305873123352,0.0271498245496995,0.0840336676494357,2009-09-30,10,0.13846475200172198,0.023356078403533202,0.020804817957842867,0.009854913769504517,0.010949904188338352
raw,114,test,7060014340.0,False,2000,2009,2010,2019,10,10,0.0555075996338011,0.0926789361150836,0.1348291322442864,0.419876774547364,0.4348629736461972,-0.1494333728054264,1.1750411262721432,0.0153760134190662,2.2163723790886216,0.1030004872785547,0.1396847305588043,0.1237025041990604,0.1175456901671097,0.1385942216690187,0.1360330344587841,0.1111169273725259,0.0582469849762183,0.0476056652124051,0.0441385707604121,0.0363942116790641,0.037979234012667,0.0396853467043997,0.1089576087883345,0.2850476423030775,0.4200496082315466,-0.0692040207079147,1.1496312352622462,0.0,2.096698985343856,0.1148536464668922,0.0561905852654088,0.1101695530419858,0.1454195729368976,0.1674769810492899,0.1590063190541636,0.1023349905257203,0.0694144228432302,0.0493872367150381,0.0401640631217159,0.0288055471315838,0.0165782418490008,0.0273130254676379,0.0839300462637355,2009-09-30,10,0.1311508238899161,0.02421344491122639,0.020804817957842867,0.009854913769504517,0.010949904188338352
cars,1151,test,7060047970.0,False,2000,2009,2010,2019,10,10,0.3593579176608104,0.257818631541481,0.1765282520609469,0.3612760024727691,0.4337219319410637,0.0165351064438711,4.24857156339216,-0.1511086777990692,11.974522248896085,0.1148043036364818,0.098997859214131,0.0574287550675957,0.0972446923847788,0.1398474290485619,0.1180059371566361,0.1130783416600437,0.2027440016151941,0.070495283828635,0.0333994737170316,0.0166779990598615,0.0321654136008621,0.0696341091917224,0.0492785636690766,0.537804254533716,0.6253881389229607,0.0224735076027021,3.780594404265451,-0.0818729463307776,17.152418163404608,0.1126984338500724,1.023651808349659,0.0565011748125472,0.0642620001939154,0.0953964604872737,0.0934722908403952,0.2331427180075733,0.0920083701389526,0.0342881436456388,0.0397088511884324,0.0633168781445989,0.0960805320417609,0.0616531366329199,0.0701694438659909,2009-09-30,10,0.1447663446741079,0.022777897641813604,0.0,0.0,0.0
raw,1151,test,7060047970.0,False,2000,2009,2010,2019,10,10,0.3590322939655039,0.2621844465697989,0.184944196633059,0.3993726956413321,0.4336140564407128,0.0165290283613559,4.806977122614976,-0.1965507801806734,11.978925540651518,0.1161249712518837,0.0980641415624671,0.0573951904538984,0.0993626798957883,0.1387458561395863,0.1218512345398999,0.1087728780001103,0.207521033094552,0.0653806764160482,0.0330819832210574,0.0165626671441301,0.0326058756121452,0.069593271237938,0.0491266542448453,0.5843168922743912,0.6253781412156302,0.0257678782510438,4.143308095728989,-0.1391018619934282,17.153139101861992,0.1127984626688961,1.0234073278260798,0.0559120610318134,0.0644273421001817,0.0952984506043618,0.0937759405384751,0.2332664530379515,0.0915035014778284,0.0358140980648773,0.0381586917310055,0.0632450920820473,0.0971038322651897,0.0609341013903745,0.0705604356758932,2009-09-30,10,0.1613482601678963,0.024202764331385754,0.0,0.0,0.0
cars,1192,train,7060047060.0,False,1980,1989,1990,1999,9,10,0.2321221948927431,0.0822697452518916,0.0198043328520848,0.10082846070458,0.9107117713984846,-0.0223989254630627,1.2015286694654037,-0.0033505939689308,70.59043982299178,0.1055765597026831,0.2577013491297732,0.0956778899718711,0.1388094828924428,0.1444987440510875,0.1047586941355204,0.1111895153687179,0.0983878022613491,0.0450225866245555,0.0231097388858322,0.0220366846164486,0.0392225276130571,0.0501961121212587,0.1270902214578586,0.0810241278524952,0.934994407731124,-0.0260768255844727,0.9756105153965352,-0.0032858707557502,89.0338751475864,0.106451241725313,-0.2399502420590972,0.1429316978175029,0.1359636559277885,0.1507947818959082,0.1172868435727207,0.0984282246256871,0.0659668748387058,0.0498316498116955,0.0276568110373508,0.0276768898695541,0.0375393000397401,0.0513915216537333,0.0945317489096124,1989-09-30,9,0.043849540228812316,0.0016193878173318185,0.01368738023542294,0.0,0.01368738023542294
cars,1192,test,7060047060.0,False,2000,2009,2010,2019,10,9,0.165464071849707,0.0533676774344463,0.0443776667499565,0.1118478499253477,0.9035005954070569,0.0104420636850032,1.184174123409777,-0.0043799616753353,70.20642874002706,0.0998155336165333,-0.3224840314835728,0.1052991204814296,0.114100328483527,0.1601966890064096,0.114727792631678,0.1119642181386055,0.0777638550762272,0.0630253248112804,0.0444484234291742,0.0395267584885787,0.0403709201536296,0.0431447492088268,0.085431820090633,0.1562255166753042,0.8873059815143196,0.0310438983779283,1.420116568896265,-0.0121691512017036,82.83941346624606,0.1038553497408265,0.6488897148642269,0.0990456151600374,0.1149920316126502,0.1729168722510818,0.1239890766409006,0.1095120928761872,0.0724208756281818,0.0457328571760298,0.0344739091081113,0.0276393283352819,0.0680157405158597,0.0429800939158466,0.0882815067798313,2009-09-30,10,0.05767438712156431,0.0074951942187390635,0.0,0.0,0.0
raw,1192,train,7060047060.0,False,1980,1989,1990,1999,9,10,0.2368895748569024,0.0867956962716955,0.0191508126810017,0.1106063810633005,0.9119664509837416,0.0170020418500945,1.232090768270017,-0.0619091186337298,70.26214913083257,0.1059218220430627,0.2510350247156721,0.0958898459243299,0.1400645594282002,0.1465335844366959,0.0985266925279917,0.1118953913485682,0.0991533484540688,0.0445419957283052,0.0232721325204684,0.0222050139792125,0.0394023276755125,0.0500637817454831,0.1284513262311633,0.0914555683822987,0.935005179879358,-0.0137101831321872,1.0095562927449986,-0.0512048192771084,89.04330366922235,0.1064467374937459,-0.2399391181286968,0.1432235373988642,0.1359685265803683,0.15054378777423,0.1172763741210438,0.097991173639947,0.0658337703778861,0.0497209529022215,0.0275449250766818,0.027768095716378,0.0374599477477738,0.0517510701447627,0.0949178385198422,1989-09-30,9,0.04415452182382814,0.00347068705427167,0.01368738023542294,0.0,0.01368738023542294
raw,1192,test,7060047060.0,False,2000,2009,2010,2019,10,9,0.1660092863403322,0.0550429135854067,0.0411899853041451,0.1231190852118728,0.9035715629571393,0.0579128500614374,1.2181289217075195,-0.0514645496851902,70.21930358609362,0.0997799082244466,-0.3224546355883498,0.1050101275143179,0.1146725430799653,0.1600689616897538,0.1143493251185262,0.1118733154628667,0.0776700219104734,0.0631426514864954,0.0440028454751255,0.0395713494147364,0.0405047397634026,0.0434803729909311,0.0856537460934051,0.1643090705160179,0.887194340258887,0.1533658875003524,1.4771622346442916,-0.1092846270928462,82.8997908675799,0.1039518089146494,0.6505443160843396,0.0989515635816719,0.1155041002301166,0.1729408185040468,0.1246626921848205,0.1084221457919598,0.0722719443419048,0.0456163074045426,0.0342333688360273,0.0276268926442165,0.0683883058856414,0.0425855480692166,0.0887963125258346,2009-09-30,10,0.08163971156006382,0.009666702560231994,0.0,0.0,0.0
cars,1237,train,7060047970.0,False,1980,1989,1990,1999,10,10,0.4869150265525149,0.2372081220461167,0.0026996479124513,0.6127042881238852,0.7207570076753232,-0.0062516197181315,3.850817468552106,0.578154941144265,4.478839286847816,0.1283117681460287,0.5335401474825288,0.0456986959325118,0.1082066877254266,0.0850990151850566,0.0761630058516469,0.1866078980080138,0.19454205782976,0.0102484053251554,0.0095685575720636,0.0134269415533845,0.0810266951832595,0.0504212101980973,0.1389908296356235,0.6154039360363366,0.8329833971739259,0.0,3.5283903863511155,0.4769989047097481,7.288362890911471,0.1162475790253392,-0.1575158442320635,0.1028619522255495,0.1343120429498993,0.1544412446391426,0.0858102625621658,0.1321896511808831,0.0344037776233612,0.0103497417741632,0.0351261781632542,0.0150865617363253,0.0583751001706721,0.070132589966525,0.1669108970080582,1989-09-30,10,0.15817776150803772,0.004666826356727199,0.0,0.0,0.0
cars,1237,test,7060047970.0,False,2000,2009,2010,2019,10,10,0.3607024034796394,0.2161268201787425,0.110919898740719,0.5113976516533948,0.7115238817327626,-0.0122909889510545,4.202546028096286,0.6142896249657815,4.6375438320697295,0.1134842032826913,0.1413310374661637,0.0612993749454045,0.0866237552374618,0.1902408080098596,0.0987267309049549,0.1330788552936647,0.1321209666305242,0.0256163405439098,0.0172531006872332,0.0303732787908837,0.0360955304135644,0.0853525048238731,0.1032187537186654,0.6223175503941138,0.7910632034218039,-0.0042093878240103,4.549364800930497,0.4931544359255203,6.651798591778181,0.1190904412375114,0.8432263224885654,0.0803476410067209,0.0482180031998521,0.1083894186144292,0.0930827670832661,0.1465559409303001,0.1085815217229005,0.011771287712742,0.0271648772945585,0.014309168080755,0.20978522228703,0.0787820246939112,0.0730121273735339,2009-09-30,9,0.203393586838462,0.017167903659419646,0.0,0.0,0.0
raw,1237,train,7060047970.0,False,1980,1989,1990,1999,10,10,0.4869529561881381,0.2368787191862443,0.0153665993198708,0.6726732883833024,0.7207812071310888,0.0,4.348794238948724,0.5806186695866412,4.478963317820969,0.1284506323195312,0.5334606695451828,0.0448913688610802,0.1090854939901243,0.0842615963069257,0.0762073367525885,0.1870725408979153,0.1939904238282036,0.0101258717563561,0.009573360344459,0.013664511770296,0.0808514885384747,0.0505318747439516,0.1397441322096245,0.6880398877031733,0.8330034042044195,0.0,4.00734910749532,0.4717962760131435,7.288841182913472,0.1161607163467229,-0.1574313770904718,0.1030668945553165,0.1343832760906858,0.1540508064060473,0.0859412849121043,0.1321973813442264,0.0341278104897702,0.0116925420664335,0.0338422233749559,0.015042799748509,0.0587105422443525,0.0700258703907847,0.1669185683768133,1989-09-30,10,0.16271656683769228,0.00509309830173941,0.0,0.0,0.0
raw,1237,test,7060047970.0,False,2000,2009,2010,2019,10,10,0.3606572772541456,0.2218752899019274,0.1127429982415797,0.5579418713718229,0.7116154536662946,-0.0060373778641598,4.6400413842748005,0.5891048453326033,4.637774979468929,0.1137108339293992,0.1412464583895095,0.0599775985916956,0.0888328106023259,0.1910114939434978,0.0961936612136425,0.1327943348613889,0.1320739860340629,0.0253198126856946,0.0173601470257691,0.030203947728788,0.036278806870017,0.0851348546836131,0.104818545759504,0.6706848696134027,0.7909065121091161,0.0,5.050570386621602,0.4608433734939759,6.65182995618839,0.1203553367312395,0.8431113343315648,0.0802499275187308,0.0480729368010672,0.1085068578621625,0.092991482179899,0.1469013274600212,0.1086975752952055,0.0111956855130864,0.0271781192560678,0.0143537817850896,0.2139568030159782,0.0753412485664804,0.072554254746211,2009-09-30,9,0.20528579608667913,0.019993911737759853,0.0,0.0,0.0
cars,1249,test,7060048410.0,False,2000,2009,2010,2019,10,10,0.1850893509339663,0.2394866389850399,0.3221176472756707,0.8239127479792422,0.3160763931769448,0.2285875549339658,5.54696670929945,-0.1812209143169997,0.1224913578873032,0.1189819092634874,0.6112076984510866,0.0287835185735013,0.0485092631046562,0.1227415233491167,0.0590462853945882,0.069237143545875,0.1972907815553516,0.0649653553211788,0.074654562517785,0.0384616447281731,0.0738468048444897,0.1888830903401944,0.0335800267250893,1.146030395254913,0.1774437195858863,0.0,4.756642440292364,0.1366374589266155,0.101793996479991,0.1065589050986228,0.57188815602634,0.0484362309678369,0.0613817005427187,0.0526524239708224,0.0735961713940734,0.200775154465416,0.1486518744314725,0.070184731935626,0.0594352847449923,0.0700001329019478,0.0868904401145572,0.0833437356301206,0.0446521189004156,2009-09-30,10,0.2931828750075013,0.06974050306597483,0.0,0.0,0.0
raw,1249,test,7060048410.0,False,2000,2009,2010,2019,10,10,0.1850965798103539,0.2507908518175971,0.29665629285461,0.8786082927534192,0.3161131583828515,0.2285783243459469,6.305372196872549,-0.2844237612920887,0.1224963044073364,0.1194081943377725,0.6112538841548735,0.0287722999291586,0.0512068722778052,0.1233510399370696,0.0559601679631893,0.0691831348510209,0.1984718835967721,0.0640208814268379,0.0743386840499777,0.0383995673539987,0.074126383584481,0.1890591513791708,0.0331099336505176,1.1752645856080293,0.1774190077576097,0.0,5.552848569080638,0.0254654983570646,0.1017973713033954,0.1079597790272927,0.5716189550309582,0.0481542053560861,0.061474483812311,0.0527512077554577,0.073573557418147,0.2118978706921595,0.1376061157078146,0.0699476011663313,0.0594624546755468,0.0771887541558623,0.0800911330844299,0.084610129006574,0.0432424871692794,2009-09-30,10,0.2840363098277647,0.06604443151597553,0.0,0.0,0.0
cars,131,test,7060014200.0,False,2000,2009,2010,2019,10,10,0.0634804538769325,0.0808728735796934,0.0213546002832377,0.2856074661052528,1.0387295254373958,0.0989050228477985,1.2509711698840338,-0.0005476451259583,51.637544312176246,0.1349697673452379,-0.1139578089439298,0.1099564289912286,0.1082301618276829,0.139061167304609,0.1632641702007683,0.2168033847565874,0.0992748022589718,0.0287897182321797,0.0110338865741743,0.0073890044900537,0.009592885222907,0.025609883422347,0.0809945067184898,0.3069620663884905,0.8628902833532985,0.0917011887943521,1.387587084926113,0.0016488046166529,48.46144614535169,0.1255947860896641,0.1959698117410869,0.0916914520683827,0.1263696344633756,0.1603499901572291,0.1784498043286131,0.1541954880997398,0.102788789684092,0.0322256401687663,0.0120270502298247,0.0093354121557981,0.0197495900393694,0.0309551777564812,0.0818619708483276,2009-09-30,10,0.11026733431654158,0.005644984912525319,0.04489460717218725,0.041883383520394196,0.003011223651793047
raw,131,test,7060014200.0,False,2000,2009,2010,2019,9,8,0.0717984282736906,0.0882365028597787,0.0249199090411551,0.2484192773179769,0.9847396801576798,0.0810248260862708,1.2305588227590625,0.0015802781289506,56.01616466498104,0.1367167145868472,0.0116596799980185,0.1113482768894397,0.1059042945460958,0.1349180265573174,0.1651604482846785,0.2216347779104421,0.1021978005547376,0.0287194111529064,0.0098557145649639,0.0064630296660405,0.0091682493333926,0.0246214767392776,0.0800084938007075,0.273339186359132,0.7915751365043213,0.0776633407090226,1.36557858611382,0.0051076249543962,52.13527982488143,0.1257955903304979,0.1438052522085265,0.0849109032865569,0.1320583483030654,0.1434777814923461,0.1776433397016246,0.1634370472315861,0.1168763646775799,0.0351767560163026,0.0101923263897932,0.0077025081705535,0.0218898576950226,0.0302276718129011,0.0764070952226675,2009-09-30,9,0.1107650171451278,0.011062174736934388,0.04489460717218725,0.041883383520394196,0.003011223651793047
cars,132,test,7060013550.0,False,2000,2009,2010,2019,10,9,0.0948454252524841,0.0433042942783892,0.0684214858682877,0.1513798008264652,1.0110791379052595,-0.0110655410884867,0.940202634458797,0.0008219178082191,216.88388130401032,0.1034535905160928,-0.0266299496577812,0.1258500483140079,0.1372098408241644,0.1454028613201501,0.1168489198660316,0.1034830679637451,0.0546581591899354,0.0437697187931054,0.0385972317064787,0.0360512538283305,0.0419848929738047,0.0494498114034919,0.1066941938167538,0.219801286694753,0.9685059849233658,0.0189016473790319,1.158266764108267,0.0,197.2588204561889,0.1074353711992174,0.1944574160942324,0.1181422848103711,0.1422738350692406,0.168845716597947,0.1258746022763716,0.0783566533777048,0.0575479586088551,0.0407068956207518,0.0356728756463262,0.0344871298427301,0.0416512034979636,0.0523317743297485,0.1041090703219893,2009-09-30,10,0.05701310941338053,0.0044513471038194275,0.0035587188612099642,0.0,0.0005474952094169176
raw,132,test,7060013550.0,False,2000,2009,2010,2019,10,9,0.0925441039184984,0.0429034932741667,0.0711948681335463,0.1492693467548493,1.013007712136852,-0.0071894378239499,0.9641178429848428,0.0021978021978021,216.56769807692308,0.103294277116468,-0.02622464378311,0.123030334926068,0.1387806772666133,0.144008772446622,0.1173020953992711,0.1030994342236874,0.0547397850004319,0.0439087302575707,0.0385875113910812,0.0360215980024346,0.0420818949538912,0.0497527103106014,0.1086864558217267,0.2204642148883956,0.967442401492685,0.0241286486713396,1.181454942956771,0.0,197.42506366128535,0.107552282734969,0.194457768639276,0.1184335407117629,0.1425623516920906,0.1696557965128142,0.1251429792528196,0.0778544514946408,0.0574454693794188,0.0404973669501538,0.0354819266442244,0.0345197213165781,0.0419373994474989,0.0526809368605631,0.1037880597374342,2009-09-30,10,0.05887396346728844,0.005168308848965148,0.0035587188612099642,0.0,0.0005474952094169176
cars,133,test,7060013550.0,False,2000,2009,2010,2019,10,9,0.3896409829971918,0.060022529372539,0.0348511641656255,0.0393393163092264,0.989540477028686,-0.0012747739782721,0.738718936681558,0.0,41.70673984005379,0.0897743340162223,-0.2339884808396879,0.0632639717223802,0.0827870296401422,0.0913498242035643,0.088929262249031,0.0818215952891657,0.0964908430563266,0.1190923059053228,0.120471580860212,0.093814507548639,0.0682210075539056,0.0393651669099816,0.0543929050613285,0.0741904804748519,0.98315001730592,0.0388865637995411,0.8567447867603069,0.0,28.24797460452463,0.0955685071493862,-0.1669061266981931,0.0629853565275763,0.0698777561313884,0.0900374303025209,0.0799993149209406,0.0635522283352769,0.121284413413076,0.1526911601803535,0.1202814574647612,0.0843128570272337,0.0658714828173052,0.0330835330774793,0.0560230098020874,2009-09-30,10,0.02902141178343194,0.00038217706498043264,0.0186148371201752,0.015603613468382151,0.0
raw,133,test,7060013550.0,False,2000,2009,2010,2019,10,9,0.3920297512317989,0.0608931960944244,0.0406413080163696,0.0465772330146494,0.989190586883218,-0.0067512618097296,0.7465588599676563,0.001115760111576,42.27357907949791,0.0899153583637602,-0.2349531031415512,0.0621716954398275,0.0834372935366133,0.0909385613789743,0.0891827604636362,0.0817956061869453,0.0969930138466261,0.1196433095254058,0.1207703574948914,0.0936998338530502,0.0676980542911224,0.0391852814008263,0.0544842325820808,0.0872185410310191,0.9804131899633398,0.0495386056863135,0.8730947605883322,-0.0003086419753086,28.56358148148148,0.0957420954344855,-0.1595763811430662,0.0630019098393486,0.0703238251108065,0.0906770971980594,0.0796254692963296,0.0638338204208147,0.122246380297522,0.1530797591217444,0.1196884308478624,0.0845009040044559,0.0644920119943806,0.0326729936389257,0.0558573982297496,2009-09-30,10,0.029162382827031402,0.0003679154151434861,0.0186148371201752,0.015603613468382151,0.0
cars,148,test,7060013550.0,False,2000,2009,2010,2019,10,10,0.1244909736251944,0.08236897109822,0.0476505069787121,0.172133696353775,1.0348474820635667,-0.0470293083676173,1.1596360614959162,0.0024725274725274,136.96822379315975,0.1074294094117783,0.1517404081428594,0.1087889056004704,0.1188902211521243,0.1512883718763684,0.1387737236926345,0.1385858515720948,0.0543786959738411,0.0378495251735252,0.0378339781161139,0.0341994039681362,0.0374275371931124,0.0423913147537695,0.0995924709278086,0.2197842033324871,0.9637119574295688,-0.035465364794177,1.5151465306988223,0.0016429353778751,155.12634740763448,0.1167314789250619,0.3535850680352307,0.1038697482210468,0.1377989224703465,0.1783816494358105,0.1637728941417137,0.1080509071998839,0.06506312431634,0.0385329186025028,0.029002228598436,0.0269504869682077,0.0295242823725913,0.0331302757859112,0.0859225618872089,2009-09-30,10,0.055196902107386425,0.008216046307149172,0.02682726526142896,0.004927456884752259,0.0002737476047084588
raw,148,test,7060013550.0,False,2000,2009,2010,2019,10,10,0.1274589052920816,0.0837816596529459,0.0365927941233602,0.181739484365369,1.047124467480964,-0.0597784747256923,1.2054302746824264,0.0059071729957805,136.99245485232066,0.1068628425365006,0.1635727407575012,0.1064867007356223,0.1196828077077646,0.1492348885139971,0.1376724707437509,0.1384551906609978,0.0552165451628546,0.0386164460643132,0.0387061960974014,0.0342363512307104,0.0375127335900973,0.0421452040629699,0.1020344654295198,0.2183322784887292,0.9622494538670192,-0.0322636074169949,1.5476373709154931,0.0046728971962616,155.61496069268827,0.1168252701791616,0.3571160951878866,0.1042579886375964,0.1381554750766297,0.1789458538089354,0.1636590391367981,0.1073482586627122,0.0648280037589501,0.038351181438585,0.0289754338206383,0.0269272193121352,0.0295291680080244,0.0335709767938788,0.0854514015451159,2009-09-30,10,0.054399638488153844,0.005417758170257348,0.02682726526142896,0.004927456884752259,0.0002737476047084588
cars,1586,test,7060047060.0,False,2000,2009,2010,2019,10,10,0.1197373938937013,0.1171609937053821,0.0302959028184105,0.1312055163674776,0.9973386572306364,0.0137548153493902,1.9331742217465464,-0.006569942513003,21.4361292762153,0.1068836822964131,0.2573925175719547,0.1396249228432576,0.1179529600471107,0.156173337921632,0.1197690561286034,0.1007610491306219,0.0735847448255521,0.0606419392451682,0.0307705416834703,0.0267103795012798,0.035140097601769,0.0309757319585698,0.1078952391129649,0.100909613549067,0.9991179557435356,0.0263669531871293,1.7640328128740947,-0.0024644030668127,24.162822131113387,0.1116097093465785,0.2310470607555945,0.1087630535157934,0.0960128191644773,0.1564832892098451,0.145525022171653,0.1245232957370848,0.1213323057955105,0.0652965511141699,0.0175082334086143,0.0123669577569491,0.0200407547352407,0.0459063888872661,0.0862413285033952,2009-09-30,10,0.0832412126257603,0.0043408211610015,0.0,0.0,0.0
raw,1586,test,7060047060.0,False,2000,2009,2010,2019,10,10,0.1198125543282862,0.1165778005394041,0.026020247285684,0.1350677725755121,0.997256339170142,0.0144594527732422,1.959335760133195,-0.0142348754448398,21.43926225020531,0.1068411862081565,0.2576474674685658,0.1390998514063724,0.1177527025366256,0.1567170097407831,0.1195447640298081,0.100518331601603,0.073301380117183,0.0605677329975213,0.0309723130649071,0.0266495185470703,0.0350214144006537,0.0314932558284294,0.1083617257290424,0.109047525289828,0.9990719805318152,0.0269072916493532,1.7963895626918325,-0.008762322015334,24.168170043811607,0.1115620243691716,0.230821637818685,0.1084690237062753,0.0967846276405866,0.156658045418038,0.145364428381237,0.124143261080737,0.1212676912031506,0.064676665447911,0.0174948817532297,0.012371360921986,0.0200273487537813,0.0465512190009133,0.0861914466921536,2009-09-30,10,0.08407017683459724,0.003528782639115339,0.0,0.0,0.0
cars,1587,test,7060047060.0,False,2000,2009,2010,2019,10,10,0.121907585030164,0.1262274840693425,0.0072631662205354,0.2604499708928485,0.9986216292092314,0.0001734992061267,1.954251429385852,-0.0158773610730906,17.29114540044514,0.1014480027598147,0.1176138433692607,0.1281388955804399,0.1217719049410571,0.1389155114380695,0.11243825907489,0.1071197876132379,0.0711394339059805,0.054492567148941,0.0243951430374557,0.0333284629077438,0.0505559639909198,0.046772927710148,0.1109311426511164,0.2531868046723131,1.0016021096974674,-0.0083704769101875,1.9204834055659905,-0.0062979189485213,19.532937221415303,0.1028624181764777,0.1680944118149581,0.1013436361549167,0.0891932249520181,0.1321967096452549,0.1413568209884481,0.1168108359714995,0.1260437078974798,0.0735786731328928,0.0326428651165801,0.0218902892030019,0.0280436695773702,0.0521526994530953,0.0847468679074422,2009-09-30,10,0.09096254789713293,0.013860553372352905,0.0,0.0,0.0
raw,1587,test,7060047060.0,False,2000,2009,2010,2019,10,10,0.1219981945609132,0.1258204737399023,0.004616761578994,0.2753790124481334,0.9985195293197068,0.0001734774465151,2.0035407431782337,-0.0375034218450588,17.293314262250206,0.1014352164576243,0.117852503286784,0.1278902044635672,0.1212869332320149,0.139539660602512,0.1119722755211894,0.1072606192092167,0.0706308856624381,0.0544372353802115,0.0244807719032451,0.0332444459950493,0.0505339690891018,0.0473612582897453,0.1113617406517081,0.2799957740271275,1.0015642672858367,-0.0080308509780819,1.9894067805490043,-0.018893756845564,19.537157447973712,0.1028481690335223,0.1678487214693794,0.1011087797301008,0.0898754737563784,0.1325354715231524,0.1408403278617895,0.116409531033901,0.1266559793055328,0.0726853241525237,0.0326034872270449,0.0218725940245382,0.0280417300709285,0.0527688701251563,0.0846024311889528,2009-09-30,10,0.09434093187806562,0.015029791183552648,0.0,0.0,0.0
cars,1592,test,7060047060.0,False,2000,2009,2010,2019,10,10,0.0513498698833039,0.1171105220693295,0.120439220737386,0.2053320404390684,0.994158727471028,-0.0014288977331314,1.865891916556676,-0.003011223651793,26.004893472607385,0.1045184076661021,0.1680003313818863,0.1369889728490653,0.1165376683493849,0.1499509664482028,0.1135207166298109,0.1097475906834701,0.0587202838169056,0.0541652786186607,0.0197807771451006,0.0366226135468697,0.0481589534858205,0.0448643981817256,0.110941780244983,0.3257712611764545,0.9987084960792156,-0.0014155188681026,1.8288678326787131,-0.0038335158817086,27.3751207936489,0.1064029463852467,0.0986247449787113,0.11051881952955,0.0978736310040405,0.1451210708663924,0.1537846295237607,0.1045747143133987,0.1165873113260948,0.0509077209725489,0.0320351596645851,0.0258467153597822,0.0220747174200598,0.0515895973284314,0.0890859126913548,2009-09-30,10,0.11730380764611949,0.024525965131900796,0.0,0.0,0.0
raw,1592,test,7060047060.0,False,2000,2009,2010,2019,10,10,0.0514888627624813,0.1177154013640475,0.1240502134703719,0.2197755276103999,0.9940914647944328,-0.0038605124654588,1.91428855005165,-0.0049274568847522,26.006909937038053,0.1045202463321874,0.1681362585844881,0.1367150817863668,0.1162529906084678,0.1507220143076801,0.1129590714388462,0.1095577454083093,0.0583957440105044,0.0541225319447519,0.0198097660709305,0.0366614225649267,0.0480970007318276,0.0454360389090721,0.1112705922183161,0.3438257410807718,0.998595098057873,-0.0030824239040699,1.8922508263268891,-0.01013143483023,27.381049014238776,0.106385921854108,0.0983418521465672,0.1104186983604107,0.0985153635423786,0.1454869645202657,0.1532722977756089,0.1042860279709732,0.1167416971414269,0.0502989976828078,0.0320134314721936,0.0258410693327468,0.0220553424200472,0.0522885954041713,0.0887815143769688,2009-09-30,10,0.11980332014516831,0.02490923878129989,0.0,0.0,0.0
cars,1595,train,7060047060.0,False,1980,1989,1990,1999,10,10,0.0031040822587053,0.0666260570600145,0.0122215898783472,0.0680939247195452,1.00431103074574,0.0021009551211571,1.0781911508884767,0.0002748763056624,49.977269358408655,0.1032252319713156,-0.1793442251450168,0.0938211810373707,0.1292223841418956,0.1426484745291788,0.1420954468450915,0.0939357295544753,0.0854545081136413,0.0581568190817689,0.0316889874921025,0.0218407784659321,0.0283983103645695,0.0710503450659724,0.101687035308001,0.0803155145978925,0.9939189602975927,8.643735883586158e-05,1.1474272666107366,0.0,50.1326439365413,0.1022334839656708,0.0218404272007963,0.1398622342195914,0.1121488155308496,0.1379337963914743,0.1254839433150308,0.098871303419232,0.0833782217692351,0.0613301265892742,0.0385816062966813,0.0245086992361595,0.0313138932952951,0.0507085101927325,0.0958788497444438,1989-09-30,10,0.010805836760938386,0.0017247516539845259,0.0046537092800438,0.0,0.0046537092800438
cars,1595,test,7060047060.0,False,2000,2009,2010,2019,10,8,0.0502415255674952,0.0713702020787518,0.0629268646081044,0.0344168166620038,0.998428045804109,0.0006430481643211,1.1270095862217524,0.0,52.09563118085575,0.1058390520655949,0.2252763715879437,0.1373490323800336,0.119964876572463,0.1451674903271803,0.1341877661861421,0.1036513303130723,0.0776252809724629,0.0455266570440586,0.0335513180059372,0.032147344717039,0.0305588423996021,0.0407243410344917,0.0995457200475168,0.0973436812701083,0.9632481415071572,0.0007081373765839,1.2972231003550223,0.0013712718546451,54.779860447129025,0.1091432309725141,-0.1610567394467811,0.1311812068440903,0.0868451646681364,0.1686763850156781,0.1329109590614667,0.1079341640403233,0.0854045571099513,0.0727618139394707,0.0208989707959544,0.0160821804791095,0.028470496333708,0.0474372239513876,0.1013968777607234,2009-09-30,10,0.02868656302479989,0.00042677106290365857,0.0010949904188338351,0.0,0.0010949904188338351
raw,1595,train,7060047060.0,False,1980,1989,1990,1999,10,10,0.0022755309897834,0.0663710690675581,0.0129858926539657,0.0764341041767632,1.0042306864079884,0.0014201694829323,1.1039762199412706,0.0005500550055005,49.99403300330033,0.1031953142254566,-0.1785960788632649,0.0941381321282434,0.12895263892439,0.1432391953662412,0.1414370386028026,0.0938191721713939,0.085373829871358,0.0579814299510682,0.031704069590175,0.0218117394251846,0.0283474368866374,0.0716430603291358,0.1015522567533691,0.089419996830729,0.9937972808807916,0.0004051255324179,1.1771560433461907,0.0002748763056624,50.10792550852115,0.1023085179137571,0.0220351112343747,0.1399245190561266,0.1124169839600703,0.1376816034030294,0.1260763675512877,0.098692578542107,0.0833080566673256,0.0611501672697875,0.0385159667971881,0.0245595498091247,0.0313302677459269,0.0503215563297064,0.0960223828683191,1989-09-30,10,0.012185661469879322,0.0024160519907533338,0.0046537092800438,0.0,0.0046537092800438
raw,1595,test,7060047060.0,False,2000,2009,2010,2019,10,8,0.0491274209172584,0.0707152880539642,0.0679081385078783,0.0405203705922477,0.9984206010612672,0.00055635156984,1.1525521346605785,0.0,52.12531351055084,0.1058343896155351,0.2252681969332125,0.1371015016413661,0.1200083053430028,0.1454725841480237,0.1338654188386337,0.1038402674323391,0.0772099746616377,0.0453675392136481,0.0336543831496066,0.0320181929344975,0.0305460465451143,0.0410343995254936,0.099881386566636,0.1084285091001261,0.9645755948814776,0.0010228302862633,1.390521210714939,0.002061855670103,54.75004089347079,0.1092452685611399,-0.1602502065327958,0.1315507938016007,0.0859093208855674,0.1687807994168109,0.1335501395442162,0.1077072678550432,0.084844707454878,0.0725683149860849,0.0205684542506798,0.0161580258732754,0.0287418260429173,0.0477209955982458,0.1018993542906798,2009-09-30,10,0.02943753602377806,0.00030264736495193994,0.0010949904188338351,0.0,0.0010949904188338351
cars,1600,train,7060047060.0,False,1980,1989,1990,1999,10,10,0.2422713077608434,0.0911218373094158,0.0632168591374867,0.1047017475104662,1.0011771380019878,0.0162319766915334,1.4265630579667694,0.0002746498214776,7.659777715069385,0.1043242309070383,-0.1915152174489759,0.0741987591151919,0.1252575434992586,0.1561258736562762,0.1420686731665625,0.0960454393678146,0.0938244641940029,0.0543722807443763,0.026954745963453,0.0211421659851317,0.0367224316086789,0.0816418854721208,0.091645737227132,0.167918606647953,0.988042210522931,0.008325398054777,1.4910863261799072,0.0,6.011724565083274,0.1046439453389017,0.0610002844862583,0.1313971743183035,0.1085049150881474,0.1424792273435916,0.1355930453476299,0.1089610204335712,0.0852027970606748,0.0559865358594741,0.0392120556362665,0.0216362185924978,0.0233047786419874,0.049434270805453,0.0982879608724024,1989-09-30,10,0.07113133045255218,0.0015613235491912217,0.0046537092800438,0.0,0.0038324664659184233
cars,1600,test,7060047060.0,False,2000,2009,2010,2019,10,8,0.1507810137525231,0.0931339570081723,0.0188979676244183,0.1296322465659805,0.992732723779439,0.0094814070939909,1.5235978063749205,0.0153298658636736,5.850045896860631,0.1058495656535164,0.2449176682136926,0.1405991821248861,0.1070774852620176,0.1543369397003648,0.1311313464883599,0.1133952262481063,0.0756215897728098,0.05577983273559,0.0389443467474112,0.0308009809306136,0.0315966603165805,0.0362532510874766,0.0844631585857832,0.1485302141903988,0.977605429739176,0.0040477730726106,1.614548398779204,0.0,6.8020940995033055,0.1058971364403016,-0.2475862768863379,0.099210207646138,0.086838769626753,0.1641434909888476,0.1450216643427557,0.1085113221169633,0.0833487969435043,0.0849822123949616,0.0227527869684497,0.0203701779465584,0.032884655892346,0.0531739906906884,0.0987619244420335,2009-09-30,10,0.053238396823061106,0.010177160785255124,0.0002737476047084588,0.0,0.0002737476047084588
raw,1600,train,7060047060.0,False,1980,1989,1990,1999,10,10,0.2438741187538749,0.0916876568709063,0.0724173497275579,0.1130148517877111,1.0007449380040738,0.0181242308290081,1.483093202291767,0.0005500550055005,7.6692909790979105,0.1043288309235105,-0.189156362534206,0.074448902589019,0.1249564379993044,0.1568412405252872,0.1414904182246125,0.095883666166503,0.0937259889013453,0.0542125736698967,0.0270941479279836,0.0210154423392595,0.0367259133783377,0.0822093398794256,0.0913959283990248,0.1854322015152691,0.9831603781367034,0.0128129370853703,1.573625525198158,0.0002754062241806,6.009551087854586,0.1050303809214001,0.061619637522017,0.130936936887393,0.1096219274559729,0.1425447327947616,0.1366939068809954,0.109095362747632,0.0854563652461793,0.0554869967388734,0.039161978453467,0.0217454726433823,0.0234427616371258,0.0465019880223714,0.0993115704918453,1989-09-30,10,0.07192733477313772,0.0018061765353752915,0.0046537092800438,0.0,0.0038324664659184233
raw,1600,test,7060047060.0,False,2000,2009,2010,2019,10,8,0.1512000581374597,0.0914661914169135,0.0220011823998568,0.1418992067504615,0.9927231021259972,0.0095687166895436,1.5873835776307947,0.0156078860898138,5.8524044359255205,0.1058254889371118,0.2445303101199263,0.1400222084135104,0.1070101077617576,0.1547711570978329,0.1308360307811062,0.1136476937868423,0.0751335061777297,0.0558371338092706,0.0390278735568052,0.0305256435683913,0.0315575539041559,0.0366352732920129,0.0849958178505843,0.1639003891503184,0.9774400487382304,0.0053468955690309,1.7036163170401837,0.0,6.807688598002067,0.1058501686797234,-0.2444030821510431,0.0995366528494053,0.0889347721366289,0.1628276876867151,0.1459508104147607,0.107902302921865,0.0825015989701822,0.0846158828339418,0.0219681804933733,0.0204254272691208,0.0334316834929604,0.0529913898491705,0.0989136110818753,2009-09-30,10,0.05793304175472805,0.009770174854190277,0.0002737476047084588,0.0,0.0002737476047084588
cars,1606,train,7060047060.0,False,1980,1989,1990,1999,10,10,0.0030826053589739,0.1024060658390416,0.034681051479718,0.1449948136777571,0.8975309849753828,-0.0522851696935274,1.3003576925840694,0.0057724024189114,2.715875282271076,0.0994500734546587,-0.2366749317611448,0.0615496485541005,0.1227997548802213,0.1391124079642765,0.1358020496750377,0.1161546237280431,0.0953697752386775,0.0662219169134028,0.0463130828958631,0.0330538923518299,0.0318694594520881,0.0710200790377604,0.0807333093086986,0.1796758651574752,0.8464439659176378,-0.0601042879334606,1.3510240436935943,0.0010992030777686,2.7075162010652183,0.0986829422181564,0.0507548278761887,0.1331310062756845,0.0981209901736349,0.1334061070680363,0.1267232692149307,0.1067938247959778,0.0751634559148726,0.0576380719330288,0.0417192943966219,0.0354395973074672,0.0424765837787643,0.0508226109971378,0.0985651881438428,1989-09-30,10,0.05074753590299124,0.002490902606992336,0.004927456884752259,0.0,0.004927456884752259
raw,1606,train,7060047060.0,False,1980,1989,1990,1999,10,10,0.0026731160259662,0.1031501603834574,0.0308946543899323,0.1597517289998806,0.8982477353390872,-0.0523066951596977,1.364243184606107,0.0066024759284731,2.714757634112792,0.0994677133982045,-0.2377232713821448,0.0620632410714719,0.1224336612842293,0.1403975256137324,0.1352837980475355,0.1158795412794949,0.0950463430610659,0.0661651268972159,0.0462826647037173,0.0331139269957957,0.0317574409129011,0.0714242718792916,0.0801524582535479,0.190646383389813,0.844036280219873,-0.0478668510398653,1.440188360373507,0.0022026431718061,2.707510462555066,0.0988137304474496,0.0521036268727892,0.1329909317754761,0.0984208553503582,0.1334594238290088,0.1273964837978221,0.1066313133295599,0.0748214452415464,0.0575234413817495,0.0417377912923323,0.0355173313586228,0.0426028796143213,0.0497720181604482,0.0991260848687541,1989-09-30,10,0.049626182607329546,0.0024472985180940842,0.004927456884752259,0.0,0.004927456884752259
cars,1617,train,7060047060.0,False,1980,1989,1990,1999,10,10,0.054790152384102,0.1151627698447034,0.1010907184980283,0.2319720110730834,0.7708906017277898,-0.0292853508444537,1.7133366677461206,0.0630680253373726,2.4528759691105977,0.1005530987170064,-0.3002326143280744,0.0924592630181755,0.1370347876863541,0.1355655761297482,0.1309118759374392,0.1025240187785966,0.092286596777776,0.0605872869348343,0.0518334435119772,0.0241743215923564,0.0229347615622955,0.0771602940136782,0.0725277740567683,0.3330627295711117,0.8610840029895894,-0.0494014072424063,1.4850594103071524,0.0354298269706124,2.5910193078492796,0.1100906938770801,-0.0847634837257949,0.1550018307103703,0.1320855941485508,0.1519130487777819,0.1159147927254777,0.0963699574298393,0.05057790884521,0.0435552044629998,0.0261698377817274,0.022118827269902,0.0274468651341499,0.0745577327246015,0.104288399989389,1989-09-30,10,0.11842348652232833,0.012608871077801271,0.00684369011771147,0.0,0.0
cars,1617,test,7060047060.0,False,2000,2009,2010,2019,10,8,0.038476824468506,0.0868157134380587,0.0545475103931069,0.3014217633642058,0.9321330714796852,-0.0406370099837501,1.611391802451932,0.000821692686935,2.805324507034007,0.1027551242936985,0.1110367873585402,0.1356873684862956,0.1029937646929062,0.1492484341064323,0.1229457008883405,0.0981217020944253,0.0629939688481781,0.0314652693558556,0.0290030393599215,0.0536920402246952,0.0355053036558013,0.0682957502806194,0.1100476580065285,0.2468742529710988,0.9553223023394234,-0.0201276706084527,1.4867713757950063,0.0,2.699434742861685,0.1077510288093716,-0.2238887200547091,0.0974563785020171,0.100164143927271,0.1632599400586386,0.1397602319778174,0.1044808348363778,0.0690966573607223,0.0503247643540813,0.0247260338051856,0.0160630512885633,0.0316561954585241,0.0756977464518185,0.1273140219789826,2009-09-30,10,0.07646000735265801,0.008912012762506187,0.0010949904188338351,0.0,0.0010949904188338351
raw,1617,train,7060047060.0,False,1980,1989,1990,1999,10,10,0.0543259364627592,0.1152353725194604,0.0923821100606441,0.2463046041595569,0.7704700559255824,-0.027447309108282,1.832560523213309,0.0598125689084895,2.451970782800441,0.100632430572169,-0.3013505121755752,0.092617935531012,0.1372885928673805,0.1367073040496866,0.1301345024309361,0.1020606469381446,0.0922545035550684,0.060672455948065,0.0518201388303403,0.0242122361801984,0.0228139279993255,0.077793665514431,0.0716240901554112,0.3386867142202011,0.8585418856151259,-0.0440348078903268,1.5778021559283073,0.0349381017881705,2.5888610729023385,0.1101501733752372,-0.0853888821165399,0.1544871638200267,0.1327856832413971,0.1519322544686738,0.116228769747867,0.0963890373635435,0.0507787569430349,0.0431974462595544,0.0261833843224224,0.0221410954347851,0.0276433477037907,0.0732971964324994,0.1049358642624044,1989-09-30,10,0.11781772773208737,0.009561927098539995,0.00684369011771147,0.0,0.0
raw,1617,test,7060047060.0,False,2000,2009,2010,2019,10,8,0.0375177165104879,0.0853346322711063,0.0477657972396746,0.3134270848112507,0.9323813177148268,-0.0356353989885367,1.6980410968836777,0.0013702384214853,2.806198410523431,0.1027618610651834,0.1102457976052133,0.1355563155517021,0.1026903993801452,0.1495509002210781,0.1228537460333767,0.0982422734466569,0.0626178121525206,0.0315868895326069,0.0289285415033743,0.053620093638383,0.035556979626005,0.0687587416104465,0.110037307303704,0.2656612875715761,0.9554360017624756,-0.0181288995658354,1.5539999291910815,0.0,2.7028667582417585,0.1076813847439397,-0.2243752178690481,0.0978199276612591,0.100796900116736,0.16262698284839,0.1403087737023215,0.1034531914882804,0.0692178176712048,0.0500980338844541,0.024510122799002,0.016133155323992,0.0317575915275142,0.0762949086922869,0.1269825942845584,2009-09-30,10,0.08104447323630595,0.009362510573600756,0.0010949904188338351,0.0,0.0010949904188338351
cars,1619,train,7060047060.0,False,1980,1989,1990,1999,10,10,0.0487868804227502,0.1415922101960279,5.179623756121354e-05,0.1688341614668909,0.9014293949861336,0.0,1.5914641351224288,0.0,2.8554786733818616,0.0990345700707451,-0.3805587454243016,0.0767248379872209,0.1201680556864761,0.1273909085452368,0.1400882570687709,0.1142006136878467,0.0844423856473896,0.0566193577973928,0.0635394231134031,0.0262177899341433,0.0227366446306946,0.0754431594225823,0.092428566478842,0.1687823652293297,0.8583152522151039,-0.0428385613440679,1.4618659925676916,0.0,2.719512428634167,0.1120831542920088,-0.1421824976297969,0.1551953353281367,0.1363938410589306,0.1636432053618832,0.1193193633998443,0.0899015633678564,0.0601809426741112,0.0433991359503945,0.0275518783286613,0.0201815442623258,0.0290162692377593,0.0584243484923076,0.0967925725377887,1989-09-30,10,0.06108920828980672,0.005685519587259167,0.004106214070626882,0.0,0.004106214070626882
cars,1619,test,7060047060.0,False,2000,2009,2010,2019,10,8,0.0409269303085715,0.0997468008547105,0.0919133858665782,0.2243709864026119,0.8412254821303804,-0.1269755842920708,1.5645470236560048,-0.0032849712565015,3.2628320027811166,0.0991807071946038,0.2814220349664909,0.1362276803002971,0.1042097932044947,0.1522808867590754,0.1157193313029575,0.0891449643079864,0.0561206310154036,0.0446522978542981,0.0316342284897772,0.0572354499576795,0.0567053747071015,0.063517586698142,0.0925517754027863,0.1324576005360337,0.7528937040805473,-0.098949047635819,1.3590073597499157,-0.0010266940451745,3.3991400089525734,0.0971591995754401,0.0277299329759643,0.0998195654975079,0.0847666671332815,0.1435237380464026,0.1411846353559109,0.1104648226140114,0.0754652638063437,0.052555048777197,0.0395572536114416,0.0409493801027736,0.0499917754450278,0.0813088163583711,0.0804130332517307,2009-09-30,10,0.07720545332971328,0.005531466197913119,0.0002737476047084588,0.0,0.0002737476047084588
raw,1619,train,7060047060.0,False,1980,1989,1990,1999,10,10,0.0491818288647977,0.1412578381074685,0.0080460389600911,0.1872613196628212,0.9014522524096912,0.0,1.6928150648543674,0.0005497526113249,2.856399670148433,0.0990022055201763,-0.3798850668464318,0.0771199226450794,0.1197458673761127,0.1286012081702285,0.1390997058965613,0.114058764103483,0.084275137317879,0.0564834112842491,0.0636115848385741,0.0261605018369676,0.0226243703797939,0.0758938340668437,0.0923256920842274,0.1792152807027301,0.8582445160083515,-0.0386126600708786,1.536460693502518,0.0,2.7193153698102837,0.1121313708039789,-0.140907513074836,0.1549620582094305,0.1370153132156741,0.1632924677583251,0.1195905016607432,0.0897013695444457,0.0603041409887615,0.0430195699761884,0.0278958357557772,0.019893125988989,0.0290910653529016,0.0579205573221841,0.0973139942265789,1989-09-30,10,0.059527242547660224,0.0041116659829077955,0.004106214070626882,0.0,0.004106214070626882
raw,1619,test,7060047060.0,False,2000,2009,2010,2019,10,8,0.0409929037188186,0.0993977252062614,0.0911691275179692,0.2411145373293386,0.8412408837195606,-0.1223300330714079,1.6812798771024329,-0.004381161007667,3.2641207557502736,0.0992249844504664,0.2808205601567074,0.1366432256715262,0.1038692028878822,0.1524410453896957,0.115516969030589,0.0891158802906136,0.0559845759040529,0.0446925813692282,0.0315091502762997,0.0572903860545583,0.0567705283195793,0.0636414251702246,0.0925250296357497,0.1499454098113693,0.752754049065457,-0.0935099685759198,1.497272129953011,-0.0041081821294077,3.400706949674769,0.0971154512468754,0.0271143021218648,0.1001959537784649,0.0853206811520451,0.1431293108698726,0.1417000009563631,0.109430193794411,0.0753451086806064,0.0524309493213093,0.0396518234070387,0.0409699938541083,0.050232320746084,0.0813002310875409,0.080293432352155,2009-09-30,10,0.08123863705881904,0.006393397084218296,0.0002737476047084588,0.0,0.0002737476047084588
cars,1620,train,7060047060.0,False,1980,1989,1990,1999,10,10,0.0956932721627092,0.1130132880367312,0.0329730556368902,0.193240238597346,0.889351214316224,-0.1063006247732602,1.356617118808057,0.0362438220757825,3.1939291738958,0.0972475092902955,-0.2792738754284899,0.0678725839752564,0.1192394434411697,0.1211831564360801,0.1450675676160604,0.103612587147362,0.0913282763163793,0.0665107068272402,0.0577802820454291,0.0308460614161142,0.0288350680321707,0.0855215485466439,0.0822027182000937,0.2262132942342363,0.8559459637342403,-0.1435116471109809,1.167886033630556,0.0,3.5146682759711636,0.0972850356263349,-0.1004807731003312,0.1358302419555714,0.1035853280192115,0.1421168994616445,0.1107611353157773,0.0993663051790005,0.0756118049977354,0.0747081078455334,0.0471815421213992,0.0366429838658372,0.0389626315950061,0.0567300061663913,0.0785030134768915,1989-09-30,10,0.06171117233120468,0.004221597258482421,0.0038324664659184233,0.0,0.0035587188612099642
cars,1620,test,7060047060.0,False,2000,2009,2010,2019,10,8,0.0329517086155929,0.0731770652847824,0.0264329880952052,0.2867891046920065,0.8360053673790245,-0.2594050192807308,1.3024184185492091,0.0,3.9392709882794974,0.0914412030448809,0.1075063087294014,0.1235354388286003,0.0959258252432281,0.1291729068360396,0.1094805175607378,0.0891182250803319,0.0693920681696308,0.0620929460361599,0.0551816487902331,0.0750446114126443,0.046215939394713,0.0584191456965526,0.0864207269511278,0.2603561165968012,0.6549315999104903,-0.1859794177033299,3.6004568977185567,-0.0171115674195756,4.071239043636977,0.0983634532974871,-0.1217873734409656,0.1650567111457622,0.0925460082694675,0.1266104993014775,0.1129681016243758,0.0871580373569405,0.0671336213315451,0.07504099055777,0.0646231334558098,0.0360973890572915,0.051994619111509,0.0437579174362607,0.07701297135179,2009-09-30,10,0.10760025466226195,0.00273988252265799,0.0021899808376676703,0.0,0.001368738023542294
raw,1620,train,7060047060.0,False,1980,1989,1990,1999,10,10,0.0954140921837365,0.1114805255977537,0.0279788878197173,0.1996200765432301,0.8892064316378391,-0.0973059069027215,1.4201434934340753,0.0420445177246496,3.196106073097005,0.0972055078350193,-0.2779645557558144,0.0682885621845076,0.1188450668622422,0.1221814295528273,0.1442277847373702,0.1035616299375012,0.0913644402753763,0.0662056139693206,0.0577012595190458,0.0308472541900137,0.0287408334716176,0.085931888470358,0.0821042368298192,0.2275989643629474,0.8554741118744543,-0.1267888509765909,1.2183634118956013,0.0,3.516082025873933,0.0972899794649551,-0.0993288657608538,0.1356038073181259,0.1038732336479794,0.1421541036013516,0.1107826207854969,0.0993311688199853,0.0756181772150551,0.0744198768647947,0.047228236643926,0.0366317293524324,0.0389347018293357,0.0565231080875213,0.0788992358339949,1989-09-30,10,0.054511765372893296,0.0025994271075544012,0.0038324664659184233,0.0,0.0035587188612099642
raw,1620,test,7060047060.0,False,2000,2009,2010,2019,10,8,0.0329662301513373,0.0737522142351279,0.0212902851285782,0.2937395082928294,0.8363120962882966,-0.2515477849530176,1.372418280915736,-0.0013717421124828,3.939609327846365,0.0914984469523838,0.10876113875196,0.1239870037874979,0.095753751634067,0.1295007004238755,0.109386111690658,0.0893723594827699,0.0693616713681928,0.0620726112119631,0.054884666135,0.0749691710429811,0.0462539509394092,0.0587479306924377,0.0857100715911474,0.2724492231642512,0.6548199999075425,-0.1756045776561261,4.34553317010308,-0.0253251197809719,4.071647843942505,0.0984190034835639,-0.1216597713421497,0.1655181340726573,0.0927217015882942,0.1263991029939007,0.1131019457686183,0.0866304317220088,0.0672514184875545,0.0748009956834943,0.0647360694877138,0.0360802884338577,0.0521794129871723,0.0437250128284816,0.076855485946246,2009-09-30,10,0.10898366291219098,0.0034185122521241625,0.0021899808376676703,0.0,0.001368738023542294
cars,1631,train,7060047060.0,False,1980,1989,1990,1999,10,10,0.0825750959834601,0.1061925834962442,0.0073912518688421,0.1813161446867694,1.0014548263817886,0.0006795454729703,1.5439136101456647,0.0002757099531293,25.16387891637997,0.1055418706996931,-0.2185508047772039,0.0778034244674206,0.1426285485774592,0.1354822254780068,0.1461189479924393,0.1124559592024525,0.0820778422651325,0.0418934254119676,0.0376011739606338,0.0190322226937919,0.0275757813282743,0.0840990968065743,0.0932313518158465,0.1887073965556115,0.9955199482596392,-0.0081375803089085,1.6442865403307163,-0.0005492996429552,27.329991417292593,0.1064924450112454,0.0828368156921579,0.1447691823402928,0.1177860800553713,0.1354964015066191,0.129568532878525,0.1073298006447358,0.0893389118682451,0.0705886407178973,0.0408575386463513,0.0138294301553647,0.0216969063994191,0.0378038256086105,0.0909347491785675,1989-09-30,10,0.044603359759985146,0.006007701065057653,0.008212428141253765,0.0,0.0
cars,1631,test,7060047060.0,False,2000,2009,2010,2019,10,8,0.0427758474102078,0.1088852848748451,0.0669330418568217,0.1823700448782095,0.9992558150447364,-0.0066870822267277,1.7965246604349387,-0.0002737476047084,25.407194683642985,0.1106272630555898,0.1379621021969215,0.1536788357924892,0.1118053296604504,0.1647721392839219,0.1198645022613986,0.0969777838280478,0.0844149064439454,0.0288855094743913,0.0221889146981379,0.0340022072020633,0.0353451716798995,0.0443002671816079,0.103764432493646,0.1154370030213878,0.9985752175504236,0.0003751888360185,1.557048204294624,0.0,24.343297178707523,0.1124572784224386,-0.1078557433150926,0.1056172899869718,0.0957607131911535,0.179514455282497,0.1419678798724831,0.1107143007703586,0.0753551899769802,0.076168612825209,0.0211903359995898,0.014526257992182,0.024958140093475,0.0394424205433964,0.1147844034657032,2009-09-30,10,0.07968621664121944,0.0016867961961871789,0.0010949904188338351,0.0,0.0005474952094169176
raw,1631,train,7060047060.0,False,1980,1989,1990,1999,10,10,0.0808174449240632,0.1057862146482799,0.0100193377263107,0.2075146958398623,1.0013939793831177,0.0014296021558858,1.617150316513167,0.0005520287054926,25.18183107921612,0.1054896631686229,-0.2169555907331433,0.078396362294516,0.1421876836970484,0.1367356238052807,0.1450514586845875,0.1123916347031747,0.081873221642678,0.0418163562980525,0.0375662964463138,0.0190312745365548,0.0274921982291338,0.0847805440998198,0.0926773455628394,0.217534033566173,0.9962420921949756,-0.0112521453786016,1.7198788682282715,-0.001374759417102,27.301460269452846,0.1067148378681221,0.0858706364761902,0.1445860272434946,0.1182964638718298,0.1353629121893659,0.1305916040772518,0.1067285073224582,0.0896152894719374,0.0703945824847837,0.0408425521296246,0.0138382427361119,0.0217487795080479,0.0362745766770631,0.0917204622880306,1989-09-30,10,0.04411420887971839,0.006213971502608494,0.008212428141253765,0.0,0.0
raw,1631,test,7060047060.0,False,2000,2009,2010,2019,10,8,0.0431321320233728,0.107969741378475,0.0724517963112369,0.2083180475126171,0.9992995962401776,-0.0070614723658698,1.8828902036692616,-0.0010961907371882,25.433789257330776,0.1106807179764199,0.1379571964098764,0.1537468196267824,0.1116423422459405,0.1651782283139117,0.1194437581103685,0.0971582730723873,0.0841690335898894,0.0286647158915797,0.0224006799766188,0.0336751300376949,0.0353072325300076,0.0446698732975276,0.1039439133072911,0.1358662512013802,0.9987838753824664,-0.0002052536944115,1.6345116930706003,0.0,24.360097460535343,0.1124685932153161,-0.1085098808465795,0.1056439638142667,0.0963915583452151,0.1794867485566453,0.1424745064205102,0.1096573708672513,0.0753043544606487,0.0759263140082307,0.0208993340651653,0.0145055194789277,0.0251447890834449,0.0397518506783176,0.1148136902213758,2009-09-30,10,0.07978837635869414,0.00038599863322057827,0.0010949904188338351,0.0,0.0005474952094169176
cars,1634,test,7060047060.0,False,2000,2009,2010,2019,10,10,0.1173622875178963,0.0861825590903284,0.0279118975549064,0.1334271125463301,0.9946190911507528,-0.0124446410436121,1.4604272420453568,-0.0183410895154667,26.47993880888053,0.1047686188428974,0.0272626793569543,0.129400013841778,0.1238703739675708,0.1358783179341194,0.1234177955763187,0.1240548632736238,0.056285480517593,0.0322541637942186,0.0313454981478846,0.0383398655441077,0.0416671775889257,0.0514531952388908,0.1120332545749684,0.1613390101012365,0.998552946334774,-0.0096101966317033,1.6527479599121726,-0.0169769989047097,29.7773997383804,0.1120706912244856,0.1719846390475712,0.0972562737275402,0.1478128283657257,0.1431390101727006,0.1540117076074695,0.1274355770482342,0.0555074174259495,0.0524367460147444,0.0222747546557113,0.0165025359755772,0.0313442194467458,0.0522753996661961,0.100003529893405,2009-09-30,10,0.06241648147779139,0.0034517742178303084,0.0,0.0,0.0
raw,1634,test,7060047060.0,False,2000,2009,2010,2019,10,10,0.1173941039684436,0.0854801736009557,0.0315927631408664,0.1442279783580996,0.994447105863691,-0.0034739997463726,1.4980934031567046,-0.0388721598686011,26.48244292362442,0.1047710665892771,0.0272573968674235,0.129256253367002,0.1238615145173528,0.1359296311930354,0.1234378960988817,0.1241778871123536,0.0557484154184079,0.0323814783248076,0.0314543265518413,0.038080629921963,0.0417346992822975,0.051861888797524,0.1120753794145326,0.1758207414989661,0.9984445499889996,-0.0037943447422715,1.6936938420638068,-0.0312157721796276,29.781163198247537,0.1120663490372301,0.172125302557433,0.0970183947143901,0.1482898968532856,0.1428949571614068,0.1542841700845032,0.1268081421388484,0.0554339666178279,0.052357950485252,0.0221912474206701,0.0165184594803672,0.031559217544614,0.0524953529216149,0.1001482445772194,2009-09-30,10,0.06304876116088723,0.003048530536992621,0.0,0.0,0.0
cars,1636,train,7060047060.0,False,1980,1989,1990,1999,10,10,0.0168135014960601,0.1461636822173842,0.0432689958258767,0.4126326708945356,0.8665496511809576,-0.006225566058706,1.923824377261259,0.0005508124483613,4.497582988593259,0.1056015327654051,-0.0446820319394086,0.0754977940791343,0.1356105230141196,0.1423387459106154,0.1428321803344322,0.0957187517296078,0.0797979326231585,0.0348276662973179,0.0391632263167953,0.017624611721744,0.0304292845064004,0.0965167123793862,0.1096425710872879,0.4559016667204124,0.8241376673504762,-0.007084829842464,2.2425828820893416,0.0,4.422595041807806,0.1151724768494599,0.2528587476526968,0.1656879196732905,0.1173141242268944,0.1665729964033012,0.1154966407925488,0.1106946960233796,0.0920023077120486,0.0392328243492068,0.0186929679254058,0.0177784404177354,0.0242278336572542,0.0486802108421478,0.0836190379767863,1989-09-30,10,0.062777754993135,0.0015410002709605065,0.00684369011771147,0.0,0.003011223651793047
cars,1636,test,7060047060.0,False,2000,2009,2010,2019,10,8,0.0517208703926156,0.1244833057810967,0.0908452618975397,0.4339507826290103,0.8403775163523791,-0.0360767266379826,2.244673961954891,-0.0008212428141253,4.4573981156048035,0.1016322396166705,-0.1939502149968311,0.1380527163047061,0.1143422284966909,0.1487941139614814,0.1238235731325271,0.1034704641495134,0.0623512829856327,0.0371537472087356,0.0473131220193805,0.072510944395946,0.0328887485326646,0.0462483192948494,0.0730507395178717,0.3431055207314705,0.8261856995739542,-0.0487944939021918,1.817388522225937,-0.0003424657534246,4.232718014194957,0.1126846358543506,0.0336055180463796,0.1101445455088531,0.1147195417370049,0.1764078592445188,0.1415802137054349,0.0994718928099486,0.0593421250583669,0.0660128309263899,0.0181539708082871,0.0196597041757084,0.0301032726385851,0.0414767809018467,0.1229272624850549,2009-09-30,10,0.101906853578612,0.0030067365282891202,0.0002737476047084588,0.0,0.0002737476047084588
raw,1636,train,7060047060.0,False,1980,1989,1990,1999,10,10,0.0159194786039687,0.1438986130146778,0.0431329107889087,0.4522353301764853,0.8658898209406306,0.0,2.088177646583234,0.0008269018743109,4.498255512679162,0.1056190415914776,-0.0444028676841569,0.0755767686738292,0.135565723108021,0.144033295769259,0.1414086105044642,0.0957931075938969,0.0795810160633753,0.0348246603745872,0.0391645762956863,0.0175992518476628,0.0304001839252764,0.0971834542497823,0.1088693515941589,0.4953682409653941,0.8241774026079537,-0.0072280242204004,2.4234949878113756,0.0,4.427212613605067,0.1152304676028825,0.2559232066349156,0.16529228329162,0.1178139581264542,0.1665621268127836,0.115794575361353,0.1105082988345594,0.092117184914983,0.0389443148141961,0.0185995093438598,0.0178825046691461,0.0242282386499609,0.0479012745650771,0.0843557306160063,1989-09-30,10,0.05278172113772796,0.0003801266308179355,0.00684369011771147,0.0,0.003011223651793047
raw,1636,test,7060047060.0,False,2000,2009,2010,2019,10,8,0.0502701873216564,0.1248408456754318,0.1089214739264765,0.4857849959490987,0.8403559584145741,-0.0257894780796191,2.451276269807458,-0.0019167579408543,4.45918291347207,0.1016653448569765,-0.1942289673592869,0.1386579597242506,0.1138398087655978,0.1488543154237757,0.1238207506618386,0.1034518649628098,0.062108073375296,0.037383505836314,0.0471670260171731,0.0723219299111768,0.0329008354715056,0.0463988314108204,0.0730950984394412,0.3768635220226222,0.8263144439033986,-0.0346652321077415,1.9982323417505432,-0.0017170329670329,4.240560096153846,0.1127792974939741,0.0313353695078925,0.1109900618787155,0.1145673352843918,0.1767565336419913,0.1417911033970006,0.098705746790038,0.0586307936236198,0.0658390311188126,0.0179828968853005,0.0200693832641036,0.0299917941523476,0.0417949986034753,0.1228803213602028,2009-09-30,10,0.1075025233289108,0.004947747754132037,0.0002737476047084588,0.0,0.0002737476047084588
cars,1645,test,7060047060.0,False,2000,2009,2010,2019,10,10,0.0368567240436838,0.090420495615259,0.0320311356139694,0.4050064601627717,0.9842464248476146,0.0766158966292343,2.3168711424044877,-0.0604982206405693,7.43448846858052,0.1017214444287365,0.2599794527566089,0.1228540937469347,0.1133204628402909,0.1218855259967047,0.1160983948111214,0.1262577896732561,0.1052296550217293,0.0589552745232094,0.0186441404687928,0.0317548005502136,0.0454609661553191,0.0397393518870865,0.0997995443253408,0.4370375957767412,0.9867421978227968,0.0834046745781449,2.500992371295743,-0.0646221248630887,7.165465681103863,0.1151212327471778,0.1789403015144064,0.1123879546787149,0.1033245439787698,0.1224772833363279,0.200133400683297,0.0946472957654541,0.1074533211565014,0.0625253407918975,0.0126501815005563,0.0230510877271734,0.026128885144985,0.0373614435771844,0.0978592616591376,2009-09-30,10,0.09780732662720265,0.006568568234760598,0.0,0.0,0.0
raw,1645,test,7060047060.0,False,2000,2009,2010,2019,10,10,0.036675052891854,0.0906168051603792,0.0335295985633531,0.4352714907165549,0.9842272708125972,0.0828556708713924,2.4786646446559257,-0.0993703805091705,7.434614837120176,0.1016608160191896,0.2600086897051514,0.1227259177260959,0.1130710556725798,0.1222544288655311,0.1157650778492361,0.12663259231461,0.104490252975774,0.0588484743423163,0.0188598858087486,0.0315614753724117,0.045546560344241,0.0402165085684677,0.1000277701599873,0.468801089279908,0.9864127735402396,0.08650893958312,2.6869716796106227,-0.1180175246440306,7.1668893756845575,0.1150121798352828,0.1790134261758811,0.1121140941135837,0.1061497745045748,0.1204191036117474,0.2002865877980307,0.0939102480831742,0.1071541117191905,0.0622799108104845,0.0125997001545075,0.0230860397623854,0.0263268392281041,0.037912306655439,0.0977612835587778,2009-09-30,10,0.09701189352119181,0.006660656162454049,0.0,0.0,0.0
cars,1650,train,7060047060.0,False,1980,1989,1990,1999,10,10,0.0436792143167839,0.1301756755526021,0.1379682729706394,0.1832655006894716,0.8929612767781062,-0.0977459516831703,1.8500190750809216,0.0603376695267091,1.4027861441373142,0.1094229975772452,-0.2055156673398543,0.0536867997482026,0.1358011209346372,0.1586589781563813,0.1472072247653014,0.1235025203546835,0.0712123520237873,0.0416100205811057,0.039768036351655,0.0230063218609398,0.0256679321825629,0.0786949155800698,0.101183777460673,0.3212337736601111,0.9124396956624904,-0.0455046933129927,2.188919101545507,0.0733844468784227,1.4654166082313442,0.1171362822898415,-0.0267378355598408,0.1453378126800039,0.1055407340885664,0.1813184258890371,0.1335214497361034,0.1289953620723797,0.0751939054986215,0.0480008402767202,0.0334802557463586,0.0116331227636149,0.0195732844806158,0.0358913923626344,0.0815134144053437,1989-09-30,10,0.09886745129043029,0.02911680519981179,0.01149739939775527,0.0,0.0
cars,1650,test,7060047060.0,False,2000,2009,2010,2019,10,8,0.0358060636873145,0.1547707397271093,0.0810070955464334,0.2403622698406082,0.9552683629587636,-0.0181299236756966,2.2026971916168043,0.02029621503017,1.3697428504137945,0.1080782646015489,-0.1201227144598,0.1360240195938899,0.1131833289953804,0.1495016698499856,0.1425195810915147,0.1245682949226716,0.0621022321621273,0.0290889605101657,0.0187339051625937,0.0566827514670127,0.0370410218819792,0.0507094369687942,0.0798447973938846,0.1593551742941747,0.86893992036192,-0.0364466759962393,2.0003251620906863,-0.0424657534246575,1.321565419892793,0.109182476816422,-0.053228640077299,0.0869314313925198,0.099797760611118,0.1854319639224033,0.144392765903976,0.0904692376041695,0.0432162698828139,0.1044473161218247,0.0419360926974267,0.0232655715888351,0.031815864687768,0.0500442104975218,0.0982515150896228,2009-09-30,10,0.07354463072157241,0.001252028368214879,0.003011223651793047,0.0,0.0
raw,1650,train,7060047060.0,False,1980,1989,1990,1999,10,10,0.0433657316021257,0.1278145567038363,0.1486101932890731,0.2172054224260972,0.8929271504568401,-0.092638950037959,1.9935191193078965,0.0495707560232622,1.4032974245361398,0.1094955220601136,-0.2047607586310281,0.0536233545747277,0.1357002841943462,0.1602462609824113,0.1458178870946639,0.1235009049185297,0.0711585068755455,0.0414733111690292,0.0397118232623363,0.0230141966926416,0.0255838061518672,0.0792229482050327,0.1009467158788682,0.3658156157151703,0.9124504341762498,-0.0368477126383648,2.40047900263152,0.0561336254107338,1.4654912376779847,0.117052204623421,-0.0267692920122073,0.1444980861267263,0.105625513128427,0.1816413906345584,0.1335284887407898,0.1284391516102283,0.0750640791603247,0.0481741876922421,0.0332367085490325,0.0116691523538791,0.0195081291501042,0.0360252123795818,0.0825899004741054,1989-09-30,10,0.10689786079120502,0.03146510688433049,0.01149739939775527,0.0,0.0
raw,1650,test,7060047060.0,False,2000,2009,2010,2019,10,8,0.0370271866162648,0.1530721689982926,0.1076187118628826,0.2979022784463812,0.9551929479722412,-0.0116875927634481,2.410185587176372,-0.0194947830862163,1.3689730917078529,0.108040799825534,-0.1217331274707038,0.1350274780376268,0.1130460507842272,0.1499265915199165,0.1425626780055357,0.1249542701271611,0.0618440370652653,0.0295090055758353,0.0183519194512415,0.0567407437121425,0.0371801917445545,0.0509823899875646,0.0798746439889285,0.1902835665834986,0.8685740999932954,-0.0295631289730253,2.2062386154640454,-0.0764484058964689,1.3192108330476515,0.1097686488868824,-0.0495350582489736,0.0874641190102849,0.1004888598070027,0.1877003891232591,0.1437227563044776,0.0894669058126293,0.0433544742938013,0.1045814885017117,0.0390004204630915,0.0233172510965043,0.0319939149791405,0.0506174674608862,0.0982919531472104,2009-09-30,10,0.085166379052672,0.006071112392402078,0.003011223651793047,0.0,0.0
cars,1654,test,7060047060.0,False,2000,2009,2010,2019,10,10,0.0361674004642545,0.1034762690575324,0.0068242487804468,0.4150193065416226,0.9970326987654148,0.0159809993313586,1.9264089615183215,-0.0101286613742129,12.085184995556562,0.0973927866358188,0.2813546524733344,0.1225973953103931,0.1006127883813456,0.1216201917828674,0.1008384425315592,0.1249007709699446,0.1057826598413611,0.0632360358794098,0.0172155708040145,0.0414061160646465,0.0538179037154842,0.0561560919037757,0.0918160328151977,0.4218435553220695,0.9947747337749554,0.0191019058028352,1.9224861307194148,-0.0120481927710843,11.65590503367224,0.1146532391198127,0.1327204488259488,0.1248635343958983,0.1023501362199161,0.1272064955479997,0.1936477737010047,0.104647010235485,0.0908026211328581,0.0625205715355072,0.0131054388168514,0.0194645043945103,0.0225212279222028,0.0459775060836891,0.0928931800140766,2009-09-30,10,0.15554309640596692,0.03185302324510038,0.0,0.0,0.0
raw,1654,test,7060047060.0,False,2000,2009,2010,2019,10,10,0.0360537324222522,0.1043296424091694,0.0102103888403878,0.447962010491841,0.9970893940943816,0.0193621048524837,1.991030220070236,-0.0251847796331782,12.085462907199563,0.0973231599081037,0.2813947442381211,0.1223140578609372,0.1004224951796445,0.1219686756849589,0.1007767338896475,0.1248732111273584,0.1052743808603187,0.0631676546874078,0.0173884115219566,0.041249227941273,0.0537823108332671,0.0568597412224952,0.0919230991907347,0.4581723993322289,0.9947420421912072,0.0207334368210147,1.986265217356072,-0.0366922234392113,11.65749808324206,0.1146478222911621,0.1328363723253405,0.1248188325500585,0.1028692169904233,0.1273527751025804,0.1938269684932883,0.1036421448685197,0.0908148681295453,0.0622913724820622,0.0130680621178829,0.0194524802150687,0.0227626156118042,0.0462337523600243,0.0928669110787417,2009-09-30,10,0.1572368343855178,0.03177646076499773,0.0,0.0,0.0
cars,1655,test,7060047060.0,False,2000,2009,2010,2019,10,10,0.1672512801669364,0.1136315854155957,0.0005387075569807,0.2431128891410848,0.979989713738416,0.0593957769932441,2.397865638811001,-0.1489186969614016,7.492115138936828,0.116388888723775,-0.0675181511403241,0.1426435164851154,0.1169070667899531,0.1773965282149407,0.1178919770520819,0.1225621817282968,0.0940612141936921,0.0251185631276875,0.009517314754984,0.0260216325610723,0.0309100662441339,0.0419996370924539,0.0949703017555879,0.2436515966980656,0.9899267265955668,0.0504738894376924,2.0025077094722477,-0.1056955093099671,8.856064095314062,0.1126399209392241,0.2126099858201052,0.1067938993007612,0.1342100741997822,0.1520870637991169,0.1529141698120855,0.0983637465831679,0.0928796721466361,0.0459031480433537,0.0155240078178669,0.013634529345189,0.0162046428367844,0.0644444436744514,0.1070406024408043,2009-09-30,10,0.11587082770230805,0.023413578721109635,0.0,0.0,0.0
raw,1655,test,7060047060.0,False,2000,2009,2010,2019,10,10,0.1673543903143343,0.1130067215872787,0.0005167570856323,0.2795508120545117,0.9800164498290628,0.0593892315033406,2.5604595049945345,-0.2033944702983848,7.492940870517383,0.1162988942317342,-0.0674631264091098,0.1417959847818074,0.1168115784350069,0.1776977933386924,0.1173471678590229,0.12279209562076,0.093671521398752,0.0252086889848655,0.0093922510439883,0.0260174801628235,0.0309677001216547,0.0424468136137478,0.0958509246388781,0.2790340549688793,0.989818464393266,0.0504631236227267,2.1473909898833106,-0.1497809419496166,8.857953450164294,0.1127004275918669,0.2125256593938533,0.1063226945073155,0.1345506476410609,0.1530120362001636,0.1521671633397576,0.0978841979809977,0.0929936357712943,0.0458508368324875,0.015471087023172,0.0133901729888851,0.016333116388555,0.064664443801874,0.1073599675244362,2009-09-30,10,0.11882221436585529,0.020675981185396822,0.0,0.0,0.0
cars,1656,test,7060047060.0,False,2000,2009,2010,2019,10,10,0.025247487860875,0.0912780138336513,0.0367503132460737,0.1324623247313574,0.9961850012861077,0.0451624111138295,1.6772526351759325,-0.0468108404051464,16.05317302862051,0.1035945475017299,0.0651824937668671,0.1469931402494528,0.0907070815215792,0.1427974489759587,0.1094003553621813,0.123202654936141,0.0871536247837081,0.055381281459895,0.0207369540466251,0.0248433803573903,0.0456886101659422,0.0577763399949848,0.0953191281461408,0.1692126379774312,0.9960897682366172,0.0482477490095951,1.7174688193462029,-0.0451807228915662,16.463635084309573,0.1110562271960577,0.2262847383948315,0.1163140212994037,0.1151535337319847,0.1473421109833454,0.1616778004681634,0.1119573992781118,0.0848793916122545,0.04050595849851,0.0151443416530157,0.0235813343408041,0.0203391854834036,0.0651648645291856,0.0979400581218172,2009-09-30,10,0.06843210236414134,0.0006083645803977445,0.0,0.0,0.0
raw,1656,test,7060047060.0,False,2000,2009,2010,2019,10,10,0.0254048396405298,0.0910527637290588,0.0432281164274903,0.1581455963637178,0.9961865248982568,0.0465940508724358,1.7874186042198548,-0.07637558171366,16.053551601423486,0.1035170862916399,0.0652124771555,0.146247066859306,0.0906093047728428,0.1429549442578787,0.109382820543287,0.1235103751432551,0.0865272923787929,0.0553680481956572,0.0206982092375464,0.0247685920638192,0.0459125616111309,0.0583067990477532,0.0957139858887302,0.2013737127912082,0.9958960075129611,0.046032535379138,1.8202393991212016,-0.0843373493975903,16.466614184008762,0.1110099895232028,0.226077101975357,0.1159430009357943,0.115718576578202,0.147226086837227,0.1614454884193888,0.1117278771519425,0.0849432391455544,0.0401574429325492,0.0151199425635943,0.0235739861638791,0.020513892867135,0.0654975736278099,0.098132892776923,2009-09-30,10,0.07097128689118624,0.0010263305088606285,0.0,0.0,0.0
cars,1683,test,7060047060.0,False,2000,2009,2010,2019,10,10,0.1621897756280703,0.1189906089896144,0.0732766253363531,0.3168403195477491,0.9763144939646814,0.0761431322161565,2.7245313081794515,-0.2168081029290993,11.530915191504304,0.1088157012929798,0.0568696358817603,0.1402463626538287,0.1425642427617755,0.159841984447919,0.1084239690097866,0.1055751887074536,0.0428393185407474,0.0368142906853746,0.0303828800065248,0.035776696304297,0.0432329429211359,0.0526203920785369,0.1016817318826195,0.3901169448841023,0.9913708869835566,0.0647429692757909,2.5362074548726983,-0.1760679079956188,13.561318083202377,0.1151278440011792,0.1744800416767759,0.092610518966081,0.143132677751186,0.1489342257565429,0.1707512753788457,0.0991704003478739,0.0724434466884253,0.0469345282864643,0.0182633508048016,0.0182846426800375,0.0188023074962077,0.0548804271198918,0.1157921987236419,2009-09-30,10,0.07008755027642104,0.010145663372182393,0.0,0.0,0.0
raw,1683,test,7060047060.0,False,2000,2009,2010,2019,10,10,0.1623791702841888,0.1174411698239911,0.0608106665043702,0.3800664071823024,0.9762694782445588,0.0761332549751236,2.9597943182615167,-0.2781275663837941,11.532411168902271,0.1087331716945947,0.0568986570939911,0.1398644907467256,0.1421591934162013,0.1600932949467358,0.1079412032378164,0.1056244249357041,0.0426548222273041,0.0386240253430161,0.0291454608060435,0.0351926174906709,0.0432389482143163,0.053531605113552,0.1019299135219136,0.4408770736866726,0.9912305261940632,0.0647223116361615,2.7661194178638135,-0.2324753559693318,13.565646495071194,0.1151667774743301,0.1746991323145725,0.092260827087203,0.1440503877326394,0.1495124283177694,0.1701343115898975,0.0982089022668783,0.0726440558477749,0.0466868736001829,0.0182275588578931,0.0182329684376655,0.0192753823487955,0.0546752484939921,0.1160910554193079,2009-09-30,10,0.08309037456792283,0.0150310204388991,0.0,0.0,0.0
cars,169,test,7060013560.0,False,2000,2009,2010,2019,10,10,0.3385851232147973,0.0621085549404102,0.1007664486111946,0.6344242896002354,0.6016631963129283,-0.2534314178163253,1.4086296403260938,0.0536545305228579,7.7126388544952125,0.1153023484252026,-0.1256470237591015,0.1567801239028691,0.166175250584718,0.129984622608688,0.0939691210806168,0.0654736372579073,0.0407604563471915,0.0356735529830357,0.0331473934527891,0.035672321362826,0.0415378993311265,0.0461035629504885,0.154722058137743,0.5336578409890408,0.7709980446889974,-0.2362813897336298,1.747683515311114,0.1631982475355969,5.497400090619395,0.1169886030567834,0.1130972896283058,0.1697859513683983,0.1441825148909359,0.1666520024669106,0.0917830168306226,0.0560135878231196,0.0450678103135346,0.0381238062438984,0.0368297002812048,0.0376677549238628,0.0338826713396248,0.0429506514061729,0.1370605321117142,2009-09-30,10,0.1481730685705856,0.0012446403151093169,0.05146454968519026,0.0019162332329592116,0.049548316452231046
raw,169,test,7060013560.0,False,2000,2009,2010,2019,8,10,0.3714043528243941,0.0713175425060509,0.090193587170381,0.6260428067800482,0.6344861288307763,-0.258909684942815,1.521022052352394,0.034982332155477,8.04141413427562,0.1155973442794825,-0.2672754287024677,0.1524004137239718,0.1743145312855244,0.12953947501982,0.1025550944268104,0.070045781550825,0.0422725078416933,0.0377459847656139,0.0322899537473895,0.0373814847712825,0.0412663208772326,0.0344485670953748,0.145739884894461,0.5358492196096671,0.7721111640790103,-0.2296867063109607,1.8921028140932117,0.1675,5.546685833333334,0.1171666710755613,0.1123585449961787,0.170264936484344,0.1463041819416789,0.1662712603807608,0.0911742141916677,0.0562590203389221,0.0446872955016331,0.0379529437723797,0.0368264953411368,0.0377094550304288,0.0331212296992763,0.0436835429605136,0.1357454243572575,2009-09-30,8,0.14368305567551148,0.013921877567643457,0.05146454968519026,0.0019162332329592116,0.049548316452231046
cars,1691,train,7060047060.0,False,1980,1989,1990,1999,10,10,0.1527362452350628,0.174364537548664,0.0670286687832823,0.0870238167799129,0.9813047996455352,0.0049419356075116,1.603593795058161,0.0,10.205178160693812,0.0996755806833939,-0.3656764074633565,0.0702392829055277,0.110125570783811,0.1586256999704172,0.143542012366964,0.0885153708140855,0.0683115765834186,0.0438841268179185,0.0589582004556961,0.0539601562868489,0.0299162860292476,0.0895654376529704,0.0843562793330941,0.1540524855631953,0.9755643991083972,-0.0074684072075574,1.7398303337896657,0.0,8.759676797903074,0.117206814922073,-0.1472078788488587,0.1596221928241379,0.1210267093784124,0.1888311785603788,0.0962039250936288,0.100456961910745,0.0424023892055598,0.0472609444743182,0.0333218614681213,0.0139609281425921,0.0268019679467847,0.057198059969795,0.1129128810255256,1989-09-30,10,0.07359934938277686,0.0095881665654744,0.0,0.0,0.0
cars,1691,test,7060047060.0,False,2000,2009,2010,2019,10,8,0.0696937863797214,0.1409733248088245,0.0498672675817963,0.1411589423780079,0.9904688962163036,0.0162436744631711,1.6663874564369043,0.0,8.15702138702754,0.1035000260377029,-0.1173173673904364,0.1151377689434819,0.1264574491039942,0.1149823654106602,0.150982980256422,0.1115000513697037,0.0658917571952971,0.0375268712726761,0.0397676502377591,0.0301258499444768,0.0275189503191273,0.0729230191472535,0.1071852867991476,0.0912916747962116,0.994796854331662,0.0055468762484227,1.5149195946755227,0.0,7.607885611653865,0.1181687634777703,0.0104517965174225,0.1283562858082208,0.1328349018759947,0.1820405865671276,0.1137584823230441,0.0944205354037073,0.0341429240031041,0.0497276182830098,0.0193481802503554,0.0088891623223028,0.0347033698494102,0.0596586990395738,0.1421192542741489,2009-09-30,10,0.05897140122676704,0.005720909347687689,0.0005474952094169176,0.0,0.0002737476047084588
raw,1691,train,7060047060.0,False,1980,1989,1990,1999,10,10,0.1526533592908693,0.1761472608036222,0.0756143728944386,0.1077167528114963,0.9811625763791956,0.0054862387176262,1.6764891378383082,0.0,10.20735751437175,0.0998043950674075,-0.3658498962436474,0.0704008479844318,0.1100696354435565,0.1595660923907509,0.1431747178818239,0.0881122098982454,0.0683545845700421,0.0436157962631797,0.0593025374175893,0.0536127182860883,0.0297922007434292,0.0899614634693573,0.0840371956515051,0.1833311257059349,0.9755092027624404,-0.005512267895438,1.873434133844737,0.0,8.762273698630137,0.1171532980834364,-0.1466313123612961,0.1588461167222531,0.1211672431678535,0.1885804394487088,0.09586715451569,0.1003209306497947,0.0424762147336562,0.0489127126226916,0.0314816955466522,0.013966631979771,0.0268664550975525,0.0573928096913858,0.11412159582399,1989-09-30,10,0.08381494872756581,0.011203800252495174,0.0,0.0,0.0
raw,1691,test,7060047060.0,False,2000,2009,2010,2019,10,8,0.0704286708576714,0.1408859942396735,0.0528997744167713,0.1690669892048178,0.9902632475181228,0.0173990150216778,1.7928749751004749,0.0,8.1613815393043,0.1034989641694139,-0.1170727372330504,0.1155669505098532,0.1261621392396414,0.1152887029266235,0.151017625680584,0.1111673430835993,0.0656513946744802,0.0377017588630127,0.0394198730860788,0.0300868161992648,0.0275963476304689,0.0734867607041251,0.1068542874022676,0.1161672147880465,0.995774865529174,0.0092028245383578,1.592632975051636,0.0,7.60636038514443,0.1180543926662348,0.0128996618259998,0.1294663718049616,0.132917657053823,0.1819296147580827,0.1137451662114382,0.0940083716950123,0.034273152273924,0.0497938089892191,0.0191564867163945,0.0089147050611375,0.0351028350992725,0.0598459372305519,0.140845893106182,2009-09-30,10,0.06553430438226268,0.005494048595088028,0.0005474952094169176,0.0,0.0002737476047084588
cars,1699,train,7060047060.0,False,1980,1989,1990,1999,10,10,0.027174336908971,0.1090791894298722,0.0334850729698293,0.0753862858236375,0.994881491126561,0.0458508677390082,1.3156794251105912,0.0,34.77069781408571,0.1035061415119319,0.014562940028069,0.0781661300932015,0.1290084464112451,0.1451940860959305,0.1326058264048613,0.1111560676828418,0.0619552192564282,0.041215464850487,0.0388557729515056,0.0187986785163819,0.0391175435359756,0.0999448153265478,0.1039819488745928,0.1088713587934668,0.989307870149578,0.0369914528839855,1.3606408200216746,0.0,35.728523671266096,0.1092776898914378,-0.066360707618019,0.1409541650697094,0.1165713103055459,0.1749757762527879,0.0998278107163137,0.105669354939632,0.048905178571239,0.0480327676979487,0.0383929747262228,0.0197850251884269,0.0334399922040765,0.0607578806765033,0.1126877636515932,1989-09-30,10,0.046311690750756994,0.0073204819244517185,0.0,0.0,0.0
cars,1699,test,7060047060.0,False,2000,2009,2010,2019,10,8,0.0346126755710026,0.1052123416382309,0.0037258322988919,0.0826995106355747,0.9974044280487498,0.0440358887908207,1.2325924229677678,0.0,35.8315692796669,0.1014047217695496,-0.0900955576418115,0.1076033768789033,0.1131400085371787,0.1277489234352468,0.1435957571850925,0.1155327816200765,0.0602056950003448,0.0448995422935235,0.0296166026164781,0.0345059895438701,0.0362154190593188,0.0823853698348732,0.1045505339950933,0.0864253429344667,0.994207837308475,-0.0073557343284105,1.2326417535099632,0.0,37.09350933817089,0.1094089694076319,0.123794210587525,0.1228078507094831,0.1123420026597818,0.1702199683920828,0.1109213602287265,0.0931776522791836,0.052868664661519,0.0548514394982852,0.0236058201622259,0.0119927224843017,0.0412445763583323,0.0688616402239443,0.1371063023421332,2009-09-30,10,0.040780251636959225,0.0017266094228104091,0.0005474952094169176,0.0,0.0002737476047084588
raw,1699,train,7060047060.0,False,1980,1989,1990,1999,10,10,0.0272248447149975,0.1103376946874128,0.0339820309324593,0.0877216854423888,0.9947759254343638,0.040686672044806,1.374750714243051,0.0,34.77797344648234,0.103560991447278,0.0143300161258292,0.0782285265608542,0.1291229505899207,0.145482582140067,0.1326542328422961,0.1107073531576717,0.0617939996617075,0.0411303138378024,0.0391169710050783,0.0184599679085826,0.039211245476437,0.1005074645947094,0.1035843922248725,0.1217037163748482,0.989326342166168,0.033675823389642,1.4403294155714603,0.0,35.737804717498626,0.1093791800616365,-0.0667713288960669,0.1401896926567234,0.116927864854926,0.1751883245834253,0.0995470791734854,0.1057037313481632,0.0486660111129977,0.0482593343258938,0.0372940111850775,0.019835873261002,0.0335144266575643,0.0611233983081938,0.1137502525325473,1989-09-30,10,0.052341009012657716,0.007703301039000359,0.0,0.0,0.0
raw,1699,test,7060047060.0,False,2000,2009,2010,2019,10,8,0.0337849391392869,0.1045349352942383,0.0085303971880998,0.0932043910144893,0.9974317423042384,0.0395075466570355,1.2994004087118711,0.0,35.841253629142706,0.1013959132042652,-0.0906482355026487,0.1079694089438502,0.1126404064693289,0.128025230891046,0.1436609562678152,0.115206195810787,0.0600810887249037,0.0450316318839755,0.0293398985546119,0.0345567157016075,0.0363711395215719,0.082896278598244,0.1042210486322577,0.1017347882025891,0.9953945087202664,-0.0099264055437263,1.2946342161537936,0.0,37.07283551724138,0.1093863102229343,0.118851952121797,0.1204397051645482,0.1117914824576035,0.1708994883259769,0.1112712576993008,0.093037700817523,0.0531368339098886,0.055087969746191,0.0233147938424995,0.0120425195051497,0.0416661244752094,0.0692520166010947,0.1380601074550142,2009-09-30,10,0.04271579764102536,0.0015504115353436796,0.0005474952094169176,0.0,0.0002737476047084588
cars,1703,test,7060047060.0,False,2000,2009,2010,2019,10,10,0.1915524209411832,0.1311267603092718,0.1266105089661593,0.5453170994179828,0.8649388109083753,0.0777402183033219,2.8154029670390552,-0.2737476047084588,7.036255003372253,0.114113944530902,0.2020431408535698,0.1243142461512675,0.127047977237801,0.1773469178761307,0.1286555247396084,0.1194875234526131,0.0355994492758111,0.0319122773741957,0.0165490643595733,0.0376009048246683,0.0324175067094707,0.0630764736087878,0.1059921343900719,0.6719276083841421,0.877085468072254,0.0684127148195802,2.9052077824044047,-0.2478094194961664,8.521807701061162,0.1166600812707061,0.2038032991294222,0.0887605461543493,0.1164346003585079,0.1448144667046899,0.1992068966538756,0.1040508947232302,0.0773511892890365,0.0475170144654196,0.0091722239204369,0.0173480618872858,0.0356364180000262,0.0564653930824804,0.1032422947606613,2009-09-30,10,0.1226286368207197,0.0052690172405910965,0.0,0.0,0.0
raw,1703,test,7060047060.0,False,2000,2009,2010,2019,10,10,0.1916468393200372,0.1316482463445532,0.1160380332292541,0.6006220667118699,0.8650015513315679,0.0777393548989494,3.060852744740096,-0.3895428415001368,7.036333150834929,0.1140947198664419,0.2020633266111332,0.1236050416817017,0.1269988299361279,0.1776442130469416,0.1283641573351722,0.1194437382130411,0.0351312115267339,0.0321553004476977,0.016333157937225,0.0375904270684502,0.0325030321480641,0.0639910752235327,0.1062398154353114,0.716660099941124,0.8771369930325296,0.0674668270697254,3.194738745551015,-0.3830777656078861,8.522707009857612,0.1165861579916817,0.2039510396910042,0.088224980840115,0.117235716480097,0.1446779343346872,0.1989060471983129,0.1036424632784669,0.0774288748509795,0.0473915343605957,0.0091500619150066,0.0172660651466287,0.0360754913923329,0.0565844558152523,0.1034163743875246,2009-09-30,10,0.12641397791746564,0.002472327296443336,0.0,0.0,0.0
cars,1706,train,7060047060.0,False,1980,1989,1990,1999,10,10,0.4825491782687987,0.1199592719102702,0.060860729368162,0.1545696801857536,0.9884289654549072,0.0090074354588053,1.6970793128068202,0.0005514199062586,7.923083878097742,0.1078468352227413,-0.3205334402142523,0.075170534343364,0.1510626987036492,0.1500664998472378,0.1449493407748543,0.0965531625093105,0.0909706431379028,0.0474403487934154,0.0393828342044791,0.0175374508219152,0.0221057057926905,0.0761766031613008,0.0885841779098799,0.0937089508175916,0.9971094013817416,0.0034405820921457,1.2902908531194757,0.0,12.836975105896082,0.0992528663791149,0.1605176250124411,0.1378461531662186,0.1050989694176257,0.1409846508919222,0.1170773765616108,0.0999713809911477,0.078929423984381,0.0578223470798393,0.0432879760024957,0.0325402367642906,0.0416125036494003,0.051176092859135,0.0936528886319328,1989-09-30,10,0.035221105934941425,0.008389616918228386,0.007938680536545305,0.0,0.004106214070626882
cars,1706,test,7060047060.0,False,2000,2009,2010,2019,10,8,0.1988831077577262,0.0957592857346224,0.0047373294099653,0.1263820860259669,0.9881953900855722,0.0093969266433331,1.5367653447641998,-0.0002738975623116,10.51762316389395,0.1007904622121075,-0.0649304817544618,0.1328640204794815,0.1167955842105794,0.1493769474132315,0.118423814644122,0.0899332949838921,0.0788075548113161,0.043798652239956,0.0352330484579044,0.0474659589796949,0.0432586005411119,0.0475062909597003,0.0965362322790094,0.1311194154359323,0.9941919675065992,0.0161007347732499,1.7477995874507417,0.0,8.620724579017642,0.1096341832078231,-0.1560700766603515,0.1037789274029109,0.1014934113382079,0.1861660411382982,0.1401591869758643,0.089049643828583,0.0894290049593114,0.0597272036636896,0.0418630567149615,0.0159717453870949,0.03021094135898,0.0415597951040609,0.1005910421280367,2009-09-30,10,0.09056607480191221,0.007724725226476688,0.0016424856282507528,0.0,0.0016424856282507528
raw,1706,train,7060047060.0,False,1980,1989,1990,1999,10,10,0.4814318053283233,0.119484169350337,0.0635650107180743,0.1698207604416016,0.9881902875534768,0.0104572165854885,1.778713680357287,0.0011037527593818,7.927539735099337,0.1078248993021727,-0.3194026172352991,0.0757330016313599,0.1504202105967809,0.1512285113885411,0.1441754587042599,0.0965452676985572,0.0907306326299007,0.0472866753518451,0.039509103634729,0.0173895010143614,0.0220615088290728,0.0766256062952089,0.0882945222253827,0.1062557497235273,0.997110294404518,0.003904955794641,1.351039472068132,0.0002748763056624,12.829850742166029,0.0992962581939018,0.1615114471489032,0.1375127458497747,0.1057171358789803,0.1407341065281696,0.1176309877427523,0.0996648805355038,0.0790237222725477,0.0575817283930409,0.0431682513016551,0.0326351172556047,0.0416691831817364,0.0505902978419045,0.0940718432183295,1989-09-30,10,0.03693452403099939,0.009702325243658005,0.007938680536545305,0.0,0.004106214070626882
raw,1706,test,7060047060.0,False,2000,2009,2010,2019,10,8,0.1980613165730871,0.0941762337392682,0.0063036137219683,0.1376536918384286,0.9884677269342812,0.0140619976750741,1.6127769128708371,-0.000822593912805,10.52482040032904,0.1008386428982759,-0.0642029409803151,0.1328093566020443,0.1167360010754475,0.1497423667453278,0.1181506001716339,0.0900836077096667,0.078688553205214,0.0436989142877687,0.0353313696689403,0.0471494387508135,0.0429600130470961,0.04787672057278,0.0967730581632669,0.143957305560397,0.9937632179621751,0.0209643218329493,1.8346576607232512,-0.0013788348845225,8.633715960013788,0.1094644890399176,-0.154813413996141,0.1040123913966113,0.1035602707134475,0.1849982492500921,0.1404024369161089,0.0875889598549253,0.0894656759192235,0.0596186439493723,0.0417205100451521,0.0159048342656692,0.0302711246841363,0.0421013231037901,0.1003555799014709,2009-09-30,10,0.09157707371877341,0.008306765060861957,0.0016424856282507528,0.0,0.0016424856282507528
cars,1707,train,7060047060.0,False,1980,1989,1990,1999,10,10,0.1820001965925591,0.1151638669833946,0.0124661627839936,0.176646598135541,0.9251456135947104,0.0401299633622994,2.3507313238106247,0.0,6.961340353372451,0.1195746430602032,0.2585100946471312,0.1462745138295505,0.1634777520590983,0.152033179637033,0.1254529423251728,0.1073691119663111,0.0471306806640834,0.0218648665984924,0.0185857251576103,0.0142392981456109,0.0216321630179473,0.0708921650730145,0.111047601526075,0.1891127609195347,0.9724465000396242,0.0152717625223872,2.142719497815577,0.0,8.350924338063717,0.1332771468659715,0.030074763766967,0.1512930311145305,0.145267445608572,0.2240459860736773,0.0975790659640002,0.1230720065225944,0.0629706172927642,0.0284545786752987,0.0151113596086963,0.0087012653976731,0.0215979746561391,0.0340849453352707,0.0878217237507832,1989-09-30,10,0.07624956853220899,0.019488150857400674,0.0005474952094169176,0.0,0.0005474952094169176
cars,1707,test,7060047060.0,False,2000,2009,2010,2019,10,8,0.1459080647985902,0.1331585044870859,0.0387792990147741,0.2433361441672575,0.9684549105583644,0.0464288667550661,2.4953492487753532,-0.0002737476047084,7.277799860646599,0.107885878422706,-0.0423269424478665,0.1158875194643719,0.1345171492971957,0.1576549221393137,0.1485520090312939,0.0998490188249218,0.0602879855302804,0.0281745675717472,0.0240896994018639,0.0459476750935186,0.038095598898704,0.0663647275918003,0.080579127154988,0.2045568451524834,0.9802077562492466,0.0280694799299922,2.2627743910638594,0.0013740982480247,8.42106802796276,0.1210098259926257,0.0295385144295727,0.0963253199394813,0.1340434423934106,0.1714571986550983,0.1692473728953859,0.1194612345523287,0.0300775128547653,0.0773756275265935,0.0200737581000633,0.0210569554465146,0.0141485817838664,0.0363062802725475,0.1104267155799443,2009-09-30,10,0.0951170337409471,0.01607185016912445,0.0002737476047084588,0.0,0.0002737476047084588
raw,1707,train,7060047060.0,False,1980,1989,1990,1999,10,10,0.1815937314453404,0.110971613160118,0.0243703902756491,0.2097073239083337,0.9250171224756588,0.0407716639129935,2.5717335151963883,0.0,6.96562202136401,0.1195252180334091,0.2595050437174034,0.1502977057652077,0.1598900276609868,0.1523161485726787,0.124513290336239,0.1071713229812839,0.0470567862216152,0.0218350197861029,0.0187819146706566,0.0140056306579961,0.0215148261489713,0.0712577707806771,0.111359556417584,0.2340777141839828,0.9725565726263002,0.0162822286198741,2.3358486825810423,0.0,8.35266493150685,0.1333144468191607,0.029813743207249,0.1504252584205182,0.1454301501412378,0.2245748358812692,0.0965105484995404,0.1230427418013452,0.0631045257084221,0.0284032391663564,0.0148329003487263,0.0086978720629462,0.0216128216580668,0.0344069337627853,0.0889581725487857,1989-09-30,10,0.08965663838122645,0.024779193806792606,0.0005474952094169176,0.0,0.0005474952094169176
raw,1707,test,7060047060.0,False,2000,2009,2010,2019,10,8,0.1461123680421361,0.1308022969456592,0.0388500034029228,0.2905454958907451,0.9683655023770056,0.0475232611965075,2.7720827640527,-0.0008214676889375,7.2806451259583795,0.1080323559295678,-0.0427867584896551,0.1161111269071668,0.1344790062144692,0.1579871853369276,0.1487502160674771,0.1001671147481153,0.0590640099807002,0.0285031928341869,0.0237521153551352,0.0459566685606889,0.0381709055006228,0.0665060583891423,0.0805524001053672,0.2516954924878223,0.9788096091540244,0.0275335573806838,2.4819744857923833,0.0010323468685478,8.426081555402614,0.1208648914300488,0.0278451597058151,0.0967095211574947,0.1348128718907018,0.1704523034675092,0.1694922522255705,0.1184354791289932,0.0301263654991202,0.0774585906433066,0.0199471596094991,0.0210609709724986,0.0141897517511194,0.036724818758065,0.1105899148961212,2009-09-30,10,0.10001653810198836,0.01912225469937669,0.0002737476047084588,0.0,0.0002737476047084588
cars,1709,train,7060047060.0,False,1980,1989,1990,1999,10,10,0.0475827045921609,0.103056398673693,0.0124097756026662,0.0370742788082561,0.992846623655603,0.0079811797899379,1.24071899976185,0.0,57.68570714074594,0.1013118063230487,-0.0729824749931316,0.0813731469557306,0.1262461250606261,0.1516451220914553,0.1269447091457589,0.1016423192445222,0.0649005509849079,0.0437578544782236,0.0475143518730976,0.0228820461573449,0.0389706172905127,0.0925268306752568,0.101596326042563,0.0494840544109224,0.9880216016220792,0.0389299945594328,1.28264412200987,0.0,55.00514511325937,0.1125848283602889,-0.066624233948647,0.151332264464979,0.1249430384402179,0.1765686346221786,0.1009114335812646,0.1013464031619936,0.0472302219439081,0.0361069503737777,0.0328672612384361,0.0196087791759534,0.0344661681384999,0.0648487501825063,0.1097700946762844,1989-09-30,10,0.05063709434691898,0.008105983559765212,0.0010949904188338351,0.0,0.0010949904188338351
cars,1709,test,7060047060.0,False,2000,2009,2010,2019,10,8,0.0042429023844248,0.0867953040711633,0.0161603183465146,0.059101408016303,0.9927007047823136,0.0396493223417576,1.2817508734557266,0.0,54.924856333289696,0.0981334433626217,-0.1090784996245799,0.1024138366763846,0.1030787900791621,0.1286798203826808,0.1359128099424864,0.1112599241563583,0.0627453404888857,0.0593277569699417,0.0316973284429277,0.0381417410389449,0.0351405571664137,0.0886163407947433,0.1029857538610702,0.0752617263628176,0.9843788888059136,0.0035114028080149,1.3352232593416782,0.004118050789293,55.158392221832635,0.1066141101714572,0.0976230977942785,0.1159669500860513,0.0990961003156185,0.1647044990857887,0.1129116453874788,0.1063236929859396,0.0633814239991013,0.0555117195477916,0.0241962081947968,0.0172781287478559,0.0395283479707863,0.0659218921739198,0.1351793915048709,2009-09-30,10,0.02483369118692284,3.71927331398389e-05,0.0002737476047084588,0.0,0.0
raw,1709,train,7060047060.0,False,1980,1989,1990,1999,10,10,0.0476544961246384,0.1031215861809534,0.0107734458224829,0.0425709572897756,0.9929993354398312,0.0083368384661566,1.2904599990132497,-0.000274047684297,57.69573225541244,0.1013778590151776,-0.073184432165103,0.0814754015673846,0.1266144365974825,0.1521674070530946,0.1262065170823398,0.101564278717953,0.0641299684013897,0.0438039773454193,0.04785947535594,0.0225528858175376,0.0391078870502021,0.0932912406119197,0.1012265243993367,0.0533444031122585,0.9878204937492134,0.0370654793347016,1.3369893728696864,0.0,55.010754928806136,0.1125567921999955,-0.0665401902586959,0.1508223596046092,0.1251343826389181,0.176527723392454,0.1004464839363259,0.1012318824820857,0.0472266507957616,0.0360489799074787,0.0327086542974467,0.0196666113437531,0.0344624535408357,0.0650829818566246,0.1106408362037062,1989-09-30,10,0.05342698911698616,0.009055853759753894,0.0010949904188338351,0.0,0.0010949904188338351
raw,1709,test,7060047060.0,False,2000,2009,2010,2019,10,8,0.0045314071767863,0.0884378772993363,0.0232219782667713,0.0674699805051312,0.9926631027690714,0.0365367966964685,1.3453569813538075,-0.0002738225629791,54.936397864184,0.09817847991366,-0.1095847620839078,0.1026078424604575,0.1029880840247777,0.1289674495386916,0.1359767798792514,0.1109742833399521,0.0624979872547525,0.0595520434675715,0.0312653846820024,0.0381945815315405,0.0352490514459055,0.0889651467662308,0.1027613656088658,0.0906919587719025,0.984456198731796,0.0036059934340307,1.3983068378245551,0.0041293874741913,55.185901927047475,0.1067270221525896,0.098009664875166,0.1164232281987546,0.098595705084443,0.1651927782033312,0.1130790227520467,0.1050645677501081,0.0635650141328286,0.0553312915038452,0.0237078538597353,0.0173668515823239,0.0397146400568569,0.0663331338594879,0.135625913016238,2009-09-30,10,0.026746126041176526,4.326794170643645e-05,0.0002737476047084588,0.0,0.0
cars,1712,train,7060047060.0,False,1980,1989,1990,1999,10,10,0.1122096984362666,0.1515334945352508,0.0222847097146448,0.1132780354527162,0.9535438546795828,-0.0005418619397557,1.774957257094796,0.0,4.982819057594115,0.1165756952986401,0.0702718346256511,0.083664164824767,0.174952588996145,0.1482114542227761,0.1501850696296827,0.1067221604733785,0.0714068968931993,0.0372589439836291,0.0157075556529637,0.0174487060160703,0.0188094361257232,0.0768585964720379,0.0987744267096268,0.1355627451673611,0.9691050507661448,-0.0090598298180072,1.9347135991075104,0.0,5.574516042926647,0.1348752548558852,-0.2320909650776692,0.1469860789188623,0.152330536038996,0.2245740564234785,0.1117599152172102,0.1135879804586042,0.0462072178066892,0.019307460132674,0.0170910322193286,0.0103012477078751,0.0224091178145859,0.0389238467663051,0.0965215104953905,1989-09-30,10,0.03156725927058616,0.006397738789094193,0.0002737476047084588,0.0,0.0002737476047084588
cars,1712,test,7060047060.0,False,2000,2009,2010,2019,10,8,0.199235903533982,0.1112859344174627,0.0275684141774626,0.1147606502352691,0.9731772928680016,0.0053402871725741,2.1358892532728664,-0.000821692686935,4.21325656709101,0.1080996651762108,-0.0595277401565337,0.1064227484806655,0.131674922381117,0.1465819304370569,0.1670215985872355,0.0989296798804462,0.0658264977749894,0.028449504057553,0.0243714980995957,0.0445112125936279,0.0368287275931588,0.0705374136554002,0.0788442664591533,0.0871922360578064,0.98957640306819,-0.0013305063486983,1.936031383965905,0.0,5.142152589771486,0.1153252821790482,-0.0163220036246427,0.1085596740680852,0.1259741839173393,0.1686656496120832,0.1607589435744941,0.1046849298295029,0.0461828146550704,0.0517577873240975,0.0165982937740006,0.0136128187012089,0.0624028922854304,0.0295301540523897,0.1112718582062974,2009-09-30,10,0.04364928877407883,0.00038624779526571736,0.0010949904188338351,0.0,0.0008212428141253764
raw,1712,train,7060047060.0,False,1980,1989,1990,1999,10,10,0.1128951547908601,0.1509272215178241,0.0246889040454143,0.1369647215518674,0.9538354367104436,0.0018474315107755,1.886482828924977,0.0,4.979886911281489,0.1164827687236438,0.0718020156133713,0.0841129434850936,0.1753132136628245,0.1475331738344832,0.1497267733121631,0.1066359655848908,0.0712261101571397,0.0373801579816113,0.015648380091064,0.0174396492088355,0.0188207799974343,0.0774198092689063,0.0987430434155532,0.1616536255972818,0.9691173483200284,-0.0060985936024688,2.0607326164790876,0.0,5.5750558598028475,0.134837313302129,-0.2320910534425465,0.1464120713725234,0.1524927868737801,0.2247190387632597,0.1113062094378299,0.1132637141735621,0.0461386150090392,0.0194243113885862,0.0168830670020153,0.0103168922909234,0.0224005731994296,0.0392058409917748,0.0974368794972756,1989-09-30,10,0.03639243280962999,0.0069971168581230625,0.0002737476047084588,0.0,0.0002737476047084588
raw,1712,test,7060047060.0,False,2000,2009,2010,2019,10,8,0.2023482985936424,0.1105374006403452,0.0213803258478193,0.1404005136566017,0.9733690594260628,0.0075940492642874,2.3199953315164312,-0.0013702384214853,4.213825705672788,0.1083455371562119,-0.0606604879659797,0.1066427119746362,0.1319776928704983,0.14720305666206,0.1677163807820502,0.0977523128200959,0.0654806601089342,0.0286211527518087,0.024215852369726,0.0439497926997805,0.0368902040484513,0.0706931794163076,0.0788570034956507,0.1190201878087824,0.9896612715616302,0.0011630434311285,2.0704431245309514,0.0,5.158878713736455,0.1155017191140064,-0.0053273569850368,0.109530966793572,0.126854798844843,0.1687862206115741,0.1608927560944939,0.1046190290870617,0.0464044572626594,0.0516965555594099,0.0157779856732778,0.0136480429758301,0.0617892060680432,0.0299181167558473,0.1100818642733871,2009-09-30,10,0.04728916422860984,0.0007086199986484459,0.0010949904188338351,0.0,0.0008212428141253764
cars,1713,test,7060047060.0,False,2000,2009,2010,2019,10,8,0.2431919984525826,0.1420263840997639,0.0686409242059476,0.24864642535655,0.9460740417984684,0.0035493864206596,2.2861446829930157,0.0,6.98712314208691,0.1033564191380907,-0.1622354579163356,0.1138463341735303,0.1338260685716976,0.135513225080827,0.1531042398228488,0.0917478226907058,0.0524037919435964,0.034987059375295,0.0290464910483239,0.0507068896900045,0.0438834098062028,0.0792983667846938,0.0816363010122735,0.1800055011506023,0.9465115430146,-0.002222029650916,2.3001017822346506,0.0010369858278603,8.910772181566987,0.1211618580991887,0.2509380074293018,0.0913941216414795,0.1381818458283732,0.165855530672506,0.1893032220078906,0.1028373544607207,0.0358421466613232,0.075712590878386,0.026547855008533,0.0203842639563734,0.0208789004425121,0.0321116116363664,0.1009505568055354,2009-09-30,10,0.10943791491112936,0.0069895346337975044,0.0002737476047084588,0.0,0.0002737476047084588
raw,1713,test,7060047060.0,False,2000,2009,2010,2019,10,8,0.2458051428686669,0.1402178788148537,0.0782013557274151,0.2878411789883087,0.9461149661847222,0.0072974377433375,2.4951845147674554,0.0,6.988754381161008,0.1035554196571101,-0.1620961966595598,0.1141209056279625,0.1339269380934344,0.1359129168981415,0.1534944399606769,0.0915682842225291,0.0514761803806937,0.0356828140153652,0.0281713726374137,0.0507681112329927,0.0439338648057309,0.0794686942498884,0.0814754778751703,0.2096398232608936,0.9450300787147354,0.0,2.502292432618527,0.0013884068031933,8.9361735508504,0.1213027634757052,0.2521443287909503,0.0921596546700352,0.1383540474239852,0.1657337259618484,0.1898985811522465,0.1020192723155724,0.035579369694819,0.075161362644472,0.0261114379908018,0.0203987039716581,0.0210707149270564,0.0324013688654578,0.1011117603820468,2009-09-30,10,0.11992655417649616,0.008637075799360659,0.0002737476047084588,0.0,0.0002737476047084588
cars,1714,test,7060047060.0,False,2000,2009,2010,2019,10,10,0.1868002088721181,0.0964766610517278,0.0583394920970634,0.3481205054128808,0.9933782073843318,0.0468365798737652,1.8520844171173043,-0.0613194634546947,28.716870523532375,0.1054676287068782,-0.2361767477882778,0.1141711125386744,0.133992554880524,0.1407352586179605,0.1478921184760533,0.1104157367339355,0.0645920285175903,0.0394016556536218,0.0250383240694898,0.0417494131553517,0.033406339768872,0.0609586659840149,0.0876467916039112,0.2897810133158173,0.994183900034238,0.0466688124869104,1.5968535616284594,-0.0703723986856516,34.614926198370554,0.116069752818414,0.1951497610427379,0.1067338749555992,0.1658636083668541,0.1618547181261725,0.1426306774693218,0.0982877394113677,0.0385457517355902,0.0585395838165722,0.0229725306091252,0.0323178368174532,0.0222972570726425,0.0379614101211541,0.1119950114981468,2009-09-30,10,0.08626685315838607,0.0015266117200452135,0.0,0.0,0.0
raw,1714,test,7060047060.0,False,2000,2009,2010,2019,10,10,0.1868894085164729,0.0970007658305121,0.062423283878192,0.3715533410694491,0.9934045434443926,0.0525947403313417,1.9334183900078536,-0.0933479332055844,28.721503148097455,0.1055917993812196,-0.2360414765534954,0.1148025835503398,0.1335234712132239,0.1411334755583584,0.1480538283528983,0.1108195070149442,0.063337267486717,0.0397163254002817,0.0246438200599809,0.0417729182114797,0.0336044007618744,0.0609978106007996,0.0875945917891015,0.3091300571912571,0.9939854822060644,0.0574174863894989,1.65113058380609,-0.1035049288061336,34.62359857612267,0.116091012277145,0.1952268905924318,0.1065787123803382,0.1661522522032477,0.1618354160217571,0.1426393966685157,0.0974941022361734,0.0385372634644735,0.0585073719813666,0.0229632664639346,0.0323100214130398,0.0224062591704614,0.0381023484115853,0.1124735895851063,2009-09-30,10,0.08633584151434223,0.0004137790990201928,0.0,0.0,0.0
cars,1718,test,7060047060.0,False,2000,2009,2010,2019,10,10,0.2036269380046678,0.0861804907049378,0.033867750091752,0.4286073075539841,0.9907621611196612,0.0553203566169546,2.4462139390327886,-0.092526690391459,13.31336320008966,0.1081942500486981,-0.0053634972447619,0.1226757385395824,0.1394373296585855,0.154397824144267,0.1176102583248806,0.1034982985290583,0.0365040549591544,0.0279509728003802,0.0194736165711391,0.0530605251757395,0.0426049992725671,0.0640955273308737,0.1186908546937717,0.394739557462232,0.996313767318032,0.0849874160977264,2.420942779323224,-0.0887185104052574,16.32006317741321,0.1074459111126712,0.1385252342207187,0.0926267521980739,0.1448512758590091,0.137076332940806,0.1403920373148083,0.1111582026604275,0.0494105868627594,0.0637345079111836,0.0195682599795542,0.025143564433398,0.0326611559477151,0.0631463182380988,0.1202310056541658,2009-09-30,10,0.10426176388881588,0.014876093663070458,0.0,0.0,0.0
raw,1718,test,7060047060.0,False,2000,2009,2010,2019,10,10,0.203718338090287,0.08759058479875,0.0398605373403212,0.4887165938297443,0.9909932295221217,0.0565567064814406,2.6855703227669716,-0.1467287161237339,13.31407090062962,0.1083057548162335,-0.0053373031703077,0.1225397877194649,0.1394538412779376,0.1543880362118821,0.1176771029523811,0.1043389997935903,0.0352431201542238,0.0283838197316855,0.0191675966476151,0.052978062620346,0.0426828101092638,0.0645808570022625,0.1185659657793465,0.448856056489423,0.9962113245497314,0.0862004398729349,2.6297164950047898,-0.1314348302300109,16.32242250821468,0.1074996111455682,0.1387780669532627,0.0920373295613163,0.1458181144890577,0.1363206665408813,0.1403187717418202,0.1112899193378396,0.0489805758603492,0.0637619142738135,0.0194838449121362,0.0251287685129717,0.0333798544516915,0.0627123497976085,0.1207678905205139,2009-09-30,10,0.10329808515196155,0.016435661127750568,0.0,0.0,0.0
cars,1723,test,7060047060.0,False,2000,2009,2010,2019,10,8,0.2310225918904779,0.1027139526931432,0.0179999068401603,0.1701228990543999,0.9693660132063304,0.0011697682727395,1.8647518208309388,0.0,4.5878032356768506,0.1070058008936946,-0.0730328903388019,0.1085729683002912,0.1300913200280006,0.1416485871801665,0.1643931822603536,0.1060785838902885,0.0474423513449514,0.0379786693840192,0.0281724799538461,0.041065214511073,0.0388751755493924,0.0692088780319397,0.0864725895656773,0.1521229922142395,0.9887180401420098,0.028225351976431,1.5082833773917237,0.0,5.780116877534951,0.1137083061311578,-0.0335635480412354,0.1171549656047264,0.1403968820847309,0.173095320794295,0.1367689184399472,0.1028126483207845,0.0427307949943004,0.0661190935709571,0.0328273215092142,0.0172329056400446,0.0248710556396217,0.0399331098601569,0.1060569835412206,2009-09-30,10,0.054308209414613395,0.0013270186084786454,0.0005474952094169176,0.0,0.0005474952094169176
raw,1723,test,7060047060.0,False,2000,2009,2010,2019,10,8,0.2313332048183335,0.1061369400640712,0.0118988717878833,0.2058555663805134,0.969371126909184,0.004139033678926,2.02178686116793,0.0,4.590443440153384,0.107250181289236,-0.0721774393053019,0.1088017697681982,0.1301331663932828,0.1422224574424293,0.1648880061103686,0.1059317915364759,0.0460888073891975,0.0380608637059271,0.0279363442408218,0.0410862145637492,0.0390600457322976,0.0695726280211667,0.0862179050960849,0.19395669459263,0.9899341036976762,0.0304222473278819,1.6171047142239316,-0.0003502626970227,5.785239929947461,0.1147062380991479,-0.0421691559287987,0.1180685675122269,0.1415463956224125,0.1736808933417126,0.1378203847462532,0.1027930853685264,0.0429281957950845,0.0665692510561934,0.0327995151620828,0.016156158010663,0.0223365700260218,0.0384561593426353,0.1068448240161871,2009-09-30,10,0.06554866328263777,0.0019666402721308495,0.0005474952094169176,0.0,0.0005474952094169176
cars,1726,train,7060047060.0,False,1980,1989,1990,1999,10,10,0.1954159798843241,0.1211295172191759,0.0410527792582164,0.0835340356667093,0.98846101995549,0.0,2.0824655075315293,0.0,6.173882043545706,0.121162288145598,-0.0719025012339234,0.0820649776954946,0.160261149586074,0.1849801533877702,0.1604950346734609,0.1120490069406764,0.0634590315844383,0.0262420144408546,0.0248522628448473,0.029650852077555,0.0167031455361812,0.065948025997918,0.0732943452347289,0.1245868149249257,0.9833128108167184,-0.0235624030970454,1.8789268855939785,0.0,7.506308500801624,0.1260341091646601,-0.2007345097629127,0.1343437350270344,0.1473112382385926,0.2147205779060601,0.117765446219813,0.1081564642189695,0.0516675240450009,0.0292543149650087,0.020135898607096,0.0152546386927951,0.0380021752967092,0.0352946364635269,0.0880933503193932,1989-09-30,10,0.06375003848278395,0.002576639308870124,0.0002737476047084588,0.0,0.0
cars,1726,test,7060047060.0,False,2000,2009,2010,2019,10,8,0.1771902629024543,0.1044603531128161,0.0199979692301591,0.1100331933153662,0.9899735102738592,-0.0075225414846162,1.938747538202022,-0.0002737476047084,6.819503768096104,0.1056942848766535,-0.077001416170191,0.1052829414335904,0.1230205229873958,0.1341736100142626,0.1700492818970361,0.1117914967133561,0.072725653750295,0.0562194456717371,0.0363105186789258,0.0349663281625788,0.0303344733475775,0.04991504456181,0.0752106827814343,0.090035224085207,0.9885836444960264,-0.0242174252067295,1.5776737851203737,0.0006858710562414,8.14152061928855,0.1064760563417481,0.0823909559450307,0.1122542611556289,0.1174895730374437,0.1661231174137694,0.129235911769098,0.1087823223964454,0.0427752479495381,0.0651568552125763,0.0607004386520139,0.0241895546137059,0.0311778074515947,0.0355353651934244,0.1065795451547606,2009-09-30,10,0.05781197420352063,0.006177359184185062,0.0002737476047084588,0.0,0.0
raw,1726,train,7060047060.0,False,1980,1989,1990,1999,10,10,0.1953838564052707,0.1217632153478694,0.0491952857718679,0.095689072512299,0.988395231006254,0.0,2.1571926052857378,-0.0002738225629791,6.1760073932092,0.1211155473133578,-0.0714427296850765,0.0824253254709345,0.160820329917664,0.1851188167261581,0.159501008633248,0.11197019487533,0.0632116147092374,0.0263485623157735,0.0249084684004219,0.0295041684957321,0.0166777958675631,0.0665559170409074,0.0729577975470298,0.1448843582841669,0.9833766845263416,-0.0222410114274829,1.963429313372459,-0.0005477951246233,7.508651328403177,0.126091845808992,-0.2002201301751414,0.1341806544270708,0.1472490091407753,0.2151735425357606,0.117038043872774,0.1080349350330337,0.0516610694224859,0.0291843397587648,0.0200077434644364,0.0152345768522065,0.0379715741754074,0.0354831089389593,0.0887814023783247,1989-09-30,10,0.0742456606191771,0.0036287001438248616,0.0002737476047084588,0.0,0.0
raw,1726,test,7060047060.0,False,2000,2009,2010,2019,10,8,0.1777769741367478,0.1042716352765513,0.0195922661451829,0.1285563049602607,0.9897978617573742,-0.0108030922697871,2.0446032098846003,-0.0005476451259583,6.822120755750275,0.1058483408936222,-0.0774243889583614,0.1056286960324326,0.1229340800505411,0.1346502030854865,0.1700547695638484,0.1127506057243636,0.0710124291649181,0.0562475453437843,0.0361669372934551,0.0349414605257163,0.0304261975561507,0.0499647894178403,0.0752222862414625,0.1089640388150778,0.9889243017905884,-0.0257686895552675,1.6796681427569986,0.0010312822275696,8.149424888277759,0.10660768303582,0.0810344039393088,0.1130846385598454,0.1171553904412668,0.1664489713172369,0.1291801461672591,0.1086628041542895,0.0426146186578574,0.0652763776213764,0.0592956153239022,0.0241939855172447,0.031456243319129,0.0355795542327589,0.1070516546878333,2009-09-30,10,0.06326305696308214,0.005754274965295476,0.0002737476047084588,0.0,0.0
cars,1733,train,7060047060.0,False,1980,1989,1990,1999,9,10,0.2305649633329146,0.1656305932951671,0.0209676340345892,0.0991470751208203,0.9968968000072788,0.0282286428496147,1.6347901167499457,0.0,19.730550619590577,0.1216184759630069,-0.0013711068532968,0.0880876948776322,0.1626930155685902,0.1359310884314574,0.1649152277796844,0.1619905379477779,0.069590249982195,0.0317940501666755,0.0221694458572301,0.0203208334562421,0.0146736636304887,0.0510602451893802,0.0767739471126458,0.1201147091554095,0.9994523189167022,0.0174731689767683,1.5329891172344974,0.0,24.84690483128165,0.1324732791252457,-0.0658030823509209,0.1511293377162156,0.1567217049569418,0.2160386245518958,0.117022356438211,0.1103467167772252,0.0451602951619818,0.0235158998528736,0.0214562864482129,0.0134913019521577,0.0267095594340602,0.0311884510650041,0.0872194656452197,1989-09-30,9,0.06552911657983786,0.011235127235702963,0.03367095537914043,0.0,0.03367095537914043
raw,1733,train,7060047060.0,False,1980,1989,1990,1999,9,10,0.2305845672925981,0.1671639826409253,0.0292479353015073,0.1098345501080091,0.9968106593716596,0.0261269499182889,1.6918495768590638,0.0,19.73441222999696,0.1216157369704487,-0.001358131783499,0.0883239220526463,0.1633243540904218,0.1352975201740829,0.1649506044004215,0.1617933910414527,0.0692135770148688,0.0317950357911501,0.0221607398509316,0.0202678208722205,0.0146693512772046,0.051612920730603,0.0765907627039956,0.1390824854095164,0.99946510510656,0.0154110763800349,1.6074390634621925,0.0,24.85225499863051,0.132439050242658,-0.0660791418607908,0.1506249758708223,0.1565591748057649,0.2163859133411861,0.1164864395041138,0.1101334743173469,0.0450082521649747,0.023500791304774,0.021406254699438,0.0135009878098209,0.0266900362562281,0.0313590865449114,0.0883446133806182,1989-09-30,9,0.06632873667063437,0.010988349659628794,0.03367095537914043,0.0,0.03367095537914043
cars,1735,test,7060047060.0,False,2000,2009,2010,2019,8,8,0.284930885292727,0.094720768161722,0.009343588533751,0.0681806665333775,0.942601097826344,0.0517400810456862,1.4830194365705751,0.0,11.23492313087125,0.1080568561749231,0.2410891105839185,0.0252754277634191,0.049359986616128,0.0705407080170468,0.1097325603853995,0.106244562971756,0.147771059801082,0.1812340364057547,0.0999417921820145,0.0659440659176397,0.067764138904945,0.0471196972635094,0.029071963771305,0.0588370779996264,1.0297801869205243,0.0111890280963744,1.4059297362803018,0.0,14.9387416458595,0.1089106863610627,0.0437218111909744,0.0251532465592203,0.0411690372894123,0.0901192371640518,0.1124409594938789,0.1335928734557437,0.1665191603001711,0.1239778847510638,0.1262792211051753,0.0611269281940194,0.0515785726081703,0.0443716391363817,0.0236712399427111,2009-09-30,8,0.05326186440415176,0.005825770928250043,0.1242814125376403,0.0,0.12373391732822338
raw,1735,test,7060047060.0,False,2000,2009,2010,2019,8,8,0.2852966288601001,0.0952085383126556,0.0104301162304321,0.080221069136082,0.9428535081962256,0.0537525771021604,1.582084812238691,-0.0003424657534246,11.236670547945206,0.1081141578938633,0.2408919411282218,0.0252607671104253,0.0494229723266026,0.0708560383173024,0.110198695696618,0.1059941401498603,0.1479457944051701,0.1815373758826211,0.0990272553678364,0.0658843333340038,0.0676715650732353,0.0470635557905168,0.0291375065458074,0.0697909529056498,1.029858598397469,0.0117084026479009,1.4858560646512646,-0.0003453038674033,14.9465307320442,0.1090634497669609,0.044941789926803,0.0252858757366527,0.041532601259374,0.0898256037122012,0.1128140173144357,0.1343342831663318,0.1668169452929968,0.1243685103758325,0.12541450413725,0.0611781365310179,0.0519277591556624,0.0428180073661747,0.0236837559520697,2009-09-30,8,0.05553465735954728,0.005205267168513635,0.1242814125376403,0.0,0.12373391732822338
cars,1739,test,7060047060.0,False,2000,2009,2010,2019,10,10,0.2873119798677827,0.1384423993689105,0.0082993042765104,0.2778201615933636,0.9972347617283356,0.0455283222326987,2.2634570977094106,-0.0052012044894607,13.652307754496006,0.117839076290488,-0.2323933828543197,0.1363718168572459,0.1310136253850958,0.1441438441472705,0.1840746728662828,0.1098208811936685,0.0586120104826917,0.0291981939862757,0.0286593566051518,0.0405414231585022,0.0140568630754107,0.0420282489942684,0.0814790632481353,0.2695208573168531,0.9988946238164508,0.0021423720524354,1.7926229666865046,-0.0032858707557502,18.1963414286593,0.1198068303406512,0.0666749453834467,0.1207748397689351,0.1773137308014021,0.1553779310739368,0.136011913826035,0.0849068142999352,0.0332144554503472,0.0461042020675786,0.0309498060704212,0.0201499137167541,0.0260254915154227,0.0379487171217424,0.131222184287489,2009-09-30,10,0.11806597048870061,0.010495261850149951,0.0,0.0,0.0
raw,1739,test,7060047060.0,False,2000,2009,2010,2019,10,10,0.2872039452911503,0.1378447119882908,0.0082424188599535,0.304907812453379,0.9970849525952984,0.0482579105711743,2.441118375334128,-0.0150561182589652,13.655792225568025,0.1180215310396452,-0.2322381791765206,0.1367161362335224,0.1309091146730247,0.1445825104091725,0.1843418478031971,0.1098473078139191,0.0575630852393771,0.0292136398222545,0.0285663259383269,0.0405398386504342,0.0140637967113263,0.0421955597567177,0.081460836948727,0.2966653935934255,0.9989810242626034,0.0010440122920455,1.919428330786506,-0.0093099671412924,18.19901944140197,0.1197158460267879,0.0667181169041252,0.1212606103872903,0.1769255378710313,0.1551910550167906,0.1359533967405144,0.0844812947220911,0.0331797090941929,0.0460834500564894,0.0309089658083867,0.0201490400219105,0.0261316932704885,0.0383350125428775,0.1314002344679361,2009-09-30,10,0.124692027134486,0.011497994340044941,0.0,0.0,0.0
cars,1740,test,7060047060.0,False,2000,2009,2010,2019,10,10,0.1173685830231311,0.0863562255832466,0.0269665143682903,0.1319573906882313,0.9946158404181332,-0.0146318780821385,1.4543404653542356,-0.0183410895154667,26.479854317059235,0.1047665039619918,0.0272578610847292,0.1294267342478443,0.1238701984713066,0.1358664221503066,0.1234135179128847,0.1240215672736534,0.0564186088291767,0.0322216724233881,0.0313176473435326,0.0384038967004322,0.0416451861572561,0.0513714811564575,0.1120230673337605,0.1589239050565217,0.9985570233179016,-0.0089026973231615,1.64583696024176,-0.0169769989047097,29.77749218883439,0.1120731304470153,0.1719844321714641,0.097301095075513,0.1477132076934841,0.1431991489077894,0.1539382391960915,0.1275880329428564,0.0555238562164437,0.0524546277063633,0.0222948610769462,0.0164979819504177,0.0312893756131909,0.0522278285246592,0.0999717450962443,2009-09-30,10,0.06186898507119322,0.0032904191139982064,0.0,0.0,0.0
raw,1740,test,7060047060.0,False,2000,2009,2010,2019,10,10,0.1173941039684436,0.0854801736009557,0.0315927631408664,0.1442279783580996,0.994447105863691,-0.0034739997463726,1.4980934031567046,-0.0388721598686011,26.48244292362442,0.1047710665892771,0.0272573968674235,0.129256253367002,0.1238615145173528,0.1359296311930354,0.1234378960988817,0.1241778871123536,0.0557484154184079,0.0323814783248076,0.0314543265518413,0.038080629921963,0.0417346992822975,0.051861888797524,0.1120753794145326,0.1758207414989661,0.9984445499889996,-0.0037943447422715,1.6936938420638068,-0.0312157721796276,29.781163198247537,0.1120663490372301,0.172125302557433,0.0970183947143901,0.1482898968532856,0.1428949571614068,0.1542841700845032,0.1268081421388484,0.0554339666178279,0.052357950485252,0.0221912474206701,0.0165184594803672,0.031559217544614,0.0524953529216149,0.1001482445772194,2009-09-30,10,0.06304876116088723,0.003048530536992621,0.0,0.0,0.0
cars,1741,test,7060047060.0,False,2000,2009,2010,2019,10,10,0.258654306009127,0.0708965884697032,0.0414812404954003,0.2731331402455893,0.9884678273641654,0.052145602421723,2.0265076384947105,-0.1097727894880919,27.9601717553966,0.1161990314160915,0.0290818181834054,0.1452448624197398,0.144239905987633,0.1374869384106483,0.153326359600509,0.0970527007899062,0.0472287725272985,0.0175336825636125,0.0165593716090275,0.030737853716761,0.0323846244849849,0.0592471806443206,0.118957747245558,0.3146143807409897,0.9944967344811642,0.0239233176618862,2.0198925137096477,-0.0479189485213581,36.213622719236625,0.1113559859198129,0.1138577221376541,0.1168627638319965,0.1537140411864888,0.1318386050043065,0.1347419983494104,0.1106722624001213,0.0376522132928745,0.0497558035276482,0.0197062467161183,0.0226945245335807,0.0336925612242746,0.0585852738374055,0.1300837060957743,2009-09-30,10,0.06085097188488867,0.0014433482716887057,0.0002737476047084588,0.0,0.0
raw,1741,test,7060047060.0,False,2000,2009,2010,2019,10,10,0.2584341090542767,0.0718469604885187,0.0507253768413835,0.3026998448909845,0.9886643574531364,0.0521260876598862,2.152977379171879,-0.1500547645125958,27.970639375684556,0.1162200130957874,0.0285403312590331,0.1455024497356918,0.1442526941708307,0.1376470349252842,0.1536433892623773,0.096355448217563,0.0468798671349705,0.0179562016284581,0.0162023675761163,0.0306895212399757,0.0324782553682117,0.059943156440202,0.1184496143003183,0.3534252217323681,0.9943503841421106,0.0318339409134926,2.1402512411278063,-0.0736582694414019,36.219203997809416,0.1112970391516851,0.1139757187979216,0.1166723101915648,0.1540878180657506,0.1314421793071733,0.1348627685235301,0.1100997967582581,0.0376230339521811,0.0497626215413898,0.0197088007681836,0.0227147914374634,0.0338180187416536,0.0591433748380701,0.1300644858747809,2009-09-30,10,0.0659802166087571,0.0028075899727688695,0.0002737476047084588,0.0,0.0
cars,1742,train,7060047060.0,False,1980,1989,1990,1999,10,10,0.1991411768191154,0.1360045734698995,0.007966282499977,0.0479702933575077,0.9667178271336438,0.0696505731636315,1.536681591189586,0.0,7.121740867343498,0.1089640029778639,-0.0665587020816223,0.1020165988381675,0.1670828884940948,0.1361994113545747,0.1333523034007884,0.1248274085697821,0.0644940843245625,0.0401816295906802,0.0270152181010436,0.0383273019841114,0.0238328248424164,0.0695107464837555,0.0731595840160222,0.0559365758574848,0.9927395311254192,0.0265172319306926,1.581925639218791,0.0,8.691046659860787,0.1222952340035034,-0.2266207261971261,0.1278701734068039,0.1483607023800543,0.2037375566664915,0.1273936501448569,0.09818577672472,0.0474594189404673,0.0281844640089927,0.0307600342616195,0.0148010787053416,0.0386371680849998,0.0373866984734426,0.0972232782022095,1989-09-30,10,0.06476521454457734,0.003400133867536058,0.0,0.0,0.0
cars,1742,test,7060047060.0,False,2000,2009,2010,2019,10,8,0.2000407062091466,0.0934610726558843,6.939392853252957e-05,0.0714487556247962,0.9792432838865158,0.0670224057800339,1.6925856458323467,0.0,7.514899842892678,0.1054668413323991,-0.171625775882985,0.1223282412288527,0.1126224813126893,0.135600135256026,0.1623414015124981,0.1095842415852157,0.0858552716826603,0.0522219705124847,0.0374631595206436,0.0345783410086332,0.0276920672195771,0.045054998781779,0.0746576903789398,0.0713793616962637,0.9958599373739886,0.0040381622160101,1.3615734195979363,0.0,9.179093033882603,0.1094014158519635,-0.0448699855187572,0.1137271417760786,0.122334094955546,0.1665967423282096,0.1382458375163494,0.1027320623130648,0.0434480816945781,0.0486648267921295,0.0373492861476438,0.0267443181552598,0.0312775750969874,0.0492483194312615,0.1196317137928909,2009-09-30,10,0.04860118763619984,0.0012416320696042736,0.0005474952094169176,0.0,0.0005474952094169176
raw,1742,train,7060047060.0,False,1980,1989,1990,1999,10,10,0.1988434214405715,0.1366008875615538,0.0089176663438333,0.0585401606199848,0.9665333017164603,0.0724589946103376,1.6197724357598329,0.0,7.124029290993704,0.10900449960542,-0.0665385476020191,0.1021778715012354,0.1678058616406751,0.135649910992047,0.1332388362331669,0.1245169137397715,0.0645081810580117,0.0399701368874571,0.0270290449087554,0.0383383788529077,0.023823014063245,0.0699898351830241,0.0729520149397025,0.0674578269638181,0.9925721277603856,0.0243923455525156,1.6750440595875873,0.0,8.691251095290252,0.1222868965140564,-0.2264633870757287,0.1277047152042493,0.148614816381457,0.2038091521641675,0.1269659732916822,0.0979763392761079,0.0473580887277303,0.028281483982788,0.0305591770299153,0.0147989399897903,0.0385653019590239,0.0377716143839049,0.0975943976091831,1989-09-30,10,0.06395798915608493,0.0027237758680909055,0.0,0.0,0.0
raw,1742,test,7060047060.0,False,2000,2009,2010,2019,10,8,0.2004225000275867,0.0927882190360543,5.7310515262490314e-05,0.0847509511871817,0.9789387142335282,0.0622436821497644,1.799247646570646,0.0,7.51883538756505,0.1055327328693059,-0.1708761241808688,0.1226716011806813,0.1126301342437078,0.1357205066082921,0.1624909275593389,0.1098588597073184,0.0848845670808357,0.0523214082497027,0.0373505879582684,0.0345129776883166,0.027751468529614,0.0452336482234627,0.0745733129704609,0.0848082617024442,0.9944941352992276,0.0058993793539023,1.424095076094256,0.0,9.187407140405082,0.1094069108866068,-0.0480385266122811,0.1144556103506953,0.1222080537782933,0.1665992911011904,0.1384535176042282,0.1025642683120079,0.0434217241715467,0.0487723741025688,0.0368535313247057,0.0267816845226549,0.0314740728747916,0.0494539141604033,0.1189619576969132,2009-09-30,10,0.04939977862498003,0.0009599838682619094,0.0005474952094169176,0.0,0.0005474952094169176
cars,1744,test,7060047060.0,False,2000,2009,2010,2019,10,10,0.1388670870564795,0.1121127891939452,0.0281022000539285,0.1851406018086097,0.9808482486851527,0.0524828856908026,2.277433404454118,-0.0725431152477415,2.038759846979056,0.1092294354943088,-0.3205800800217264,0.1200797327503042,0.1182121990218075,0.1377674958835031,0.1734444050363161,0.1101849990945641,0.0780347318309984,0.0546474562347258,0.0334475773592158,0.0263429521965228,0.0267899435666221,0.0418151155831364,0.0792333914422833,0.2132428018625382,0.991622657957668,-0.0047243443780332,1.7605588082590995,-0.0197152245345016,2.342476708117053,0.1141869499117774,0.0548338732598462,0.1250165463427821,0.1691887731223405,0.1443237564019037,0.1364610210678485,0.0886101157146069,0.0376595587818336,0.0517292883801992,0.037977394833804,0.0224303724615781,0.0313434585692232,0.0354665143762519,0.1197931999476277,2009-09-30,10,0.04818090981011423,0.006455083913421229,0.0,0.0,0.0
raw,1744,test,7060047060.0,False,2000,2009,2010,2019,10,10,0.1387663625284249,0.1113526402195906,0.0254398230019253,0.2132878292882225,0.9807693133801966,0.0696352407806058,2.4900811020589635,-0.1073090610457158,2.039197372022995,0.1093436978041328,-0.3205701018923994,0.1202238418469234,0.1184158595540883,0.1384589837174199,0.1734752834805619,0.110077366821726,0.0770063797557532,0.0548004695276854,0.0332644309688519,0.0262629967185685,0.0267488214822877,0.0420786802534719,0.0791868858726615,0.2387276522901479,0.9916295559252376,0.0,1.9088825668943303,-0.0418948521358159,2.3427434282584887,0.1140855684328363,0.054887842768644,0.125163122265054,0.1692132928005064,0.1439936117434706,0.1363477139623542,0.0882395465291614,0.0376046422390502,0.0517035487106313,0.0379507273455973,0.0223719885423739,0.0315344193385017,0.0360810963546052,0.1197962901686934,2009-09-30,10,0.0655813686478401,0.01064572122591793,0.0,0.0,0.0
cars,1752,train,7060047060.0,False,1980,1989,1990,1999,10,10,0.1586881294566474,0.0466179631711135,0.0015181980869942,0.0361359700178845,0.9989971078781148,-0.0233224057236247,0.7637643052564413,0.0,859.5168199005344,0.092121801903429,-0.2478126245858781,0.1162379280145822,0.1234363857484322,0.1072092483717363,0.0890516746033233,0.0929085857516479,0.0673979512520841,0.0615508771999125,0.058034010632034,0.0464771373338205,0.0444011825509132,0.0765731031155856,0.1167219154259278,0.0346177719308902,0.998946710414258,-0.01287853395966,0.6424508243084088,0.0002738225629791,1007.3299782389043,0.093716480185678,-0.1041646781517544,0.1206541783498508,0.1172166799711314,0.1356880223583622,0.0891993046524695,0.0768685826182318,0.0674156173313562,0.0559407010071884,0.0546480194573089,0.0436357655312809,0.0579588252717138,0.0694210882090246,0.1113532152420809,1989-09-30,10,0.018418336595695296,0.0034440964057132315,0.011771147002463728,0.004927456884752259,0.00684369011771147
cars,1752,test,7060047060.0,False,2000,2009,2010,2019,10,10,0.1470401292772927,0.0554343156037085,0.008135524547084,0.0354598056418938,0.9991209771813871,-0.0072669418175925,0.7529394823524576,0.0,810.3259685402905,0.0922550395372563,-0.2037128717486283,0.1128581513183464,0.1230702605258675,0.1178779553924393,0.1027331690870601,0.0965621748241826,0.053045260813417,0.0505962484120459,0.0576801634963744,0.0598862954493189,0.0532041022924082,0.068855696679331,0.1036305217092083,0.0273242810948098,0.999603985035708,0.0017785177114993,0.8299975019858894,0.0,938.6819648777124,0.0995496716827113,0.1402090120155086,0.1253061723780398,0.135093716508312,0.1412035258483821,0.0994012889718991,0.0979860334409961,0.0465412422727475,0.0530223484765141,0.0426270702503747,0.0411218552028991,0.0491158756434827,0.0611630398727979,0.1074178311335544,2009-09-30,10,0.011597149531949577,0.0008872124019527342,0.002737476047084588,0.0024637284423761293,0.0002737476047084588
raw,1752,train,7060047060.0,False,1980,1989,1990,1999,10,10,0.1578297700996889,0.0476982996000597,0.0039976017030581,0.0427738517201332,0.999729587953871,-0.0239276711529361,0.7722827890273363,0.0002770083102493,861.187027700831,0.0921124460478727,-0.2460989750548032,0.1164796353671692,0.1237121717171689,0.1065441982857154,0.0889220530457868,0.0931803328715418,0.0670274039101933,0.0616493995498714,0.0583000333203043,0.0463083240864763,0.0443989235536801,0.07706453661008,0.116412987682012,0.038776250017075,0.9988759768941816,-0.0216021782052692,0.6496456520085858,0.00054914881933,1008.4214560680944,0.093769601309837,-0.1052636971193836,0.1209763762927998,0.1173555574918817,0.1358479593580077,0.0890340828445953,0.0766935283262593,0.0673284859541526,0.0559960418975112,0.0546478067637762,0.0435868294449596,0.0578836093130492,0.0693987049086962,0.1112510174043109,1989-09-30,10,0.02277631434138776,0.003922882766959751,0.011771147002463728,0.004927456884752259,0.00684369011771147
raw,1752,test,7060047060.0,False,2000,2009,2010,2019,10,10,0.1468287650951949,0.0554979131560961,0.0114482350067689,0.0417441309324456,0.9993298376399704,-0.0051242471039889,0.7621248808954028,0.0,811.2020977216579,0.0922592311753445,-0.2030664608896246,0.1134852007206872,0.1232135775108678,0.1177899422662945,0.1027935141385836,0.0956416077017669,0.0529706556054415,0.0506845657056184,0.0578337406945616,0.0599368421980591,0.0531377182259096,0.0690145571086434,0.1034980781235659,0.0302958959256767,0.9997099326045272,0.0026433257658152,0.8365671205164085,0.0,939.4982760416668,0.0995506986674044,0.1397858228634195,0.1252180694332904,0.1354962224260008,0.140775751595048,0.0996473285884993,0.0973289138438988,0.0464417576048913,0.0530597913611861,0.042604871286879,0.0411119747326198,0.049172030149394,0.0612111524528193,0.1079321365254727,2009-09-30,10,0.01531134959897511,0.000332268033888714,0.002737476047084588,0.0024637284423761293,0.0002737476047084588
cars,1753,train,7060047060.0,False,1980,1989,1990,1999,10,10,0.2427134152433457,0.071261684899666,0.013689557574132,0.0967095336551793,1.1346108398785844,0.1082512354568686,0.8384955972177011,0.0005474952094169,1385.6340702897958,0.0910949772407404,-0.3436766018556196,0.1220089593397007,0.1164757472527093,0.1155737838164393,0.0746614329840095,0.0843068349053684,0.0643245837031481,0.0644942028154568,0.0605494048035665,0.0528745684654924,0.0519126344320385,0.0796827101001052,0.1131351373819648,0.1103990912293114,1.0810260675677397,0.0808023735802521,0.8109421377643637,0.0002738225629791,1766.2722682882516,0.098959131336064,-0.1393915679156899,0.1410498717960094,0.1336969088879482,0.1374764355465335,0.0753525610495164,0.063882579205964,0.0573404454308617,0.0490869157617721,0.0501534321031746,0.0449048893375886,0.0594710994153353,0.0696023580541104,0.1179825034111854,1989-09-30,10,0.02682936676569863,0.003526150855910778,0.0,0.0,0.0
cars,1753,test,7060047060.0,False,2000,2009,2010,2019,10,10,0.2819829324106651,0.070331207885016,0.081779581668631,0.1156231835391903,1.1168129791606989,0.109888349269016,0.942205114142189,0.0,1259.561645258295,0.0912349791683956,-0.2018448796203376,0.1205606115537542,0.1177932278337265,0.0985304521810082,0.0711292075434309,0.0825338825095829,0.0542333528204476,0.0547153251184208,0.0640708719302307,0.0679207247399764,0.0598517749623932,0.0794280620309465,0.1292325067760815,0.0338436018705593,1.157246267693468,0.0554879938087016,0.8281629111336185,0.0,1669.871524870351,0.099033612141606,0.0501577946301535,0.138979605425648,0.1379721025707696,0.1238061959975294,0.0774970954167469,0.0637882829260952,0.049078469617679,0.0532735037590881,0.046989904316233,0.0459769204892969,0.0595939699814021,0.0737217351371878,0.1293222143623235,2009-09-30,10,0.03824390570723428,0.008689514002921858,0.0,0.0,0.0
raw,1753,train,7060047060.0,False,1980,1989,1990,1999,10,10,0.2424385792317998,0.0718905351789947,0.0176408628602057,0.0996679522008585,1.1345221075935212,0.1160515033564887,0.8451883263591516,0.0010949904188338,1385.8295269641392,0.0910657666312864,-0.3432195333213341,0.1219848922583614,0.1168369530450698,0.1150639200015907,0.0743756993449924,0.0843518117071775,0.0642988415957347,0.0645284609271118,0.0604676832704947,0.0530241291211992,0.0518333682150304,0.0804105719742436,0.1128236685389933,0.1173088150610643,1.0811581557472312,0.0924238813913475,0.8187901151265369,0.0005476451259583,1766.035980558598,0.0989971400324851,-0.1393018308821565,0.1413715925109951,0.1336790868458353,0.1373378261329537,0.0749333100477881,0.0638068992292087,0.0573660068125904,0.0489790074706484,0.0501534176638757,0.0449360128710517,0.0593761434984302,0.0699496193695918,0.1181110775470303,1989-09-30,10,0.028561045364806432,0.00438131476056154,0.0,0.0,0.0
raw,1753,test,7060047060.0,False,2000,2009,2010,2019,10,10,0.2819539163249921,0.0709842166629403,0.0926157348421968,0.1268801832506299,1.1168508617081907,0.1253247948693208,0.9537333650425814,-0.0016424856282507,1259.6980522857923,0.0912185702216275,-0.2019041569347568,0.1206493645272669,0.1181132875627079,0.0980544685058983,0.0709589204249633,0.0825747303078032,0.0542933491017297,0.05472293683821,0.0639566231961411,0.0680193590337371,0.0599512431879222,0.079751243991325,0.1289544733222947,0.0342644484084331,1.1572806703154352,0.0617085381688143,0.8317298243643263,0.0,1670.0039096385544,0.0990298332742195,0.0503033039548725,0.1387328564402863,0.1382060471653722,0.1230333121266289,0.077858732370913,0.0634150319667631,0.0490305066114911,0.0531985247082173,0.0470253514720884,0.0459945183494348,0.0596207029099966,0.0740006329759368,0.1298837829028713,2009-09-30,10,0.044425519276937164,0.010579411148433757,0.0,0.0,0.0
cars,1755,test,7060047060.0,False,2000,2009,2010,2019,10,10,0.2028029232980605,0.0722210625693879,0.0862991693401391,0.4465506210077354,0.9985126348310044,-0.0308496334570632,1.7992580867988677,-0.0125923898165891,36.63522728418573,0.1111226866688686,-0.0634709162044401,0.1414539229965163,0.1478546436523421,0.1340893291281261,0.1423034317733471,0.1001424909506268,0.0491508900622962,0.0330501745033716,0.0277318977909411,0.0375239719947101,0.0259570657398846,0.0510818354023733,0.1096603460054641,0.5328497903478746,0.9969519190140002,-0.0405217756370776,2.0478111653411477,-0.0038335158817086,44.87196422367335,0.1109692806023337,0.0431513705731811,0.1154466979148443,0.1695397637888773,0.1346054854380463,0.1232060436300837,0.113070938574269,0.0441733425550192,0.0646122990372889,0.0311302963539764,0.0198393034880433,0.0260718999583879,0.0466276020718644,0.1116763271892984,2009-09-30,10,0.06217665711828826,0.005393231805317686,0.0,0.0,0.0
raw,1755,test,7060047060.0,False,2000,2009,2010,2019,10,10,0.2028492496135985,0.0733655201548369,0.0886615293057631,0.4676057793716548,0.9984186389512548,-0.0279363808739775,1.9283864683497216,-0.0336709553791404,36.64039392280318,0.1110977777480564,-0.0633973540416635,0.1417092286445487,0.1476897351407583,0.1343564425503532,0.1424993376223433,0.0996923368506658,0.0485659563891731,0.0335626719388613,0.02756801499535,0.0371459178361524,0.0260312719356681,0.052165594092895,0.1090134920032303,0.5562673086774179,0.9966429192435676,-0.0368668961920962,2.205784145264777,-0.0180722891566265,44.88037157721797,0.1109467928309112,0.0433597808373974,0.1147809226837339,0.1701747075377462,0.134140774150134,0.1233001200337147,0.1125271949526133,0.0441484038403003,0.0645353437665251,0.0311319704798536,0.0197781534563494,0.0263902912840882,0.0469285828163963,0.1121635349985442,2009-09-30,10,0.06555077118823766,0.005920679386035334,0.0,0.0,0.0
cars,1761,train,7060042310.0,False,1980,1989,1990,1999,10,10,0.1652879864228802,0.0952896294872175,0.0171803988467429,0.2959421830738777,1.0098829027725855,-0.1173873003243036,1.333780669135654,0.0,203.71006858438767,0.0982637085397842,-0.0566708234417997,0.0898163745397896,0.1168367135734063,0.1450037354401467,0.1518381270082064,0.0854587601057964,0.0601439090503325,0.0528629121274817,0.0485594500964699,0.0494342264365978,0.0470438360501777,0.0726055923292031,0.0803963632423913,0.3131225819206207,0.9988984557777586,-0.1262531966166616,1.318495004305886,0.0,240.3234530274259,0.1017781176484854,-0.0665218865026282,0.1393892434521287,0.1152495530848922,0.1664119641442029,0.1140591757402189,0.0809092978220155,0.0639941254527018,0.0464488870986901,0.0366195539375763,0.0579188993934122,0.0590174785618163,0.0502871542717204,0.0696946670406243,1989-09-30,10,0.08491894832645025,0.00429129851328424,0.0,0.0,0.0
cars,1761,test,7060042310.0,False,2000,2009,2010,2019,10,10,0.1677503813184319,0.0966311261406062,0.0598606859104436,0.1990868414498117,0.9937053094046264,-0.0746819821925473,1.226429003771638,0.0139611278401313,181.6956549396565,0.0905028393888858,-0.1357655312014473,0.092151254202623,0.0889745637126775,0.1291258861529657,0.1212975922026982,0.0940516493611812,0.0826092257945453,0.0524415665560228,0.0498538101486375,0.0613886251135064,0.0583680133857752,0.0743440728571899,0.0953937405121767,0.2589475273602554,0.995677003498112,-0.0923523852249025,1.3704241134214117,0.0076670317634173,214.88079726733017,0.0938665066388685,0.2872375211331883,0.1074025039158832,0.1095207474585901,0.110211594832132,0.1074515886709545,0.1107747916535868,0.058053609109066,0.0431664792490927,0.0370233759472509,0.0441789320192736,0.0728378591157744,0.0818623783291949,0.1175161396992006,2009-09-30,10,0.07366975254738345,0.0009841929803927883,0.030659731727347386,0.030659731727347386,0.0
raw,1761,train,7060042310.0,False,1980,1989,1990,1999,10,10,0.1656454072223277,0.0972466240134335,0.011287777682919,0.3239834700246856,1.0099901044521036,-0.1919681852955978,1.3580647895012818,0.0,203.70562934574323,0.0982777215138533,-0.0563890274494401,0.0898041330752115,0.1173825887444782,0.1451139518103357,0.1514826945820263,0.0853454037039626,0.0598739319744094,0.0529415911161178,0.0484943461944511,0.049417856664028,0.0469558075692397,0.0730053491894601,0.0801823453762788,0.3352712477076046,0.99868967786581,-0.2182616449833906,1.3459798311675373,0.0,240.40412599287868,0.1019436906880647,-0.0659534115842487,0.1398633669282144,0.1149259516749268,0.1675053932967962,0.1130294110894233,0.0807454692401317,0.0639457048463259,0.0461893046924829,0.0365389118859138,0.0580503273438964,0.059047512691425,0.0504014351056255,0.0697572112048375,1989-09-30,10,0.08728285663883001,0.0029623772639201513,0.0,0.0,0.0
raw,1761,test,7060042310.0,False,2000,2009,2010,2019,9,10,0.0894601610729332,0.0969059234596187,0.0563174543599799,0.22092728935311,0.99358571768827,-0.1678182721143001,1.2020760732974474,0.0310848616723655,197.55774852346903,0.0906295835081469,-0.2861610118321668,0.0912710260642093,0.0894942029258536,0.1289008411617577,0.1225031131908268,0.0921958411338839,0.0834262636689019,0.0515123409920045,0.0500095401056378,0.0609350620193878,0.0577653235091966,0.0756622416446394,0.0963242035837002,0.27724474371309,0.9921122742631518,-0.1779658476631885,1.3941691349532686,0.0157241379310344,216.0459464827586,0.0939754195811963,0.2824296707378063,0.1070409957597832,0.1098808514494329,0.110652113954672,0.1075672184346952,0.1106985753359979,0.0579738634804523,0.043209733281818,0.0368132765362876,0.0441650319909728,0.072096578393728,0.0817440013360325,0.1181577600461274,2009-09-30,9,0.08483316174041418,0.0008974248816876773,0.030659731727347386,0.030659731727347386,0.0
cars,1768,train,7060047060.0,False,1980,1989,1990,1999,10,10,0.1945888581116332,0.092758651569593,0.0020265275615006,0.0114190066758078,0.9982570630643804,-0.0038239759951301,0.8304465968736515,0.0,460.6178670864622,0.0900295778182898,-0.2213151171439042,0.1159721063541533,0.1022456130046883,0.1085176340757941,0.091149153766522,0.0953188485042626,0.0876834708175502,0.069915289632555,0.0622160003579624,0.0488329049694271,0.0431034699492967,0.0657792641596324,0.1092662444081553,0.0093924791143071,0.9998978796680738,-0.0058176262650756,0.787439448861813,0.0,559.5638470067622,0.0981771927371453,-0.1353436356579915,0.1287279668731487,0.1170429760352019,0.1480847311701243,0.1145054457407094,0.0814286260592671,0.0735745896903369,0.0547553931380856,0.0526156623297932,0.0399434052973928,0.0453855089008631,0.0491402787005452,0.0947954160645313,1989-09-30,10,0.004452499225854393,0.0002968119075140135,0.009581166164796057,0.0010949904188338351,0.008486175745962223
cars,1768,test,7060047060.0,False,2000,2009,2010,2019,10,10,0.3313962876792499,0.0882642943760799,0.004804907485352,0.0156198566137,0.9998307679755668,0.0220144460457803,0.8503306855462381,0.0,426.6119156698088,0.0960755646607212,-0.1513607749658727,0.1088775243112752,0.1179767420834486,0.1280591374408393,0.1309449665077737,0.1106385054648595,0.0550754982398384,0.0532711950587859,0.0611703149976051,0.0514760581184287,0.0445846785536438,0.0495473547414479,0.0883780244820535,0.0108149491283479,0.9999876195469624,0.0026379325538201,0.8144084257891205,0.0,594.2327187491072,0.1016918382201606,0.1427229040711349,0.1268216267092078,0.1339808655666416,0.1460720671739803,0.1028825532330935,0.0926445913825598,0.048188290339945,0.0610371269935904,0.0455547029631671,0.0359017739646211,0.0417398474260515,0.048261322938079,0.1169152313090625,2009-09-30,10,0.006955168121426631,0.0008248817646396703,0.0002737476047084588,0.0002737476047084588,0.0
raw,1768,train,7060047060.0,False,1980,1989,1990,1999,10,10,0.1309490225940606,0.1216889610042943,0.1160881137804984,0.1271419262376264,0.9346598456953088,0.0015039765138554,3.9522245335007673,0.0,491.6965080154782,0.0961815917173162,-0.3370327008716321,0.1091074464431724,0.0954506246045838,0.1014216358386963,0.0853073039950624,0.0897336671528752,0.0804534608098772,0.0655501328467026,0.0584526818437485,0.0452330957436461,0.0405137324082226,0.061911686001017,0.1668645323123953,0.011053812457128,0.9998949716983544,0.0012531900585268,0.7972582064917045,0.0,560.489604286892,0.0981759990848229,-0.1365688505916752,0.1286523843414548,0.1171123544691501,0.147989392071913,0.114254271969958,0.0814129744954121,0.0735129535076963,0.0543590969005541,0.0526321888902072,0.0397637557949656,0.045481301441556,0.0493972423817207,0.0954320837354115,1989-09-30,10,0.19598696364933837,0.011104471872196866,0.009581166164796057,0.0010949904188338351,0.008486175745962223
raw,1768,test,7060047060.0,False,2000,2009,2010,2019,10,10,0.3312581419200989,0.0881567185987553,0.0069266720307528,0.0190452521635741,0.9998836190926652,0.0266162881611157,0.8645801112296795,0.0,426.7274208652793,0.0960637888469611,-0.151580158569183,0.1091940993154502,0.1179977869487305,0.128005320653591,0.1308545863520135,0.110392595698691,0.055007320445634,0.0533390659850086,0.0611212384262721,0.0514293408252053,0.0446033528251819,0.0496444757357114,0.0884108167885098,0.0121185801328213,0.9999831609063062,0.0051402336989945,0.8230414601601351,0.0,594.3115,0.1016738571130062,0.1429146632297963,0.1266278734701874,0.1342802334567747,0.1456797760270425,0.1028103360030496,0.0923057690549777,0.0481437871430781,0.0610761290883005,0.0454635321712603,0.0358209933902558,0.0417759632412886,0.0485758107060438,0.1174397962477403,2009-09-30,10,0.010089381259782723,6.352483626547576e-05,0.0002737476047084588,0.0002737476047084588,0.0
cars,1776,train,7060043090.0,False,1980,1989,1990,1999,10,10,0.2624545813555439,0.0775505209342769,0.0105288317677362,0.0527487415649162,1.0002222854280094,0.038376581146228,0.9961640925843692,0.0,15.798914734564008,0.0901846791852188,-0.3721701942013025,0.0735492033994052,0.0935729810428649,0.1157924013851142,0.1350529047135029,0.1038924405051526,0.081132532209228,0.0735608348620024,0.0581519185168786,0.0560469609410998,0.0525758622010967,0.0748274129877817,0.0818445472358725,0.04221990979718,1.002537484138153,0.012390189680036,1.0089140636863143,0.0,20.54044422016128,0.0876604279874116,-0.193389315260063,0.1038707236623704,0.0931670614140047,0.1196502874464896,0.1038593183064838,0.0897641558931851,0.0815332352151246,0.0637533368865798,0.0788718836588963,0.0483902147974955,0.0748263086631188,0.0672475039563898,0.0750659700998611,1989-09-30,10,0.03332433657389048,0.0011490954165435884,0.0005474952094169176,0.0,0.0
cars,1776,test,7060043090.0,False,2000,2009,2010,2019,10,10,0.4643794450785035,0.0631674682083416,0.0329117489808246,0.0378248716198796,1.001709963261468,0.008825608133221,1.0538902459924626,0.0,12.751718064961496,0.085875119978711,-0.0411499477162965,0.0916240407827615,0.0741655293874157,0.1056138711486329,0.1049464011850052,0.0847822539733604,0.093104802372324,0.0773168387510804,0.0685782178532089,0.0795491876216407,0.0542223681236176,0.0727518398052811,0.0933446489956711,0.0707366206007042,0.9995340973114488,0.0227577550707379,1.0758528412598416,0.0002738225629791,20.28832216673016,0.0865594730994202,0.1906901233216338,0.0990842268220483,0.0851247036011559,0.0871705003246297,0.1033812403124928,0.1081740353233246,0.0830849240207867,0.0762957875464705,0.0659072714081266,0.0552589397362304,0.0678865599677049,0.067595027180095,0.1010367837569342,2009-09-30,10,0.03151808618081141,0.0010312212072915983,0.0008212428141253764,0.0008212428141253764,0.0
raw,1776,train,7060043090.0,False,1980,1989,1990,1999,10,10,0.2619217188105958,0.0782194092757196,0.0017059922890804,0.0573832675680773,1.000075012972582,0.0376511219786328,1.062998817669908,0.0,15.802981922760887,0.0901811568523209,-0.372413863690597,0.0736131868368802,0.0940520726952658,0.1157364546771983,0.134822888530844,0.1039036955449452,0.0810486050958177,0.0735229736847802,0.0580896958606999,0.0561204840063,0.0522801941816867,0.075084172510633,0.0817255763749485,0.0556772752789969,1.0023921969155971,0.0151937296161111,1.1023227574233498,0.0,20.534786907696525,0.0876818929886722,-0.1939521332814706,0.1040215181813248,0.093334627318785,0.1197128835507661,0.1039985097470463,0.0895833988851406,0.0815021831936339,0.0637708700337311,0.0788770075409109,0.0483820555713843,0.0748739534613668,0.0673477278811018,0.074595264634808,1989-09-30,10,0.03383403241980032,0.0015116824037338292,0.0005474952094169176,0.0,0.0
raw,1776,test,7060043090.0,False,2000,2009,2010,2019,10,10,0.4646873079692002,0.0631901526644878,0.0388075920000596,0.0467363393351465,1.0018826471863769,0.0133349608934273,1.1236944660165264,0.0,12.748443835616438,0.0858467772445345,-0.0408919552265411,0.0915923125293616,0.0740674446002756,0.1050495553365417,0.1049535565125112,0.0848504098915537,0.0931940981461718,0.0773797801160582,0.0686451980601661,0.0795553021566747,0.0542038974619948,0.0730852564975967,0.0934231886910935,0.0855439313352062,0.9994797476639188,0.0265163636897582,1.1589259008174109,0.0005476451259583,20.28935815991238,0.0865633525000296,0.1906159384781946,0.09926834024106,0.0848826188511191,0.0871959056334141,0.1033715034357249,0.1082483849221104,0.0828211920157994,0.0763391521051615,0.0658083643522435,0.0553960568519509,0.0678208011753716,0.0677404197669381,0.101107260649106,2009-09-30,10,0.030528930434908935,0.0003699793333521361,0.0008212428141253764,0.0008212428141253764,0.0
cars,1777,test,7060047060.0,False,2000,2009,2010,2019,10,10,0.3027838895399721,0.1005432831434817,0.0004278595588302,0.2886660346592506,0.9894407430786788,0.121166032210085,2.1932050876156004,0.0,87.75213303463106,0.1233355316479619,-0.3305963991510061,0.1288283639097515,0.1606746366282617,0.1542348292534238,0.1576830382370027,0.1215909453744794,0.0305171275623474,0.0284599637987405,0.019528219150721,0.0275707587813598,0.01830769311087,0.0400822253531308,0.112522198839911,0.2890938942180809,1.0010166147853112,0.0556770611625739,1.6051813880487409,0.0005476451259583,118.78320913327222,0.1158404897694043,0.2086960620396206,0.1385196497857876,0.1624065766304789,0.1343484977080281,0.1298467015788688,0.0687703304345271,0.0328593991932343,0.0444774157835329,0.020619861213174,0.0282139025379699,0.0363763737030112,0.0553218827477494,0.1482394086836374,2009-09-30,10,0.10398017978220603,0.025947841395183465,0.051190802080481795,0.050917054475773334,0.0002737476047084588
raw,1777,test,7060047060.0,False,2000,2009,2010,2019,10,10,0.260559057947163,0.1035268129256466,0.0093876593386526,0.292893701696213,0.9670155365601965,0.1051386514580703,2.2402670086953496,0.0002885170225043,91.84063012117716,0.1243385087586117,-0.3402609573858626,0.1294675253826009,0.1620435754221675,0.1555507617714451,0.1576954646063542,0.1221306512978288,0.0302796066383893,0.0275011634218316,0.0185810033502678,0.0267007635068078,0.0173229753500839,0.0399996639855292,0.1127268452666933,0.3022813610348656,0.9972588501693934,0.0537014185720342,1.6708936799852785,0.0013743815283122,119.17748488180315,0.115836557085131,0.2054622094248969,0.138585333699566,0.1625566817490482,0.1339713575059063,0.1299449481579219,0.0679337590861533,0.0327861192793217,0.0443754007592217,0.020620957710202,0.0282562683580042,0.0363859055087799,0.0562582742270301,0.1483249939588441,2009-09-30,10,0.10557811761868723,0.02419455207688531,0.051190802080481795,0.050917054475773334,0.0002737476047084588
cars,182,test,7060013550.0,False,2000,2009,2010,2019,10,9,0.170191842127878,0.0614071999531991,0.0065949452585065,0.1878565862932835,0.9993560227734104,0.1416609720231876,1.2217035255678654,0.0,91.44361697974448,0.11004661573856,0.2824122056049349,0.0985813263553089,0.1168335768680444,0.1460891373936253,0.1485304243007392,0.15730114817562,0.0767786248452356,0.043428737267139,0.0417533061243608,0.0359069948762765,0.0241532947053372,0.032813385289955,0.0778300437983577,0.1812616410347769,0.9868752204400374,0.060812554399683,1.6298687930736628,0.0,108.4093583155646,0.108913448367346,0.3787419343676422,0.1115967189249288,0.1324234606902,0.1508160699857721,0.1435349107540942,0.1161425110663397,0.0834427391834655,0.0457555586017755,0.0351635100158523,0.0290717829186952,0.023301586166604,0.0318370525975039,0.0969140990947682,2009-09-30,10,0.048373913576288396,0.0008280519241611391,0.008486175745962223,0.0,0.0
raw,182,test,7060013550.0,False,2000,2009,2010,2019,10,9,0.1708863848063918,0.0615616606521295,0.0060483076987569,0.1887653073089953,0.9992565389036718,0.145612443877413,1.2901298358462163,0.0,91.45852954168969,0.1098588613525824,0.2824645125162998,0.0947303668518837,0.1183283776807122,0.1446763804087216,0.1489326718653468,0.1570194629222381,0.0762132284617511,0.0434294048730386,0.0417009584239635,0.0358555117421366,0.024072374394089,0.0330234460317931,0.082017816344325,0.1827169996102384,0.9866844466137314,0.0660280502060109,1.6735122447775446,0.0,108.5023710021322,0.1089456873902297,0.3778698414464523,0.1118994989529924,0.1325439115291388,0.1513243734054567,0.1434569436214512,0.1157009742511455,0.0832186511045444,0.045328087764408,0.03515653559961,0.0289927312199844,0.0233376838355079,0.0323978961997385,0.0966427125160217,2009-09-30,10,0.04816494327396185,0.0011397819109355129,0.008486175745962223,0.0,0.0
cars,1848,train,7060047060.0,False,1980,1989,1990,1999,10,10,0.0891007789381793,0.0946406403947517,0.0680459455369391,0.545399858814601,0.9002337452631628,-0.0859660511161712,1.7899555816989965,-0.0213523131672597,75.29716575270673,0.1019866374825253,-0.264107658429512,0.1044841712715795,0.1026469893985702,0.1344203966042829,0.1214512934226123,0.1020495792631383,0.0622931411890704,0.0438502821907556,0.0339650472501168,0.0246939530037825,0.0409967187844337,0.084591015601918,0.1445574120197393,0.4773539132776618,0.9561130061608042,-0.0784813229915318,1.580042533201372,-0.0109529025191675,82.31417047718541,0.1071152195539608,-0.1720790967564216,0.1269476491025039,0.1439025095564446,0.1459783493369134,0.117230265183622,0.0903633309443583,0.075254265869039,0.0390150569351423,0.0344171512927875,0.0306444139544656,0.0317371859096715,0.0420961807512302,0.1224136411638212,1989-09-30,10,0.15752774891256116,0.016521263288714887,0.0,0.0,0.0
cars,1848,test,7060047060.0,False,2000,2009,2010,2019,10,10,0.1186925383940957,0.1286704196534705,0.0165612630624406,0.4965865816445569,0.9028173293747714,-0.0971717234501592,1.5928769945415826,0.0437996167533534,71.53830099108534,0.1022820489386977,-0.2379781841379067,0.1184119731611469,0.1277166375969008,0.1096181384815287,0.1127527302657966,0.1181955121656625,0.0475012187023843,0.0429720480894963,0.031248138183119,0.0443762703635598,0.0503302702305195,0.0521377039542517,0.1447393588056335,0.4800253185821163,0.8672843324591842,-0.0082399690202183,1.846706006503946,0.0292990142387732,63.53179225740909,0.1148390641146894,0.2275276082572782,0.1135215890294958,0.1773894959297056,0.1360978202108597,0.1570642037070143,0.0952191419967426,0.0522687479843949,0.0464109249576026,0.0245164744811124,0.0283323022319832,0.0326243914862928,0.0404505900960832,0.0961043178887123,2009-09-30,10,0.12602750298303583,0.01850034108313423,0.0,0.0,0.0
raw,1848,train,7060047060.0,False,1980,1989,1990,1999,10,10,0.0890207171260997,0.0950875350936638,0.0593248980870008,0.5331258872105022,0.8999860367965035,0.0188026805090469,1.859383795520431,-0.1010128661374213,75.30841144264987,0.1019065026598035,-0.2640281584389224,0.1037479142208054,0.1034798242032934,0.1342182610937448,0.1210758524521558,0.1016617469877777,0.0623336335266385,0.0437507517903556,0.0339206027305683,0.0247031327081173,0.040954036233308,0.0859000663053148,0.14425417774792,0.4738009891235014,0.9559760863521936,-0.0137633836846413,1.6349959271765329,-0.0594194961664841,82.31987322015335,0.1072309100600347,-0.1720495371084566,0.1273716618830192,0.1434776291428046,0.1462578737870763,0.1182209048767258,0.0888081218265601,0.0752723451821326,0.0387274080778119,0.0343830560758637,0.030728337505935,0.0316336830438479,0.0422971157874428,0.1228218628107795,1989-09-30,10,0.17265758070993714,0.018727107247873697,0.0,0.0,0.0
raw,1848,test,7060047060.0,False,2000,2009,2010,2019,10,10,0.1188295862823349,0.1302711687351807,0.0027068736991273,0.5055296456992726,0.902544134111436,-0.0811316365567866,1.6384685323204355,0.0323022173555981,71.55038707911307,0.1020649540786974,-0.237698614721106,0.1181710174790285,0.1281553937107426,0.1092062393884639,0.1123253995189811,0.1181967163289704,0.0475954408304276,0.0426952972183522,0.0312472381483844,0.0448330038457906,0.0500438177443224,0.0536255724775593,0.1439048633089764,0.5028227720001452,0.8673270929187471,0.0445746862576567,1.9278148450932004,-0.0476451259583789,63.53381790799561,0.1149410641565969,0.2280088583935426,0.1132586317461835,0.1777917662783819,0.1364492721302278,0.1573536724538423,0.0939951286303213,0.0523071767675469,0.0463470517721493,0.0244676637981472,0.0284577122541568,0.0325281354955192,0.0406939361316674,0.0963498525418561,2009-09-30,10,0.12730172522800154,0.018439089026951176,0.0,0.0,0.0
cars,1851,train,7060043500.0,False,1980,1989,1990,1999,10,10,0.2819871578094031,0.0648846175279373,0.0004271268113548,0.1521930882867202,0.9901758087565,-0.2197958784680844,1.0112457566548705,0.1166164796058034,96.07990292562792,0.0891152963484483,-0.3748832071282852,0.1041383400827426,0.1038664172110715,0.118730675132603,0.1067487801216101,0.0902650621465253,0.0650545366955615,0.0695173857510607,0.0556663808544514,0.0494153758278909,0.0615119817370025,0.0796142806564652,0.0954707837830146,0.1517659614753653,1.0029763871447628,-0.2212763840420183,1.030445226136241,0.0914567360350493,127.37905488058956,0.0917018045034489,-0.060939498330252,0.1169191449249331,0.1119692213313354,0.1347945593347232,0.1011992270759021,0.0781386845751849,0.0660011331841583,0.0462415313550778,0.0747091832575962,0.0467458516752972,0.0694597072086238,0.0713512939074554,0.082470462169712,1989-09-30,10,0.05644205232616821,0.006296062333908817,0.015329865863673693,0.015329865863673693,0.0
cars,1851,test,7060043500.0,False,2000,2009,2010,2019,10,10,0.2434270525566011,0.1096809215718554,0.0263666891067676,0.1502936179035389,0.9716803831228912,-0.163499704855184,1.1602428578372803,0.1218176840952641,84.90372105337285,0.0866615557304159,-0.0114536523680251,0.09143307362618,0.0764579122150108,0.1168318389363162,0.0888642897884283,0.07363052297523,0.081999729348931,0.0820472977621402,0.0658434908168947,0.098515107493038,0.0569699527835715,0.0645547063114757,0.102852077942783,0.1239269287967713,0.97771949597797,-0.1978733532986289,1.0678765364210911,0.0966593647316538,108.30431254509143,0.0912468363847575,0.059006724941523,0.120217707204571,0.1091069755633469,0.1016082805068364,0.1041215710138504,0.0856908805004014,0.0633897787441762,0.0680623561763099,0.0653432079262797,0.0430544555057129,0.051068416709721,0.0690256987253495,0.1193106714234442,2009-09-30,10,0.061181144251337416,0.005517877915017154,0.04407336435806187,0.04407336435806187,0.0
raw,1851,train,7060043500.0,False,1980,1989,1990,1999,10,10,0.2758101074383762,0.0658338552190839,0.0005166873232309,0.2025159637308492,0.9805100086443832,-0.189013334027479,1.0876074182384492,0.2440922991381707,97.01855212677232,0.0893901971002801,-0.3592376155911468,0.1046809209071305,0.1050453359318406,0.1188908602962684,0.1071713720196451,0.0905463793109831,0.0649369767637596,0.0683081968576542,0.0539333204980568,0.0491408554449281,0.0613572923173924,0.0802143399472832,0.0957741497050574,0.2030326510540802,1.000670431472226,-0.2350063946674842,1.1046133712690267,0.203030303030303,127.83141515151516,0.0918917681439032,-0.0562974471686399,0.1172950202575798,0.1128900450469978,0.1347205707744767,0.101510135690357,0.0778680470119955,0.0657140680488666,0.0455235789987405,0.0745436767649451,0.0461129270083307,0.0695151810406663,0.0716502890966478,0.0826564602603958,1989-09-30,10,0.05942597912244006,0.008190983701316863,0.015329865863673693,0.015329865863673693,0.0
raw,1851,test,7060043500.0,False,2000,2009,2010,2019,9,10,0.1834398241077885,0.116884767825487,0.0515453378616407,0.2143008092070402,0.9323186574597347,-0.1662116836406743,1.2085975669749012,0.2447310474992135,91.28239163258888,0.0865426463253641,0.106947876072489,0.0911207229835942,0.0728691401915035,0.1124739431996687,0.0864004553371657,0.0740440974620331,0.083914845408003,0.0842693654182104,0.0639188719878131,0.1016783596953193,0.057931861341568,0.0666722336569478,0.1047061033181728,0.1627554713453995,0.966772450452815,-0.1820165904932864,1.1248084323589818,0.2078431372549019,109.66143221288516,0.0914828443338513,0.0667397010458586,0.1210591485078495,0.1092014039146763,0.0995759974883529,0.1051254309696521,0.0865319762535829,0.0633030214900323,0.0677164706334109,0.0643299025130603,0.0422102341770224,0.0505778834484636,0.0701141866716209,0.1202543439322752,2009-09-30,9,0.06578989908193768,0.008245336490910995,0.04407336435806187,0.04407336435806187,0.0
cars,1864,train,7060047060.0,False,1980,1989,1990,1999,10,10,0.1683511885163653,0.1112635082226165,0.1043103980722508,0.5072388098280598,0.7984121355646204,-0.0891660748240935,1.9238042886435165,-0.0150561182589652,34.303405258493115,0.0977347634964827,-0.3270155150443385,0.0983746537445539,0.0998555790287309,0.1270812753765574,0.1193532039051757,0.1015697189739734,0.0537469968433278,0.0451983593428904,0.0396092335508638,0.0421186999270282,0.0461458067008633,0.0887900955535712,0.1381563770524633,0.4029284117558089,0.8815860009902294,-0.118000619443283,1.6030080151167014,-0.0093099671412924,40.59300724520613,0.1038014107849109,0.0311113635973716,0.1287090221288171,0.1326716018107724,0.1479907886410821,0.121086434672117,0.0771383482791028,0.0717635451531245,0.0426408425950445,0.0470630582659131,0.0397622971595812,0.0297121398939427,0.0458159593833369,0.1156459620171652,1989-09-30,10,0.07492723124724854,0.004063452733395543,0.0,0.0,0.0
cars,1864,test,7060047060.0,False,2000,2009,2010,2019,10,10,0.0722419890115369,0.1190246103825921,0.0287769156936809,0.5031150877157544,0.8220005623622744,-0.1416320730469301,1.794645053659882,0.0490008212428141,31.78658550389396,0.0981963576400381,-0.3687835695944046,0.1117003657737728,0.1268257705203003,0.1039322274696632,0.1094798061209259,0.1101363769235048,0.0585656352280884,0.0451129694051147,0.0449344071988868,0.0497076312946166,0.0437837626563176,0.0550629443846894,0.140758103024119,0.5318920034094353,0.7907213965445072,-0.0981487033420283,1.9160975788358103,0.0555859802847754,29.571243101933423,0.1065597831261103,0.3045127307254314,0.1069486408481109,0.1646918498902244,0.1231303730306248,0.1534815212211289,0.0924229869089961,0.0549836841720778,0.0579126101465602,0.0363834375794707,0.031814277378343,0.0489427922663756,0.0394184834394909,0.0898693431185965,2009-09-30,10,0.14720517390435003,0.0032080918831698577,0.0,0.0,0.0
raw,1864,train,7060047060.0,False,1980,1989,1990,1999,10,10,0.1681757973780639,0.1117963565614027,0.1032664142575794,0.5171119998576393,0.7982128344154565,-0.0029729151682983,2.0735211593800136,-0.0955379140432521,34.30975800711744,0.0976511693434331,-0.3266916241576294,0.098035900141212,0.1013142243657575,0.1259238528206965,0.1192278242889577,0.1013169849993712,0.0536679461698147,0.0451337904378768,0.0397093129400487,0.0423723669319944,0.0459732624177089,0.089197803435642,0.1381267310509191,0.4138455856000599,0.8814968018972485,-0.0544866840003825,1.7109194508898151,-0.0654435925520262,40.593404435925514,0.1039367024108447,0.0313429533621405,0.1284073977211279,0.1330528035308181,0.1476211681774875,0.1218851594094786,0.0761106693524615,0.0717310899673304,0.0425150336654448,0.0469777984816473,0.0396874912498295,0.0295383087831194,0.045893871808485,0.1165792078527694,1989-09-30,10,0.08628295302537668,0.0012482582245939384,0.0,0.0,0.0
raw,1864,test,7060047060.0,False,2000,2009,2010,2019,10,10,0.0722556040438635,0.1196624811895845,0.0216404082550137,0.5237262413583994,0.8218140344597783,-0.1380609415143454,1.9311187267685368,0.0484533260333972,31.79030906104571,0.0979113577957691,-0.3687883312008553,0.1115027564927474,0.1276424018569052,0.1038866451725363,0.1085367872947282,0.1101787489036316,0.0583913894634581,0.0451807374940216,0.0450358223115114,0.0495074489753504,0.0437560410208907,0.0572856286686095,0.1390955923456091,0.5453666496134132,0.7906274096026344,-0.008622349853748,2.063627190167201,0.0016429353778751,29.574304490690032,0.1065382958951176,0.3048171016599729,0.1067986162908952,0.1649251851945126,0.1232017836892539,0.1533842487076567,0.0921555004307193,0.0547549769752167,0.0577671700737815,0.0364964479540645,0.0317945979718043,0.0493867063634619,0.0396357736319753,0.0896989927166577,2009-09-30,10,0.14916506534648744,0.004750572639732117,0.0,0.0,0.0
cars,1869,train,7060047060.0,False,1980,1989,1990,1999,10,10,0.0652709739558539,0.1015791224965421,0.078746004985984,0.7065411305347361,0.830080058739058,-0.0107499582781957,2.618865770447003,-0.0637831918970709,63.08551615890453,0.1109617261619656,-0.5319483322856272,0.106080250563639,0.1205498963850554,0.1466870721520884,0.137305235372698,0.0816538618267727,0.0612553317323357,0.0389225081455586,0.020974268827722,0.0195358232149337,0.0258348296561812,0.0867321525123539,0.1544687696106611,0.627795125548752,0.8894841545668335,0.0314038250358239,2.340120534459789,-0.0846111719605695,67.34052293271903,0.1186413005252658,-0.03494281017729,0.1304867198210003,0.1490085650300925,0.1635905615179257,0.1400721729253746,0.0973775440675423,0.0709289298029215,0.0328144618023301,0.0246205461919963,0.0168735134769282,0.0200767463098116,0.0309032671271932,0.1232469719268831,1989-09-30,10,0.18804871095383355,0.03567866963756426,0.0,0.0,0.0
cars,1869,test,7060047060.0,False,2000,2009,2010,2019,10,10,0.085212029132731,0.1167671361499725,0.0378251853696521,0.6560245547725599,0.8431531034336353,0.0487244586731712,2.278080064187224,-0.07281686285245,56.95804685313242,0.1075105126445018,-0.3350401559936331,0.1306117677193138,0.1278719617509417,0.1325926111010499,0.1228546809176849,0.1119759225104009,0.0522381532126932,0.0293036978355589,0.0227957493514666,0.0433642954123773,0.0364319764028691,0.0529677751517109,0.1369914086339322,0.6181993694029078,0.8694903321661945,0.0506903430099166,2.3243293570030694,-0.0219058050383351,52.305574248753906,0.1181300272565865,0.2489955164784639,0.1255331660469404,0.1733064452678435,0.1349322396821914,0.1684298924168567,0.0858286720092402,0.0512053562566883,0.0322194345115431,0.0240330302917339,0.0161138797789541,0.0556967713393751,0.0348054970484299,0.0978956153502029,2009-09-30,10,0.16297206308696785,0.03779692440571856,0.0,0.0,0.0
raw,1869,train,7060047060.0,False,1980,1989,1990,1999,10,10,0.0649886047304507,0.1021642620794575,0.0746430043940274,0.7289762588151554,0.8297176442509518,0.011219929150989,2.821258540344044,-0.2083219271831371,63.10200273747604,0.1108273614656275,-0.5318205885471287,0.1058278555472015,0.1224354611266097,0.1451837811071525,0.1370101973516163,0.0815435956164569,0.0612676586328733,0.0387507499838966,0.0209656419223576,0.0198650813328209,0.0257092857307459,0.087249429547186,0.1541912621010821,0.6543332544211279,0.8894981099506065,0.0420558014296289,2.4705817326229185,-0.1955093099671413,67.3391043263965,0.1189427613710068,-0.0347755529683448,0.1311597878825268,0.1490665984814747,0.163413603353243,0.1417411172155523,0.0952520231696331,0.0712003923156104,0.0320808869434911,0.0245649309656851,0.0169114112736265,0.0199055995747016,0.0309806618720947,0.1237229869523602,1989-09-30,10,0.20419276862711289,0.03550847508445647,0.0,0.0,0.0
raw,1869,test,7060047060.0,False,2000,2009,2010,2019,10,10,0.085241062257576,0.1177948078375393,0.0327611145334567,0.6825118324280082,0.84292868767561,0.0497112092032752,2.4015128395264544,-0.1637010676156583,56.96904270462633,0.1072513288294044,-0.3351384113113768,0.1304446698285807,0.129317326823608,0.1317776417276358,0.1219654968141456,0.1120874005401226,0.0522021043957132,0.0291759496910624,0.0229724614075583,0.0432396436554529,0.0362185699301112,0.0549347107238541,0.1356640244621548,0.6497507178945514,0.8693608695763457,0.0541344900754319,2.424313926147319,-0.1341730558598028,52.31415306681271,0.118150115898246,0.2494531300184423,0.1255166210945232,0.1734247935215427,0.1352384975035525,0.1681395896589799,0.0853644236377219,0.0509729672744889,0.0321875350674816,0.0241003244327791,0.0160991953956321,0.0561315140473248,0.0345857026338692,0.0982388357321037,2009-09-30,10,0.1643347908649745,0.03918078224095184,0.0,0.0,0.0
cars,1879,train,7060043160.0,False,1980,1989,1990,1999,9,10,0.1852269504326321,0.0567653490851715,0.2008166160890578,0.1079913856813287,1.673144781603894,0.2754002173036602,0.8660951806062743,0.0015243902439024,153.9384527303707,0.094381090939635,-0.3302211355307399,0.1287821729461238,0.1151743653397067,0.1388497740335985,0.1061825696614913,0.0736643229763297,0.0611673988452052,0.0636321116474562,0.0578075947182507,0.0476828423131962,0.0483671588381715,0.0689954569757799,0.08969423170469,0.3088080017703866,0.8431730982617094,0.2321006518895433,0.8276756385956394,0.0,185.2636258591679,0.0972777164643655,-0.1776602162767644,0.1324833149872671,0.1328168560376683,0.1384294760037387,0.0996245203979598,0.0709257042215791,0.0576119314247922,0.0421313985756926,0.0571128155947506,0.0354893055141002,0.0837888751842379,0.0663293183572108,0.0832564837010022,1989-09-30,9,0.09667070909440703,0.020204687262416646,0.09526416643854366,0.0,0.08869422392554065
cars,1879,test,7060043160.0,False,2000,2009,2010,2019,9,10,0.1957181971002936,0.1144130810458728,0.0092376773877372,0.5690889313730689,1.1134521442840235,0.5674484491085543,1.0123680547972618,0.0,122.70922308929022,0.0897691086296198,-0.208838332949999,0.1032151163993449,0.0763346037559717,0.1330619944270554,0.1130845928946359,0.073919381830202,0.080305874960199,0.0667128235141914,0.0682774226892058,0.073870031765972,0.0487569226226711,0.0620108914715105,0.1004503436690398,0.5783266087608062,0.9625930956797436,0.5192646245218502,0.9588947423297874,0.0,149.23701007238392,0.0927144156116062,0.2042820120892,0.1430149557503146,0.1009047765393769,0.0958723791491781,0.0944604761864419,0.0859707711434855,0.0718156739610211,0.0621590091619925,0.0535541887528963,0.0430379319938566,0.0492475016141296,0.0855804120771065,0.1143819236701998,2009-09-30,9,0.14334403812225982,0.0406724202696612,0.10457158499863126,0.0,0.0
raw,1879,train,7060043160.0,False,1980,1989,1990,1999,9,10,0.1816040574428676,0.0593042600330658,0.173954139364219,0.1024380267909273,1.6849727604958336,0.2555993043115928,0.8821641146106444,0.0068280571073867,154.214034761018,0.0943758972457845,-0.3319295128056065,0.1290496078289861,0.1122653944446119,0.1401337939108628,0.1074179312000407,0.0745478413779232,0.0609099037304195,0.0642266198264272,0.0579580279747757,0.0474599439596414,0.0488396458669239,0.0686310021369044,0.0885602877424827,0.2763921661551464,0.8451597427097488,0.1914082472839712,0.8391890964248194,0.0024704913532802,184.9241111721109,0.0973421478780635,-0.1759471057543457,0.1327687125053829,0.1332890749345633,0.1383498625546979,0.0999212715010393,0.0708375439902132,0.0579618064928792,0.0422654596163867,0.05746601661439,0.0354437490413918,0.0834011207336415,0.0654964728377564,0.0827989091776572,1989-09-30,9,0.0805679817117679,0.014214263235653338,0.09526416643854366,0.0,0.08869422392554065
raw,1879,test,7060043160.0,False,2000,2009,2010,2019,9,10,0.2011603972912068,0.1176251681622443,0.0189630472533736,0.5557630083151025,1.1158703825518097,0.5458016125545864,1.0255803736257592,0.0,122.44009263222256,0.0896913549870848,-0.2143411396393807,0.100174630288503,0.0768328175954118,0.1339068149357916,0.1130808277560119,0.0742590397460716,0.0805289856274037,0.067028273596439,0.0687618449450018,0.0740252778501779,0.0486402845144594,0.0623637547383931,0.1003974484063348,0.5747260555684761,0.9594369540736492,0.5030846992606638,0.9688639781186756,0.0,149.7223034425319,0.0928991515569059,0.199502293446391,0.1428505239564023,0.1010111988984708,0.0962955503907468,0.0941595767920799,0.0860452005004408,0.071950854669154,0.0617934642159857,0.0527226123976396,0.0431324983197609,0.0482925842776741,0.0862330793237527,0.115512856257892,2009-09-30,9,0.14990998585162152,0.04319852882656332,0.10457158499863126,0.0,0.0
cars,1883,test,7060043640.0,False,2000,2009,2010,2019,10,9,0.0325807130737528,0.0770898739657606,0.0333217281416282,0.2175020179583472,0.789273422808907,-0.0974117660963703,1.150895521079422,0.0,23.731133920513138,0.0877545443725185,0.0761342834726924,0.0869190121208489,0.1045563285060867,0.1183795164232532,0.091158215257108,0.1091734985227609,0.0822996137892845,0.0833400628316956,0.066890824227418,0.0605558917960572,0.057038089680413,0.0610357996520842,0.0786531471929894,0.2508237460999755,0.7982026396611046,-0.126856984836294,1.4536054831336098,0.0,24.517044428786633,0.088299845472264,0.2079034219491775,0.0859518614449818,0.0798302948901416,0.1357536798727942,0.0958827690834899,0.0968591215168019,0.0713493294455025,0.0622088885725008,0.065596817627723,0.0548490443307396,0.0776060914411631,0.0806240846434197,0.0934880171307415,2009-09-30,10,0.04537279732183618,0.003510159711134746,0.011223651793046812,0.0,0.011223651793046812
raw,1883,test,7060043640.0,False,2000,2009,2010,2019,9,9,0.0292529133444674,0.0765998742079702,0.0291487123172417,0.2303372273537916,0.7913088569960687,-0.0915397419540613,1.2262906914901688,0.0,23.81479293544458,0.0876250739104897,0.0919850430027349,0.0886202242283312,0.1097010425305513,0.1141429279797994,0.096498877733136,0.1023391534704092,0.0823024895988609,0.0825809657300079,0.0653399188674068,0.0599586639590076,0.05660482882905,0.061153775238218,0.0807571318352215,0.2594859396710334,0.797802117301325,-0.1247464766945032,1.5600055857185369,0.0,24.521734649799445,0.0883601128574197,0.2073978334952898,0.085386221483496,0.0797004670981703,0.1364391558788429,0.0949874238347981,0.0973468593408976,0.070620649210414,0.0624245689918213,0.0655426335510883,0.0549353530827364,0.0796590326545944,0.0793405171657753,0.0936171177073649,2009-09-30,9,0.04476169610841583,0.00019601903265240232,0.011223651793046812,0.0,0.011223651793046812
cars,191,test,7060013550.0,False,2000,2009,2010,2019,10,10,0.3667282219061986,0.1012606432255643,0.0851053897307446,0.3085108444008708,0.97446402738314,0.383776820943998,1.4092010191278883,0.0205956025605343,16.28431245872095,0.1123508113578961,0.5694904836628231,0.0861733123837733,0.0697284366168051,0.1309756604876015,0.1439695096439209,0.1816504681179259,0.1297237912836269,0.0408614014289334,0.0356520773380549,0.0299711829672683,0.0723542785114317,0.0303587337265331,0.0485811474941245,0.2234054546701261,0.9641237981508696,0.2591245160607209,1.544624116145089,-0.0024657534246575,23.498355510958906,0.1124380942456554,0.54530678628848,0.0824294095760411,0.1089886372302879,0.1171775635268588,0.1399400390439085,0.1535774195760179,0.16178785374122,0.0618438351560301,0.0256520705170887,0.0265573869541757,0.039696755855963,0.0248139349008915,0.0575350939215163,2009-09-30,10,0.29798232703034067,0.0045060157368368315,0.029017246099096634,0.0,0.029017246099096634
raw,191,test,7060013550.0,False,2000,2009,2010,2019,10,10,0.3640406922380179,0.1007911815524556,0.0833506083857305,0.3272170127162451,0.9717463892383268,0.3821464571383613,1.4222524763695967,0.0171976318015224,16.375920496193967,0.1124137503309897,0.570264627204315,0.0853930911025991,0.0701231583363733,0.1315910593007983,0.1435877593315634,0.1823277763995386,0.1288876256146339,0.0404653390465313,0.0353828217388227,0.0295975631738032,0.0724654857271338,0.030484688146193,0.0496936320820089,0.2438664043305145,0.9637870173854568,0.258368395998523,1.5603052904287982,-0.0041299559471365,23.567123898678418,0.1126251813981625,0.550891934223308,0.081604254994118,0.1092373183663673,0.1180274699011495,0.1403744090509867,0.1537356379917452,0.1617073147309083,0.0609271058341955,0.0256735862512122,0.026787017128435,0.0394372882387188,0.0243993998116309,0.0580891977005318,2009-09-30,10,0.3232126114073281,0.0015385459181189035,0.029017246099096634,0.0,0.029017246099096634
cars,1910,train,7060045890.0,False,1980,1989,1990,1999,10,10,0.2353271771639218,0.0785085857052702,0.056197979667389,0.1321292800279621,0.9953799930839182,-0.2247777868303705,0.9645202295055884,0.0177935943060498,228.56588303409544,0.0964091676677865,-0.4579026787891701,0.1001637209145932,0.1285828664970077,0.1485789157696039,0.123220172285917,0.073865966852354,0.0600841914581975,0.0639284440075833,0.0613635968144105,0.0492452526268115,0.0449301464848825,0.0563130603504888,0.0897236659381494,0.075931300360573,0.9999744752237426,-0.0492511462805721,1.0928964499959697,0.0065717415115005,289.20959698120544,0.1012125600244496,-0.0662122998218946,0.1132850649093095,0.1403035259206885,0.1732422257962664,0.082404143200017,0.0657856951174064,0.0499393904507941,0.0676570300230349,0.0471295298722606,0.0440118356919422,0.055382100931465,0.0676196747685897,0.0932397833182253,1989-09-30,10,0.04525787900311847,0.0012686328668414766,0.0016424856282507528,0.0016424856282507528,0.0
raw,1910,train,7060045890.0,False,1980,1989,1990,1999,10,10,0.2354278731153146,0.0786786114444036,0.0744001513739818,0.1610592500362181,0.9953726150449902,-0.2515721017721917,0.994903200108442,0.0682752947628187,228.74237482862625,0.0964234977622509,-0.457167955811827,0.0997071287043827,0.1291145533753948,0.1488057418420109,0.1226947769260777,0.0739120000345327,0.0601920870741871,0.0640140595138227,0.0613647345351927,0.0489803858196787,0.0448788683702308,0.0566677495220372,0.0896679142824518,0.0866590986622363,0.9999924247027177,-0.0510851055417045,1.123492191555279,0.0235810255004112,289.4620622429394,0.1012636629858044,-0.065224055764122,0.1138198789310626,0.1403341573419709,0.1732699566236128,0.0819922119824586,0.065419228181482,0.0499557237277656,0.0676845631926671,0.0470979667463508,0.0440002423072081,0.0552105711410305,0.0680437887724415,0.0931717110519488,1989-09-30,10,0.052745672748089424,0.0018078764423562247,0.0016424856282507528,0.0016424856282507528,0.0
cars,198,test,7060013550.0,False,2000,2009,2010,2019,10,10,0.1666277472610318,0.064781412049389,0.0571246428295657,0.3601316197490651,1.0146767485806134,-0.3348751066620448,1.0712453342579211,0.0388828039430449,38.06135405837447,0.1035185661122849,0.3904793496656046,0.0774054601942831,0.0752558293053494,0.1132746910955521,0.1319681271952931,0.1719227716965636,0.1276692478330532,0.0621166725318975,0.0513094782467409,0.046885061101759,0.0444421588991719,0.0362684239456893,0.0614820779546464,0.3030069769194994,0.8803355654819364,-0.1828257068966945,1.2623081834130998,0.0,44.96242699963888,0.1023221174541172,0.394142508349101,0.0842528206890357,0.101568880184165,0.1198523946825281,0.1223411125685298,0.1416029843394664,0.1437052431614345,0.0707586089644626,0.0455490403593926,0.0411594522635214,0.0349601518990223,0.0324018676058962,0.0618474432825449,2009-09-30,10,0.07624853397037563,0.009556807611840442,0.005201204489460717,0.0005474952094169176,0.0046537092800438
raw,198,test,7060013550.0,False,2000,2009,2010,2019,10,10,0.174489262953215,0.0700930692269128,0.0540625618764696,0.3630123820142805,1.0202278573371562,-0.3375220832944277,1.0815838026735385,0.0784259768849752,37.83752421574023,0.103263484469506,0.3817840526135371,0.0763015108417349,0.0770401715360864,0.114094019425801,0.1335701689441887,0.1735814741247705,0.1200713769340935,0.0623465349262975,0.0516443002178819,0.0471554566983358,0.0441458836362463,0.0364480075037401,0.0636010952108231,0.3089498201378108,0.8783123456774691,-0.2049020554546841,1.287266517678686,0.0,45.050792582417586,0.102409295836876,0.3936960697389075,0.0844592231777947,0.101749578932229,0.1203231627110023,0.1226586523507944,0.1417238302176447,0.1434557825253223,0.0699589355445777,0.0455730477842515,0.0410751210393567,0.03483697903011,0.0324720232599486,0.0617136634269676,2009-09-30,10,0.07852545684527194,0.008672801267064703,0.005201204489460717,0.0005474952094169176,0.0046537092800438
cars,204,test,7060013550.0,False,2000,2009,2010,2019,10,9,0.03116346983458,0.0513546785375283,0.061777619374842,0.3639947327359355,0.4747997739948101,0.0675385150841319,0.7500946029131652,0.0,40.370174903464296,0.1091513891005542,0.177199799145401,0.047322014035384,0.0350982825886914,0.0784860778362628,0.1292962527746643,0.1632089365460142,0.129339504365841,0.127795289256462,0.1150106118762949,0.0827812732963353,0.0419249424169419,0.0209770899447581,0.0287597250623497,0.3022171133610934,0.5330053811332831,0.0296870799008837,0.8319812066711363,0.0,39.1315011068306,0.113580093357068,-0.0635536204389265,0.0267939588615929,0.0397351743372436,0.0568778106351169,0.1360316899732393,0.1767374844312572,0.131258841889541,0.1281188656660593,0.1171902106723564,0.0775961002073066,0.0610567742951366,0.0238765470423628,0.024726541988787,2009-09-30,10,0.10999904838000597,0.01071495744338204,0.02217355598138516,0.02217355598138516,0.0
raw,204,test,7060013550.0,False,2000,2009,2010,2019,10,9,0.0438260263727704,0.0509782065802188,0.071196320778363,0.3778348677466956,0.4725208780338178,0.1131558746872738,0.7563680271967769,-0.0025195968645016,41.040732642777165,0.109971865368983,0.1811509786695582,0.0469853997575415,0.0357023694613285,0.0788290744145515,0.1305888599175741,0.164014471543126,0.129905471714841,0.1285722702346002,0.1153939551914723,0.0825675147782366,0.0402628770667209,0.0186914241789544,0.0284863117410524,0.3066385469683326,0.5326143158995614,0.0691938903136868,0.8422087172225778,-0.000611620795107,39.28092477064221,0.1138018188178875,-0.0682752655285497,0.0268433626817209,0.0395540009833036,0.0571557699208984,0.1372356234816497,0.1766832473036068,0.1312140875872675,0.1283398489344658,0.117003106238024,0.0774624491111714,0.0605997694455644,0.0232478006148201,0.0246609336975069,2009-09-30,10,0.1120835334650327,0.012200608405016395,0.02217355598138516,0.02217355598138516,0.0
cars,292,train,7060022240.0,False,1980,1989,1990,1999,10,10,0.0227765266223613,0.068681155839098,0.0085040309982244,0.3606498919615112,0.9579478982806756,-0.1448733383301926,1.15411726542404,0.5130602144624691,5.525519380053255,0.1531317379974424,-0.0193518706543176,0.022373552574364,0.0163133725165003,0.0346809778893258,0.0881140805606419,0.2307685173876323,0.2475826290159942,0.1326370846890583,0.061581691095596,0.0581490539355036,0.0444888973194256,0.0386316507546114,0.0246784922613462,0.3691539229597357,0.9856475436662944,-0.1445887105955801,1.2471912987911724,0.4589041095890411,5.652815700248164,0.1574916010878509,0.1140483873800745,0.0199347819524488,0.0196280753835991,0.0247685596283599,0.0715403784403095,0.213447403842207,0.2678449036726705,0.1461844765385348,0.0706267376609009,0.0357139026450443,0.0491814024414547,0.0534765415310414,0.0276528362634286,1989-09-30,10,0.0515974021302404,0.0032709274230650126,0.042704626334519574,0.042704626334519574,0.0
cars,292,test,7060022240.0,False,2000,2009,2010,2019,10,10,0.0879488453169361,0.0320920602597107,0.0279739892940323,0.4192605790690127,1.009333085489066,-0.1494290383946415,1.301745432302842,0.4401861483712017,5.253329663587998,0.1589407815471947,0.0081971148426168,0.0242272488008073,0.0153819446712259,0.0283191571914779,0.0803025174815607,0.2274112699203442,0.2694519487230217,0.1219714092737272,0.0596836808263255,0.0439541342087921,0.0471874309156336,0.0580510888350145,0.0240581691520687,0.4472345683630451,1.0053751111633733,-0.1465823631713038,1.2485591930132585,0.472617743702081,5.73628014863803,0.1633889225674527,-0.163809251070763,0.0156692273453466,0.0175415377054305,0.028872082267694,0.0691482888662982,0.2190561710999702,0.2821839634493431,0.1343923384112127,0.0579162525777468,0.0418074555102358,0.0470768264941551,0.0589886442984746,0.0273472119740918,2009-09-30,10,0.08787042368943015,0.019506988156693775,0.006296194908294552,0.006296194908294552,0.0
raw,292,train,7060022240.0,False,1980,1989,1990,1999,10,9,0.0140039522980059,0.0719282431708569,0.0056078116682644,0.3655856199552733,0.94004880035279,-0.1433428720283776,1.1472904795114751,0.5181584215041464,5.675901344009151,0.155560672051914,-0.0207315673023473,0.02201693850159,0.0161755269016844,0.032509301524987,0.088071734130527,0.2349365525383694,0.2501262681796579,0.1313587584672733,0.0615605804875067,0.0565193753703971,0.0440678843932126,0.038337765126021,0.0243193143787728,0.3711934316235377,0.9683204009452678,-0.135512053148847,1.2642107625405337,0.4573977237772993,5.755945555213781,0.1565739720809326,0.1383517676004206,0.0192381285337526,0.0198508179978826,0.0253846890906913,0.0724894200847462,0.2089023111138234,0.2682011923637035,0.1474457369024333,0.0722204031844033,0.0361111100720002,0.0460824774607497,0.056542446661147,0.0275312665346663,1989-09-30,10,0.0534646319469323,0.0007802758585006432,0.042704626334519574,0.042704626334519574,0.0
raw,292,test,7060022240.0,False,2000,2009,2010,2019,10,10,0.0867411287569032,0.0318026665366703,0.0269372561109448,0.4220013913678346,1.002258713704002,-0.1488751101066114,1.3181850109091136,0.4484848484848485,5.272876033057852,0.1595809221309916,0.0017319329252691,0.0242960752413463,0.0153780927810814,0.0285262066796443,0.0813318746493045,0.2296272205486365,0.2692778782625777,0.1209825323632457,0.0591675574461326,0.0424599305975693,0.0473234819916261,0.0577658728541619,0.0238632765846731,0.4489386474787795,1.0054416178797174,-0.1464176178758978,1.25493555738283,0.4750137287204832,5.750674080175728,0.1635768804982153,-0.1586828562801671,0.0156113303337406,0.0175230036542763,0.0290955075104009,0.0697547812722095,0.2202677574507775,0.2821287096921283,0.133114447581653,0.0576061684624513,0.0419417917962486,0.0472216446225175,0.0586341977912003,0.0271006598323955,2009-09-30,10,0.09221671581435775,0.02099897570750015,0.006296194908294552,0.006296194908294552,0.0
cars,297,train,7060014930.0,False,1980,1989,1990,1999,10,10,0.1488661524938492,0.042130991812126,0.0403666430271425,0.3383726667352069,1.0067219379726478,0.0374610584131227,1.0913246450773717,0.0,292.9097254094014,0.1525626005367276,-0.1268245305247382,0.0260288674430367,0.023135545142319,0.0313590013953268,0.0660332987768195,0.2226575311980964,0.2533720241838381,0.1412129410456296,0.0730051268119287,0.0528611517438041,0.0438872696978317,0.0373131020803669,0.029134140481002,0.3787393097623495,0.9998572492226532,0.0725420660345389,1.0884348879357364,0.0,339.9269051457576,0.1535986543973014,0.1003789570256709,0.0268661735949667,0.0242479152950495,0.0302010815919574,0.0680008176765638,0.196910892192564,0.2657017484895224,0.1614087384328168,0.0737902215058573,0.0425794365354253,0.0389425519029863,0.0377508747417983,0.0335995480404919,1989-09-30,10,0.0907514413825954,0.026078510088582595,0.003011223651793047,0.0,0.002737476047084588
raw,297,train,7060014930.0,False,1980,1989,1990,1999,10,10,0.1487315991706841,0.0416896551011661,0.0386309934571236,0.3382001350506419,1.0037409329311346,0.0482464424019763,1.093672088442882,-0.000274574409665,293.45168876990664,0.1527925389488084,-0.1279368752550894,0.0260183089289043,0.0232151135555772,0.0314365819657269,0.0670872355788154,0.2243165168238588,0.2527644458207716,0.1404723868386036,0.0727797319718283,0.052863273419538,0.0426520179593498,0.0372416906457113,0.0291526964913144,0.3768311285077655,0.9980755178446236,0.0748436073995247,1.0914896123883688,0.0,340.51004334889683,0.1538601495196661,0.1005348244112845,0.0268439205604525,0.0242559389598771,0.0303199192636365,0.0684352794781244,0.1987781052190144,0.2653629336089276,0.1606540248946416,0.0735219919170301,0.0425057764429914,0.0379749341416648,0.0378008927557006,0.0335462827579384,1989-09-30,10,0.08570845741451494,0.02446328796117118,0.003011223651793047,0.0,0.002737476047084588
cars,300,train,7060047060.0,False,1980,1989,1990,1999,10,10,0.2596618086864571,0.0785536441062368,0.0222606207094799,0.3647289347550898,0.9248164312977716,0.1861133652825207,1.412669512283669,0.0,19.58107626751007,0.1518862130693652,0.0908941131554197,0.0315193462059159,0.0476469644489298,0.0800162736820101,0.1114623752035958,0.2592561386771561,0.2274786990151133,0.0683006488474946,0.0285820928750331,0.0352067047489678,0.0408583832935164,0.0378184327108091,0.0318539402914574,0.3869895554645698,0.9913697911437592,0.379102707095872,1.3534960386188533,0.0,25.386699927291183,0.1550188509681068,0.1190432551128947,0.0276764312736828,0.0424876208536767,0.0795900722030076,0.0984087156515742,0.2295217212486293,0.2606365695384968,0.1017080192990326,0.0295356565426084,0.0193087425427674,0.0304192383805171,0.0451133597805691,0.0355938526854375,1989-09-30,10,0.14556801605779926,0.0015231011694450184,0.04434711196277032,0.04434711196277032,0.0
raw,300,train,7060047060.0,False,1980,1989,1990,1999,9,10,0.1960763688784121,0.081603040617506,0.0420664797757782,0.3457817146329376,0.9090863343504252,0.1598022877402195,1.434445398065555,0.0,20.957146780303027,0.1521278002264621,-0.0204346814016645,0.029649036850556,0.0474662845015278,0.0816241012259248,0.1131879853249719,0.2633019421651996,0.2222397644327143,0.0677472085932451,0.0282200897541626,0.0345725338597924,0.0414381102153186,0.0381007774688611,0.0324521656077251,0.3878481944087159,0.9886586436901348,0.3842744679251088,1.3635254995869417,0.0,25.49688001105889,0.1551053750185475,0.1105418688457867,0.0277068383143909,0.0426512744244974,0.0797379351601997,0.098947851122422,0.230856784344206,0.2597806504647497,0.1006564416176731,0.0292511842184662,0.0192166930711868,0.0305195770888825,0.0451660481154134,0.0355087220579119,1989-09-30,9,0.13694995474193744,0.0031142344454672473,0.04434711196277032,0.04434711196277032,0.0
cars,307,train,7060047060.0,False,1980,1989,1990,1999,10,10,0.0301328180804064,0.031934527368011,0.0664756954087518,0.2151998495616245,0.967676263839532,0.1048331844872145,0.6649491992540103,0.0,277.9940354054043,0.0912077779630774,-0.3188339634677505,0.0664639805212596,0.072392870821928,0.0943471019407612,0.0763055466830237,0.1208749475188664,0.1471461261932254,0.0958313626499624,0.0645800368207535,0.0697839385473983,0.0659571472937304,0.065458758046396,0.0608581829626945,0.1487241541528727,0.8690073529150101,-0.0568310599269068,0.6325058454492742,0.0,286.4982638180786,0.0938871056585056,0.2704382709154726,0.0622021287385238,0.0701634457460622,0.0944883390280947,0.0790274876248926,0.1170044684889856,0.1577222710870108,0.1100118078538519,0.0688947960618873,0.0641856736528203,0.0627705170790223,0.0577360509538053,0.0557930136850427,1989-09-30,10,0.13503942677723477,0.027652336024661866,0.0,0.0,0.0
cars,307,test,7060047060.0,False,2000,2009,2010,2019,10,10,0.4384906717888621,0.0636912196527967,0.0167122727062245,0.1519989650409947,0.9506526235647658,0.0180986705424096,0.5525309739589966,0.0,195.5944770476321,0.0917983118165308,0.2466571981128643,0.0649722369927856,0.0658771432283467,0.0945174958837067,0.08100065352541,0.1148911989299433,0.1549188627935353,0.0921130840204302,0.0669967161229804,0.0678686013211069,0.0704611511115227,0.0656412710695946,0.0607415850006371,0.1352866923347701,0.8525667066125187,-0.0417866313062718,0.8625936117527255,0.0,303.24291774384096,0.1011948459883071,-0.1075127882690894,0.0543619795060826,0.0596921742524995,0.094169920038941,0.0893400864743729,0.1503235099829569,0.1748383384443557,0.089269766836735,0.0639430998518959,0.0586437990920264,0.0605103901914233,0.0522389359901205,0.0526679993385898,2009-09-30,10,0.10246483579992723,0.017620042309461424,0.0,0.0,0.0
raw,307,train,7060047060.0,False,1980,1989,1990,1999,10,10,0.0301030106859621,0.0324513958039,0.0663331232397767,0.2168929988630104,0.9676608381286768,0.1018587055127379,0.6841924026116436,0.0,278.0027476047085,0.0912036307469253,-0.3189887978778445,0.06657168821523,0.072719975017686,0.0942180895302721,0.0761886862420718,0.1215299056499703,0.1469010201081019,0.0952916037849769,0.0645501294002477,0.0698061496273647,0.0659582406666231,0.0654228744193788,0.0608416373380763,0.1505598756232337,0.868927578929587,-0.068198563626036,0.6373628624364895,0.0,286.49870262869655,0.0938865569622855,0.2704632044645684,0.0622336082672775,0.0702580621225485,0.0943855767657615,0.0792162255174687,0.1174034828105392,0.1577829237707544,0.1094331466697336,0.0687830521458524,0.0641821919713366,0.0627342680908901,0.0577274376063027,0.0558600242615344,1989-09-30,10,0.13246996256328145,0.02687665421806425,0.0,0.0,0.0
raw,307,test,7060047060.0,False,2000,2009,2010,2019,10,10,0.4392760911029159,0.0636682052551483,0.0176008418921111,0.1547054128929004,0.950625019920356,0.014478403881934,0.5613694679805465,0.0,195.6016715028744,0.0917688161604248,0.2466554241899473,0.0649929647886643,0.0659440728402227,0.0945568796519498,0.0811223073328969,0.1154417918438034,0.1545564956808301,0.0916242295494785,0.0670140669490734,0.0679057347710169,0.0705411221467244,0.0654685146158965,0.0608318198294425,0.1371045710007893,0.8521034932656533,-0.0186594490998419,0.871338887116348,0.0,303.4923469443683,0.1011961377012927,-0.1061075632732318,0.0544887400285732,0.0596026574623476,0.0945818211050453,0.0893400515591415,0.1513973713300899,0.1740264357703519,0.0886240999579812,0.0639750364382899,0.0586821302012449,0.0605231513131702,0.0522130475606516,0.0525454572731125,2009-09-30,10,0.10106623440098035,0.01766020403250808,0.0,0.0,0.0
cars,310,train,7060014930.0,False,1980,1989,1990,1999,10,10,0.0810527166611016,0.0197349087520141,0.0257705560689075,0.0249367005152593,0.9678776923686788,-0.0449154859178202,0.3353311690696251,0.0,2973.6091521835137,0.0873236161093544,-0.1913868067602803,0.0906550309760926,0.0759145204774144,0.0734802742835802,0.0776817453917774,0.1164794131235018,0.1183354452079512,0.0963845011804891,0.0820347630148875,0.0605628309270927,0.0639764478522838,0.0645726123894533,0.0799224151754754,0.0507072565841668,0.967234022967512,-0.0514695174892473,0.3868647653934138,0.0,3224.6652114948133,0.0888565577801322,0.1893731818597007,0.0821306200254589,0.0756408144823301,0.0746366864809904,0.0769706295024581,0.1157655166133292,0.1332515410843962,0.0996017374036479,0.0824799274698877,0.0603681924089731,0.060306232014267,0.0626107254841402,0.0762373770301207,1989-09-30,10,0.01618787960871783,0.0029550123940630564,0.0002737476047084588,0.0,0.0002737476047084588
cars,310,test,7060014930.0,False,2000,2009,2010,2019,10,8,0.1379748734441787,0.0411762870015173,0.0015387374063673,0.0587174086689135,0.959596898615608,-0.087213063201503,0.3615389990459634,0.0,2844.2443050097795,0.0896363514422826,0.056729034835018,0.076276849405277,0.0614968223262435,0.0663520029595731,0.0787560251686664,0.1215053820048164,0.1346111600795855,0.1020813241858638,0.0795548040082411,0.0653402266214024,0.0636837356314997,0.065905927903958,0.0844357397048725,0.0602561460752809,0.9642840020766658,-0.0572075864122482,0.437633125257783,0.0,3265.040880895158,0.0928162044867384,-0.0328163368984251,0.0750005658313254,0.0592788541107632,0.0729419166617278,0.0868427765681846,0.1278998207547599,0.1419443764581425,0.1148532909572078,0.0776209343252068,0.0575033739566696,0.054001116070967,0.0576181689227716,0.0744948053822734,2009-09-30,10,0.02620359690320851,0.004150925400568185,0.0,0.0,0.0
raw,310,train,7060014930.0,False,1980,1989,1990,1999,10,10,0.0810957190420695,0.0196858689318675,0.0249158515390419,0.0300181119220548,0.9678561554530554,-0.0572312401554968,0.3372404382042174,0.0,2973.606714403067,0.0873302762011927,-0.19140569295751,0.0907085246054535,0.0758455838165228,0.0734216206329132,0.0779691600172635,0.1169606487443585,0.1180406888324695,0.0962724798878653,0.0818197034873526,0.0604689589159207,0.0640814361395895,0.0646793436124179,0.0797318513078723,0.0549339634610967,0.9672462462848452,-0.0624327160267069,0.3882940297525479,0.0,3224.8012390470976,0.0888453901567048,0.1894278051354448,0.0822085853058626,0.0755526676509531,0.0746048454105778,0.0772025816945573,0.1161558801505815,0.1330101467808056,0.099305939928776,0.0823194296523089,0.0603023896853471,0.0603199416471503,0.0626916621505271,0.0763259299425522,1989-09-30,10,0.012796984307797833,0.0013707404183307573,0.0002737476047084588,0.0,0.0002737476047084588
raw,310,test,7060014930.0,False,2000,2009,2010,2019,10,8,0.1380364393726695,0.0412486566104423,0.0032471728048043,0.0660408325820533,0.9596118164479706,-0.1065317732887171,0.3632750568671203,0.0,2844.128006569942,0.089639662412562,0.0568195473057425,0.0763048611988436,0.0613895904620697,0.0663915562702597,0.0790243601271992,0.1219852452277485,0.1343821582811471,0.1017312749170959,0.0794699781658804,0.0652200013057519,0.0636806415995622,0.0659864093773266,0.0844339230671149,0.0627936597772489,0.964426970546128,-0.0617484248407805,0.4386870319627377,0.0,3265.1083897260273,0.0928052741175959,-0.0330731248901288,0.0750198917907118,0.0591984376442638,0.0732256843249661,0.0870631456175437,0.1284178228005537,0.1415754392431801,0.1144811594476491,0.0774226627244218,0.0571491027107019,0.0540522321190541,0.0577092542466225,0.074685167330331,2009-09-30,10,0.025255579593769912,0.0034349521286977853,0.0,0.0,0.0
cars,316,test,7060014930.0,False,2000,2009,2010,2019,10,10,0.1747862971245958,0.053469007369446,0.0172120985349057,0.2392969039661541,1.0317622037728411,0.0036920322162386,0.9198160396699596,0.0,278.8279208775198,0.1322553012936673,0.1346365593749024,0.0411490986088722,0.0399013231110558,0.046224395299053,0.0988812614108969,0.2132168544026766,0.220079263111444,0.1102005695547707,0.0637830062774117,0.0418188178611393,0.0401282665615336,0.0442923211616072,0.0403248226395384,0.2220848054312484,1.0680520771135218,0.0575642550942529,0.9638042192880842,0.0,332.0817314269132,0.135221946837714,-0.1717390084370117,0.037015145894538,0.0408074510151369,0.0634194602350975,0.1243098284635279,0.223156101879366,0.2101919329112681,0.1043738751457922,0.0463353979280975,0.0352294314368007,0.0356121551823327,0.042780383853624,0.036768836054418,2009-09-30,10,0.053677185739181364,0.0052780570333202026,0.0,0.0,0.0
raw,316,test,7060014930.0,False,2000,2009,2010,2019,10,10,0.1747944177094623,0.0532807894488356,0.0173156375915531,0.2395655927334909,1.0317670481495689,0.0036137046771952,0.9215216031102572,0.0,278.8274333424583,0.1322950548554775,0.1345939146225344,0.041201993510397,0.0398763607655489,0.0463632451558554,0.0996188298277546,0.2141911279170192,0.2193394141565115,0.1093868121502375,0.0636122402126977,0.0416946612650438,0.0401200585596511,0.0442991821758471,0.0402960743034358,0.2222499551419378,1.0680610574462732,0.0573334118609877,0.9650198015913738,0.0,332.08384748083245,0.1352605167118158,-0.1717343812907835,0.0370413006458648,0.0409008322847072,0.0637747384446599,0.1249609716873232,0.2236938106983236,0.2097176041208024,0.1034169167929867,0.0461624498130091,0.0352201295946903,0.035663777529905,0.0427553526048802,0.0366921157828471,2009-09-30,10,0.053744610479005674,0.005270755833974463,0.0,0.0,0.0
cars,319,train,7060047060.0,False,1980,1989,1990,1999,10,10,0.1176087844577858,0.0549163097166603,0.0468601896226483,0.2124513704504039,0.9898627189061172,-0.0995473055797468,1.4076001024250282,0.0,20.8993602376645,0.17878306142169,-0.0456685567708231,0.026501987768047,0.023114903099803,0.0300705744004998,0.0735936946862738,0.2831267828888212,0.2698993390598445,0.1041306137400273,0.0475896060965181,0.0399713307024419,0.0386940607906311,0.0341951804168081,0.0291119263502836,0.1655911808277556,0.9994942326125438,-0.0714456114444991,1.483548417447879,0.0,23.507683668408813,0.1920559893593062,-0.0206884013095364,0.0213569980867277,0.0212347253136227,0.0263979108461428,0.0807233046498251,0.2685176113647955,0.3044562434728385,0.1173604090801423,0.045779638538907,0.0297060913820168,0.0269359445170107,0.0308134970242298,0.0267176257237403,1989-09-30,10,0.09105351505354461,0.01069853189578128,0.0005474952094169176,0.0005474952094169176,0.0
cars,319,test,7060047060.0,False,2000,2009,2010,2019,10,10,0.1799568504934893,0.0199392260495265,0.017265089085408,0.2544675264363524,0.9932432025563718,-0.1028810736676316,1.4737484826372802,0.0,17.577982054396426,0.2044473064840004,0.1164946098838401,0.0203939591138776,0.0168759699454641,0.02629883098132,0.0839881180323718,0.303008349034085,0.2986136855629349,0.1012995612457565,0.0440804056688424,0.0295629727726759,0.0260527113210873,0.0279198622750851,0.0219055740464988,0.2372024373509443,0.999157377595217,-0.079591300069012,1.5590582381519715,0.0,21.043757276834608,0.2061402301608232,-0.0681894487775053,0.0189424690790015,0.0174701385977235,0.0313741083564181,0.0935535745766933,0.3077126725119326,0.2951094155921224,0.1006755839347413,0.0380550089921558,0.0247816571761349,0.0249202876282734,0.0268975492350605,0.0205075343197422,2009-09-30,10,0.04834234661033536,0.0038287092018338934,0.0,0.0,0.0
raw,319,train,7060047060.0,False,1980,1989,1990,1999,10,10,0.1172185499323592,0.0546101621806589,0.0470744648459329,0.2114716547118516,0.9897029210552432,-0.0933151826981353,1.4183089272842937,0.0,20.907637359627504,0.178917493573778,-0.0460367018746764,0.0264762847338997,0.0231618152193267,0.0301499268004321,0.0747387945552391,0.2849528722433045,0.2683803936668461,0.1030917450653304,0.0472049309123729,0.0399568033991345,0.0386781952274238,0.0341087767901038,0.029099461386586,0.1643971898659186,0.9994739929048564,-0.0603628959734248,1.4934498729666508,0.0,23.50781845564074,0.1920983653121644,-0.0206215181203678,0.0213319185026099,0.0212476324992338,0.026492362838944,0.081601932138981,0.2704537733146576,0.3030688223988493,0.1161503409302442,0.0456127638455631,0.0295762684254346,0.0269715094322106,0.0308474891245022,0.0266451865487692,1989-09-30,10,0.09006913308327767,0.010742889835551323,0.0005474952094169176,0.0005474952094169176,0.0
raw,319,test,7060047060.0,False,2000,2009,2010,2019,10,10,0.1799405158737747,0.0191609310303631,0.015770863968425,0.2545891362430451,0.9932228042484086,-0.1024455886876958,1.4786375025489082,0.0,17.578111689022723,0.2046219665859817,0.1164586724766472,0.0203975242210896,0.016864399180463,0.0264816654587566,0.0849446127925626,0.305281535428692,0.2967478530229203,0.1000883436992245,0.0438799453853794,0.0295014819621283,0.0260441673022352,0.0279105385181362,0.0218579330284119,0.23881827227462,0.999162276283494,-0.0802858118658606,1.5660539386338308,0.0,21.043568729463303,0.2062914544403934,-0.0681983152212909,0.0189498231469985,0.0174679838403901,0.0316282081692167,0.0944821319633978,0.3091548199178325,0.2939745843368592,0.0994652478227608,0.0378696141980403,0.0247337341750665,0.0249817592101756,0.026862590786421,0.0204295024328404,2009-09-30,10,0.04815807504046835,0.003686493254168612,0.0,0.0,0.0
cars,355,train,7060047060.0,False,1980,1989,1990,1999,10,10,0.1164163245546807,0.0786130428268472,0.0219617837022365,0.1469436926844299,1.0029631207953422,0.1056886091116594,0.6293490541262613,0.0,88.94604075451187,0.0938811206630313,-0.281491851343026,0.0590442837600389,0.0589529343191495,0.0742879709735787,0.0646678516302564,0.1067639467485533,0.1639170928010562,0.1141511115450076,0.0718841011073506,0.0769553365612386,0.0806658746672853,0.0689090241862052,0.0598004717002791,0.1249819089821934,0.9933267177934024,0.1083250612131296,0.773160866930241,0.0,99.92763027725526,0.1063877584401528,0.400807413680969,0.0446437228319742,0.0475702107030523,0.0672576114872282,0.0722853772877421,0.1207290340547314,0.1966889389407667,0.1351730906833955,0.0751207056924356,0.0762210776035643,0.0705419094042985,0.0503499581598065,0.0434183631510042,1989-09-30,10,0.053726738498353986,0.0007820739380249244,0.0,0.0,0.0
cars,355,test,7060047060.0,False,2000,2009,2010,2019,10,10,0.5993540131911596,0.0955490706952065,0.0289122392005982,0.1516369310882742,0.9995188347807232,0.1481901996696605,0.8536635005720736,0.0,62.18596115358828,0.1020299731056167,0.3956750792853766,0.0509486957883183,0.0500274412282838,0.0653850334587533,0.0603744055638949,0.1229786394346964,0.1934287780173557,0.102344091958007,0.0668013828471807,0.0853680200104599,0.0863023997402369,0.06382738278143,0.0522137291713826,0.122724691887676,1.000765417360952,0.1125418015760341,0.8866982559084782,0.0,113.23703567505196,0.1168985380120544,0.2450651580327442,0.0433641416509608,0.0461296800712921,0.0641117385529425,0.0814340645036151,0.1468293353784165,0.225932248981003,0.1204793368061261,0.0581460833529758,0.0592503179452304,0.0622731603531142,0.0493946256360466,0.0426552667682763,2009-09-30,10,0.04555289510630672,0.00803517167233818,0.0,0.0,0.0
raw,355,train,7060047060.0,False,1980,1989,1990,1999,10,10,0.1164538240875063,0.0785821816521417,0.0227219754740677,0.1497791636900224,1.0029469852274522,0.1116634508720218,0.6385714069787783,0.0,88.94584505885574,0.0938891269256877,-0.2816851819490507,0.059064449419439,0.0591564969271804,0.0741814952058292,0.0646671351236854,0.1074131445835396,0.1640035910223235,0.113541056296918,0.0717056056021218,0.0771590572685566,0.0805860141733957,0.0688268835056615,0.0596950708713489,0.1270571882159547,0.9933559929268724,0.1123583500479251,0.7786240772233235,0.0,99.93115772179628,0.1063767136158163,0.4009110333803799,0.0446003040844756,0.0476608502455693,0.0674096538770551,0.0723992580565896,0.121378496743218,0.1967386787094515,0.1345122097033569,0.0748840710681144,0.0763483238904872,0.0702930956400905,0.0502921880053965,0.0434828699761951,1989-09-30,10,0.05322002032531757,0.0006405880904027366,0.0,0.0,0.0
raw,355,test,7060047060.0,False,2000,2009,2010,2019,10,10,0.5994710094754171,0.0955338673932883,0.0277497082374382,0.1511515807310599,0.9995220205006132,0.1411326889878959,0.8574402415713098,0.0,62.184034492198194,0.1020510886355689,0.3957754909224273,0.0509580989163864,0.0501691556228472,0.0654118006652612,0.060331800895233,0.1239505830379644,0.1933313872013064,0.1014842126950795,0.0668806619497265,0.0854580170747728,0.0861747860229861,0.0636791717535383,0.0521703241648979,0.1234018724936216,1.000695178510627,0.1120738306804155,0.8885639985166223,0.0,113.24677601314347,0.1168681352435238,0.245079431617436,0.0434335956400075,0.0461516684189955,0.0642830439604525,0.0816392244963701,0.147920780338132,0.2255896822519913,0.1194821641363782,0.0580671891251574,0.0593015124096799,0.0622329649263617,0.0493485199787088,0.0425496543177645,2009-09-30,10,0.04673728413597092,0.00894904669168565,0.0,0.0,0.0
cars,361,test,7060014930.0,False,2000,2009,2010,2019,10,9,0.2418776097023461,0.0697319524930004,0.0081355572403749,0.1131674530361099,0.9880187597221116,-0.0856299864015958,1.3497599897375814,0.0,3.285015508633676,0.1295528189604733,0.2601031313916745,0.0670250997783099,0.088558801458084,0.1616603816526907,0.1367120104988353,0.1819743424273628,0.1794246446197447,0.0244975657023718,0.0141254003717258,0.019025080652505,0.0256189011585845,0.0426573639362319,0.058720407743553,0.1050318957957349,0.97424440422711,-0.0686337753119752,1.5286782185351593,0.0033465165804685,4.183921575464169,0.133232509914059,-0.3601908309306971,0.0555438194754808,0.0930466213900641,0.1285577671380458,0.1359825550132579,0.187960684303715,0.2099454901054418,0.0517240536866983,0.0156358575863704,0.0164618801411794,0.0246775533463517,0.036490200873659,0.0439735169397352,2009-09-30,10,0.04938810559711655,0.0016019477810932745,0.041883383520394196,0.02518477963317821,0.016698603887215988
raw,361,test,7060014930.0,False,2000,2009,2010,2019,9,9,0.1955042957740405,0.0670542524554461,0.0092833383677063,0.1176512150992924,0.9736586878905596,-0.1043672443740477,1.3048215825324303,0.0,3.503972938955318,0.1315849842097702,0.3477476690065972,0.0667809784559934,0.0872378436560279,0.1591806334013013,0.1405493503463568,0.192960862730124,0.1752891126192636,0.0237218814640506,0.014694997838469,0.0197047745676803,0.0239186373536611,0.0402738921009021,0.0556870354661695,0.1083678767315861,0.9648547246854878,-0.0759054283210427,1.5191631484847798,0.0027993779160186,4.2605648522550545,0.1336307627194442,-0.3357492653603859,0.0559845889635907,0.0937801601376463,0.1294757461754938,0.1361883981241836,0.1895545213523189,0.2089435202189912,0.0491558592688007,0.0151147096348033,0.0163267365157811,0.0249224761266768,0.0367164861645547,0.0438367973171585,2009-09-30,9,0.05410257493293799,0.0015613779747332187,0.041883383520394196,0.02518477963317821,0.016698603887215988
cars,362,train,7060047060.0,False,1980,1989,1990,1999,10,10,0.1567993111954335,0.0509671726009214,0.109387835420798,0.1866078703521669,1.021844975352698,-0.1445630242279585,0.8086162775109564,0.0,11.836071792709586,0.0905023904506756,-0.6450683551935997,0.0553987717203638,0.0470640603787895,0.0628584479604216,0.0714092071387425,0.1123781741709763,0.1356167439938069,0.1089874400150964,0.0838744008522292,0.0837066054124125,0.0897985785940582,0.0806439490404186,0.0682636207226841,0.2959957057729649,0.966560709590321,-0.3108080779115377,0.7130896536856305,0.0,10.118369041323396,0.0910672596546487,0.8441235289907152,0.0575889282433092,0.0535195733044971,0.0732424623366353,0.0758560944086184,0.0866900885648543,0.1486263890698721,0.1202463772305593,0.0788417373763567,0.0722259690052517,0.0814613761430417,0.0838659682550694,0.0678350360619344,1989-09-30,10,0.222146667742805,0.038123298582431735,0.0,0.0,0.0
cars,362,test,7060047060.0,False,2000,2009,2010,2019,10,10,0.3432245866090692,0.0616561268766496,0.2970313412970826,0.6834958479568398,0.9909066992495372,-0.3962494960994228,0.4910932181647418,0.0,5.499796689002885,0.0851938742734972,0.1820587073221459,0.0781732561311397,0.0710626273729281,0.078241182311576,0.0701550125826291,0.0633211446782039,0.1055750272529435,0.0980812330810796,0.078065287743799,0.0790895896000039,0.0943784294881514,0.0971988889564846,0.0866583208010608,0.3864645066597572,1.016239058687711,-0.4493994436286588,0.5735025670072189,0.0,7.75188246460149,0.0869638080034334,-0.0945276061464143,0.0676571785000356,0.060831649364595,0.0762251255894547,0.0812468800883217,0.0865146091496629,0.1306869610434581,0.1003400941900631,0.071303097136991,0.076579966118667,0.0879371251565465,0.085454565369169,0.0752227482930349,2009-09-30,10,0.19531460254400101,0.016243214254092985,0.0,0.0,0.0
raw,362,train,7060047060.0,False,1980,1989,1990,1999,10,10,0.1567727754610117,0.0511139392275167,0.1074265211040668,0.1830134489543503,1.0218105911332611,-0.1313948392362549,0.8132636470747033,0.0,11.8360813030386,0.0905054953562657,-0.6457310231235274,0.0553760817795692,0.0470616683016397,0.0629111895646353,0.0716270628501541,0.1128418916070083,0.1354319503307394,0.1088980659133725,0.0836563094214808,0.0838031042940911,0.089785498391952,0.0805170917037768,0.0680900858415801,0.2904399700584171,0.966589771401705,-0.2897719808144843,0.7213003444342873,0.0,10.118645673603506,0.0910682223108936,0.8441850801044347,0.0574977700228834,0.053554819767894,0.0736398222036714,0.0756881105105271,0.0869803108756691,0.1487341290873825,0.1199977192831578,0.0785821691565574,0.0723031348707371,0.0815387120834207,0.0838246787958875,0.0676586233422113,1989-09-30,10,0.2116825149596819,0.034507511376034736,0.0,0.0,0.0
raw,362,test,7060047060.0,False,2000,2009,2010,2019,10,10,0.3432662792571804,0.0614120534426382,0.2980098587408727,0.6821706073259356,0.9909649235285616,-0.3948011288631446,0.4966123390190456,0.0,5.499477689570217,0.0851950392138357,0.1823518328218012,0.0780912325148265,0.0710904432504154,0.0781676402387863,0.0701392541968995,0.0634931759689295,0.1056692440543342,0.0980545548162451,0.0779016318499648,0.0791493426048672,0.0945068471276071,0.0971966478960847,0.0865399854810391,0.3841607485850629,1.016205281261042,-0.4438994196029427,0.5770570122826065,0.0,7.751756024096386,0.0869525921391664,-0.0944494297286604,0.067619028342269,0.0608223490893294,0.0763490221432708,0.0812133405945224,0.0869107388415295,0.1306414230489343,0.1000027799940606,0.0712766810106589,0.0766525960817343,0.0880470746602905,0.0853379404228551,0.0751270257705449,2009-09-30,10,0.19720518994770278,0.016695485949406005,0.0,0.0,0.0
cars,364,test,7060047060.0,False,2000,2009,2010,2019,10,9,0.0548961276542115,0.0201324772349642,0.0233586684069946,0.1383190194230687,0.9971944658293136,0.0386590688282148,0.4906567314972369,0.0,26.726372310152065,0.0949424141656692,0.0437506346403076,0.0701852980993199,0.0627577832247618,0.0713000514142131,0.0869756323318935,0.1671924466769606,0.131720529851743,0.0751780460953301,0.0636813906897544,0.061478503952676,0.0713109537166378,0.0682109073649547,0.0700084565817546,0.1616776878300633,1.0028053509791346,0.0461349415253404,0.5464731387215753,0.0,28.23456488580398,0.0961358780970727,-0.0241422832819715,0.0658222523858217,0.0597211120103397,0.0692501211418605,0.0867480332075759,0.1640531460488319,0.1441882629429861,0.0792819784955993,0.0651270867223943,0.0635936196634881,0.0695795033956506,0.0649802795365473,0.0676546044489042,2009-09-30,10,0.060845343983352965,0.007021549915938526,0.0005474952094169176,0.0005474952094169176,0.0
raw,364,test,7060047060.0,False,2000,2009,2010,2019,10,9,0.0550531311680138,0.0199384925773061,0.0239510591334607,0.1385506448721555,0.997277202803774,0.0404154670821111,0.4971790750816457,0.0,26.722442618460697,0.0950015706249263,0.0441261923500555,0.0701808290502656,0.0628448479955206,0.0709779600469593,0.0873699379680778,0.1678392824999002,0.1311081491241644,0.0750055773852959,0.0637397408243427,0.0614894967323789,0.0711141890793371,0.0682626963951467,0.0700672928986104,0.1625017040056162,1.0028005255024572,0.0486561887771261,0.5492106704999244,0.0,28.2348460602373,0.0961614598901599,-0.0241424405474116,0.0658192398820536,0.0596902814531847,0.0693112902765786,0.0870520031696857,0.1646449987430493,0.1435679979920683,0.0789743752417559,0.0651258401503776,0.0636132432592862,0.0696254121104876,0.0649222261039543,0.0676530916175177,2009-09-30,10,0.06125409628867533,0.007798002635619046,0.0005474952094169176,0.0005474952094169176,0.0
cars,368,test,7060047060.0,False,2000,2009,2010,2019,10,8,0.0974405265424094,0.0912781038394529,0.0305242635014895,0.379082216342184,0.9545358404593624,-0.1535463581167806,1.37187982531652,0.2258777992811722,3.3110521554235324,0.1678211406909519,0.5802960026809804,0.0240269893217286,0.0241825738154908,0.0333030610397424,0.2527994807446916,0.2433291034640968,0.178045654159803,0.0521700447580227,0.0295229546361455,0.0278953648816442,0.0528127870948918,0.0513872366471152,0.0305247494366267,0.4096064798436735,0.984116125615725,-0.1299581605189999,1.235771432537616,0.0496235455167693,3.6499246996547927,0.136166368491247,-0.0703806693441061,0.0252059564825177,0.0300819474237908,0.0796586588746241,0.2002307770338441,0.2046197033354914,0.1795151564691666,0.063308459707958,0.0363978484259481,0.0349631461709885,0.0586575301469335,0.0555437197720807,0.0318170961566559,2009-09-30,10,0.19954892225550472,0.023448914393755137,0.030385984122638928,0.030385984122638928,0.0
raw,368,test,7060047060.0,False,2000,2009,2010,2019,8,8,0.1170928950540653,0.109686299373992,0.0179687718347156,0.3949308315381802,0.911926474200773,-0.1516312640874979,1.413611695313501,0.2812284334023464,3.264498274672188,0.1745752426249348,0.6372727601537682,0.0225526810588344,0.021227066261502,0.0310534858775145,0.243244765930315,0.2586814503564076,0.1921442762741483,0.056228328349109,0.0251096240416484,0.0288747463669,0.0434621113689781,0.046966465676925,0.0304549984377173,0.4128996033728958,0.9745646643207644,-0.1395085161199794,1.2352239858120737,0.0516351118760757,3.670026850258175,0.1362459674568886,-0.0715106651834578,0.0252331113618175,0.0301574986015006,0.0804980345972415,0.2007474983651345,0.2047715371711931,0.1788651576505511,0.0626853175765947,0.0360729350702363,0.035026546162484,0.0590158278984766,0.0552450384695183,0.031681497075251,2009-09-30,8,0.23083333673069173,0.04870470131361829,0.030385984122638928,0.030385984122638928,0.0
cars,372,train,7060014930.0,False,1980,1989,1990,1999,10,10,0.1469863455085889,0.0589099679517845,0.0469732605980917,0.2251132952963233,0.9815658587301822,-0.0956113009808504,1.4670715950058968,0.0,2.998163714880804,0.168538584198344,-0.5003629663685258,0.0438831809406114,0.0708698117446337,0.2128475543577662,0.2827406799633936,0.1673677886547033,0.0564709097431293,0.0269300437879614,0.0157641867761195,0.0165496703340775,0.027251306998214,0.0378558923618042,0.0414689743375852,0.2720865558944151,0.9988573904206764,-0.0629105277239844,1.5722164179680609,0.0,2.58833202048079,0.1589035064785824,0.7369083802520816,0.070128746260928,0.0894272290838079,0.2164963973792464,0.257777599221161,0.1579597716759588,0.0481756515031882,0.0191475039902047,0.0151193303570047,0.0127960786441713,0.0231886829141253,0.0390219871532149,0.0507610218169881,1989-09-30,10,0.07530778458807073,0.018287067247226636,0.030933479332055844,0.030933479332055844,0.0
cars,372,test,7060014930.0,False,2000,2009,2010,2019,10,10,0.1054530279974974,0.0645353533782151,0.022410072783985,0.3273465216358815,0.9885634618052884,-0.0392042197071523,1.713041321024961,0.00109679188374,1.9821420733226949,0.1939193930233413,0.2244651197683884,0.0534137726854488,0.0563146401499432,0.1888145470694509,0.3413517878139214,0.1706811266724618,0.045646119457476,0.0113434310627672,0.0122278310301001,0.0133261891791562,0.0232032082382816,0.0393574314823321,0.0443199151586603,0.3049364488518964,0.9853750745638944,-0.0241354793147931,1.7503219858907608,0.0,2.202583838228705,0.1824112749758983,0.0752754983532863,0.047513336114945,0.0752630874684766,0.2209758655426388,0.3091712277332348,0.1499687574719177,0.0584605162554798,0.0119546218512571,0.0120164865826305,0.0126651560364391,0.0216647427846489,0.0370948019113165,0.0432514002470145,2009-09-30,10,0.1168043681636079,0.01674168811771817,0.03476594579797427,0.03476594579797427,0.0
raw,372,train,7060014930.0,False,1980,1989,1990,1999,9,9,0.1471890521258115,0.0611480167245151,0.0343172573397435,0.210786416159567,0.9706126563864224,-0.0965950312004032,1.4251845340990292,0.0,3.2537905531385953,0.1704598968479161,-0.379367227850349,0.0424806445568385,0.0706249955829114,0.2139365494067348,0.2842106610275647,0.1703291413810234,0.0564110434662522,0.0263300498209383,0.0147735136664241,0.0157258857050408,0.0277898378885533,0.0374489838213269,0.039938693676391,0.2451036734993106,0.9756503959297824,-0.0612438164360603,1.537854776627401,-0.0003111387678904,2.80844679527069,0.162028074894289,0.6260449859421217,0.0690877417976794,0.0905024933671956,0.2181182245577059,0.2613990730248822,0.1606792691795175,0.0479892864755491,0.0181826581470158,0.0131818538350172,0.0110445553395459,0.021945420229754,0.0380206923109988,0.049848731735138,1989-09-30,9,0.06781907310193412,0.014387096579270545,0.030933479332055844,0.030933479332055844,0.0
raw,372,test,7060014930.0,False,2000,2009,2010,2019,10,10,0.1044105893533655,0.0654775809819656,0.0213527795408919,0.3156344414759076,0.95177302680484,-0.0457648042126591,1.6922712238093958,0.0011344299489506,2.0430547362450366,0.1953084969450257,0.2202078589838249,0.05362022962568,0.0569379179992368,0.1915096051242877,0.3423934914450143,0.1696742182714121,0.0447962890753241,0.0099293276850267,0.010720575539808,0.0128227961560901,0.0233166861262739,0.0395816880814891,0.0446971748703568,0.2942816619350156,0.9607582437847436,-0.0291017422961171,1.7340400227227466,-0.0002839295854628,2.267905451448041,0.1834982589605714,0.0746532529156202,0.047850389411639,0.0759668499641254,0.2246459902726275,0.3084833258905125,0.1496500246696019,0.0572896889827347,0.0095876552084784,0.0115394395011344,0.0124050351778133,0.0218644910844521,0.0373613328621007,0.0433557769747794,2009-09-30,10,0.11826088996025959,0.015921576037146088,0.03476594579797427,0.03476594579797427,0.0
cars,373,train,7060047060.0,False,1980,1989,1990,1999,10,10,0.1335153005611856,0.0263812012796968,0.1079947689955291,0.3254509700098153,1.001009866367106,-0.0575172827960717,1.5222689419151103,0.0,32.37823907530836,0.2014887742536037,-0.260641082385889,0.0175462146528092,0.0163698084801942,0.0222308703312517,0.0539435260637404,0.1725267716001489,0.3507468476710407,0.1946200811402286,0.0588801043450819,0.0365033326822285,0.032345020835313,0.0250381957277973,0.0192492264701649,0.4334457390053444,0.969980293794721,-0.0502552402750161,1.555858578797818,0.0,37.00310633923044,0.2130733023384948,0.4012308187960502,0.0175833246025595,0.0147714377975793,0.0223110974247051,0.0452074954820181,0.1783584958160126,0.3613160549117719,0.2044830139201268,0.0579759372918605,0.02947733821329,0.0261580978337928,0.0242306463621996,0.0181270603440831,1989-09-30,10,0.10978518357902912,0.022065058421610217,0.0,0.0,0.0
cars,373,test,7060047060.0,False,2000,2009,2010,2019,10,10,0.3966192131083527,0.0437674787547894,0.0979322277900432,0.4735180279084399,1.0026884827338935,-0.065565026589541,1.6119896931454147,0.0,29.056903745244128,0.2098499237211466,0.2908180262086147,0.0173525901666409,0.0158135261407289,0.0226224293796672,0.0491535692228003,0.2277004191616679,0.3470231059181337,0.1713868282661598,0.0422605847663045,0.028080328021233,0.0324286313764176,0.0271295983038683,0.0190483892763771,0.3755858001183966,0.9993582480275632,-0.0028432651837583,1.5507931997553892,0.0,43.20150439536803,0.2134999159254336,0.153483260579314,0.0157047400503318,0.0131783587786317,0.0241011794574361,0.054610984749708,0.1953836529962853,0.3590638471473906,0.1947658354148601,0.0436721495384603,0.0263895576903627,0.0309120045069381,0.0250234651133005,0.0171942245562945,2009-09-30,10,0.10763835928715135,0.03047535455909174,0.0002737476047084588,0.0002737476047084588,0.0
raw,373,train,7060047060.0,False,1980,1989,1990,1999,10,10,0.1334550745994114,0.0264544064314037,0.1052847165153773,0.3248799960019883,1.0010197506961016,-0.0480726191066674,1.5336574935183294,0.0,32.380178757185874,0.2015350933100517,-0.2607300488085395,0.0175217113496576,0.0163767628185306,0.0223444276560555,0.0544607877024394,0.1744217703454069,0.3510555156485754,0.1925189825542494,0.0583130157737182,0.036516173300485,0.032254687210722,0.0249723309741092,0.0192438346660504,0.4301647125173656,0.970028164587431,-0.038599474463005,1.5619156403524188,0.0,37.00309446878423,0.2131445346730877,0.4012569077006316,0.017509288709099,0.0147749476652292,0.0224092740948569,0.0456096368187317,0.1799696217052863,0.3616015403702693,0.2028146664652783,0.0573991395482961,0.0294401460651647,0.0261667822828914,0.0241340565778589,0.0181708996970377,1989-09-30,10,0.10816748114218039,0.021718358078947994,0.0,0.0,0.0
raw,373,test,7060047060.0,False,2000,2009,2010,2019,10,10,0.3966968681665364,0.0446455742096753,0.0951235823515067,0.4707062834893801,1.0027284362372992,-0.0569108434836482,1.617320125706879,0.0,29.06300273822563,0.2099288012355508,0.2902769510032294,0.0173206628203188,0.0158590103085145,0.0226929191091687,0.0496651315155617,0.2303370158757149,0.3464898358917081,0.1690706105252359,0.0420661250665477,0.0280119899656001,0.0325180915736505,0.0270006470627329,0.0189679602852457,0.3755827011378734,0.9991703451919351,0.0032628369287418,1.556059898205192,0.0,43.213927964941114,0.2136336571445032,0.1530336759436004,0.0156794985253943,0.0131892981565137,0.024284088389161,0.0549671060927503,0.1971116657199858,0.359489717355359,0.1925314638717111,0.0433578206089162,0.0263910381562047,0.0309501402103188,0.0249099707784013,0.0171381921352833,2009-09-30,10,0.10827711620818956,0.030701365176134893,0.0002737476047084588,0.0002737476047084588,0.0
cars,384,train,7060014930.0,False,1980,1989,1990,1999,10,10,0.0820798215108054,0.0336267156056345,0.1160161229767546,0.2137612747457247,0.9844603022885828,-0.0669977767262194,1.3558331047798218,0.0,41.36990512376168,0.1781689683987987,-0.1312049049686721,0.0328206725126843,0.029063819627764,0.0318250883935981,0.0624049722428681,0.241675717215552,0.3014822188032859,0.1255601289359385,0.0453997531227907,0.0340414595490947,0.0309670971701187,0.0322481645885627,0.0325109078377418,0.3297773977224793,0.9908149194916978,-0.029998025945657,1.4380799101011217,0.0,44.908788412960135,0.1900663543832834,0.5223178108037261,0.0329537285549499,0.0259405602589421,0.0285610545025252,0.0597127401086657,0.2609109203967752,0.3108986357656746,0.1153607076533124,0.0498059120371044,0.0344773400545381,0.0256549337211949,0.0261971776200217,0.0295262893262953,1989-09-30,10,0.060490814440223147,0.004638074857060285,0.014782370654256775,0.014782370654256775,0.0
cars,384,test,7060014930.0,False,2000,2009,2010,2019,10,10,0.1404203207610287,0.0496607005642122,0.0211839755615713,0.2881686443886527,0.9959838902854724,-0.0373064660910804,1.355848218397368,0.0,35.82779269604693,0.1849037104748731,0.1425120390556792,0.0358632487114582,0.0305379780524808,0.0336515244339515,0.0721669514917446,0.3053734260513455,0.2625360484798446,0.0918960603631331,0.041269428436029,0.0314088589589108,0.0310023389369287,0.0307707237276661,0.0335234123565068,0.3093526199502241,1.0060408328641095,-0.0335719617197974,1.3614366048851163,0.0,41.22909701313157,0.1783644887839964,-0.0180017314212018,0.0320468613336709,0.0292762325145672,0.0347345460138459,0.0732428520127001,0.2621667277846881,0.2882435052510823,0.1106384073978049,0.0426512124252502,0.0324170044795619,0.0316002956895113,0.030834812122664,0.0321475429746528,2009-09-30,10,0.07261725572926366,0.011239760961475106,0.005201204489460717,0.005201204489460717,0.0
raw,384,train,7060014930.0,False,1980,1989,1990,1999,10,10,0.076889332853989,0.0329755046605539,0.1233757186488263,0.1994239574136352,0.980725846901112,-0.0450099927263518,1.3601219969831038,0.0,41.76850263962211,0.1796912341342724,-0.1290450808123488,0.0324229646116838,0.0285893134588447,0.0316785766631876,0.0629660935413861,0.2450071109671089,0.3018788890653142,0.1249119498486614,0.0448649268819116,0.0328481238839294,0.030332072661231,0.0323307709335944,0.0321692074831464,0.3227996760624615,0.987094217248415,-0.0061853272755823,1.4430014490040224,0.0,45.106748207391064,0.1909489486016729,0.5175084090464609,0.0328770993077651,0.025889911245597,0.0286694303625604,0.0604613060166784,0.2638285172498413,0.3103071442298834,0.1144344302232513,0.0490180525306429,0.0339667067523691,0.0251581788861721,0.0260244392127129,0.0293647839825253,1989-09-30,10,0.05754658197809017,0.004541454317969458,0.014782370654256775,0.014782370654256775,0.0
raw,384,test,7060014930.0,False,2000,2009,2010,2019,10,10,0.1398335705638785,0.0506626733656701,0.0210427664912945,0.2819591444181446,0.9948907253054968,-0.0062920083823166,1.364481919073047,0.0,35.918578976334615,0.1858783939722061,0.1439794141448748,0.0357262415401751,0.0302246988687096,0.0336502137210039,0.0732584541402558,0.3079859744547297,0.2615615090927996,0.0910608944972437,0.0410319719929153,0.0310848890211515,0.0302698998582037,0.0306544223774746,0.033490830435337,0.3030019109094392,1.0058673509634863,-0.0183009527943429,1.368861958540406,0.0,41.30932462891699,0.1790434153111677,-0.0181825214740093,0.0318622579299767,0.0294270642391904,0.0348236310957803,0.0739914301735263,0.2643038176631215,0.2878383518309613,0.1096198811094961,0.0423221743639512,0.032411833214521,0.0315732039010077,0.0301749649227546,0.0316513895557127,2009-09-30,10,0.07090681392620816,0.011351169304963564,0.005201204489460717,0.005201204489460717,0.0
cars,386,train,7060014930.0,False,1980,1989,1990,1999,10,10,0.3745011611195392,0.1058689614372803,0.0133261907175409,0.3861207390441238,0.5758703478710361,-0.1432407723813429,1.8909243636309931,0.0,40.988329666146946,0.1568787665021221,-0.5169887413573208,0.04278584280531,0.1282573839573283,0.2375204767686107,0.2188010116152926,0.1577663671228971,0.0774087340055558,0.0255405319186349,0.0184935095798249,0.015712478885718,0.0181478688528892,0.0234038058576787,0.0361619886302592,0.3994469297616647,0.3509478603735256,-0.1833238109409186,1.9991826713492216,0.0,28.18489575075003,0.1480270496513195,0.6902840258361219,0.075244134780768,0.0901143097864061,0.2503350719111699,0.1583410374048666,0.1918952971695559,0.0722607810991307,0.0302384875740263,0.0235174036268447,0.0228129964856702,0.0244978468726227,0.0266986048081861,0.0340440284807524,1989-09-30,10,0.12982581105906674,0.0026617286300727825,0.010949904188338352,0.010949904188338352,0.0
cars,386,test,7060014930.0,False,2000,2009,2010,2019,10,10,0.0452461936562781,0.081814029818324,0.0370418488873782,0.5397176969141498,0.2880958160482341,-0.2357316627866525,1.7922773055269765,0.0,23.267133210543648,0.1492859230550622,0.4715188250269546,0.0622602484648482,0.0649820573983831,0.1907557168186049,0.2547766369217987,0.1711766138711814,0.0615500411154966,0.0314621667025813,0.0245890551540338,0.0248524270319892,0.0309580060437203,0.0309931199214213,0.0516439105559404,0.5767595458015281,0.296935012972094,-0.2050992954351174,1.587301141420191,0.0,24.3440621744091,0.1319528351472947,0.0591707328468788,0.0639968275263249,0.1087658689404573,0.1851775134403871,0.2087487934361761,0.1510599545005571,0.0950303057635336,0.0342755412693177,0.0227168285391983,0.0228513689502427,0.0284633167760421,0.0301377511760418,0.0487759296817208,2009-09-30,10,0.17037934749032918,0.029029100224980387,0.01149739939775527,0.01149739939775527,0.0
raw,386,train,7060014930.0,False,1980,1989,1990,1999,10,10,0.3693959519562355,0.1057336277538497,0.0109570472706528,0.3864628491418674,0.5763380328827896,-0.1320534253296411,1.899517630522958,0.0,41.349930805424854,0.1575253586427064,-0.516444427892713,0.0425782393657716,0.1297730614944179,0.2382410257748968,0.2190075322646393,0.1578334882892796,0.07658552731542,0.0252122762593433,0.0176190801306315,0.0155744983343072,0.0178186352765411,0.0235546023924127,0.0362020331023385,0.3974198964125203,0.3500535938434167,-0.1593123657113974,2.0338757213148324,0.0,28.579074698118507,0.1506773492602429,0.6912767335732272,0.0761922130653619,0.091304659910621,0.2542006720344196,0.1586833105229302,0.1936687288803974,0.0716230216374487,0.0282017746177572,0.0214125988005217,0.0201847527198193,0.0241650972385451,0.0261396362202114,0.034223534351966,1989-09-30,10,0.12884597236129325,0.0014070893409270067,0.010949904188338352,0.010949904188338352,0.0
raw,386,test,7060014930.0,False,2000,2009,2010,2019,10,10,0.0457224313736465,0.0819536882506559,0.0440531229280449,0.528810898347174,0.2879627698895947,-0.2062865376436909,1.8165347266624312,0.0,23.3849482137912,0.1507581132956982,0.4737727305968321,0.0617350169548593,0.0649461516358338,0.1933422156907458,0.256240643990018,0.1711852466528683,0.0613578159803042,0.0302009823236129,0.0239689476864927,0.024329273381984,0.0299901775217777,0.0308308980035869,0.0518726301779158,0.572864021275219,0.2965763649886699,-0.1845664735774571,1.6028006486659565,0.0,24.47898533480907,0.1330404895812882,0.0618410006650266,0.0644073675654144,0.1094446087177788,0.1869135733502956,0.2098118154789218,0.1517539077513975,0.0939642919946706,0.0323773868674024,0.0222834369762492,0.0224856591526791,0.0278731902598812,0.0299928494283628,0.0486919124569459,2009-09-30,10,0.16818501240199635,0.02745703876277376,0.01149739939775527,0.01149739939775527,0.0
cars,391,test,7060014930.0,False,2000,2009,2010,2019,10,10,0.2042850793570908,0.0697954785260345,0.0261776202906093,0.1418314882374069,0.9970788002649756,0.0057985321365049,0.9811887482834952,0.0,61.94240051526044,0.1410931687870791,0.1697717967462318,0.0152569598750597,0.0332854182616331,0.0672709945675149,0.1422638628654694,0.2160851462073877,0.170843174718015,0.1578434361605747,0.1103165021080858,0.0312677652445679,0.0205799145880205,0.0197709954992415,0.0152158299044292,0.1156538679467976,1.0003626327319766,0.0101971081701924,1.0389201088555928,0.0,75.98150904503389,0.1460388965631152,0.1477647111118377,0.0129715900074478,0.0373681701108728,0.0972027754878393,0.1669463991178818,0.2194539752924613,0.1785727551369996,0.1310860283988449,0.0938441082958962,0.0249432192520433,0.0163171383362576,0.0099026514580889,0.0113911891053663,2009-09-30,10,0.06425248245587244,0.009016379406025458,0.002737476047084588,0.0016424856282507528,0.0010949904188338351
raw,391,test,7060014930.0,False,2000,2009,2010,2019,10,10,0.20278489457659,0.0693130713982315,0.0241012431047274,0.1404080861400105,0.9948934156636248,0.0077906435428584,0.9810768356055644,0.0,62.074461158385944,0.1412665849945903,0.1656165472002806,0.0153362783706119,0.0336220618077528,0.0675780933440327,0.1432608527824131,0.2161850885061127,0.1707422238091836,0.1577016617455994,0.1100042371610566,0.030243569500722,0.0203338536928071,0.0197831969859084,0.015208882293799,0.116306843035283,0.9997581503790708,0.0169921204986304,1.0394128601582455,0.0,76.02935726027398,0.1460442339675697,0.1487518200475099,0.0129938488000204,0.0378800648865434,0.0976689955892092,0.1675401852883403,0.2195450788270489,0.1780670670565848,0.1307393322191614,0.0934636589585002,0.0245606461013974,0.0162702652343153,0.0098524631188426,0.0114183939200356,2009-09-30,10,0.06343825930487824,0.00834198973389926,0.002737476047084588,0.0016424856282507528,0.0010949904188338351
cars,393,train,7060047060.0,False,1980,1989,1990,1999,10,10,0.0916990687680469,0.0520151880724572,0.0495765681244844,0.3241559659288293,0.996897518606655,0.2480517281763226,1.1446278300404924,0.0,40.389626552188595,0.1290429862708091,-0.2952651573696473,0.0359349475718999,0.0374115634745499,0.051819241874758,0.0512348275945547,0.1298815076477064,0.2536742876831461,0.148573433283622,0.069175759584586,0.0628697245870252,0.0710364846116356,0.0495595083011482,0.0388287137853677,0.2745793978043448,0.9973700210227536,0.0692941901048923,1.3155650009549464,0.0,44.268441967355585,0.1502728709154391,0.5630114232227841,0.0354804612201552,0.0371542025547551,0.0510260323373606,0.0484353836520558,0.1240895094306409,0.3021520877798642,0.1521108212593613,0.06212730565986,0.0503160606064229,0.0541666958302245,0.0480645806691265,0.0348768590001728,1989-09-30,10,0.10001824539329406,0.0069888924353626,0.0,0.0,0.0
cars,393,test,7060047060.0,False,2000,2009,2010,2019,10,10,0.6268726348564517,0.1280720733452204,0.0078793629647622,0.2314521309874739,0.996715806945024,0.0295488321492913,1.1877355988748195,0.0,24.964325592961114,0.1151750345548916,0.4110569172268104,0.0515286263955952,0.0493790908597159,0.0687621204748366,0.0564197457840441,0.1412598142073124,0.2272955059857898,0.1173486171206244,0.0496863734911064,0.0557671886388876,0.0657324835018928,0.06383526569605,0.0529851678441442,0.2235727680227117,1.000456287448208,0.022694358592804,1.408499545143002,0.0,46.72692095101752,0.1620700153599177,0.4118773461760596,0.0335687804742627,0.0347977012377352,0.0471953940729046,0.0514638824655126,0.159006106271736,0.3178194766332634,0.1371504277539477,0.0436757220103793,0.041802030803295,0.0531977980551393,0.0448026677374846,0.035520012484339,2009-09-30,10,0.0621463138792649,0.0014813531502885554,0.0,0.0,0.0
raw,393,train,7060047060.0,False,1980,1989,1990,1999,10,10,0.0917029385914514,0.0521490025424934,0.0514010630840009,0.3269394592987679,0.9968763678975532,0.2691719112510642,1.154365451974163,0.0,40.389801259238986,0.1290344535777453,-0.2954731373699297,0.035920857585317,0.0375579901808779,0.0516570575068807,0.0516023009388985,0.1312014337911422,0.2536792563983513,0.147541162380748,0.0687655265606835,0.0630159513697153,0.0708439649681589,0.0494665372372043,0.0387479610820217,0.2755383962147669,0.9973952690880336,0.0877412439902535,1.322589739579855,0.0,44.2688047645126,0.1503251528936366,0.5630828051031376,0.0354611030176191,0.0372028520500211,0.0510739258924099,0.0487107678047846,0.1251116760146886,0.3024573594274869,0.150912061894106,0.0616909448231401,0.0504350614918969,0.0540938181511158,0.0480124673968695,0.034837962035861,1989-09-30,10,0.09835348310875888,0.007310194846829466,0.0,0.0,0.0
raw,393,test,7060047060.0,False,2000,2009,2010,2019,10,10,0.6276813106961083,0.1284344430506537,0.0076034952663138,0.2318804158587709,0.9967221646431376,0.0651098130276183,1.2005415453041808,0.0,24.96397892143444,0.1152186955435713,0.4109303616274813,0.0515025015786501,0.0494862266096735,0.0687593177643363,0.0565580201158164,0.1426705535701234,0.2272517593512646,0.1158573456208433,0.0496390994898041,0.0558588358600234,0.0656892057392521,0.0637273754908728,0.0529997588093394,0.224276920592457,1.000197410031747,0.039825443984795,1.415008903496056,0.0,46.76407375925418,0.1621844762037262,0.4135674849436848,0.0336114150046528,0.0347916652508921,0.0474873912316489,0.0515980323893291,0.160590105656525,0.3177967999111478,0.1358271960252122,0.0432281120703809,0.0416655250075759,0.0531782156118488,0.0447596757139756,0.0354658661268103,2009-09-30,10,0.05636471037451124,0.00023792208482834918,0.0,0.0,0.0
cars,398,train,7060047060.0,False,1980,1989,1990,1999,10,10,0.0253220912005519,0.0182592084810721,0.0085532411279975,0.2227897731507098,0.9619487468758674,-0.0123180314678845,1.5183776702999785,0.0,7.866516679441555,0.2094222165419339,-0.2229729855285789,0.0110085667328365,0.0089987222168184,0.0099307360359737,0.0204006795877203,0.13982484887627,0.3223507710308436,0.2599168489089965,0.1169732013856831,0.052008098013599,0.0296426018995435,0.0155465109238688,0.0133984143878459,0.2142365320227123,0.9978530853635308,0.0042279888796005,1.525748277841649,0.0,8.068256793339366,0.2104961153257982,0.382367950337427,0.0122722444056446,0.0079135004766164,0.0093187832489635,0.0201459406571621,0.1353380007873774,0.3331276951144476,0.2490729951299403,0.1189895017672067,0.0549724146629213,0.0286660087441909,0.0166212374778328,0.0135616775276962,1989-09-30,10,0.0647482687233008,0.0005074665205548799,0.02053107035313441,0.02053107035313441,0.0
cars,398,test,7060047060.0,False,2000,2009,2010,2019,10,10,0.2790833582428999,0.0583296569293548,0.0379403787370544,0.2256658031207516,1.0149840514000403,-0.000273870112845,1.4685607940969818,0.0,6.207322085421155,0.203603160693201,0.2222120909570857,0.0115558224968684,0.0096104443787083,0.0098863469452587,0.017938882379462,0.1861926696148262,0.3138849900978727,0.2359662947429745,0.0992285340833634,0.0506093896047355,0.0346012485130058,0.018035066949212,0.012490310193712,0.2636061818578061,0.9950030519103512,0.0020402812929054,1.540072229579357,0.0,8.205567891486897,0.2144016963509333,0.2064450930859189,0.010309242707426,0.0096601771456223,0.0119643654003627,0.0274824744550712,0.1384329289386724,0.3535316284822486,0.2375579372220654,0.0903112516514095,0.0502033355729306,0.0392407461675943,0.0184133369169783,0.0128925753396179,2009-09-30,10,0.040235541506545104,0.008648550166581153,0.005474952094169176,0.005474952094169176,0.0
raw,398,train,7060047060.0,False,1980,1989,1990,1999,10,10,0.0203909636167525,0.0190814274351889,0.0069616269355596,0.2235685487869292,0.9503375830441544,-0.0035262846428762,1.535332142836177,-0.0002794857462269,7.940368641699275,0.2122353539021577,-0.2128412313105114,0.0109965847653057,0.008780935902216,0.0099226560866864,0.0208434593815366,0.1412389210957205,0.3263152229698178,0.2614277348707292,0.1145195291102041,0.0492006885167208,0.0277894488751203,0.015651390311918,0.0133134281140244,0.2166069218513696,0.9969169843402008,0.0045656790137801,1.5300158896643143,0.0,8.103942455947136,0.2108532549973102,0.3815092619537047,0.0122014972113935,0.0077963154864357,0.0092685485551353,0.020382306308668,0.1371452390725009,0.3337067851112196,0.2485398704789597,0.1182491974540998,0.0544079693630924,0.0283961968665724,0.0164561702594922,0.0134499038324299,1989-09-30,10,0.06414006803527356,0.0005643807108858825,0.02053107035313441,0.02053107035313441,0.0
raw,398,test,7060047060.0,False,2000,2009,2010,2019,10,10,0.2781517917544354,0.0594794153399255,0.0312605809770644,0.2315010968717211,1.0144918644642338,0.0001603537404396,1.4763171344952732,0.0,6.236212496559317,0.2038769471042175,0.2249550598598197,0.0115368623809153,0.0096080271325767,0.009804662396452,0.0180214564162682,0.1886607880594064,0.314273733942557,0.2343560426833144,0.0987641330216594,0.0503819711725199,0.0344039766668314,0.017833074978284,0.012355271149215,0.2627616778487855,0.9909371542943288,0.0047959693852785,1.5460405001363158,0.0,8.236082599118943,0.2150916275962209,0.2023450948893133,0.0101762578254091,0.0096223264369488,0.012035922834984,0.0277253858899334,0.1401282272604312,0.3551809065700609,0.2359853352932988,0.089580500438398,0.0499793537703371,0.0385338342094386,0.018160057221079,0.0128918922496808,2009-09-30,10,0.04229760449840369,0.009517688327656494,0.005474952094169176,0.005474952094169176,0.0
cars,41,test,7060016090.0,False,2000,2009,2010,2019,10,10,0.140044319021497,0.0392283054586693,0.0263648539649467,0.2799836461082167,0.994939740555426,0.0721125849054651,1.0387689006301808,0.0016424856282507,82.1411178242818,0.1194982681249261,-0.0150601406424245,0.0664483284480178,0.0374857238891413,0.0544169565076523,0.0864327307781475,0.1932882700951221,0.2017034187828189,0.1001639142861176,0.0431505144870837,0.0283966864118665,0.0456507135011827,0.0817086267688519,0.0611541160439974,0.3063485000731634,1.0138933501224023,0.1388666152591356,0.8899185383260438,0.0024644030668127,94.48896320771227,0.1140357608470801,-0.0686926275531629,0.0568869935961808,0.0553709454505713,0.0540472246854299,0.0866982377297139,0.1981146491636015,0.1755123620226031,0.1081266556871952,0.0439614516546284,0.0323215143288921,0.0476403906950461,0.0832716409665342,0.0580479340196031,2009-09-30,10,0.1068047838068585,0.008687164804026802,0.0,0.0,0.0
raw,41,test,7060016090.0,False,2000,2009,2010,2019,10,10,0.1400989209245302,0.0391505752842555,0.0249967549481449,0.2804662802047036,0.994864973042364,0.0524643393500038,1.0574588075890965,0.0032849712565015,82.14341500136874,0.1195676838185591,-0.0150277042755966,0.066626523797064,0.0371996231078095,0.0547724955880695,0.0870108012668181,0.1946095125603986,0.2008031162206391,0.0991057133538837,0.0429077298807332,0.0283971306085203,0.0457237038057416,0.0818356269961703,0.0610080228141513,0.3054630351528485,1.0139475934579891,0.1243534629619415,0.9017701128344838,0.0032867707477403,94.4967652697891,0.1141484883430991,-0.06854979642583,0.0571275788084607,0.0551604806258086,0.0541831864675248,0.0871029425460053,0.1991053155945596,0.1751985383282326,0.107132481597729,0.0436837915120095,0.0324727196660457,0.0481437935484858,0.0831388917736877,0.0575502795314504,2009-09-30,10,0.10229985854946233,0.008832872778657172,0.0,0.0,0.0
cars,413,test,7060014930.0,False,2000,2009,2010,2019,10,10,0.2682029506364684,0.0795589898765627,0.0110336505493118,0.0259910794039343,1.0108991449793356,0.0006909563531142,0.9097928103249532,0.0,152.0597736645906,0.13769225339256,0.0779641038388324,0.0228259919446324,0.015756315192824,0.0225146442749188,0.0911283298783158,0.1527724261733053,0.1689268225970707,0.1953875803565148,0.1609683088461555,0.1016369449691491,0.0360273035122565,0.0141450673099806,0.017910264944876,0.0149574288546225,0.9989075533153312,-0.0044028072986217,0.8466165393465135,0.0,198.83525985963,0.1215397133808503,0.0800688833951603,0.027164757033125,0.0272025918437396,0.0575037910231922,0.111206050871611,0.1544202489427313,0.1669603619123943,0.1585570273395287,0.1312554061775094,0.0905878714628948,0.0364446588582682,0.0165616187170687,0.0221356158179364,2009-09-30,10,0.04487697095459507,0.0008864509729294018,0.0093074185600876,0.004927456884752259,0.0
raw,413,test,7060014930.0,False,2000,2009,2010,2019,10,10,0.2703423091801821,0.0794567950944904,0.0115012647641295,0.0266896033666763,1.0108885724886776,0.003252845054177,0.907657371072053,0.0,152.78932495164412,0.1380319057542972,0.0812313061908671,0.0228528875300442,0.0157084986784941,0.0224942910054851,0.0922176887941101,0.1530757386029258,0.1698328179793834,0.1955191034547229,0.1609939988794572,0.1003247636575476,0.0355095920492153,0.0135610826971015,0.0179095366715123,0.0151883386025468,0.99918094850773,-0.0022625439117069,0.8415695426378245,0.0,200.2171085635359,0.121737801451288,0.0887597579119404,0.0272109254636982,0.0272371442396633,0.0578505281227636,0.1118869093724532,0.1546363786836905,0.1672061480255025,0.1585437889562351,0.1311562347885689,0.0903077171063141,0.0357837850034542,0.0161826153985248,0.0219978248391308,2009-09-30,10,0.04426550783419549,0.0009703892469278708,0.0093074185600876,0.004927456884752259,0.0
cars,415,train,7060047060.0,False,1980,1989,1990,1999,10,10,0.2904067068875867,0.0630945892817389,0.0517986348269196,0.0417613468547298,0.9332021828567034,-0.0055907283679365,0.807097954903245,0.0,48.83233728525691,0.1094972595493386,-0.1161786630683959,0.0411749248646937,0.0374970192452425,0.0505569728827066,0.0771876246376206,0.108487096419153,0.1400207743104927,0.1745658372457735,0.14887060712272,0.0898209274110618,0.0426317620005348,0.0466653418517969,0.0425211120082032,0.0935599816816495,0.9187150045111238,0.1326028628145605,0.8899699009971674,-0.0082146768893756,36.52460108225392,0.1163251036199416,0.3130371173132011,0.0371062054184253,0.0341255636627461,0.0630714986301646,0.0922728742353458,0.118988641505112,0.1591889035625307,0.1673449504277393,0.1546957467212788,0.0827365803298255,0.0164199453756147,0.0373995567644594,0.0366495333667571,1989-09-30,10,0.015633101820323566,0.0009428286023205446,0.0,0.0,0.0
cars,415,test,7060047060.0,False,2000,2009,2010,2019,10,9,0.309394566468622,0.0857337586992865,0.0006483258473824,0.0750463971974288,0.9112988882419646,0.0411744632690134,0.7652020526565466,0.0,31.952450512939535,0.1169323171715061,-0.0276009874718429,0.0409105312736274,0.0381770041016871,0.0549469405923924,0.1081581634960814,0.1071077618875832,0.151744377367717,0.18684041676638,0.1472618149758424,0.0672684537063164,0.0187838535791446,0.0374841781480714,0.041316504105156,0.0743980713500463,0.9350092870525094,0.0443895443632018,1.0737926134535989,0.0,43.53840589546875,0.1370166537041605,-0.2490723851535893,0.0271116467464039,0.0251584378794928,0.0528099569069206,0.0955334535546128,0.1263701520756222,0.2057474073105447,0.1993087553347999,0.1405012193699352,0.0671743730625367,0.0073581986137955,0.0263994534485917,0.0265269456967434,2009-09-30,10,0.0188801273806806,0.0013633688852841418,0.0,0.0,0.0
raw,415,train,7060047060.0,False,1980,1989,1990,1999,10,10,0.2867789211617776,0.0626571777405763,0.0572408965649701,0.0410044899753651,0.933170039309598,-0.0057993150546207,0.8097301182300448,0.0,48.833353134410075,0.1094960108150968,-0.1162322698185022,0.0411916168980175,0.0374616064235041,0.0506845409242478,0.0777580578055933,0.1084812715708236,0.1404950636908299,0.1743656878635367,0.1488158812980938,0.0890644646141722,0.0425486290046284,0.0466661033634621,0.0424670765430898,0.0982453865403353,0.9171322491271175,0.1761138367800371,0.8935697544599868,-0.0098928276999175,36.65810772190162,0.1163372608845434,0.3060722128331424,0.0370776948353694,0.0341460279711248,0.0634696531950716,0.0921876210420818,0.1197451216484963,0.1591466295505057,0.1674080348546322,0.1543429675940094,0.0821177219408496,0.0162042021740306,0.0375899106299668,0.0365644145638612,1989-09-30,10,0.01543453297596386,0.0010428903494266617,0.0,0.0,0.0
raw,415,test,7060047060.0,False,2000,2009,2010,2019,10,9,0.309379621058535,0.0856893382888136,0.0011163973406731,0.0756970763272155,0.9112564277144676,0.046097454361381,0.7687308198501036,-0.0002737476047084,31.954042157131127,0.1169447786157778,-0.0276497392943233,0.0408842287834063,0.038249670713438,0.0551006751449667,0.1085178912679444,0.1072277222396016,0.1521735346092624,0.1868497303597361,0.1466292748184165,0.0667523324029319,0.0185911850063612,0.0376972074148785,0.0413265472390559,0.0745806789865424,0.9350048873034432,0.0496831368571434,1.074587372405342,0.0,43.53992394280498,0.1370399516001567,-0.2490872138402492,0.0271457302422312,0.0251451535061869,0.0531286463060349,0.0958268598427301,0.1268150328409043,0.2061530692677877,0.1989722233887218,0.1400512857671201,0.0665174121670622,0.0072877034550988,0.0264975205730355,0.0264593626430861,2009-09-30,10,0.018312470482060923,0.0007625794477338168,0.0,0.0,0.0
cars,416,train,7060047060.0,False,1980,1989,1990,1999,10,10,0.2135315516073816,0.0953553364356666,0.0412974690671605,0.1960284693729651,0.9686292992396828,-0.0635592453349295,0.8771950836287825,0.0,50.41385639149081,0.0936850144432586,-0.2597495096224253,0.0769283484410176,0.0717314405611881,0.0839559730772482,0.101801688770192,0.1167933114685913,0.147589184794166,0.1125918583067378,0.0655604316930656,0.0419733314386757,0.0533419072718553,0.059060301724509,0.0686722224527528,0.1547310003058045,0.8972141200842985,-0.1638935358488057,0.7561427155371724,0.0147864184008762,40.72061658057129,0.1024421698269024,0.4561271270385816,0.0505244347511309,0.0509382107804955,0.083625166892628,0.1009140124116682,0.1273310038833175,0.1694815532190278,0.1259200085706585,0.100256212704774,0.0568746757591252,0.0401788996632567,0.0446665817488847,0.0492892396150325,1989-09-30,10,0.07302365096269244,0.009682150118062744,0.0,0.0,0.0
cars,416,test,7060047060.0,False,2000,2009,2010,2019,10,9,0.3360280610759849,0.1660320237029262,0.0283258349361294,0.1542414064691299,0.9826239277783338,-0.1183915821915058,0.6299105700403722,0.0,32.517514579480036,0.0978611451160484,0.2462078389958466,0.0534797412080684,0.053576274359485,0.066731085230414,0.1006032225139845,0.1311224446628856,0.1412902179000779,0.1356057515728797,0.1013937248839962,0.0598225358189268,0.0525497533764486,0.0512354426428591,0.0525898058299737,0.1825672414052594,0.9565703404959414,-0.0716780182310494,1.109489558985452,0.0,45.50430402274221,0.1336369447179643,-0.2242556193297097,0.035067302927488,0.0414323657160894,0.0586128907903602,0.1286806818927784,0.1711731587176714,0.2391940681694243,0.1235710394302041,0.0627509552581957,0.0437194174004916,0.0313851167578142,0.0308043557482212,0.0336086471912609,2009-09-30,10,0.11597369040505105,0.03208212661698129,0.0,0.0,0.0
raw,416,train,7060047060.0,False,1980,1989,1990,1999,10,10,0.2129644093988008,0.0956939423778184,0.0324879425795369,0.1841121267598047,0.9685818679938214,-0.0476264393082898,0.8868623829525908,0.0,50.417373939228035,0.0936956712653702,-0.2598221717504003,0.077132584146331,0.0715735622858489,0.0840508320289239,0.1022300423108678,0.116684646971562,0.147959034995839,0.1117254633070681,0.0654726417938901,0.0418119284559368,0.0534443263035735,0.0591689844076112,0.068745952992547,0.1516241841802678,0.8973198381154895,-0.2105699212003524,0.7664592214484736,0.0153592978606692,40.74656034009874,0.1025488205642692,0.4555243512807694,0.0505756322182046,0.0510943047001688,0.0839158158920077,0.1010394861580951,0.1278979701661042,0.1696477494618928,0.1257431385917575,0.1000947961382226,0.0559640035441374,0.0401606712792471,0.0446311966039704,0.0492352352461911,1989-09-30,10,0.07116637031535593,0.008645061035435483,0.0,0.0,0.0
raw,416,test,7060047060.0,False,2000,2009,2010,2019,10,9,0.3360562908329977,0.1659024797788096,0.0315074905556201,0.1473947237024346,0.9826769880752682,-0.1116510674495997,0.6406012253594627,0.0002737476047084,32.51737831918971,0.0978665649980574,0.2462366740365374,0.0535627760053136,0.0536690427522917,0.0667084937117538,0.1012023110504544,0.1312662622828149,0.1412887242764998,0.1354054796179108,0.1010051665776087,0.0595783847661554,0.0525653855977266,0.0512618227017576,0.052486150659712,0.1789022142580548,0.9565807051324318,-0.0644494968362055,1.1147514746183935,0.0006084575600851,45.5053979312443,0.1335760306242445,-0.2242656007824061,0.0351329923429083,0.041566600920709,0.0589613017623393,0.1291314690929895,0.1716611173339873,0.2388671909616021,0.1227296503228791,0.0625090175583565,0.0436836750873599,0.0313900851220069,0.0310922370205541,0.0332746624743075,2009-09-30,10,0.1090207853358221,0.02973437347923231,0.0,0.0,0.0
cars,419,test,7060008710.0,False,2000,2009,2010,2019,10,10,0.2731215710118591,0.1228417189994443,0.070748887784105,0.5123694735582704,0.9731779616045748,-0.0949758907009911,1.5548394665442866,0.5482720789906748,1.8427922290757393,0.1983534653889277,0.1099574634985931,0.0199299274061817,0.0150299555419729,0.0405114415746536,0.0603081097785444,0.2746505891928134,0.3127778544248861,0.1156933540334301,0.0513643344618145,0.0307342928481429,0.0358698501484748,0.0230793349948999,0.0200509555941852,0.4416205857741654,0.990799263040574,-0.0825920854695994,1.7629136141644923,0.6467688937568455,2.4215395320610504,0.2155181791025994,0.3158428006152405,0.0104286642640697,0.011132150041353,0.0380071622760778,0.052050908420773,0.195305320193013,0.3771451282366976,0.1534583902835329,0.0691956639065551,0.0336123723409324,0.0271793715983728,0.0190154645255002,0.013469403913122,2009-09-30,10,0.11555270409362757,0.018743141426168192,0.04325212154393649,0.042704626334519574,0.0
raw,419,test,7060008710.0,False,2000,2009,2010,2019,9,10,0.2670504249288846,0.1210342577362389,0.0592438332558433,0.5000644879242638,0.8833196874535177,-0.0834695687946645,1.5422421578127483,0.5403276622558286,1.880925015752993,0.1966024747231623,0.1560051265413672,0.0199634643293128,0.0149611661934159,0.0436218688735918,0.06061015173057,0.2679381901945308,0.3149742648980177,0.1170699236322071,0.0490157881266105,0.0293059227585134,0.0378730115764408,0.0239649343322742,0.0207013133545146,0.4408206546684204,0.9864337134375948,-0.0871091477871219,1.769883892830675,0.6192200557103065,2.4566880222841228,0.2166667062715979,0.3160432740109109,0.0103417310031963,0.0110147842680602,0.0383819509247112,0.0523851098303647,0.1976479418924634,0.3781611450069222,0.1520774963688459,0.0687219584761511,0.0324395572996685,0.027022136150421,0.0183408148525258,0.0134653739266693,2009-09-30,9,0.12666019040023263,0.01735904603112867,0.04325212154393649,0.042704626334519574,0.0
cars,42,test,7060016090.0,False,2000,2009,2010,2019,10,10,0.1138445276291457,0.0376327131562073,0.0258717654049529,0.3379496880808614,0.9586161835460318,0.2462971210637109,0.9671500100287184,0.0,103.5288525631504,0.1132947137893784,0.0036262238993454,0.0635752114453711,0.0361195277939832,0.0530794252286869,0.081021930072693,0.1793028613138317,0.1924276711541176,0.1111610289752035,0.0583596039309046,0.0369574919491133,0.0494292792787142,0.0796846981549387,0.0588812707024419,0.3638214534858144,0.9324248271039156,0.2897566640704344,0.8344537214635749,0.0052026286966046,116.01214341180928,0.1095696653046283,-0.0813850819744714,0.0551746943738983,0.0516866057077502,0.0520916652439811,0.0835823500192277,0.185872209518149,0.1697220139466931,0.1160706698930165,0.055955627650203,0.0397355905393475,0.0516292693900722,0.0827328356271216,0.055746468090539,2009-09-30,10,0.0992118328502509,0.004202444038231343,0.0,0.0,0.0
raw,42,test,7060016090.0,False,2000,2009,2010,2019,10,10,0.1138417820059672,0.0375859951849635,0.0278055277689229,0.338416261423155,0.9585682950437427,0.2433142544309462,0.988215512363526,0.0,103.5319531891596,0.113351955605132,0.003648944296363,0.0637441146730429,0.035861483892645,0.0534086625217501,0.081527806982098,0.180522827437094,0.1917528433366567,0.1102321965451155,0.0580926592909388,0.0369507292031399,0.0493817375082867,0.079781471407261,0.0587434672019711,0.366221789192078,0.9323976334612862,0.28947044210855,0.8474933467706554,0.0057518488085456,116.0152993700356,0.1096692123681963,-0.081376304236842,0.0553967940901305,0.0514690071784702,0.0522174893875976,0.0839315982130238,0.1868194439867627,0.1695473899968113,0.1151802936823059,0.0556809890802518,0.0398050169801413,0.0521919447254685,0.082446943394431,0.0553130892846049,2009-09-30,10,0.09786555100440522,0.004006931521932039,0.0,0.0,0.0
cars,421,train,7060047060.0,False,1980,1989,1990,1999,10,10,0.1668273833835568,0.0534706871399782,0.041061746901047,0.4451925713611003,0.986260680766853,0.1940324995462856,1.474036545153828,0.0,44.954281819092515,0.1694301679306444,-0.3379563695115632,0.0242003507901842,0.0276867511625725,0.0519364860057869,0.109862244723108,0.235510862118287,0.2802019184004112,0.1209358659206138,0.0413124450533405,0.0206772106350305,0.0313899576920979,0.0294142050736887,0.0268717024248782,0.4041308244600533,0.9125367103871348,0.2099189724079727,1.3999429108809447,0.0,38.04686275717495,0.1790363777009081,0.5680285464918959,0.0254037561512752,0.0274877920480956,0.063153186580064,0.0901649886499843,0.2219955958129778,0.316279490299925,0.108356152186887,0.0369238179138626,0.0221842758917063,0.0288220839326093,0.0328801491221092,0.026348711410503,1989-09-30,10,0.20763309054840456,0.02050748238115,0.0,0.0,0.0
cars,421,test,7060047060.0,False,2000,2009,2010,2019,10,9,0.4046794936819497,0.0797349587884873,0.1501854431192705,0.4033623249586614,0.9814841438520796,0.3390100505943146,1.4162097025869955,0.0,29.240185207750624,0.1690411691003824,0.6303553851502042,0.0317005500562269,0.0306398265459941,0.0678724592074326,0.1196043723474239,0.257690406307077,0.2668498527999904,0.0786666242595133,0.0299509579505581,0.0224696185833329,0.032059420766229,0.0320609376341657,0.0304349735420556,0.2531768818393909,0.9586370963335792,0.1793428503001562,1.621727019079147,0.0,43.82583407615861,0.1840335959931956,-0.2793518825467403,0.0262316889277769,0.0279604087356901,0.052544251190184,0.0998908100765339,0.2355492212232092,0.3137420614920448,0.1108686038273948,0.0305917284791096,0.0199403488157275,0.0282249725364893,0.0283303279255597,0.0261255767702798,2009-09-30,10,0.15777804095704154,0.02546071555788849,0.0010949904188338351,0.0010949904188338351,0.0
raw,421,train,7060047060.0,False,1980,1989,1990,1999,10,10,0.1666774785745899,0.0533073569349807,0.0415160552391577,0.4455121024404503,0.9861486561051058,0.2248402743941746,1.4807942390385251,-0.0005474952094169,44.96080618669587,0.1694809427125689,-0.3381121147341491,0.0242465766560984,0.0278394191004635,0.0520701532633359,0.110563432913632,0.23692556996368,0.2793420129129714,0.1197754591438569,0.0408087464931663,0.0206961899016891,0.0315838246439358,0.0293062561865712,0.0268423588205988,0.4039960472012925,0.9124972245428798,0.2433122674470639,1.407176822676083,-0.0005477951246233,38.05808929060531,0.1788797408040993,0.5676321965624882,0.0254166525009081,0.0275862949460325,0.0634797169320171,0.0905692507533856,0.2238341863830755,0.3149182982861673,0.1073799926598101,0.0365211582023944,0.0222959922787812,0.0289375139924348,0.0328578858577732,0.0262030572072198,1989-09-30,10,0.20503390303683564,0.01954833536200989,0.0,0.0,0.0
raw,421,test,7060047060.0,False,2000,2009,2010,2019,10,9,0.4038733032505732,0.0797745309916217,0.1485760513867321,0.4035093113691528,0.9810530256015092,0.3715797247576254,1.4232378751598942,0.0,29.26424472458207,0.1691139344665244,0.6307953710951666,0.0315478744724141,0.0307547778916127,0.0682837323877443,0.120284510510344,0.2593305671517546,0.265269637620012,0.0777819374250721,0.0298060043491595,0.0223972643257617,0.0321341446952368,0.0320141374609029,0.0303954117099847,0.2549332599824206,0.9586458049940266,0.1982314453864177,1.6261910044955408,0.0,43.826548220261635,0.1838689022993919,-0.2795242059170935,0.0262568935493865,0.0279883852782934,0.0528855266103348,0.1003605953785348,0.2372576133712491,0.3123159801952915,0.1099618553278007,0.0303542748627731,0.0198940267502508,0.0282960116637575,0.0286065674276553,0.0258222695846718,2009-09-30,10,0.1608649606662115,0.02763212499489575,0.0010949904188338351,0.0010949904188338351,0.0
cars,423,train,7060008710.0,False,1980,1989,1990,1999,10,10,0.0980595258272754,0.0473015747005786,0.2065798815045535,0.1017046910685604,0.9916868463121792,-0.0001705512315081,1.2151432704392306,0.0,50.91334290906423,0.1463183544831937,-0.1926425616771446,0.0257878497711926,0.0240219703764801,0.0385305167671408,0.0837983877864685,0.1591710462218389,0.2629905683817813,0.173047997289601,0.0754351170750543,0.0453280030810489,0.0481045775117484,0.035836159458639,0.0279478062790055,0.3082845725731139,0.9860167407254582,0.1871193265977264,1.2824098014422929,0.0,46.15777887320031,0.1606250200755872,0.6057708652588382,0.0246373861357345,0.0223190295966305,0.0482045751684828,0.0649204400455075,0.1514513545319003,0.2991139860543332,0.1720171230239621,0.0769392157017391,0.0414658823539886,0.037623319783568,0.0357067021644225,0.0256009854397302,1989-09-30,10,0.11118652585679864,0.020225414270961906,0.0,0.0,0.0
cars,423,test,7060008710.0,False,2000,2009,2010,2019,10,10,0.406323514241831,0.0517670075376891,0.0671620497069183,0.3281289426471836,0.9858451211314578,0.1990465687625178,1.157789881956303,0.0,31.653438552113215,0.1376626148407516,0.3788037304911826,0.0348284022959362,0.0316397819278649,0.0600116224286553,0.0907994914457011,0.1587369194758604,0.2610630902036417,0.1426272954829794,0.0539701691140889,0.0387995465883184,0.046717084764651,0.0450489355104304,0.0357576607618718,0.2609668929402653,0.9880440517998884,0.2354241466112502,1.274428591959591,0.0,47.52093258502389,0.1549899138564109,0.2955942916748743,0.027458065205655,0.0268845208563356,0.0519702390652332,0.0839989530339168,0.1693898029106976,0.2864810268552021,0.158323482934271,0.0517197123144642,0.0342977565604665,0.0423595321476673,0.0372945934932792,0.0298223146228109,2009-09-30,10,0.05293499147480263,0.0052607968343907265,0.0,0.0,0.0
raw,423,train,7060008710.0,False,1980,1989,1990,1999,10,10,0.0978654194248288,0.0476598855418228,0.2072785834307088,0.1013464267299283,0.9916997879455364,-0.0052202191391465,1.2165425961189185,0.0,50.917402682726525,0.1463519978815453,-0.1928060390174807,0.0258064955598798,0.0240674160550902,0.0387275093473554,0.084281767707481,0.1602863447084383,0.2630811309720506,0.1720403879818628,0.0747425157393547,0.0453425931409759,0.0480397467389362,0.0357020891771105,0.0278820028714642,0.3086250101606371,0.9860519308350388,0.1867017865052484,1.284255025203651,0.0,46.170420547945206,0.1606566605738797,0.6056248326211116,0.0245457278034887,0.022369181573199,0.0485024762488774,0.0652282593193228,0.1523942907525416,0.2993181514809027,0.1709984691319446,0.0763904138708033,0.0414063953120433,0.0376534380207312,0.0356289668588442,0.0255642296273006,1989-09-30,10,0.11095811125610268,0.020209768415278433,0.0,0.0,0.0
raw,423,test,7060008710.0,False,2000,2009,2010,2019,10,10,0.4065277264463346,0.0517901452757251,0.067434812263302,0.3286078843081458,0.9858212070405676,0.2011174915616969,1.160238805396418,0.0,31.654133862578703,0.1376544519128466,0.3787620875773704,0.0348044643588292,0.0316553510957308,0.0603999733604424,0.0909085798859527,0.1602496860940134,0.2608144742910671,0.1412694250773729,0.0536388927370459,0.038793116308573,0.046792178787096,0.0448993034841893,0.0357745545196871,0.2611730720448437,0.9879503973797212,0.2364317761537316,1.2760966671830938,0.0,47.53168200493016,0.1550534939950474,0.2948008264964568,0.0273963530478836,0.0269135428423986,0.052297456794102,0.0842098422254317,0.1704075756336051,0.2866212644363988,0.1570948906681746,0.0513493483805358,0.0344133395297798,0.0423178195187962,0.0372364302491121,0.0297421366737811,2009-09-30,10,0.052917723502045495,0.00530659934133658,0.0,0.0,0.0
cars,442,test,7060073620.0,False,2000,2009,2010,2019,10,10,0.230892992482576,0.0756362622039976,0.0084157635440479,0.2964911515481112,0.936921036857683,-0.0261922995821899,1.2366862375800292,0.0,0.6223203101679382,0.1463302518882861,0.3855228798512707,0.0472654668156943,0.0449834681196481,0.080306661723865,0.2121341473633537,0.2684694321563862,0.0828907901372927,0.0499367978836857,0.0457242663405916,0.0401899988653603,0.0437932936113797,0.0406141427786238,0.0436915342041186,0.2880753880040633,0.980959925368162,-0.0156418995615914,1.823018427767052,0.0,0.7839520994055272,0.1644987667825247,0.033402419529666,0.0371516355470528,0.0418025811442834,0.0853434597902148,0.2136717538875572,0.2912429336985042,0.129179146208619,0.0435982543714403,0.0313998315382891,0.0279119607100295,0.0317935628445161,0.0315227652391725,0.0353821150203205,2009-09-30,10,0.09694746200838261,0.0062763019353585196,0.04379961675335341,0.04379961675335341,0.0
raw,442,test,7060073620.0,False,2000,2009,2010,2019,9,10,0.1851265617941165,0.0633132679234752,0.0104446390905579,0.2857415201534098,0.899604792034589,0.0030558653076722,1.2570778854070774,-0.0006283380458686,0.6544791077599749,0.1556219221309288,0.4924556042464563,0.0457323732111115,0.0436264855100813,0.0777186328578965,0.2204096856433374,0.2823641625628178,0.0845518472240156,0.0476745709859845,0.0421964787944741,0.038076868981335,0.0382612001591776,0.0374945936721602,0.0418931003976081,0.2752968810628519,0.9789697797609316,0.0025394213340225,1.8305310376323751,0.0,0.7875810024923844,0.1662850559745786,0.0232553551484822,0.0369214702764284,0.0420242233087373,0.0861553716567245,0.2159868914944153,0.2930447211717485,0.1287478177397321,0.0431480104291382,0.0307793196446497,0.0274076066604429,0.0305064601936387,0.0304055443915251,0.0348725630328187,2009-09-30,9,0.09820068296124926,0.009463948071376627,0.04379961675335341,0.04379961675335341,0.0
cars,445,train,7060008710.0,False,1980,1989,1990,1999,9,9,0.0093315217220408,0.0529540685082733,0.057101514636067,0.1659348269996159,0.975169271109752,-0.0825712291866221,1.5757980907245928,0.0,4.783445806617496,0.2191300862565475,-0.1554445814680734,0.0124220455404853,0.0113311050014675,0.0223015247951895,0.0402378893826245,0.2514094435045466,0.3557350947845416,0.1413637783814608,0.0642056665685937,0.0356762717224677,0.0321024063947868,0.0194106425901665,0.0138041313336689,0.2230363416356829,0.9800438718781316,-0.0722822962214925,1.6473910925879434,0.0,4.8282915491584495,0.2206728397969042,0.2482178664677076,0.0139728287389924,0.0116311875566612,0.0134910345059471,0.0291207553374068,0.2235251508040258,0.360220772820803,0.1795842037762255,0.0656153117884041,0.0406149168017521,0.0285668088560095,0.0178040886556515,0.0158529403581205,1989-09-30,9,0.07174741031999997,0.006093460207584083,0.04078839310156036,0.025458527237886667,0.015329865863673693
cars,445,test,7060008710.0,False,2000,2009,2010,2019,10,10,0.239598828358534,0.1054479146664773,0.0323684436223574,0.2565192805368019,1.0024505349824646,-0.0949088713618367,1.6206183035434094,0.0,3.537208852901726,0.2126314732019217,0.1912168548956438,0.0173005206907303,0.0145153192551975,0.0183506515129918,0.0496543660597414,0.3193866834397779,0.2951555915806309,0.1190280795955796,0.0453544192025786,0.0366269855015832,0.0405858119514813,0.0243882888818218,0.0196532823278854,0.2241508369144445,0.9978923422594886,-0.1166097825321414,1.7469402209886873,0.0,4.494870172567741,0.2187666202011563,0.0423429838620734,0.0144208624787587,0.0124237935963019,0.0175641321212975,0.0536337033442359,0.2278509699185559,0.3705454756621281,0.1416208709855768,0.0470487201429514,0.0348493594025732,0.0423774129215969,0.0210152889223616,0.0166494105036618,2009-09-30,10,0.047271170470453754,0.006790422694187048,0.0071174377224199285,0.0071174377224199285,0.0
raw,445,train,7060008710.0,False,1980,1989,1990,1999,8,9,0.0269248350479546,0.0392871103848025,0.0711325301475532,0.1540386696804235,0.972587989532444,-0.0911543606041697,1.5690370220356056,0.0,4.96959220598469,0.2210407244515142,-0.0840559616876308,0.0128254587677544,0.0116896017870125,0.0202240375147172,0.040220035444507,0.2452832843973593,0.3611727634056749,0.146128214118878,0.0626079634755781,0.038161377809991,0.0285053682072629,0.0189028502357552,0.014279044835509,0.2251711998279767,0.9813558290917204,-0.0721436284549713,1.6608027390221671,0.0,4.837572041692213,0.2214864593221873,0.246644360135811,0.0140278679050149,0.0117200966276641,0.013571978991341,0.0295121849208119,0.2247645777989576,0.3613203541662442,0.1784208778618214,0.065430895504228,0.0393126558919554,0.0281740489323302,0.0178256747713584,0.0159187866282724,1989-09-30,8,0.04242517360460732,0.003915823328026952,0.04078839310156036,0.025458527237886667,0.015329865863673693
raw,445,test,7060008710.0,False,2000,2009,2010,2019,10,10,0.2432356681031401,0.1080981129854423,0.0344040264523462,0.2585428572103122,1.0030370788018883,-0.0889005589544686,1.6344596411350982,-0.0002757099531293,3.543284808381583,0.214030751921737,0.1918525346932201,0.0174061474875994,0.0145653882731455,0.0185053971156972,0.0507000197798014,0.3238100566362167,0.2933371015074201,0.1179049688697672,0.0446657797140161,0.0363562399826821,0.0388311273381911,0.0244534993363417,0.019464273959121,0.224138830757966,0.9974389714285996,-0.1024342542737861,1.7508426557852474,0.0,4.518996143250688,0.2192676750809971,0.0312098454120181,0.0143412966969674,0.0124655906172876,0.017673297831328,0.0542217986929494,0.229662466785451,0.3709133333447127,0.1393949118127359,0.04691660962758,0.0349773554623043,0.0420904567166603,0.0207129914271898,0.0166298909848331,2009-09-30,10,0.05019983958931192,0.008013079249986278,0.0071174377224199285,0.0071174377224199285,0.0
cars,448,test,7060008710.0,False,2000,2009,2010,2019,10,8,0.3471971847806439,0.1493366542532871,0.0074437497360604,0.2317178905334348,1.0049134120200416,-0.0157534950234158,1.6219766989671138,0.0,1.0910277353979343,0.2161203232591197,0.1823091339155991,0.0143906274594691,0.0123144729388845,0.0159625674884949,0.0366241274358005,0.2997206589971436,0.3127036317160035,0.1423556607950697,0.0519768393605171,0.0399867429796772,0.0346266428379077,0.0220154629714271,0.0173225650196043,0.2242741407973743,0.9986946349777828,-0.0185675919784121,2.0550777601531545,0.0517655125128556,1.5439086931679855,0.2509249718981517,-0.2142550591034139,0.0111508608733931,0.0106683375179018,0.0139451820959414,0.035337707204292,0.1869973865155616,0.4186446240322915,0.1857513227320689,0.0472984651278573,0.030834624649076,0.0295061819884637,0.0163810119595426,0.0134842953036094,2009-09-30,10,0.09227770477124768,0.020247557416147838,0.02053107035313441,0.016972351491924446,0.0035587188612099642
raw,448,test,7060008710.0,False,2000,2009,2010,2019,10,8,0.3460713255223576,0.1486664268155873,0.009812911217296,0.2339789882123406,1.0053026163572756,0.0,1.629684581388513,-0.0002794857462269,1.1043200111794298,0.2177235949960368,0.1974517633798113,0.0140595764841416,0.0120946321638911,0.0155259452877906,0.0369732973582837,0.303334862804419,0.3122170995204817,0.1418710552110379,0.0514899435799797,0.0396633273917641,0.0342678291996698,0.0217725650343675,0.0167298659641729,0.2241660769950445,0.998783822236794,-0.0262658855584499,2.052881489239632,0.0322468793342579,1.5609601248266298,0.2515878422900859,-0.2430312720777648,0.0109933584476818,0.0105595328455738,0.01400148251514,0.0357283038885034,0.1889935801363407,0.4197805815395544,0.1829740000075525,0.046994441567823,0.0308942471793005,0.0293028869061304,0.01633676595342,0.013440819012979,2009-09-30,10,0.08759702249033867,0.018425001064148593,0.02053107035313441,0.016972351491924446,0.0035587188612099642
cars,449,train,7060073620.0,False,1980,1989,1990,1999,10,10,0.2002324488368115,0.0602984875506528,0.0003941140004419,0.3056927469306641,0.972118703259988,-0.294766669085319,1.0332693522591825,0.0592984409799554,11.028058826168582,0.121100821439591,-0.219006719832782,0.0367067779669704,0.0439843659568761,0.0638502984473642,0.1033468951277095,0.2019495766275824,0.2036501038963082,0.0799143083706332,0.0565103380088757,0.0545468192742843,0.0618197842588471,0.0510928457138937,0.0426278863506545,0.3052986329302222,0.9627613185223411,-0.2160276316396724,0.9892643770593113,0.1078860898138006,9.02691236856517,0.1165682331551912,0.6012859107151769,0.0345637215092318,0.0387959837338823,0.0640573272859138,0.0799826486580293,0.1732465662553109,0.2117545385568065,0.1041108167703501,0.0685281210965677,0.0672703284367176,0.0609199922308784,0.0538444255636657,0.0429255299026453,1989-09-30,10,0.2178907743254401,0.04031563384755172,0.026006022447303587,0.0008212428141253764,0.02518477963317821
cars,449,test,7060073620.0,False,2000,2009,2010,2019,10,10,0.1411087013318739,0.0739899929112225,0.084829948817497,0.5108964331804531,0.9696799406485894,-0.3368955264623208,0.9568956537529651,0.388354847569349,5.8697722132596155,0.1073570282057083,0.593178823768765,0.0418165589416978,0.0366532402122404,0.0500932909018409,0.1001345357178295,0.1729174531217312,0.1741912788288031,0.0924597714511733,0.0851720276060101,0.0762925982064137,0.0669192848912096,0.0563220948501761,0.0470278652708739,0.426066484362956,0.9827172645343734,-0.2495789114976115,1.2284199076384137,0.0,6.759335113199836,0.1165209795123912,-0.3654232590385546,0.0335262880764343,0.0379618633650447,0.067494559387639,0.1025369995413454,0.164669338782815,0.2042929507426596,0.115235736986421,0.0800082399258997,0.0725779657653724,0.0501481018727571,0.0382609465140897,0.0332870090395216,2009-09-30,10,0.17450696776796798,0.02180855659585303,0.010949904188338352,0.010949904188338352,0.0
raw,449,train,7060073620.0,False,1980,1989,1990,1999,8,10,0.0624264710658142,0.0600935558342108,0.0262494398806545,0.3223879239042362,1.0067730816905167,-0.2969102613452919,1.0335750874642888,0.0608247422680412,9.587071821305845,0.1124531459860389,-0.3807459619410093,0.0455329680624096,0.0451430529350827,0.0614193390949345,0.0939063162056834,0.1855680575563189,0.1927222725019256,0.0819772360250751,0.0629505391693187,0.0557182551717431,0.0685214363171422,0.0560719674788273,0.0504685594815383,0.2961384840235816,0.9629725913352484,-0.1983150053719221,1.0232944340394885,0.1166990830786329,9.006882745207003,0.1178448952292913,0.598082293321515,0.0345144343474045,0.0376558373391766,0.0635671753727529,0.0805710590687477,0.1747056394247108,0.2147687309365555,0.1042074550687071,0.0676827338149692,0.0646551026042231,0.060305028684957,0.0540808669952659,0.043285936342529,1989-09-30,8,0.23426289067206804,0.04335034813859153,0.026006022447303587,0.0008212428141253764,0.02518477963317821
raw,449,test,7060073620.0,False,2000,2009,2010,2019,10,10,0.142440876418288,0.0729294013534113,0.0806646104708856,0.5045444976662925,0.9727398019456456,-0.2987726469012658,0.973580725393844,0.3913645170218655,5.862651812897869,0.1077005847426327,0.5991353038200571,0.0422216075424512,0.0368560479933656,0.0507397850443124,0.1015575145050498,0.1740017744511422,0.1750311034101461,0.0902587844325124,0.0854214151505155,0.075063305643001,0.0659729377552697,0.0557093435243651,0.0471663805478685,0.4238798871954068,0.982724500140876,-0.2483678098365666,1.2332063275379168,0.0,6.7601353053957824,0.1165290422738603,-0.3652702210429052,0.0335937550012653,0.0380353850740323,0.0678569654524036,0.1028010975455299,0.165157532109187,0.2041129271632632,0.1145662615035686,0.0800127902739463,0.0725239892592167,0.0499108756791693,0.0382412092999812,0.0331872116384361,2009-09-30,10,0.17347770107802762,0.021428912318748036,0.010949904188338352,0.010949904188338352,0.0
cars,451,train,7060008710.0,False,1980,1989,1990,1999,10,10,0.1377691980150566,0.0926418166119363,0.0822576044858107,0.3237178312207538,0.9350720153096028,0.1692480820304757,1.15689435418274,0.0,71.63498213911933,0.1292423517512515,-0.3255648126779986,0.0287716571326812,0.0313477051506248,0.0602264578363307,0.1070726775474607,0.1651267315513335,0.2193871162920113,0.1590118167169036,0.0728681731096852,0.0456042977914939,0.0477890883827862,0.0339366226083599,0.0288576558803286,0.241460226734943,0.9201582674133304,0.0281775432316903,0.9574616408821446,0.0,62.41554319358462,0.1146583882510168,0.650666311425186,0.051829218006601,0.051739302783023,0.0794302698435575,0.0748885907174271,0.1291159991478629,0.2194146448271098,0.137493173624709,0.0719676327591477,0.0448387520124449,0.0465268202261351,0.0476420431623375,0.0451135528896439,1989-09-30,10,0.12363624365390864,0.01232528017689466,0.0,0.0,0.0
cars,451,test,7060008710.0,False,2000,2009,2010,2019,10,10,0.487099481986538,0.0959299337291742,0.0844457777043778,0.129798748775941,0.9262510682177284,0.1772698784333631,0.8686424712243862,0.0,38.217058606942075,0.0989368377791488,0.4183264091248917,0.0600769064903179,0.0601167409545565,0.0902160642794849,0.0888751340791367,0.132099591828656,0.1733382618203302,0.1071141228228955,0.0658018282547218,0.0555918397375393,0.0583305130075347,0.055574553822069,0.0528644429027571,0.2142445264803189,0.9490221955880126,0.0064089944120889,1.0659061179816054,0.0,62.201645744618794,0.1212093036794118,0.3299818209125144,0.0463122771392647,0.0482328434232484,0.076852306303798,0.0936552664511862,0.1508470840534146,0.2322268994397943,0.1206277943357975,0.0559134489390073,0.0444438194070594,0.0464439401564509,0.043001632020801,0.0414426883301771,2009-09-30,10,0.09318964761345983,0.014391876142336044,0.0010949904188338351,0.0010949904188338351,0.0
raw,451,train,7060008710.0,False,1980,1989,1990,1999,10,10,0.137848313768744,0.0930842128919269,0.0803914623055494,0.3246750176915947,0.934949193863641,0.1683354243134545,1.1637725521915736,0.0,71.64505064330687,0.1292402483680282,-0.3257093267192358,0.028809464885996,0.0314889685085211,0.0604451172261342,0.1075770776920332,0.1659417222347738,0.2191894738245778,0.1582761986627126,0.0722961353605581,0.0456100593547967,0.0477827147451868,0.0337118379889115,0.0288712295157977,0.2442835553860452,0.9201405944174224,0.040676471132975,0.9653006331545204,0.0,62.41937732749178,0.1146699168610953,0.6507793378560013,0.0519998708871184,0.0517848245916487,0.0796013947735761,0.0748715563277801,0.1298821894087903,0.2195085115842269,0.1367111650171332,0.0715836304694573,0.0447886804395905,0.0465624734953828,0.0476447765263165,0.0450609264789788,1989-09-30,10,0.11926674257262845,0.013779569279859665,0.0,0.0,0.0
raw,451,test,7060008710.0,False,2000,2009,2010,2019,10,10,0.4872812156950661,0.096269334860993,0.0819166733997728,0.1389925989323879,0.9266630788760968,0.20836068036942,0.8860368074112506,0.0,38.21258399561523,0.09894962680781,0.4194568682990038,0.0601410655606034,0.0603088035311306,0.0904162165762335,0.0882889227411988,0.1323445057215831,0.1735547538611127,0.1065907640098444,0.065823480660925,0.0554663906973406,0.0584448530745113,0.0556060372731713,0.0530142062923447,0.2209092723321607,0.9489665009274014,0.0363970055784503,1.0772016883246045,0.0,62.205666757940854,0.121224018214427,0.3295649432997942,0.0463464403965584,0.0483076677045078,0.0773188759973887,0.0936100808057327,0.1516764414690792,0.2321436687415053,0.119618090178415,0.055689233892474,0.0445040289297557,0.0463736000638626,0.0430225064943848,0.0413893653263356,2009-09-30,10,0.09123685161492039,0.014575040302084914,0.0010949904188338351,0.0010949904188338351,0.0
cars,456,train,7060073620.0,False,1980,1989,1990,1999,10,10,0.1939785237261726,0.1000489873540234,0.0877753475648016,0.1816427273573624,0.9978190510600972,-0.0371687174805607,1.4330299227032486,0.0,7.550704437051936,0.1655884527116571,-0.2778304816392382,0.0303983611028503,0.0313780685703731,0.0524699882051896,0.1011956588064225,0.2385996272514469,0.2840209852509892,0.0798961083482583,0.0335334817977623,0.0387409987783453,0.0429816257349931,0.0344302748635989,0.03235482128977,0.2694180749221641,0.9839723658696105,-0.1815749969644082,1.3646278506722334,0.0,6.219330958994079,0.1538291789380984,0.6054385463905922,0.0400227058036923,0.0357846605221846,0.0693717319690228,0.0644273806757848,0.1753189180280612,0.3048225473263136,0.0949828211609763,0.043316620199014,0.0452489059582485,0.0466896123000817,0.0413128051288673,0.0387012909277524,1989-09-30,10,0.0692751406351041,0.0018410761984757964,0.001368738023542294,0.0010949904188338351,0.0
cars,456,test,7060073620.0,False,2000,2009,2010,2019,9,10,0.0583110139999202,0.0852940067647411,0.0432415202162436,0.2208278974905376,1.0153872349115038,-0.1837776212878215,1.2118976497707954,0.0,3.974980712455272,0.1267994268440707,0.5254313198564357,0.0540656730724023,0.0477090069440737,0.0784132146757153,0.0915295768372712,0.2244514305607469,0.2031561927640038,0.0645445119721284,0.0424907818582173,0.041176117146816,0.0530780921326893,0.0495263287114489,0.0498590733244862,0.2640694177067812,0.9939574519108052,-0.1071792672623858,1.559111760647753,0.0,4.213656971185136,0.1297561011972431,-0.4207734842722337,0.0496293083851731,0.050925010773174,0.07044177762225,0.0736980903271669,0.1785776803306277,0.2498364946915935,0.0946935556777044,0.0344349182146368,0.0439569567495603,0.0555459098324204,0.0487959089440829,0.0494643884516096,2009-09-30,9,0.10148551594853761,0.012195530980467125,0.058855735012318645,0.004106214070626882,0.05474952094169176
raw,456,train,7060073620.0,False,1980,1989,1990,1999,10,10,0.1906011800334424,0.1002456118505464,0.0818882590919138,0.1816554472528065,0.997525861420318,-0.0735624821524244,1.4409230451309871,0.0,7.559560032894737,0.1656911192520601,-0.276850135491928,0.030245700490712,0.0314984711143504,0.0527633350285697,0.1018444715803138,0.2405302191750272,0.28266164804173,0.0786595847486744,0.0334448563173845,0.0388303050246987,0.0429047104907936,0.0343369314045713,0.032279766583174,0.2635437063447204,0.9796956113518348,-0.1517680910092738,1.3719455804379623,0.0,6.247690102012682,0.1540921881161772,0.6017646517989719,0.0400995623549339,0.0359421725292064,0.0697189790176436,0.0648708238329009,0.1772582550718938,0.3045605782641167,0.0935022161154282,0.0422946278198786,0.0453124953111978,0.0464765980011272,0.041375843256236,0.0385878484254362,1989-09-30,10,0.07161931176102525,0.0014951637117843362,0.001368738023542294,0.0010949904188338351,0.0
raw,456,test,7060073620.0,False,2000,2009,2010,2019,8,10,0.1056963889697703,0.1057360695658722,0.0352202117626725,0.2208389339515667,1.0158513915581604,-0.1711214692223489,1.213449313232842,0.0,3.820677808407994,0.1220105280982556,0.5141193654704396,0.0559335301115921,0.0486658663136238,0.0834654402884229,0.0953060475538139,0.2274560236487458,0.1800797052060016,0.0622813380741218,0.0416860915073919,0.0415610870767695,0.0594938114238717,0.0519616180479701,0.0521094407476744,0.2560591457142392,0.9828694102253496,-0.1065316912852633,1.5602544315365086,0.0,4.246623652942802,0.1300856687257791,-0.4192084882662332,0.049777691830143,0.0510598573149249,0.0707099461880904,0.0738191568211691,0.1799719179406281,0.2499183558923101,0.0934716532113576,0.033600218524464,0.0438741998177965,0.0555074522086723,0.0488843078105513,0.0494052424398922,2009-09-30,8,0.0928901489520565,0.005369256270446542,0.058855735012318645,0.004106214070626882,0.05474952094169176
cars,467,test,7060073620.0,False,2000,2009,2010,2019,10,10,0.0912089503969848,0.1110625227847744,0.0597743917785139,0.4468360595360856,0.9693267967361094,0.3028675451147182,1.5273312854001904,0.0,8.075257229713914,0.2043003761888542,0.3844564086539522,0.0375977815718915,0.0349086741618764,0.0520447308642717,0.1098107367628933,0.372356555369825,0.2052306099986613,0.0377492362966322,0.0209313929720343,0.0244742521315681,0.0338414154611396,0.0350969779259526,0.0359576364832531,0.5066104513145995,0.9581307709649596,0.2801441686104416,1.547601356180838,0.0005476451259583,8.846427224570217,0.1867940327133693,0.1568123291867081,0.0312629729167404,0.0321993857928569,0.0526713564535755,0.1122754405846623,0.2821910822331968,0.2861048673022986,0.0620960719806679,0.022509783436029,0.0256459620536022,0.0329951861001172,0.030274605136386,0.0297732860098666,2009-09-30,10,0.1261408338057517,0.004099479595331061,0.006022447303586094,0.006022447303586094,0.0
raw,467,test,7060073620.0,False,2000,2009,2010,2019,10,10,0.0908073021602415,0.1115136710023602,0.059245441740781,0.4471849490377558,0.9666072378207502,0.3172780928967484,1.5345179170132326,-0.0002754062241806,8.100149545579729,0.2051112570154272,0.3900570615367076,0.0376559718204113,0.0347605198390311,0.0523729667193362,0.1113213906479145,0.3744939716560547,0.2025932043306795,0.0372483781337887,0.0204497586211011,0.0242810984751854,0.0339474064743679,0.0348985604102429,0.0359767728718861,0.5064303907785369,0.955535040856634,0.2865684099357458,1.5503232125546706,0.0008246289169873,8.870133315008246,0.1870262967144657,0.1568509741301311,0.0313403241353418,0.0322175599315081,0.0530116864058665,0.113225581581643,0.2839407868936485,0.2845921130899119,0.0611968963305804,0.0223864637694767,0.0253677267528872,0.0327534212211545,0.0303214687408824,0.0296459711470986,2009-09-30,10,0.126241123349931,0.004596336941719237,0.006022447303586094,0.006022447303586094,0.0
cars,469,test,7060008710.0,False,2000,2009,2010,2019,10,10,0.0480262449483736,0.0970293229176873,0.0122133948598889,0.4514458862548698,0.980578913008768,-0.1775425664092842,1.4776283333603697,0.0010979961570134,0.9873688521314118,0.1908103944479929,0.2777654656187293,0.0364090253990853,0.032145303747464,0.0387004414123134,0.1092454264099392,0.3684440858387872,0.1672285271600689,0.0689155460448139,0.0352207210767585,0.0253795995450124,0.0390719085424585,0.0407842890866907,0.0384551257366074,0.4636592811147587,0.8947583946959263,-0.1693551111603995,1.466812177769809,0.0046549835706462,0.94106991461895,0.1726258614549857,0.2050006285643437,0.0334559907320796,0.0297422753399992,0.0412953851865339,0.0955113289401668,0.3007358766493158,0.2382665617053593,0.0741371521333868,0.045497323537451,0.0332777355939233,0.0389331626378322,0.0352876422326061,0.0338595653113455,2009-09-30,10,0.08833874325883913,0.009503156603699305,0.04215713112510266,0.04215713112510266,0.0
raw,469,test,7060008710.0,False,2000,2009,2010,2019,8,10,0.1508048427383685,0.0838354532011198,0.0374314940152415,0.4130908565376275,0.9252589607653996,-0.1926862348760934,1.4335888708770743,-0.0017568517217146,1.110613843991567,0.1988046159330762,0.2381040576155424,0.0339422811959097,0.0300622594166616,0.034533902259771,0.1047827342827322,0.376818008818634,0.1769848649411368,0.0732920421904912,0.0358035147353191,0.0235525294647854,0.0362578290923805,0.0381212772560931,0.035848756346085,0.450522350552869,0.8768309698324068,-0.1592428136041481,1.4671496048459494,0.0047725996631106,0.9551451431779898,0.1750381698922612,0.2057442457231516,0.0336752956225437,0.0300647193735162,0.0410675125439895,0.0970928747552705,0.3054058415267411,0.2377677915083267,0.0738063627147747,0.0418805094427855,0.0308988788813915,0.0388366208368812,0.0353368543603939,0.0341667384333849,2009-09-30,8,0.0918514006283596,0.011587556361225524,0.04215713112510266,0.04215713112510266,0.0
cars,470,test,7060008710.0,False,2000,2009,2010,2019,10,10,0.2346613913405275,0.1641639172679036,0.0148375091210567,0.2951550807046913,0.4133220561929087,-0.0231802684073455,1.7999240379557593,0.0266410326833287,3.435033563924035,0.2308020220093691,0.3834017982536202,0.0207096868083377,0.0160655516248427,0.0166120076252023,0.0392427739015061,0.3479785832981051,0.303284624619474,0.1009763389427093,0.0403124430415538,0.0317498887580462,0.0355027669275838,0.0257023495429216,0.0218629849097172,0.309992589825748,0.5073795397408399,-0.0043215587484513,2.0228813739051588,0.0,4.343533068955665,0.2289807998187334,0.206446023729927,0.0167813545181256,0.0138819238890467,0.0157132076035546,0.0393228365852986,0.1932222542105007,0.4001201502237978,0.1519091364419867,0.0475411861383371,0.0394011655698143,0.0369382784995422,0.0246792804213045,0.0204892258986906,2009-09-30,10,0.23893422460238556,0.05445038519104098,0.012592389816589104,0.006022447303586094,0.006569942513003011
raw,470,test,7060008710.0,False,2000,2009,2010,2019,10,10,0.2367597524277619,0.1686348561358487,0.019164736692788,0.295631999210478,0.4130052370092731,-0.0206329399681567,1.8137446932675296,0.0282783476573329,3.441099528694205,0.2317951194748991,0.3887595747702372,0.0212672431281675,0.0156821848710518,0.0165377247232245,0.0401276308515131,0.3538490753256957,0.2983695033034844,0.1001474696436026,0.0398497556325524,0.0314046531893291,0.0351681745298075,0.0255804723894835,0.0220161124120874,0.314796735903266,0.5051082914562386,-0.0041281152823684,2.027434479020057,0.0,4.360343345274179,0.2303016605758272,0.2015490731954322,0.0168091682304616,0.0139080110664481,0.015727941011974,0.0395657497248112,0.195529221194101,0.4016835268343924,0.1495847427710585,0.0465310674137492,0.0393013359845487,0.0364737394308759,0.0245058578639641,0.0203796384736148,2009-09-30,10,0.24109103268079837,0.05445659931854933,0.012592389816589104,0.006022447303586094,0.006569942513003011
cars,477,test,7060073620.0,False,2000,2009,2010,2019,8,10,0.1612951819181678,0.0829009529973226,0.0508638347022938,0.3127136822483656,1.0120246521870793,-0.2945472032123247,0.6775665369023748,0.0,9.067632638182106,0.0914188993258412,0.3296614192564198,0.0729426953446316,0.0656786778199581,0.0727391455876016,0.0764091490729522,0.1350821627501167,0.1466081232821774,0.0744863324074652,0.0706851667719493,0.0732800576759677,0.072451176605406,0.0690892644718523,0.0705480482099213,0.2618498475460717,0.9748682503509896,-0.3283713431423103,0.677268286490606,0.0,10.654756390086035,0.0933942400911793,-0.0128498103959015,0.0587776461159041,0.0585157493843183,0.0675260888376948,0.0722694145581984,0.1156552722796848,0.147735796694702,0.1168113798860832,0.1031938120921463,0.0802196444619509,0.0672958041957777,0.0553007306484512,0.0566986608450879,2009-09-30,8,0.05209586404934401,0.012443439094616437,0.099644128113879,0.0002737476047084588,0.09937038050917055
raw,477,test,7060073620.0,False,2000,2009,2010,2019,8,10,0.1612731393955612,0.0838251867558525,0.0528874759342095,0.3057173466462336,1.0117044471092682,-0.2891412316709697,0.6878436860313049,0.0,9.068232796987331,0.0914180927682551,0.3297146666840423,0.0729554715235114,0.0656917384077533,0.072780450906868,0.0765678200359192,0.1361997149836826,0.1456515455800348,0.0739309585195098,0.0707942160745035,0.073300755941074,0.0724744290952823,0.0690486912187822,0.0706042077130785,0.2528298707120241,0.9748520592971666,-0.3116123275147298,0.6840753699174812,0.0,10.655226725082148,0.0934191056860846,-0.0130993949572951,0.0588649960907553,0.0585140583757237,0.0675379324197165,0.0722888776592475,0.1161686842672792,0.147826781707901,0.1165102420565649,0.1031219014122005,0.0800437376943083,0.0671633007552664,0.0552681414959485,0.0566913460650877,2009-09-30,8,0.050633245873631896,0.011191187956424422,0.099644128113879,0.0002737476047084588,0.09937038050917055
cars,488,train,7060008710.0,False,1980,1989,1990,1999,10,10,0.0656352495437637,0.1120257761892356,0.1181388730266074,0.1897132981018134,0.9565550108965482,-0.1191251595600522,1.1237044761525332,0.0041062140706268,6.174178508690495,0.107480278076229,-0.5711483354543516,0.061460403735326,0.0588719641889577,0.0673037936013725,0.100889931753348,0.2093243382912962,0.1409611011862695,0.0561426708889429,0.0593189119954845,0.0662728489459057,0.065208594491584,0.0577162551545315,0.0565291857669809,0.3078521711284209,0.9459857841513496,-0.2791115436930152,0.6979121653015539,0.0,5.781947647096615,0.093285183284604,0.4332536963780264,0.075205596447578,0.0734309560118938,0.0862934984956973,0.0792009611324036,0.1382224230248195,0.1497143627945585,0.0735232817256996,0.0510873161307983,0.0552695545087775,0.0685427922293099,0.0799060159297098,0.0696032415687536,1989-09-30,10,0.08804976771661775,0.017058701722116907,0.012044894607172188,0.010402408978921434,0.0016424856282507528
cars,488,test,7060008710.0,False,2000,2009,2010,2019,10,10,0.2411293807200831,0.0903211158106636,0.1068485735936065,0.3940022152372216,0.9727130898824928,-0.2892281146236702,0.6772365156965107,0.0,4.691798381238502,0.0934733820551274,0.2243600451060676,0.085725922545742,0.0811088067221897,0.0896080268644719,0.082954110861018,0.1533625728217365,0.1206949982052936,0.05661594237422,0.0391083991038867,0.0509822454143002,0.0783794729105269,0.0849438378921825,0.0765156642844312,0.2871536416436151,0.951102567104762,-0.3006522337377832,0.7439102251019091,0.0,5.97118463974475,0.0906094237858015,-0.0642885113055557,0.0678056535769753,0.0635225315237966,0.0795526235665951,0.1175309403617993,0.1354717709526236,0.1211060921707338,0.0722323854906422,0.0649169954977576,0.0648903982484495,0.0765168011025696,0.0662097612968319,0.0702440462112253,2009-09-30,10,0.1573460528248907,0.00970104424433428,0.014508623049548317,0.014508623049548317,0.0
raw,488,train,7060008710.0,False,1980,1989,1990,1999,10,10,0.0726653794954694,0.1148838897292887,0.1176889273247479,0.1871938037465312,0.9553962951980411,-0.1179452826088783,1.1215923542991524,0.0011083402604599,6.231703241895261,0.10774448976861,-0.5954758992269733,0.061605719500172,0.0591482954566423,0.0675439014216714,0.10192280492447,0.2108298021313,0.13934111885181,0.0561438335610545,0.059396047623729,0.0665214123989999,0.0630173110379504,0.0576404398410206,0.0568893132511793,0.3048827310712791,0.9429483053133062,-0.2674404326424994,0.7070774431829199,0.0,5.794935285913528,0.0932914926205814,0.4306199104080563,0.0756356618435094,0.0738543728104226,0.0865066465243564,0.0792463269156835,0.1390875974369577,0.1486924835003566,0.0731961728904521,0.050541513117572,0.0549107398789969,0.0682739696275923,0.0800893176424967,0.0699651978116032,1989-09-30,10,0.08148573030251498,0.01588682936352346,0.012044894607172188,0.010402408978921434,0.0016424856282507528
raw,488,test,7060008710.0,False,2000,2009,2010,2019,10,10,0.2379029975675967,0.0937651999014015,0.1083118682250047,0.390309253085163,0.9634935032883928,-0.2726696748352238,0.6925615514293025,0.0,4.712661944444444,0.0938693371822168,0.2238879855072795,0.0864449515233281,0.0819021073428481,0.0900802524734929,0.0837503196913421,0.1546870508369797,0.1197217920539483,0.0551806560375791,0.037228487815597,0.0506257875134618,0.077603640263939,0.0855522029511158,0.0772227514963676,0.2819973848601582,0.9494206725290236,-0.2929872287863304,0.7546687624641203,0.0,5.978417582417583,0.0905747155271068,-0.0664663528346786,0.0680690248439441,0.0634329345852112,0.079646429648038,0.1180903469623333,0.1353074061275357,0.1204864659691638,0.0715831764809681,0.0648714423310222,0.0652408112698424,0.0765655213993191,0.0663287907417891,0.0703776496408326,2009-09-30,10,0.16170909429305044,0.008606696517507267,0.014508623049548317,0.014508623049548317,0.0
cars,497,train,7060008710.0,False,1980,1989,1990,1999,10,10,0.0105146032420593,0.0333092889828335,0.0497771277074751,0.4786282147657819,0.9963163272394652,-0.123136901081541,1.432922018615701,0.0,3.9177262252784097,0.1791859265698115,-0.2140947908010343,0.0270116263874411,0.0253586787905672,0.0309916421771891,0.0591027820650949,0.1711313900706335,0.3349116227586425,0.1537643390553876,0.056383928955456,0.0414080046724667,0.0385067158199111,0.0314496777510289,0.0299795914961809,0.4288510870583067,0.9784047135290982,-0.1462545203421889,1.43493533073199,0.0,3.9591368889788394,0.1853837425083315,0.3297682800494473,0.0291292108962916,0.0255987118278908,0.0338921368976358,0.0521726092292335,0.188292928231252,0.3421288575808221,0.142776083109502,0.0485616239195005,0.0341110323354188,0.0383446223165861,0.0351220814844437,0.0298701021714227,1989-09-30,10,0.11203762708627676,0.007910298336818389,0.0016424856282507528,0.0016424856282507528,0.0
cars,497,test,7060008710.0,False,2000,2009,2010,2019,10,10,0.1117978972061238,0.107921665990302,0.0959212228585117,0.3445191078284952,1.006474514072977,-0.002519937088671,1.4113733900966206,0.0,3.783163229031528,0.1779588241261239,0.4715521992665472,0.032398077752115,0.027789477344541,0.0368551174933848,0.0786301000487954,0.2602098227426906,0.2924673030714597,0.095218141943402,0.0374741804963178,0.0288900886755206,0.0381570253957742,0.0371149991686504,0.0347956658673479,0.2485978849699834,1.002118963736275,0.0440336958639319,1.4833114280449164,0.0,4.230661610652095,0.1946751155914499,-0.1045462742303317,0.0276632395705161,0.0247543729678232,0.0323778338614224,0.0655258640150329,0.1945801811344308,0.3555702578460702,0.1342350809372468,0.0432759527181647,0.0257796797171725,0.0352791247844089,0.0319668314354371,0.0289915810122739,2009-09-30,10,0.1510181275020104,0.019951039368031984,0.0016424856282507528,0.0016424856282507528,0.0
raw,497,train,7060008710.0,False,1980,1989,1990,1999,10,10,0.0107318125212694,0.0330391764056384,0.0512216171345148,0.4764693052461867,0.9961150289851984,-0.1083802726542022,1.4380975952783093,-0.000822593912805,3.921377844803948,0.1794827557060565,-0.2139137365188554,0.0269463575424971,0.0253704130368886,0.0311061294228167,0.0594997715237078,0.1729071519197777,0.3351923064148521,0.1522720542553403,0.0559177107759348,0.0408993889701365,0.0385366609177579,0.0313730288894024,0.0299790263308875,0.4252476881116718,0.9779168860169472,-0.1427963061989253,1.4376740247049962,-0.000274197970935,3.963687962709076,0.1855899152470222,0.3309877818610388,0.0291533298237288,0.0255507046764672,0.0340275755297093,0.0524388868788985,0.1901348061681413,0.3420644775681622,0.1412831870344787,0.0480948866077228,0.0339828868733643,0.0383665950218497,0.0350036698656642,0.0298989939518123,1989-09-30,10,0.1081995901975636,0.007641063520025052,0.0016424856282507528,0.0016424856282507528,0.0
raw,497,test,7060008710.0,False,2000,2009,2010,2019,10,10,0.1127121953802048,0.108381537013278,0.0936434251620115,0.3400521138301063,1.0045229091418788,-0.0147864253792029,1.4162698278692103,0.0,3.787257471894708,0.1781397762267299,0.4706030130072,0.0323756049755693,0.0277895629116672,0.0370307891731093,0.0794244015114832,0.2623437894580763,0.2910936678258412,0.0939375163624316,0.037267175629997,0.0286613329966244,0.0383214664677303,0.037008779530569,0.0347459131569009,0.2464086886680948,1.0000837267508524,0.0601540766477285,1.4864687831025245,-0.0013724951962668,4.239114191600329,0.1947124668126449,-0.1007154453443823,0.0276666727319456,0.024761231445022,0.0325357750549064,0.0659752550865296,0.1966830090319342,0.354976558128608,0.1327856408039503,0.0429176978989895,0.0254526732436306,0.0353644830086822,0.0319137494024027,0.0289672541633984,2009-09-30,10,0.15283466167341075,0.01938533771808778,0.0016424856282507528,0.0016424856282507528,0.0
cars,500,test,7060047060.0,False,2000,2009,2010,2019,8,10,0.1312707645166871,0.0424693658744508,0.0312910088074188,0.3883913567909292,1.0038372931584572,-0.0716581617730574,1.4893646805943848,0.0,3.780041611884851,0.2020616481328383,-0.0323773848733344,0.0127585211102126,0.0106304216007561,0.0163903931079012,0.0453210842662132,0.2642646297638799,0.3156392140494873,0.1465574224450913,0.0627387807506812,0.0463698906931498,0.0410931062557887,0.0217874985537824,0.0164490374030556,0.3571003479835103,0.9983923094577102,-0.0650925800080276,1.3959513414862494,0.0,3.3150219780307,0.1911343018858458,-0.0674879292557163,0.013810123247478,0.0117404465800278,0.0172743794810114,0.0485709271899909,0.2228399087117073,0.323525305057328,0.1503643270071255,0.0710025871536172,0.0595130809751444,0.0433949716559415,0.02255955035985,0.0154043925807774,2009-09-30,8,0.11064149346702186,0.018289884864068684,0.19189707090062963,0.0002737476047084588,0.19162332329592116
raw,500,test,7060047060.0,False,2000,2009,2010,2019,8,10,0.1301443807730583,0.0431627567287976,0.0300792034029255,0.3863352444733229,1.0040856800161917,-0.0748330460398552,1.4915396801197731,-0.0006849315068493,3.7817517123287674,0.2021739452356839,-0.0311489556766184,0.0127315610336769,0.0105524773572441,0.0164711305145519,0.045919323282363,0.2673448513341149,0.3137111661398488,0.145518289659744,0.0624482294435743,0.0463447621350365,0.0408705648927822,0.0216631507740623,0.0164244934330008,0.3562560410703974,0.997220489201848,-0.0660490546318667,1.3982607722946931,-0.0010995052226498,3.3202594832325456,0.1912124685305081,-0.0710259737934072,0.0136754348666921,0.0117416821645049,0.0174407803757629,0.0486408594544761,0.2253354222299932,0.3223388092361817,0.1496125871587826,0.0708309159354866,0.0593509253666497,0.043372173962572,0.022389243440573,0.0152711658083248,2009-09-30,8,0.11070176285701108,0.01854255037139035,0.19189707090062963,0.0002737476047084588,0.19162332329592116
cars,502,train,7060008710.0,False,1980,1989,1990,1999,10,10,0.0739221339072238,0.0492106689156834,0.0993276351771245,0.3791958479881675,1.0000017558830407,0.1360801671984867,1.3380054058027475,0.0,14.2322355995866,0.167885436928728,-0.1750374598260807,0.0195463660424559,0.0202320949731093,0.0254800994609708,0.0446194413728842,0.1407738563890591,0.2982079802948342,0.1954850265663789,0.1058002647977283,0.058850582058417,0.0371638265184904,0.028736870990517,0.0251035905351544,0.279868212811043,0.9784457669076642,0.0107037543523961,1.2154046640773863,0.0,13.218103543422703,0.1558156286615056,0.5632277183020994,0.0269503434095987,0.0252853232679242,0.0335780970915719,0.0572516682584894,0.1398784768146926,0.2907330600003313,0.1762786733091795,0.0908807129295983,0.0521361181369323,0.0417300843457265,0.0363963943998595,0.0289010480360956,1989-09-30,10,0.13280410978620352,0.0003100419764076791,0.0002737476047084588,0.0002737476047084588,0.0
cars,502,test,7060008710.0,False,2000,2009,2010,2019,9,10,0.2801152058414193,0.0877830364134951,0.0768897575528199,0.2273471959844123,0.9933334049743604,-0.1755848284362368,1.1256076117205311,0.0,9.90039030601447,0.1390221871644225,0.457873434038527,0.0350280303680779,0.0307348221857815,0.0382018558838952,0.059938262060338,0.1728108371447476,0.2621034573933116,0.1340981448399401,0.0756163164690801,0.0591897853896805,0.0556108069817223,0.0392588011790894,0.0374088801043353,0.3042369535372322,0.9814249876159352,0.0180787577179861,1.2963362857196743,0.0,13.10101079369874,0.1651722382880684,0.0299408169467982,0.0279678955249512,0.0268128797936081,0.0360215295375027,0.0601106974837771,0.1589751933598646,0.3002989400684011,0.1835132631549067,0.0696318843889729,0.0407475061006849,0.0378532959863117,0.0302294714127745,0.027837443188244,2009-09-30,9,0.06934989037303889,0.0072012354778088605,0.05255954010402409,0.0005474952094169176,0.05201204489460717
raw,502,train,7060008710.0,False,1980,1989,1990,1999,10,10,0.0740820337594722,0.0492628496490193,0.100645388928955,0.3791411973327303,0.9997861171876988,0.1352998164212602,1.3401392480759613,0.0,14.23505257393209,0.1679583359327646,-0.174911625219271,0.0195127334427311,0.020259370852522,0.0254498425473179,0.0450017015984869,0.1421069220934116,0.2986253792625657,0.1943219508974768,0.1054460731007941,0.0584702210262173,0.0370485464547928,0.0286989415618835,0.0250583171617998,0.2784958084037752,0.9784328940406838,0.0036161150510805,1.21795632086545,0.0,13.218605969331874,0.1559494555294474,0.5632533490883941,0.0269275925398807,0.0252864103874295,0.0337383317173267,0.0574902004375035,0.1409036297931226,0.2914052346930665,0.1749313491519067,0.090382182056976,0.0520853010363744,0.0416307426538263,0.036353985840389,0.0288650396921976,1989-09-30,10,0.13313794418517125,0.0002242752140906685,0.0002737476047084588,0.0002737476047084588,0.0
raw,502,test,7060008710.0,False,2000,2009,2010,2019,9,10,0.2814997783417293,0.0882536989491986,0.0757264577232805,0.2263836062518048,0.9935786320990024,-0.1716634407834539,1.1291899154411202,0.0,9.897273363774731,0.1391122414920985,0.458864656884744,0.0350278660146639,0.030764403756421,0.0382761200807946,0.060478443657883,0.1745365473257505,0.2617745711247502,0.133192442067666,0.0745431693854276,0.0591910943416514,0.0555667085161563,0.0392028393472636,0.0374457943815714,0.3021100639750853,0.9792143789987712,0.0166526466894921,1.2974681725746326,0.0,13.115032347249102,0.1653945701135474,0.0277672404662736,0.0280333701877721,0.0268317783188642,0.0361809008785365,0.0605305276851825,0.1605824870472612,0.3004317382826663,0.1827368898316489,0.0691303417715157,0.0407443992327351,0.0367318202101512,0.030229922285254,0.0278358242684118,2009-09-30,9,0.07052032268605865,0.007823241374880609,0.05255954010402409,0.0005474952094169176,0.05201204489460717
cars,505,train,7060047060.0,False,1980,1989,1990,1999,8,10,1.6298726436036406,0.434952861787734,0.5124809246250149,0.7575121462286086,9.426098110841224,0.501193986026175,2.4708231877491404,-0.0030800821355236,0.2833234315636501,0.262682457010038,-0.8205048370927956,0.0168640390466879,0.0146870192927126,0.0356927056762315,0.1470066679171968,0.451210055378009,0.1771063826716225,0.0354070835029843,0.0321327209748575,0.0197702886981396,0.026216592411211,0.0244030048533624,0.0195034395769842,0.2450312216035937,1.020314433389794,0.0193655948981384,1.479778990777827,-0.0342046718576195,1.445863147880445,0.126160945441828,1.434682890006034,0.0178816599651097,0.0218592684923328,0.0424118045792418,0.036610807143775,0.1266530543636967,0.1779733810388238,0.1926525132230757,0.1441697595244815,0.0909732709361796,0.0309257149681924,0.073562938280158,0.0443258274849325,1989-09-30,8,0.22008236091573594,0.049750918742322375,0.06788940596769778,0.0,0.0
cars,505,test,7060047060.0,False,2000,2009,2010,2019,10,10,0.1372977713805657,0.0925434830597291,0.0291599049096185,0.2088538510923839,0.9971444216129272,0.1710644199809855,0.8813195654953467,-0.0928258488499452,2.4433777640403513,0.1020978325574742,0.1002779733742795,0.044486513388141,0.0408185998442465,0.059604416610064,0.0759324239489897,0.1099343324876443,0.1607090778933999,0.1600015694920507,0.094229736031418,0.0842843582623395,0.0559224806791402,0.0556975925792396,0.0583788987833262,0.2380137560020025,0.9982001670176603,0.2327945275755555,0.9659629670189072,-0.0125992878663379,2.129918338275398,0.097977848138127,0.0138595996916105,0.0551686257446384,0.0468714618350571,0.0525257393111745,0.0589061795016785,0.0916248513392778,0.1452127457186704,0.1379254088262999,0.1254205734054784,0.1010439452493883,0.0780500384332821,0.0431410052545577,0.0641094253804962,2009-09-30,10,0.09327227596805952,0.006607354127204699,0.0046537092800438,0.0,0.0002737476047084588
raw,505,train,7060047060.0,False,1980,1989,1990,1999,8,10,1.6319330783185455,0.4365037325442299,0.5061652152799498,0.75695619354522,9.432791987174063,0.5011619274696099,2.4756840696361335,-0.0030832476875642,0.2833415553271668,0.2621755150666002,-0.8229325378357,0.0168400892785893,0.0147713505683892,0.0360765783956453,0.1498366530685283,0.4505920872860228,0.1748549706555882,0.0350645770511465,0.0321035360802056,0.0197721122898313,0.0263277530184723,0.024326722880903,0.0194335694266776,0.2507909782652702,1.020518451149211,0.0193244982747911,1.4896589732450112,-0.0393744764032393,1.4489380061435353,0.1263673981712667,1.4340721782931485,0.017998140941174,0.0221350575593213,0.0421348763945591,0.0367889740812971,0.1271360337290241,0.1785033747718817,0.1922343146488863,0.1449603335898549,0.0902545499819124,0.0308005150475644,0.0740963877480969,0.0429574415064274,1989-09-30,8,0.2182375906264386,0.04916758262898862,0.06788940596769778,0.0,0.0
raw,505,test,7060047060.0,False,2000,2009,2010,2019,10,10,0.1376295192957939,0.0934148388387701,0.0250795403929746,0.2141652067392812,0.9974400043085484,0.1733854024369103,0.8879216960481103,-0.1105610561056105,2.4511867436743673,0.1021733776657274,0.1000797472828958,0.044411706459961,0.040643297655039,0.0596719332309679,0.075821471268211,0.1106086216965693,0.160934371498954,0.1598919048102584,0.0938355783973435,0.0843811202561791,0.0557229917705608,0.0558589803214917,0.058218022634464,0.2392447471322558,0.9977738855171648,0.2327697078517583,0.9848961678768624,-0.0159472092383832,2.1360167720648886,0.0980618690156158,0.0090840774253259,0.0548031695936497,0.0472676678046101,0.052173512326977,0.0589812211655165,0.0915641794572136,0.1458691957578964,0.1376778564940074,0.1258292739846973,0.1007084460667965,0.077654503788475,0.0431064787860712,0.0643644947740887,2009-09-30,10,0.09181777004643812,0.006571836009403164,0.0046537092800438,0.0,0.0002737476047084588
cars,509,train,7060008710.0,False,1980,1989,1990,1999,10,10,0.0804034414610724,0.0267618467850371,0.0212712057827403,0.1088587151204575,0.8246108889719711,-0.0497936986272614,1.3463632426040737,0.0,8.535216537767251,0.1856480015775517,-0.1468404268659621,0.0224257759140406,0.0190406794580801,0.0226906337668941,0.0399559836233412,0.1653958786407602,0.3329690459081192,0.1808827845299392,0.0831587801976208,0.0472507489272181,0.0369210014990946,0.0255430403604267,0.0237656471744647,0.1301299209031979,0.7361866514264088,0.0761762513284897,1.405816961880382,0.0,9.24982070367568,0.1923800927298694,0.4140710147087582,0.0230923766525838,0.0206516183391553,0.0250410333680801,0.0386053620697357,0.1770322682577066,0.3434665638554055,0.1737100467639507,0.0753920834447008,0.0448496997070415,0.0334965468880942,0.0235937137762384,0.0210686868773068,1989-09-30,10,0.09127058308869174,0.006454571138013909,0.0,0.0,0.0
cars,509,test,7060008710.0,False,2000,2009,2010,2019,10,10,0.1524550121083171,0.1001957527670741,0.1286672577742292,0.2271385713786674,0.5772523704903072,-0.0768555635621277,1.2814827949836458,0.0,7.594332012084568,0.1724260490409454,0.2956216948721376,0.0269635797804839,0.0218680120868121,0.0292179169198596,0.0525684752797123,0.2312210843111114,0.293634792071003,0.1333635228817014,0.0698204483533472,0.0467882925741313,0.0391599968541161,0.0285564213721021,0.0268374575156191,0.0984713136044381,0.7220673768976803,-0.0638592144370195,1.4621871928295294,0.0,8.84504303693033,0.192869552333885,0.0014419319793507,0.0242662250127901,0.0204754546276474,0.0254919236310603,0.0527495549588222,0.1542405505018756,0.3555600256926234,0.1714529623480453,0.0665466312799818,0.042716104242431,0.035591543605311,0.0268976109735956,0.0240114131258159,2009-09-30,10,0.15231223748035796,0.01133657576161996,0.0043799616753353405,0.004106214070626882,0.0002737476047084588
raw,509,train,7060008710.0,False,1980,1989,1990,1999,10,10,0.0823551073217349,0.0271185204885467,0.0196971062646509,0.11126444871223,0.8246181778470747,-0.0431146289909497,1.3487465114833084,0.0,8.53538598412264,0.185686138622912,-0.1469387893111874,0.0224256019889822,0.0190198996047596,0.022746066238793,0.0403276291530741,0.1671821452150136,0.3329937861943475,0.1795126101816354,0.0826630668961103,0.0470352486620729,0.0368878341449975,0.0254499352384471,0.0237561764817663,0.1309615549768809,0.7357280068076351,0.0885836606202355,1.4066166237834947,0.0,9.268074882564244,0.192736775140684,0.4121113574131066,0.023124332331589,0.0206230773810675,0.0250099854915585,0.0389212502858055,0.1790183602160724,0.3437102643101552,0.1724309619198356,0.075016510310033,0.0447330940790574,0.033510674629857,0.0234420613262575,0.0204594277187108,1989-09-30,10,0.09058122760305626,0.006652916189165471,0.0,0.0,0.0
raw,509,test,7060008710.0,False,2000,2009,2010,2019,10,10,0.1487076693959158,0.1008379079566828,0.1274683241447859,0.2266371179186246,0.5759490835491896,-0.0705788392108814,1.280941935687923,0.0,7.622681330767117,0.1725767301139104,0.2886379577421094,0.026940206953677,0.0215425853093448,0.0292894611583478,0.0531835009565104,0.2337994881778372,0.2922945832755608,0.1324029281525707,0.0696367208234747,0.0465040154103573,0.0391152448238135,0.0284185814789747,0.0268726834795307,0.0991687937738386,0.7220953340485962,-0.0520189460471816,1.464591054689118,0.0,8.844854326396495,0.1928678680586174,0.001352634741546,0.0242834925338239,0.0204542476909984,0.0255629104465043,0.053153286692642,0.1558525560248023,0.3556190182174102,0.1699164011674042,0.0661866504395102,0.0426233432301155,0.0355092880161756,0.0268260132809071,0.0240127922597058,2009-09-30,10,0.15205850462669654,0.01071309268352508,0.0043799616753353405,0.004106214070626882,0.0002737476047084588
cars,511,train,7060047060.0,False,1980,1989,1990,1999,10,10,0.5622711937573648,0.1848810093035474,0.077987220087155,0.0630071884717369,0.9834085340616254,-0.1143798736669773,1.5927459020645174,0.0,9.16245110613869,0.1596909187983627,-0.3630948940024309,0.0170496594655183,0.0172696571115216,0.0247373511112279,0.0821349839592748,0.2799219538231435,0.2000261939196227,0.1183567790884778,0.1173103704845635,0.049714988919254,0.0412494051070329,0.0320327829779677,0.0201958740323946,0.140994408558892,0.9616035403370689,-0.2145850898142388,1.85929403242532,0.0,5.22180191691483,0.1629332780091959,0.9262558449715186,0.0241381537522428,0.0218929460888904,0.0302990656665046,0.0554208314934367,0.1562842134696705,0.2658172188641329,0.2167174932951915,0.1096154836152681,0.0425090625116505,0.0291137180061727,0.0245401668714904,0.0236516463653482,1989-09-30,10,0.06861493481101152,0.013668594799987834,0.0,0.0,0.0
cars,511,test,7060047060.0,False,2000,2009,2010,2019,10,10,0.1796721004694172,0.0891672696965378,0.0346444285290709,0.1180013290055557,0.9638647759623308,-0.1725498855663896,1.5325583773413194,0.0,4.18733978077316,0.1369070814801414,0.8086842109870972,0.0322872611708873,0.0297382671563131,0.051160495306424,0.089860954806819,0.2170361001268702,0.208694223325403,0.144656629498373,0.0885005259972784,0.0415643327608587,0.0365943957441567,0.0322851789907097,0.0276216351159067,0.0833569004764847,0.9717689013060364,-0.1017806531231757,2.0101889576592327,0.0,5.011512348842008,0.1572997903851686,0.716404989833249,0.024910549925646,0.0243836347092203,0.0307724077555828,0.0729922333178256,0.1971943913955761,0.2542716392420643,0.1882464832782494,0.0824086547019008,0.0415068823701009,0.0295992090664487,0.0262487087240326,0.027465205513352,2009-09-30,10,0.0802874016159628,0.012314674865592307,0.00684369011771147,0.0,0.0002737476047084588
raw,511,train,7060047060.0,False,1980,1989,1990,1999,10,10,0.5621687397667888,0.1851052824129468,0.0749573868106335,0.0655509554373623,0.9834533583657916,-0.1205866057787552,1.5976817000288297,0.0,9.163538461538462,0.1598010269494916,-0.3634064537133564,0.0170098910791725,0.017274003308677,0.0248316280802712,0.0834091275585293,0.2806263985685063,0.19934982565486,0.1177262712294282,0.117206351622789,0.0491522687512363,0.0415184962505383,0.0316469842661285,0.0202487536298627,0.1405083422479959,0.9616950779463032,-0.2113745265974586,1.866034756248008,0.0,5.222956700465882,0.1628335678902757,0.9266342248123176,0.0241320846281795,0.0219205334881123,0.0304550672193699,0.0559278086408271,0.157693581296686,0.2659356534060872,0.2154797666078707,0.1091703684573589,0.0421279792832294,0.0290872835206042,0.0244473234060752,0.0236225500455989,1989-09-30,10,0.06837317598555621,0.014270390393033254,0.0,0.0,0.0
raw,511,test,7060047060.0,False,2000,2009,2010,2019,10,10,0.1787959622642219,0.089104844376356,0.0312211201464531,0.1156248045230076,0.9639467392814868,-0.1689331065742486,1.538519010337969,0.0,4.191007993384785,0.1368677124334748,0.8105087323027431,0.0323304007628554,0.0297298049184816,0.0515101732807619,0.0909254910415188,0.2172137452098743,0.208500282506182,0.1441036707914783,0.0880852368273888,0.041289704022571,0.0366990361116626,0.03207739150148,0.0275350630257447,0.0844036843765545,0.9717797486334034,-0.0999100100021669,2.014855361167455,0.0,5.011509857612267,0.15723153789278,0.7162010958676576,0.0249164109300638,0.0243651607247587,0.0309126297109927,0.0737751334086692,0.1977886173744404,0.2542957247265522,0.1872801678764229,0.0820267299252094,0.0414226090936122,0.0295268820940885,0.0262062129269347,0.0274837212082547,2009-09-30,10,0.07749788202892195,0.01171123010202585,0.00684369011771147,0.0,0.0002737476047084588
cars,517,train,7060008710.0,False,1980,1989,1990,1999,10,10,0.0097908993917979,0.0446960670505768,0.0812304404103368,0.5477265816759423,1.0085778179765754,0.3977771498031348,1.4251598205161846,0.0,5.090873958787099,0.192089959403674,0.0130965713852459,0.0212008053368151,0.0163972453652988,0.0218062245438537,0.0598377385826984,0.2246016914833469,0.3301353770225685,0.1430844547746289,0.058126024389571,0.0386670402350528,0.0348541606822276,0.0269136463231763,0.0243755912607618,0.4664961412656054,0.9542086783765178,0.2503576015269093,1.366107690075214,0.0,5.1409630017897685,0.1794484145223378,0.364169913565679,0.0206827470587018,0.0173504717718857,0.0250447139113415,0.0537460525147682,0.2445016331585414,0.2939334329168261,0.1412000761758379,0.0616315455895194,0.0463909812419947,0.0390589810152416,0.0312583929405501,0.0252009717047913,1989-09-30,10,0.14354669491748223,0.0003523372889110301,0.0,0.0,0.0
cars,517,test,7060008710.0,False,2000,2009,2010,2019,10,10,0.0826989757787999,0.1021504455177469,0.0289665383060959,0.3768690160204692,0.9881558737017342,0.1794728565794016,1.2238817706426144,0.0228021978021978,4.07259820378444,0.1673610993557487,0.3499018137238324,0.022515337953844,0.0191884203351704,0.0295214925705511,0.0846664549184538,0.2652580077038861,0.2574202711225028,0.1093062294471201,0.0640364772028394,0.0458102034284738,0.0445808956505301,0.0320143471754815,0.0256818624911464,0.3479024777143732,0.976390095971378,0.1655188244059036,1.3305270245855867,0.0,4.4237163716057495,0.1750587229821246,-0.0165230711431945,0.0217379391055583,0.0203550696701583,0.0307282065153696,0.0760023973527282,0.1824287813733076,0.3258704662297891,0.1343795477734766,0.0674141358604476,0.0486861135751635,0.0408451105106331,0.0279489501108598,0.023603281922508,2009-09-30,10,0.0989558785257489,0.002831150123468259,0.011223651793046812,0.004106214070626882,0.005201204489460717
raw,517,train,7060008710.0,False,1980,1989,1990,1999,10,10,0.0097962224407616,0.0446835047969311,0.0812069889921808,0.5484004428020901,1.008590001714193,0.401683963817399,1.429006633877259,0.0,5.091067068163153,0.1921678329364569,0.0129836232770858,0.0211574375884116,0.0163726441401147,0.0219454933812131,0.0605204910637183,0.2262186850523409,0.3297281680692439,0.1416031300268399,0.0578376278144119,0.0385752665334169,0.0348350126478222,0.0268365367098713,0.0243695069725946,0.4671934538099093,0.9541717128855848,0.25194578775048,1.3732590885090246,0.0,5.141185377875136,0.1796257082296712,0.3642015628824924,0.0206596228117021,0.0173358957357921,0.0251558817612786,0.0543136576821556,0.2461445591458578,0.2934672851357312,0.1398851563216937,0.0613036306838302,0.046354821300337,0.0391061616163821,0.0311345426931291,0.02513878511211,1989-09-30,10,0.1437478611640152,0.00034047933219964044,0.0,0.0,0.0
raw,517,test,7060008710.0,False,2000,2009,2010,2019,10,10,0.0849496389647961,0.1044954730884095,0.0280362554615576,0.376672942994694,0.9860770037663202,0.1785990527553799,1.228783153578162,0.0238095238095238,4.076169435215947,0.1677536020110659,0.3493661461726915,0.021968843025434,0.0192558997669244,0.029878577399742,0.0862965631478754,0.2685864086996754,0.2547523202276908,0.1088176666854126,0.0627360062986632,0.0455695408121265,0.0447996634409925,0.0317037335282919,0.0256347769671708,0.3486366875331364,0.9759850304320118,0.1693268398250867,1.3327618805610866,0.0,4.437571744539674,0.1752252288775445,-0.0129444607462736,0.0215682845424095,0.0203526987021186,0.0309198410511393,0.076425839949505,0.1843601558237626,0.3255142128718771,0.133359193061834,0.0668551029279289,0.0485044356640711,0.0408226508792733,0.027949502753681,0.023368081772399,2009-09-30,10,0.09976582373783154,0.003069500005285442,0.011223651793046812,0.004106214070626882,0.005201204489460717
cars,518,test,7060008710.0,False,2000,2009,2010,2019,10,10,0.065209855322489,0.1484357158356095,0.0047766596503193,0.5176159493796735,0.9846043585581832,-0.0985454604189671,1.5462688468219858,0.0,2.622309191798437,0.1988234753759921,0.3503449224666028,0.0271353285137837,0.0251637104315398,0.0336152845573643,0.0567660100150171,0.3514108174839322,0.2376662141176576,0.0716700239951315,0.0482860506559157,0.0453424329759187,0.0411090330270551,0.0316119828916445,0.0302231113350393,0.5128392897293541,0.9887096271612902,-0.0553607419326366,1.872395046004646,0.0,2.45676500323694,0.2134665227889858,-0.1143242225062961,0.0234216754163776,0.0201546056096796,0.0246970990079597,0.059893038694891,0.2549998547991787,0.3583978859323533,0.0962470393361716,0.0437406658723464,0.0383250292350728,0.0327277921478385,0.0243433510571449,0.0230519628909853,2009-09-30,10,0.0857044725843585,0.0026793406797550735,0.030112236517930466,0.027922255680262797,0.0021899808376676703
raw,518,test,7060008710.0,False,2000,2009,2010,2019,10,10,0.0763770980636939,0.1486332595984547,0.0121740670222354,0.4920645598481947,0.9788799436756056,-0.0218021493196947,1.5568409390332334,0.0,2.6602881738639574,0.203635593757562,0.3450311456030488,0.0264856635807855,0.0251704940723476,0.032901305737549,0.0577549963126237,0.3586268637270712,0.2385490017878285,0.068612995882085,0.048100871252056,0.0446734308704743,0.0398756509139505,0.030377593483821,0.0288711323794075,0.5042386268704302,0.9859525627861436,-0.0412225806498524,1.8775894633298171,0.0,2.464668596636338,0.2144222376936169,-0.1134160068473132,0.0234820126244035,0.0201218141849863,0.0249566159877566,0.0603040287143823,0.2579808628208327,0.357976913989189,0.0952693108774203,0.0435293247732805,0.0374079645361358,0.0323883618870403,0.0238189497606817,0.0227638398438902,2009-09-30,10,0.09328616610459617,0.0011056464755562947,0.030112236517930466,0.027922255680262797,0.0021899808376676703
cars,522,train,7060047060.0,False,1980,1989,1990,1999,10,10,0.1060264413153667,0.0805133916688066,0.0130610913773339,0.1018226702314308,1.005193326154937,-0.0958813957675686,1.029260845801392,0.0,6.879593217427011,0.122127561394565,0.0512707460774021,0.0228243846052228,0.022762631903169,0.0447807960705542,0.0885124651605198,0.1589437156886162,0.1851055465138721,0.1465985404645561,0.1409665766530655,0.07580842679316,0.0517162477084698,0.0338652149656796,0.0281154534731145,0.0887615788540968,1.0039188306230782,-0.0910476333936907,1.010652582745362,0.0,6.187512100368025,0.1114761145207557,0.4761354051661509,0.037029047187092,0.0325966373531283,0.0492211835013109,0.0810833519905853,0.1249968500136577,0.1597192262251508,0.1726972599663054,0.1272154841178733,0.0832169768790896,0.0539945555067774,0.0380604615908593,0.0401689656681696,1989-09-30,10,0.11937723154760267,0.00401242396447552,0.0002737476047084588,0.0,0.0002737476047084588
cars,522,test,7060047060.0,False,2000,2009,2010,2019,10,10,0.0756903415431637,0.0902951134750691,0.0455050982747986,0.1169125442810004,0.9960058399399804,-0.1293198194599834,0.6898952403578583,0.0,5.443996671248963,0.1004244969761625,0.2398843064792921,0.0421432868139731,0.0351162810672908,0.0559879244697539,0.0900381152635338,0.119709576402221,0.1474107867671336,0.1382520783565436,0.1242213987820347,0.0741553625126205,0.06207311656408,0.0612875230621381,0.0496045499386766,0.0714074460062018,1.004439851385521,-0.1267544259534332,1.0128517262441894,0.0,5.872050050597648,0.1162561123402483,0.1864385149046796,0.043833386614514,0.0384496602175615,0.0494728760328836,0.0709541098504335,0.1118335418337814,0.1857794244703121,0.1851550751776225,0.1190863155138065,0.06196321656767,0.0531039174072435,0.0407404456008254,0.0396280307133454,2009-09-30,10,0.06267169935929136,0.0028104752651174213,0.0010949904188338351,0.0010949904188338351,0.0
raw,522,train,7060047060.0,False,1980,1989,1990,1999,10,10,0.1067043953111051,0.0806704272081336,0.0125301295884247,0.1015717888640296,1.005314324063144,-0.0946053940289758,1.033021155840244,0.0,6.881214403066813,0.1221867620715293,0.0512525686655663,0.0228127557307056,0.0226934968073268,0.0450628417328238,0.0891000248903759,0.1592996393382542,0.1853497754394663,0.1462475321023175,0.1406815187864638,0.0753831396851476,0.0516638649242475,0.0336611793103873,0.0280442312524833,0.0890416592756049,1.0037373603809403,-0.0869877937450554,1.0147907400433205,0.0,6.184775781034006,0.1113698142638274,0.4755948649360483,0.0369048580141896,0.0326442153255288,0.0495430242570361,0.081526140825613,0.1255504276333111,0.1594576549460548,0.1721287219046438,0.1272263078414475,0.082872924472205,0.0538929816604436,0.0379921015037146,0.0402606416158113,1989-09-30,10,0.11840254772017494,0.004223545024349059,0.0002737476047084588,0.0,0.0002737476047084588
raw,522,test,7060047060.0,False,2000,2009,2010,2019,10,10,0.0750204549950936,0.0910230029642432,0.0475959729474947,0.1178565130813419,0.9949998181431922,-0.1299655900760413,0.6925642767117642,0.0,5.447595779665662,0.1003705696877767,0.2386576444891482,0.0421576779516655,0.0351348358813995,0.05626931348225,0.0904546706940445,0.1200952175080365,0.1469653531842825,0.1381776197202605,0.1239952537133877,0.0739034877117368,0.0621892430616597,0.0612132530399893,0.0494440740512872,0.0702605401338471,1.0044296136255513,-0.1226158609928292,1.0142595791047284,0.0,5.8719972617743705,0.1162724140315659,0.1863202477363443,0.0439366040782233,0.0383964044170882,0.0496268186569127,0.0711862519372069,0.112215215308479,0.1862414916547032,0.1848839895518363,0.1184270546517821,0.0618103895379587,0.0529986335911985,0.040689576187573,0.0395875704270374,2009-09-30,10,0.0625339259966512,0.0024737545496474017,0.0010949904188338351,0.0010949904188338351,0.0
cars,530,test,7060047060.0,False,2000,2009,2010,2019,10,10,0.2309843839560037,0.0959961851123069,0.0261514358308528,0.2226738725900746,0.777807423639462,0.1307148569440593,0.9619574058060902,0.0,4.113342680167581,0.1310631665637285,0.1372101835340923,0.033538192551876,0.0269520015354212,0.0361852297609216,0.0631796055584208,0.1652531449428577,0.2284824754080373,0.1570457267976486,0.1046587900177375,0.0455506050213032,0.0583278458185304,0.0447605476036776,0.0360658349835675,0.2488253084209274,0.6868980594931688,0.0643362080676717,1.2402041352072422,0.0,5.18215185528676,0.1534138572068239,0.1133588786311466,0.031692824186255,0.0294919799441051,0.0351439240285103,0.0490656816614923,0.1216302332686957,0.2889748262711105,0.1866842375375474,0.0851955549980634,0.0395405208671384,0.0484284895491852,0.0464307278580417,0.0377209998298544,2009-09-30,10,0.11092699650429552,0.013611773589139942,0.0,0.0,0.0
raw,530,test,7060047060.0,False,2000,2009,2010,2019,10,10,0.2309653018264444,0.0966932998138424,0.0273604206793223,0.2214628524620996,0.7777881007739762,0.1317685652875084,0.9645752229943402,0.0,4.113272378866685,0.1310990665938907,0.1371199180558722,0.0335342235719613,0.0269132712143339,0.0364167353929751,0.0633501719444389,0.1666241841357496,0.2282449288503016,0.156347582262596,0.1041487086464173,0.0453791961870342,0.0584322921186674,0.0446288859203619,0.0359798197551621,0.2488232731414219,0.686929358471918,0.0641648560540512,1.2426542314404685,0.0,5.181964403066813,0.1535198213976676,0.1132574342529079,0.0316953114935353,0.0294907657963995,0.0351779864169971,0.0492486631374912,0.1227243957499825,0.289439835083918,0.1858917107285178,0.0843270434030238,0.039474155611969,0.0485446563704025,0.0463260548449964,0.0376594213627664,2009-09-30,10,0.1097711187605931,0.01332960393664988,0.0,0.0,0.0
cars,531,test,7060008710.0,False,2000,2009,2010,2019,10,10,0.0109214812316103,0.1005273889904511,0.054296872498249,0.2486894707415422,1.0052726228648867,-0.0659507514550885,1.7526663006707457,0.0054749520941691,3.4356444518700138,0.2285974879666776,0.820932923941889,0.0179631527056319,0.0183667451245141,0.0540530286253718,0.2277097578470377,0.3809435358169437,0.1554893527051608,0.0404476453803997,0.021591845815987,0.0199339118237859,0.0247939621306851,0.0210352311618364,0.0176718308626454,0.1943925982432932,0.9841144030974392,-0.0964200137207932,1.7045546087596375,0.0090386195562859,3.398326281258394,0.1949209854112507,0.1008788145794645,0.0164475726734096,0.0196076538859584,0.0559945225068312,0.1962070199528896,0.316306642008109,0.2145186749300124,0.0578826273300287,0.0278823192519554,0.0345241205608843,0.023657665588154,0.0195836190899132,0.0173875622218535,2009-09-30,10,0.09584691439090949,0.023790116774453095,0.004927456884752259,0.004927456884752259,0.0
raw,531,test,7060008710.0,False,2000,2009,2010,2019,10,10,0.0116376331142339,0.1010999123050556,0.0517884993991202,0.2430486960649661,1.0015602743306873,-0.0729536734928136,1.7551883000706274,0.0066024759284731,3.448763961485557,0.2289391048332051,0.8193767198858225,0.0180021835863767,0.0183747030712596,0.0545893403429747,0.2306048767187845,0.3803802043943419,0.1537663913558887,0.0395507207613883,0.0213483976915916,0.0198351868504291,0.0248856576568269,0.020982818077198,0.0176795194929395,0.1912601966658459,0.9806676513393902,-0.0956331119755496,1.755013626132504,0.0107231234533956,3.408861149298873,0.1951610155261569,0.106017852437321,0.016456165448247,0.0196574003543144,0.0565702061650449,0.1979351070992903,0.3165327582741384,0.2132563339911798,0.0572862071290692,0.0275889843126664,0.0342055204263129,0.023646905782113,0.019550931809478,0.017313479208145,2009-09-30,10,0.09454630220921172,0.02195784369001132,0.004927456884752259,0.004927456884752259,0.0
cars,533,test,7060047060.0,False,2000,2009,2010,2019,10,10,0.0907306041760805,0.0972446823189291,0.0210403907257349,0.0713632421776792,0.9944835097896096,0.0090351131930394,0.6884053924858059,0.0,3.078729183835402,0.0950263849174528,0.0215764021553642,0.0535845164570804,0.0486067666121263,0.059041846605243,0.0715485790456553,0.073505118741064,0.1274778637196182,0.1444068279214092,0.1315338681382095,0.08522295140612,0.0755683412315147,0.0679256715198279,0.0615776486021308,0.0503228514519442,0.9951601769762516,0.0742061133809187,1.034413764717948,0.0,3.371128360398114,0.1113649600684929,0.1211845444209123,0.0615431325874096,0.0437320632785147,0.0509632489414726,0.057283452499741,0.0651266756646609,0.1661297266686181,0.1950410311610093,0.1263435276395803,0.0710944156537333,0.0600243761575278,0.0492225031996194,0.0534958465481124,2009-09-30,10,0.09282497848616458,0.00886655906104367,0.0093074185600876,0.0093074185600876,0.0
raw,533,test,7060047060.0,False,2000,2009,2010,2019,10,10,0.0882267246018505,0.0986471154084125,0.0097018783796665,0.0717785558395135,0.9888155618017536,0.0274506594886752,0.7020482330325845,0.0,3.09646476927328,0.0950498751124083,0.0225457958593036,0.0537384707944044,0.0488190991589763,0.0592587648198223,0.0714596131787438,0.0738674076436542,0.1276596883877414,0.144471772799579,0.1319503849062288,0.0838817694567586,0.0753102817339047,0.0680045325289623,0.0615782145912237,0.0620766774598469,0.9951270351425264,0.1002049201036531,1.044909084476454,0.0,3.3820694597574423,0.1116533696510266,0.1188447368165465,0.0617492959335127,0.043771436171756,0.0510517884543854,0.0573927062656456,0.0654614760962948,0.1675337575390289,0.1952339939175958,0.1257074486795106,0.0707925446376034,0.0598001751894109,0.0481554093724052,0.0533499677428503,2009-09-30,10,0.08893643630623213,0.008036957781763675,0.0093074185600876,0.0093074185600876,0.0
cars,536,train,7060008710.0,False,1980,1989,1990,1999,10,10,0.0464243150073897,0.0171663714256646,0.0337052303686498,0.3797459357380617,1.0023460103293729,0.1131014095020132,1.2357711020353013,0.0,6.40030337836283,0.1650129105136207,0.0020893371168717,0.0276163596022796,0.0247426895473917,0.0285276963183552,0.0538105436784309,0.1800139333745279,0.3062454278252463,0.1491289684479838,0.0706793290727827,0.0482369175105483,0.043015652729056,0.036673764712129,0.0313087171812681,0.3460407053694119,0.9998646361111037,0.2057417611161375,1.2889885119330473,0.0,6.109965197053034,0.1673942329078467,0.3642450011051548,0.0282128477843755,0.0251060438445017,0.0278669767704732,0.0523504860120479,0.1735936707917126,0.3097679083368163,0.1581814060996565,0.072873382933611,0.0496744744329362,0.0408032199966677,0.0310523849647681,0.0305171980324329,1989-09-30,10,0.12289180146280047,0.003183669012189034,0.0,0.0,0.0
cars,536,test,7060008710.0,False,2000,2009,2010,2019,10,10,0.1315869747664058,0.0912497274703279,0.00833629737436,0.2441716783844615,1.0090277508661536,0.0246952040139925,1.1363484488696003,0.0,4.755140577098704,0.1485984845603013,0.3434958931577558,0.032745007439855,0.0293086974119737,0.0362875293890507,0.0696360655180157,0.2345447906990824,0.247830248076975,0.1085660238087148,0.0657030064169533,0.0524136225389806,0.0518369309280385,0.036761672127926,0.0343664056444339,0.2525079757588215,0.994727893507732,0.0152266183417342,1.2558153682367943,0.0,5.423889805764561,0.1592144777212512,0.160990063025217,0.0325172224943943,0.028127411141064,0.0356622086447597,0.0690746972042104,0.1583582281660069,0.3102686218122251,0.1368790898793722,0.0662012940813738,0.0479732715986836,0.0483974552956582,0.0344617984932031,0.0320787011890481,2009-09-30,10,0.10193202388771286,0.004012291922443502,0.006022447303586094,0.006022447303586094,0.0
raw,536,train,7060008710.0,False,1980,1989,1990,1999,10,10,0.0464316801807839,0.0173910039784683,0.036867568404202,0.3851022573219688,1.0023440274005622,0.1593618716224359,1.2487657763666855,0.0,6.400527237886669,0.1650243955137326,0.0019399005871436,0.0275824611697486,0.0247606980091549,0.0285002527252109,0.0545551570099746,0.1814006733465274,0.3060655419247132,0.1478597737337372,0.0701972180467271,0.0481822389563274,0.0430359085357993,0.0365171891208319,0.0313428874212473,0.3482346889177668,0.999850902176277,0.2047254643890804,1.297604773050786,0.0,6.110133899233297,0.1674261420844089,0.3642315453661441,0.0282713583976918,0.0250635368701619,0.0279133802143737,0.052769022643823,0.1750638797010461,0.3097045922622667,0.1568174341290789,0.0726174967707795,0.0495645173888978,0.0407144165405997,0.0310722643137383,0.0304281007675423,1989-09-30,10,0.11727093848438981,0.004386124932468543,0.0,0.0,0.0
raw,536,test,7060008710.0,False,2000,2009,2010,2019,10,10,0.1297014645269483,0.0919791509892637,0.0086167671320379,0.246914396231868,1.0085988573916789,0.0425899930882331,1.142167031461892,0.0,4.766377857339576,0.148860440953373,0.3395492381213379,0.0323098810531263,0.0292896665907424,0.0362733708378445,0.0702400073774819,0.2364361053320451,0.2468576075486987,0.1077366026302618,0.0655990927915969,0.0524316048831442,0.0518197615515547,0.0366814782560159,0.0343248211474873,0.2555311633639059,0.9946554686779951,0.0366721166799445,1.26212275627821,0.0,5.426466155110989,0.1592725857822488,0.160492027056388,0.0325725619818015,0.0280359120102721,0.0356616210906675,0.0693447737318618,0.1596471421519177,0.3101664926450071,0.1358612304572834,0.0658820499288552,0.0480650264441377,0.0483533931698497,0.0343325585476619,0.0320772378406836,2009-09-30,10,0.10016331375442716,0.004247284088138244,0.006022447303586094,0.006022447303586094,0.0
cars,541,train,7060008710.0,False,1980,1989,1990,1999,10,10,0.0711410338215002,0.0157150623039272,0.0890352892813194,0.4658795999180751,1.00429293969416,0.101089408650833,1.2060522684090662,0.0079386805365453,43.026268113045866,0.1526145331653027,-0.1050726817196577,0.0251406600110226,0.0225948735729292,0.0377917301900443,0.0815411752880203,0.2069213364806125,0.2675429657566009,0.1318481572419011,0.0735637069035567,0.0503737658346954,0.0439047285059983,0.0317375885042136,0.0270393117104046,0.3768443106367556,0.9764292162002436,0.0130095003705689,1.1759872221718517,0.0071193866374589,40.07167724744829,0.1532806755564057,0.3901466220554088,0.0255028542295262,0.0244006506560792,0.0381854232675891,0.0694236025716069,0.2088085392830512,0.2662483257467915,0.1389722473091728,0.0764949481541646,0.049583705545331,0.0433380312289229,0.0329484523086241,0.0260932196991401,1989-09-30,10,0.14513825178266668,0.004074766189282111,0.0,0.0,0.0
cars,541,test,7060008710.0,False,2000,2009,2010,2019,10,10,0.1297548139096136,0.090952385013217,0.0307267947834394,0.3680095508242642,1.0015072592597134,-0.0885321170559714,1.110824590830826,0.0128661374212975,30.75155198512638,0.1454448390421081,0.418524520610017,0.0293764744985175,0.0268847066023582,0.0462879257193203,0.0935328898524092,0.2460429145786402,0.2226112621753293,0.1068756636504076,0.0713893760553407,0.0468884660604369,0.0452542970454954,0.034262251764999,0.0305937719967451,0.3372827560408248,0.9816351980184084,-0.0554666900892658,1.2193525029391026,0.0095837897042716,35.01215468613585,0.1527011965784383,0.2073664175155169,0.0263224967242691,0.0261233081525615,0.0427809097349525,0.0931589581054758,0.1742318204408292,0.2872231749746037,0.1300653598025309,0.0745401521171601,0.0465599710801023,0.038818059837969,0.0316291178439638,0.0285466711855816,2009-09-30,10,0.1089708495964633,0.012921593311753672,0.0,0.0,0.0
raw,541,train,7060008710.0,False,1980,1989,1990,1999,10,10,0.0711225812641557,0.0156197275209592,0.085060301796381,0.4581138047591911,1.0042550788508071,0.0694387914297537,1.2099215416699458,0.0271010128661374,43.027822611552146,0.1526281282698986,-0.1052469900777885,0.0251589387893811,0.0226512825663843,0.0379547834378275,0.0822769860786159,0.2081699936625781,0.2669793052625134,0.1308312812781849,0.0732316797598401,0.0503179666482581,0.0437730446643567,0.0317192634339512,0.0269354744181083,0.3730535029628101,0.9765038756163804,-0.0028123067621439,1.1789961016932398,0.0238225629791894,40.07386445783133,0.153342045162123,0.3900596425958095,0.0255033775150956,0.0244288762140924,0.0383273212630567,0.0699748499063062,0.2100059232761396,0.2658617401287995,0.1381028910926826,0.0760865513725875,0.0495054269070067,0.0432671587768241,0.0328820097154519,0.0260538738319565,1989-09-30,10,0.14333788389439636,0.0025997203115591928,0.0,0.0,0.0
raw,541,test,7060008710.0,False,2000,2009,2010,2019,10,10,0.1297646256289539,0.0914430595453771,0.0504123918622658,0.3855330714681625,1.0014822690186118,-0.1341073037928829,1.113443456989886,0.0640569395017793,30.751494388174105,0.1455204049250433,0.4185274062445325,0.029391666507693,0.0268679608723565,0.0465165734458196,0.0943051434568479,0.2473568816701093,0.2213512506127976,0.1062846555971601,0.0711335392628325,0.0468245178588664,0.0451861624257092,0.0341975684578109,0.0305840798319963,0.3351206796058966,0.9815967030456496,-0.0484856341594947,1.2215702669373136,0.0172508214676889,35.012432639649504,0.1526477800334913,0.2071543128670067,0.0263364279520049,0.0261192229917014,0.0430352998376323,0.0936610734831761,0.1752896741326528,0.2867750138262575,0.1292201759281189,0.0742173152637909,0.046535996554627,0.0387360368407391,0.0315493078956681,0.0285244552936304,2009-09-30,10,0.10888174375226256,0.012403893753981312,0.0,0.0,0.0
cars,542,train,7060008710.0,False,1980,1989,1990,1999,10,10,0.0956655686427061,0.1125463840122106,0.0005505150598834,0.0214314788972781,0.9995034255140708,0.0500457513572013,0.5807729676804216,0.0,47.25659226867336,0.0863863803283179,-0.0575155687354471,0.0803184610056389,0.078273868073052,0.085274220539903,0.0802085009600795,0.0864474293724631,0.1081969922404225,0.1194395196546087,0.0900055663506655,0.0722380989695711,0.0676188991286618,0.0606474457420196,0.0713309979629138,0.0208809638373947,1.0000256635847569,0.0213435401193978,0.6923720021892102,0.0,42.94527344288221,0.0959517818375784,0.3629351206365728,0.0493844046519473,0.0425946504361908,0.0657330144557988,0.0825130311343921,0.1259105326399056,0.1302523093886848,0.1384733658454382,0.1022939125627559,0.0877117137773255,0.0695465253401807,0.050914156375335,0.0546723833920447,1989-09-30,10,0.013762518018627316,0.002246031285048855,0.0002737476047084588,0.0,0.0
cars,542,test,7060008710.0,False,2000,2009,2010,2019,10,10,0.1005063456906769,0.0823342056079307,0.0243209572598582,0.0431119336673547,1.0000643607882571,0.0368427860800991,0.664848985834187,0.0005474952094169,33.0148303846749,0.0961896176520023,0.3111990549144575,0.0502735235906049,0.0458262426083614,0.0501490897529979,0.0940483094854113,0.1229107708103333,0.1147258308469769,0.1238198016019417,0.1221438237569337,0.1038743027200326,0.0830332914993086,0.0414095616634268,0.0477854516636704,0.0187909764074965,0.9987455183577582,0.0115949390954925,0.8756018196341171,0.0041073384446878,36.50551013512548,0.1072071617472245,0.1691393406605597,0.0420865580000658,0.036112930294155,0.0423295397948839,0.0671829853102154,0.1440791511748035,0.1701989739812494,0.1278295824662718,0.112960555621365,0.0951201623107005,0.0804149466529478,0.0322162614848128,0.0494683529085283,2009-09-30,10,0.032058059854477454,0.0037653062181884464,0.0005474952094169176,0.0,0.0
raw,542,train,7060008710.0,False,1980,1989,1990,1999,10,10,0.0928049323071362,0.1131643127169605,0.0021654545593916,0.0253150571312232,0.9994737817236788,0.0504062228298779,0.5956231124349303,0.0,47.26995728368018,0.0863765165955416,-0.0570044555724241,0.0804961787496769,0.0782550488187781,0.0852745113354765,0.0802136494513313,0.086548890920879,0.1086032300178108,0.1190395806556876,0.0898868182058211,0.0720484756857045,0.0675227297262159,0.0608267569710004,0.0712841294616174,0.0231496025718315,0.9995865213104184,0.0285512134988133,0.7003381302440491,0.0,43.08048062654576,0.0959856457605895,0.3572123459772617,0.0491913149458586,0.0426716565030745,0.0657846693741894,0.0827643352818008,0.126165621787947,0.130565159813969,0.1381503674025523,0.1021383643562271,0.0877841328042444,0.0694597059336702,0.0507532030915966,0.0545714687048695,1989-09-30,10,0.018173447302348638,0.0026542965200400696,0.0002737476047084588,0.0,0.0
raw,542,test,7060008710.0,False,2000,2009,2010,2019,10,10,0.1000575814835138,0.082683940314474,0.0403558418027999,0.0621852328019629,1.0000318191922872,0.0837454770121097,0.6869909553899127,0.000821692686935,33.028649411120234,0.0961903379205935,0.3107469040446213,0.0503065410565144,0.0459188510752254,0.0504097772110049,0.0942285864734731,0.1231133476668691,0.1147253292604324,0.1237746262781133,0.1222250141990139,0.1036161852762322,0.0826732772082144,0.0413003993884976,0.0477080649064088,0.021829390999163,0.9987783136434658,0.0128505040345099,0.8803613496933385,0.0054764512595837,36.50440470974809,0.1072091109171965,0.1692977389065183,0.0419863134342758,0.0361015489390971,0.0424807998158574,0.0674390176593942,0.1450020367690178,0.1696429063017392,0.1278322157195002,0.1127885840960572,0.0950446451697535,0.0800340933215414,0.0321196891377254,0.0495281496360407,2009-09-30,10,0.04605547979342037,0.0054633006475967106,0.0005474952094169176,0.0,0.0
cars,549,test,7060008710.0,False,2000,2009,2010,2019,10,9,0.2703904970898788,0.1024761546211541,0.04353458867528,0.1265932506455483,2.33442283514735,0.1644561320556131,1.6206632387200155,0.0,1.0932500018051472,0.2166680876539033,0.189258880224453,0.0145341740539792,0.0122660690465656,0.0159073253398625,0.0364823976626759,0.3022723174582687,0.3114699990831936,0.1417936218661008,0.0517717253363409,0.0398294939255904,0.034490038870966,0.0219286107868237,0.0172542265696321,0.1701278393208284,1.7780872844486546,0.1196768115859703,2.044399248123484,-0.0237587572342369,1.432677985494003,0.224631452265973,-0.1086181942159532,0.0123377217436177,0.0119875290436559,0.0145091265497771,0.0428854638852473,0.2131447057747565,0.3769001487490769,0.1700537026665066,0.0508103377076499,0.0370444718257196,0.0368728968032597,0.0189662967512838,0.0144875984994485,2009-09-30,10,0.08741567971190144,0.01702883916266216,0.02053107035313441,0.016972351491924446,0.0035587188612099642
raw,549,test,7060008710.0,False,2000,2009,2010,2019,10,8,0.3215845230069001,0.1107893236146661,0.0437649594470664,0.1289048748424131,2.331962806989128,0.1783892814480371,1.6296640113206236,-0.0002794857462269,1.104326439351593,0.2177209142467675,0.1974379482382545,0.0140594946447733,0.0120948148448097,0.0155334473892004,0.0369713105626531,0.3033328440404121,0.3122152821364216,0.1418697232289283,0.0514896438622421,0.0396636026806503,0.0342676297301127,0.0217724382984754,0.0167297685813204,0.1726698342894795,1.7909135879110931,0.1299886209825785,2.0506277424631056,-0.0477684797768479,1.523210251046025,0.2345714359390709,-0.2357698804879634,0.0108012535918528,0.0103471000902584,0.0136127018310581,0.0372975852264598,0.2099594672577987,0.3911987615160762,0.1733492928001333,0.0503824251751203,0.0373445113695177,0.0340001652715867,0.0181109732321834,0.0135957626379542,2009-09-30,10,0.08970227977564288,0.017253748317787074,0.02053107035313441,0.016972351491924446,0.0035587188612099642
cars,55,train,7060014930.0,False,1980,1989,1990,1999,10,10,0.1358876846818809,0.0692039850541744,0.0010481279774017,0.2912385396257221,0.997283340603176,-0.1863790797685622,1.1023336614379051,0.0323022173555981,8.938637330266566,0.1085866533077206,-0.1035326317396339,0.0779972328372404,0.0751122159827545,0.0881160661373289,0.1400573712902509,0.1820100672866364,0.1222465547673144,0.0467858583998619,0.0197563787359822,0.0220818284250855,0.0453827334253693,0.0896573800524204,0.0907963126597548,0.2901904116483203,0.9830428914657784,-0.0748672133265547,1.1769547208144464,0.0208105147864184,10.239684804653397,0.1055014493705871,0.2387090284947734,0.0864785726245186,0.0849220324085273,0.0781660014445785,0.1273354808160151,0.1635369089886946,0.1104921500219258,0.0463725530889557,0.0220794298595157,0.0167292462710857,0.0511024464162337,0.132527444779146,0.0802577332808028,1989-09-30,10,0.0863855951407595,0.003970031902940819,0.0,0.0,0.0
cars,55,test,7060014930.0,False,2000,2009,2010,2019,10,10,0.1106356241367022,0.0576071183534778,0.0116094150048562,0.2907503018645895,1.0032271011377991,0.0747973868980237,1.1725977978056037,0.0,8.997640531447253,0.1138538489942316,0.0208892682452796,0.0877501798916576,0.0475720522993792,0.0747803013507395,0.1213913305966148,0.2004199627127822,0.1406680449061319,0.0491259139538996,0.0271253892535871,0.020064342722409,0.0449652093572813,0.1119089334573504,0.074228339498167,0.2791408868597332,1.007483181169364,0.0463528870572551,1.0226156809079692,0.0,10.050254965950758,0.1058290427853984,-0.0791583105890271,0.0816827084634689,0.0698168519679807,0.0792692005545497,0.1298029649806339,0.1816241767137414,0.1141555456752798,0.0542511959128412,0.0293984134481604,0.0168348357105746,0.0579840667682445,0.1089070787737884,0.0762729610307358,2009-09-30,10,0.09266234344264684,0.014346567816574722,0.0,0.0,0.0
raw,55,train,7060014930.0,False,1980,1989,1990,1999,10,10,0.1358509733849369,0.0701183385917376,0.0060302277349947,0.2950248358458646,0.9972824487621628,-0.1818880055932958,1.1399300880016985,0.0369559266356419,8.939566931289352,0.1086035390584515,-0.1036061862543911,0.0781271253596326,0.075166772118699,0.0882518984581138,0.1410327178531709,0.1818805338202153,0.1212353364156643,0.046366700291687,0.0197394445741116,0.0220805593099854,0.045694516312626,0.0895231716525339,0.0909012238335597,0.3010550635808594,0.9829896615700716,-0.0720676819747234,1.2400325309408495,0.0219058050383351,10.240373767798468,0.1056289375254976,0.2386145734010525,0.0865885988885188,0.0842924238014249,0.0783936079739354,0.1283042378511382,0.163369333179492,0.1096199527004831,0.0459387165223022,0.0220154663992002,0.0167607518561564,0.0517678491902407,0.1337050303299562,0.0792440313071515,1989-09-30,10,0.08814769292673313,0.003072610773730654,0.0,0.0,0.0
raw,55,test,7060014930.0,False,2000,2009,2010,2019,10,10,0.110646450347201,0.0604087196309832,0.0130463884647791,0.2985936197440463,1.0031200094792805,0.0791905558870633,1.23472070532178,0.0,8.99854776895702,0.1139760435428743,0.0208760183266153,0.0890572877364553,0.0462525586222432,0.0753816011008863,0.122036694487461,0.200839780242546,0.1395667305869077,0.0484636402229942,0.0270018324275642,0.0204885996904023,0.0451352447751781,0.1119084063051814,0.0738676238021799,0.2855472312792672,1.0075579919742932,0.0441730514204506,1.0673542348497838,0.0,10.051377156943303,0.1056560365570302,-0.0791619830099702,0.0815804519851419,0.0696734536540803,0.0803120849010798,0.129722130435965,0.181723763895263,0.1135958345806908,0.0537811786925011,0.0292540014493599,0.0171157889493415,0.0596667169697139,0.1074362455200722,0.0761383489667901,2009-09-30,10,0.08907163990473087,0.014279689404448539,0.0,0.0,0.0
cars,567,test,7060008710.0,False,2000,2009,2010,2019,10,10,0.0847067631851966,0.1173334429171762,0.091537667904291,0.5645647910752323,0.268524394455213,-0.0549754334595668,1.560243649387302,0.0,11.949125127252962,0.205183847353099,0.5175356900826912,0.0153452178798992,0.0155956494127982,0.0576721911591643,0.2084856617075045,0.3571622214186727,0.1516525230672325,0.0493156334699011,0.0396757591378699,0.0378660604862366,0.0387660787294512,0.0151084792730802,0.0133545242581892,0.6561024589795234,0.2636364655235704,-0.0386561340309072,1.6172427062699448,0.0,10.978637085833451,0.1915430040283512,0.3233489527889618,0.0126105425737267,0.0147448029881572,0.05691149283995,0.1844954657382453,0.2900330357586942,0.2474064896394507,0.0686628907607604,0.0419079781919686,0.0357118239648784,0.0221783062321455,0.0133289718268258,0.0120081994851964,2009-09-30,10,0.19904923821081816,0.01564726167967907,0.0019162332329592116,0.0019162332329592116,0.0
raw,567,test,7060008710.0,False,2000,2009,2010,2019,10,10,0.0756122645891893,0.1173204231100016,0.0916782836918689,0.568167901667212,0.2684298524671449,-0.0504588576995799,1.5663419608131204,0.0,11.970148107515088,0.2053060625119929,0.515736558169992,0.0152695176059662,0.0156431385811659,0.0583675425885751,0.2102499681507938,0.356901493842334,0.1501162610590067,0.0490890668778337,0.0395985762717456,0.0378006313016747,0.0386547399409208,0.0149442661805423,0.0133647975994405,0.6598461853590809,0.2630073067777154,-0.0342390780427784,1.6128912680086194,0.0,11.098429680998612,0.1921640065256456,0.3302516150634045,0.0124294176739876,0.0147501968203371,0.0574132277812965,0.1860240927237923,0.2912190423960467,0.2462681991797068,0.0681163950697227,0.0417397330691583,0.0357431330828399,0.0217066357102811,0.0130087501726762,0.0115811763201546,2009-09-30,10,0.19887461213727117,0.015750938554535996,0.0019162332329592116,0.0019162332329592116,0.0
cars,57,train,7060014930.0,False,1980,1989,1990,1999,10,10,0.1710375008266381,0.0721787532552092,0.0040249618322447,0.4336676139885906,0.9660829318834206,-0.1265219585938231,1.0879431915485265,0.0544757733369833,7.739894936423111,0.1141319426486347,-0.1429180036128359,0.0798915877728214,0.077010443544078,0.0956645564685197,0.1480095710304094,0.1888148582568387,0.1316813056412934,0.0455223629401935,0.0166414556656744,0.0158870140617701,0.0337554411844208,0.0779358168519556,0.0891855865820246,0.4296426521563459,0.975399009347923,-0.0993753419246575,1.1296932198645295,0.0249178532311062,9.18365812877994,0.1073833680992716,0.289571271390722,0.0854811208431512,0.088023674682597,0.0826631639230827,0.1316682106713793,0.1738613858642141,0.1134850857942738,0.0511172082474233,0.0167701257019172,0.0174463428825581,0.0430084525316784,0.1169759503867978,0.0794992784709265,1989-09-30,10,0.08925586648784249,0.012303292295702175,0.0,0.0,0.0
cars,57,test,7060014930.0,False,2000,2009,2010,2019,10,10,0.1115515517431834,0.0589071910221745,0.052087911096976,0.3920447207419912,1.0110070628679273,-0.1169904521534452,1.144822625461938,0.0,7.805409044283635,0.1153575359747886,0.041127391056426,0.0912996806679288,0.052292942620427,0.0840070531517551,0.128616331417235,0.2051122881319133,0.1353319813150262,0.0383695980221587,0.019240851346539,0.0298839985144398,0.0384445882508958,0.1019900554447402,0.0754106311169407,0.3399568096450151,1.0283074077243697,-0.1017695705384739,0.9939934542976976,0.0,8.726536121104973,0.1072083128792644,-0.0573895024302805,0.0825706771523557,0.075322329636997,0.0842546179955384,0.1375076697127883,0.1854710186979083,0.1096363178576881,0.0378717154763168,0.0167953570045845,0.0351781973947863,0.0585728703682154,0.1000921777172782,0.0767270509855426,2009-09-30,10,0.1471033644385436,5.0995356774835094e-05,0.0,0.0,0.0
raw,57,train,7060014930.0,False,1980,1989,1990,1999,10,10,0.1709871835932392,0.0732432812549529,0.0027490222578405,0.4276210972123272,0.9661647805845482,-0.1173231025989843,1.1183406894140755,0.0569395017793594,7.7410158773610735,0.1141625518665974,-0.1430146388212414,0.0801695498868004,0.0769915946113596,0.095909916464539,0.1490374242726598,0.1885922983545012,0.1307003684251156,0.0448590810975527,0.0165792539772446,0.0159332731945629,0.0339300283319879,0.078140476401898,0.0891567349817778,0.4248720749544867,0.975413817629651,-0.0868961554311982,1.1880959239157332,0.0284775465498357,9.184526013143484,0.1074927096325349,0.2894295141810224,0.0856806544199105,0.087719925374507,0.0828152821088877,0.1323943323525994,0.1741046248170459,0.1123845171630017,0.050678511278837,0.0167379064428959,0.0173866772977514,0.0436912184641717,0.1179516454782853,0.0784547048021058,1989-09-30,10,0.08464960774059431,0.00996988365852536,0.0,0.0,0.0
raw,57,test,7060014930.0,False,2000,2009,2010,2019,10,10,0.1190946436006867,0.0607946865339475,0.0466637394931272,0.3901019195726349,1.0108260049243545,-0.0985322352686224,1.195114161976882,0.0,7.8065822611552145,0.115501081539971,0.0411176326813672,0.0924354548592975,0.0510101799091748,0.0846263751889413,0.1291893786417401,0.2054223300860227,0.1342219473027825,0.037694400743124,0.0193260300843922,0.0302404721040051,0.0383845747751946,0.1021979704002234,0.0752508859051012,0.3434381800795077,1.018082442931931,-0.0763708458205949,1.0300528943386895,-0.0002766251728907,8.793931673582296,0.1073795806878412,-0.0421591770777537,0.0821363581443673,0.0753332888959672,0.085420686332078,0.1376595887840801,0.1860822987359288,0.1091934294059121,0.0370696969049731,0.0164691400580112,0.0353941733302006,0.0592759441841936,0.0995525236927023,0.0764128715315852,2009-09-30,10,0.1443107765277826,5.315304059309456e-05,0.0,0.0,0.0
cars,574,train,7060008710.0,False,1980,1989,1990,1999,10,10,0.1193701999206044,0.0537415807753973,0.0177377036194112,0.3347915039972816,1.006674317329764,-0.0310681535838438,1.54377258423993,0.0,3.350161542508242,0.2067621481437306,0.1402552291640157,0.0108948472084914,0.0096337997899087,0.0181662509919669,0.0735436418176627,0.2475692769966148,0.3464634707751357,0.1013474055997954,0.0662311627745567,0.0514444796427454,0.0387118627141503,0.0221013925152415,0.01389240917373,0.3525292076166929,0.9624672328129426,-0.0187340323301966,1.577672550797225,0.0,2.973198669579504,0.1967150749482851,0.1662684714902038,0.0115414875881879,0.0101733795524816,0.0198332494726766,0.0556649053587963,0.264040330465448,0.3147698233988852,0.1103773562895695,0.0756787439589931,0.0660105431011688,0.0345426657738699,0.0225507870523663,0.0148167279875564,1989-09-30,10,0.08702545194865316,0.00895261266312951,0.0,0.0,0.0
cars,574,test,7060008710.0,False,2000,2009,2010,2019,10,10,0.0742272179921909,0.1426615362413129,0.0515166191760526,0.4512779774649619,1.0296794601494914,-0.0289186585496729,1.633515139254015,0.0,2.3911897531907464,0.2042407862269536,0.4708997201551338,0.013694365035369,0.0116898610181549,0.0269616162632117,0.1002224333886643,0.3642221077400299,0.2161947915826992,0.0602588752959417,0.0552567093974927,0.0517538252115801,0.0595915817400256,0.0237501287156971,0.016403704611133,0.3997613582889092,0.9698112592134064,-0.0187038956693741,1.6797933233336864,0.0,2.2201257285664395,0.1882817988483641,0.2610920399360322,0.0126498962678473,0.0126943899144565,0.0296198348422117,0.1092618115295879,0.2455921639536072,0.3133066531346655,0.0931064243690632,0.0545137206615797,0.0507751134836766,0.0419574779183114,0.0216185144296163,0.014903999495376,2009-09-30,10,0.09521267672805545,0.011307267540320654,0.0010949904188338351,0.0010949904188338351,0.0
raw,574,train,7060008710.0,False,1980,1989,1990,1999,10,10,0.1191535850058281,0.0536357630504094,0.0200610333284375,0.334557342203242,1.0067115404554925,-0.027459614693095,1.5544288164635176,0.0,3.3503747604708463,0.2065793257302862,0.1401345409720493,0.0108880531033827,0.0096317329986414,0.0182898505987334,0.074471528081851,0.2494645973226884,0.3449814481164553,0.1003064077799681,0.066189832615119,0.0512767508306901,0.0386847890732833,0.021972528782975,0.0138424806962118,0.3546183755316796,0.9624246801331822,-0.0131135103444026,1.5964779508883038,0.0,2.974032046014791,0.1968808376191363,0.1657858573011396,0.0115245716344462,0.0102110010774354,0.0199769924842913,0.0563717289555875,0.2659262486725459,0.3137753793426547,0.1094525782425451,0.0752410783711577,0.0659775647711483,0.0343548939229379,0.02242086181759,0.0147671007076593,1989-09-30,10,0.08575209829146319,0.00912609748153239,0.0,0.0,0.0
raw,574,test,7060008710.0,False,2000,2009,2010,2019,10,10,0.0736753750575273,0.141558877484235,0.050677273581498,0.4532693325676319,1.0281483057948222,-0.0275861231608363,1.6441552317165768,0.0,2.3925072622636345,0.2044990521294872,0.4717930656224593,0.0136861918987741,0.0117003401617294,0.0272281727266052,0.1015080995878816,0.3652448340879692,0.2146850396992804,0.0597093396656387,0.055203745959885,0.0517517292442297,0.0593282513153389,0.0236653918285814,0.0162888638240858,0.4025920589861338,0.969493880464904,-0.0148476418811142,1.692503403403728,0.0,2.2225751580104425,0.1886765660519963,0.2598632510085531,0.012646095407848,0.0127544046693655,0.0300305973663787,0.1089029842045284,0.2477231872448287,0.3127575822355996,0.0919443008494982,0.0541579690579233,0.0510294881855738,0.0416161027681794,0.0215050758838672,0.0149322121264087,2009-09-30,10,0.09295320520444743,0.011147518651060966,0.0010949904188338351,0.0010949904188338351,0.0
cars,575,train,7060008710.0,False,1980,1989,1990,1999,10,10,0.1501117772085662,0.043804252226192,0.0157853021034319,0.3127056493714246,0.9641828004955616,-0.0743308564411237,1.34820801336383,0.0035587188612099,13.01747411946504,0.160587835641216,0.0474983941259519,0.0179688606547178,0.0155988585856806,0.0258092527191145,0.0747761929665905,0.2126877489895623,0.283244517982374,0.1138054646446332,0.0663923535904062,0.0813220319256799,0.052403796191204,0.0306363330573307,0.025354588692706,0.3284909514748565,0.973101035971925,-0.0919594407867053,1.2725242435531443,0.0,11.202991498424527,0.1640788169204257,0.2131180617167308,0.0176804979594702,0.0162704632482687,0.0289085218906184,0.068114720012753,0.2399252141315158,0.2697951037439194,0.1152666094849147,0.0777271220002713,0.0707087545042256,0.0450087667155545,0.0297335062945845,0.0208607200139035,1989-09-30,10,0.10645939260356393,0.016674325866585616,0.0046537092800438,0.0046537092800438,0.0
cars,575,test,7060008710.0,False,2000,2009,2010,2019,10,10,0.0553882390314439,0.1004878040161749,0.1069511322114142,0.4519429074049217,0.9995241297992956,-0.1719828450872136,1.3009173124706426,0.0038324664659184,9.74007029102544,0.1614207407658041,0.4660488032933222,0.0216507181708722,0.018449472890781,0.0369636142455987,0.0977028445637163,0.2953336689951206,0.2067878206612255,0.0801150872197929,0.0613355257692597,0.0573711466267469,0.0680815731366752,0.0319479864547203,0.0242605412654903,0.3449917751935075,0.9727905894148224,-0.1576919007664677,1.3471361347163902,0.0,9.215253454807373,0.1573012153077793,0.2900361095898058,0.0206066437943681,0.0199893528392481,0.0400755079922149,0.1109984927995784,0.2204889897968726,0.2713975555897121,0.0980457343765358,0.056913004071484,0.0565273156164784,0.0536808649905038,0.0297974363984109,0.0214791017345926,2009-09-30,10,0.13531445633735384,0.02290182686487092,0.0008212428141253764,0.0008212428141253764,0.0
raw,575,train,7060008710.0,False,1980,1989,1990,1999,10,10,0.1397941683784725,0.0397669436145361,0.0153283328006144,0.3113920631424697,0.9738878031628182,-0.0706703777207859,1.3275978506738908,0.0044004400440044,12.904982673267329,0.1629986898406752,0.0705549518564026,0.0179541732597166,0.0158296708593019,0.0260784603690377,0.0766091682592389,0.2168366841872527,0.2861944937864267,0.1137947480524116,0.0667716525096042,0.0727130643908126,0.052183496465034,0.0305892584577251,0.0244451294034375,0.3267203959430841,0.97135528497192,-0.0904702976656521,1.2806494968313389,0.000274574409665,11.221362438220758,0.1643831904519752,0.2110621603443274,0.0177038373256547,0.0163604946456905,0.0290412825110338,0.0688160932550935,0.2418881799595685,0.2690256106691456,0.1145783707342936,0.0772098317415578,0.0704083091299196,0.0444510624666091,0.0297086962621942,0.0208082312992384,1989-09-30,10,0.0884951505454732,0.01414552439387216,0.0046537092800438,0.0046537092800438,0.0
raw,575,test,7060008710.0,False,2000,2009,2010,2019,10,10,0.0552201664408618,0.1006056013598247,0.1085412241967072,0.4509036359269905,0.999175698092804,-0.1647221729423869,1.3097697267895818,0.0046575342465753,9.74307205479452,0.1616412785392076,0.4665904629044496,0.021628743970461,0.0184294492584024,0.0372518999309744,0.0985149321275366,0.2966477086226327,0.2052665563866905,0.0797020421648112,0.0613122417325378,0.0574164493081462,0.0678262626681865,0.0318650304467834,0.0241386833828367,0.3423624117302833,0.9725693503483704,-0.1508735221844693,1.353462176643291,0.0,9.21964291586736,0.1572805716788667,0.2889791396109138,0.0206083220328871,0.0200031644518921,0.0404457733596726,0.1115568274000751,0.2216920888435176,0.2704235184585248,0.0973411975580751,0.0566542112817673,0.0568864771758631,0.0532730690430434,0.0296323008558495,0.0214830495388315,2009-09-30,10,0.13317662909267033,0.022531227330960635,0.0008212428141253764,0.0008212428141253764,0.0
cars,595,test,7060013550.0,False,2000,2009,2010,2019,10,10,0.0987090525140457,0.0610061213925141,0.091867652077079,0.1992841916893307,0.9817031940171476,-0.1752014766135365,1.008631170047626,0.0,62.115153804735925,0.1175043361913467,0.3520050859751718,0.0485356856756659,0.052633663742123,0.0850834111886736,0.1106934436548095,0.20107390474366,0.1741818327406842,0.1038298518008914,0.0725406852909686,0.0526361088998981,0.038527396522162,0.0290174882352354,0.0312465275052278,0.1074165396122517,0.9891668530638704,0.0056218973189144,1.2012485206672268,0.0,68.55929795027937,0.1150789085798781,0.2537941535605391,0.0502815970426534,0.0664578971600475,0.0838649569354138,0.1148451453387487,0.1553348501707412,0.2002648127891284,0.1152954231836898,0.0684699414733384,0.0538822400276488,0.0285495277734568,0.0293992208008266,0.0333543873043061,2009-09-30,10,0.08129384728751923,0.010967639104523095,0.007938680536545305,0.0,0.007938680536545305
raw,595,test,7060013550.0,False,2000,2009,2010,2019,10,10,0.0978007026532368,0.0615492797184563,0.0837331882507079,0.1920199623889832,0.9836997879554302,-0.1601837171179349,1.0164393892743608,0.0,62.2223043598234,0.1178535287953137,0.3500972231468168,0.048236883462132,0.0519967634917369,0.0844817652521636,0.1115162095199043,0.2022677970891337,0.1739853131372921,0.1036720411850568,0.0724988591806391,0.0525727442829638,0.0383661168682853,0.0290533616002662,0.031352144930426,0.1082867741382753,0.9889824461083172,0.0132186435201544,1.2090887363707346,0.0,68.61520992052617,0.1151266183699833,0.2534712950228082,0.0504006437878229,0.0667369311356721,0.0839883348504261,0.1153053611762692,0.155598219501886,0.2003287435848565,0.1145646099358023,0.0680712235510894,0.0538093687803892,0.0284074807683636,0.0293465610072392,0.033442521920183,2009-09-30,10,0.07916213100309728,0.010065150793866896,0.007938680536545305,0.0,0.007938680536545305
cars,597,train,7060008710.0,False,1980,1989,1990,1999,10,10,0.2100635080687777,0.0366083455214534,0.1557559138040659,0.2852379244914313,0.9689977253711418,0.1309497643554259,0.9564028519934036,0.0,528.3220020074824,0.1179933723701999,-0.1100841239116065,0.0447639733541181,0.0504036547897371,0.0661336464694276,0.0955882897603408,0.185659163922134,0.2059104365338214,0.1034280075431673,0.0529925299697274,0.0437027145707292,0.0528334606548947,0.0506224533996539,0.0479616690322478,0.4409938382954972,0.9122690782646306,0.2546264161337311,0.971869611744018,0.0,428.2222951921322,0.1260601268260332,0.4930655125416812,0.0435998128042882,0.0428267946291193,0.0630280974585931,0.0851912247882526,0.1977163051390936,0.2232780459417646,0.1014605978130883,0.0516450563756029,0.0508863094672799,0.0491476611972595,0.0490168921266358,0.0422032022590215,1989-09-30,10,0.10413722851396919,0.0036563124673657213,0.0,0.0,0.0
cars,597,test,7060008710.0,False,2000,2009,2010,2019,10,10,0.1415098815063266,0.0999818801128929,0.0258524754079326,0.4783413138687872,1.0480886977841386,0.3619874085920725,0.961386955395382,0.0,314.0283721712748,0.1217991392562819,0.5313603061073099,0.0473614830914245,0.0481714962650478,0.0642511624380816,0.0945028702925948,0.2156860147994042,0.1964545426457128,0.0694451272296298,0.0461586078946827,0.052359114196312,0.0668157482282379,0.0527519803964648,0.0460418525224066,0.5041937892767199,0.982594180821548,0.3152537333829298,1.044753906820031,0.0,361.7644178532311,0.1284624455023837,0.0737175457147076,0.0409346359511138,0.0439934588716743,0.0586542777197835,0.0822849342604354,0.1684573266727181,0.2487143571036607,0.1095639390977372,0.0537618616815203,0.0511094829513074,0.0564463938532881,0.0447344792948716,0.041344852541889,2009-09-30,10,0.1345849844489999,0.03142068483030767,0.0,0.0,0.0
raw,597,train,7060008710.0,False,1980,1989,1990,1999,10,10,0.2099910371563078,0.0365693269311359,0.1556096548034006,0.2882370029133727,0.9690209404315228,0.1458640205252631,0.9717795307637908,0.0,528.3098581987408,0.1180401162558662,-0.1101576076530595,0.0447862543971812,0.0505430979627054,0.0661648075991406,0.096280953405601,0.1865160822613083,0.2054678152215784,0.1023638831990727,0.0527689571171326,0.0437106588299894,0.0529236291409985,0.0505817094895272,0.0478921513757641,0.4438466577167733,0.9122789897322822,0.2628187085111265,0.9792991657191646,0.0,428.24348630887187,0.1260823654257469,0.4930810732138875,0.0436102054449718,0.0428387596227379,0.0633292229421141,0.0856048702810952,0.199023912482172,0.2223938379242916,0.1005002725121038,0.051536575822197,0.0508461328375485,0.0492241246108306,0.0489726874140652,0.0421193981058717,1989-09-30,10,0.10340042709919418,0.0018901585757609173,0.0,0.0,0.0
raw,597,test,7060008710.0,False,2000,2009,2010,2019,10,10,0.1415662254045992,0.1005413541448383,0.0233737955600689,0.481298882047343,1.0480711661460824,0.3933648676810731,0.9707858471622988,0.0,314.0132994798796,0.1218747540245457,0.5313291194883515,0.0474332627312659,0.0482092293490652,0.0644264830478518,0.0951101906134295,0.2170792208482458,0.1950194913246881,0.0686719420134931,0.0460666775432851,0.0525256094792646,0.0668003522438471,0.0526561815563261,0.0460013592492372,0.504672677607412,0.9825977523143252,0.3289441998153826,1.0494903065621353,0.0,361.7674367469879,0.1283777575713101,0.0734415485541848,0.0409169452452093,0.0440616512905482,0.058734772345724,0.082881447654508,0.1695108856987108,0.2480678325201236,0.1085677581321553,0.0536638743740259,0.0511134341835202,0.0564245933447836,0.0446806784434293,0.0413761267672614,2009-09-30,10,0.12419038342322948,0.02883740577829707,0.0,0.0,0.0
cars,60,train,7060014930.0,False,1980,1989,1990,1999,10,10,0.0989671373091353,0.0750604702992245,0.0136120268187179,0.1345859870041592,0.9959169628988384,0.0671989282824443,1.1161289532453682,0.0,7.63628249907759,0.1271385753245789,-0.2666310396980949,0.063419409907093,0.0669531901051149,0.0739998031553301,0.1073652024237053,0.2168210774043205,0.1970676391737852,0.0647352718649428,0.022789341064499,0.0209052704016275,0.026462381320687,0.0595254538991407,0.0799559592797532,0.1209739601854412,0.998746978620707,0.0408863569029405,1.127083592296349,0.0,8.43068510159214,0.113484065614656,0.4621468289376793,0.0685802872680461,0.0836666194662143,0.0668942771339761,0.1035392080620424,0.1932634221774712,0.1690986311279093,0.0842132998427602,0.0302680465619452,0.0196961079684263,0.0311365840222711,0.0810806812994652,0.0685628350694721,1989-09-30,10,0.04452162258187803,0.004406117840978834,0.0,0.0,0.0
cars,60,test,7060014930.0,False,2000,2009,2010,2019,10,10,0.1397583586007589,0.0725271376494734,0.0625290320418909,0.2651339195738726,0.9952164891052564,0.2205818582550476,1.1892356473479917,0.0,7.372244237117,0.1286713256004714,0.1059330718638606,0.0834877655157503,0.0485766458884562,0.0624202494753732,0.0979578683938215,0.2209036548236054,0.1987111657505567,0.064872604409406,0.026640856315442,0.0199955643503323,0.0250753475361881,0.0847177969883629,0.0666404805527049,0.2026048875319817,1.0049392552453842,0.2553191132900513,0.992025827448872,0.0,8.478050489209803,0.1136979980611836,-0.0737365947670794,0.0673003383298735,0.0656699335250225,0.071839484253998,0.1057679967483856,0.2017096436673946,0.1617568735406464,0.0715598140808833,0.0264494492179662,0.0201429415654729,0.0446602274305386,0.0895639290292535,0.0735793686105641,2009-09-30,10,0.05947440759404029,0.01235012358238148,0.0,0.0,0.0
raw,60,train,7060014930.0,False,1980,1989,1990,1999,10,10,0.0989262906784466,0.0760662835605383,0.0126424386058682,0.1352291751372645,0.9959380266522488,0.0707070044495926,1.1315735920756511,0.0,7.637150013687379,0.1271188473439846,-0.2667064192050932,0.0632045963459911,0.0672910871330077,0.0737349081988575,0.1085894231838698,0.2176109841568952,0.1956553305411411,0.0638788617699963,0.0226520349169914,0.0209281435075974,0.0266076226510886,0.0595862309344201,0.0802607766601433,0.1225867365313963,0.9986816645925826,0.0431606117897307,1.1548115150618503,-0.0002738225629791,8.431298466593647,0.1134881157482691,0.4621083768075201,0.0686987753799783,0.0833850311690695,0.0668872455425596,0.1044091244282195,0.1938457090623129,0.1682224624503533,0.0834784022994695,0.0300128264327791,0.0196514239730685,0.0317389744608686,0.0819727075698687,0.0676973172314521,1989-09-30,10,0.04356966736007724,0.004811518015506188,0.0,0.0,0.0
raw,60,test,7060014930.0,False,2000,2009,2010,2019,10,10,0.1396532912742195,0.0737454640395884,0.0622135008805959,0.2663200574555232,0.9951338623203724,0.2232528674360192,1.2186877857550995,0.0,7.372805639200657,0.128869480932139,0.1059464427022399,0.0848131644694683,0.0471447906811527,0.0627261294465619,0.0987263179152276,0.2222106089813932,0.1973242424801614,0.0638127946238459,0.0265287469109759,0.0200358974143814,0.0251686982061577,0.0849612363841506,0.0665473724865228,0.2041065565749272,1.0049476203003491,0.2551603770492147,1.0115147125633308,0.0,8.477805312157722,0.1137199743483185,-0.0738612168200223,0.0673981365878851,0.0655180583150805,0.0721397877228876,0.1062433979324597,0.2023262532845816,0.1611245393188095,0.0707498107696648,0.0262823696111342,0.020332809609009,0.0454178320461471,0.0891627500387988,0.0733042547635416,2009-09-30,10,0.059336126781124696,0.012406432921960989,0.0,0.0,0.0
cars,600,test,7060013550.0,False,2000,2009,2010,2019,10,10,0.1375971120836367,0.0858307134622542,0.0026499535179001,0.2914841171161893,0.9854995592726083,-0.1158483288495015,1.2744097431755643,0.0,57.84574883284704,0.1493503315634606,0.3539971845200593,0.0558663976059697,0.04836413937434,0.0794998083067921,0.1308527144133903,0.261605615369558,0.1995874239706282,0.0917829501389657,0.0379043248529912,0.0213563180100954,0.0181335683714241,0.0248720639667359,0.0301746756191087,0.2941340706340895,0.970119358392357,-0.083893807875391,1.3646481226461635,0.0,66.37875676042809,0.1336388182472207,0.2726127533153754,0.0521422738943731,0.0603294908279051,0.0806306168505549,0.1284424159975681,0.1869038486002464,0.2254779890697533,0.1162846465593468,0.0465498484708351,0.0242614368837228,0.022875695217408,0.0198775394012122,0.0362241982270737,2009-09-30,10,0.062360301692703894,0.005715472220674855,0.042704626334519574,0.0002737476047084588,0.04106214070626882
raw,600,test,7060013550.0,False,2000,2009,2010,2019,8,10,0.1036937061853692,0.0873977841323561,0.0052006681098061,0.2921331197588601,0.9720062285568836,-0.1210572373489985,1.3640184589522963,0.0,59.95015381920112,0.1502488486402433,-0.0009489377331192,0.0583681412645669,0.0454225113985872,0.0795268428415643,0.1268476785657582,0.2630020084602053,0.201015058416406,0.0955448803446783,0.0367981192317217,0.0202893914337465,0.0165343272011326,0.0256607131436143,0.0309903276980182,0.2973337878686663,0.9699801779369228,-0.0838792625895512,1.3769463429844668,0.0,66.5003461856238,0.1337672615225407,0.2779025594825795,0.0523541607702259,0.0605457263125675,0.0808916879881397,0.1294529449939147,0.1874039191890781,0.2255650381727398,0.1145299811183718,0.0462717445075805,0.0242083171443288,0.0229226654609928,0.0198749987767264,0.0359788155653337,2009-09-30,8,0.06764046327891338,0.011986506802715683,0.042704626334519574,0.0002737476047084588,0.04106214070626882
cars,601,train,7060008710.0,False,1980,1989,1990,1999,10,10,0.1828901106346169,0.0641009986474829,0.0483302778550919,0.2461852990799549,0.8763036005536423,0.1770414500090555,1.0390603739554205,0.0,47.92036930466125,0.1313541569799861,0.1918792253926839,0.0211317012285815,0.0292354837941722,0.0835035271257448,0.1532354713898787,0.2060027122145813,0.1996279653967214,0.0801383081656443,0.0552644840265904,0.0503548125870692,0.0550930159019006,0.038592977045048,0.0278195411240671,0.2945155769350468,0.7890583449320354,0.1762684897307028,1.072604892189804,0.0,39.91094311532692,0.1336643218103431,0.0644932807755541,0.0175685595119335,0.0279353092670263,0.0946741354355933,0.1270384456261724,0.2103127256678419,0.2073638237764319,0.0869382748109814,0.0776130290330678,0.0620908194399179,0.0399377884809929,0.0282852080182603,0.0202418809317796,1989-09-30,10,0.16795145555688518,0.014335043975423924,0.0,0.0,0.0
cars,601,test,7060008710.0,False,2000,2009,2010,2019,10,10,0.0774525649940429,0.0799537267455567,0.0506432326614044,0.3470926370857538,0.760275414529583,0.1858528266461329,1.210454195379196,0.0,29.596805705157955,0.1409204069115265,0.6502319001929352,0.0253145709681042,0.0363979097314702,0.094136119400387,0.1585357695875793,0.2587672409440101,0.1583098538922245,0.0541000423139699,0.0499267085432609,0.0484940042787091,0.0597770916365127,0.0304772557828054,0.0257634329209664,0.3977358697471582,0.6613152620028266,0.1214228658756058,1.2047163561558183,0.0,27.3909830960006,0.1378661008316322,0.3041912104972349,0.0233078321484236,0.0329368275285923,0.0963142075212369,0.1579006741341994,0.2092476272233618,0.2106547637651946,0.0713229216947131,0.0526811778681684,0.053947384324795,0.044410218844859,0.0254522815900029,0.0218240833564525,2009-09-30,10,0.10553120467934504,0.015023358118988748,0.005748699698877635,0.005748699698877635,0.0
raw,601,train,7060008710.0,False,1980,1989,1990,1999,10,10,0.1829284160287068,0.0646274572383478,0.0480019650631222,0.2489139100312133,0.8762048640854537,0.1799553373038001,1.047273987410048,0.0,47.92855899260882,0.13141598828955,0.1918429963996338,0.0211574364724539,0.0294615652804629,0.0838673076166732,0.1541522363224405,0.2060850547556791,0.1992015376750456,0.0792890168576364,0.0551952991719482,0.0503578228080202,0.0551754228876533,0.0383266393853622,0.0277306607666239,0.2969158750943356,0.7890229326761705,0.1826174239880352,1.0813718278803068,0.0,39.91623493975903,0.1337013796516093,0.064411370630149,0.0175115961965531,0.0282202070340483,0.0951698686645891,0.1274940011630324,0.2109707973481432,0.2065861567031562,0.0863526913459037,0.0776332954642351,0.0619106865973232,0.039735669075348,0.028221359502227,0.02019367090544,1989-09-30,10,0.16797625835305538,0.014329028120236618,0.0,0.0,0.0
raw,601,test,7060008710.0,False,2000,2009,2010,2019,10,10,0.082360522786988,0.0802366440444124,0.0507563519019222,0.3477240963723892,0.7557997151054627,0.198587815337434,1.2131414981986273,0.0,29.764666024229076,0.1410101553603434,0.6388150735722771,0.0253382936466916,0.0366364943162297,0.0948001728722431,0.1592112343610418,0.25912363733397,0.157089626354653,0.0538339542697767,0.0497758078706747,0.0484704413153153,0.0596934745094334,0.0303012803252222,0.025725582824748,0.3984804482743115,0.6609143561106586,0.1290737150356507,1.212752651456367,0.0,27.41146792763158,0.1379023412119343,0.3047969365569299,0.023379563204049,0.0329940382732348,0.0970379071739477,0.1583755258343409,0.209832631537525,0.2097104279141876,0.0707998892167152,0.0526285404362239,0.0540298819860008,0.0440314755332495,0.0253793124966155,0.0218008063939095,2009-09-30,10,0.10824797131252567,0.01512925961639445,0.005748699698877635,0.005748699698877635,0.0
cars,612,test,7060013550.0,False,2000,2009,2010,2019,10,10,0.2063173124814828,0.0908612928214848,0.0443152219440086,0.1516502613470948,0.9406399400377488,0.0668931575768394,1.5692873822112203,0.0,22.488598054372325,0.1455860439691526,0.4905711394269214,0.0520689078055293,0.0506099034189447,0.0897727448604383,0.1347301734440824,0.2694961868666617,0.1754458740175924,0.0771599995402322,0.037547455425078,0.0229034205817663,0.022564377709268,0.0352272834846094,0.0324736728457967,0.1073350394030861,0.9355185214362766,0.0134579244927157,1.4861885637256471,0.0,27.64170657974398,0.1274378774854091,0.2819176310528148,0.0631547247253933,0.0676501228109111,0.0894955616211769,0.1486375934693707,0.1932702095192509,0.1917471567413791,0.1002111276953866,0.0419865758423571,0.0237203232128706,0.0228891932324561,0.0208691512497967,0.0363682598796502,2009-09-30,10,0.07311411573882436,0.01613680198604029,0.053928278127566384,0.0,0.05036955926635642
raw,612,test,7060013550.0,False,2000,2009,2010,2019,8,10,0.1359774843643335,0.0940848038268426,0.0399467052971805,0.1499918593593142,0.9340384444102336,0.0643106370391317,1.6936242477708456,0.0,24.22616338028169,0.1468740522303241,-0.0051835155259375,0.0514484805625113,0.049079010493602,0.0898455667996234,0.1331067634014116,0.2728068670491035,0.1747430434887761,0.0801120991529586,0.0386156835678061,0.0231996736620913,0.0217784712558463,0.0356849822936162,0.0295793582726531,0.1100451540621336,0.935161605222485,0.0136985058536965,1.539649190583639,0.0,27.754851810893005,0.127688280847299,0.2870575069119722,0.0634558769057646,0.0678990297561496,0.089993526102817,0.1498947611936208,0.193503980937251,0.1916800614376239,0.0988925722053303,0.0417333524761439,0.0236885606701965,0.0229776681676002,0.020903064578626,0.0353775455688758,2009-09-30,8,0.0786845918003791,0.02275096566078475,0.053928278127566384,0.0,0.05036955926635642
cars,63,train,7060014930.0,False,1980,1989,1990,1999,10,10,0.1135804582202059,0.0575383425278901,0.0246331187328219,0.3044103932910059,0.9814779622278116,-0.3259986817502892,0.846288821543631,0.1141527511634273,13.547677482275835,0.1061857910191061,-0.2731450657212046,0.0628504412055708,0.0680767174849152,0.0839778553608588,0.1074813891716575,0.1733482439328859,0.1677657560815603,0.0897929986862231,0.0529257294843946,0.0429552590518841,0.0348527348884067,0.0492387202830575,0.0667341543685848,0.3290435120238279,0.9902781989408588,-0.2714808859925641,0.8825025632650957,0.0473713033953997,15.177219511921203,0.0991122358005729,0.4909423823408074,0.0693698931367749,0.0843747748875399,0.070835743688614,0.0982421626336462,0.1611761990768638,0.1475790458487205,0.0961885635117123,0.0508202171042877,0.042635714964017,0.042440490377012,0.0699762331630245,0.0663609616077868,1989-09-30,10,0.17298688849281035,0.00869430275051162,0.0,0.0,0.0
cars,63,test,7060014930.0,False,2000,2009,2010,2019,10,10,0.1664532431366625,0.0600460305523878,0.08999614446505,0.3599866442466242,1.0099280930667902,-0.2674662897601746,0.8878963046953716,0.0,13.062082215292572,0.107865881263774,0.0879422694997322,0.0763045582992492,0.054928027000088,0.0680254731508138,0.0999686546195039,0.1821834091642254,0.1707838371677225,0.0858600672837001,0.0464703788221564,0.0421206225335242,0.0371025305126082,0.074558219060084,0.0616942223863238,0.2699904997815742,1.001416817126566,-0.2591239823848871,0.7596273052689779,0.0,15.427733845937109,0.0982739607171791,-0.0263226753536784,0.06834108821688,0.0680477373355312,0.0772888888280124,0.10437812715223,0.1642873358060209,0.1421703357518269,0.0900930909747124,0.0506805002052858,0.0465220226515559,0.0498989145141624,0.0689852333641654,0.0693067251996161,2009-09-30,10,0.07469448516802286,0.0028450127077722866,0.0,0.0,0.0
raw,63,train,7060014930.0,False,1980,1989,1990,1999,10,10,0.113530959730845,0.0582859050614652,0.027016201401905,0.2992416905942454,0.9816933463220172,-0.3085485574091422,0.8682480131707132,0.1155214891869696,13.549245004106217,0.1061594805918046,-0.273247746865384,0.0628396477797367,0.0682679914930262,0.0839344802037329,0.1082557341903666,0.1738724485705659,0.1668533103041188,0.0892619458393217,0.0527700235205733,0.0428578078541129,0.0348213829683377,0.0493664339500533,0.0668987933260534,0.3262578919961504,0.990256639463115,-0.2585480312190634,0.9062524653722044,0.0501095290251916,15.17822426067908,0.0991060184178667,0.4910183328258044,0.0692900842716265,0.0843061921717815,0.0708778997264611,0.0987458704196893,0.1616963831077896,0.1469551761540838,0.0957293385680814,0.0505478219494099,0.0426600698617873,0.0428629351421928,0.0706547569382586,0.0656734716888376,1989-09-30,10,0.17039752799006477,0.006922814071214903,0.0,0.0,0.0
raw,63,test,7060014930.0,False,2000,2009,2010,2019,10,10,0.1665873232025889,0.0614651571854446,0.0940410383087964,0.3629869753237469,1.0098732686174858,-0.2617382067824559,0.9103170031150144,0.0,13.062670681631536,0.1079768006040554,0.0880182365123267,0.0771751108430171,0.0540845060859296,0.0683041697360925,0.1004726608460181,0.183191892457377,0.1699570576564753,0.0849812531707155,0.0463129838641805,0.0421638521833802,0.0370766246050541,0.0746785443527984,0.0616013441989611,0.2689459370149505,1.000922470727676,-0.253718323494965,0.7840053458044229,0.0,15.430497671870722,0.0983098746685728,-0.025994912129504,0.0684092214270021,0.0679410722809394,0.0776639623867526,0.104622050683899,0.1647222371572146,0.1419854966066819,0.0894338290423477,0.0505209148834951,0.0465022057450352,0.0505280505457654,0.0684204929333246,0.0692504663075416,2009-09-30,10,0.07350842742123478,0.002136312243090559,0.0,0.0,0.0
cars,7308,test,7060043500.0,False,2000,2009,2010,2019,10,10,0.3797232626718053,0.0712401639902245,0.0292175951242713,0.1206408950731354,0.9818066130975722,-0.1739346148507426,0.6892331097270148,0.0796605529701615,130.3010713888955,0.0857292873527929,0.2645467683495373,0.0733110655021886,0.0687003701088955,0.0763250657232892,0.0595194231130586,0.075506248332596,0.0916134872789986,0.1075249575052137,0.0982099262343651,0.1051337640026625,0.0851805000999152,0.0762825749071698,0.0826926171916466,0.1498584901974067,0.9880345668570696,-0.2545033046936254,0.5802170636093785,0.0755750273822563,190.4845272049661,0.0863786996020776,0.1715692576304014,0.1118550855378836,0.0795898338350043,0.0642081242364496,0.0630886594748929,0.0578819159429683,0.0790608764790616,0.1003937100039079,0.0967103802171621,0.0893340941482434,0.0806646841590229,0.0784212365992294,0.0987913993661735,2009-09-30,10,0.035896815440221566,0.010244031284500806,0.02956474130851355,0.02956474130851355,0.0
raw,7308,test,7060043500.0,False,2000,2009,2010,2019,10,10,0.3729323206116158,0.0713348391457104,0.0413980134324776,0.1315163626120793,0.992567489894455,-0.1657404101521761,0.7244383152273273,0.1636107193229901,131.9666095909732,0.0856436442585176,0.2454365716904408,0.0722884530322198,0.0697674772545949,0.0774053434053373,0.059405196678475,0.0759092539694899,0.0918216562756586,0.1069232923092433,0.0974120839658224,0.105047643681957,0.0843285204997286,0.0768542808145611,0.0828367981129115,0.1729143760445569,0.9906784950666534,-0.2872994269007966,0.6153003192873013,0.1556420233463035,191.61367843246248,0.0864244862540325,0.1783504572953512,0.1118130855563957,0.0798191434653071,0.0637775918566113,0.0628267849741643,0.0575961773070022,0.0792457229801518,0.0995792521696472,0.0969332858725964,0.0895443697464767,0.080836555029041,0.0783507132378809,0.0996773178047248,2009-09-30,10,0.05129421592390694,0.015318086511878127,0.02956474130851355,0.02956474130851355,0.0
cars,7311,train,7060047060.0,False,1980,1989,1990,1999,10,10,0.0127356907793858,0.1418858335042366,0.0150989038014063,0.4474633442800421,0.9521401130346036,0.0161639280055007,4.056050710336622,-0.0260060224473035,14.349338019059182,0.1086087686872993,0.796990969587322,0.0286264446850967,0.0793182217398098,0.1342028275452162,0.1259159392123157,0.1549704887143254,0.1266549017950223,0.0265645269607842,0.0273149813422766,0.0517767006246987,0.129631136220494,0.0609247216818542,0.0540991094781056,0.4625622480814484,0.9632334439154656,0.0097706945808438,3.1258380306277447,-0.1278751369112815,14.533255422639174,0.1110096285999679,0.1818235916619099,0.0404523569447291,0.0624667209555979,0.1214819543754372,0.1480713700147407,0.1495987192885748,0.1559628317476269,0.0446138078599689,0.0220731678785143,0.0261234664913934,0.0535844936930667,0.1056742265292429,0.0698968842211067,1989-09-30,10,0.2713332617429126,0.019594269964301428,0.0,0.0,0.0
raw,7311,train,7060047060.0,False,1980,1989,1990,1999,10,10,0.012358320408035,0.1448792770168725,0.0010801769098724,0.4930998579166452,0.9517784720903376,0.0158146737521588,4.32873288534824,-0.0276485080755543,14.353758007117436,0.108044097490169,0.7970552437938637,0.0282801071467027,0.0806476824187414,0.1346741343515781,0.1247228959651165,0.1557975300050856,0.1253287973184259,0.0266643511330507,0.0270173072660598,0.0554040240622746,0.1259589957546473,0.0609441976105783,0.0545599769677385,0.4941800348265177,0.9633889326388724,0.0097713725976256,3.3003294608813363,-0.1374589266155531,14.532246987951806,0.1109054654926652,0.1818649719466621,0.0407773127428998,0.0625437450112363,0.1216831375085577,0.1499521986888471,0.148134037974165,0.1551477484280436,0.0444646217350295,0.0220274561807496,0.0264593041806824,0.0537727159861233,0.1055601767614064,0.0694775448022588,1989-09-30,10,0.26271195449006846,0.01867223784363753,0.0,0.0,0.0
cars,7313,train,7060047060.0,False,1980,1989,1990,1999,10,10,0.0167950915421851,0.040630725158858,0.02589408935582,0.1374545475084566,1.005712246827166,0.150127673133622,0.7271757656173921,0.0,151.30055322833724,0.1004649806438208,-0.4529916029451225,0.0580782165821113,0.0572855732342663,0.0703959360159471,0.087565790060921,0.1445311414782707,0.1796090991319641,0.0829443664971171,0.0444873616422481,0.0593224857379503,0.0770898573511125,0.076410888112753,0.062279284155338,0.1633486368642766,0.9940190882910276,0.1492929245469917,0.8042434022879195,0.0,153.86311889663398,0.1080145697646594,0.4728889969827174,0.0558997871346485,0.0546466700996653,0.0677644835957284,0.0834055296151829,0.1436403586874065,0.2082042492787148,0.0926052508487658,0.0468620523027069,0.0490215134814135,0.0677118321370128,0.0732636456482374,0.0569746271705168,1989-09-30,10,0.05931175788330039,0.005652312756529686,0.0,0.0,0.0
cars,7313,test,7060047060.0,False,2000,2009,2010,2019,10,9,0.2671655906464925,0.0558382410460289,0.0176918026159177,0.2052085272596382,0.9978945476022504,0.3253599624368361,0.6950788343308575,0.0,108.95801294814268,0.1026677373683653,0.2515432771990054,0.0682201087999338,0.0658215778905966,0.0799025895989971,0.0922713072352678,0.1431580073412649,0.1871463080678256,0.0683299823040671,0.0358500506914904,0.0460430544050728,0.0690212248550368,0.075640252438705,0.0685955363717416,0.1875167246437204,1.001452177632477,0.2439238491863416,0.8563315140941108,0.0,142.32713795366465,0.1119238925660383,-0.0617043958149242,0.0611620782764002,0.0578542041218382,0.0745139202144767,0.091057146862271,0.165400604652503,0.2063482583149113,0.0825271633211161,0.0360465631621463,0.0425557866845472,0.0608220035614727,0.0645947747818219,0.0571174960464946,2009-09-30,10,0.06555925712629523,0.004917240152410326,0.0,0.0,0.0
raw,7313,train,7060047060.0,False,1980,1989,1990,1999,10,10,0.016772098535109,0.0406942156771646,0.0248581613334997,0.1392726252011918,1.005692221352109,0.154950330975965,0.7298366517386095,0.0,151.30396851902546,0.1004531602806935,-0.453220619430396,0.0581043560266732,0.0574310450448517,0.0703828642677174,0.0878801278630848,0.1453892278279623,0.1790318192703406,0.0821554140834404,0.0445276849332457,0.0594822690719038,0.0771409291531972,0.0764129261733816,0.0620613362842008,0.1641307865346915,0.9940619874638024,0.1503076883382488,0.8067035078716442,0.0,153.86305421686748,0.1079889854293189,0.4729319959754806,0.0558428889359183,0.05466326318111,0.0678794776953063,0.0836807832310248,0.1444754180469092,0.2077522889455007,0.0918453458084127,0.046811499210278,0.0490868170322169,0.0678557478267336,0.0732257188479975,0.0568807512385918,1989-09-30,10,0.058232530375415203,0.005839994181044116,0.0,0.0,0.0
raw,7313,test,7060047060.0,False,2000,2009,2010,2019,10,9,0.267188072980861,0.0556935181834402,0.0175736825793128,0.2053992515287027,0.9978849690321092,0.3271927627652063,0.6966318738840939,0.0,108.9590114973994,0.1026423703359679,0.2514988477382038,0.0682285187852292,0.0659078787890786,0.0799315536343315,0.0924298204302178,0.1440966196715531,0.1864334249922961,0.0676017451457578,0.0358371652169389,0.046193860149818,0.0692055523462137,0.0755984937303378,0.0685353671082269,0.1878255689493899,1.001441046255519,0.2468923947632573,0.8573915628317867,0.0,142.33164222695467,0.1119207032687679,-0.0617479684928538,0.0612505309140283,0.0578309217479767,0.0746669144757082,0.0914001507527802,0.1662807774422159,0.2057614563353655,0.0815793986658479,0.0360408407665572,0.0426453035505579,0.0609859299542573,0.0645377605140214,0.0570200148806832,2009-09-30,10,0.0654490559978512,0.0048332480629216905,0.0,0.0,0.0
cars,7318,train,7060047060.0,False,1980,1989,1990,1999,10,10,0.1964677708775239,0.0883857953643937,0.0022495971301402,0.0094821385802441,1.0004304124306604,0.0045386902952548,0.731501112242488,0.0,321.0636193566285,0.0878029363100182,-0.2207832578335948,0.1085075889069637,0.0924015762687201,0.1061644023110142,0.0897943225808449,0.0897165875364624,0.0963545063136802,0.0807618732948611,0.0745027437506309,0.0571254731820937,0.045659629801225,0.0600085470873157,0.0990027489661876,0.0072325414501038,1.0000271899616804,-0.0040243254932067,0.7073015402430136,0.0,390.7652771430187,0.0946435778829389,-0.1297583696220956,0.1172561197725858,0.1110828229708998,0.1422548855673659,0.1146598571210851,0.0847141317215327,0.080929523756485,0.0608184451127107,0.0618450317824608,0.0472135168248211,0.0443690201389687,0.0496631214432714,0.0851935237878125,1989-09-30,10,0.004012030542723545,0.00018539781977070942,0.0016424856282507528,0.0002737476047084588,0.0008212428141253764
cars,7318,test,7060047060.0,False,2000,2009,2010,2019,10,10,0.3014800868433598,0.0983843594863099,0.0014272464761127,0.0099909413991786,0.9998464458244896,-0.0030309732918615,0.7615813945106766,0.0,306.7771450939591,0.0924565480120871,-0.1080988838508968,0.1029194508522064,0.1054371071296517,0.1197325149335261,0.1317513361791052,0.1064317647690941,0.0645912881191521,0.0609939076924303,0.0724619319531994,0.0559070196547038,0.0481068274675125,0.0504357568751139,0.0812310943743038,0.0114181878752913,0.9999767548097797,-9.80281764032554e-05,0.7426145345695488,0.0,414.7191976665159,0.0981947310224577,0.123952636457401,0.1216743877807542,0.1246186400152669,0.143220968318866,0.1013271310413362,0.0916685414002296,0.0554882247509399,0.0663606050840795,0.053478256431227,0.0412118912478251,0.0405816617576079,0.0475458589024054,0.1128238332694618,2009-09-30,10,0.006670650048110829,0.00041127985106069725,0.006296194908294552,0.0,0.006296194908294552
raw,7318,train,7060047060.0,False,1980,1989,1990,1999,10,10,0.1958797661021045,0.0883534866619833,0.0036798554870248,0.0121171975630454,0.9999164811968808,-0.0002819672278821,0.7461220867239449,0.000274197970935,321.31393666026867,0.0878175458805906,-0.2220361766915986,0.1084845770719472,0.0924331540251676,0.1063347559739255,0.0895104558795657,0.0898456839877515,0.096325172918761,0.0805389943945433,0.0745585172983599,0.0569147524173916,0.0456081139014741,0.0602499781523703,0.0991958439787415,0.0084373420760205,1.0000200980122431,-0.0009415616344165,0.7165353031086413,0.0,390.8400539578198,0.0946601359545515,-0.1299994645351551,0.117203370993993,0.1111890974191958,0.1425144238592798,0.114209537340121,0.0846067582061337,0.0809318241583471,0.0607876409386248,0.0617562559453568,0.0471509514690455,0.0443882446055732,0.0496357228448217,0.0856261722195074,1989-09-30,10,0.005726189216511828,0.00045140710707863884,0.0016424856282507528,0.0002737476047084588,0.0008212428141253764
raw,7318,test,7060047060.0,False,2000,2009,2010,2019,10,10,0.3010587999908726,0.0986052229559432,0.002379618619958,0.0116689908122699,0.9998346442251866,0.0019387959884185,0.7727849009471215,0.0,306.8914953168044,0.0924411746006566,-0.1075186157527699,0.1030950702717294,0.1054740771221581,0.1197704258012321,0.1316865109155762,0.106192182524668,0.0644706079156512,0.0611244121952245,0.0723757178854775,0.0558282985648121,0.0480276179628164,0.0507409314634267,0.0812141473772272,0.014048609432228,0.999951622326398,0.001432364062345,0.7513965549295029,0.0,414.69903889345386,0.0981843249672662,0.1238472524528108,0.1215345769516624,0.1249848356200432,0.1429698842010534,0.1008439683202727,0.0914214344278955,0.0554775217221662,0.066418041428943,0.0534379200070256,0.0410618322828661,0.0406348866157331,0.0478390809005258,0.1133760175218125,2009-09-30,10,0.007543076762878294,0.0007515417022225964,0.006296194908294552,0.0,0.006296194908294552
cars,753,train,7060047060.0,False,1980,1989,1990,1999,10,10,0.1017302653855833,0.0450203929290161,0.0353166779204498,0.1742708106741906,0.9770814130868408,0.1328233166008785,0.5027576820838915,0.0,592.1410764271375,0.0911965634218921,-0.1996492186636509,0.0655533039276777,0.0716779465346257,0.1022769262539547,0.0757159953820912,0.0989427803331006,0.1485167634852757,0.1105730721950458,0.0693448670571634,0.0615950417975688,0.0735867758808711,0.0631936813710515,0.0590228457815732,0.1389541327537407,0.9105544959891098,-0.0021596356530806,0.616111231947644,0.0,655.5503924842452,0.0971024651347911,0.3951707296232662,0.0551446764620315,0.0643241199698834,0.0971993049527222,0.0709928759551766,0.1053748597515899,0.1688286368481912,0.1277828276692527,0.0704115517305681,0.0597516452138556,0.0680352822679324,0.0613065231475868,0.0508476960312093,1989-09-30,10,0.06980686017163816,0.000689485297286603,0.0,0.0,0.0
cars,753,test,7060047060.0,False,2000,2009,2010,2019,10,10,0.4626151809929313,0.0646828646687495,0.0900209738901938,0.2411793974574633,0.9439444965561102,0.1345145733906928,0.5956438032176127,0.0,474.7029638283405,0.0983879735184686,0.1011853811476293,0.0637449893961642,0.0615241721399935,0.0939462114423766,0.0766562110320133,0.1133676480408463,0.1798655184589483,0.1138003828075816,0.0623705759571167,0.0575860317005222,0.0621742122518336,0.0586367500139763,0.056327296758627,0.1511584235672694,0.9434401600781775,0.0491711165976299,0.8220608268122673,0.0,753.9337128208882,0.1057123306669613,-0.0895105025795962,0.0461021783333734,0.050273375274478,0.0845971982803907,0.0860949718440106,0.1256245229860634,0.1950968184976328,0.1255302498433179,0.0698661007176859,0.0661165687770672,0.0563064948073252,0.0494729073836635,0.0449186132549907,2009-09-30,10,0.11186562077091156,0.023119706639478956,0.0002737476047084588,0.0,0.0
raw,753,train,7060047060.0,False,1980,1989,1990,1999,10,10,0.1017243668028868,0.0450861469194057,0.0350658143719428,0.175529885925443,0.9770449872154522,0.1338961234733281,0.5066256246425737,0.0,592.153065699425,0.091204951068883,-0.1996302336606298,0.0656627016881782,0.0718807639327948,0.1023283085674643,0.0755055577898152,0.099430040281778,0.1486953887965324,0.1099719363859313,0.0691395759849492,0.0617093199478124,0.0735471919420047,0.0631361998177211,0.058993014865018,0.1404640715535001,0.9105573481500474,-0.0172768373255371,0.6200819771743901,0.0,655.5597987404161,0.0971164136420362,0.3952641401520252,0.0552473780294254,0.0644611872259696,0.0974014460108847,0.0707772008863348,0.1059410790895819,0.1690006737112258,0.1271718655659202,0.0702094700018687,0.0596946060060785,0.0680804738595389,0.0611849019273234,0.0508297176858476,1989-09-30,10,0.06970511465604264,0.0005504228940267824,0.0,0.0,0.0
raw,753,test,7060047060.0,False,2000,2009,2010,2019,10,10,0.4628419539788224,0.0643826436748213,0.0921182914550661,0.2442817547925933,0.9443142828046204,0.1252893889926347,0.6030503935063762,0.0,474.62119879518065,0.0983906242472108,0.1008486861078075,0.0638115482488266,0.0615897395152072,0.0937732312216255,0.0765542409401858,0.1141125400552757,0.1798845016323497,0.1131813454984137,0.0621778553789876,0.0576607337413758,0.0622922112894667,0.0584857382357364,0.0564763142425488,0.1521634633375271,0.943466880916664,0.0529554824427553,0.8244414094103275,0.0,753.9748135268347,0.1056973693869046,-0.0894780634974411,0.0462157874230257,0.0502676352869984,0.0849654708328028,0.0859218800135841,0.1262964114246542,0.1950236229949458,0.1248412424798026,0.0697658806683702,0.0661048233400526,0.0562837146871888,0.0494037935720467,0.0449097372765275,2009-09-30,10,0.11199081259276268,0.023317303658168215,0.0002737476047084588,0.0,0.0
cars,758,train,7060047060.0,False,1980,1989,1990,1999,10,10,0.0639251203298126,0.0252376401695716,0.1228217749593353,0.3216319873704797,0.6994676223504814,-0.2081225309067403,0.6538382336839933,0.0,18.467966842678443,0.0834469230854733,0.0045894370828805,0.0825735570191949,0.076739537884404,0.0819595915339568,0.0868440929054896,0.0830634615609937,0.0847702021821055,0.085428773897831,0.0824906757611433,0.0854320633317174,0.0867278210948757,0.0782088189795076,0.0857614038487801,0.1988102124111444,0.7065222646867698,-0.1769057044320475,0.673129511438636,0.0,17.32434242207962,0.0837826679699665,-0.0294979535292865,0.0838982372541378,0.0784952364248614,0.0768268587572996,0.0824062580159402,0.0888866939746618,0.0910976613058542,0.0954030075368409,0.0777295499543051,0.0787842908847094,0.0867601573126201,0.074489909984277,0.0852221385944917,1989-09-30,10,0.20860472777643485,0.00906792109331228,0.0,0.0,0.0
raw,758,train,7060047060.0,False,1980,1989,1990,1999,10,10,0.0638503929320851,0.0253858342826756,0.1215050201627308,0.2005268665739071,0.6993759285233861,-0.0659528739061072,0.7863963459229258,0.0,18.46773200109499,0.0834562811253758,0.0045415639122657,0.0826737767764002,0.0763657803116911,0.0822045095339827,0.0869265463654875,0.0830902295900878,0.084697208269023,0.0854666861836461,0.0824453688245899,0.0853122154674532,0.0868410471724158,0.0779458255589669,0.0860308059462554,0.0790218464111763,0.7063530458815059,-0.0522931143682155,0.8171108806369717,0.0,17.325416757940854,0.083774180688905,-0.029635742850716,0.0837537244899523,0.0786466811717749,0.0767718675286367,0.0823534303776137,0.0888166727677976,0.091006884484365,0.095455552499634,0.0777928810754233,0.0788447611504424,0.0866217354537178,0.0747484899503293,0.0851873190503123,1989-09-30,10,0.19621960325813761,0.006919177992728605,0.0,0.0,0.0
cars,768,train,7060047060.0,False,1980,1989,1990,1999,10,10,0.304593637337424,0.1094972320320284,0.0498069965499075,0.2136543245116774,0.7220143872968805,0.0029243289242436,0.8868983280856775,0.0,14.21408731489306,0.0850703460102695,0.7321477175722864,0.0742237881369128,0.062145110383503,0.0773794542571361,0.0767922749585375,0.0936528628212899,0.0897703788706689,0.0922457767103933,0.0676479197370755,0.0834936123331629,0.0912961244858351,0.107620595664974,0.0837321016405105,0.1638473279617698,1.1851332173077749,-0.0910805392567931,0.9180450241764552,0.0,10.48179455007778,0.0894056553109297,0.362795937746603,0.0523601675264529,0.0557699352427712,0.0640371640928013,0.0901172537317663,0.1164888568589532,0.1126727556107315,0.086662507033626,0.0800148041566157,0.1153464257225594,0.0975103091579723,0.0675287379685394,0.0614910828972104,1989-09-30,10,0.1325161858249312,0.03020694732836399,0.0,0.0,0.0
raw,768,train,7060047060.0,False,1980,1989,1990,1999,10,10,0.304594318381082,0.1094777158836412,0.058050293548839,0.2351966122350989,0.7221104620872041,0.0338415218580103,0.9665023681807012,0.0,14.21330878729811,0.0850573491702836,0.7316246047773324,0.0740466464798003,0.0621733307984672,0.0776948275307183,0.0764827411499233,0.093812862668454,0.0900108331436067,0.091831572437911,0.0676892261597027,0.083678161858186,0.0913527701016715,0.1073160900677655,0.083910937603793,0.1771463186862599,1.185378204068297,-0.0567682368947246,0.9851908485057176,0.0,10.481213307776562,0.0894284774649535,0.3626954813737751,0.0525361825209037,0.0557548971924444,0.0639532354752182,0.0902024383009803,0.1168157464023605,0.112439638323312,0.0865746832118207,0.0801588854370978,0.1156266893947918,0.097260913106643,0.0671709051434566,0.0615057854909703,1989-09-30,10,0.10879757329553727,0.02568052196921869,0.0,0.0,0.0
cars,789,train,7060047060.0,False,1980,1989,1990,1999,10,10,0.0423105346722775,0.0411244774504747,0.1376875835992175,0.1918400424045077,0.7203964513996931,-0.1249254025801633,0.6025660749765698,0.0,14.632332273870594,0.0838734893963814,-0.0204662471350615,0.0814908581674167,0.0761211061586855,0.0856322115978736,0.0826182691120476,0.0849637571534444,0.0767788851192607,0.0860600697122127,0.099011685210511,0.0897562238955217,0.0774282600146669,0.0864979187386702,0.0736407551196885,0.0541524588052901,0.8778394283281307,-0.0807616778203219,0.6491035603574169,0.0,14.026144956029652,0.08392245728077,-0.0444720376436463,0.0823653407848037,0.0801190418823978,0.0710084545612578,0.0920954582881772,0.0900657789310964,0.0812804346993498,0.0918725935177074,0.0947132121379493,0.0750537282213033,0.0805477831759463,0.0789981670715915,0.0818800067284194,1989-09-30,10,0.04330159247482042,0.00452310905832158,0.0,0.0,0.0
raw,789,train,7060047060.0,False,1980,1989,1990,1999,10,10,0.0421776804829022,0.0420188712790511,0.1053257589964298,0.1501884331520166,0.7203722824780393,-0.0194094719986469,0.6977188303280645,0.0,14.632031207226936,0.0838739519198886,-0.0204241810184879,0.0813804879664124,0.0760499607021858,0.0860528961113966,0.0821629831241098,0.0848548038841694,0.0771558373016236,0.0857327138728112,0.0992356710777629,0.0898476936083849,0.0773230377612612,0.0862837812934921,0.0739201332963897,0.0448626741555867,0.8777291083003331,0.0,0.7413201522410451,0.0,14.027719879518072,0.0839251486796972,-0.0442273116282812,0.0823776533995736,0.0800587820629678,0.0709780878429313,0.0922964823619358,0.0898861593340661,0.0813877303218652,0.0919734051064164,0.094588454994046,0.0749952083022597,0.0805274012203149,0.0788394196727481,0.0820912153808744,1989-09-30,10,0.046734977070676025,0.0023893824250799845,0.0,0.0,0.0
cars,870,train,7060047060.0,False,1980,1989,1990,1999,10,10,0.0817582092376232,0.0739462155329145,0.0025304916539591,0.1266920442351403,0.9947996914775832,-0.1935185522264874,0.412529354441,0.0,672.7386005225646,0.0857872280374237,-0.1110568655882458,0.0852977655110272,0.1003261407509798,0.1204385049928487,0.0842786123340751,0.0854365418700901,0.0805762501725978,0.0811110434847969,0.0825313411932863,0.0692010975505916,0.0650848520776479,0.0702290469053017,0.0754888031567562,0.1241615525811811,0.9098368995015396,-0.2259366006442869,0.5193573465092846,0.0,730.051481387422,0.0851908965011522,0.5281847874758063,0.0734217884532072,0.0781678574358254,0.0973807895217449,0.0797760978305377,0.1025106149628719,0.0972465115210787,0.0971219932782594,0.0901531136244047,0.0794662611921972,0.0713888473031134,0.0691918585015601,0.064174266375199,1989-09-30,10,0.0517079839418836,0.004728177102343152,0.0019162332329592116,0.0,0.0
cars,870,test,7060047060.0,False,2000,2009,2010,2019,10,10,0.4779123797802568,0.1079487913968318,0.1355543447164511,0.1928439733415778,0.9608815863519428,-0.2531789760546689,0.5013183936368081,0.0,523.9931038798177,0.085281929456136,-0.0893212204318277,0.0784886262749974,0.0819292518601841,0.1056061293437089,0.0974138997295102,0.081652741295354,0.1012059207929401,0.088537093738961,0.0871582370844451,0.0749224213625676,0.0630548072802438,0.0662633656519403,0.073767505585147,0.0572896286251267,0.9457461938825408,-0.0681218301242515,0.7054343504976915,0.0,845.0458645684517,0.0907936803267915,-0.1094252092060555,0.0570652630856644,0.0617517011835486,0.0866643928084059,0.080373930293631,0.1028025133792466,0.1257647972113157,0.1220551824264677,0.1069659298655944,0.0835808032611664,0.0633107868075525,0.0581323167698832,0.051532382907523,2009-09-30,10,0.09927417426983977,0.026791437668493248,0.006022447303586094,0.0,0.0
raw,870,train,7060047060.0,False,1980,1989,1990,1999,10,10,0.0826893109784836,0.0736417223996664,0.009720108373225,0.1400320941532486,0.9960833294850078,-0.2147091985456672,0.419781492839583,0.0,672.6120770707626,0.0857474728424761,-0.1107564395840506,0.0856199038236498,0.1002208959187898,0.1200098856618924,0.0839329041127084,0.0855667758695381,0.0804238135088468,0.081288672728191,0.0827089292343068,0.0691887326542544,0.0652166147712138,0.0702048553405158,0.0756180163760924,0.1303119857800236,0.9126129400127764,-0.2325518306093653,0.5231726987279411,0.0,730.5941198347108,0.0851649687856999,0.5297922569245932,0.0738122832447559,0.0783287896992532,0.0967151299412945,0.0797595453329408,0.1029506784801322,0.0975426160343471,0.0968859660352919,0.0894118402610068,0.0796634474613062,0.0715807128939332,0.0689220713499425,0.0644269192657952,1989-09-30,10,0.052175152746677125,0.006599340666595955,0.0019162332329592116,0.0,0.0
raw,870,test,7060047060.0,False,2000,2009,2010,2019,10,10,0.4774913507764192,0.1088052946221814,0.1379841663054596,0.1978266320944444,0.9626424219355412,-0.2700949155855563,0.5083882964464006,0.0,524.2009080143212,0.0852448708354485,-0.0897758918840958,0.0786705773911487,0.0821667146498047,0.1056577993320666,0.097029020468703,0.0812740847993429,0.1008524629047096,0.0884746484415297,0.0872993431199383,0.0749512779414307,0.0631536575398685,0.0664563966028576,0.074014016808599,0.0598424657889847,0.9462968968464308,-0.0670204915525529,0.7078899715070222,0.0,845.0251361643836,0.0908008650172803,-0.1092136401500417,0.0572884347760313,0.061805415105319,0.0861897178736983,0.0802956197188222,0.1032018226610606,0.1259381679665732,0.1219490915252329,0.1069200568713762,0.0834813762938053,0.0633202540509529,0.0581698046834496,0.0514402384736778,2009-09-30,10,0.09877290342197377,0.027224258153998652,0.006022447303586094,0.0,0.0
cars,882,train,7060047060.0,False,1980,1989,1990,1999,10,10,0.7245534192242024,0.104954711145563,0.0343433481376058,0.1107073136639014,1.1038495860792226,0.0535536722161135,0.8524362183586064,0.0,1.0806915306656828,0.104730081767678,-0.3599487458200193,0.0362905233335237,0.0383334086016381,0.0767175526466819,0.1270357554127329,0.1815854766138616,0.127185597995616,0.0895163835802724,0.091101393873179,0.0732753000467723,0.0726303150360546,0.0497647353706493,0.0365635574890179,0.0763639655262956,0.9376126626883756,0.0327864638899049,1.132951637287245,0.0,2.2303411629125196,0.1224757912900947,0.9984886130494236,0.0343452489118994,0.0336722712467767,0.064352347835097,0.1100718389847826,0.1764721190464842,0.2169538457157576,0.1047028470056939,0.0809587266317766,0.0531742541421337,0.0482751189504823,0.0436498700202718,0.0333715115088439,1989-09-30,10,0.10713344397100308,0.0010506533298830134,0.0032849712565015056,0.0032849712565015056,0.0
cars,882,test,7060047060.0,False,2000,2009,2010,2019,10,9,0.6505177975078721,0.1339031632194943,0.0450614139544786,0.1199354700610599,0.9939268940698924,0.1037457312913083,0.8632369639829068,0.0,1.0678350998583654,0.0993873164877168,-0.1562903624677843,0.061025127619777,0.0600601443419186,0.0909065929799039,0.1363517536003252,0.1640396801403248,0.1225743569155528,0.0881906550323807,0.0497392315507736,0.0480103561407044,0.0624782810702335,0.0600525852118882,0.056571235396217,0.0748740561065813,1.002571553296354,-0.088266813734501,1.1474350469146868,0.0,2.046541152035026,0.1115853205114825,0.1457994948203305,0.0477670832045149,0.0437393785616488,0.0620941738782877,0.0789846170851412,0.1730730011532898,0.1920805625591746,0.1166067329757268,0.0723040197178643,0.0492761926180864,0.0655952150453222,0.0538272553798589,0.044651767821084,2009-09-30,10,0.12195559438074555,0.023563260371175752,0.004106214070626882,0.004106214070626882,0.0
raw,882,train,7060047060.0,False,1980,1989,1990,1999,10,10,0.7248336923884998,0.1050722832704328,0.0324726248713915,0.1105299558501667,1.1002180235323362,0.0655747310852853,0.8604619237116904,0.0,1.0827341389728098,0.1047980429583487,-0.3570418888564776,0.0363458799386642,0.0385517352466304,0.0772412096184017,0.1277001497881278,0.1818648558495371,0.1265589189888477,0.0890040801727953,0.0910658547752734,0.0733931386637275,0.0725443815500598,0.0494417506820369,0.0362880447258978,0.0780573309787752,0.9365774947401208,0.0335542982168725,1.1380230092537549,-0.0002744990392533,2.2351830908591817,0.122440228081726,0.9950700478350548,0.0343676575986654,0.033628106006161,0.0648496605332926,0.1105832264491748,0.1772101687238694,0.2162021729209659,0.1044331095111099,0.0805866847309491,0.0531109062122825,0.0483099612760863,0.0433255407372329,0.0333928053002098,1989-09-30,10,0.10511816910429228,0.0005048272125828093,0.0032849712565015056,0.0032849712565015056,0.0
raw,882,test,7060047060.0,False,2000,2009,2010,2019,10,9,0.6472394477689161,0.1348618119999935,0.0484413551287019,0.1231407602863495,0.9868378763616068,0.1073125787620257,0.8757091205302343,0.0002748763056624,1.0716357888949972,0.099420718143526,-0.1541459765481878,0.0611538314543307,0.0602124705439963,0.0911573378313455,0.137137816519781,0.1638314261156088,0.1222738046960827,0.0876694289325095,0.0496538382516234,0.0478888506701489,0.0626194816564155,0.0600272763812547,0.0563744369469023,0.0746994051576476,1.002552335210556,-0.077670731364675,1.151724743960389,0.0,2.0471031649421794,0.1116222760770762,0.1446013468241798,0.0477718837583682,0.0438096617089214,0.0622330353849783,0.0791329463527949,0.1745255271429232,0.1912595340921609,0.1159208245370259,0.0721232042488078,0.049411300888196,0.0655582514132688,0.0536452725307989,0.0446085579417555,2009-09-30,10,0.12110326910305902,0.022854320281730678,0.004106214070626882,0.004106214070626882,0.0
cars,884,test,7060047060.0,False,2000,2009,2010,2019,10,10,0.4646067945537798,0.0740348346253366,0.000896241524768,0.0597863332871911,1.0139569119771528,-0.1085556875147775,0.475281770156894,0.0,478.7728954897753,0.0864768174872562,-0.3958972263501382,0.0767679551267034,0.066755640071529,0.0755919967477783,0.0756066472955896,0.0697394634098962,0.0938855192746289,0.1073209406058185,0.1212038646681874,0.0930227236981737,0.0755717079666569,0.0715114663125329,0.0730220748225047,0.058890091762423,0.9957339216084012,-0.1429317256690503,0.768858416002807,0.0,761.913595391376,0.092140197966491,-0.1233970674114988,0.0637533576135408,0.0495113820148997,0.0555889873230348,0.068977463172181,0.079994729370061,0.111640470813797,0.1270643956891839,0.1278763174095061,0.1097414508738899,0.0764523099151739,0.0735208464896191,0.0558782893151121,2009-09-30,10,0.020435760584022244,0.0027115162269569526,0.058855735012318645,0.0,0.0035587188612099642
raw,884,test,7060047060.0,False,2000,2009,2010,2019,9,10,0.44208228871689,0.0718033074074068,0.0066596591493417,0.0829754592443403,1.0095857638552477,-0.1609988795543923,0.4644833973280804,0.0,492.4692657455012,0.0871105769618621,-0.4238430712742045,0.0745353104600948,0.0650567264433081,0.0737408152755842,0.0793946998721629,0.0761612689341192,0.0991833227127352,0.110897598815679,0.1226857811135767,0.0899264618483182,0.0717822652217433,0.0652045355707101,0.0714312137319675,0.0763158000949986,0.9951826709850126,-0.2069469121881183,0.7685066305981806,0.0,766.2544868311616,0.0923342520930282,-0.125575021287436,0.0639564345127591,0.0493209981096089,0.055027638186833,0.06895103352923,0.0800569587984135,0.1120428674163962,0.1274928156846628,0.1282714620265411,0.1100245348067279,0.0762047183776109,0.0735511845139362,0.0550993540372799,2009-09-30,9,0.021606956202277164,0.0019171971397238768,0.058855735012318645,0.0,0.0035587188612099642
cars,885,train,7060047060.0,False,1980,1989,1990,1999,10,10,0.4900406448725996,0.078418429688726,0.2442276095148871,0.4051061253678785,0.9946598515175424,-0.3571939292597318,0.5010892564604325,0.0177935943060498,0.3647878346366099,0.089002043661899,-0.1393882739453309,0.0683095780364256,0.0618003513084933,0.0868574159810921,0.1187384963033939,0.1314051083738388,0.1021556121581808,0.0811420812802052,0.0770679987455102,0.0650485547525877,0.0755543733995086,0.0642783275243508,0.0676421021364123,0.1608785158529913,0.9720417741379068,-0.2451131442851645,0.727161652479002,0.0002738225629791,0.5954733017643697,0.0965595677060789,0.8034894632245684,0.0533868342559425,0.0475800488333852,0.0829481789196636,0.1080846137798082,0.1404608335821366,0.1516302371127681,0.0964087170934907,0.0810856919841557,0.0656523052264978,0.0621416191885099,0.0563262654102009,0.0542946546134404,1989-09-30,10,0.14513621742603663,0.037675371907992826,0.0073911853271283875,0.0073911853271283875,0.0
cars,885,test,7060047060.0,False,2000,2009,2010,2019,10,9,0.4103148379712225,0.0940520268547145,0.0988607571722749,0.1590744547316412,0.9889698587208292,0.2033026840367247,0.6411602375615936,0.0,0.3420597568407146,0.0903588477712768,-0.4693311288072287,0.0717445556693527,0.0658419371050536,0.1029991688982834,0.1359937773409335,0.1244961871527458,0.0884004278441864,0.0779998361357388,0.0561665764583014,0.0601914437905352,0.0737272264849281,0.0682575190789152,0.0741813440410255,0.0602136975593663,0.9982812948642632,0.0276385599775418,0.6473982824946946,0.0,0.5155840250569877,0.0924966384173957,-0.0276286878732838,0.0633684538521556,0.0588491849052748,0.0793207157049086,0.1010385350339068,0.1450424375108669,0.1309149216163051,0.0936988473131002,0.0701472343419888,0.061503057453961,0.0703900466420279,0.0625581934357338,0.0631683721897702,2009-09-30,10,0.12202060997467695,0.028921904694811824,0.0046537092800438,0.0046537092800438,0.0
raw,885,train,7060047060.0,False,1980,1989,1990,1999,10,10,0.4911912794800915,0.0805705389290222,0.2313226821794231,0.3910494606362384,0.9936693126390836,-0.3233108784603236,0.5282932828854058,0.0179260893546607,0.3649738003309432,0.0889900861026869,-0.1375980757818777,0.0679872600395195,0.0619807389328205,0.0878294084532584,0.1193815905304161,0.1312268823744989,0.1015524465484605,0.0802436158516542,0.075322182719445,0.065604751415866,0.0760475897218895,0.0646639892095708,0.0681595442026001,0.1597267784568153,0.9716266500162772,-0.2145984682194444,0.7442736431639496,0.0005492996429552,0.5964627849491898,0.0966231698006009,0.8021934192456686,0.0534378034747557,0.0476645020239708,0.0833942297376136,0.1085438691249935,0.1407386123723995,0.1516769419276233,0.0961486305100885,0.0803514816129696,0.0654766427179181,0.0619807977175705,0.0561959846591712,0.0543905041209252,1989-09-30,10,0.15431185124514388,0.04101978819357935,0.0073911853271283875,0.0073911853271283875,0.0
raw,885,test,7060047060.0,False,2000,2009,2010,2019,10,9,0.4102296595515395,0.0965201375625972,0.1146845360889325,0.1809466780131954,0.989623827576117,0.251362535811782,0.6804790959128223,0.0,0.3421353135313531,0.0905526352024933,-0.4677457995763445,0.0716766184031562,0.0662594332494107,0.1036403419924695,0.1365767312645297,0.1247415603165263,0.0885214195452747,0.0773405873293012,0.0556806891296169,0.0584700692280732,0.0741243597287468,0.0684234134295388,0.0745447763833557,0.0662621419242628,0.9982607812969364,0.0562392626704177,0.6633211763318091,0.0,0.5156539866098601,0.0925270375585164,-0.0286566812341285,0.0633891217093091,0.0588295005013458,0.0795466818221252,0.1011685873613626,0.1456853861366505,0.1304036321165884,0.0933453491096463,0.0701707172698456,0.0616693784786587,0.0702273731895925,0.06234806918396,0.0632162031209149,2009-09-30,10,0.11613585864275373,0.02641849145567321,0.0046537092800438,0.0046537092800438,0.0
cars,895,train,7060047060.0,False,1980,1989,1990,1999,10,10,0.0454846842182396,0.0220931057042797,0.0023758250965697,0.0180376453729936,0.995850834420202,0.0137715319741683,0.3205711600446018,0.0,771.101575330818,0.0882163719602315,0.0205027606489104,0.0570956866389035,0.0479210673683679,0.0622771095472686,0.0751791498063976,0.0884934717763048,0.0860152645682065,0.1009881225172013,0.1063334898099479,0.1021664712924209,0.1089271663743113,0.0987993996441768,0.0658036006564924,0.0156618202764239,0.9957852752842958,0.0139048318335976,0.5246793780523626,0.0,806.984768624617,0.0883879777812907,0.6448680062057824,0.0546042466962438,0.0503549554736475,0.0638258613407484,0.0768556150413438,0.0904634061141778,0.090978255903165,0.0975940044954509,0.1066410677459991,0.1113599682541124,0.1080567319663472,0.0871863503623306,0.0620795366064332,1989-09-30,10,0.0045315226933212915,0.0002546706056296553,0.0,0.0,0.0
cars,895,test,7060047060.0,False,2000,2009,2010,2019,10,10,0.4931532152119354,0.0535074284690851,0.0049458013400307,0.0169548268229743,0.9931636567867258,0.0147043946968136,0.4054912262208464,0.0,569.7049650389198,0.0884702508871811,-0.3382000902179747,0.059681341855482,0.0492860042299399,0.0623379795747503,0.0760770519119897,0.0875547480366684,0.0951562232336289,0.104158030718203,0.1114136752960875,0.1109686344388052,0.1009737134038428,0.0805648348957833,0.0618277624048186,0.0120090254829435,0.9958666555892592,7.503680182465471e-07,0.7143558630037422,0.0,932.8755796796474,0.0934285787230728,-0.061558949174143,0.0488811659298121,0.0409227064887872,0.0536126554698287,0.0691794035576037,0.0850513054952507,0.1085301501136407,0.124372969481226,0.1241928808266295,0.1137949326368142,0.0945339284237028,0.0848778939932825,0.0520500075834212,2009-09-30,10,0.010115270793134559,0.0021923923584282728,0.0,0.0,0.0
raw,895,train,7060047060.0,False,1980,1989,1990,1999,10,10,0.0455481351724413,0.0221841656284106,0.0024059055874132,0.0203307986754673,0.9958539871995802,0.0183632345701253,0.3222185904549805,0.0,771.0515239529153,0.0882190416196553,0.0204115768436053,0.0570518905678196,0.0478942693315371,0.0625209251813445,0.0751841536935313,0.0885400579577687,0.0860417926569287,0.1011077783721206,0.1063445811792891,0.1021563476739122,0.1089685191221174,0.0986034888962256,0.0655861953674046,0.017924893088054,0.9957880649285736,0.0175455860182463,0.5258451524843363,0.0,806.9835903614457,0.0883929750369531,0.6448441005262404,0.0546139349231641,0.0503093892776515,0.0640157196321772,0.0768957272846522,0.0905396044663332,0.0909863956103956,0.0976401871022897,0.1067393089333697,0.1113801480981428,0.1079115311948169,0.0871190269252222,0.0618490265517844,1989-09-30,10,0.004670587259711069,0.00028485789658371673,0.0,0.0,0.0
raw,895,test,7060047060.0,False,2000,2009,2010,2019,10,10,0.4932090326954071,0.0534190460519805,0.0062403033884172,0.0205116908695015,0.9931502630022632,0.014913589487654,0.4067585093083432,0.0,569.6817662195456,0.0884680126433387,-0.3379381961554168,0.0596667632417492,0.0492165745345709,0.0626330934306231,0.076008787213204,0.0876972186850986,0.095174271976682,0.1042161333817364,0.1114550647650476,0.1109788228706123,0.1007871683881782,0.0803902494503955,0.0617758520621018,0.0142713874810843,0.9958681446207158,0.0,0.7152018231395485,0.0,932.88966237678,0.0934353719796059,-0.0614918759884355,0.0489095185880157,0.0409013098008779,0.0537510199038549,0.0692355013896543,0.0851937428387205,0.1086531854183832,0.1244576709620966,0.1241252060637049,0.1137274147167278,0.0945359645393967,0.0846701113355418,0.0518393544430252,2009-09-30,10,0.010390656779418401,0.0022339394871922014,0.0,0.0,0.0
cars,898,train,7060047060.0,False,1980,1989,1990,1999,10,10,0.2198394636861214,0.0658052957396866,0.0196857461898462,0.5662502738108114,0.9737073462061074,-0.4351391150403492,0.7509315310078873,0.0,54.13073471415196,0.0989840257738703,-0.1799293575158035,0.0451343859678089,0.0444762400164137,0.056139004518848,0.0840921407060633,0.1389099862852499,0.1253749452357159,0.139554084719777,0.1174199088770879,0.0853671633155991,0.0666517815461606,0.0531913809089701,0.0436889779023048,0.5859360200006576,0.973517987752588,-0.4051876271948875,0.7810420660654508,0.0,43.44790656255456,0.104960740633353,0.4112027507728532,0.0416764957195243,0.0398304054974103,0.0661222724576463,0.0916213128029465,0.155928314314146,0.1566494729108252,0.1231802347479476,0.115508806384458,0.0706508037079475,0.0531709172126114,0.0455503358530213,0.0401106283915151,1989-09-30,10,0.19932809853988842,0.003363689548537748,0.0,0.0,0.0
cars,898,test,7060047060.0,False,2000,2009,2010,2019,10,9,0.3854043589373054,0.0950717363745119,0.299855153703045,0.7808173582640034,0.9641949020889448,-0.4269856677826341,0.6923905772120128,0.0,34.188774397219674,0.1027530899534261,0.0189767746655946,0.0443124255953114,0.0442633967413605,0.0632109114542505,0.1057924265139521,0.1369003798148398,0.1292742019585914,0.1503831508426041,0.1221834944927957,0.0642858823825036,0.0512507898337076,0.0448636177405663,0.0432793226295164,0.4809622045609584,0.9721832727341544,-0.327411453657248,0.945806448406967,0.0,50.26463333165787,0.1225950088991091,-0.2153488515584646,0.0324573364384008,0.0303727531261381,0.056735970201988,0.0958027260216104,0.1626277232356893,0.1832278024932369,0.165773943261621,0.1185999989004135,0.0612333476554119,0.0336303114185873,0.0307221562401311,0.0288159310067711,2009-09-30,10,0.1206342731956424,0.00553965042808414,0.0005474952094169176,0.0005474952094169176,0.0
raw,898,train,7060047060.0,False,1980,1989,1990,1999,10,10,0.2198275948907392,0.06595917560782,0.0206749855335444,0.5627392629229941,0.9737732701480224,-0.4247591954146247,0.7564207479762777,0.0,54.131847522584174,0.0989879246574548,-0.1799387543757743,0.0451839110738727,0.0444346429773146,0.0562467802061638,0.0846088758384789,0.1389299000409312,0.1254356606636535,0.1395565497811032,0.1173252758840955,0.0849379938840915,0.0665603104431591,0.0531194583710477,0.0436606408360877,0.5834142484565386,0.9735433639048908,-0.3916747554306896,0.7887043039208478,0.0002738225629791,43.44931544359255,0.1049667088350851,0.4112264471512807,0.0416485449362824,0.0398434806830735,0.0663418052659208,0.0921267430861076,0.156173721568798,0.156538122436221,0.1229004788976845,0.1153625196862303,0.0703441584754932,0.0531610776363793,0.0454232657683632,0.0401360815594456,1989-09-30,10,0.19603927825320455,0.004670770291269303,0.0,0.0,0.0
raw,898,test,7060047060.0,False,2000,2009,2010,2019,10,9,0.3858458745771098,0.0955110705311388,0.2984828163363874,0.7789655626985532,0.9634543234023334,-0.4134671104467143,0.702230356678386,0.0,34.17442317173377,0.102728194226456,0.0198143520217365,0.0443924632730029,0.0443508509790258,0.0633561762546417,0.1065301334601322,0.1368528646109151,0.1290890380386138,0.1503564627559269,0.1218068385044423,0.0638366732208434,0.0512920252611309,0.0448302258879939,0.0433062477533308,0.4804827463621658,0.9721856819712896,-0.3174887237087907,0.9498231714331642,0.0,50.265722239123825,0.1226212781050559,-0.2153328990087081,0.0325197705465851,0.0303476512401882,0.0570051781215604,0.0962521665132612,0.163136294671623,0.1832507422418886,0.1654223990230828,0.1182303630800447,0.0607669267050497,0.0335679269796537,0.030707920969247,0.0287926599078148,2009-09-30,10,0.1180494764278929,0.005909187336518063,0.0005474952094169176,0.0005474952094169176,0.0
cars,920,train,7060047060.0,False,1980,1989,1990,1999,10,10,0.0414952722264239,0.0304869588764592,0.0008139641615943,0.0038316823727043,0.984814644092022,-0.0152664734985679,0.2890771122472753,0.0,46.376132645592065,0.0847059081918319,0.1348053780929139,0.078430096541929,0.0813493789029797,0.0912450939394927,0.0823121085734165,0.0907824088235744,0.0872356616108254,0.0994344049909838,0.1024930854264524,0.0761741575391144,0.0697496264098111,0.0678054856724809,0.0729884915689389,0.0046456465342987,0.9802949976996708,-0.0159132870164282,0.3427150716434504,0.0,44.4911223727122,0.0853138543316709,0.3626643398480268,0.070717471958516,0.076289512839092,0.0908804899576983,0.0798416809107017,0.0811353106230959,0.0907630338222894,0.1075815408908886,0.1068520251156314,0.0838002840080857,0.0744605584821175,0.0699219382071148,0.0677561531847681,1989-09-30,10,0.0012908192371611981,0.0002095801074292505,0.0,0.0,0.0
cars,920,test,7060047060.0,False,2000,2009,2010,2019,10,9,0.5362438771521204,0.1252786684520713,0.0367084303101332,0.0464111475993573,1.0092884755436426,0.0512148394036745,0.6857123533272765,0.0035587188612099,27.465021525885017,0.1014635249206564,-0.4567119910444214,0.0640494189283165,0.061576515176434,0.0660409273276381,0.0752328156768707,0.077875181704189,0.1094830215194363,0.1794643905728963,0.1449567969313439,0.0508358393065678,0.0570876548431859,0.0552221955367363,0.0581752424763848,0.0097027172892241,1.000845321933376,-0.0206362096519814,0.3413849924713863,0.0,46.95347076848631,0.0851918881903934,0.170030643072387,0.0732988429023282,0.0715824326044447,0.0808402929775302,0.0857593199703827,0.0851624935755745,0.0971389354537969,0.1092986983391582,0.1021879067786502,0.0765954588296437,0.072956245549884,0.0723560897538203,0.0728232832647861,2009-09-30,10,0.03144620345927699,0.0025214143404152676,0.0,0.0,0.0
raw,920,train,7060047060.0,False,1980,1989,1990,1999,10,10,0.041470614253915,0.0304789912763055,0.0011765581942023,0.0038530041837366,0.9848150564107544,-0.0152660572310279,0.2909787526426182,0.0,46.37739720777443,0.0847049962691581,0.1345982009391883,0.0785516028910313,0.0814486147971587,0.0911546039942524,0.0822803395123567,0.0908035758850406,0.0872956145179417,0.0995040498739226,0.1023976677803392,0.0760443874247246,0.0697309045784831,0.0677934855888293,0.0729951531559191,0.0050295623779389,0.9802923091594749,-0.0159124607385108,0.3439600224351589,0.0,44.493432639649505,0.0853135328408828,0.3627584650738573,0.0707985344773429,0.0763176243394548,0.0909161581964519,0.0797552016980538,0.0812159068283924,0.0908682290978419,0.1075602577330043,0.106847838577356,0.0836139433945283,0.0744839116761487,0.069870920561667,0.0677514734197577,1989-09-30,10,0.0012969559572654685,0.00020853675615395097,0.0,0.0,0.0
raw,920,test,7060047060.0,False,2000,2009,2010,2019,10,9,0.5363225471608098,0.125331844373272,0.0369079523869115,0.0475112930974481,1.0093036859673536,0.0519236584632083,0.6871666520675909,0.009581166164796,27.46339611278401,0.1014633642629948,-0.4564095883815974,0.0640825596434329,0.0616062376274356,0.0660258774524318,0.0753401890155939,0.0779257274042668,0.1099410163807015,0.1796613317603464,0.1443458383837308,0.0505478132573665,0.0571008753597078,0.0551926339781475,0.058229899736838,0.0106033407105366,1.0008354074139598,-0.0230308624518954,0.3426251761165311,0.0009126863401277,46.95438576209309,0.0851930102574312,0.1701059306604001,0.0734038069143168,0.0715820905641608,0.0808050438765775,0.0857958736124527,0.085249019195179,0.0971980418748938,0.1093424914208046,0.1020758088558084,0.0764632137918989,0.0729368156212633,0.0724012350832808,0.0727465591893629,2009-09-30,10,0.032189407166877425,0.0020032715795087748,0.0,0.0,0.0
cars,929,train,7060047060.0,False,1980,1989,1990,1999,10,10,0.0213292992167533,0.0711876773695755,0.0027670421711368,0.0360375521228463,0.9129804761578436,-0.0874669666292538,0.4893342928599211,0.0016424856282507,32.377937741959165,0.086065647001759,0.1346079831422594,0.0932620580667678,0.0987157189275124,0.1163512942155236,0.0912234927583269,0.0896048175308808,0.0778225855488896,0.0749936343327581,0.0728102496312576,0.0712996159550017,0.0593726124737002,0.0672150412533386,0.0873288793060421,0.0388045942939832,0.9059239741470456,-0.0853390600522459,0.4377845161542191,0.0002738225629791,33.07595410126673,0.0840126592601906,0.5416195328685877,0.0868267335501967,0.0901734338027165,0.0974452351892273,0.0815750715453496,0.0761525027967944,0.0816637569527701,0.0925300684517599,0.088823133239154,0.0766405751938907,0.0815526327241064,0.0734912500028402,0.0731256065511935,1989-09-30,10,0.018994242116696418,0.0014711040286170699,0.0,0.0,0.0
raw,929,train,7060047060.0,False,1980,1989,1990,1999,10,10,0.021368247682071,0.0711718958140226,0.004063636110627,0.0363699407653785,0.9129844579335428,-0.0874629642566381,0.5187432076624422,0.0027374760470845,32.379419381330415,0.0860626778786463,0.1343247376707552,0.093439020515874,0.0988593287370246,0.1161596506058964,0.0910273944512225,0.0896795649049582,0.0778634662974429,0.0749211763116759,0.0727361442824204,0.07131460953503,0.0592076467683562,0.0674176182264863,0.0873743793636123,0.0404335768760056,0.90592198079632,-0.0856108372980256,0.4413620968794936,0.0005476451259583,33.078756024096386,0.0840144762157964,0.5416617290126889,0.0869725614258718,0.0901455210567081,0.0974270166099414,0.0814355831746329,0.0762275603055825,0.0816699221845319,0.0924970814408644,0.0888684483677338,0.0765810513769633,0.0816561725962228,0.0733598812691179,0.0731592001918287,1989-09-30,10,0.019171741926779794,0.0014261003988277367,0.0,0.0,0.0
cars,931,test,7060047060.0,False,2000,2009,2010,2019,10,10,0.3860422891707009,0.2523388229180634,0.2587003094663184,0.9465393297640908,0.3842734317529319,0.0,2.1992247864993444,0.1272926361894333,0.8885479950963473,0.2124798729181776,-1.507693413893183,0.0105085982685613,0.0282376890823288,0.1956099802084026,0.2782537719709471,0.2673032804868902,0.151764603979496,0.009996241394996,0.0297367498139506,0.0163957152014579,6.540370983929244e-05,0.0,0.0121279658831299,1.2052396392304092,0.0954097291592675,0.0,1.8116253596729703,0.1859255202628696,1.307184613453815,0.1579007897774913,-0.1365407418008738,0.0668941815921931,0.0189739358660886,0.145278305366392,0.2578650353471254,0.2085367681562521,0.0579204100767379,0.0263908975339959,0.0099927978113557,0.0312161029546132,0.0430747037693298,0.0119812397286854,0.12187562179723,2009-09-30,5,,,0.0,0.0,0.0
raw,931,test,7060047060.0,False,2000,2009,2010,2019,10,10,0.3891576266972353,0.2518757115918252,0.2932798681465973,0.9539932496405352,0.3840141967951917,0.0,2.20748754755324,0.1220914316999726,0.8891478237065426,0.2126063856255823,-1.506375750537071,0.0106833100527484,0.0278788210921175,0.1973887773521216,0.2784775636634455,0.2671246225050853,0.1497877038487933,0.0101060418582555,0.0297497857950153,0.0165255720573869,0.0,0.0,0.0122778017750304,1.2472731177871326,0.0929355838839432,0.0,1.817607248761023,0.1858674731921913,1.3121484740170468,0.158138666867023,-0.1440448067324569,0.0670836018979591,0.0186862307440211,0.1462549169328564,0.2584657576958957,0.2078639913299376,0.0572646137572701,0.026044342708858,0.0099960522047723,0.0315415008830153,0.0425571906449825,0.012289712850283,0.1219520883501485,2009-09-30,5,,,0.0,0.0,0.0
cars,938,test,7060047060.0,False,2000,2009,2010,2019,10,9,0.0264873015253322,0.1388980078414801,0.4666173632902951,0.8634668302365714,0.8056596115798611,-0.2565890976919651,3.909658527090258,0.0,1.656604549804211,0.0976097941871184,0.5555167206909112,0.060530946740268,0.0958865029020504,0.0733843289990368,0.0747341434717087,0.1355168515370765,0.1110995843545334,0.0734214198854008,0.0569974005178667,0.0321926241139665,0.0474607942425517,0.1557060399697144,0.0830693632658253,0.3968494669462763,0.9847311660888703,-0.3601672112446488,0.706609558373962,0.0,1.6133015865751337,0.0867447546988416,0.1909297173526405,0.0948782520479229,0.0940921288968914,0.1104023301281311,0.0957802939880315,0.0998288871456151,0.0897992757653335,0.0715608257962599,0.067926398929671,0.0493774047797056,0.0635090939781313,0.0774512732031956,0.0853938353411108,2009-09-30,10,0.35096312644706307,0.03912417103946995,0.05064330687106488,0.028743498494388176,0.021899808376676703
raw,938,test,7060047060.0,False,2000,2009,2010,2019,8,9,0.1700244877192846,0.0759421606092797,0.4289313266518157,0.8131914182348002,0.8787865832218498,-0.2782282460860303,2.393499631074059,-0.0003543586109142,1.367582211197732,0.0899080241443584,0.3575640884942486,0.0755522285419933,0.119482022337113,0.0940679400007825,0.097529174203622,0.1044241766094881,0.1179656918568752,0.0856273273224251,0.0676145545960593,0.0382777574373911,0.0591936345213414,0.0660795679650052,0.0741859246079034,0.3842600915829844,0.9695496225364412,-0.3325022782010899,0.7457414860922723,0.0,1.621041524635885,0.08703467514971,0.195486807129049,0.0963451097579649,0.0953837442633969,0.1114830319659283,0.0960878025486412,0.100897306322321,0.0887379157848414,0.0680023192058421,0.0675916981912603,0.0486897500162967,0.0639591932941076,0.0776511483911321,0.0851709802582668,2009-09-30,8,0.37272316559615887,0.05580169505764567,0.05064330687106488,0.028743498494388176,0.021899808376676703
cars,982,train,7060047060.0,False,1980,1989,1990,1999,10,10,0.0660915228713645,0.193269710323336,0.0651002375042424,0.4883897830894643,0.8574531470965114,0.0596234344262399,3.353207099814421,-0.0106761565836298,7.111297832474402,0.1098286344401543,-0.0541586837575177,0.032876957610503,0.0749057042841353,0.1216324845069563,0.1513429711377597,0.1697147593738952,0.1301333226012019,0.06069305585797,0.0447431234995275,0.0450547272418071,0.0968619301142784,0.0379220405434171,0.0341189232285478,0.5534900205937068,0.8800925223286761,0.0625451898729049,3.8323861099786862,-0.0035596933187294,7.59717362170024,0.12222905161746,0.2769697595385508,0.0197128276682311,0.0362811109707941,0.0832455361479115,0.138157145039005,0.2204772409529468,0.1182556587733177,0.1195375905800275,0.0266614750740069,0.0276120469214245,0.0543557100781425,0.1010191950848494,0.0546844627093424,1989-09-30,10,0.31922076989037673,0.0721439707034266,0.0,0.0,0.0
raw,982,train,7060047060.0,False,1980,1989,1990,1999,10,10,0.0659843775664333,0.1921105763767682,0.0623202035543987,0.5489448607236201,0.857203569371019,0.0596077417189768,3.665687179466356,-0.0109499041883383,7.113169997262523,0.1094567526099824,-0.0538560708436412,0.033707711662493,0.0747821867034887,0.1237568218789651,0.1491362320714613,0.1703920543125666,0.1290513042243407,0.0604791103588651,0.0447915115255647,0.0468657167894133,0.0949644036558844,0.037936324126659,0.0341366226902977,0.6112650642780189,0.8799338748718929,0.0633031377579087,4.163528838044377,-0.0024644030668127,7.598359529025191,0.1221847234302011,0.2769459744311636,0.0199411449890337,0.0362234109087577,0.0840792615025531,0.138227976156005,0.2200612276912109,0.1179852730216562,0.119628418957816,0.0261917375734926,0.027762088641878,0.0545344193414666,0.1015605886279497,0.05380445258818,1989-09-30,10,0.3080759397784501,0.06795121597469005,0.0,0.0,0.0
cars,989,train,7060047060.0,False,1980,1989,1990,1999,10,10,0.1070260235471839,0.176231600166392,0.0075462707148438,0.2525528365777102,0.9615475507366306,-0.0505045253849349,1.8155443103816056,0.1053928278127566,299.86966285832176,0.1009647409764498,0.2805945535568077,0.0501493230904946,0.0851808821115551,0.1408537222799495,0.148318648502451,0.0919000743910527,0.1188421985751595,0.0395257942104202,0.0354773531572722,0.026689271987994,0.0966891283058652,0.0775036878987369,0.0888699154890485,0.2450065658628664,0.9694570873962504,-0.0576320138253377,1.5721670042503468,0.1078860898138006,333.7439047614371,0.1047422128197321,0.0138461818319042,0.0487763614233012,0.0585263009417946,0.0899421283457004,0.1285777457778962,0.1900799975686455,0.1073595662284232,0.0848228759569762,0.0273845367096861,0.0466430896344278,0.0527136346466341,0.0903044654945463,0.0748692972719678,1989-09-30,10,0.09924483216497165,0.005048071754433797,0.0,0.0,0.0
raw,989,train,7060047060.0,False,1980,1989,1990,1999,10,10,0.1069815993437237,0.1755274243767434,0.0095529334748762,0.2705481973782476,0.9614852766769708,-0.04720677600017,1.8435801376286272,0.162332329592116,299.9145715849986,0.1008849983963847,0.2805697793982787,0.0498338887322353,0.0857308641580233,0.1408273583298786,0.1481010036319038,0.0918193284586477,0.1185536107539994,0.0392763125822315,0.0355050917729624,0.027153899915637,0.0962293332311538,0.078018077471883,0.0889512309614437,0.2609952639033713,0.969361951454726,-0.0551442624723385,1.6081677337028546,0.1577217962760131,333.77905832420583,0.1046761792308335,0.0139794840156732,0.0490831257611537,0.0586004555595666,0.0899262380986144,0.1295702219529608,0.1893483336126845,0.1071274503758352,0.0845886330774941,0.0270210070137257,0.0471234192874638,0.0524569790606143,0.0907346568275002,0.0744194793723859,1989-09-30,10,0.09542824860096422,0.007788250457441439,0.0,0.0,0.0
