source,fold,model,ID,MAIN_BAS,error,threshold,event,probability,baseline
cars,0,prevalence,1017,7060047060,0.0703469535187096,0.08200081346694221,0,0.2647058823529412,0.2647058823529412
cars,0,prevalence,1026,7060047060,0.0007842159792141,0.08200081346694221,0,0.2647058823529412,0.2647058823529412
cars,0,prevalence,1033,7060047060,0.0174476865667854,0.08200081346694221,0,0.2647058823529412,0.2647058823529412
cars,0,prevalence,1036,7060047060,7.859200398949162e-05,0.08200081346694221,0,0.2647058823529412,0.2647058823529412
cars,0,prevalence,1042,7060047060,0.0461680424387564,0.08200081346694221,0,0.2647058823529412,0.2647058823529412
cars,0,prevalence,1067,7060047060,0.0673197431439447,0.08200081346694221,0,0.2647058823529412,0.2647058823529412
cars,0,prevalence,1092,7060047060,0.076865233986902,0.08200081346694221,0,0.2647058823529412,0.2647058823529412
cars,0,prevalence,1101,7060047060,0.1179710089182047,0.08200081346694221,1,0.2647058823529412,0.2647058823529412
cars,0,prevalence,1112,7060047060,0.1106544748956852,0.08200081346694221,1,0.2647058823529412,0.2647058823529412
cars,0,prevalence,1121,7060047060,0.0668206862061397,0.08200081346694221,0,0.2647058823529412,0.2647058823529412
cars,0,prevalence,1122,7060047060,0.0596448744438967,0.08200081346694221,0,0.2647058823529412,0.2647058823529412
cars,0,prevalence,1125,7060047060,0.0668206862061397,0.08200081346694221,0,0.2647058823529412,0.2647058823529412
cars,0,prevalence,1127,7060047060,0.0792308638992095,0.08200081346694221,0,0.2647058823529412,0.2647058823529412
cars,0,prevalence,1192,7060047060,0.0443776667499565,0.08200081346694221,0,0.2647058823529412,0.2647058823529412
cars,0,prevalence,1586,7060047060,0.0302959028184105,0.08200081346694221,0,0.2647058823529412,0.2647058823529412
cars,0,prevalence,1587,7060047060,0.0072631662205354,0.08200081346694221,0,0.2647058823529412,0.2647058823529412
cars,0,prevalence,1592,7060047060,0.120439220737386,0.08200081346694221,1,0.2647058823529412,0.2647058823529412
cars,0,prevalence,1595,7060047060,0.0629268646081044,0.08200081346694221,0,0.2647058823529412,0.2647058823529412
cars,0,prevalence,1600,7060047060,0.0188979676244183,0.08200081346694221,0,0.2647058823529412,0.2647058823529412
cars,0,prevalence,1617,7060047060,0.0545475103931069,0.08200081346694221,0,0.2647058823529412,0.2647058823529412
cars,0,prevalence,1619,7060047060,0.0919133858665782,0.08200081346694221,1,0.2647058823529412,0.2647058823529412
cars,0,prevalence,1620,7060047060,0.0264329880952052,0.08200081346694221,0,0.2647058823529412,0.2647058823529412
cars,0,prevalence,1631,7060047060,0.0669330418568217,0.08200081346694221,0,0.2647058823529412,0.2647058823529412
cars,0,prevalence,1634,7060047060,0.0279118975549064,0.08200081346694221,0,0.2647058823529412,0.2647058823529412
cars,0,prevalence,1636,7060047060,0.0908452618975397,0.08200081346694221,1,0.2647058823529412,0.2647058823529412
cars,0,prevalence,1645,7060047060,0.0320311356139694,0.08200081346694221,0,0.2647058823529412,0.2647058823529412
cars,0,prevalence,1650,7060047060,0.0810070955464334,0.08200081346694221,0,0.2647058823529412,0.2647058823529412
cars,0,prevalence,1654,7060047060,0.0068242487804468,0.08200081346694221,0,0.2647058823529412,0.2647058823529412
cars,0,prevalence,1655,7060047060,0.0005387075569807,0.08200081346694221,0,0.2647058823529412,0.2647058823529412
cars,0,prevalence,1656,7060047060,0.0367503132460737,0.08200081346694221,0,0.2647058823529412,0.2647058823529412
cars,0,prevalence,1683,7060047060,0.0732766253363531,0.08200081346694221,0,0.2647058823529412,0.2647058823529412
cars,0,prevalence,1691,7060047060,0.0498672675817963,0.08200081346694221,0,0.2647058823529412,0.2647058823529412
cars,0,prevalence,1699,7060047060,0.0037258322988919,0.08200081346694221,0,0.2647058823529412,0.2647058823529412
cars,0,prevalence,1703,7060047060,0.1266105089661593,0.08200081346694221,1,0.2647058823529412,0.2647058823529412
cars,0,prevalence,1706,7060047060,0.0047373294099653,0.08200081346694221,0,0.2647058823529412,0.2647058823529412
cars,0,prevalence,1707,7060047060,0.0387792990147741,0.08200081346694221,0,0.2647058823529412,0.2647058823529412
cars,0,prevalence,1709,7060047060,0.0161603183465146,0.08200081346694221,0,0.2647058823529412,0.2647058823529412
cars,0,prevalence,1712,7060047060,0.0275684141774626,0.08200081346694221,0,0.2647058823529412,0.2647058823529412
cars,0,prevalence,1713,7060047060,0.0686409242059476,0.08200081346694221,0,0.2647058823529412,0.2647058823529412
cars,0,prevalence,1714,7060047060,0.0583394920970634,0.08200081346694221,0,0.2647058823529412,0.2647058823529412
cars,0,prevalence,1718,7060047060,0.033867750091752,0.08200081346694221,0,0.2647058823529412,0.2647058823529412
cars,0,prevalence,1723,7060047060,0.0179999068401603,0.08200081346694221,0,0.2647058823529412,0.2647058823529412
cars,0,prevalence,1726,7060047060,0.0199979692301591,0.08200081346694221,0,0.2647058823529412,0.2647058823529412
cars,0,prevalence,1735,7060047060,0.009343588533751,0.08200081346694221,0,0.2647058823529412,0.2647058823529412
cars,0,prevalence,1739,7060047060,0.0082993042765104,0.08200081346694221,0,0.2647058823529412,0.2647058823529412
cars,0,prevalence,1740,7060047060,0.0269665143682903,0.08200081346694221,0,0.2647058823529412,0.2647058823529412
cars,0,prevalence,1741,7060047060,0.0414812404954003,0.08200081346694221,0,0.2647058823529412,0.2647058823529412
cars,0,prevalence,1742,7060047060,6.939392853252957e-05,0.08200081346694221,0,0.2647058823529412,0.2647058823529412
cars,0,prevalence,1744,7060047060,0.0281022000539285,0.08200081346694221,0,0.2647058823529412,0.2647058823529412
cars,0,prevalence,1752,7060047060,0.008135524547084,0.08200081346694221,0,0.2647058823529412,0.2647058823529412
cars,0,prevalence,1753,7060047060,0.081779581668631,0.08200081346694221,0,0.2647058823529412,0.2647058823529412
cars,0,prevalence,1755,7060047060,0.0862991693401391,0.08200081346694221,1,0.2647058823529412,0.2647058823529412
cars,0,prevalence,1768,7060047060,0.004804907485352,0.08200081346694221,0,0.2647058823529412,0.2647058823529412
cars,0,prevalence,1777,7060047060,0.0004278595588302,0.08200081346694221,0,0.2647058823529412,0.2647058823529412
cars,0,prevalence,1848,7060047060,0.0165612630624406,0.08200081346694221,0,0.2647058823529412,0.2647058823529412
cars,0,prevalence,1864,7060047060,0.0287769156936809,0.08200081346694221,0,0.2647058823529412,0.2647058823529412
cars,0,prevalence,1869,7060047060,0.0378251853696521,0.08200081346694221,0,0.2647058823529412,0.2647058823529412
cars,0,prevalence,307,7060047060,0.0167122727062245,0.08200081346694221,0,0.2647058823529412,0.2647058823529412
cars,0,prevalence,319,7060047060,0.017265089085408,0.08200081346694221,0,0.2647058823529412,0.2647058823529412
cars,0,prevalence,355,7060047060,0.0289122392005982,0.08200081346694221,0,0.2647058823529412,0.2647058823529412
cars,0,prevalence,362,7060047060,0.2970313412970826,0.08200081346694221,1,0.2647058823529412,0.2647058823529412
cars,0,prevalence,364,7060047060,0.0233586684069946,0.08200081346694221,0,0.2647058823529412,0.2647058823529412
cars,0,prevalence,368,7060047060,0.0305242635014895,0.08200081346694221,0,0.2647058823529412,0.2647058823529412
cars,0,prevalence,373,7060047060,0.0979322277900432,0.08200081346694221,1,0.2647058823529412,0.2647058823529412
cars,0,prevalence,393,7060047060,0.0078793629647622,0.08200081346694221,0,0.2647058823529412,0.2647058823529412
cars,0,prevalence,398,7060047060,0.0379403787370544,0.08200081346694221,0,0.2647058823529412,0.2647058823529412
cars,0,prevalence,415,7060047060,0.0006483258473824,0.08200081346694221,0,0.2647058823529412,0.2647058823529412
cars,0,prevalence,416,7060047060,0.0283258349361294,0.08200081346694221,0,0.2647058823529412,0.2647058823529412
cars,0,prevalence,421,7060047060,0.1501854431192705,0.08200081346694221,1,0.2647058823529412,0.2647058823529412
cars,0,prevalence,500,7060047060,0.0312910088074188,0.08200081346694221,0,0.2647058823529412,0.2647058823529412
cars,0,prevalence,505,7060047060,0.0291599049096185,0.08200081346694221,0,0.2647058823529412,0.2647058823529412
cars,0,prevalence,511,7060047060,0.0346444285290709,0.08200081346694221,0,0.2647058823529412,0.2647058823529412
cars,0,prevalence,522,7060047060,0.0455050982747986,0.08200081346694221,0,0.2647058823529412,0.2647058823529412
cars,0,prevalence,530,7060047060,0.0261514358308528,0.08200081346694221,0,0.2647058823529412,0.2647058823529412
cars,0,prevalence,533,7060047060,0.0210403907257349,0.08200081346694221,0,0.2647058823529412,0.2647058823529412
cars,0,prevalence,7313,7060047060,0.0176918026159177,0.08200081346694221,0,0.2647058823529412,0.2647058823529412
cars,0,prevalence,7318,7060047060,0.0014272464761127,0.08200081346694221,0,0.2647058823529412,0.2647058823529412
cars,0,prevalence,753,7060047060,0.0900209738901938,0.08200081346694221,1,0.2647058823529412,0.2647058823529412
cars,0,prevalence,870,7060047060,0.1355543447164511,0.08200081346694221,1,0.2647058823529412,0.2647058823529412
cars,0,prevalence,882,7060047060,0.0450614139544786,0.08200081346694221,0,0.2647058823529412,0.2647058823529412
cars,0,prevalence,884,7060047060,0.000896241524768,0.08200081346694221,0,0.2647058823529412,0.2647058823529412
cars,0,prevalence,885,7060047060,0.0988607571722749,0.08200081346694221,1,0.2647058823529412,0.2647058823529412
cars,0,prevalence,895,7060047060,0.0049458013400307,0.08200081346694221,0,0.2647058823529412,0.2647058823529412
cars,0,prevalence,898,7060047060,0.299855153703045,0.08200081346694221,1,0.2647058823529412,0.2647058823529412
cars,0,prevalence,920,7060047060,0.0367084303101332,0.08200081346694221,0,0.2647058823529412,0.2647058823529412
cars,0,prevalence,931,7060047060,0.2587003094663184,0.08200081346694221,1,0.2647058823529412,0.2647058823529412
cars,0,prevalence,938,7060047060,0.4666173632902951,0.08200081346694221,1,0.2647058823529412,0.2647058823529412
cars,0,hydrology,1017,7060047060,0.0703469535187096,0.08200081346694221,0,0.23902307486497892,0.2647058823529412
cars,0,hydrology,1026,7060047060,0.0007842159792141,0.08200081346694221,0,0.18955529063733562,0.2647058823529412
cars,0,hydrology,1033,7060047060,0.0174476865667854,0.08200081346694221,0,0.1469023674027182,0.2647058823529412
cars,0,hydrology,1036,7060047060,7.859200398949162e-05,0.08200081346694221,0,0.2452480134737298,0.2647058823529412
cars,0,hydrology,1042,7060047060,0.0461680424387564,0.08200081346694221,0,0.18692374368694534,0.2647058823529412
cars,0,hydrology,1067,7060047060,0.0673197431439447,0.08200081346694221,0,0.09997706264738337,0.2647058823529412
cars,0,hydrology,1092,7060047060,0.076865233986902,0.08200081346694221,0,0.10317046387802922,0.2647058823529412
cars,0,hydrology,1101,7060047060,0.1179710089182047,0.08200081346694221,1,0.18571237227203657,0.2647058823529412
cars,0,hydrology,1112,7060047060,0.1106544748956852,0.08200081346694221,1,0.16471131556004306,0.2647058823529412
cars,0,hydrology,1121,7060047060,0.0668206862061397,0.08200081346694221,0,0.14670467859217837,0.2647058823529412
cars,0,hydrology,1122,7060047060,0.0596448744438967,0.08200081346694221,0,0.11526929283116032,0.2647058823529412
cars,0,hydrology,1125,7060047060,0.0668206862061397,0.08200081346694221,0,0.14670467859217837,0.2647058823529412
cars,0,hydrology,1127,7060047060,0.0792308638992095,0.08200081346694221,0,0.10740995986626029,0.2647058823529412
cars,0,hydrology,1192,7060047060,0.0443776667499565,0.08200081346694221,0,0.26075053376490787,0.2647058823529412
cars,0,hydrology,1586,7060047060,0.0302959028184105,0.08200081346694221,0,0.23421031587225222,0.2647058823529412
cars,0,hydrology,1587,7060047060,0.0072631662205354,0.08200081346694221,0,0.16435238800210306,0.2647058823529412
cars,0,hydrology,1592,7060047060,0.120439220737386,0.08200081346694221,1,0.19115067028169416,0.2647058823529412
cars,0,hydrology,1595,7060047060,0.0629268646081044,0.08200081346694221,0,0.2952437211864101,0.2647058823529412
cars,0,hydrology,1600,7060047060,0.0188979676244183,0.08200081346694221,0,0.2188658177038014,0.2647058823529412
cars,0,hydrology,1617,7060047060,0.0545475103931069,0.08200081346694221,0,0.17088058069575449,0.2647058823529412
cars,0,hydrology,1619,7060047060,0.0919133858665782,0.08200081346694221,1,0.20814213025553613,0.2647058823529412
cars,0,hydrology,1620,7060047060,0.0264329880952052,0.08200081346694221,0,0.23446362648035698,0.2647058823529412
cars,0,hydrology,1631,7060047060,0.0669330418568217,0.08200081346694221,0,0.229619019053215,0.2647058823529412
cars,0,hydrology,1634,7060047060,0.0279118975549064,0.08200081346694221,0,0.2491982984428694,0.2647058823529412
cars,0,hydrology,1636,7060047060,0.0908452618975397,0.08200081346694221,1,0.12555258019604723,0.2647058823529412
cars,0,hydrology,1645,7060047060,0.0320311356139694,0.08200081346694221,0,0.12122094376309876,0.2647058823529412
cars,0,hydrology,1650,7060047060,0.0810070955464334,0.08200081346694221,0,0.17204916753284016,0.2647058823529412
cars,0,hydrology,1654,7060047060,0.0068242487804468,0.08200081346694221,0,0.13162719660199648,0.2647058823529412
cars,0,hydrology,1655,7060047060,0.0005387075569807,0.08200081346694221,0,0.15410534072866866,0.2647058823529412
cars,0,hydrology,1656,7060047060,0.0367503132460737,0.08200081346694221,0,0.24540566330468724,0.2647058823529412
cars,0,hydrology,1683,7060047060,0.0732766253363531,0.08200081346694221,0,0.10572121351388629,0.2647058823529412
cars,0,hydrology,1691,7060047060,0.0498672675817963,0.08200081346694221,0,0.2187326502080592,0.2647058823529412
cars,0,hydrology,1699,7060047060,0.0037258322988919,0.08200081346694221,0,0.2688085978174647,0.2647058823529412
cars,0,hydrology,1703,7060047060,0.1266105089661593,0.08200081346694221,1,0.0903443307693095,0.2647058823529412
cars,0,hydrology,1706,7060047060,0.0047373294099653,0.08200081346694221,0,0.2622528230419762,0.2647058823529412
cars,0,hydrology,1707,7060047060,0.0387792990147741,0.08200081346694221,0,0.141682946879569,0.2647058823529412
cars,0,hydrology,1709,7060047060,0.0161603183465146,0.08200081346694221,0,0.25889357751227554,0.2647058823529412
cars,0,hydrology,1712,7060047060,0.0275684141774626,0.08200081346694221,0,0.19674679145746093,0.2647058823529412
cars,0,hydrology,1713,7060047060,0.0686409242059476,0.08200081346694221,0,0.1792280874825534,0.2647058823529412
cars,0,hydrology,1714,7060047060,0.0583394920970634,0.08200081346694221,0,0.16589206970999487,0.2647058823529412
cars,0,hydrology,1718,7060047060,0.033867750091752,0.08200081346694221,0,0.10439165810960566,0.2647058823529412
cars,0,hydrology,1723,7060047060,0.0179999068401603,0.08200081346694221,0,0.20177711491839675,0.2647058823529412
cars,0,hydrology,1726,7060047060,0.0199979692301591,0.08200081346694221,0,0.21049121685848593,0.2647058823529412
cars,0,hydrology,1735,7060047060,0.009343588533751,0.08200081346694221,0,0.2628542751043885,0.2647058823529412
cars,0,hydrology,1739,7060047060,0.0082993042765104,0.08200081346694221,0,0.18052554776408977,0.2647058823529412
cars,0,hydrology,1740,7060047060,0.0269665143682903,0.08200081346694221,0,0.25019827152650154,0.2647058823529412
cars,0,hydrology,1741,7060047060,0.0414812404954003,0.08200081346694221,0,0.16633894832735685,0.2647058823529412
cars,0,hydrology,1742,7060047060,6.939392853252957e-05,0.08200081346694221,0,0.2491521712118465,0.2647058823529412
cars,0,hydrology,1744,7060047060,0.0281022000539285,0.08200081346694221,0,0.1549556868025522,0.2647058823529412
cars,0,hydrology,1752,7060047060,0.008135524547084,0.08200081346694221,0,0.2927780416292231,0.2647058823529412
cars,0,hydrology,1753,7060047060,0.081779581668631,0.08200081346694221,0,0.24604908755073465,0.2647058823529412
cars,0,hydrology,1755,7060047060,0.0862991693401391,0.08200081346694221,1,0.11893119079472504,0.2647058823529412
cars,0,hydrology,1768,7060047060,0.004804907485352,0.08200081346694221,0,0.2919555089142373,0.2647058823529412
cars,0,hydrology,1777,7060047060,0.0004278595588302,0.08200081346694221,0,0.1421685233527467,0.2647058823529412
cars,0,hydrology,1848,7060047060,0.0165612630624406,0.08200081346694221,0,0.13148060719620444,0.2647058823529412
cars,0,hydrology,1864,7060047060,0.0287769156936809,0.08200081346694221,0,0.16027896481026815,0.2647058823529412
cars,0,hydrology,1869,7060047060,0.0378251853696521,0.08200081346694221,0,0.06816342169903651,0.2647058823529412
cars,0,hydrology,307,7060047060,0.0167122727062245,0.08200081346694221,0,0.3139941494359599,0.2647058823529412
cars,0,hydrology,319,7060047060,0.017265089085408,0.08200081346694221,0,0.2669897174125137,0.2647058823529412
cars,0,hydrology,355,7060047060,0.0289122392005982,0.08200081346694221,0,0.2570111484335864,0.2647058823529412
cars,0,hydrology,362,7060047060,0.2970313412970826,0.08200081346694221,1,0.18502692327631629,0.2647058823529412
cars,0,hydrology,364,7060047060,0.0233586684069946,0.08200081346694221,0,0.3107341745584279,0.2647058823529412
cars,0,hydrology,368,7060047060,0.0305242635014895,0.08200081346694221,0,0.304066658449085,0.2647058823529412
cars,0,hydrology,373,7060047060,0.0979322277900432,0.08200081346694221,1,0.16601302358662479,0.2647058823529412
cars,0,hydrology,393,7060047060,0.0078793629647622,0.08200081346694221,0,0.24242015641722517,0.2647058823529412
cars,0,hydrology,398,7060047060,0.0379403787370544,0.08200081346694221,0,0.2566358487053246,0.2647058823529412
cars,0,hydrology,415,7060047060,0.0006483258473824,0.08200081346694221,0,0.30424168535046864,0.2647058823529412
cars,0,hydrology,416,7060047060,0.0283258349361294,0.08200081346694221,0,0.28336390367817105,0.2647058823529412
cars,0,hydrology,421,7060047060,0.1501854431192705,0.08200081346694221,1,0.23501582783354377,0.2647058823529412
cars,0,hydrology,500,7060047060,0.0312910088074188,0.08200081346694221,0,0.23275329326124888,0.2647058823529412
cars,0,hydrology,505,7060047060,0.0291599049096185,0.08200081346694221,0,0.2883690331116877,0.2647058823529412
cars,0,hydrology,511,7060047060,0.0346444285290709,0.08200081346694221,0,0.2750254298106159,0.2647058823529412
cars,0,hydrology,522,7060047060,0.0455050982747986,0.08200081346694221,0,0.3245479301466857,0.2647058823529412
cars,0,hydrology,530,7060047060,0.0261514358308528,0.08200081346694221,0,0.30318301704668504,0.2647058823529412
cars,0,hydrology,533,7060047060,0.0210403907257349,0.08200081346694221,0,0.36370742051756055,0.2647058823529412
cars,0,hydrology,7313,7060047060,0.0176918026159177,0.08200081346694221,0,0.27882923467481546,0.2647058823529412
cars,0,hydrology,7318,7060047060,0.0014272464761127,0.08200081346694221,0,0.3002448075865208,0.2647058823529412
cars,0,hydrology,753,7060047060,0.0900209738901938,0.08200081346694221,1,0.267237256272721,0.2647058823529412
cars,0,hydrology,870,7060047060,0.1355543447164511,0.08200081346694221,1,0.26025186385597515,0.2647058823529412
cars,0,hydrology,882,7060047060,0.0450614139544786,0.08200081346694221,0,0.3148010440531442,0.2647058823529412
cars,0,hydrology,884,7060047060,0.000896241524768,0.08200081346694221,0,0.30580188141548487,0.2647058823529412
cars,0,hydrology,885,7060047060,0.0988607571722749,0.08200081346694221,1,0.2897049040819926,0.2647058823529412
cars,0,hydrology,895,7060047060,0.0049458013400307,0.08200081346694221,0,0.32500598895228144,0.2647058823529412
cars,0,hydrology,898,7060047060,0.299855153703045,0.08200081346694221,1,0.11845979552964454,0.2647058823529412
cars,0,hydrology,920,7060047060,0.0367084303101332,0.08200081346694221,0,0.3230276424719193,0.2647058823529412
cars,0,hydrology,931,7060047060,0.2587003094663184,0.08200081346694221,1,0.06196427372775327,0.2647058823529412
cars,0,hydrology,938,7060047060,0.4666173632902951,0.08200081346694221,1,0.05874866842309531,0.2647058823529412
cars,0,quality,1017,7060047060,0.0703469535187096,0.08200081346694221,0,0.26152451329062015,0.2647058823529412
cars,0,quality,1026,7060047060,0.0007842159792141,0.08200081346694221,0,0.26152451329062015,0.2647058823529412
cars,0,quality,1033,7060047060,0.0174476865667854,0.08200081346694221,0,0.26152451329062015,0.2647058823529412
cars,0,quality,1036,7060047060,7.859200398949162e-05,0.08200081346694221,0,0.26152451329062015,0.2647058823529412
cars,0,quality,1042,7060047060,0.0461680424387564,0.08200081346694221,0,0.26152451329062015,0.2647058823529412
cars,0,quality,1067,7060047060,0.0673197431439447,0.08200081346694221,0,0.26152451329062015,0.2647058823529412
cars,0,quality,1092,7060047060,0.076865233986902,0.08200081346694221,0,0.26152451329062015,0.2647058823529412
cars,0,quality,1101,7060047060,0.1179710089182047,0.08200081346694221,1,0.26152451329062015,0.2647058823529412
cars,0,quality,1112,7060047060,0.1106544748956852,0.08200081346694221,1,0.26152451329062015,0.2647058823529412
cars,0,quality,1121,7060047060,0.0668206862061397,0.08200081346694221,0,0.26152451329062015,0.2647058823529412
cars,0,quality,1122,7060047060,0.0596448744438967,0.08200081346694221,0,0.26152451329062015,0.2647058823529412
cars,0,quality,1125,7060047060,0.0668206862061397,0.08200081346694221,0,0.26152451329062015,0.2647058823529412
cars,0,quality,1127,7060047060,0.0792308638992095,0.08200081346694221,0,0.26152451329062015,0.2647058823529412
cars,0,quality,1192,7060047060,0.0443776667499565,0.08200081346694221,0,0.26152451329062015,0.2647058823529412
cars,0,quality,1586,7060047060,0.0302959028184105,0.08200081346694221,0,0.26152451329062015,0.2647058823529412
cars,0,quality,1587,7060047060,0.0072631662205354,0.08200081346694221,0,0.26152451329062015,0.2647058823529412
cars,0,quality,1592,7060047060,0.120439220737386,0.08200081346694221,1,0.26152451329062015,0.2647058823529412
cars,0,quality,1595,7060047060,0.0629268646081044,0.08200081346694221,0,0.26702640658231336,0.2647058823529412
cars,0,quality,1600,7060047060,0.0188979676244183,0.08200081346694221,0,0.2628930994666399,0.2647058823529412
cars,0,quality,1617,7060047060,0.0545475103931069,0.08200081346694221,0,0.26702640658231336,0.2647058823529412
cars,0,quality,1619,7060047060,0.0919133858665782,0.08200081346694221,1,0.2628930994666399,0.2647058823529412
cars,0,quality,1620,7060047060,0.0264329880952052,0.08200081346694221,0,0.26797147854672243,0.2647058823529412
cars,0,quality,1631,7060047060,0.0669330418568217,0.08200081346694221,0,0.2639745820298093,0.2647058823529412
cars,0,quality,1634,7060047060,0.0279118975549064,0.08200081346694221,0,0.26152451329062015,0.2647058823529412
cars,0,quality,1636,7060047060,0.0908452618975397,0.08200081346694221,1,0.2628930994666399,0.2647058823529412
cars,0,quality,1645,7060047060,0.0320311356139694,0.08200081346694221,0,0.26152451329062015,0.2647058823529412
cars,0,quality,1650,7060047060,0.0810070955464334,0.08200081346694221,0,0.2599334542829003,0.2647058823529412
cars,0,quality,1654,7060047060,0.0068242487804468,0.08200081346694221,0,0.26152451329062015,0.2647058823529412
cars,0,quality,1655,7060047060,0.0005387075569807,0.08200081346694221,0,0.26152451329062015,0.2647058823529412
cars,0,quality,1656,7060047060,0.0367503132460737,0.08200081346694221,0,0.26152451329062015,0.2647058823529412
cars,0,quality,1683,7060047060,0.0732766253363531,0.08200081346694221,0,0.26152451329062015,0.2647058823529412
cars,0,quality,1691,7060047060,0.0498672675817963,0.08200081346694221,0,0.2627477096373336,0.2647058823529412
cars,0,quality,1699,7060047060,0.0037258322988919,0.08200081346694221,0,0.2627477096373336,0.2647058823529412
cars,0,quality,1703,7060047060,0.1266105089661593,0.08200081346694221,1,0.26152451329062015,0.2647058823529412
cars,0,quality,1706,7060047060,0.0047373294099653,0.08200081346694221,0,0.2698047848399464,0.2647058823529412
cars,0,quality,1707,7060047060,0.0387792990147741,0.08200081346694221,0,0.2628930994666399,0.2647058823529412
cars,0,quality,1709,7060047060,0.0161603183465146,0.08200081346694221,0,0.26137961195007486,0.2647058823529412
cars,0,quality,1712,7060047060,0.0275684141774626,0.08200081346694221,0,0.26549769435222187,0.2647058823529412
cars,0,quality,1713,7060047060,0.0686409242059476,0.08200081346694221,0,0.2628930994666399,0.2647058823529412
cars,0,quality,1714,7060047060,0.0583394920970634,0.08200081346694221,0,0.26152451329062015,0.2647058823529412
cars,0,quality,1718,7060047060,0.033867750091752,0.08200081346694221,0,0.26152451329062015,0.2647058823529412
cars,0,quality,1723,7060047060,0.0179999068401603,0.08200081346694221,0,0.2642662846678546,0.2647058823529412
cars,0,quality,1726,7060047060,0.0199979692301591,0.08200081346694221,0,0.26137961195007486,0.2647058823529412
cars,0,quality,1735,7060047060,0.009343588533751,0.08200081346694221,0,0.8964220530349508,0.2647058823529412
cars,0,quality,1739,7060047060,0.0082993042765104,0.08200081346694221,0,0.26152451329062015,0.2647058823529412
cars,0,quality,1740,7060047060,0.0269665143682903,0.08200081346694221,0,0.26152451329062015,0.2647058823529412
cars,0,quality,1741,7060047060,0.0414812404954003,0.08200081346694221,0,0.26137961195007486,0.2647058823529412
cars,0,quality,1742,7060047060,6.939392853252957e-05,0.08200081346694221,0,0.2642662846678546,0.2647058823529412
cars,0,quality,1744,7060047060,0.0281022000539285,0.08200081346694221,0,0.26152451329062015,0.2647058823529412
cars,0,quality,1752,7060047060,0.008135524547084,0.08200081346694221,0,0.2519537056656202,0.2647058823529412
cars,0,quality,1753,7060047060,0.081779581668631,0.08200081346694221,0,0.26152451329062015,0.2647058823529412
cars,0,quality,1755,7060047060,0.0862991693401391,0.08200081346694221,1,0.26152451329062015,0.2647058823529412
cars,0,quality,1768,7060047060,0.004804907485352,0.08200081346694221,0,0.2602982014451174,0.2647058823529412
cars,0,quality,1777,7060047060,0.0004278595588302,0.08200081346694221,0,0.09851606078874137,0.2647058823529412
cars,0,quality,1848,7060047060,0.0165612630624406,0.08200081346694221,0,0.26152451329062015,0.2647058823529412
cars,0,quality,1864,7060047060,0.0287769156936809,0.08200081346694221,0,0.26152451329062015,0.2647058823529412
cars,0,quality,1869,7060047060,0.0378251853696521,0.08200081346694221,0,0.26152451329062015,0.2647058823529412
cars,0,quality,307,7060047060,0.0167122727062245,0.08200081346694221,0,0.26152451329062015,0.2647058823529412
cars,0,quality,319,7060047060,0.017265089085408,0.08200081346694221,0,0.26152451329062015,0.2647058823529412
cars,0,quality,355,7060047060,0.0289122392005982,0.08200081346694221,0,0.26152451329062015,0.2647058823529412
cars,0,quality,362,7060047060,0.2970313412970826,0.08200081346694221,1,0.26152451329062015,0.2647058823529412
cars,0,quality,364,7060047060,0.0233586684069946,0.08200081346694221,0,0.2590756225418283,0.2647058823529412
cars,0,quality,368,7060047060,0.0305242635014895,0.08200081346694221,0,0.14881233657675824,0.2647058823529412
cars,0,quality,373,7060047060,0.0979322277900432,0.08200081346694221,1,0.2602982014451174,0.2647058823529412
cars,0,quality,393,7060047060,0.0078793629647622,0.08200081346694221,0,0.26152451329062015,0.2647058823529412
cars,0,quality,398,7060047060,0.0379403787370544,0.08200081346694221,0,0.23771524311645695,0.2647058823529412
cars,0,quality,415,7060047060,0.0006483258473824,0.08200081346694221,0,0.26152451329062015,0.2647058823529412
cars,0,quality,416,7060047060,0.0283258349361294,0.08200081346694221,0,0.26152451329062015,0.2647058823529412
cars,0,quality,421,7060047060,0.1501854431192705,0.08200081346694221,1,0.2566416937220705,0.2647058823529412
cars,0,quality,500,7060047060,0.0312910088074188,0.08200081346694221,0,0.9803086867359927,0.2647058823529412
cars,0,quality,505,7060047060,0.0291599049096185,0.08200081346694221,0,0.26057308081931474,0.2647058823529412
cars,0,quality,511,7060047060,0.0346444285290709,0.08200081346694221,0,0.25941805590685973,0.2647058823529412
cars,0,quality,522,7060047060,0.0455050982747986,0.08200081346694221,0,0.2566416937220705,0.2647058823529412
cars,0,quality,530,7060047060,0.0261514358308528,0.08200081346694221,0,0.26152451329062015,0.2647058823529412
cars,0,quality,533,7060047060,0.0210403907257349,0.08200081346694221,0,0.22196057199074512,0.2647058823529412
cars,0,quality,7313,7060047060,0.0176918026159177,0.08200081346694221,0,0.26152451329062015,0.2647058823529412
cars,0,quality,7318,7060047060,0.0014272464761127,0.08200081346694221,0,0.29414277028971175,0.2647058823529412
cars,0,quality,753,7060047060,0.0900209738901938,0.08200081346694221,1,0.26137961195007486,0.2647058823529412
cars,0,quality,870,7060047060,0.1355543447164511,0.08200081346694221,1,0.2583486885983479,0.2647058823529412
cars,0,quality,882,7060047060,0.0450614139544786,0.08200081346694221,0,0.24352498067217168,0.2647058823529412
cars,0,quality,884,7060047060,0.000896241524768,0.08200081346694221,0,0.250175590223024,0.2647058823529412
cars,0,quality,885,7060047060,0.0988607571722749,0.08200081346694221,1,0.2411895879464412,0.2647058823529412
cars,0,quality,895,7060047060,0.0049458013400307,0.08200081346694221,0,0.26152451329062015,0.2647058823529412
cars,0,quality,898,7060047060,0.299855153703045,0.08200081346694221,1,0.2590756225418283,0.2647058823529412
cars,0,quality,920,7060047060,0.0367084303101332,0.08200081346694221,0,0.26152451329062015,0.2647058823529412
cars,0,quality,931,7060047060,0.2587003094663184,0.08200081346694221,1,0.26152451329062015,0.2647058823529412
cars,0,quality,938,7060047060,0.4666173632902951,0.08200081346694221,1,0.2423506143385367,0.2647058823529412
cars,0,combined,1017,7060047060,0.0703469535187096,0.08200081346694221,0,0.20991390634416043,0.2647058823529412
cars,0,combined,1026,7060047060,0.0007842159792141,0.08200081346694221,0,0.1669386768408537,0.2647058823529412
cars,0,combined,1033,7060047060,0.0174476865667854,0.08200081346694221,0,0.16853913084967403,0.2647058823529412
cars,0,combined,1036,7060047060,7.859200398949162e-05,0.08200081346694221,0,0.231568374497079,0.2647058823529412
cars,0,combined,1042,7060047060,0.0461680424387564,0.08200081346694221,0,0.205187343179963,0.2647058823529412
cars,0,combined,1067,7060047060,0.0673197431439447,0.08200081346694221,0,0.09582065457901982,0.2647058823529412
cars,0,combined,1092,7060047060,0.076865233986902,0.08200081346694221,0,0.12491287787660615,0.2647058823529412
cars,0,combined,1101,7060047060,0.1179710089182047,0.08200081346694221,1,0.1750221981953631,0.2647058823529412
cars,0,combined,1112,7060047060,0.1106544748956852,0.08200081346694221,1,0.17616049946729107,0.2647058823529412
cars,0,combined,1121,7060047060,0.0668206862061397,0.08200081346694221,0,0.1199005130529438,0.2647058823529412
cars,0,combined,1122,7060047060,0.0596448744438967,0.08200081346694221,0,0.12258025015885425,0.2647058823529412
cars,0,combined,1125,7060047060,0.0668206862061397,0.08200081346694221,0,0.1199005130529438,0.2647058823529412
cars,0,combined,1127,7060047060,0.0792308638992095,0.08200081346694221,0,0.1135483758366946,0.2647058823529412
cars,0,combined,1192,7060047060,0.0443776667499565,0.08200081346694221,0,0.23632836234927304,0.2647058823529412
cars,0,combined,1586,7060047060,0.0302959028184105,0.08200081346694221,0,0.22706813199132586,0.2647058823529412
cars,0,combined,1587,7060047060,0.0072631662205354,0.08200081346694221,0,0.15007733035501233,0.2647058823529412
cars,0,combined,1592,7060047060,0.120439220737386,0.08200081346694221,1,0.14582468845373991,0.2647058823529412
cars,0,combined,1595,7060047060,0.0629268646081044,0.08200081346694221,0,0.29622584489409814,0.2647058823529412
cars,0,combined,1600,7060047060,0.0188979676244183,0.08200081346694221,0,0.20319264827927472,0.2647058823529412
cars,0,combined,1617,7060047060,0.0545475103931069,0.08200081346694221,0,0.17281484227396426,0.2647058823529412
cars,0,combined,1619,7060047060,0.0919133858665782,0.08200081346694221,1,0.20325514593684516,0.2647058823529412
cars,0,combined,1620,7060047060,0.0264329880952052,0.08200081346694221,0,0.23149484028883757,0.2647058823529412
cars,0,combined,1631,7060047060,0.0669330418568217,0.08200081346694221,0,0.238137556250572,0.2647058823529412
cars,0,combined,1634,7060047060,0.0279118975549064,0.08200081346694221,0,0.2423870934087108,0.2647058823529412
cars,0,combined,1636,7060047060,0.0908452618975397,0.08200081346694221,1,0.1437077573317412,0.2647058823529412
cars,0,combined,1645,7060047060,0.0320311356139694,0.08200081346694221,0,0.13195181819456975,0.2647058823529412
cars,0,combined,1650,7060047060,0.0810070955464334,0.08200081346694221,0,0.18899793344744478,0.2647058823529412
cars,0,combined,1654,7060047060,0.0068242487804468,0.08200081346694221,0,0.09500197702505785,0.2647058823529412
cars,0,combined,1655,7060047060,0.0005387075569807,0.08200081346694221,0,0.12886725225674392,0.2647058823529412
cars,0,combined,1656,7060047060,0.0367503132460737,0.08200081346694221,0,0.24616899572707474,0.2647058823529412
cars,0,combined,1683,7060047060,0.0732766253363531,0.08200081346694221,0,0.11515267586022758,0.2647058823529412
cars,0,combined,1691,7060047060,0.0498672675817963,0.08200081346694221,0,0.21312972509641712,0.2647058823529412
cars,0,combined,1699,7060047060,0.0037258322988919,0.08200081346694221,0,0.2631570480534206,0.2647058823529412
cars,0,combined,1703,7060047060,0.1266105089661593,0.08200081346694221,1,0.11155699185655227,0.2647058823529412
cars,0,combined,1706,7060047060,0.0047373294099653,0.08200081346694221,0,0.2431043717709774,0.2647058823529412
cars,0,combined,1707,7060047060,0.0387792990147741,0.08200081346694221,0,0.13178542042673566,0.2647058823529412
cars,0,combined,1709,7060047060,0.0161603183465146,0.08200081346694221,0,0.2575449355200464,0.2647058823529412
cars,0,combined,1712,7060047060,0.0275684141774626,0.08200081346694221,0,0.21524969658960688,0.2647058823529412
cars,0,combined,1713,7060047060,0.0686409242059476,0.08200081346694221,0,0.1766889232690272,0.2647058823529412
cars,0,combined,1714,7060047060,0.0583394920970634,0.08200081346694221,0,0.18276212681310267,0.2647058823529412
cars,0,combined,1718,7060047060,0.033867750091752,0.08200081346694221,0,0.10642022274580874,0.2647058823529412
cars,0,combined,1723,7060047060,0.0179999068401603,0.08200081346694221,0,0.21558784576581852,0.2647058823529412
cars,0,combined,1726,7060047060,0.0199979692301591,0.08200081346694221,0,0.20458529009598064,0.2647058823529412
cars,0,combined,1735,7060047060,0.009343588533751,0.08200081346694221,0,0.9228818125012073,0.2647058823529412
cars,0,combined,1739,7060047060,0.0082993042765104,0.08200081346694221,0,0.17606205190127497,0.2647058823529412
cars,0,combined,1740,7060047060,0.0269665143682903,0.08200081346694221,0,0.2436608768957888,0.2647058823529412
cars,0,combined,1741,7060047060,0.0414812404954003,0.08200081346694221,0,0.18947136551343288,0.2647058823529412
cars,0,combined,1742,7060047060,6.939392853252957e-05,0.08200081346694221,0,0.2517379243955293,0.2647058823529412
cars,0,combined,1744,7060047060,0.0281022000539285,0.08200081346694221,0,0.16325030916710195,0.2647058823529412
cars,0,combined,1752,7060047060,0.008135524547084,0.08200081346694221,0,0.26714591780642205,0.2647058823529412
cars,0,combined,1753,7060047060,0.081779581668631,0.08200081346694221,0,0.21868497790904332,0.2647058823529412
cars,0,combined,1755,7060047060,0.0862991693401391,0.08200081346694221,1,0.13930904443565306,0.2647058823529412
cars,0,combined,1768,7060047060,0.004804907485352,0.08200081346694221,0,0.27909746359026083,0.2647058823529412
cars,0,combined,1777,7060047060,0.0004278595588302,0.08200081346694221,0,0.03498859859889515,0.2647058823529412
cars,0,combined,1848,7060047060,0.0165612630624406,0.08200081346694221,0,0.11970520052813112,0.2647058823529412
cars,0,combined,1864,7060047060,0.0287769156936809,0.08200081346694221,0,0.16910274603147954,0.2647058823529412
cars,0,combined,1869,7060047060,0.0378251853696521,0.08200081346694221,0,0.053974544719925716,0.2647058823529412
cars,0,combined,307,7060047060,0.0167122727062245,0.08200081346694221,0,0.2369456785598412,0.2647058823529412
cars,0,combined,319,7060047060,0.017265089085408,0.08200081346694221,0,0.33525864224060675,0.2647058823529412
cars,0,combined,355,7060047060,0.0289122392005982,0.08200081346694221,0,0.23591405152310985,0.2647058823529412
cars,0,combined,362,7060047060,0.2970313412970826,0.08200081346694221,1,0.15444930172221774,0.2647058823529412
cars,0,combined,364,7060047060,0.0233586684069946,0.08200081346694221,0,0.26978877037298865,0.2647058823529412
cars,0,combined,368,7060047060,0.0305242635014895,0.08200081346694221,0,0.1367748330860086,0.2647058823529412
cars,0,combined,373,7060047060,0.0979322277900432,0.08200081346694221,1,0.17101016535196842,0.2647058823529412
cars,0,combined,393,7060047060,0.0078793629647622,0.08200081346694221,0,0.25283382813398203,0.2647058823529412
cars,0,combined,398,7060047060,0.0379403787370544,0.08200081346694221,0,0.2786665763619264,0.2647058823529412
cars,0,combined,415,7060047060,0.0006483258473824,0.08200081346694221,0,0.304773369611001,0.2647058823529412
cars,0,combined,416,7060047060,0.0283258349361294,0.08200081346694221,0,0.18211106441785657,0.2647058823529412
cars,0,combined,421,7060047060,0.1501854431192705,0.08200081346694221,1,0.20472864549593567,0.2647058823529412
cars,0,combined,500,7060047060,0.0312910088074188,0.08200081346694221,0,0.9887697402445856,0.2647058823529412
cars,0,combined,505,7060047060,0.0291599049096185,0.08200081346694221,0,0.263268380340184,0.2647058823529412
cars,0,combined,511,7060047060,0.0346444285290709,0.08200081346694221,0,0.25846993994840306,0.2647058823529412
cars,0,combined,522,7060047060,0.0455050982747986,0.08200081346694221,0,0.2937531369841133,0.2647058823529412
cars,0,combined,530,7060047060,0.0261514358308528,0.08200081346694221,0,0.26904812500399444,0.2647058823529412
cars,0,combined,533,7060047060,0.0210403907257349,0.08200081346694221,0,0.2510889756383214,0.2647058823529412
cars,0,combined,7313,7060047060,0.0176918026159177,0.08200081346694221,0,0.2619457209795024,0.2647058823529412
cars,0,combined,7318,7060047060,0.0014272464761127,0.08200081346694221,0,0.324351686093657,0.2647058823529412
cars,0,combined,753,7060047060,0.0900209738901938,0.08200081346694221,1,0.19682838070440906,0.2647058823529412
cars,0,combined,870,7060047060,0.1355543447164511,0.08200081346694221,1,0.17732873604340557,0.2647058823529412
cars,0,combined,882,7060047060,0.0450614139544786,0.08200081346694221,0,0.20455993555186566,0.2647058823529412
cars,0,combined,884,7060047060,0.000896241524768,0.08200081346694221,0,0.3134283596164588,0.2647058823529412
cars,0,combined,885,7060047060,0.0988607571722749,0.08200081346694221,1,0.17096070722821763,0.2647058823529412
cars,0,combined,895,7060047060,0.0049458013400307,0.08200081346694221,0,0.29597061041698164,0.2647058823529412
cars,0,combined,898,7060047060,0.299855153703045,0.08200081346694221,1,0.13625800849110417,0.2647058823529412
cars,0,combined,920,7060047060,0.0367084303101332,0.08200081346694221,0,0.3015485892029214,0.2647058823529412
cars,0,combined,931,7060047060,0.2587003094663184,0.08200081346694221,1,0.12278734716091275,0.2647058823529412
cars,0,combined,938,7060047060,0.4666173632902951,0.08200081346694221,1,0.03765836059774794,0.2647058823529412
cars,1,prevalence,419,7060008710,0.070748887784105,0.062030632177686104,1,0.2524271844660194,0.2524271844660194
cars,1,prevalence,423,7060008710,0.0671620497069183,0.062030632177686104,1,0.2524271844660194,0.2524271844660194
cars,1,prevalence,445,7060008710,0.0323684436223574,0.062030632177686104,0,0.2524271844660194,0.2524271844660194
cars,1,prevalence,448,7060008710,0.0074437497360604,0.062030632177686104,0,0.2524271844660194,0.2524271844660194
cars,1,prevalence,451,7060008710,0.0844457777043778,0.062030632177686104,1,0.2524271844660194,0.2524271844660194
cars,1,prevalence,469,7060008710,0.0122133948598889,0.062030632177686104,0,0.2524271844660194,0.2524271844660194
cars,1,prevalence,470,7060008710,0.0148375091210567,0.062030632177686104,0,0.2524271844660194,0.2524271844660194
cars,1,prevalence,488,7060008710,0.1068485735936065,0.062030632177686104,1,0.2524271844660194,0.2524271844660194
cars,1,prevalence,497,7060008710,0.0959212228585117,0.062030632177686104,1,0.2524271844660194,0.2524271844660194
cars,1,prevalence,502,7060008710,0.0768897575528199,0.062030632177686104,1,0.2524271844660194,0.2524271844660194
cars,1,prevalence,509,7060008710,0.1286672577742292,0.062030632177686104,1,0.2524271844660194,0.2524271844660194
cars,1,prevalence,517,7060008710,0.0289665383060959,0.062030632177686104,0,0.2524271844660194,0.2524271844660194
cars,1,prevalence,518,7060008710,0.0047766596503193,0.062030632177686104,0,0.2524271844660194,0.2524271844660194
cars,1,prevalence,531,7060008710,0.054296872498249,0.062030632177686104,0,0.2524271844660194,0.2524271844660194
cars,1,prevalence,536,7060008710,0.00833629737436,0.062030632177686104,0,0.2524271844660194,0.2524271844660194
cars,1,prevalence,541,7060008710,0.0307267947834394,0.062030632177686104,0,0.2524271844660194,0.2524271844660194
cars,1,prevalence,542,7060008710,0.0243209572598582,0.062030632177686104,0,0.2524271844660194,0.2524271844660194
cars,1,prevalence,549,7060008710,0.04353458867528,0.062030632177686104,0,0.2524271844660194,0.2524271844660194
cars,1,prevalence,567,7060008710,0.091537667904291,0.062030632177686104,1,0.2524271844660194,0.2524271844660194
cars,1,prevalence,574,7060008710,0.0515166191760526,0.062030632177686104,0,0.2524271844660194,0.2524271844660194
cars,1,prevalence,575,7060008710,0.1069511322114142,0.062030632177686104,1,0.2524271844660194,0.2524271844660194
cars,1,prevalence,597,7060008710,0.0258524754079326,0.062030632177686104,0,0.2524271844660194,0.2524271844660194
cars,1,prevalence,601,7060008710,0.0506432326614044,0.062030632177686104,0,0.2524271844660194,0.2524271844660194
cars,1,hydrology,419,7060008710,0.070748887784105,0.062030632177686104,1,0.38931329179284524,0.2524271844660194
cars,1,hydrology,423,7060008710,0.0671620497069183,0.062030632177686104,1,0.1585338311516223,0.2524271844660194
cars,1,hydrology,445,7060008710,0.0323684436223574,0.062030632177686104,0,0.20558745955761415,0.2524271844660194
cars,1,hydrology,448,7060008710,0.0074437497360604,0.062030632177686104,0,0.3921176975874987,0.2524271844660194
cars,1,hydrology,451,7060008710,0.0844457777043778,0.062030632177686104,1,0.23095349499703705,0.2524271844660194
cars,1,hydrology,469,7060008710,0.0122133948598889,0.062030632177686104,0,0.2498266739353707,0.2524271844660194
cars,1,hydrology,470,7060008710,0.0148375091210567,0.062030632177686104,0,0.8839721253589041,0.2524271844660194
cars,1,hydrology,488,7060008710,0.1068485735936065,0.062030632177686104,1,0.22852765605935055,0.2524271844660194
cars,1,hydrology,497,7060008710,0.0959212228585117,0.062030632177686104,1,0.4068576887853329,0.2524271844660194
cars,1,hydrology,502,7060008710,0.0768897575528199,0.062030632177686104,1,0.1790223588681439,0.2524271844660194
cars,1,hydrology,509,7060008710,0.1286672577742292,0.062030632177686104,1,0.28853169278423235,0.2524271844660194
cars,1,hydrology,517,7060008710,0.0289665383060959,0.062030632177686104,0,0.1767418181193899,0.2524271844660194
cars,1,hydrology,518,7060008710,0.0047766596503193,0.062030632177686104,0,0.18977399784424523,0.2524271844660194
cars,1,hydrology,531,7060008710,0.054296872498249,0.062030632177686104,0,0.4549886322108072,0.2524271844660194
cars,1,hydrology,536,7060008710,0.00833629737436,0.062030632177686104,0,0.17375078949950837,0.2524271844660194
cars,1,hydrology,541,7060008710,0.0307267947834394,0.062030632177686104,0,0.26581627760256393,0.2524271844660194
cars,1,hydrology,542,7060008710,0.0243209572598582,0.062030632177686104,0,0.1168052922887937,0.2524271844660194
cars,1,hydrology,549,7060008710,0.04353458867528,0.062030632177686104,0,0.3412943424974709,0.2524271844660194
cars,1,hydrology,567,7060008710,0.091537667904291,0.062030632177686104,1,0.42073419806963874,0.2524271844660194
cars,1,hydrology,574,7060008710,0.0515166191760526,0.062030632177686104,0,0.28282318868702494,0.2524271844660194
cars,1,hydrology,575,7060008710,0.1069511322114142,0.062030632177686104,1,0.4268518498363798,0.2524271844660194
cars,1,hydrology,597,7060008710,0.0258524754079326,0.062030632177686104,0,0.5134671969569548,0.2524271844660194
cars,1,hydrology,601,7060008710,0.0506432326614044,0.062030632177686104,0,0.2822539374837371,0.2524271844660194
cars,1,quality,419,7060008710,0.070748887784105,0.062030632177686104,1,0.0888268173724403,0.2524271844660194
cars,1,quality,423,7060008710,0.0671620497069183,0.062030632177686104,1,0.24762282762231516,0.2524271844660194
cars,1,quality,445,7060008710,0.0323684436223574,0.062030632177686104,0,0.2113125192662742,0.2524271844660194
cars,1,quality,448,7060008710,0.0074437497360604,0.062030632177686104,0,0.17052497289293334,0.2524271844660194
cars,1,quality,451,7060008710,0.0844457777043778,0.062030632177686104,1,0.241774139980083,0.2524271844660194
cars,1,quality,469,7060008710,0.0122133948598889,0.062030632177686104,0,0.08869181086702133,0.2524271844660194
cars,1,quality,470,7060008710,0.0148375091210567,0.062030632177686104,0,0.22294637050483485,0.2524271844660194
cars,1,quality,488,7060008710,0.1068485735936065,0.062030632177686104,1,0.17789940722679146,0.2524271844660194
cars,1,quality,497,7060008710,0.0959212228585117,0.062030632177686104,1,0.2388853133941071,0.2524271844660194
cars,1,quality,502,7060008710,0.0768897575528199,0.062030632177686104,1,0.30242831453207253,0.2524271844660194
cars,1,quality,509,7060008710,0.1286672577742292,0.062030632177686104,1,0.2264491481752484,0.2524271844660194
cars,1,quality,517,7060008710,0.0289665383060959,0.062030632177686104,0,0.24238607473480028,0.2524271844660194
cars,1,quality,518,7060008710,0.0047766596503193,0.062030632177686104,0,0.1294261109602515,0.2524271844660194
cars,1,quality,531,7060008710,0.054296872498249,0.062030632177686104,0,0.22205350633124343,0.2524271844660194
cars,1,quality,536,7060008710,0.00833629737436,0.062030632177686104,0,0.2166348571406653,0.2524271844660194
cars,1,quality,541,7060008710,0.0307267947834394,0.062030632177686104,0,0.24762282762231516,0.2524271844660194
cars,1,quality,542,7060008710,0.0243209572598582,0.062030632177686104,0,0.2508961198145498,0.2524271844660194
cars,1,quality,549,7060008710,0.04353458867528,0.062030632177686104,0,0.17052497289293334,0.2524271844660194
cars,1,quality,567,7060008710,0.091537667904291,0.062030632177686104,1,0.23744981077442107,0.2524271844660194
cars,1,quality,574,7060008710,0.0515166191760526,0.062030632177686104,0,0.241774139980083,0.2524271844660194
cars,1,quality,575,7060008710,0.1069511322114142,0.062030632177686104,1,0.2432274466913332,0.2524271844660194
cars,1,quality,597,7060008710,0.0258524754079326,0.062030632177686104,0,0.24762282762231516,0.2524271844660194
cars,1,quality,601,7060008710,0.0506432326614044,0.062030632177686104,0,0.21798049433266484,0.2524271844660194
cars,1,combined,419,7060008710,0.070748887784105,0.062030632177686104,1,0.18768599565184924,0.2524271844660194
cars,1,combined,423,7060008710,0.0671620497069183,0.062030632177686104,1,0.17689557017849838,0.2524271844660194
cars,1,combined,445,7060008710,0.0323684436223574,0.062030632177686104,0,0.2196684867823759,0.2524271844660194
cars,1,combined,448,7060008710,0.0074437497360604,0.062030632177686104,0,0.34238536284535354,0.2524271844660194
cars,1,combined,451,7060008710,0.0844457777043778,0.062030632177686104,1,0.23685877233832767,0.2524271844660194
cars,1,combined,469,7060008710,0.0122133948598889,0.062030632177686104,0,0.1077004781630841,0.2524271844660194
cars,1,combined,470,7060008710,0.0148375091210567,0.062030632177686104,0,0.8967630822920062,0.2524271844660194
cars,1,combined,488,7060008710,0.1068485735936065,0.062030632177686104,1,0.16554775656076434,0.2524271844660194
cars,1,combined,497,7060008710,0.0959212228585117,0.062030632177686104,1,0.4478628404923275,0.2524271844660194
cars,1,combined,502,7060008710,0.0768897575528199,0.062030632177686104,1,0.15173813521843563,0.2524271844660194
cars,1,combined,509,7060008710,0.1286672577742292,0.062030632177686104,1,0.30543060352704754,0.2524271844660194
cars,1,combined,517,7060008710,0.0289665383060959,0.062030632177686104,0,0.18079676312797607,0.2524271844660194
cars,1,combined,518,7060008710,0.0047766596503193,0.062030632177686104,0,0.11395830499801023,0.2524271844660194
cars,1,combined,531,7060008710,0.054296872498249,0.062030632177686104,0,0.5029719759305095,0.2524271844660194
cars,1,combined,536,7060008710,0.00833629737436,0.062030632177686104,0,0.17010934477964376,0.2524271844660194
cars,1,combined,541,7060008710,0.0307267947834394,0.062030632177686104,0,0.29562189157092866,0.2524271844660194
cars,1,combined,542,7060008710,0.0243209572598582,0.062030632177686104,0,0.1236961491031022,0.2524271844660194
cars,1,combined,549,7060008710,0.04353458867528,0.062030632177686104,0,0.29580436145796174,0.2524271844660194
cars,1,combined,567,7060008710,0.091537667904291,0.062030632177686104,1,0.46874304748539275,0.2524271844660194
cars,1,combined,574,7060008710,0.0515166191760526,0.062030632177686104,0,0.3319843619580889,0.2524271844660194
cars,1,combined,575,7060008710,0.1069511322114142,0.062030632177686104,1,0.46554404220057316,0.2524271844660194
cars,1,combined,597,7060008710,0.0258524754079326,0.062030632177686104,0,0.540066984910135,0.2524271844660194
cars,1,combined,601,7060008710,0.0506432326614044,0.062030632177686104,0,0.2759337946625824,0.2524271844660194
cars,2,prevalence,1249,7060048410,0.3221176472756707,0.0664756954087518,1,0.24786324786324787,0.24786324786324787
cars,2,prevalence,132,7060013550,0.0684214858682877,0.0664756954087518,1,0.24786324786324787,0.24786324786324787
cars,2,prevalence,133,7060013550,0.0348511641656255,0.0664756954087518,0,0.24786324786324787,0.24786324786324787
cars,2,prevalence,148,7060013550,0.0476505069787121,0.0664756954087518,0,0.24786324786324787,0.24786324786324787
cars,2,prevalence,1776,7060043090,0.0329117489808246,0.0664756954087518,0,0.24786324786324787,0.24786324786324787
cars,2,prevalence,182,7060013550,0.0065949452585065,0.0664756954087518,0,0.24786324786324787,0.24786324786324787
cars,2,prevalence,191,7060013550,0.0851053897307446,0.0664756954087518,1,0.24786324786324787,0.24786324786324787
cars,2,prevalence,198,7060013550,0.0571246428295657,0.0664756954087518,0,0.24786324786324787,0.24786324786324787
cars,2,prevalence,204,7060013550,0.061777619374842,0.0664756954087518,0,0.24786324786324787,0.24786324786324787
cars,2,prevalence,595,7060013550,0.091867652077079,0.0664756954087518,1,0.24786324786324787,0.24786324786324787
cars,2,prevalence,600,7060013550,0.0026499535179001,0.0664756954087518,0,0.24786324786324787,0.24786324786324787
cars,2,prevalence,612,7060013550,0.0443152219440086,0.0664756954087518,0,0.24786324786324787,0.24786324786324787
cars,2,hydrology,1249,7060048410,0.3221176472756707,0.0664756954087518,1,0.779088277617504,0.24786324786324787
cars,2,hydrology,132,7060013550,0.0684214858682877,0.0664756954087518,1,0.14476860202688036,0.24786324786324787
cars,2,hydrology,133,7060013550,0.0348511641656255,0.0664756954087518,0,0.09476334620548488,0.24786324786324787
cars,2,hydrology,148,7060013550,0.0476505069787121,0.0664756954087518,0,0.16000437197502473,0.24786324786324787
cars,2,hydrology,1776,7060043090,0.0329117489808246,0.0664756954087518,0,0.08867370538257224,0.24786324786324787
cars,2,hydrology,182,7060013550,0.0065949452585065,0.0664756954087518,0,0.1361484640595368,0.24786324786324787
cars,2,hydrology,191,7060013550,0.0851053897307446,0.0664756954087518,1,0.32816453208336466,0.24786324786324787
cars,2,hydrology,198,7060013550,0.0571246428295657,0.0664756954087518,0,0.23759137397718236,0.24786324786324787
cars,2,hydrology,204,7060013550,0.061777619374842,0.0664756954087518,0,0.28727137394344465,0.24786324786324787
cars,2,hydrology,595,7060013550,0.091867652077079,0.0664756954087518,1,0.20715500865145706,0.24786324786324787
cars,2,hydrology,600,7060013550,0.0026499535179001,0.0664756954087518,0,0.23019556136244546,0.24786324786324787
cars,2,hydrology,612,7060013550,0.0443152219440086,0.0664756954087518,0,0.21953163467089343,0.24786324786324787
cars,2,quality,1249,7060048410,0.3221176472756707,0.0664756954087518,1,0.2442627332665009,0.24786324786324787
cars,2,quality,132,7060013550,0.0684214858682877,0.0664756954087518,1,0.26334891732013266,0.24786324786324787
cars,2,quality,133,7060013550,0.0348511641656255,0.0664756954087518,0,0.19799891768168873,0.24786324786324787
cars,2,quality,148,7060013550,0.0476505069787121,0.0664756954087518,0,0.36857602593565136,0.24786324786324787
cars,2,quality,1776,7060043090,0.0329117489808246,0.0664756954087518,0,0.24070797465767102,0.24786324786324787
cars,2,quality,182,7060013550,0.0065949452585065,0.0664756954087518,0,0.29892540096002695,0.24786324786324787
cars,2,quality,191,7060013550,0.0851053897307446,0.0664756954087518,1,0.26968978629895746,0.24786324786324787
cars,2,quality,198,7060013550,0.0571246428295657,0.0664756954087518,0,0.245829465401517,0.24786324786324787
cars,2,quality,204,7060013550,0.061777619374842,0.0664756954087518,0,0.16084288103074967,0.24786324786324787
cars,2,quality,595,7060013550,0.091867652077079,0.0664756954087518,1,0.2510549949609549,0.24786324786324787
cars,2,quality,600,7060013550,0.0026499535179001,0.0664756954087518,0,0.28850550663243396,0.24786324786324787
cars,2,quality,612,7060013550,0.0443152219440086,0.0664756954087518,0,0.31389547485382396,0.24786324786324787
cars,2,combined,1249,7060048410,0.3221176472756707,0.0664756954087518,1,0.7567615197750416,0.24786324786324787
cars,2,combined,132,7060013550,0.0684214858682877,0.0664756954087518,1,0.15230803979275737,0.24786324786324787
cars,2,combined,133,7060013550,0.0348511641656255,0.0664756954087518,0,0.060407784425803634,0.24786324786324787
cars,2,combined,148,7060013550,0.0476505069787121,0.0664756954087518,0,0.14927736093509844,0.24786324786324787
cars,2,combined,1776,7060043090,0.0329117489808246,0.0664756954087518,0,0.0883313202603013,0.24786324786324787
cars,2,combined,182,7060013550,0.0065949452585065,0.0664756954087518,0,0.14594529102299658,0.24786324786324787
cars,2,combined,191,7060013550,0.0851053897307446,0.0664756954087518,1,0.3480847933863068,0.24786324786324787
cars,2,combined,198,7060013550,0.0571246428295657,0.0664756954087518,0,0.24427478045986484,0.24786324786324787
cars,2,combined,204,7060013550,0.061777619374842,0.0664756954087518,0,0.16632897343291728,0.24786324786324787
cars,2,combined,595,7060013550,0.091867652077079,0.0664756954087518,1,0.22254793370085357,0.24786324786324787
cars,2,combined,600,7060013550,0.0026499535179001,0.0664756954087518,0,0.27705065768470755,0.24786324786324787
cars,2,combined,612,7060013550,0.0443152219440086,0.0664756954087518,0,0.26674645880335884,0.24786324786324787
cars,3,prevalence,1086,7060049270,0.1820411838165087,0.06689042543964968,1,0.25471698113207547,0.25471698113207547
cars,3,prevalence,131,7060014200,0.0213546002832377,0.06689042543964968,0,0.25471698113207547,0.25471698113207547
cars,3,prevalence,1761,7060042310,0.0598606859104436,0.06689042543964968,0,0.25471698113207547,0.25471698113207547
cars,3,prevalence,1879,7060043160,0.0092376773877372,0.06689042543964968,0,0.25471698113207547,0.25471698113207547
cars,3,prevalence,310,7060014930,0.0015387374063673,0.06689042543964968,0,0.25471698113207547,0.25471698113207547
cars,3,prevalence,316,7060014930,0.0172120985349057,0.06689042543964968,0,0.25471698113207547,0.25471698113207547
cars,3,prevalence,361,7060014930,0.0081355572403749,0.06689042543964968,0,0.25471698113207547,0.25471698113207547
cars,3,prevalence,372,7060014930,0.022410072783985,0.06689042543964968,0,0.25471698113207547,0.25471698113207547
cars,3,prevalence,384,7060014930,0.0211839755615713,0.06689042543964968,0,0.25471698113207547,0.25471698113207547
cars,3,prevalence,386,7060014930,0.0370418488873782,0.06689042543964968,0,0.25471698113207547,0.25471698113207547
cars,3,prevalence,391,7060014930,0.0261776202906093,0.06689042543964968,0,0.25471698113207547,0.25471698113207547
cars,3,prevalence,41,7060016090,0.0263648539649467,0.06689042543964968,0,0.25471698113207547,0.25471698113207547
cars,3,prevalence,413,7060014930,0.0110336505493118,0.06689042543964968,0,0.25471698113207547,0.25471698113207547
cars,3,prevalence,42,7060016090,0.0258717654049529,0.06689042543964968,0,0.25471698113207547,0.25471698113207547
cars,3,prevalence,55,7060014930,0.0116094150048562,0.06689042543964968,0,0.25471698113207547,0.25471698113207547
cars,3,prevalence,57,7060014930,0.052087911096976,0.06689042543964968,0,0.25471698113207547,0.25471698113207547
cars,3,prevalence,60,7060014930,0.0625290320418909,0.06689042543964968,0,0.25471698113207547,0.25471698113207547
cars,3,prevalence,63,7060014930,0.08999614446505,0.06689042543964968,1,0.25471698113207547,0.25471698113207547
cars,3,hydrology,1086,7060049270,0.1820411838165087,0.06689042543964968,1,0.7436500111674643,0.25471698113207547
cars,3,hydrology,131,7060014200,0.0213546002832377,0.06689042543964968,0,0.258283526034301,0.25471698113207547
cars,3,hydrology,1761,7060042310,0.0598606859104436,0.06689042543964968,0,0.13408496540552087,0.25471698113207547
cars,3,hydrology,1879,7060043160,0.0092376773877372,0.06689042543964968,0,0.6678943338723132,0.25471698113207547
cars,3,hydrology,310,7060014930,0.0015387374063673,0.06689042543964968,0,0.10659390134999733,0.25471698113207547
cars,3,hydrology,316,7060014930,0.0172120985349057,0.06689042543964968,0,0.20423337460968088,0.25471698113207547
cars,3,hydrology,361,7060014930,0.0081355572403749,0.06689042543964968,0,0.11693048241291894,0.25471698113207547
cars,3,hydrology,372,7060014930,0.022410072783985,0.06689042543964968,0,0.4009262882423465,0.25471698113207547
cars,3,hydrology,384,7060014930,0.0211839755615713,0.06689042543964968,0,0.31056437277433163,0.25471698113207547
cars,3,hydrology,386,7060014930,0.0370418488873782,0.06689042543964968,0,0.6251953826751485,0.25471698113207547
cars,3,hydrology,391,7060014930,0.0261776202906093,0.06689042543964968,0,0.1862965820377272,0.25471698113207547
cars,3,hydrology,41,7060016090,0.0263648539649467,0.06689042543964968,0,0.2636945872669709,0.25471698113207547
cars,3,hydrology,413,7060014930,0.0110336505493118,0.06689042543964968,0,0.10665120327811768,0.25471698113207547
cars,3,hydrology,42,7060016090,0.0258717654049529,0.06689042543964968,0,0.2651540632419874,0.25471698113207547
cars,3,hydrology,55,7060014930,0.0116094150048562,0.06689042543964968,0,0.27196283739436217,0.25471698113207547
cars,3,hydrology,57,7060014930,0.052087911096976,0.06689042543964968,0,0.3094594717871591,0.25471698113207547
cars,3,hydrology,60,7060014930,0.0625290320418909,0.06689042543964968,0,0.23516880513987623,0.25471698113207547
cars,3,hydrology,63,7060014930,0.08999614446505,0.06689042543964968,1,0.248949794154394,0.25471698113207547
cars,3,quality,1086,7060049270,0.1820411838165087,0.06689042543964968,1,0.2721569519076321,0.25471698113207547
cars,3,quality,131,7060014200,0.0213546002832377,0.06689042543964968,0,0.06887594330358264,0.25471698113207547
cars,3,quality,1761,7060042310,0.0598606859104436,0.06689042543964968,0,0.1192665479485298,0.25471698113207547
cars,3,quality,1879,7060043160,0.0092376773877372,0.06689042543964968,0,0.937089888657238,0.25471698113207547
cars,3,quality,310,7060014930,0.0015387374063673,0.06689042543964968,0,0.2721569519076321,0.25471698113207547
cars,3,quality,316,7060014930,0.0172120985349057,0.06689042543964968,0,0.2721569519076321,0.25471698113207547
cars,3,quality,361,7060014930,0.0081355572403749,0.06689042543964968,0,0.042719898422692186,0.25471698113207547
cars,3,quality,372,7060014930,0.022410072783985,0.06689042543964968,0,0.10570119676418402,0.25471698113207547
cars,3,quality,384,7060014930,0.0211839755615713,0.06689042543964968,0,0.23939292535314302,0.25471698113207547
cars,3,quality,386,7060014930,0.0370418488873782,0.06689042543964968,0,0.20349542222299402,0.25471698113207547
cars,3,quality,391,7060014930,0.0261776202906093,0.06689042543964968,0,0.24549210485903974,0.25471698113207547
cars,3,quality,41,7060016090,0.0263648539649467,0.06689042543964968,0,0.2721569519076321,0.25471698113207547
cars,3,quality,413,7060014930,0.0110336505493118,0.06689042543964968,0,0.2703977043501684,0.25471698113207547
cars,3,quality,42,7060016090,0.0258717654049529,0.06689042543964968,0,0.2721569519076321,0.25471698113207547
cars,3,quality,55,7060014930,0.0116094150048562,0.06689042543964968,0,0.2721569519076321,0.25471698113207547
cars,3,quality,57,7060014930,0.052087911096976,0.06689042543964968,0,0.2721569519076321,0.25471698113207547
cars,3,quality,60,7060014930,0.0625290320418909,0.06689042543964968,0,0.2721569519076321,0.25471698113207547
cars,3,quality,63,7060014930,0.08999614446505,0.06689042543964968,1,0.2721569519076321,0.25471698113207547
cars,3,combined,1086,7060049270,0.1820411838165087,0.06689042543964968,1,0.7327995116834385,0.25471698113207547
cars,3,combined,131,7060014200,0.0213546002832377,0.06689042543964968,0,0.05199239025092981,0.25471698113207547
cars,3,combined,1761,7060042310,0.0598606859104436,0.06689042543964968,0,0.0431505647868153,0.25471698113207547
cars,3,combined,1879,7060043160,0.0092376773877372,0.06689042543964968,0,0.8705249455722547,0.25471698113207547
cars,3,combined,310,7060014930,0.0015387374063673,0.06689042543964968,0,0.12115896466219794,0.25471698113207547
cars,3,combined,316,7060014930,0.0172120985349057,0.06689042543964968,0,0.23337095443596353,0.25471698113207547
cars,3,combined,361,7060014930,0.0081355572403749,0.06689042543964968,0,0.01503109760539669,0.25471698113207547
cars,3,combined,372,7060014930,0.022410072783985,0.06689042543964968,0,0.17698076397281823,0.25471698113207547
cars,3,combined,384,7060014930,0.0211839755615713,0.06689042543964968,0,0.3284802232939711,0.25471698113207547
cars,3,combined,386,7060014930,0.0370418488873782,0.06689042543964968,0,0.5589594106762312,0.25471698113207547
cars,3,combined,391,7060014930,0.0261776202906093,0.06689042543964968,0,0.20098808017836292,0.25471698113207547
cars,3,combined,41,7060016090,0.0263648539649467,0.06689042543964968,0,0.29077203805747365,0.25471698113207547
cars,3,combined,413,7060014930,0.0110336505493118,0.06689042543964968,0,0.11409654318211482,0.25471698113207547
cars,3,combined,42,7060016090,0.0258717654049529,0.06689042543964968,0,0.2798455770238775,0.25471698113207547
cars,3,combined,55,7060014930,0.0116094150048562,0.06689042543964968,0,0.3035138879847307,0.25471698113207547
cars,3,combined,57,7060014930,0.052087911096976,0.06689042543964968,0,0.31426369723956493,0.25471698113207547
cars,3,combined,60,7060014930,0.0625290320418909,0.06689042543964968,0,0.2714368107228246,0.25471698113207547
cars,3,combined,63,7060014930,0.08999614446505,0.06689042543964968,1,0.2585425440732803,0.25471698113207547
cars,4,prevalence,114,7060014340,0.1423952198296382,0.0664756954087518,1,0.24778761061946902,0.24778761061946902
cars,4,prevalence,1151,7060047970,0.1765282520609469,0.0664756954087518,1,0.24778761061946902,0.24778761061946902
cars,4,prevalence,1237,7060047970,0.110919898740719,0.0664756954087518,1,0.24778761061946902,0.24778761061946902
cars,4,prevalence,169,7060013560,0.1007664486111946,0.0664756954087518,1,0.24778761061946902,0.24778761061946902
cars,4,prevalence,1851,7060043500,0.0263666891067676,0.0664756954087518,0,0.24778761061946902,0.24778761061946902
cars,4,prevalence,1883,7060043640,0.0333217281416282,0.0664756954087518,0,0.24778761061946902,0.24778761061946902
cars,4,prevalence,292,7060022240,0.0279739892940323,0.0664756954087518,0,0.24778761061946902,0.24778761061946902
cars,4,prevalence,442,7060073620,0.0084157635440479,0.0664756954087518,0,0.24778761061946902,0.24778761061946902
cars,4,prevalence,449,7060073620,0.084829948817497,0.0664756954087518,1,0.24778761061946902,0.24778761061946902
cars,4,prevalence,456,7060073620,0.0432415202162436,0.0664756954087518,0,0.24778761061946902,0.24778761061946902
cars,4,prevalence,467,7060073620,0.0597743917785139,0.0664756954087518,0,0.24778761061946902,0.24778761061946902
cars,4,prevalence,477,7060073620,0.0508638347022938,0.0664756954087518,0,0.24778761061946902,0.24778761061946902
cars,4,prevalence,7308,7060043500,0.0292175951242713,0.0664756954087518,0,0.24778761061946902,0.24778761061946902
cars,4,hydrology,114,7060014340,0.1423952198296382,0.0664756954087518,1,0.43265192382784334,0.24778761061946902
cars,4,hydrology,1151,7060047970,0.1765282520609469,0.0664756954087518,1,0.2261967518704272,0.24778761061946902
cars,4,hydrology,1237,7060047970,0.110919898740719,0.0664756954087518,1,0.303478233954797,0.24778761061946902
cars,4,hydrology,169,7060013560,0.1007664486111946,0.0664756954087518,1,0.3887935308757176,0.24778761061946902
cars,4,hydrology,1851,7060043500,0.0263666891067676,0.0664756954087518,0,0.12954498398464445,0.24778761061946902
cars,4,hydrology,1883,7060043640,0.0333217281416282,0.0664756954087518,0,0.13677750988198503,0.24778761061946902
cars,4,hydrology,292,7060022240,0.0279739892940323,0.0664756954087518,0,0.4090992691573498,0.24778761061946902
cars,4,hydrology,442,7060073620,0.0084157635440479,0.0664756954087518,0,0.2458737902410274,0.24778761061946902
cars,4,hydrology,449,7060073620,0.084829948817497,0.0664756954087518,1,0.5159087914730272,0.24778761061946902
cars,4,hydrology,456,7060073620,0.0432415202162436,0.0664756954087518,0,0.23207268633474099,0.24778761061946902
cars,4,hydrology,467,7060073620,0.0597743917785139,0.0664756954087518,0,0.37573968298876226,0.24778761061946902
cars,4,hydrology,477,7060073620,0.0508638347022938,0.0664756954087518,0,0.24132721858861764,0.24778761061946902
cars,4,hydrology,7308,7060043500,0.0292175951242713,0.0664756954087518,0,0.14317652101055692,0.24778761061946902
cars,4,quality,114,7060014340,0.1423952198296382,0.0664756954087518,1,0.22855786499371686,0.24778761061946902
cars,4,quality,1151,7060047970,0.1765282520609469,0.0664756954087518,1,0.2385975139136571,0.24778761061946902
cars,4,quality,1237,7060047970,0.110919898740719,0.0664756954087518,1,0.2385975139136571,0.24778761061946902
cars,4,quality,169,7060013560,0.1007664486111946,0.0664756954087518,1,0.29649874132449283,0.24778761061946902
cars,4,quality,1851,7060043500,0.0263666891067676,0.0664756954087518,0,0.1507746797015951,0.24778761061946902
cars,4,quality,1883,7060043640,0.0333217281416282,0.0664756954087518,0,0.2520595875044883,0.24778761061946902
cars,4,quality,292,7060022240,0.0279739892940323,0.0664756954087518,0,0.22416649669939145,0.24778761061946902
cars,4,quality,442,7060073620,0.0084157635440479,0.0664756954087518,0,0.15122708390539932,0.24778761061946902
cars,4,quality,449,7060073620,0.084829948817497,0.0664756954087518,1,0.21390590275598215,0.24778761061946902
cars,4,quality,456,7060073620,0.0432415202162436,0.0664756954087518,0,0.29764122098601675,0.24778761061946902
cars,4,quality,467,7060073620,0.0597743917785139,0.0664756954087518,0,0.22478082696842872,0.24778761061946902
cars,4,quality,477,7060073620,0.0508638347022938,0.0664756954087518,0,0.37284761144215006,0.24778761061946902
cars,4,quality,7308,7060043500,0.0292175951242713,0.0664756954087518,0,0.17631646037392804,0.24778761061946902
cars,4,combined,114,7060014340,0.1423952198296382,0.0664756954087518,1,0.3943470859554813,0.24778761061946902
cars,4,combined,1151,7060047970,0.1765282520609469,0.0664756954087518,1,0.2177934668255329,0.24778761061946902
cars,4,combined,1237,7060047970,0.110919898740719,0.0664756954087518,1,0.2970353355235475,0.24778761061946902
cars,4,combined,169,7060013560,0.1007664486111946,0.0664756954087518,1,0.4650119750135718,0.24778761061946902
cars,4,combined,1851,7060043500,0.0263666891067676,0.0664756954087518,0,0.05371309689107318,0.24778761061946902
cars,4,combined,1883,7060043640,0.0333217281416282,0.0664756954087518,0,0.14406375739086066,0.24778761061946902
cars,4,combined,292,7060022240,0.0279739892940323,0.0664756954087518,0,0.3911336019450932,0.24778761061946902
cars,4,combined,442,7060073620,0.0084157635440479,0.0664756954087518,0,0.11975020145950384,0.24778761061946902
cars,4,combined,449,7060073620,0.084829948817497,0.0664756954087518,1,0.45753211447778125,0.24778761061946902
cars,4,combined,456,7060073620,0.0432415202162436,0.0664756954087518,0,0.28638031625306104,0.24778761061946902
cars,4,combined,467,7060073620,0.0597743917785139,0.0664756954087518,0,0.38112232429441484,0.24778761061946902
cars,4,combined,477,7060073620,0.0508638347022938,0.0664756954087518,0,0.36720465736536606,0.24778761061946902
cars,4,combined,7308,7060043500,0.0292175951242713,0.0664756954087518,0,0.07970929556187582,0.24778761061946902
raw,0,prevalence,1017,7060047060,0.0661806908410731,0.08100310732052296,0,0.2647058823529412,0.2647058823529412
raw,0,prevalence,1026,7060047060,0.0129395938241423,0.08100310732052296,0,0.2647058823529412,0.2647058823529412
raw,0,prevalence,1033,7060047060,0.0099127833868429,0.08100310732052296,0,0.2647058823529412,0.2647058823529412
raw,0,prevalence,1036,7060047060,0.0066655470329326,0.08100310732052296,0,0.2647058823529412,0.2647058823529412
raw,0,prevalence,1042,7060047060,0.0576208742948567,0.08100310732052296,0,0.2647058823529412,0.2647058823529412
raw,0,prevalence,1067,7060047060,0.0660903282216471,0.08100310732052296,0,0.2647058823529412,0.2647058823529412
raw,0,prevalence,1092,7060047060,0.0797481143388978,0.08100310732052296,0,0.2647058823529412,0.2647058823529412
raw,0,prevalence,1101,7060047060,0.1155668364797469,0.08100310732052296,1,0.2647058823529412,0.2647058823529412
raw,0,prevalence,1112,7060047060,0.1163806744895136,0.08100310732052296,1,0.2647058823529412,0.2647058823529412
raw,0,prevalence,1121,7060047060,0.0702270583911843,0.08100310732052296,0,0.2647058823529412,0.2647058823529412
raw,0,prevalence,1122,7060047060,0.063356139903612,0.08100310732052296,0,0.2647058823529412,0.2647058823529412
raw,0,prevalence,1125,7060047060,0.0702270583911843,0.08100310732052296,0,0.2647058823529412,0.2647058823529412
raw,0,prevalence,1127,7060047060,0.0819662681291494,0.08100310732052296,1,0.2647058823529412,0.2647058823529412
raw,0,prevalence,1192,7060047060,0.0411899853041451,0.08100310732052296,0,0.2647058823529412,0.2647058823529412
raw,0,prevalence,1586,7060047060,0.026020247285684,0.08100310732052296,0,0.2647058823529412,0.2647058823529412
raw,0,prevalence,1587,7060047060,0.004616761578994,0.08100310732052296,0,0.2647058823529412,0.2647058823529412
raw,0,prevalence,1592,7060047060,0.1240502134703719,0.08100310732052296,1,0.2647058823529412,0.2647058823529412
raw,0,prevalence,1595,7060047060,0.0679081385078783,0.08100310732052296,0,0.2647058823529412,0.2647058823529412
raw,0,prevalence,1600,7060047060,0.0220011823998568,0.08100310732052296,0,0.2647058823529412,0.2647058823529412
raw,0,prevalence,1617,7060047060,0.0477657972396746,0.08100310732052296,0,0.2647058823529412,0.2647058823529412
raw,0,prevalence,1619,7060047060,0.0911691275179692,0.08100310732052296,1,0.2647058823529412,0.2647058823529412
raw,0,prevalence,1620,7060047060,0.0212902851285782,0.08100310732052296,0,0.2647058823529412,0.2647058823529412
raw,0,prevalence,1631,7060047060,0.0724517963112369,0.08100310732052296,0,0.2647058823529412,0.2647058823529412
raw,0,prevalence,1634,7060047060,0.0315927631408664,0.08100310732052296,0,0.2647058823529412,0.2647058823529412
raw,0,prevalence,1636,7060047060,0.1089214739264765,0.08100310732052296,1,0.2647058823529412,0.2647058823529412
raw,0,prevalence,1645,7060047060,0.0335295985633531,0.08100310732052296,0,0.2647058823529412,0.2647058823529412
raw,0,prevalence,1650,7060047060,0.1076187118628826,0.08100310732052296,1,0.2647058823529412,0.2647058823529412
raw,0,prevalence,1654,7060047060,0.0102103888403878,0.08100310732052296,0,0.2647058823529412,0.2647058823529412
raw,0,prevalence,1655,7060047060,0.0005167570856323,0.08100310732052296,0,0.2647058823529412,0.2647058823529412
raw,0,prevalence,1656,7060047060,0.0432281164274903,0.08100310732052296,0,0.2647058823529412,0.2647058823529412
raw,0,prevalence,1683,7060047060,0.0608106665043702,0.08100310732052296,0,0.2647058823529412,0.2647058823529412
raw,0,prevalence,1691,7060047060,0.0528997744167713,0.08100310732052296,0,0.2647058823529412,0.2647058823529412
raw,0,prevalence,1699,7060047060,0.0085303971880998,0.08100310732052296,0,0.2647058823529412,0.2647058823529412
raw,0,prevalence,1703,7060047060,0.1160380332292541,0.08100310732052296,1,0.2647058823529412,0.2647058823529412
raw,0,prevalence,1706,7060047060,0.0063036137219683,0.08100310732052296,0,0.2647058823529412,0.2647058823529412
raw,0,prevalence,1707,7060047060,0.0388500034029228,0.08100310732052296,0,0.2647058823529412,0.2647058823529412
raw,0,prevalence,1709,7060047060,0.0232219782667713,0.08100310732052296,0,0.2647058823529412,0.2647058823529412
raw,0,prevalence,1712,7060047060,0.0213803258478193,0.08100310732052296,0,0.2647058823529412,0.2647058823529412
raw,0,prevalence,1713,7060047060,0.0782013557274151,0.08100310732052296,0,0.2647058823529412,0.2647058823529412
raw,0,prevalence,1714,7060047060,0.062423283878192,0.08100310732052296,0,0.2647058823529412,0.2647058823529412
raw,0,prevalence,1718,7060047060,0.0398605373403212,0.08100310732052296,0,0.2647058823529412,0.2647058823529412
raw,0,prevalence,1723,7060047060,0.0118988717878833,0.08100310732052296,0,0.2647058823529412,0.2647058823529412
raw,0,prevalence,1726,7060047060,0.0195922661451829,0.08100310732052296,0,0.2647058823529412,0.2647058823529412
raw,0,prevalence,1735,7060047060,0.0104301162304321,0.08100310732052296,0,0.2647058823529412,0.2647058823529412
raw,0,prevalence,1739,7060047060,0.0082424188599535,0.08100310732052296,0,0.2647058823529412,0.2647058823529412
raw,0,prevalence,1740,7060047060,0.0315927631408664,0.08100310732052296,0,0.2647058823529412,0.2647058823529412
raw,0,prevalence,1741,7060047060,0.0507253768413835,0.08100310732052296,0,0.2647058823529412,0.2647058823529412
raw,0,prevalence,1742,7060047060,5.7310515262490314e-05,0.08100310732052296,0,0.2647058823529412,0.2647058823529412
raw,0,prevalence,1744,7060047060,0.0254398230019253,0.08100310732052296,0,0.2647058823529412,0.2647058823529412
raw,0,prevalence,1752,7060047060,0.0114482350067689,0.08100310732052296,0,0.2647058823529412,0.2647058823529412
raw,0,prevalence,1753,7060047060,0.0926157348421968,0.08100310732052296,1,0.2647058823529412,0.2647058823529412
raw,0,prevalence,1755,7060047060,0.0886615293057631,0.08100310732052296,1,0.2647058823529412,0.2647058823529412
raw,0,prevalence,1768,7060047060,0.0069266720307528,0.08100310732052296,0,0.2647058823529412,0.2647058823529412
raw,0,prevalence,1777,7060047060,0.0093876593386526,0.08100310732052296,0,0.2647058823529412,0.2647058823529412
raw,0,prevalence,1848,7060047060,0.0027068736991273,0.08100310732052296,0,0.2647058823529412,0.2647058823529412
raw,0,prevalence,1864,7060047060,0.0216404082550137,0.08100310732052296,0,0.2647058823529412,0.2647058823529412
raw,0,prevalence,1869,7060047060,0.0327611145334567,0.08100310732052296,0,0.2647058823529412,0.2647058823529412
raw,0,prevalence,307,7060047060,0.0176008418921111,0.08100310732052296,0,0.2647058823529412,0.2647058823529412
raw,0,prevalence,319,7060047060,0.015770863968425,0.08100310732052296,0,0.2647058823529412,0.2647058823529412
raw,0,prevalence,355,7060047060,0.0277497082374382,0.08100310732052296,0,0.2647058823529412,0.2647058823529412
raw,0,prevalence,362,7060047060,0.2980098587408727,0.08100310732052296,1,0.2647058823529412,0.2647058823529412
raw,0,prevalence,364,7060047060,0.0239510591334607,0.08100310732052296,0,0.2647058823529412,0.2647058823529412
raw,0,prevalence,368,7060047060,0.0179687718347156,0.08100310732052296,0,0.2647058823529412,0.2647058823529412
raw,0,prevalence,373,7060047060,0.0951235823515067,0.08100310732052296,1,0.2647058823529412,0.2647058823529412
raw,0,prevalence,393,7060047060,0.0076034952663138,0.08100310732052296,0,0.2647058823529412,0.2647058823529412
raw,0,prevalence,398,7060047060,0.0312605809770644,0.08100310732052296,0,0.2647058823529412,0.2647058823529412
raw,0,prevalence,415,7060047060,0.0011163973406731,0.08100310732052296,0,0.2647058823529412,0.2647058823529412
raw,0,prevalence,416,7060047060,0.0315074905556201,0.08100310732052296,0,0.2647058823529412,0.2647058823529412
raw,0,prevalence,421,7060047060,0.1485760513867321,0.08100310732052296,1,0.2647058823529412,0.2647058823529412
raw,0,prevalence,500,7060047060,0.0300792034029255,0.08100310732052296,0,0.2647058823529412,0.2647058823529412
raw,0,prevalence,505,7060047060,0.0250795403929746,0.08100310732052296,0,0.2647058823529412,0.2647058823529412
raw,0,prevalence,511,7060047060,0.0312211201464531,0.08100310732052296,0,0.2647058823529412,0.2647058823529412
raw,0,prevalence,522,7060047060,0.0475959729474947,0.08100310732052296,0,0.2647058823529412,0.2647058823529412
raw,0,prevalence,530,7060047060,0.0273604206793223,0.08100310732052296,0,0.2647058823529412,0.2647058823529412
raw,0,prevalence,533,7060047060,0.0097018783796665,0.08100310732052296,0,0.2647058823529412,0.2647058823529412
raw,0,prevalence,7313,7060047060,0.0175736825793128,0.08100310732052296,0,0.2647058823529412,0.2647058823529412
raw,0,prevalence,7318,7060047060,0.002379618619958,0.08100310732052296,0,0.2647058823529412,0.2647058823529412
raw,0,prevalence,753,7060047060,0.0921182914550661,0.08100310732052296,1,0.2647058823529412,0.2647058823529412
raw,0,prevalence,870,7060047060,0.1379841663054596,0.08100310732052296,1,0.2647058823529412,0.2647058823529412
raw,0,prevalence,882,7060047060,0.0484413551287019,0.08100310732052296,0,0.2647058823529412,0.2647058823529412
raw,0,prevalence,884,7060047060,0.0066596591493417,0.08100310732052296,0,0.2647058823529412,0.2647058823529412
raw,0,prevalence,885,7060047060,0.1146845360889325,0.08100310732052296,1,0.2647058823529412,0.2647058823529412
raw,0,prevalence,895,7060047060,0.0062403033884172,0.08100310732052296,0,0.2647058823529412,0.2647058823529412
raw,0,prevalence,898,7060047060,0.2984828163363874,0.08100310732052296,1,0.2647058823529412,0.2647058823529412
raw,0,prevalence,920,7060047060,0.0369079523869115,0.08100310732052296,0,0.2647058823529412,0.2647058823529412
raw,0,prevalence,931,7060047060,0.2932798681465973,0.08100310732052296,1,0.2647058823529412,0.2647058823529412
raw,0,prevalence,938,7060047060,0.4289313266518157,0.08100310732052296,1,0.2647058823529412,0.2647058823529412
raw,0,hydrology,1017,7060047060,0.0661806908410731,0.08100310732052296,0,0.19531115351229406,0.2647058823529412
raw,0,hydrology,1026,7060047060,0.0129395938241423,0.08100310732052296,0,0.12312877479270873,0.2647058823529412
raw,0,hydrology,1033,7060047060,0.0099127833868429,0.08100310732052296,0,0.10088672747161445,0.2647058823529412
raw,0,hydrology,1036,7060047060,0.0066655470329326,0.08100310732052296,0,0.18739724550303868,0.2647058823529412
raw,0,hydrology,1042,7060047060,0.0576208742948567,0.08100310732052296,0,0.16785479106499396,0.2647058823529412
raw,0,hydrology,1067,7060047060,0.0660903282216471,0.08100310732052296,0,0.051878454817190035,0.2647058823529412
raw,0,hydrology,1092,7060047060,0.0797481143388978,0.08100310732052296,0,0.07974044070558473,0.2647058823529412
raw,0,hydrology,1101,7060047060,0.1155668364797469,0.08100310732052296,1,0.17354255280900463,0.2647058823529412
raw,0,hydrology,1112,7060047060,0.1163806744895136,0.08100310732052296,1,0.14221108719141365,0.2647058823529412
raw,0,hydrology,1121,7060047060,0.0702270583911843,0.08100310732052296,0,0.05418409222712014,0.2647058823529412
raw,0,hydrology,1122,7060047060,0.063356139903612,0.08100310732052296,0,0.08059900346807482,0.2647058823529412
raw,0,hydrology,1125,7060047060,0.0702270583911843,0.08100310732052296,0,0.05418409222712014,0.2647058823529412
raw,0,hydrology,1127,7060047060,0.0819662681291494,0.08100310732052296,1,0.07016454217830763,0.2647058823529412
raw,0,hydrology,1192,7060047060,0.0411899853041451,0.08100310732052296,0,0.20787046416791766,0.2647058823529412
raw,0,hydrology,1586,7060047060,0.026020247285684,0.08100310732052296,0,0.19790865727229068,0.2647058823529412
raw,0,hydrology,1587,7060047060,0.004616761578994,0.08100310732052296,0,0.10013032070440463,0.2647058823529412
raw,0,hydrology,1592,7060047060,0.1240502134703719,0.08100310732052296,1,0.09374107745340075,0.2647058823529412
raw,0,hydrology,1595,7060047060,0.0679081385078783,0.08100310732052296,0,0.252282910587482,0.2647058823529412
raw,0,hydrology,1600,7060047060,0.0220011823998568,0.08100310732052296,0,0.15061367961476224,0.2647058823529412
raw,0,hydrology,1617,7060047060,0.0477657972396746,0.08100310732052296,0,0.1279794982818989,0.2647058823529412
raw,0,hydrology,1619,7060047060,0.0911691275179692,0.08100310732052296,1,0.15847689661593112,0.2647058823529412
raw,0,hydrology,1620,7060047060,0.0212902851285782,0.08100310732052296,0,0.21637610827929557,0.2647058823529412
raw,0,hydrology,1631,7060047060,0.0724517963112369,0.08100310732052296,0,0.20806336874438502,0.2647058823529412
raw,0,hydrology,1634,7060047060,0.0315927631408664,0.08100310732052296,0,0.20940928507613063,0.2647058823529412
raw,0,hydrology,1636,7060047060,0.1089214739264765,0.08100310732052296,1,0.09640712824014558,0.2647058823529412
raw,0,hydrology,1645,7060047060,0.0335295985633531,0.08100310732052296,0,0.08843034033325525,0.2647058823529412
raw,0,hydrology,1650,7060047060,0.1076187118628826,0.08100310732052296,1,0.1137026458131936,0.2647058823529412
raw,0,hydrology,1654,7060047060,0.0102103888403878,0.08100310732052296,0,0.05686678496194702,0.2647058823529412
raw,0,hydrology,1655,7060047060,0.0005167570856323,0.08100310732052296,0,0.08046727505806142,0.2647058823529412
raw,0,hydrology,1656,7060047060,0.0432281164274903,0.08100310732052296,0,0.20298220323632163,0.2647058823529412
raw,0,hydrology,1683,7060047060,0.0608106665043702,0.08100310732052296,0,0.049432586604149314,0.2647058823529412
raw,0,hydrology,1691,7060047060,0.0528997744167713,0.08100310732052296,0,0.16100538017907753,0.2647058823529412
raw,0,hydrology,1699,7060047060,0.0085303971880998,0.08100310732052296,0,0.2214859298390626,0.2647058823529412
raw,0,hydrology,1703,7060047060,0.1160380332292541,0.08100310732052296,1,0.08375460299978518,0.2647058823529412
raw,0,hydrology,1706,7060047060,0.0063036137219683,0.08100310732052296,0,0.19309673218350115,0.2647058823529412
raw,0,hydrology,1707,7060047060,0.0388500034029228,0.08100310732052296,0,0.060367811481277345,0.2647058823529412
raw,0,hydrology,1709,7060047060,0.0232219782667713,0.08100310732052296,0,0.20876130686415897,0.2647058823529412
raw,0,hydrology,1712,7060047060,0.0213803258478193,0.08100310732052296,0,0.14446725112111256,0.2647058823529412
raw,0,hydrology,1713,7060047060,0.0782013557274151,0.08100310732052296,0,0.12396374304558344,0.2647058823529412
raw,0,hydrology,1714,7060047060,0.062423283878192,0.08100310732052296,0,0.16000492333306002,0.2647058823529412
raw,0,hydrology,1718,7060047060,0.0398605373403212,0.08100310732052296,0,0.05233935955203064,0.2647058823529412
raw,0,hydrology,1723,7060047060,0.0118988717878833,0.08100310732052296,0,0.1621230230906851,0.2647058823529412
raw,0,hydrology,1726,7060047060,0.0195922661451829,0.08100310732052296,0,0.15062511250083413,0.2647058823529412
raw,0,hydrology,1735,7060047060,0.0104301162304321,0.08100310732052296,0,0.1987460500423963,0.2647058823529412
raw,0,hydrology,1739,7060047060,0.0082424188599535,0.08100310732052296,0,0.12922362631080953,0.2647058823529412
raw,0,hydrology,1740,7060047060,0.0315927631408664,0.08100310732052296,0,0.20940928507613063,0.2647058823529412
raw,0,hydrology,1741,7060047060,0.0507253768413835,0.08100310732052296,0,0.13695771220093678,0.2647058823529412
raw,0,hydrology,1742,7060047060,5.7310515262490314e-05,0.08100310732052296,0,0.1975671668841993,0.2647058823529412
raw,0,hydrology,1744,7060047060,0.0254398230019253,0.08100310732052296,0,0.08964676188598764,0.2647058823529412
raw,0,hydrology,1752,7060047060,0.0114482350067689,0.08100310732052296,0,0.24567650802811383,0.2647058823529412
raw,0,hydrology,1753,7060047060,0.0926157348421968,0.08100310732052296,1,0.1626446561867405,0.2647058823529412
raw,0,hydrology,1755,7060047060,0.0886615293057631,0.08100310732052296,1,0.0984026891904709,0.2647058823529412
raw,0,hydrology,1768,7060047060,0.0069266720307528,0.08100310732052296,0,0.24361163048255557,0.2647058823529412
raw,0,hydrology,1777,7060047060,0.0093876593386526,0.08100310732052296,0,0.07742109772382769,0.2647058823529412
raw,0,hydrology,1848,7060047060,0.0027068736991273,0.08100310732052296,0,0.092706795674151,0.2647058823529412
raw,0,hydrology,1864,7060047060,0.0216404082550137,0.08100310732052296,0,0.15677922953677473,0.2647058823529412
raw,0,hydrology,1869,7060047060,0.0327611145334567,0.08100310732052296,0,0.0249830326664225,0.2647058823529412
raw,0,hydrology,307,7060047060,0.0176008418921111,0.08100310732052296,0,0.21151679301385204,0.2647058823529412
raw,0,hydrology,319,7060047060,0.015770863968425,0.08100310732052296,0,0.3358332666488625,0.2647058823529412
raw,0,hydrology,355,7060047060,0.0277497082374382,0.08100310732052296,0,0.19430431584575777,0.2647058823529412
raw,0,hydrology,362,7060047060,0.2980098587408727,0.08100310732052296,1,0.19188421195671096,0.2647058823529412
raw,0,hydrology,364,7060047060,0.0239510591334607,0.08100310732052296,0,0.2526094840332457,0.2647058823529412
raw,0,hydrology,368,7060047060,0.0179687718347156,0.08100310732052296,0,0.14225736457655377,0.2647058823529412
raw,0,hydrology,373,7060047060,0.0951235823515067,0.08100310732052296,1,0.13225739041750303,0.2647058823529412
raw,0,hydrology,393,7060047060,0.0076034952663138,0.08100310732052296,0,0.24307436217489573,0.2647058823529412
raw,0,hydrology,398,7060047060,0.0312605809770644,0.08100310732052296,0,0.2739354852709865,0.2647058823529412
raw,0,hydrology,415,7060047060,0.0011163973406731,0.08100310732052296,0,0.2815506406267426,0.2647058823529412
raw,0,hydrology,416,7060047060,0.0315074905556201,0.08100310732052296,0,0.1422314529974412,0.2647058823529412
raw,0,hydrology,421,7060047060,0.1485760513867321,0.08100310732052296,1,0.1885006781085156,0.2647058823529412
raw,0,hydrology,500,7060047060,0.0300792034029255,0.08100310732052296,0,0.24396088733574656,0.2647058823529412
raw,0,hydrology,505,7060047060,0.0250795403929746,0.08100310732052296,0,0.25812519943406076,0.2647058823529412
raw,0,hydrology,511,7060047060,0.0312211201464531,0.08100310732052296,0,0.21895613188484525,0.2647058823529412
raw,0,hydrology,522,7060047060,0.0475959729474947,0.08100310732052296,0,0.30150153443188293,0.2647058823529412
raw,0,hydrology,530,7060047060,0.0273604206793223,0.08100310732052296,0,0.2698129994679585,0.2647058823529412
raw,0,hydrology,533,7060047060,0.0097018783796665,0.08100310732052296,0,0.2981326503330496,0.2647058823529412
raw,0,hydrology,7313,7060047060,0.0175736825793128,0.08100310732052296,0,0.25599987089563125,0.2647058823529412
raw,0,hydrology,7318,7060047060,0.002379618619958,0.08100310732052296,0,0.23909885456792734,0.2647058823529412
raw,0,hydrology,753,7060047060,0.0921182914550661,0.08100310732052296,1,0.16603343786126865,0.2647058823529412
raw,0,hydrology,870,7060047060,0.1379841663054596,0.08100310732052296,1,0.12949189297884056,0.2647058823529412
raw,0,hydrology,882,7060047060,0.0484413551287019,0.08100310732052296,0,0.1915124978499261,0.2647058823529412
raw,0,hydrology,884,7060047060,0.0066596591493417,0.08100310732052296,0,0.24979311856702766,0.2647058823529412
raw,0,hydrology,885,7060047060,0.1146845360889325,0.08100310732052296,1,0.15003995141470972,0.2647058823529412
raw,0,hydrology,895,7060047060,0.0062403033884172,0.08100310732052296,0,0.2591629839210001,0.2647058823529412
raw,0,hydrology,898,7060047060,0.2984828163363874,0.08100310732052296,1,0.15256703827952495,0.2647058823529412
raw,0,hydrology,920,7060047060,0.0369079523869115,0.08100310732052296,0,0.2820860711765929,0.2647058823529412
raw,0,hydrology,931,7060047060,0.2932798681465973,0.08100310732052296,1,0.11777631935100023,0.2647058823529412
raw,0,hydrology,938,7060047060,0.4289313266518157,0.08100310732052296,1,0.04347053798365346,0.2647058823529412
raw,0,quality,1017,7060047060,0.0661806908410731,0.08100310732052296,0,0.26152451329062015,0.2647058823529412
raw,0,quality,1026,7060047060,0.0129395938241423,0.08100310732052296,0,0.26152451329062015,0.2647058823529412
raw,0,quality,1033,7060047060,0.0099127833868429,0.08100310732052296,0,0.26152451329062015,0.2647058823529412
raw,0,quality,1036,7060047060,0.0066655470329326,0.08100310732052296,0,0.26152451329062015,0.2647058823529412
raw,0,quality,1042,7060047060,0.0576208742948567,0.08100310732052296,0,0.26152451329062015,0.2647058823529412
raw,0,quality,1067,7060047060,0.0660903282216471,0.08100310732052296,0,0.26152451329062015,0.2647058823529412
raw,0,quality,1092,7060047060,0.0797481143388978,0.08100310732052296,0,0.26152451329062015,0.2647058823529412
raw,0,quality,1101,7060047060,0.1155668364797469,0.08100310732052296,1,0.26152451329062015,0.2647058823529412
raw,0,quality,1112,7060047060,0.1163806744895136,0.08100310732052296,1,0.26152451329062015,0.2647058823529412
raw,0,quality,1121,7060047060,0.0702270583911843,0.08100310732052296,0,0.26152451329062015,0.2647058823529412
raw,0,quality,1122,7060047060,0.063356139903612,0.08100310732052296,0,0.26152451329062015,0.2647058823529412
raw,0,quality,1125,7060047060,0.0702270583911843,0.08100310732052296,0,0.26152451329062015,0.2647058823529412
raw,0,quality,1127,7060047060,0.0819662681291494,0.08100310732052296,1,0.26152451329062015,0.2647058823529412
raw,0,quality,1192,7060047060,0.0411899853041451,0.08100310732052296,0,0.26152451329062015,0.2647058823529412
raw,0,quality,1586,7060047060,0.026020247285684,0.08100310732052296,0,0.26152451329062015,0.2647058823529412
raw,0,quality,1587,7060047060,0.004616761578994,0.08100310732052296,0,0.26152451329062015,0.2647058823529412
raw,0,quality,1592,7060047060,0.1240502134703719,0.08100310732052296,1,0.26152451329062015,0.2647058823529412
raw,0,quality,1595,7060047060,0.0679081385078783,0.08100310732052296,0,0.26702640658231336,0.2647058823529412
raw,0,quality,1600,7060047060,0.0220011823998568,0.08100310732052296,0,0.2628930994666399,0.2647058823529412
raw,0,quality,1617,7060047060,0.0477657972396746,0.08100310732052296,0,0.26702640658231336,0.2647058823529412
raw,0,quality,1619,7060047060,0.0911691275179692,0.08100310732052296,1,0.2628930994666399,0.2647058823529412
raw,0,quality,1620,7060047060,0.0212902851285782,0.08100310732052296,0,0.26797147854672243,0.2647058823529412
raw,0,quality,1631,7060047060,0.0724517963112369,0.08100310732052296,0,0.2639745820298093,0.2647058823529412
raw,0,quality,1634,7060047060,0.0315927631408664,0.08100310732052296,0,0.26152451329062015,0.2647058823529412
raw,0,quality,1636,7060047060,0.1089214739264765,0.08100310732052296,1,0.2628930994666399,0.2647058823529412
raw,0,quality,1645,7060047060,0.0335295985633531,0.08100310732052296,0,0.26152451329062015,0.2647058823529412
raw,0,quality,1650,7060047060,0.1076187118628826,0.08100310732052296,1,0.2599334542829003,0.2647058823529412
raw,0,quality,1654,7060047060,0.0102103888403878,0.08100310732052296,0,0.26152451329062015,0.2647058823529412
raw,0,quality,1655,7060047060,0.0005167570856323,0.08100310732052296,0,0.26152451329062015,0.2647058823529412
raw,0,quality,1656,7060047060,0.0432281164274903,0.08100310732052296,0,0.26152451329062015,0.2647058823529412
raw,0,quality,1683,7060047060,0.0608106665043702,0.08100310732052296,0,0.26152451329062015,0.2647058823529412
raw,0,quality,1691,7060047060,0.0528997744167713,0.08100310732052296,0,0.2627477096373337,0.2647058823529412
raw,0,quality,1699,7060047060,0.0085303971880998,0.08100310732052296,0,0.2627477096373337,0.2647058823529412
raw,0,quality,1703,7060047060,0.1160380332292541,0.08100310732052296,1,0.26152451329062015,0.2647058823529412
raw,0,quality,1706,7060047060,0.0063036137219683,0.08100310732052296,0,0.2698047848399464,0.2647058823529412
raw,0,quality,1707,7060047060,0.0388500034029228,0.08100310732052296,0,0.2628930994666399,0.2647058823529412
raw,0,quality,1709,7060047060,0.0232219782667713,0.08100310732052296,0,0.26137961195007486,0.2647058823529412
raw,0,quality,1712,7060047060,0.0213803258478193,0.08100310732052296,0,0.26549769435222187,0.2647058823529412
raw,0,quality,1713,7060047060,0.0782013557274151,0.08100310732052296,0,0.2628930994666399,0.2647058823529412
raw,0,quality,1714,7060047060,0.062423283878192,0.08100310732052296,0,0.26152451329062015,0.2647058823529412
raw,0,quality,1718,7060047060,0.0398605373403212,0.08100310732052296,0,0.26152451329062015,0.2647058823529412
raw,0,quality,1723,7060047060,0.0118988717878833,0.08100310732052296,0,0.2642662846678546,0.2647058823529412
raw,0,quality,1726,7060047060,0.0195922661451829,0.08100310732052296,0,0.26137961195007486,0.2647058823529412
raw,0,quality,1735,7060047060,0.0104301162304321,0.08100310732052296,0,0.8964220530349506,0.2647058823529412
raw,0,quality,1739,7060047060,0.0082424188599535,0.08100310732052296,0,0.26152451329062015,0.2647058823529412
raw,0,quality,1740,7060047060,0.0315927631408664,0.08100310732052296,0,0.26152451329062015,0.2647058823529412
raw,0,quality,1741,7060047060,0.0507253768413835,0.08100310732052296,0,0.26137961195007486,0.2647058823529412
raw,0,quality,1742,7060047060,5.7310515262490314e-05,0.08100310732052296,0,0.2642662846678546,0.2647058823529412
raw,0,quality,1744,7060047060,0.0254398230019253,0.08100310732052296,0,0.26152451329062015,0.2647058823529412
raw,0,quality,1752,7060047060,0.0114482350067689,0.08100310732052296,0,0.25195370566562025,0.2647058823529412
raw,0,quality,1753,7060047060,0.0926157348421968,0.08100310732052296,1,0.26152451329062015,0.2647058823529412
raw,0,quality,1755,7060047060,0.0886615293057631,0.08100310732052296,1,0.26152451329062015,0.2647058823529412
raw,0,quality,1768,7060047060,0.0069266720307528,0.08100310732052296,0,0.2602982014451174,0.2647058823529412
raw,0,quality,1777,7060047060,0.0093876593386526,0.08100310732052296,0,0.09851606078874137,0.2647058823529412
raw,0,quality,1848,7060047060,0.0027068736991273,0.08100310732052296,0,0.26152451329062015,0.2647058823529412
raw,0,quality,1864,7060047060,0.0216404082550137,0.08100310732052296,0,0.26152451329062015,0.2647058823529412
raw,0,quality,1869,7060047060,0.0327611145334567,0.08100310732052296,0,0.26152451329062015,0.2647058823529412
raw,0,quality,307,7060047060,0.0176008418921111,0.08100310732052296,0,0.26152451329062015,0.2647058823529412
raw,0,quality,319,7060047060,0.015770863968425,0.08100310732052296,0,0.26152451329062015,0.2647058823529412
raw,0,quality,355,7060047060,0.0277497082374382,0.08100310732052296,0,0.26152451329062015,0.2647058823529412
raw,0,quality,362,7060047060,0.2980098587408727,0.08100310732052296,1,0.26152451329062015,0.2647058823529412
raw,0,quality,364,7060047060,0.0239510591334607,0.08100310732052296,0,0.2590756225418283,0.2647058823529412
raw,0,quality,368,7060047060,0.0179687718347156,0.08100310732052296,0,0.14881233657675821,0.2647058823529412
raw,0,quality,373,7060047060,0.0951235823515067,0.08100310732052296,1,0.2602982014451174,0.2647058823529412
raw,0,quality,393,7060047060,0.0076034952663138,0.08100310732052296,0,0.26152451329062015,0.2647058823529412
raw,0,quality,398,7060047060,0.0312605809770644,0.08100310732052296,0,0.23771524311645695,0.2647058823529412
raw,0,quality,415,7060047060,0.0011163973406731,0.08100310732052296,0,0.26152451329062015,0.2647058823529412
raw,0,quality,416,7060047060,0.0315074905556201,0.08100310732052296,0,0.26152451329062015,0.2647058823529412
raw,0,quality,421,7060047060,0.1485760513867321,0.08100310732052296,1,0.2566416937220705,0.2647058823529412
raw,0,quality,500,7060047060,0.0300792034029255,0.08100310732052296,0,0.9803086867359927,0.2647058823529412
raw,0,quality,505,7060047060,0.0250795403929746,0.08100310732052296,0,0.26057308081931474,0.2647058823529412
raw,0,quality,511,7060047060,0.0312211201464531,0.08100310732052296,0,0.25941805590685973,0.2647058823529412
raw,0,quality,522,7060047060,0.0475959729474947,0.08100310732052296,0,0.2566416937220705,0.2647058823529412
raw,0,quality,530,7060047060,0.0273604206793223,0.08100310732052296,0,0.26152451329062015,0.2647058823529412
raw,0,quality,533,7060047060,0.0097018783796665,0.08100310732052296,0,0.22196057199074512,0.2647058823529412
raw,0,quality,7313,7060047060,0.0175736825793128,0.08100310732052296,0,0.26152451329062015,0.2647058823529412
raw,0,quality,7318,7060047060,0.002379618619958,0.08100310732052296,0,0.29414277028971175,0.2647058823529412
raw,0,quality,753,7060047060,0.0921182914550661,0.08100310732052296,1,0.26137961195007486,0.2647058823529412
raw,0,quality,870,7060047060,0.1379841663054596,0.08100310732052296,1,0.2583486885983479,0.2647058823529412
raw,0,quality,882,7060047060,0.0484413551287019,0.08100310732052296,0,0.24352498067217168,0.2647058823529412
raw,0,quality,884,7060047060,0.0066596591493417,0.08100310732052296,0,0.25017559022302394,0.2647058823529412
raw,0,quality,885,7060047060,0.1146845360889325,0.08100310732052296,1,0.2411895879464412,0.2647058823529412
raw,0,quality,895,7060047060,0.0062403033884172,0.08100310732052296,0,0.26152451329062015,0.2647058823529412
raw,0,quality,898,7060047060,0.2984828163363874,0.08100310732052296,1,0.2590756225418283,0.2647058823529412
raw,0,quality,920,7060047060,0.0369079523869115,0.08100310732052296,0,0.26152451329062015,0.2647058823529412
raw,0,quality,931,7060047060,0.2932798681465973,0.08100310732052296,1,0.26152451329062015,0.2647058823529412
raw,0,quality,938,7060047060,0.4289313266518157,0.08100310732052296,1,0.24235061433853664,0.2647058823529412
raw,0,combined,1017,7060047060,0.0661806908410731,0.08100310732052296,0,0.1595951458405043,0.2647058823529412
raw,0,combined,1026,7060047060,0.0129395938241423,0.08100310732052296,0,0.10025572001659891,0.2647058823529412
raw,0,combined,1033,7060047060,0.0099127833868429,0.08100310732052296,0,0.10851654513065002,0.2647058823529412
raw,0,combined,1036,7060047060,0.0066655470329326,0.08100310732052296,0,0.1594075914237742,0.2647058823529412
raw,0,combined,1042,7060047060,0.0576208742948567,0.08100310732052296,0,0.1730484303306338,0.2647058823529412
raw,0,combined,1067,7060047060,0.0660903282216471,0.08100310732052296,0,0.04728801370673426,0.2647058823529412
raw,0,combined,1092,7060047060,0.0797481143388978,0.08100310732052296,0,0.09130985762431053,0.2647058823529412
raw,0,combined,1101,7060047060,0.1155668364797469,0.08100310732052296,1,0.15461650779273578,0.2647058823529412
raw,0,combined,1112,7060047060,0.1163806744895136,0.08100310732052296,1,0.14849036803817306,0.2647058823529412
raw,0,combined,1121,7060047060,0.0702270583911843,0.08100310732052296,0,0.03856320295234869,0.2647058823529412
raw,0,combined,1122,7060047060,0.063356139903612,0.08100310732052296,0,0.08337585115066495,0.2647058823529412
raw,0,combined,1125,7060047060,0.0702270583911843,0.08100310732052296,0,0.03856320295234869,0.2647058823529412
raw,0,combined,1127,7060047060,0.0819662681291494,0.08100310732052296,1,0.06959293566804332,0.2647058823529412
raw,0,combined,1192,7060047060,0.0411899853041451,0.08100310732052296,0,0.16346860337457725,0.2647058823529412
raw,0,combined,1586,7060047060,0.026020247285684,0.08100310732052296,0,0.17684712063599348,0.2647058823529412
raw,0,combined,1587,7060047060,0.004616761578994,0.08100310732052296,0,0.08250529679931999,0.2647058823529412
raw,0,combined,1592,7060047060,0.1240502134703719,0.08100310732052296,1,0.06351307992445686,0.2647058823529412
raw,0,combined,1595,7060047060,0.0679081385078783,0.08100310732052296,0,0.2357685818513646,0.2647058823529412
raw,0,combined,1600,7060047060,0.0220011823998568,0.08100310732052296,0,0.1284060014870899,0.2647058823529412
raw,0,combined,1617,7060047060,0.0477657972396746,0.08100310732052296,0,0.12114587279828877,0.2647058823529412
raw,0,combined,1619,7060047060,0.0911691275179692,0.08100310732052296,1,0.1426565826279218,0.2647058823529412
raw,0,combined,1620,7060047060,0.0212902851285782,0.08100310732052296,0,0.20034490037191036,0.2647058823529412
raw,0,combined,1631,7060047060,0.0724517963112369,0.08100310732052296,0,0.20755371768475406,0.2647058823529412
raw,0,combined,1634,7060047060,0.0315927631408664,0.08100310732052296,0,0.18941391822525494,0.2647058823529412
raw,0,combined,1636,7060047060,0.1089214739264765,0.08100310732052296,1,0.10498738289007468,0.2647058823529412
raw,0,combined,1645,7060047060,0.0335295985633531,0.08100310732052296,0,0.0920472986397463,0.2647058823529412
raw,0,combined,1650,7060047060,0.1076187118628826,0.08100310732052296,1,0.11358960453059937,0.2647058823529412
raw,0,combined,1654,7060047060,0.0102103888403878,0.08100310732052296,0,0.038062473019504404,0.2647058823529412
raw,0,combined,1655,7060047060,0.0005167570856323,0.08100310732052296,0,0.06459519428684088,0.2647058823529412
raw,0,combined,1656,7060047060,0.0432281164274903,0.08100310732052296,0,0.1890526621492643,0.2647058823529412
raw,0,combined,1683,7060047060,0.0608106665043702,0.08100310732052296,0,0.04822894976238127,0.2647058823529412
raw,0,combined,1691,7060047060,0.0528997744167713,0.08100310732052296,0,0.14587312580335432,0.2647058823529412
raw,0,combined,1699,7060047060,0.0085303971880998,0.08100310732052296,0,0.20096422332958416,0.2647058823529412
raw,0,combined,1703,7060047060,0.1160380332292541,0.08100310732052296,1,0.1055211270912317,0.2647058823529412
raw,0,combined,1706,7060047060,0.0063036137219683,0.08100310732052296,0,0.1645207016802598,0.2647058823529412
raw,0,combined,1707,7060047060,0.0388500034029228,0.08100310732052296,0,0.050858868586868326,0.2647058823529412
raw,0,combined,1709,7060047060,0.0232219782667713,0.08100310732052296,0,0.19052930221334066,0.2647058823529412
raw,0,combined,1712,7060047060,0.0213803258478193,0.08100310732052296,0,0.1476627579421343,0.2647058823529412
raw,0,combined,1713,7060047060,0.0782013557274151,0.08100310732052296,0,0.11181182478046317,0.2647058823529412
raw,0,combined,1714,7060047060,0.062423283878192,0.08100310732052296,0,0.17010440980695135,0.2647058823529412
raw,0,combined,1718,7060047060,0.0398605373403212,0.08100310732052296,0,0.05160803578231934,0.2647058823529412
raw,0,combined,1723,7060047060,0.0118988717878833,0.08100310732052296,0,0.1612697373226759,0.2647058823529412
raw,0,combined,1726,7060047060,0.0195922661451829,0.08100310732052296,0,0.13443624791814313,0.2647058823529412
raw,0,combined,1735,7060047060,0.0104301162304321,0.08100310732052296,0,0.9490710723663097,0.2647058823529412
raw,0,combined,1739,7060047060,0.0082424188599535,0.08100310732052296,0,0.11724412785804207,0.2647058823529412
raw,0,combined,1740,7060047060,0.0315927631408664,0.08100310732052296,0,0.18941391822525494,0.2647058823529412
raw,0,combined,1741,7060047060,0.0507253768413835,0.08100310732052296,0,0.1464647661270745,0.2647058823529412
raw,0,combined,1742,7060047060,5.7310515262490314e-05,0.08100310732052296,0,0.18541610621926152,0.2647058823529412
raw,0,combined,1744,7060047060,0.0254398230019253,0.08100310732052296,0,0.08220008883869412,0.2647058823529412
raw,0,combined,1752,7060047060,0.0114482350067689,0.08100310732052296,0,0.20336356305405787,0.2647058823529412
raw,0,combined,1753,7060047060,0.0926157348421968,0.08100310732052296,1,0.12733750266164803,0.2647058823529412
raw,0,combined,1755,7060047060,0.0886615293057631,0.08100310732052296,1,0.11072685379587481,0.2647058823529412
raw,0,combined,1768,7060047060,0.0069266720307528,0.08100310732052296,0,0.21357909648604162,0.2647058823529412
raw,0,combined,1777,7060047060,0.0093876593386526,0.08100310732052296,0,0.013581961848053055,0.2647058823529412
raw,0,combined,1848,7060047060,0.0027068736991273,0.08100310732052296,0,0.08019309995494946,0.2647058823529412
raw,0,combined,1864,7060047060,0.0216404082550137,0.08100310732052296,0,0.15641406643270914,0.2647058823529412
raw,0,combined,1869,7060047060,0.0327611145334567,0.08100310732052296,0,0.018863793231110478,0.2647058823529412
raw,0,combined,307,7060047060,0.0176008418921111,0.08100310732052296,0,0.1426294768602334,0.2647058823529412
raw,0,combined,319,7060047060,0.015770863968425,0.08100310732052296,0,0.4131404438374433,0.2647058823529412
raw,0,combined,355,7060047060,0.0277497082374382,0.08100310732052296,0,0.16241644130675567,0.2647058823529412
raw,0,combined,362,7060047060,0.2980098587408727,0.08100310732052296,1,0.1553386968001851,0.2647058823529412
raw,0,combined,364,7060047060,0.0239510591334607,0.08100310732052296,0,0.19971767682122402,0.2647058823529412
raw,0,combined,368,7060047060,0.0179687718347156,0.08100310732052296,0,0.03528689094041845,0.2647058823529412
raw,0,combined,373,7060047060,0.0951235823515067,0.08100310732052296,1,0.1397147039720564,0.2647058823529412
raw,0,combined,393,7060047060,0.0076034952663138,0.08100310732052296,0,0.24454775183401795,0.2647058823529412
raw,0,combined,398,7060047060,0.0312605809770644,0.08100310732052296,0,0.28931136046723777,0.2647058823529412
raw,0,combined,415,7060047060,0.0011163973406731,0.08100310732052296,0,0.26687318145606304,0.2647058823529412
raw,0,combined,416,7060047060,0.0315074905556201,0.08100310732052296,0,0.08144392365737299,0.2647058823529412
raw,0,combined,421,7060047060,0.1485760513867321,0.08100310732052296,1,0.1566783317645877,0.2647058823529412
raw,0,combined,500,7060047060,0.0300792034029255,0.08100310732052296,0,0.9973634062683375,0.2647058823529412
raw,0,combined,505,7060047060,0.0250795403929746,0.08100310732052296,0,0.22423421974786834,0.2647058823529412
raw,0,combined,511,7060047060,0.0312211201464531,0.08100310732052296,0,0.19795215897711022,0.2647058823529412
raw,0,combined,522,7060047060,0.0475959729474947,0.08100310732052296,0,0.2537970774976052,0.2647058823529412
raw,0,combined,530,7060047060,0.0273604206793223,0.08100310732052296,0,0.22864194031662174,0.2647058823529412
raw,0,combined,533,7060047060,0.0097018783796665,0.08100310732052296,0,0.1794247014096493,0.2647058823529412
raw,0,combined,7313,7060047060,0.0175736825793128,0.08100310732052296,0,0.22598419923233087,0.2647058823529412
raw,0,combined,7318,7060047060,0.002379618619958,0.08100310732052296,0,0.24599833278812144,0.2647058823529412
raw,0,combined,753,7060047060,0.0921182914550661,0.08100310732052296,1,0.11032370570293144,0.2647058823529412
raw,0,combined,870,7060047060,0.1379841663054596,0.08100310732052296,1,0.07811365267152612,0.2647058823529412
raw,0,combined,882,7060047060,0.0484413551287019,0.08100310732052296,0,0.10678534233900246,0.2647058823529412
raw,0,combined,884,7060047060,0.0066596591493417,0.08100310732052296,0,0.28256222314505475,0.2647058823529412
raw,0,combined,885,7060047060,0.1146845360889325,0.08100310732052296,1,0.07785749451924145,0.2647058823529412
raw,0,combined,895,7060047060,0.0062403033884172,0.08100310732052296,0,0.21485009083829743,0.2647058823529412
raw,0,combined,898,7060047060,0.2984828163363874,0.08100310732052296,1,0.17362101702072155,0.2647058823529412
raw,0,combined,920,7060047060,0.0369079523869115,0.08100310732052296,0,0.24416167486214194,0.2647058823529412
raw,0,combined,931,7060047060,0.2932798681465973,0.08100310732052296,1,0.2394317290071104,0.2647058823529412
raw,0,combined,938,7060047060,0.4289313266518157,0.08100310732052296,1,0.01774594140564507,0.2647058823529412
raw,1,prevalence,419,7060008710,0.0592438332558433,0.0684445517454597,0,0.2524271844660194,0.2524271844660194
raw,1,prevalence,423,7060008710,0.067434812263302,0.0684445517454597,0,0.2524271844660194,0.2524271844660194
raw,1,prevalence,445,7060008710,0.0344040264523462,0.0684445517454597,0,0.2524271844660194,0.2524271844660194
raw,1,prevalence,448,7060008710,0.009812911217296,0.0684445517454597,0,0.2524271844660194,0.2524271844660194
raw,1,prevalence,451,7060008710,0.0819166733997728,0.0684445517454597,1,0.2524271844660194,0.2524271844660194
raw,1,prevalence,469,7060008710,0.0374314940152415,0.0684445517454597,0,0.2524271844660194,0.2524271844660194
raw,1,prevalence,470,7060008710,0.019164736692788,0.0684445517454597,0,0.2524271844660194,0.2524271844660194
raw,1,prevalence,488,7060008710,0.1083118682250047,0.0684445517454597,1,0.2524271844660194,0.2524271844660194
raw,1,prevalence,497,7060008710,0.0936434251620115,0.0684445517454597,1,0.2524271844660194,0.2524271844660194
raw,1,prevalence,502,7060008710,0.0757264577232805,0.0684445517454597,1,0.2524271844660194,0.2524271844660194
raw,1,prevalence,509,7060008710,0.1274683241447859,0.0684445517454597,1,0.2524271844660194,0.2524271844660194
raw,1,prevalence,517,7060008710,0.0280362554615576,0.0684445517454597,0,0.2524271844660194,0.2524271844660194
raw,1,prevalence,518,7060008710,0.0121740670222354,0.0684445517454597,0,0.2524271844660194,0.2524271844660194
raw,1,prevalence,531,7060008710,0.0517884993991202,0.0684445517454597,0,0.2524271844660194,0.2524271844660194
raw,1,prevalence,536,7060008710,0.0086167671320379,0.0684445517454597,0,0.2524271844660194,0.2524271844660194
raw,1,prevalence,541,7060008710,0.0504123918622658,0.0684445517454597,0,0.2524271844660194,0.2524271844660194
raw,1,prevalence,542,7060008710,0.0403558418027999,0.0684445517454597,0,0.2524271844660194,0.2524271844660194
raw,1,prevalence,549,7060008710,0.0437649594470664,0.0684445517454597,0,0.2524271844660194,0.2524271844660194
raw,1,prevalence,567,7060008710,0.0916782836918689,0.0684445517454597,1,0.2524271844660194,0.2524271844660194
raw,1,prevalence,574,7060008710,0.050677273581498,0.0684445517454597,0,0.2524271844660194,0.2524271844660194
raw,1,prevalence,575,7060008710,0.1085412241967072,0.0684445517454597,1,0.2524271844660194,0.2524271844660194
raw,1,prevalence,597,7060008710,0.0233737955600689,0.0684445517454597,0,0.2524271844660194,0.2524271844660194
raw,1,prevalence,601,7060008710,0.0507563519019222,0.0684445517454597,0,0.2524271844660194,0.2524271844660194
raw,1,hydrology,419,7060008710,0.0592438332558433,0.0684445517454597,0,0.3157655447945487,0.2524271844660194
raw,1,hydrology,423,7060008710,0.067434812263302,0.0684445517454597,0,0.15678613409243763,0.2524271844660194
raw,1,hydrology,445,7060008710,0.0344040264523462,0.0684445517454597,0,0.29566265646439643,0.2524271844660194
raw,1,hydrology,448,7060008710,0.009812911217296,0.0684445517454597,0,0.4044319745785318,0.2524271844660194
raw,1,hydrology,451,7060008710,0.0819166733997728,0.0684445517454597,1,0.21283583535068357,0.2524271844660194
raw,1,hydrology,469,7060008710,0.0374314940152415,0.0684445517454597,0,0.27768859442942784,0.2524271844660194
raw,1,hydrology,470,7060008710,0.019164736692788,0.0684445517454597,0,0.7759543886746602,0.2524271844660194
raw,1,hydrology,488,7060008710,0.1083118682250047,0.0684445517454597,1,0.19034649415811986,0.2524271844660194
raw,1,hydrology,497,7060008710,0.0936434251620115,0.0684445517454597,1,0.38632857049797553,0.2524271844660194
raw,1,hydrology,502,7060008710,0.0757264577232805,0.0684445517454597,1,0.2059338214227436,0.2524271844660194
raw,1,hydrology,509,7060008710,0.1274683241447859,0.0684445517454597,1,0.380501750456797,0.2524271844660194
raw,1,hydrology,517,7060008710,0.0280362554615576,0.0684445517454597,0,0.2218553086136285,0.2524271844660194
raw,1,hydrology,518,7060008710,0.0121740670222354,0.0684445517454597,0,0.23402298822747508,0.2524271844660194
raw,1,hydrology,531,7060008710,0.0517884993991202,0.0684445517454597,0,0.45293399378545474,0.2524271844660194
raw,1,hydrology,536,7060008710,0.0086167671320379,0.0684445517454597,0,0.23637303680521932,0.2524271844660194
raw,1,hydrology,541,7060008710,0.0504123918622658,0.0684445517454597,0,0.22279574647828548,0.2524271844660194
raw,1,hydrology,542,7060008710,0.0403558418027999,0.0684445517454597,0,0.15621752921325893,0.2524271844660194
raw,1,hydrology,549,7060008710,0.0437649594470664,0.0684445517454597,0,0.4465963058963763,0.2524271844660194
raw,1,hydrology,567,7060008710,0.0916782836918689,0.0684445517454597,1,0.4083226391887125,0.2524271844660194
raw,1,hydrology,574,7060008710,0.050677273581498,0.0684445517454597,0,0.2820454590953359,0.2524271844660194
raw,1,hydrology,575,7060008710,0.1085412241967072,0.0684445517454597,1,0.294390095733782,0.2524271844660194
raw,1,hydrology,597,7060008710,0.0233737955600689,0.0684445517454597,0,0.22227948721147014,0.2524271844660194
raw,1,hydrology,601,7060008710,0.0507563519019222,0.0684445517454597,0,0.23930193722038226,0.2524271844660194
raw,1,quality,419,7060008710,0.0592438332558433,0.0684445517454597,0,0.10567118276357272,0.2524271844660194
raw,1,quality,423,7060008710,0.067434812263302,0.0684445517454597,0,0.24500445475945828,0.2524271844660194
raw,1,quality,445,7060008710,0.0344040264523462,0.0684445517454597,0,0.21470839484459509,0.2524271844660194
raw,1,quality,448,7060008710,0.009812911217296,0.0684445517454597,0,0.18147651729634337,0.2524271844660194
raw,1,quality,451,7060008710,0.0819166733997728,0.0684445517454597,1,0.24016132053740608,0.2524271844660194
raw,1,quality,469,7060008710,0.0374314940152415,0.0684445517454597,0,0.10524220025805354,0.2524271844660194
raw,1,quality,470,7060008710,0.019164736692788,0.0684445517454597,0,0.22804337802511235,0.2524271844660194
raw,1,quality,488,7060008710,0.1083118682250047,0.0684445517454597,1,0.18622881334385508,0.2524271844660194
raw,1,quality,497,7060008710,0.0936434251620115,0.0684445517454597,1,0.2377644424234131,0.2524271844660194
raw,1,quality,502,7060008710,0.0757264577232805,0.0684445517454597,1,0.32416611627057107,0.2524271844660194
raw,1,quality,509,7060008710,0.1274683241447859,0.0684445517454597,1,0.2275567506777274,0.2524271844660194
raw,1,quality,517,7060008710,0.0280362554615576,0.0684445517454597,0,0.245668893403555,0.2524271844660194
raw,1,quality,518,7060008710,0.0121740670222354,0.0684445517454597,0,0.14422861139018076,0.2524271844660194
raw,1,quality,531,7060008710,0.0517884993991202,0.0684445517454597,0,0.22373100097716261,0.2524271844660194
raw,1,quality,536,7060008710,0.0086167671320379,0.0684445517454597,0,0.21918630627805707,0.2524271844660194
raw,1,quality,541,7060008710,0.0504123918622658,0.0684445517454597,0,0.24500445475945828,0.2524271844660194
raw,1,quality,542,7060008710,0.0403558418027999,0.0684445517454597,0,0.24829841113565254,0.2524271844660194
raw,1,quality,549,7060008710,0.0437649594470664,0.0684445517454597,0,0.18147651729634337,0.2524271844660194
raw,1,quality,567,7060008710,0.0916782836918689,0.0684445517454597,1,0.23657219277918443,0.2524271844660194
raw,1,quality,574,7060008710,0.050677273581498,0.0684445517454597,0,0.24016132053740608,0.2524271844660194
raw,1,quality,575,7060008710,0.1085412241967072,0.0684445517454597,1,0.24136593951863364,0.2524271844660194
raw,1,quality,597,7060008710,0.0233737955600689,0.0684445517454597,0,0.24500445475945828,0.2524271844660194
raw,1,quality,601,7060008710,0.0507563519019222,0.0684445517454597,0,0.220316222433035,0.2524271844660194
raw,1,combined,419,7060008710,0.0592438332558433,0.0684445517454597,0,0.13482429975137294,0.2524271844660194
raw,1,combined,423,7060008710,0.067434812263302,0.0684445517454597,0,0.16459269785088462,0.2524271844660194
raw,1,combined,445,7060008710,0.0344040264523462,0.0684445517454597,0,0.2759707440810229,0.2524271844660194
raw,1,combined,448,7060008710,0.009812911217296,0.0684445517454597,0,0.31502254082517095,0.2524271844660194
raw,1,combined,451,7060008710,0.0819166733997728,0.0684445517454597,1,0.20950644082951178,0.2524271844660194
raw,1,combined,469,7060008710,0.0374314940152415,0.0684445517454597,0,0.11892773713045353,0.2524271844660194
raw,1,combined,470,7060008710,0.019164736692788,0.0684445517454597,0,0.7281815859997401,0.2524271844660194
raw,1,combined,488,7060008710,0.1083118682250047,0.0684445517454597,1,0.14154591393392543,0.2524271844660194
raw,1,combined,497,7060008710,0.0936434251620115,0.0684445517454597,1,0.38052398551580474,0.2524271844660194
raw,1,combined,502,7060008710,0.0757264577232805,0.0684445517454597,1,0.23625405942463615,0.2524271844660194
raw,1,combined,509,7060008710,0.1274683241447859,0.0684445517454597,1,0.3712172474933889,0.2524271844660194
raw,1,combined,517,7060008710,0.0280362554615576,0.0684445517454597,0,0.22567644686284138,0.2524271844660194
raw,1,combined,518,7060008710,0.0121740670222354,0.0684445517454597,0,0.14127086953166926,0.2524271844660194
raw,1,combined,531,7060008710,0.0517884993991202,0.0684445517454597,0,0.42943234431674665,0.2524271844660194
raw,1,combined,536,7060008710,0.0086167671320379,0.0684445517454597,0,0.222658740905321,0.2524271844660194
raw,1,combined,541,7060008710,0.0504123918622658,0.0684445517454597,0,0.22774943149979582,0.2524271844660194
raw,1,combined,542,7060008710,0.0403558418027999,0.0684445517454597,0,0.16463063161953428,0.2524271844660194
raw,1,combined,549,7060008710,0.0437649594470664,0.0684445517454597,0,0.35653390137423624,0.2524271844660194
raw,1,combined,567,7060008710,0.0916782836918689,0.0684445517454597,1,0.4056973593731571,0.2524271844660194
raw,1,combined,574,7060008710,0.050677273581498,0.0684445517454597,0,0.288269627417458,0.2524271844660194
raw,1,combined,575,7060008710,0.1085412241967072,0.0684445517454597,1,0.2866340900735805,0.2524271844660194
raw,1,combined,597,7060008710,0.0233737955600689,0.0684445517454597,0,0.21011569153266657,0.2524271844660194
raw,1,combined,601,7060008710,0.0507563519019222,0.0684445517454597,0,0.21547124567187673,0.2524271844660194
raw,2,prevalence,1249,7060048410,0.29665629285461,0.0744001513739818,1,0.24786324786324787,0.24786324786324787
raw,2,prevalence,132,7060013550,0.0711948681335463,0.0744001513739818,0,0.24786324786324787,0.24786324786324787
raw,2,prevalence,133,7060013550,0.0406413080163696,0.0744001513739818,0,0.24786324786324787,0.24786324786324787
raw,2,prevalence,148,7060013550,0.0365927941233602,0.0744001513739818,0,0.24786324786324787,0.24786324786324787
raw,2,prevalence,1776,7060043090,0.0388075920000596,0.0744001513739818,0,0.24786324786324787,0.24786324786324787
raw,2,prevalence,182,7060013550,0.0060483076987569,0.0744001513739818,0,0.24786324786324787,0.24786324786324787
raw,2,prevalence,191,7060013550,0.0833506083857305,0.0744001513739818,1,0.24786324786324787,0.24786324786324787
raw,2,prevalence,198,7060013550,0.0540625618764696,0.0744001513739818,0,0.24786324786324787,0.24786324786324787
raw,2,prevalence,204,7060013550,0.071196320778363,0.0744001513739818,0,0.24786324786324787,0.24786324786324787
raw,2,prevalence,595,7060013550,0.0837331882507079,0.0744001513739818,1,0.24786324786324787,0.24786324786324787
raw,2,prevalence,600,7060013550,0.0052006681098061,0.0744001513739818,0,0.24786324786324787,0.24786324786324787
raw,2,prevalence,612,7060013550,0.0399467052971805,0.0744001513739818,0,0.24786324786324787,0.24786324786324787
raw,2,hydrology,1249,7060048410,0.29665629285461,0.0744001513739818,1,0.7170492683929486,0.24786324786324787
raw,2,hydrology,132,7060013550,0.0711948681335463,0.0744001513739818,0,0.14904059783033363,0.24786324786324787
raw,2,hydrology,133,7060013550,0.0406413080163696,0.0744001513739818,0,0.10896393001326285,0.24786324786324787
raw,2,hydrology,148,7060013550,0.0365927941233602,0.0744001513739818,0,0.1494444839065596,0.24786324786324787
raw,2,hydrology,1776,7060043090,0.0388075920000596,0.0744001513739818,0,0.10801592720875038,0.24786324786324787
raw,2,hydrology,182,7060013550,0.0060483076987569,0.0744001513739818,0,0.1369200527459221,0.24786324786324787
raw,2,hydrology,191,7060013550,0.0833506083857305,0.0744001513739818,1,0.4549352256623126,0.24786324786324787
raw,2,hydrology,198,7060013550,0.0540625618764696,0.0744001513739818,0,0.1576759216792384,0.24786324786324787
raw,2,hydrology,204,7060013550,0.071196320778363,0.0744001513739818,0,0.20502330647797434,0.24786324786324787
raw,2,hydrology,595,7060013550,0.0837331882507079,0.0744001513739818,1,0.19800809645784942,0.24786324786324787
raw,2,hydrology,600,7060013550,0.0052006681098061,0.0744001513739818,0,0.23685606406605622,0.24786324786324787
raw,2,hydrology,612,7060013550,0.0399467052971805,0.0744001513739818,0,0.31124950742084456,0.24786324786324787
raw,2,quality,1249,7060048410,0.29665629285461,0.0744001513739818,1,0.24251094439737975,0.24786324786324787
raw,2,quality,132,7060013550,0.0711948681335463,0.0744001513739818,0,0.26186788895240853,0.24786324786324787
raw,2,quality,133,7060013550,0.0406413080163696,0.0744001513739818,0,0.20051849674780994,0.24786324786324787
raw,2,quality,148,7060013550,0.0365927941233602,0.0744001513739818,0,0.36949849942651875,0.24786324786324787
raw,2,quality,1776,7060043090,0.0388075920000596,0.0744001513739818,0,0.23920906409583573,0.24786324786324787
raw,2,quality,182,7060013550,0.0060483076987569,0.0744001513739818,0,0.29735641678143787,0.24786324786324787
raw,2,quality,191,7060013550,0.0833506083857305,0.0744001513739818,1,0.27993742508524383,0.24786324786324787
raw,2,quality,198,7060013550,0.0540625618764696,0.0744001513739818,0,0.24603771886595768,0.24786324786324787
raw,2,quality,204,7060013550,0.071196320778363,0.0744001513739818,0,0.16430490193986957,0.24786324786324787
raw,2,quality,595,7060013550,0.0837331882507079,0.0744001513739818,1,0.252403436415536,0.24786324786324787
raw,2,quality,600,7060013550,0.0052006681098061,0.0744001513739818,0,0.30466580192461334,0.24786324786324787
raw,2,quality,612,7060013550,0.0399467052971805,0.0744001513739818,0,0.33517771212274267,0.24786324786324787
raw,2,combined,1249,7060048410,0.29665629285461,0.0744001513739818,1,0.6803933434487688,0.24786324786324787
raw,2,combined,132,7060013550,0.0711948681335463,0.0744001513739818,0,0.15887376815742177,0.24786324786324787
raw,2,combined,133,7060013550,0.0406413080163696,0.0744001513739818,0,0.07372291133168307,0.24786324786324787
raw,2,combined,148,7060013550,0.0365927941233602,0.0744001513739818,0,0.1540325101503712,0.24786324786324787
raw,2,combined,1776,7060043090,0.0388075920000596,0.0744001513739818,0,0.10987952003432114,0.24786324786324787
raw,2,combined,182,7060013550,0.0060483076987569,0.0744001513739818,0,0.15275525783392394,0.24786324786324787
raw,2,combined,191,7060013550,0.0833506083857305,0.0744001513739818,1,0.47628053721268815,0.24786324786324787
raw,2,combined,198,7060013550,0.0540625618764696,0.0744001513739818,0,0.1610501170556801,0.24786324786324787
raw,2,combined,204,7060013550,0.071196320778363,0.0744001513739818,0,0.11488856838963867,0.24786324786324787
raw,2,combined,595,7060013550,0.0837331882507079,0.0744001513739818,1,0.21145887899206317,0.24786324786324787
raw,2,combined,600,7060013550,0.0052006681098061,0.0744001513739818,0,0.27735759863658066,0.24786324786324787
raw,2,combined,612,7060013550,0.0399467052971805,0.0744001513739818,0,0.3623885853047648,0.24786324786324787
raw,3,prevalence,1086,7060049270,0.2217354685387309,0.074582291139016,1,0.25471698113207547,0.25471698113207547
raw,3,prevalence,131,7060014200,0.0249199090411551,0.074582291139016,0,0.25471698113207547,0.25471698113207547
raw,3,prevalence,1761,7060042310,0.0563174543599799,0.074582291139016,0,0.25471698113207547,0.25471698113207547
raw,3,prevalence,1879,7060043160,0.0189630472533736,0.074582291139016,0,0.25471698113207547,0.25471698113207547
raw,3,prevalence,310,7060014930,0.0032471728048043,0.074582291139016,0,0.25471698113207547,0.25471698113207547
raw,3,prevalence,316,7060014930,0.0173156375915531,0.074582291139016,0,0.25471698113207547,0.25471698113207547
raw,3,prevalence,361,7060014930,0.0092833383677063,0.074582291139016,0,0.25471698113207547,0.25471698113207547
raw,3,prevalence,372,7060014930,0.0213527795408919,0.074582291139016,0,0.25471698113207547,0.25471698113207547
raw,3,prevalence,384,7060014930,0.0210427664912945,0.074582291139016,0,0.25471698113207547,0.25471698113207547
raw,3,prevalence,386,7060014930,0.0440531229280449,0.074582291139016,0,0.25471698113207547,0.25471698113207547
raw,3,prevalence,391,7060014930,0.0241012431047274,0.074582291139016,0,0.25471698113207547,0.25471698113207547
raw,3,prevalence,41,7060016090,0.0249967549481449,0.074582291139016,0,0.25471698113207547,0.25471698113207547
raw,3,prevalence,413,7060014930,0.0115012647641295,0.074582291139016,0,0.25471698113207547,0.25471698113207547
raw,3,prevalence,42,7060016090,0.0278055277689229,0.074582291139016,0,0.25471698113207547,0.25471698113207547
raw,3,prevalence,55,7060014930,0.0130463884647791,0.074582291139016,0,0.25471698113207547,0.25471698113207547
raw,3,prevalence,57,7060014930,0.0466637394931272,0.074582291139016,0,0.25471698113207547,0.25471698113207547
raw,3,prevalence,60,7060014930,0.0622135008805959,0.074582291139016,0,0.25471698113207547,0.25471698113207547
raw,3,prevalence,63,7060014930,0.0940410383087964,0.074582291139016,1,0.25471698113207547,0.25471698113207547
raw,3,hydrology,1086,7060049270,0.2217354685387309,0.074582291139016,1,0.48164730832967695,0.25471698113207547
raw,3,hydrology,131,7060014200,0.0249199090411551,0.074582291139016,0,0.27598371728457927,0.25471698113207547
raw,3,hydrology,1761,7060042310,0.0563174543599799,0.074582291139016,0,0.14166659240202403,0.25471698113207547
raw,3,hydrology,1879,7060043160,0.0189630472533736,0.074582291139016,0,0.39977480035843915,0.25471698113207547
raw,3,hydrology,310,7060014930,0.0032471728048043,0.074582291139016,0,0.09970702105585685,0.25471698113207547
raw,3,hydrology,316,7060014930,0.0173156375915531,0.074582291139016,0,0.17288841429939683,0.25471698113207547
raw,3,hydrology,361,7060014930,0.0092833383677063,0.074582291139016,0,0.1585811081441722,0.25471698113207547
raw,3,hydrology,372,7060014930,0.0213527795408919,0.074582291139016,0,0.4280943052423885,0.25471698113207547
raw,3,hydrology,384,7060014930,0.0210427664912945,0.074582291139016,0,0.302827790688433,0.25471698113207547
raw,3,hydrology,386,7060014930,0.0440531229280449,0.074582291139016,0,0.4847587790156332,0.25471698113207547
raw,3,hydrology,391,7060014930,0.0241012431047274,0.074582291139016,0,0.2059261939859797,0.25471698113207547
raw,3,hydrology,41,7060016090,0.0249967549481449,0.074582291139016,0,0.2270885602404741,0.25471698113207547
raw,3,hydrology,413,7060014930,0.0115012647641295,0.074582291139016,0,0.1566149177150407,0.25471698113207547
raw,3,hydrology,42,7060016090,0.0278055277689229,0.074582291139016,0,0.19629927454075766,0.25471698113207547
raw,3,hydrology,55,7060014930,0.0130463884647791,0.074582291139016,0,0.21747219991391953,0.25471698113207547
raw,3,hydrology,57,7060014930,0.0466637394931272,0.074582291139016,0,0.2487230884087543,0.25471698113207547
raw,3,hydrology,60,7060014930,0.0622135008805959,0.074582291139016,0,0.19444658934410355,0.25471698113207547
raw,3,hydrology,63,7060014930,0.0940410383087964,0.074582291139016,1,0.15607959967311189,0.25471698113207547
raw,3,quality,1086,7060049270,0.2217354685387309,0.074582291139016,1,0.2664279035993714,0.25471698113207547
raw,3,quality,131,7060014200,0.0249199090411551,0.074582291139016,0,0.07818770888491186,0.25471698113207547
raw,3,quality,1761,7060042310,0.0563174543599799,0.074582291139016,0,0.12142823205505925,0.25471698113207547
raw,3,quality,1879,7060043160,0.0189630472533736,0.074582291139016,0,0.9519329864158032,0.25471698113207547
raw,3,quality,310,7060014930,0.0032471728048043,0.074582291139016,0,0.2664279035993714,0.25471698113207547
raw,3,quality,316,7060014930,0.0173156375915531,0.074582291139016,0,0.2664279035993714,0.25471698113207547
raw,3,quality,361,7060014930,0.0092833383677063,0.074582291139016,0,0.07224377464976418,0.25471698113207547
raw,3,quality,372,7060014930,0.0213527795408919,0.074582291139016,0,0.10828600296077495,0.25471698113207547
raw,3,quality,384,7060014930,0.0210427664912945,0.074582291139016,0,0.23564192276605556,0.25471698113207547
raw,3,quality,386,7060014930,0.0440531229280449,0.074582291139016,0,0.20179241065120992,0.25471698113207547
raw,3,quality,391,7060014930,0.0241012431047274,0.074582291139016,0,0.24721589176106956,0.25471698113207547
raw,3,quality,41,7060016090,0.0249967549481449,0.074582291139016,0,0.2664279035993714,0.25471698113207547
raw,3,quality,413,7060014930,0.0115012647641295,0.074582291139016,0,0.26882131827661526,0.25471698113207547
raw,3,quality,42,7060016090,0.0278055277689229,0.074582291139016,0,0.2664279035993714,0.25471698113207547
raw,3,quality,55,7060014930,0.0130463884647791,0.074582291139016,0,0.2664279035993714,0.25471698113207547
raw,3,quality,57,7060014930,0.0466637394931272,0.074582291139016,0,0.2664279035993714,0.25471698113207547
raw,3,quality,60,7060014930,0.0622135008805959,0.074582291139016,0,0.2664279035993714,0.25471698113207547
raw,3,quality,63,7060014930,0.0940410383087964,0.074582291139016,1,0.2664279035993714,0.25471698113207547
raw,3,combined,1086,7060049270,0.2217354685387309,0.074582291139016,1,0.45780808892957964,0.25471698113207547
raw,3,combined,131,7060014200,0.0249199090411551,0.074582291139016,0,0.07755413475151612,0.25471698113207547
raw,3,combined,1761,7060042310,0.0563174543599799,0.074582291139016,0,0.054611312807508645,0.25471698113207547
raw,3,combined,1879,7060043160,0.0189630472533736,0.074582291139016,0,0.7950665329799491,0.25471698113207547
raw,3,combined,310,7060014930,0.0032471728048043,0.074582291139016,0,0.10959682084511828,0.25471698113207547
raw,3,combined,316,7060014930,0.0173156375915531,0.074582291139016,0,0.1899361127482709,0.25471698113207547
raw,3,combined,361,7060014930,0.0092833383677063,0.074582291139016,0,0.03262121170603887,0.25471698113207547
raw,3,combined,372,7060014930,0.0213527795408919,0.074582291139016,0,0.2186736094687079,0.25471698113207547
raw,3,combined,384,7060014930,0.0210427664912945,0.074582291139016,0,0.3106095342282749,0.25471698113207547
raw,3,combined,386,7060014930,0.0440531229280449,0.074582291139016,0,0.4197642008723943,0.25471698113207547
raw,3,combined,391,7060014930,0.0241012431047274,0.074582291139016,0,0.2179989540892417,0.25471698113207547
raw,3,combined,41,7060016090,0.0249967549481449,0.074582291139016,0,0.24554524028181418,0.25471698113207547
raw,3,combined,413,7060014930,0.0115012647641295,0.074582291139016,0,0.17014492117263694,0.25471698113207547
raw,3,combined,42,7060016090,0.0278055277689229,0.074582291139016,0,0.20245481918434519,0.25471698113207547
raw,3,combined,55,7060014930,0.0130463884647791,0.074582291139016,0,0.2370488285061839,0.25471698113207547
raw,3,combined,57,7060014930,0.0466637394931272,0.074582291139016,0,0.2505266570257797,0.25471698113207547
raw,3,combined,60,7060014930,0.0622135008805959,0.074582291139016,0,0.21681534942726144,0.25471698113207547
raw,3,combined,63,7060014930,0.0940410383087964,0.074582291139016,1,0.1564871922851621,0.25471698113207547
raw,4,prevalence,114,7060014340,0.1348291322442864,0.0744001513739818,1,0.24778761061946902,0.24778761061946902
raw,4,prevalence,1151,7060047970,0.184944196633059,0.0744001513739818,1,0.24778761061946902,0.24778761061946902
raw,4,prevalence,1237,7060047970,0.1127429982415797,0.0744001513739818,1,0.24778761061946902,0.24778761061946902
raw,4,prevalence,169,7060013560,0.090193587170381,0.0744001513739818,1,0.24778761061946902,0.24778761061946902
raw,4,prevalence,1851,7060043500,0.0515453378616407,0.0744001513739818,0,0.24778761061946902,0.24778761061946902
raw,4,prevalence,1883,7060043640,0.0291487123172417,0.0744001513739818,0,0.24778761061946902,0.24778761061946902
raw,4,prevalence,292,7060022240,0.0269372561109448,0.0744001513739818,0,0.24778761061946902,0.24778761061946902
raw,4,prevalence,442,7060073620,0.0104446390905579,0.0744001513739818,0,0.24778761061946902,0.24778761061946902
raw,4,prevalence,449,7060073620,0.0806646104708856,0.0744001513739818,1,0.24778761061946902,0.24778761061946902
raw,4,prevalence,456,7060073620,0.0352202117626725,0.0744001513739818,0,0.24778761061946902,0.24778761061946902
raw,4,prevalence,467,7060073620,0.059245441740781,0.0744001513739818,0,0.24778761061946902,0.24778761061946902
raw,4,prevalence,477,7060073620,0.0528874759342095,0.0744001513739818,0,0.24778761061946902,0.24778761061946902
raw,4,prevalence,7308,7060043500,0.0413980134324776,0.0744001513739818,0,0.24778761061946902,0.24778761061946902
raw,4,hydrology,114,7060014340,0.1348291322442864,0.0744001513739818,1,0.29699503315536013,0.24778761061946902
raw,4,hydrology,1151,7060047970,0.184944196633059,0.0744001513739818,1,0.3678851810323155,0.24778761061946902
raw,4,hydrology,1237,7060047970,0.1127429982415797,0.0744001513739818,1,0.3948323552058795,0.24778761061946902
raw,4,hydrology,169,7060013560,0.090193587170381,0.0744001513739818,1,0.26722392413644996,0.24778761061946902
raw,4,hydrology,1851,7060043500,0.0515453378616407,0.0744001513739818,0,0.14309048703691093,0.24778761061946902
raw,4,hydrology,1883,7060043640,0.0291487123172417,0.0744001513739818,0,0.1054585956327001,0.24778761061946902
raw,4,hydrology,292,7060022240,0.0269372561109448,0.0744001513739818,0,0.3175188052309817,0.24778761061946902
raw,4,hydrology,442,7060073620,0.0104446390905579,0.0744001513739818,0,0.26282010513402854,0.24778761061946902
raw,4,hydrology,449,7060073620,0.0806646104708856,0.0744001513739818,1,0.34379332917975897,0.24778761061946902
raw,4,hydrology,456,7060073620,0.0352202117626725,0.0744001513739818,0,0.1949023609611419,0.24778761061946902
raw,4,hydrology,467,7060073620,0.059245441740781,0.0744001513739818,0,0.3459509223314759,0.24778761061946902
raw,4,hydrology,477,7060073620,0.0528874759342095,0.0744001513739818,0,0.1421190125837659,0.24778761061946902
raw,4,hydrology,7308,7060043500,0.0413980134324776,0.0744001513739818,0,0.15665017821824045,0.24778761061946902
raw,4,quality,114,7060014340,0.1348291322442864,0.0744001513739818,1,0.2339624450355257,0.24778761061946902
raw,4,quality,1151,7060047970,0.184944196633059,0.0744001513739818,1,0.23691983888445747,0.24778761061946902
raw,4,quality,1237,7060047970,0.1127429982415797,0.0744001513739818,1,0.23691983888445747,0.24778761061946902
raw,4,quality,169,7060013560,0.090193587170381,0.0744001513739818,1,0.317689515502216,0.24778761061946902
raw,4,quality,1851,7060043500,0.0515453378616407,0.0744001513739818,0,0.15910486645806476,0.24778761061946902
raw,4,quality,1883,7060043640,0.0291487123172417,0.0744001513739818,0,0.2548385093355968,0.24778761061946902
raw,4,quality,292,7060022240,0.0269372561109448,0.0744001513739818,0,0.22436758962057454,0.24778761061946902
raw,4,quality,442,7060073620,0.0104446390905579,0.0744001513739818,0,0.1595168595458565,0.24778761061946902
raw,4,quality,449,7060073620,0.0806646104708856,0.0744001513739818,1,0.21539822957869104,0.24778761061946902
raw,4,quality,456,7060073620,0.0352202117626725,0.0744001513739818,0,0.3220817891541956,0.24778761061946902
raw,4,quality,467,7060073620,0.059245441740781,0.0744001513739818,0,0.22490337816837444,0.24778761061946902
raw,4,quality,477,7060073620,0.0528874759342095,0.0744001513739818,0,0.42144815882085923,0.24778761061946902
raw,4,quality,7308,7060043500,0.0413980134324776,0.0744001513739818,0,0.18214726051976024,0.24778761061946902
raw,4,combined,114,7060014340,0.1348291322442864,0.0744001513739818,1,0.26171202979110864,0.24778761061946902
raw,4,combined,1151,7060047970,0.184944196633059,0.0744001513739818,1,0.35775788032119876,0.24778761061946902
raw,4,combined,1237,7060047970,0.1127429982415797,0.0744001513739818,1,0.3864725582367214,0.24778761061946902
raw,4,combined,169,7060013560,0.090193587170381,0.0744001513739818,1,0.31823864553353104,0.24778761061946902
raw,4,combined,1851,7060043500,0.0515453378616407,0.0744001513739818,0,0.0622358549975847,0.24778761061946902
raw,4,combined,1883,7060043640,0.0291487123172417,0.0744001513739818,0,0.11273433595859815,0.24778761061946902
raw,4,combined,292,7060022240,0.0269372561109448,0.0744001513739818,0,0.2971026725583233,0.24778761061946902
raw,4,combined,442,7060073620,0.0104446390905579,0.0744001513739818,0,0.1329632685294618,0.24778761061946902
raw,4,combined,449,7060073620,0.0806646104708856,0.0744001513739818,1,0.2904041174596836,0.24778761061946902
raw,4,combined,456,7060073620,0.0352202117626725,0.0744001513739818,0,0.24024497719147636,0.24778761061946902
raw,4,combined,467,7060073620,0.059245441740781,0.0744001513739818,0,0.3464986594136046,0.24778761061946902
raw,4,combined,477,7060073620,0.0528874759342095,0.0744001513739818,0,0.2239534138811174,0.24778761061946902
raw,4,combined,7308,7060043500,0.0413980134324776,0.0744001513739818,0,0.089376943133663,0.24778761061946902
