ID,source,wy,valid_days,eligible,negative_inflow
1001,cars,1980,366,True,0
1001,cars,1981,365,True,0
1001,cars,1982,365,True,0
1001,cars,1983,365,True,0
1001,cars,1984,366,True,0
1001,cars,1985,365,True,0
1001,cars,1986,362,True,0
1001,cars,1987,365,True,0
1001,cars,1988,366,True,0
1001,cars,1989,365,True,0
1001,cars,1990,365,True,0
1001,cars,1991,365,True,0
1001,cars,1992,366,True,0
1001,cars,1993,365,True,0
1001,cars,1994,365,True,0
1001,cars,1995,365,True,0
1001,cars,1996,366,True,0
1001,cars,1997,365,True,0
1001,cars,1998,365,True,0
1001,cars,1999,365,True,0
1001,cars,2000,366,True,0
1001,cars,2001,365,True,0
1001,cars,2002,365,True,0
1001,cars,2003,365,True,0
1001,cars,2004,366,True,0
1001,cars,2005,365,True,0
1001,cars,2006,365,True,0
1001,cars,2007,365,True,0
1001,cars,2008,366,True,0
1001,cars,2009,365,True,0
1001,cars,2010,365,True,0
1001,cars,2011,365,True,0
1001,cars,2012,366,True,0
1001,cars,2013,365,True,0
1001,cars,2014,365,True,0
1001,cars,2015,365,True,0
1001,cars,2016,1,False,0
1001,cars,2017,0,False,0
1001,cars,2018,0,False,0
1001,cars,2019,0,False,0
1001,upstream,1980,366,True,0
1001,upstream,1981,365,True,0
1001,upstream,1982,365,True,0
1001,upstream,1983,365,True,0
1001,upstream,1984,366,True,0
1001,upstream,1985,365,True,0
1001,upstream,1986,352,True,0
1001,upstream,1987,365,True,0
1001,upstream,1988,366,True,0
1001,upstream,1989,365,True,0
1001,upstream,1990,365,True,0
1001,upstream,1991,365,True,0
1001,upstream,1992,366,True,0
1001,upstream,1993,365,True,0
1001,upstream,1994,365,True,0
1001,upstream,1995,365,True,0
1001,upstream,1996,366,True,0
1001,upstream,1997,365,True,0
1001,upstream,1998,365,True,0
1001,upstream,1999,365,True,0
1001,upstream,2000,366,True,0
1001,upstream,2001,365,True,0
1001,upstream,2002,365,True,0
1001,upstream,2003,365,True,0
1001,upstream,2004,366,True,0
1001,upstream,2005,365,True,0
1001,upstream,2006,365,True,0
1001,upstream,2007,365,True,0
1001,upstream,2008,366,True,0
1001,upstream,2009,365,True,0
1001,upstream,2010,365,True,0
1001,upstream,2011,365,True,0
1001,upstream,2012,366,True,0
1001,upstream,2013,365,True,0
1001,upstream,2014,365,True,0
1001,upstream,2015,365,True,0
1001,upstream,2016,0,False,0
1001,upstream,2017,0,False,0
1001,upstream,2018,0,False,0
1001,upstream,2019,0,False,0
1003,cars,1980,366,True,0
1003,cars,1981,365,True,0
1003,cars,1982,365,True,0
1003,cars,1983,365,True,0
1003,cars,1984,366,True,0
1003,cars,1985,365,True,0
1003,cars,1986,365,True,0
1003,cars,1987,365,True,0
1003,cars,1988,366,True,0
1003,cars,1989,365,True,0
1003,cars,1990,365,True,0
1003,cars,1991,365,True,0
1003,cars,1992,366,True,0
1003,cars,1993,365,True,0
1003,cars,1994,365,True,0
1003,cars,1995,365,True,0
1003,cars,1996,366,True,0
1003,cars,1997,365,True,0
1003,cars,1998,365,True,0
1003,cars,1999,365,True,0
1003,cars,2000,366,True,0
1003,cars,2001,365,True,0
1003,cars,2002,365,True,0
1003,cars,2003,365,True,0
1003,cars,2004,366,True,0
1003,cars,2005,365,True,0
1003,cars,2006,365,True,0
1003,cars,2007,365,True,0
1003,cars,2008,366,True,0
1003,cars,2009,365,True,0
1003,cars,2010,365,True,0
1003,cars,2011,365,True,0
1003,cars,2012,366,True,0
1003,cars,2013,365,True,0
1003,cars,2014,365,True,0
1003,cars,2015,365,True,0
1003,cars,2016,1,False,0
1003,cars,2017,0,False,0
1003,cars,2018,0,False,0
1003,cars,2019,0,False,0
1003,upstream,1980,363,True,0
1003,upstream,1981,365,True,0
1003,upstream,1982,365,True,0
1003,upstream,1983,365,True,0
1003,upstream,1984,366,True,0
1003,upstream,1985,365,True,0
1003,upstream,1986,365,True,0
1003,upstream,1987,365,True,0
1003,upstream,1988,366,True,0
1003,upstream,1989,365,True,0
1003,upstream,1990,365,True,0
1003,upstream,1991,365,True,0
1003,upstream,1992,366,True,0
1003,upstream,1993,365,True,0
1003,upstream,1994,365,True,0
1003,upstream,1995,365,True,0
1003,upstream,1996,366,True,0
1003,upstream,1997,365,True,0
1003,upstream,1998,365,True,0
1003,upstream,1999,365,True,0
1003,upstream,2000,366,True,0
1003,upstream,2001,365,True,0
1003,upstream,2002,365,True,0
1003,upstream,2003,365,True,0
1003,upstream,2004,366,True,0
1003,upstream,2005,365,True,0
1003,upstream,2006,365,True,0
1003,upstream,2007,365,True,0
1003,upstream,2008,366,True,0
1003,upstream,2009,365,True,0
1003,upstream,2010,365,True,0
1003,upstream,2011,365,True,0
1003,upstream,2012,366,True,0
1003,upstream,2013,365,True,0
1003,upstream,2014,365,True,0
1003,upstream,2015,365,True,0
1003,upstream,2016,0,False,0
1003,upstream,2017,0,False,0
1003,upstream,2018,0,False,0
1003,upstream,2019,0,False,0
1006,cars,1980,366,True,0
1006,cars,1981,365,True,0
1006,cars,1982,365,True,0
1006,cars,1983,365,True,0
1006,cars,1984,366,True,0
1006,cars,1985,365,True,0
1006,cars,1986,365,True,0
1006,cars,1987,365,True,0
1006,cars,1988,366,True,0
1006,cars,1989,365,True,0
1006,cars,1990,365,True,0
1006,cars,1991,365,True,0
1006,cars,1992,366,True,0
1006,cars,1993,365,True,0
1006,cars,1994,365,True,0
1006,cars,1995,365,True,0
1006,cars,1996,366,True,0
1006,cars,1997,365,True,0
1006,cars,1998,365,True,0
1006,cars,1999,365,True,0
1006,cars,2000,366,True,0
1006,cars,2001,365,True,0
1006,cars,2002,365,True,0
1006,cars,2003,365,True,0
1006,cars,2004,366,True,0
1006,cars,2005,365,True,0
1006,cars,2006,365,True,0
1006,cars,2007,365,True,0
1006,cars,2008,366,True,0
1006,cars,2009,365,True,0
1006,cars,2010,365,True,0
1006,cars,2011,365,True,0
1006,cars,2012,366,True,0
1006,cars,2013,365,True,0
1006,cars,2014,365,True,0
1006,cars,2015,62,False,0
1006,cars,2016,0,False,0
1006,cars,2017,0,False,0
1006,cars,2018,0,False,0
1006,cars,2019,0,False,0
1006,upstream,1980,366,True,0
1006,upstream,1981,365,True,0
1006,upstream,1982,365,True,0
1006,upstream,1983,365,True,0
1006,upstream,1984,366,True,0
1006,upstream,1985,365,True,0
1006,upstream,1986,365,True,0
1006,upstream,1987,365,True,0
1006,upstream,1988,366,True,0
1006,upstream,1989,365,True,0
1006,upstream,1990,365,True,0
1006,upstream,1991,365,True,0
1006,upstream,1992,366,True,0
1006,upstream,1993,365,True,0
1006,upstream,1994,365,True,0
1006,upstream,1995,365,True,0
1006,upstream,1996,366,True,0
1006,upstream,1997,365,True,0
1006,upstream,1998,365,True,0
1006,upstream,1999,365,True,0
1006,upstream,2000,366,True,0
1006,upstream,2001,365,True,0
1006,upstream,2002,365,True,0
1006,upstream,2003,365,True,0
1006,upstream,2004,366,True,0
1006,upstream,2005,365,True,0
1006,upstream,2006,365,True,0
1006,upstream,2007,365,True,0
1006,upstream,2008,366,True,0
1006,upstream,2009,365,True,0
1006,upstream,2010,365,True,0
1006,upstream,2011,365,True,0
1006,upstream,2012,366,True,0
1006,upstream,2013,365,True,0
1006,upstream,2014,365,True,0
1006,upstream,2015,61,False,0
1006,upstream,2016,0,False,0
1006,upstream,2017,0,False,0
1006,upstream,2018,0,False,0
1006,upstream,2019,0,False,0
1007,cars,1980,366,True,0
1007,cars,1981,365,True,0
1007,cars,1982,365,True,0
1007,cars,1983,365,True,0
1007,cars,1984,366,True,0
1007,cars,1985,365,True,0
1007,cars,1986,365,True,0
1007,cars,1987,365,True,0
1007,cars,1988,366,True,0
1007,cars,1989,365,True,0
1007,cars,1990,365,True,0
1007,cars,1991,365,True,0
1007,cars,1992,366,True,0
1007,cars,1993,365,True,0
1007,cars,1994,365,True,0
1007,cars,1995,365,True,0
1007,cars,1996,366,True,0
1007,cars,1997,365,True,0
1007,cars,1998,365,True,0
1007,cars,1999,365,True,0
1007,cars,2000,366,True,0
1007,cars,2001,365,True,0
1007,cars,2002,365,True,0
1007,cars,2003,365,True,0
1007,cars,2004,366,True,0
1007,cars,2005,365,True,0
1007,cars,2006,365,True,0
1007,cars,2007,365,True,0
1007,cars,2008,366,True,0
1007,cars,2009,365,True,0
1007,cars,2010,365,True,0
1007,cars,2011,365,True,0
1007,cars,2012,366,True,0
1007,cars,2013,365,True,0
1007,cars,2014,365,True,0
1007,cars,2015,365,True,0
1007,cars,2016,1,False,0
1007,cars,2017,0,False,0
1007,cars,2018,0,False,0
1007,cars,2019,0,False,0
1007,upstream,1980,366,True,0
1007,upstream,1981,365,True,0
1007,upstream,1982,365,True,0
1007,upstream,1983,365,True,0
1007,upstream,1984,366,True,0
1007,upstream,1985,365,True,0
1007,upstream,1986,365,True,0
1007,upstream,1987,365,True,0
1007,upstream,1988,366,True,0
1007,upstream,1989,365,True,0
1007,upstream,1990,365,True,0
1007,upstream,1991,365,True,0
1007,upstream,1992,366,True,0
1007,upstream,1993,365,True,0
1007,upstream,1994,365,True,0
1007,upstream,1995,365,True,0
1007,upstream,1996,366,True,0
1007,upstream,1997,365,True,0
1007,upstream,1998,365,True,0
1007,upstream,1999,365,True,0
1007,upstream,2000,366,True,0
1007,upstream,2001,365,True,0
1007,upstream,2002,365,True,0
1007,upstream,2003,365,True,0
1007,upstream,2004,366,True,0
1007,upstream,2005,365,True,0
1007,upstream,2006,365,True,0
1007,upstream,2007,365,True,0
1007,upstream,2008,366,True,0
1007,upstream,2009,365,True,0
1007,upstream,2010,365,True,0
1007,upstream,2011,365,True,0
1007,upstream,2012,366,True,0
1007,upstream,2013,365,True,0
1007,upstream,2014,365,True,0
1007,upstream,2015,365,True,0
1007,upstream,2016,0,False,0
1007,upstream,2017,0,False,0
1007,upstream,2018,0,False,0
1007,upstream,2019,0,False,0
1017,cars,1980,366,True,0
1017,cars,1981,365,True,0
1017,cars,1982,365,True,0
1017,cars,1983,365,True,0
1017,cars,1984,366,True,0
1017,cars,1985,365,True,0
1017,cars,1986,365,True,0
1017,cars,1987,365,True,0
1017,cars,1988,366,True,0
1017,cars,1989,365,True,0
1017,cars,1990,365,True,0
1017,cars,1991,365,True,0
1017,cars,1992,366,True,0
1017,cars,1993,365,True,0
1017,cars,1994,365,True,0
1017,cars,1995,365,True,0
1017,cars,1996,366,True,0
1017,cars,1997,365,True,0
1017,cars,1998,365,True,0
1017,cars,1999,365,True,0
1017,cars,2000,366,True,0
1017,cars,2001,365,True,0
1017,cars,2002,365,True,0
1017,cars,2003,365,True,0
1017,cars,2004,366,True,0
1017,cars,2005,365,True,0
1017,cars,2006,365,True,0
1017,cars,2007,365,True,0
1017,cars,2008,366,True,0
1017,cars,2009,365,True,0
1017,cars,2010,365,True,0
1017,cars,2011,365,True,0
1017,cars,2012,366,True,0
1017,cars,2013,365,True,0
1017,cars,2014,365,True,0
1017,cars,2015,365,True,0
1017,cars,2016,366,True,0
1017,cars,2017,365,True,0
1017,cars,2018,365,True,0
1017,cars,2019,365,True,0
1017,upstream,1980,366,True,0
1017,upstream,1981,365,True,0
1017,upstream,1982,365,True,0
1017,upstream,1983,365,True,0
1017,upstream,1984,366,True,0
1017,upstream,1985,365,True,0
1017,upstream,1986,365,True,0
1017,upstream,1987,365,True,0
1017,upstream,1988,366,True,0
1017,upstream,1989,365,True,0
1017,upstream,1990,365,True,0
1017,upstream,1991,365,True,0
1017,upstream,1992,366,True,0
1017,upstream,1993,365,True,0
1017,upstream,1994,365,True,0
1017,upstream,1995,365,True,0
1017,upstream,1996,366,True,0
1017,upstream,1997,365,True,0
1017,upstream,1998,365,True,0
1017,upstream,1999,365,True,0
1017,upstream,2000,366,True,0
1017,upstream,2001,365,True,0
1017,upstream,2002,365,True,0
1017,upstream,2003,365,True,0
1017,upstream,2004,366,True,0
1017,upstream,2005,365,True,0
1017,upstream,2006,365,True,0
1017,upstream,2007,365,True,0
1017,upstream,2008,366,True,0
1017,upstream,2009,365,True,0
1017,upstream,2010,365,True,0
1017,upstream,2011,365,True,0
1017,upstream,2012,366,True,0
1017,upstream,2013,365,True,0
1017,upstream,2014,365,True,0
1017,upstream,2015,365,True,0
1017,upstream,2016,366,True,0
1017,upstream,2017,365,True,0
1017,upstream,2018,365,True,0
1017,upstream,2019,365,True,0
1020,cars,1980,84,False,0
1020,cars,1981,365,True,0
1020,cars,1982,365,True,0
1020,cars,1983,365,True,0
1020,cars,1984,366,True,0
1020,cars,1985,365,True,0
1020,cars,1986,335,True,0
1020,cars,1987,365,True,0
1020,cars,1988,366,True,0
1020,cars,1989,365,True,0
1020,cars,1990,365,True,0
1020,cars,1991,365,True,0
1020,cars,1992,366,True,0
1020,cars,1993,365,True,0
1020,cars,1994,365,True,0
1020,cars,1995,365,True,0
1020,cars,1996,366,True,0
1020,cars,1997,365,True,0
1020,cars,1998,365,True,0
1020,cars,1999,365,True,0
1020,cars,2000,366,True,0
1020,cars,2001,365,True,0
1020,cars,2002,365,True,0
1020,cars,2003,365,True,0
1020,cars,2004,366,True,0
1020,cars,2005,365,True,0
1020,cars,2006,365,True,0
1020,cars,2007,365,True,0
1020,cars,2008,366,True,0
1020,cars,2009,365,True,0
1020,cars,2010,365,True,0
1020,cars,2011,365,True,0
1020,cars,2012,366,True,0
1020,cars,2013,365,True,0
1020,cars,2014,365,True,0
1020,cars,2015,365,True,0
1020,cars,2016,1,False,0
1020,cars,2017,0,False,0
1020,cars,2018,0,False,0
1020,cars,2019,0,False,0
1020,upstream,1980,76,False,0
1020,upstream,1981,363,True,0
1020,upstream,1982,365,True,0
1020,upstream,1983,365,True,0
1020,upstream,1984,366,True,0
1020,upstream,1985,365,True,0
1020,upstream,1986,334,True,0
1020,upstream,1987,365,True,0
1020,upstream,1988,366,True,0
1020,upstream,1989,365,True,0
1020,upstream,1990,365,True,0
1020,upstream,1991,365,True,0
1020,upstream,1992,366,True,0
1020,upstream,1993,365,True,0
1020,upstream,1994,365,True,0
1020,upstream,1995,365,True,0
1020,upstream,1996,366,True,0
1020,upstream,1997,365,True,0
1020,upstream,1998,365,True,0
1020,upstream,1999,365,True,0
1020,upstream,2000,366,True,0
1020,upstream,2001,365,True,0
1020,upstream,2002,365,True,0
1020,upstream,2003,365,True,0
1020,upstream,2004,366,True,0
1020,upstream,2005,365,True,0
1020,upstream,2006,365,True,0
1020,upstream,2007,365,True,0
1020,upstream,2008,366,True,0
1020,upstream,2009,365,True,0
1020,upstream,2010,365,True,0
1020,upstream,2011,365,True,0
1020,upstream,2012,366,True,0
1020,upstream,2013,365,True,0
1020,upstream,2014,365,True,0
1020,upstream,2015,365,True,0
1020,upstream,2016,0,False,0
1020,upstream,2017,0,False,0
1020,upstream,2018,0,False,0
1020,upstream,2019,0,False,0
1021,cars,1980,366,True,0
1021,cars,1981,365,True,0
1021,cars,1982,365,True,0
1021,cars,1983,365,True,0
1021,cars,1984,366,True,0
1021,cars,1985,365,True,0
1021,cars,1986,365,True,0
1021,cars,1987,365,True,0
1021,cars,1988,366,True,0
1021,cars,1989,365,True,0
1021,cars,1990,365,True,0
1021,cars,1991,365,True,0
1021,cars,1992,366,True,0
1021,cars,1993,365,True,0
1021,cars,1994,365,True,0
1021,cars,1995,365,True,0
1021,cars,1996,366,True,0
1021,cars,1997,365,True,0
1021,cars,1998,365,True,0
1021,cars,1999,365,True,0
1021,cars,2000,366,True,0
1021,cars,2001,365,True,0
1021,cars,2002,365,True,0
1021,cars,2003,365,True,0
1021,cars,2004,366,True,0
1021,cars,2005,365,True,0
1021,cars,2006,365,True,0
1021,cars,2007,365,True,0
1021,cars,2008,366,True,0
1021,cars,2009,365,True,0
1021,cars,2010,365,True,0
1021,cars,2011,365,True,0
1021,cars,2012,366,True,0
1021,cars,2013,365,True,0
1021,cars,2014,365,True,0
1021,cars,2015,365,True,0
1021,cars,2016,1,False,0
1021,cars,2017,0,False,0
1021,cars,2018,0,False,0
1021,cars,2019,0,False,0
1021,upstream,1980,366,True,0
1021,upstream,1981,365,True,0
1021,upstream,1982,365,True,0
1021,upstream,1983,365,True,0
1021,upstream,1984,366,True,0
1021,upstream,1985,365,True,0
1021,upstream,1986,365,True,0
1021,upstream,1987,365,True,0
1021,upstream,1988,366,True,0
1021,upstream,1989,365,True,0
1021,upstream,1990,365,True,0
1021,upstream,1991,365,True,0
1021,upstream,1992,366,True,0
1021,upstream,1993,365,True,0
1021,upstream,1994,365,True,0
1021,upstream,1995,365,True,0
1021,upstream,1996,366,True,0
1021,upstream,1997,365,True,0
1021,upstream,1998,365,True,0
1021,upstream,1999,365,True,0
1021,upstream,2000,366,True,0
1021,upstream,2001,365,True,0
1021,upstream,2002,365,True,0
1021,upstream,2003,365,True,0
1021,upstream,2004,366,True,0
1021,upstream,2005,365,True,0
1021,upstream,2006,365,True,0
1021,upstream,2007,365,True,0
1021,upstream,2008,366,True,0
1021,upstream,2009,365,True,0
1021,upstream,2010,365,True,0
1021,upstream,2011,365,True,0
1021,upstream,2012,366,True,0
1021,upstream,2013,365,True,0
1021,upstream,2014,365,True,0
1021,upstream,2015,365,True,0
1021,upstream,2016,0,False,0
1021,upstream,2017,0,False,0
1021,upstream,2018,0,False,0
1021,upstream,2019,0,False,0
1023,cars,1980,366,True,0
1023,cars,1981,365,True,0
1023,cars,1982,365,True,0
1023,cars,1983,365,True,0
1023,cars,1984,366,True,0
1023,cars,1985,365,True,0
1023,cars,1986,365,True,0
1023,cars,1987,365,True,0
1023,cars,1988,366,True,0
1023,cars,1989,365,True,0
1023,cars,1990,365,True,0
1023,cars,1991,365,True,0
1023,cars,1992,366,True,0
1023,cars,1993,365,True,0
1023,cars,1994,365,True,0
1023,cars,1995,365,True,0
1023,cars,1996,366,True,0
1023,cars,1997,365,True,0
1023,cars,1998,365,True,0
1023,cars,1999,365,True,0
1023,cars,2000,366,True,0
1023,cars,2001,365,True,0
1023,cars,2002,365,True,0
1023,cars,2003,365,True,0
1023,cars,2004,366,True,0
1023,cars,2005,365,True,0
1023,cars,2006,365,True,0
1023,cars,2007,365,True,0
1023,cars,2008,366,True,0
1023,cars,2009,365,True,0
1023,cars,2010,365,True,0
1023,cars,2011,365,True,0
1023,cars,2012,366,True,0
1023,cars,2013,365,True,0
1023,cars,2014,365,True,0
1023,cars,2015,365,True,0
1023,cars,2016,1,False,0
1023,cars,2017,0,False,0
1023,cars,2018,0,False,0
1023,cars,2019,0,False,0
1023,upstream,1980,366,True,0
1023,upstream,1981,365,True,0
1023,upstream,1982,365,True,0
1023,upstream,1983,365,True,0
1023,upstream,1984,366,True,0
1023,upstream,1985,365,True,0
1023,upstream,1986,365,True,0
1023,upstream,1987,365,True,0
1023,upstream,1988,366,True,0
1023,upstream,1989,365,True,0
1023,upstream,1990,365,True,0
1023,upstream,1991,365,True,0
1023,upstream,1992,366,True,0
1023,upstream,1993,365,True,0
1023,upstream,1994,365,True,0
1023,upstream,1995,365,True,0
1023,upstream,1996,366,True,0
1023,upstream,1997,365,True,0
1023,upstream,1998,365,True,0
1023,upstream,1999,365,True,0
1023,upstream,2000,366,True,0
1023,upstream,2001,365,True,0
1023,upstream,2002,365,True,0
1023,upstream,2003,365,True,0
1023,upstream,2004,366,True,0
1023,upstream,2005,365,True,0
1023,upstream,2006,365,True,0
1023,upstream,2007,365,True,0
1023,upstream,2008,366,True,0
1023,upstream,2009,365,True,0
1023,upstream,2010,365,True,0
1023,upstream,2011,365,True,0
1023,upstream,2012,366,True,0
1023,upstream,2013,365,True,0
1023,upstream,2014,365,True,0
1023,upstream,2015,365,True,0
1023,upstream,2016,0,False,0
1023,upstream,2017,0,False,0
1023,upstream,2018,0,False,0
1023,upstream,2019,0,False,0
1026,cars,1980,366,True,0
1026,cars,1981,365,True,0
1026,cars,1982,365,True,0
1026,cars,1983,365,True,0
1026,cars,1984,366,True,0
1026,cars,1985,365,True,0
1026,cars,1986,365,True,0
1026,cars,1987,365,True,0
1026,cars,1988,366,True,0
1026,cars,1989,365,True,0
1026,cars,1990,365,True,0
1026,cars,1991,365,True,0
1026,cars,1992,366,True,0
1026,cars,1993,365,True,0
1026,cars,1994,365,True,0
1026,cars,1995,365,True,0
1026,cars,1996,366,True,0
1026,cars,1997,365,True,0
1026,cars,1998,365,True,0
1026,cars,1999,365,True,0
1026,cars,2000,366,True,0
1026,cars,2001,365,True,0
1026,cars,2002,365,True,0
1026,cars,2003,365,True,0
1026,cars,2004,366,True,0
1026,cars,2005,365,True,0
1026,cars,2006,365,True,0
1026,cars,2007,365,True,0
1026,cars,2008,366,True,0
1026,cars,2009,365,True,0
1026,cars,2010,365,True,0
1026,cars,2011,365,True,0
1026,cars,2012,366,True,0
1026,cars,2013,365,True,0
1026,cars,2014,365,True,0
1026,cars,2015,365,True,0
1026,cars,2016,366,True,0
1026,cars,2017,365,True,0
1026,cars,2018,365,True,0
1026,cars,2019,365,True,0
1026,upstream,1980,366,True,0
1026,upstream,1981,365,True,0
1026,upstream,1982,365,True,0
1026,upstream,1983,365,True,0
1026,upstream,1984,366,True,0
1026,upstream,1985,365,True,0
1026,upstream,1986,365,True,0
1026,upstream,1987,365,True,0
1026,upstream,1988,366,True,0
1026,upstream,1989,365,True,0
1026,upstream,1990,365,True,0
1026,upstream,1991,365,True,0
1026,upstream,1992,366,True,0
1026,upstream,1993,365,True,0
1026,upstream,1994,365,True,0
1026,upstream,1995,365,True,0
1026,upstream,1996,366,True,0
1026,upstream,1997,365,True,0
1026,upstream,1998,365,True,0
1026,upstream,1999,365,True,0
1026,upstream,2000,366,True,0
1026,upstream,2001,365,True,0
1026,upstream,2002,365,True,0
1026,upstream,2003,365,True,0
1026,upstream,2004,366,True,0
1026,upstream,2005,365,True,0
1026,upstream,2006,365,True,0
1026,upstream,2007,365,True,0
1026,upstream,2008,366,True,0
1026,upstream,2009,365,True,0
1026,upstream,2010,365,True,0
1026,upstream,2011,365,True,0
1026,upstream,2012,366,True,0
1026,upstream,2013,365,True,0
1026,upstream,2014,365,True,0
1026,upstream,2015,365,True,0
1026,upstream,2016,366,True,0
1026,upstream,2017,365,True,0
1026,upstream,2018,365,True,0
1026,upstream,2019,365,True,0
1027,cars,1980,366,True,0
1027,cars,1981,365,True,0
1027,cars,1982,365,True,0
1027,cars,1983,365,True,0
1027,cars,1984,366,True,0
1027,cars,1985,365,True,0
1027,cars,1986,365,True,0
1027,cars,1987,365,True,0
1027,cars,1988,366,True,0
1027,cars,1989,365,True,0
1027,cars,1990,365,True,0
1027,cars,1991,365,True,0
1027,cars,1992,366,True,0
1027,cars,1993,365,True,0
1027,cars,1994,365,True,0
1027,cars,1995,365,True,0
1027,cars,1996,366,True,0
1027,cars,1997,365,True,0
1027,cars,1998,365,True,0
1027,cars,1999,365,True,0
1027,cars,2000,366,True,0
1027,cars,2001,365,True,0
1027,cars,2002,365,True,0
1027,cars,2003,365,True,0
1027,cars,2004,366,True,0
1027,cars,2005,365,True,0
1027,cars,2006,365,True,0
1027,cars,2007,365,True,0
1027,cars,2008,366,True,0
1027,cars,2009,365,True,0
1027,cars,2010,365,True,0
1027,cars,2011,365,True,0
1027,cars,2012,366,True,0
1027,cars,2013,365,True,0
1027,cars,2014,365,True,0
1027,cars,2015,365,True,0
1027,cars,2016,1,False,0
1027,cars,2017,0,False,0
1027,cars,2018,0,False,0
1027,cars,2019,0,False,0
1027,upstream,1980,366,True,0
1027,upstream,1981,365,True,0
1027,upstream,1982,365,True,0
1027,upstream,1983,365,True,0
1027,upstream,1984,366,True,0
1027,upstream,1985,365,True,0
1027,upstream,1986,365,True,0
1027,upstream,1987,365,True,0
1027,upstream,1988,366,True,0
1027,upstream,1989,365,True,0
1027,upstream,1990,365,True,0
1027,upstream,1991,365,True,0
1027,upstream,1992,366,True,0
1027,upstream,1993,365,True,0
1027,upstream,1994,365,True,0
1027,upstream,1995,365,True,0
1027,upstream,1996,366,True,0
1027,upstream,1997,365,True,0
1027,upstream,1998,365,True,0
1027,upstream,1999,365,True,0
1027,upstream,2000,366,True,0
1027,upstream,2001,365,True,0
1027,upstream,2002,365,True,0
1027,upstream,2003,365,True,0
1027,upstream,2004,366,True,0
1027,upstream,2005,365,True,0
1027,upstream,2006,365,True,0
1027,upstream,2007,365,True,0
1027,upstream,2008,366,True,0
1027,upstream,2009,365,True,0
1027,upstream,2010,365,True,0
1027,upstream,2011,365,True,0
1027,upstream,2012,366,True,0
1027,upstream,2013,365,True,0
1027,upstream,2014,365,True,0
1027,upstream,2015,365,True,0
1027,upstream,2016,0,False,0
1027,upstream,2017,0,False,0
1027,upstream,2018,0,False,0
1027,upstream,2019,0,False,0
1028,cars,1980,366,True,0
1028,cars,1981,365,True,0
1028,cars,1982,365,True,0
1028,cars,1983,365,True,0
1028,cars,1984,366,True,0
1028,cars,1985,365,True,0
1028,cars,1986,365,True,0
1028,cars,1987,365,True,0
1028,cars,1988,366,True,0
1028,cars,1989,365,True,0
1028,cars,1990,365,True,0
1028,cars,1991,365,True,0
1028,cars,1992,366,True,0
1028,cars,1993,365,True,0
1028,cars,1994,365,True,0
1028,cars,1995,365,True,0
1028,cars,1996,366,True,0
1028,cars,1997,365,True,0
1028,cars,1998,365,True,0
1028,cars,1999,365,True,0
1028,cars,2000,366,True,0
1028,cars,2001,365,True,0
1028,cars,2002,365,True,0
1028,cars,2003,365,True,0
1028,cars,2004,366,True,0
1028,cars,2005,365,True,0
1028,cars,2006,365,True,0
1028,cars,2007,365,True,0
1028,cars,2008,366,True,0
1028,cars,2009,365,True,0
1028,cars,2010,365,True,0
1028,cars,2011,365,True,0
1028,cars,2012,366,True,0
1028,cars,2013,365,True,0
1028,cars,2014,365,True,0
1028,cars,2015,365,True,0
1028,cars,2016,1,False,0
1028,cars,2017,0,False,0
1028,cars,2018,0,False,0
1028,cars,2019,0,False,0
1028,upstream,1980,366,True,0
1028,upstream,1981,365,True,0
1028,upstream,1982,365,True,0
1028,upstream,1983,365,True,0
1028,upstream,1984,366,True,0
1028,upstream,1985,365,True,0
1028,upstream,1986,365,True,0
1028,upstream,1987,365,True,0
1028,upstream,1988,366,True,0
1028,upstream,1989,365,True,0
1028,upstream,1990,365,True,0
1028,upstream,1991,365,True,0
1028,upstream,1992,366,True,0
1028,upstream,1993,365,True,0
1028,upstream,1994,365,True,0
1028,upstream,1995,365,True,0
1028,upstream,1996,366,True,0
1028,upstream,1997,365,True,0
1028,upstream,1998,365,True,0
1028,upstream,1999,365,True,0
1028,upstream,2000,366,True,0
1028,upstream,2001,365,True,0
1028,upstream,2002,365,True,0
1028,upstream,2003,365,True,0
1028,upstream,2004,366,True,0
1028,upstream,2005,365,True,0
1028,upstream,2006,365,True,0
1028,upstream,2007,365,True,0
1028,upstream,2008,366,True,0
1028,upstream,2009,365,True,0
1028,upstream,2010,365,True,0
1028,upstream,2011,365,True,0
1028,upstream,2012,366,True,0
1028,upstream,2013,365,True,0
1028,upstream,2014,365,True,0
1028,upstream,2015,365,True,0
1028,upstream,2016,0,False,0
1028,upstream,2017,0,False,0
1028,upstream,2018,0,False,0
1028,upstream,2019,0,False,0
1032,cars,1980,366,True,0
1032,cars,1981,365,True,0
1032,cars,1982,365,True,0
1032,cars,1983,365,True,0
1032,cars,1984,366,True,0
1032,cars,1985,365,True,0
1032,cars,1986,365,True,0
1032,cars,1987,365,True,0
1032,cars,1988,366,True,0
1032,cars,1989,365,True,0
1032,cars,1990,365,True,0
1032,cars,1991,365,True,0
1032,cars,1992,366,True,0
1032,cars,1993,365,True,0
1032,cars,1994,365,True,0
1032,cars,1995,365,True,0
1032,cars,1996,366,True,0
1032,cars,1997,365,True,0
1032,cars,1998,365,True,0
1032,cars,1999,365,True,0
1032,cars,2000,366,True,0
1032,cars,2001,365,True,0
1032,cars,2002,365,True,0
1032,cars,2003,365,True,0
1032,cars,2004,366,True,0
1032,cars,2005,365,True,0
1032,cars,2006,365,True,0
1032,cars,2007,365,True,0
1032,cars,2008,366,True,0
1032,cars,2009,365,True,0
1032,cars,2010,365,True,0
1032,cars,2011,365,True,0
1032,cars,2012,366,True,0
1032,cars,2013,365,True,0
1032,cars,2014,365,True,0
1032,cars,2015,365,True,0
1032,cars,2016,1,False,0
1032,cars,2017,0,False,0
1032,cars,2018,0,False,0
1032,cars,2019,0,False,0
1032,upstream,1980,366,True,0
1032,upstream,1981,365,True,0
1032,upstream,1982,365,True,0
1032,upstream,1983,365,True,0
1032,upstream,1984,366,True,0
1032,upstream,1985,365,True,0
1032,upstream,1986,365,True,0
1032,upstream,1987,365,True,0
1032,upstream,1988,366,True,0
1032,upstream,1989,365,True,0
1032,upstream,1990,365,True,0
1032,upstream,1991,365,True,0
1032,upstream,1992,366,True,0
1032,upstream,1993,365,True,0
1032,upstream,1994,365,True,0
1032,upstream,1995,365,True,0
1032,upstream,1996,366,True,0
1032,upstream,1997,365,True,0
1032,upstream,1998,365,True,0
1032,upstream,1999,365,True,0
1032,upstream,2000,366,True,0
1032,upstream,2001,365,True,0
1032,upstream,2002,365,True,0
1032,upstream,2003,365,True,0
1032,upstream,2004,366,True,0
1032,upstream,2005,365,True,0
1032,upstream,2006,365,True,0
1032,upstream,2007,365,True,0
1032,upstream,2008,366,True,0
1032,upstream,2009,365,True,0
1032,upstream,2010,365,True,0
1032,upstream,2011,365,True,0
1032,upstream,2012,366,True,0
1032,upstream,2013,365,True,0
1032,upstream,2014,365,True,0
1032,upstream,2015,365,True,0
1032,upstream,2016,0,False,0
1032,upstream,2017,0,False,0
1032,upstream,2018,0,False,0
1032,upstream,2019,0,False,0
1033,cars,1980,366,True,0
1033,cars,1981,365,True,0
1033,cars,1982,365,True,0
1033,cars,1983,365,True,0
1033,cars,1984,366,True,0
1033,cars,1985,365,True,0
1033,cars,1986,365,True,0
1033,cars,1987,365,True,0
1033,cars,1988,366,True,0
1033,cars,1989,365,True,0
1033,cars,1990,365,True,0
1033,cars,1991,365,True,0
1033,cars,1992,366,True,0
1033,cars,1993,365,True,0
1033,cars,1994,365,True,0
1033,cars,1995,365,True,0
1033,cars,1996,366,True,0
1033,cars,1997,365,True,0
1033,cars,1998,365,True,0
1033,cars,1999,365,True,0
1033,cars,2000,366,True,0
1033,cars,2001,365,True,0
1033,cars,2002,365,True,0
1033,cars,2003,365,True,0
1033,cars,2004,366,True,0
1033,cars,2005,365,True,0
1033,cars,2006,365,True,0
1033,cars,2007,365,True,0
1033,cars,2008,366,True,0
1033,cars,2009,365,True,0
1033,cars,2010,365,True,0
1033,cars,2011,365,True,0
1033,cars,2012,366,True,0
1033,cars,2013,365,True,0
1033,cars,2014,365,True,0
1033,cars,2015,365,True,0
1033,cars,2016,366,True,0
1033,cars,2017,365,True,0
1033,cars,2018,365,True,0
1033,cars,2019,365,True,0
1033,upstream,1980,366,True,0
1033,upstream,1981,365,True,0
1033,upstream,1982,365,True,0
1033,upstream,1983,365,True,0
1033,upstream,1984,366,True,0
1033,upstream,1985,365,True,0
1033,upstream,1986,365,True,0
1033,upstream,1987,365,True,0
1033,upstream,1988,366,True,0
1033,upstream,1989,365,True,0
1033,upstream,1990,365,True,0
1033,upstream,1991,365,True,0
1033,upstream,1992,366,True,0
1033,upstream,1993,365,True,0
1033,upstream,1994,365,True,0
1033,upstream,1995,365,True,0
1033,upstream,1996,366,True,0
1033,upstream,1997,365,True,0
1033,upstream,1998,365,True,0
1033,upstream,1999,365,True,0
1033,upstream,2000,366,True,0
1033,upstream,2001,365,True,0
1033,upstream,2002,365,True,0
1033,upstream,2003,365,True,0
1033,upstream,2004,366,True,0
1033,upstream,2005,365,True,0
1033,upstream,2006,365,True,0
1033,upstream,2007,365,True,0
1033,upstream,2008,366,True,0
1033,upstream,2009,365,True,0
1033,upstream,2010,365,True,0
1033,upstream,2011,365,True,0
1033,upstream,2012,366,True,0
1033,upstream,2013,365,True,0
1033,upstream,2014,365,True,0
1033,upstream,2015,365,True,0
1033,upstream,2016,365,True,1
1033,upstream,2017,365,True,0
1033,upstream,2018,365,True,0
1033,upstream,2019,365,True,0
1036,cars,1980,366,True,0
1036,cars,1981,365,True,0
1036,cars,1982,365,True,0
1036,cars,1983,365,True,0
1036,cars,1984,366,True,0
1036,cars,1985,365,True,0
1036,cars,1986,365,True,0
1036,cars,1987,365,True,0
1036,cars,1988,366,True,0
1036,cars,1989,365,True,0
1036,cars,1990,365,True,0
1036,cars,1991,365,True,0
1036,cars,1992,366,True,0
1036,cars,1993,365,True,0
1036,cars,1994,365,True,0
1036,cars,1995,365,True,0
1036,cars,1996,366,True,0
1036,cars,1997,365,True,0
1036,cars,1998,365,True,0
1036,cars,1999,365,True,0
1036,cars,2000,366,True,0
1036,cars,2001,365,True,0
1036,cars,2002,365,True,0
1036,cars,2003,365,True,0
1036,cars,2004,366,True,0
1036,cars,2005,365,True,0
1036,cars,2006,365,True,0
1036,cars,2007,365,True,0
1036,cars,2008,366,True,0
1036,cars,2009,365,True,0
1036,cars,2010,365,True,0
1036,cars,2011,365,True,0
1036,cars,2012,366,True,0
1036,cars,2013,365,True,0
1036,cars,2014,365,True,0
1036,cars,2015,365,True,0
1036,cars,2016,366,True,0
1036,cars,2017,365,True,0
1036,cars,2018,365,True,0
1036,cars,2019,365,True,0
1036,upstream,1980,366,True,0
1036,upstream,1981,365,True,0
1036,upstream,1982,365,True,0
1036,upstream,1983,365,True,0
1036,upstream,1984,366,True,0
1036,upstream,1985,365,True,0
1036,upstream,1986,365,True,0
1036,upstream,1987,365,True,0
1036,upstream,1988,366,True,0
1036,upstream,1989,365,True,0
1036,upstream,1990,365,True,0
1036,upstream,1991,365,True,0
1036,upstream,1992,366,True,0
1036,upstream,1993,365,True,0
1036,upstream,1994,365,True,0
1036,upstream,1995,365,True,0
1036,upstream,1996,366,True,0
1036,upstream,1997,365,True,0
1036,upstream,1998,365,True,0
1036,upstream,1999,365,True,0
1036,upstream,2000,366,True,0
1036,upstream,2001,365,True,0
1036,upstream,2002,365,True,0
1036,upstream,2003,365,True,0
1036,upstream,2004,366,True,0
1036,upstream,2005,365,True,0
1036,upstream,2006,365,True,0
1036,upstream,2007,365,True,0
1036,upstream,2008,366,True,0
1036,upstream,2009,365,True,0
1036,upstream,2010,365,True,0
1036,upstream,2011,365,True,0
1036,upstream,2012,366,True,0
1036,upstream,2013,365,True,0
1036,upstream,2014,365,True,0
1036,upstream,2015,365,True,0
1036,upstream,2016,366,True,0
1036,upstream,2017,365,True,0
1036,upstream,2018,365,True,0
1036,upstream,2019,365,True,0
1042,cars,1980,366,True,0
1042,cars,1981,365,True,0
1042,cars,1982,365,True,0
1042,cars,1983,365,True,0
1042,cars,1984,366,True,0
1042,cars,1985,365,True,0
1042,cars,1986,365,True,0
1042,cars,1987,365,True,0
1042,cars,1988,366,True,0
1042,cars,1989,365,True,0
1042,cars,1990,365,True,0
1042,cars,1991,365,True,0
1042,cars,1992,366,True,0
1042,cars,1993,365,True,0
1042,cars,1994,365,True,0
1042,cars,1995,365,True,0
1042,cars,1996,366,True,0
1042,cars,1997,365,True,0
1042,cars,1998,365,True,0
1042,cars,1999,365,True,0
1042,cars,2000,366,True,0
1042,cars,2001,365,True,0
1042,cars,2002,365,True,0
1042,cars,2003,365,True,0
1042,cars,2004,366,True,0
1042,cars,2005,365,True,0
1042,cars,2006,365,True,0
1042,cars,2007,365,True,0
1042,cars,2008,366,True,0
1042,cars,2009,365,True,0
1042,cars,2010,365,True,0
1042,cars,2011,365,True,0
1042,cars,2012,366,True,0
1042,cars,2013,365,True,0
1042,cars,2014,365,True,0
1042,cars,2015,365,True,0
1042,cars,2016,366,True,0
1042,cars,2017,365,True,0
1042,cars,2018,365,True,0
1042,cars,2019,365,True,0
1042,upstream,1980,366,True,0
1042,upstream,1981,365,True,0
1042,upstream,1982,365,True,0
1042,upstream,1983,365,True,0
1042,upstream,1984,366,True,0
1042,upstream,1985,365,True,0
1042,upstream,1986,365,True,0
1042,upstream,1987,365,True,0
1042,upstream,1988,366,True,0
1042,upstream,1989,365,True,0
1042,upstream,1990,365,True,0
1042,upstream,1991,365,True,0
1042,upstream,1992,366,True,0
1042,upstream,1993,365,True,0
1042,upstream,1994,365,True,0
1042,upstream,1995,365,True,0
1042,upstream,1996,366,True,0
1042,upstream,1997,365,True,0
1042,upstream,1998,365,True,0
1042,upstream,1999,365,True,0
1042,upstream,2000,366,True,0
1042,upstream,2001,365,True,0
1042,upstream,2002,365,True,0
1042,upstream,2003,365,True,0
1042,upstream,2004,366,True,0
1042,upstream,2005,365,True,0
1042,upstream,2006,365,True,0
1042,upstream,2007,365,True,0
1042,upstream,2008,366,True,0
1042,upstream,2009,365,True,0
1042,upstream,2010,365,True,0
1042,upstream,2011,365,True,0
1042,upstream,2012,366,True,0
1042,upstream,2013,365,True,0
1042,upstream,2014,365,True,0
1042,upstream,2015,365,True,0
1042,upstream,2016,366,True,0
1042,upstream,2017,365,True,0
1042,upstream,2018,365,True,0
1042,upstream,2019,365,True,0
1048,cars,1980,366,True,0
1048,cars,1981,365,True,0
1048,cars,1982,365,True,0
1048,cars,1983,365,True,0
1048,cars,1984,366,True,0
1048,cars,1985,365,True,0
1048,cars,1986,365,True,0
1048,cars,1987,365,True,0
1048,cars,1988,366,True,0
1048,cars,1989,365,True,0
1048,cars,1990,365,True,0
1048,cars,1991,365,True,0
1048,cars,1992,366,True,0
1048,cars,1993,365,True,0
1048,cars,1994,365,True,0
1048,cars,1995,365,True,0
1048,cars,1996,366,True,0
1048,cars,1997,365,True,0
1048,cars,1998,365,True,0
1048,cars,1999,365,True,0
1048,cars,2000,366,True,0
1048,cars,2001,365,True,0
1048,cars,2002,365,True,0
1048,cars,2003,365,True,0
1048,cars,2004,366,True,0
1048,cars,2005,365,True,0
1048,cars,2006,365,True,0
1048,cars,2007,365,True,0
1048,cars,2008,366,True,0
1048,cars,2009,365,True,0
1048,cars,2010,365,True,0
1048,cars,2011,365,True,0
1048,cars,2012,366,True,0
1048,cars,2013,365,True,0
1048,cars,2014,365,True,0
1048,cars,2015,365,True,0
1048,cars,2016,1,False,0
1048,cars,2017,0,False,0
1048,cars,2018,0,False,0
1048,cars,2019,0,False,0
1048,upstream,1980,366,True,0
1048,upstream,1981,365,True,0
1048,upstream,1982,365,True,0
1048,upstream,1983,365,True,0
1048,upstream,1984,366,True,0
1048,upstream,1985,365,True,0
1048,upstream,1986,365,True,0
1048,upstream,1987,365,True,0
1048,upstream,1988,366,True,0
1048,upstream,1989,365,True,0
1048,upstream,1990,365,True,0
1048,upstream,1991,365,True,0
1048,upstream,1992,366,True,0
1048,upstream,1993,365,True,0
1048,upstream,1994,365,True,0
1048,upstream,1995,365,True,0
1048,upstream,1996,366,True,0
1048,upstream,1997,365,True,0
1048,upstream,1998,365,True,0
1048,upstream,1999,365,True,0
1048,upstream,2000,366,True,0
1048,upstream,2001,365,True,0
1048,upstream,2002,365,True,0
1048,upstream,2003,365,True,0
1048,upstream,2004,366,True,0
1048,upstream,2005,365,True,0
1048,upstream,2006,365,True,0
1048,upstream,2007,365,True,0
1048,upstream,2008,366,True,0
1048,upstream,2009,365,True,0
1048,upstream,2010,365,True,0
1048,upstream,2011,365,True,0
1048,upstream,2012,366,True,0
1048,upstream,2013,365,True,0
1048,upstream,2014,365,True,0
1048,upstream,2015,365,True,0
1048,upstream,2016,0,False,0
1048,upstream,2017,0,False,0
1048,upstream,2018,0,False,0
1048,upstream,2019,0,False,0
1051,cars,1980,366,True,0
1051,cars,1981,365,True,0
1051,cars,1982,365,True,0
1051,cars,1983,365,True,0
1051,cars,1984,366,True,0
1051,cars,1985,365,True,0
1051,cars,1986,365,True,0
1051,cars,1987,365,True,0
1051,cars,1988,366,True,0
1051,cars,1989,365,True,0
1051,cars,1990,365,True,0
1051,cars,1991,365,True,0
1051,cars,1992,366,True,0
1051,cars,1993,365,True,0
1051,cars,1994,365,True,0
1051,cars,1995,31,False,0
1051,cars,1996,0,False,0
1051,cars,1997,0,False,0
1051,cars,1998,0,False,0
1051,cars,1999,0,False,0
1051,cars,2000,0,False,0
1051,cars,2001,0,False,0
1051,cars,2002,0,False,0
1051,cars,2003,0,False,0
1051,cars,2004,0,False,0
1051,cars,2005,0,False,0
1051,cars,2006,0,False,0
1051,cars,2007,0,False,0
1051,cars,2008,0,False,0
1051,cars,2009,0,False,0
1051,cars,2010,0,False,0
1051,cars,2011,0,False,0
1051,cars,2012,0,False,0
1051,cars,2013,0,False,0
1051,cars,2014,0,False,0
1051,cars,2015,0,False,0
1051,cars,2016,0,False,0
1051,cars,2017,0,False,0
1051,cars,2018,0,False,0
1051,cars,2019,0,False,0
1051,upstream,1980,366,True,0
1051,upstream,1981,365,True,0
1051,upstream,1982,365,True,0
1051,upstream,1983,365,True,0
1051,upstream,1984,366,True,0
1051,upstream,1985,365,True,0
1051,upstream,1986,365,True,0
1051,upstream,1987,365,True,0
1051,upstream,1988,366,True,0
1051,upstream,1989,365,True,0
1051,upstream,1990,365,True,0
1051,upstream,1991,365,True,0
1051,upstream,1992,366,True,0
1051,upstream,1993,365,True,0
1051,upstream,1994,365,True,0
1051,upstream,1995,31,False,0
1051,upstream,1996,0,False,0
1051,upstream,1997,0,False,0
1051,upstream,1998,0,False,0
1051,upstream,1999,0,False,0
1051,upstream,2000,0,False,0
1051,upstream,2001,0,False,0
1051,upstream,2002,0,False,0
1051,upstream,2003,0,False,0
1051,upstream,2004,0,False,0
1051,upstream,2005,0,False,0
1051,upstream,2006,0,False,0
1051,upstream,2007,0,False,0
1051,upstream,2008,0,False,0
1051,upstream,2009,0,False,0
1051,upstream,2010,0,False,0
1051,upstream,2011,0,False,0
1051,upstream,2012,0,False,0
1051,upstream,2013,0,False,0
1051,upstream,2014,0,False,0
1051,upstream,2015,0,False,0
1051,upstream,2016,0,False,0
1051,upstream,2017,0,False,0
1051,upstream,2018,0,False,0
1051,upstream,2019,0,False,0
1053,cars,1980,366,True,0
1053,cars,1981,365,True,0
1053,cars,1982,365,True,0
1053,cars,1983,365,True,0
1053,cars,1984,366,True,0
1053,cars,1985,365,True,0
1053,cars,1986,365,True,0
1053,cars,1987,365,True,0
1053,cars,1988,366,True,0
1053,cars,1989,365,True,0
1053,cars,1990,365,True,0
1053,cars,1991,365,True,0
1053,cars,1992,366,True,0
1053,cars,1993,365,True,0
1053,cars,1994,365,True,0
1053,cars,1995,365,True,0
1053,cars,1996,366,True,0
1053,cars,1997,365,True,0
1053,cars,1998,365,True,0
1053,cars,1999,365,True,0
1053,cars,2000,366,True,0
1053,cars,2001,365,True,0
1053,cars,2002,365,True,0
1053,cars,2003,365,True,0
1053,cars,2004,366,True,0
1053,cars,2005,365,True,0
1053,cars,2006,365,True,0
1053,cars,2007,365,True,0
1053,cars,2008,366,True,0
1053,cars,2009,365,True,0
1053,cars,2010,365,True,0
1053,cars,2011,365,True,0
1053,cars,2012,366,True,0
1053,cars,2013,365,True,0
1053,cars,2014,365,True,0
1053,cars,2015,365,True,0
1053,cars,2016,0,False,0
1053,cars,2017,0,False,0
1053,cars,2018,0,False,0
1053,cars,2019,0,False,0
1053,upstream,1980,366,True,0
1053,upstream,1981,365,True,0
1053,upstream,1982,365,True,0
1053,upstream,1983,365,True,0
1053,upstream,1984,366,True,0
1053,upstream,1985,365,True,0
1053,upstream,1986,365,True,0
1053,upstream,1987,365,True,0
1053,upstream,1988,366,True,0
1053,upstream,1989,365,True,0
1053,upstream,1990,365,True,0
1053,upstream,1991,365,True,0
1053,upstream,1992,366,True,0
1053,upstream,1993,365,True,0
1053,upstream,1994,365,True,0
1053,upstream,1995,365,True,0
1053,upstream,1996,366,True,0
1053,upstream,1997,365,True,0
1053,upstream,1998,365,True,0
1053,upstream,1999,365,True,0
1053,upstream,2000,366,True,0
1053,upstream,2001,365,True,0
1053,upstream,2002,365,True,0
1053,upstream,2003,365,True,0
1053,upstream,2004,366,True,0
1053,upstream,2005,365,True,0
1053,upstream,2006,365,True,0
1053,upstream,2007,365,True,0
1053,upstream,2008,366,True,0
1053,upstream,2009,365,True,0
1053,upstream,2010,365,True,0
1053,upstream,2011,365,True,0
1053,upstream,2012,366,True,0
1053,upstream,2013,365,True,0
1053,upstream,2014,365,True,0
1053,upstream,2015,365,True,0
1053,upstream,2016,0,False,0
1053,upstream,2017,0,False,0
1053,upstream,2018,0,False,0
1053,upstream,2019,0,False,0
1067,cars,1980,366,True,0
1067,cars,1981,365,True,0
1067,cars,1982,365,True,0
1067,cars,1983,365,True,0
1067,cars,1984,366,True,0
1067,cars,1985,365,True,0
1067,cars,1986,365,True,0
1067,cars,1987,365,True,0
1067,cars,1988,366,True,0
1067,cars,1989,365,True,0
1067,cars,1990,365,True,0
1067,cars,1991,365,True,0
1067,cars,1992,366,True,0
1067,cars,1993,365,True,0
1067,cars,1994,365,True,0
1067,cars,1995,365,True,0
1067,cars,1996,366,True,0
1067,cars,1997,365,True,0
1067,cars,1998,365,True,0
1067,cars,1999,365,True,0
1067,cars,2000,366,True,0
1067,cars,2001,365,True,0
1067,cars,2002,365,True,0
1067,cars,2003,365,True,0
1067,cars,2004,366,True,0
1067,cars,2005,365,True,0
1067,cars,2006,365,True,0
1067,cars,2007,365,True,0
1067,cars,2008,366,True,0
1067,cars,2009,365,True,0
1067,cars,2010,365,True,0
1067,cars,2011,365,True,0
1067,cars,2012,366,True,0
1067,cars,2013,365,True,0
1067,cars,2014,365,True,0
1067,cars,2015,365,True,0
1067,cars,2016,366,True,0
1067,cars,2017,365,True,0
1067,cars,2018,365,True,0
1067,cars,2019,365,True,0
1067,upstream,1980,366,True,0
1067,upstream,1981,365,True,0
1067,upstream,1982,365,True,0
1067,upstream,1983,365,True,0
1067,upstream,1984,366,True,0
1067,upstream,1985,365,True,0
1067,upstream,1986,365,True,0
1067,upstream,1987,365,True,0
1067,upstream,1988,366,True,0
1067,upstream,1989,365,True,0
1067,upstream,1990,365,True,0
1067,upstream,1991,365,True,0
1067,upstream,1992,366,True,0
1067,upstream,1993,365,True,0
1067,upstream,1994,365,True,0
1067,upstream,1995,365,True,0
1067,upstream,1996,366,True,0
1067,upstream,1997,365,True,0
1067,upstream,1998,365,True,0
1067,upstream,1999,365,True,0
1067,upstream,2000,366,True,0
1067,upstream,2001,365,True,0
1067,upstream,2002,365,True,0
1067,upstream,2003,365,True,0
1067,upstream,2004,366,True,0
1067,upstream,2005,365,True,0
1067,upstream,2006,365,True,0
1067,upstream,2007,365,True,0
1067,upstream,2008,366,True,0
1067,upstream,2009,365,True,0
1067,upstream,2010,365,True,0
1067,upstream,2011,365,True,0
1067,upstream,2012,366,True,0
1067,upstream,2013,365,True,0
1067,upstream,2014,365,True,0
1067,upstream,2015,365,True,0
1067,upstream,2016,365,True,1
1067,upstream,2017,365,True,0
1067,upstream,2018,365,True,0
1067,upstream,2019,365,True,0
1070,cars,1980,0,False,0
1070,cars,1981,0,False,0
1070,cars,1982,0,False,0
1070,cars,1983,0,False,0
1070,cars,1984,0,False,0
1070,cars,1985,0,False,0
1070,cars,1986,0,False,0
1070,cars,1987,0,False,0
1070,cars,1988,0,False,0
1070,cars,1989,0,False,0
1070,cars,1990,0,False,0
1070,cars,1991,273,False,0
1070,cars,1992,366,True,0
1070,cars,1993,365,True,0
1070,cars,1994,365,True,0
1070,cars,1995,365,True,0
1070,cars,1996,366,True,0
1070,cars,1997,365,True,0
1070,cars,1998,365,True,0
1070,cars,1999,365,True,0
1070,cars,2000,366,True,0
1070,cars,2001,365,True,0
1070,cars,2002,365,True,0
1070,cars,2003,365,True,0
1070,cars,2004,366,True,0
1070,cars,2005,365,True,0
1070,cars,2006,365,True,0
1070,cars,2007,365,True,0
1070,cars,2008,366,True,0
1070,cars,2009,365,True,0
1070,cars,2010,365,True,0
1070,cars,2011,364,True,0
1070,cars,2012,366,True,0
1070,cars,2013,365,True,0
1070,cars,2014,365,True,0
1070,cars,2015,365,True,0
1070,cars,2016,0,False,0
1070,cars,2017,0,False,0
1070,cars,2018,0,False,0
1070,cars,2019,0,False,0
1070,upstream,1980,0,False,0
1070,upstream,1981,0,False,0
1070,upstream,1982,0,False,0
1070,upstream,1983,0,False,0
1070,upstream,1984,0,False,0
1070,upstream,1985,0,False,0
1070,upstream,1986,0,False,0
1070,upstream,1987,0,False,0
1070,upstream,1988,0,False,0
1070,upstream,1989,0,False,0
1070,upstream,1990,0,False,0
1070,upstream,1991,273,False,0
1070,upstream,1992,366,True,0
1070,upstream,1993,365,True,0
1070,upstream,1994,365,True,0
1070,upstream,1995,365,True,0
1070,upstream,1996,366,True,0
1070,upstream,1997,365,True,0
1070,upstream,1998,365,True,0
1070,upstream,1999,365,True,0
1070,upstream,2000,366,True,0
1070,upstream,2001,365,True,0
1070,upstream,2002,365,True,0
1070,upstream,2003,365,True,0
1070,upstream,2004,366,True,0
1070,upstream,2005,365,True,0
1070,upstream,2006,365,True,0
1070,upstream,2007,365,True,0
1070,upstream,2008,366,True,0
1070,upstream,2009,365,True,0
1070,upstream,2010,365,True,0
1070,upstream,2011,363,True,0
1070,upstream,2012,366,True,0
1070,upstream,2013,365,True,0
1070,upstream,2014,365,True,0
1070,upstream,2015,365,True,0
1070,upstream,2016,0,False,0
1070,upstream,2017,0,False,0
1070,upstream,2018,0,False,0
1070,upstream,2019,0,False,0
1075,cars,1980,366,True,0
1075,cars,1981,365,True,0
1075,cars,1982,365,True,0
1075,cars,1983,365,True,0
1075,cars,1984,366,True,0
1075,cars,1985,335,True,0
1075,cars,1986,365,True,0
1075,cars,1987,365,True,0
1075,cars,1988,366,True,0
1075,cars,1989,365,True,0
1075,cars,1990,365,True,0
1075,cars,1991,365,True,0
1075,cars,1992,366,True,0
1075,cars,1993,365,True,0
1075,cars,1994,365,True,0
1075,cars,1995,31,False,0
1075,cars,1996,0,False,0
1075,cars,1997,0,False,0
1075,cars,1998,0,False,0
1075,cars,1999,0,False,0
1075,cars,2000,0,False,0
1075,cars,2001,0,False,0
1075,cars,2002,0,False,0
1075,cars,2003,0,False,0
1075,cars,2004,0,False,0
1075,cars,2005,0,False,0
1075,cars,2006,0,False,0
1075,cars,2007,0,False,0
1075,cars,2008,0,False,0
1075,cars,2009,0,False,0
1075,cars,2010,0,False,0
1075,cars,2011,0,False,0
1075,cars,2012,0,False,0
1075,cars,2013,0,False,0
1075,cars,2014,0,False,0
1075,cars,2015,0,False,0
1075,cars,2016,0,False,0
1075,cars,2017,0,False,0
1075,cars,2018,0,False,0
1075,cars,2019,0,False,0
1075,upstream,1980,366,True,0
1075,upstream,1981,362,True,0
1075,upstream,1982,365,True,0
1075,upstream,1983,365,True,0
1075,upstream,1984,366,True,0
1075,upstream,1985,334,True,0
1075,upstream,1986,365,True,0
1075,upstream,1987,365,True,0
1075,upstream,1988,364,True,0
1075,upstream,1989,365,True,0
1075,upstream,1990,365,True,0
1075,upstream,1991,365,True,0
1075,upstream,1992,366,True,0
1075,upstream,1993,365,True,0
1075,upstream,1994,363,True,0
1075,upstream,1995,31,False,0
1075,upstream,1996,0,False,0
1075,upstream,1997,0,False,0
1075,upstream,1998,0,False,0
1075,upstream,1999,0,False,0
1075,upstream,2000,0,False,0
1075,upstream,2001,0,False,0
1075,upstream,2002,0,False,0
1075,upstream,2003,0,False,0
1075,upstream,2004,0,False,0
1075,upstream,2005,0,False,0
1075,upstream,2006,0,False,0
1075,upstream,2007,0,False,0
1075,upstream,2008,0,False,0
1075,upstream,2009,0,False,0
1075,upstream,2010,0,False,0
1075,upstream,2011,0,False,0
1075,upstream,2012,0,False,0
1075,upstream,2013,0,False,0
1075,upstream,2014,0,False,0
1075,upstream,2015,0,False,0
1075,upstream,2016,0,False,0
1075,upstream,2017,0,False,0
1075,upstream,2018,0,False,0
1075,upstream,2019,0,False,0
1078,cars,1980,0,False,0
1078,cars,1981,0,False,0
1078,cars,1982,0,False,0
1078,cars,1983,0,False,0
1078,cars,1984,0,False,0
1078,cars,1985,0,False,0
1078,cars,1986,0,False,0
1078,cars,1987,0,False,0
1078,cars,1988,0,False,0
1078,cars,1989,273,False,0
1078,cars,1990,365,True,0
1078,cars,1991,365,True,0
1078,cars,1992,366,True,0
1078,cars,1993,365,True,0
1078,cars,1994,365,True,0
1078,cars,1995,365,True,0
1078,cars,1996,366,True,0
1078,cars,1997,365,True,0
1078,cars,1998,365,True,0
1078,cars,1999,365,True,0
1078,cars,2000,366,True,0
1078,cars,2001,365,True,0
1078,cars,2002,365,True,0
1078,cars,2003,365,True,0
1078,cars,2004,366,True,0
1078,cars,2005,365,True,0
1078,cars,2006,365,True,0
1078,cars,2007,365,True,0
1078,cars,2008,366,True,0
1078,cars,2009,365,True,0
1078,cars,2010,365,True,0
1078,cars,2011,365,True,0
1078,cars,2012,366,True,0
1078,cars,2013,365,True,0
1078,cars,2014,365,True,0
1078,cars,2015,365,True,0
1078,cars,2016,93,False,0
1078,cars,2017,0,False,0
1078,cars,2018,0,False,0
1078,cars,2019,0,False,0
1078,upstream,1980,0,False,0
1078,upstream,1981,0,False,0
1078,upstream,1982,0,False,0
1078,upstream,1983,0,False,0
1078,upstream,1984,0,False,0
1078,upstream,1985,0,False,0
1078,upstream,1986,0,False,0
1078,upstream,1987,0,False,0
1078,upstream,1988,0,False,0
1078,upstream,1989,273,False,0
1078,upstream,1990,350,True,15
1078,upstream,1991,351,True,14
1078,upstream,1992,359,True,7
1078,upstream,1993,363,True,2
1078,upstream,1994,358,True,7
1078,upstream,1995,357,True,8
1078,upstream,1996,345,True,21
1078,upstream,1997,365,True,0
1078,upstream,1998,361,True,4
1078,upstream,1999,365,True,0
1078,upstream,2000,358,True,8
1078,upstream,2001,355,True,10
1078,upstream,2002,359,True,6
1078,upstream,2003,361,True,4
1078,upstream,2004,362,True,4
1078,upstream,2005,364,True,1
1078,upstream,2006,320,False,45
1078,upstream,2007,360,True,5
1078,upstream,2008,366,True,0
1078,upstream,2009,364,True,1
1078,upstream,2010,365,True,0
1078,upstream,2011,349,True,16
1078,upstream,2012,335,True,31
1078,upstream,2013,336,True,29
1078,upstream,2014,364,True,1
1078,upstream,2015,361,True,4
1078,upstream,2016,88,False,4
1078,upstream,2017,0,False,0
1078,upstream,2018,0,False,0
1078,upstream,2019,0,False,0
1084,cars,1980,366,True,0
1084,cars,1981,365,True,0
1084,cars,1982,365,True,0
1084,cars,1983,365,True,0
1084,cars,1984,366,True,0
1084,cars,1985,365,True,0
1084,cars,1986,365,True,0
1084,cars,1987,365,True,0
1084,cars,1988,366,True,0
1084,cars,1989,365,True,0
1084,cars,1990,365,True,0
1084,cars,1991,365,True,0
1084,cars,1992,366,True,0
1084,cars,1993,365,True,0
1084,cars,1994,365,True,0
1084,cars,1995,365,True,0
1084,cars,1996,366,True,0
1084,cars,1997,365,True,0
1084,cars,1998,365,True,0
1084,cars,1999,365,True,0
1084,cars,2000,366,True,0
1084,cars,2001,365,True,0
1084,cars,2002,365,True,0
1084,cars,2003,365,True,0
1084,cars,2004,366,True,0
1084,cars,2005,365,True,0
1084,cars,2006,365,True,0
1084,cars,2007,365,True,0
1084,cars,2008,366,True,0
1084,cars,2009,365,True,0
1084,cars,2010,365,True,0
1084,cars,2011,365,True,0
1084,cars,2012,366,True,0
1084,cars,2013,365,True,0
1084,cars,2014,365,True,0
1084,cars,2015,365,True,0
1084,cars,2016,330,True,0
1084,cars,2017,0,False,0
1084,cars,2018,0,False,0
1084,cars,2019,0,False,0
1084,upstream,1980,366,True,0
1084,upstream,1981,365,True,0
1084,upstream,1982,365,True,0
1084,upstream,1983,365,True,0
1084,upstream,1984,366,True,0
1084,upstream,1985,365,True,0
1084,upstream,1986,365,True,0
1084,upstream,1987,365,True,0
1084,upstream,1988,366,True,0
1084,upstream,1989,365,True,0
1084,upstream,1990,365,True,0
1084,upstream,1991,365,True,0
1084,upstream,1992,366,True,0
1084,upstream,1993,365,True,0
1084,upstream,1994,365,True,0
1084,upstream,1995,365,True,0
1084,upstream,1996,366,True,0
1084,upstream,1997,365,True,0
1084,upstream,1998,365,True,0
1084,upstream,1999,363,True,2
1084,upstream,2000,366,True,0
1084,upstream,2001,365,True,0
1084,upstream,2002,365,True,0
1084,upstream,2003,365,True,0
1084,upstream,2004,366,True,0
1084,upstream,2005,365,True,0
1084,upstream,2006,365,True,0
1084,upstream,2007,365,True,0
1084,upstream,2008,366,True,0
1084,upstream,2009,365,True,0
1084,upstream,2010,365,True,0
1084,upstream,2011,365,True,0
1084,upstream,2012,361,True,5
1084,upstream,2013,365,True,0
1084,upstream,2014,365,True,0
1084,upstream,2015,365,True,0
1084,upstream,2016,329,False,0
1084,upstream,2017,0,False,0
1084,upstream,2018,0,False,0
1084,upstream,2019,0,False,0
1086,cars,1980,258,False,0
1086,cars,1981,365,True,0
1086,cars,1982,365,True,0
1086,cars,1983,365,True,0
1086,cars,1984,366,True,0
1086,cars,1985,365,True,0
1086,cars,1986,365,True,0
1086,cars,1987,365,True,0
1086,cars,1988,366,True,0
1086,cars,1989,365,True,0
1086,cars,1990,365,True,0
1086,cars,1991,365,True,0
1086,cars,1992,366,True,0
1086,cars,1993,365,True,0
1086,cars,1994,365,True,0
1086,cars,1995,365,True,0
1086,cars,1996,366,True,0
1086,cars,1997,365,True,0
1086,cars,1998,365,True,0
1086,cars,1999,365,True,0
1086,cars,2000,366,True,0
1086,cars,2001,365,True,0
1086,cars,2002,365,True,0
1086,cars,2003,365,True,0
1086,cars,2004,366,True,0
1086,cars,2005,365,True,0
1086,cars,2006,365,True,0
1086,cars,2007,365,True,0
1086,cars,2008,366,True,0
1086,cars,2009,365,True,0
1086,cars,2010,365,True,0
1086,cars,2011,365,True,0
1086,cars,2012,366,True,0
1086,cars,2013,365,True,0
1086,cars,2014,365,True,0
1086,cars,2015,365,True,0
1086,cars,2016,366,True,0
1086,cars,2017,365,True,0
1086,cars,2018,365,True,0
1086,cars,2019,100,False,0
1086,upstream,1980,258,False,0
1086,upstream,1981,365,True,0
1086,upstream,1982,365,True,0
1086,upstream,1983,365,True,0
1086,upstream,1984,366,True,0
1086,upstream,1985,365,True,0
1086,upstream,1986,365,True,0
1086,upstream,1987,365,True,0
1086,upstream,1988,366,True,0
1086,upstream,1989,365,True,0
1086,upstream,1990,365,True,0
1086,upstream,1991,365,True,0
1086,upstream,1992,366,True,0
1086,upstream,1993,365,True,0
1086,upstream,1994,365,True,0
1086,upstream,1995,365,True,0
1086,upstream,1996,366,True,0
1086,upstream,1997,365,True,0
1086,upstream,1998,365,True,0
1086,upstream,1999,365,True,0
1086,upstream,2000,366,True,0
1086,upstream,2001,365,True,0
1086,upstream,2002,365,True,0
1086,upstream,2003,365,True,0
1086,upstream,2004,366,True,0
1086,upstream,2005,365,True,0
1086,upstream,2006,365,True,0
1086,upstream,2007,365,True,0
1086,upstream,2008,366,True,0
1086,upstream,2009,365,True,0
1086,upstream,2010,364,True,0
1086,upstream,2011,365,True,0
1086,upstream,2012,366,True,0
1086,upstream,2013,365,True,0
1086,upstream,2014,365,True,0
1086,upstream,2015,365,True,0
1086,upstream,2016,366,True,0
1086,upstream,2017,365,True,0
1086,upstream,2018,365,True,0
1086,upstream,2019,90,False,0
1092,cars,1980,366,True,0
1092,cars,1981,365,True,0
1092,cars,1982,365,True,0
1092,cars,1983,365,True,0
1092,cars,1984,366,True,0
1092,cars,1985,365,True,0
1092,cars,1986,365,True,0
1092,cars,1987,365,True,0
1092,cars,1988,366,True,0
1092,cars,1989,365,True,0
1092,cars,1990,365,True,0
1092,cars,1991,365,True,0
1092,cars,1992,366,True,0
1092,cars,1993,365,True,0
1092,cars,1994,365,True,0
1092,cars,1995,365,True,0
1092,cars,1996,366,True,0
1092,cars,1997,365,True,0
1092,cars,1998,365,True,0
1092,cars,1999,365,True,0
1092,cars,2000,366,True,0
1092,cars,2001,365,True,0
1092,cars,2002,365,True,0
1092,cars,2003,365,True,0
1092,cars,2004,366,True,0
1092,cars,2005,365,True,0
1092,cars,2006,365,True,0
1092,cars,2007,365,True,0
1092,cars,2008,366,True,0
1092,cars,2009,365,True,0
1092,cars,2010,365,True,0
1092,cars,2011,365,True,0
1092,cars,2012,366,True,0
1092,cars,2013,365,True,0
1092,cars,2014,365,True,0
1092,cars,2015,365,True,0
1092,cars,2016,366,True,0
1092,cars,2017,365,True,0
1092,cars,2018,365,True,0
1092,cars,2019,365,True,0
1092,upstream,1980,365,True,0
1092,upstream,1981,365,True,0
1092,upstream,1982,365,True,0
1092,upstream,1983,365,True,0
1092,upstream,1984,366,True,0
1092,upstream,1985,365,True,0
1092,upstream,1986,365,True,0
1092,upstream,1987,365,True,0
1092,upstream,1988,366,True,0
1092,upstream,1989,365,True,0
1092,upstream,1990,365,True,0
1092,upstream,1991,365,True,0
1092,upstream,1992,366,True,0
1092,upstream,1993,365,True,0
1092,upstream,1994,365,True,0
1092,upstream,1995,365,True,0
1092,upstream,1996,366,True,0
1092,upstream,1997,365,True,0
1092,upstream,1998,365,True,0
1092,upstream,1999,365,True,0
1092,upstream,2000,366,True,0
1092,upstream,2001,365,True,0
1092,upstream,2002,365,True,0
1092,upstream,2003,365,True,0
1092,upstream,2004,366,True,0
1092,upstream,2005,365,True,0
1092,upstream,2006,365,True,0
1092,upstream,2007,365,True,0
1092,upstream,2008,366,True,0
1092,upstream,2009,365,True,0
1092,upstream,2010,365,True,0
1092,upstream,2011,365,True,0
1092,upstream,2012,366,True,0
1092,upstream,2013,365,True,0
1092,upstream,2014,365,True,0
1092,upstream,2015,365,True,0
1092,upstream,2016,365,True,1
1092,upstream,2017,365,True,0
1092,upstream,2018,365,True,0
1092,upstream,2019,365,True,0
1093,cars,1980,366,True,0
1093,cars,1981,365,True,0
1093,cars,1982,365,True,0
1093,cars,1983,365,True,0
1093,cars,1984,366,True,0
1093,cars,1985,365,True,0
1093,cars,1986,365,True,0
1093,cars,1987,365,True,0
1093,cars,1988,366,True,0
1093,cars,1989,365,True,0
1093,cars,1990,365,True,0
1093,cars,1991,365,True,0
1093,cars,1992,366,True,0
1093,cars,1993,365,True,0
1093,cars,1994,365,True,0
1093,cars,1995,365,True,0
1093,cars,1996,366,True,0
1093,cars,1997,365,True,0
1093,cars,1998,365,True,0
1093,cars,1999,365,True,0
1093,cars,2000,366,True,0
1093,cars,2001,365,True,0
1093,cars,2002,365,True,0
1093,cars,2003,365,True,0
1093,cars,2004,366,True,0
1093,cars,2005,365,True,0
1093,cars,2006,365,True,0
1093,cars,2007,365,True,0
1093,cars,2008,366,True,0
1093,cars,2009,365,True,0
1093,cars,2010,365,True,0
1093,cars,2011,365,True,0
1093,cars,2012,366,True,0
1093,cars,2013,365,True,0
1093,cars,2014,365,True,0
1093,cars,2015,365,True,0
1093,cars,2016,1,False,0
1093,cars,2017,0,False,0
1093,cars,2018,0,False,0
1093,cars,2019,0,False,0
1093,upstream,1980,366,True,0
1093,upstream,1981,365,True,0
1093,upstream,1982,365,True,0
1093,upstream,1983,365,True,0
1093,upstream,1984,366,True,0
1093,upstream,1985,365,True,0
1093,upstream,1986,365,True,0
1093,upstream,1987,365,True,0
1093,upstream,1988,366,True,0
1093,upstream,1989,365,True,0
1093,upstream,1990,365,True,0
1093,upstream,1991,365,True,0
1093,upstream,1992,366,True,0
1093,upstream,1993,365,True,0
1093,upstream,1994,365,True,0
1093,upstream,1995,365,True,0
1093,upstream,1996,366,True,0
1093,upstream,1997,365,True,0
1093,upstream,1998,365,True,0
1093,upstream,1999,365,True,0
1093,upstream,2000,366,True,0
1093,upstream,2001,365,True,0
1093,upstream,2002,365,True,0
1093,upstream,2003,365,True,0
1093,upstream,2004,366,True,0
1093,upstream,2005,365,True,0
1093,upstream,2006,365,True,0
1093,upstream,2007,365,True,0
1093,upstream,2008,366,True,0
1093,upstream,2009,365,True,0
1093,upstream,2010,365,True,0
1093,upstream,2011,365,True,0
1093,upstream,2012,366,True,0
1093,upstream,2013,365,True,0
1093,upstream,2014,365,True,0
1093,upstream,2015,365,True,0
1093,upstream,2016,0,False,0
1093,upstream,2017,0,False,0
1093,upstream,2018,0,False,0
1093,upstream,2019,0,False,0
1095,cars,1980,0,False,0
1095,cars,1981,0,False,0
1095,cars,1982,0,False,0
1095,cars,1983,0,False,0
1095,cars,1984,0,False,0
1095,cars,1985,0,False,0
1095,cars,1986,0,False,0
1095,cars,1987,0,False,0
1095,cars,1988,0,False,0
1095,cars,1989,0,False,0
1095,cars,1990,0,False,0
1095,cars,1991,185,False,0
1095,cars,1992,366,True,0
1095,cars,1993,350,True,0
1095,cars,1994,311,False,0
1095,cars,1995,281,False,0
1095,cars,1996,182,False,0
1095,cars,1997,49,False,0
1095,cars,1998,0,False,0
1095,cars,1999,9,False,0
1095,cars,2000,0,False,0
1095,cars,2001,0,False,0
1095,cars,2002,0,False,0
1095,cars,2003,0,False,0
1095,cars,2004,0,False,0
1095,cars,2005,173,False,0
1095,cars,2006,308,False,0
1095,cars,2007,359,True,0
1095,cars,2008,341,True,0
1095,cars,2009,335,True,0
1095,cars,2010,345,True,0
1095,cars,2011,306,False,0
1095,cars,2012,358,True,0
1095,cars,2013,365,True,0
1095,cars,2014,361,True,0
1095,cars,2015,365,True,0
1095,cars,2016,328,False,0
1095,cars,2017,328,False,0
1095,cars,2018,301,False,0
1095,cars,2019,100,False,0
1095,upstream,1980,0,False,0
1095,upstream,1981,0,False,0
1095,upstream,1982,0,False,0
1095,upstream,1983,0,False,0
1095,upstream,1984,0,False,0
1095,upstream,1985,0,False,0
1095,upstream,1986,0,False,0
1095,upstream,1987,0,False,0
1095,upstream,1988,0,False,0
1095,upstream,1989,0,False,0
1095,upstream,1990,0,False,0
1095,upstream,1991,143,False,54
1095,upstream,1992,295,False,47
1095,upstream,1993,212,False,49
1095,upstream,1994,246,False,97
1095,upstream,1995,138,False,58
1095,upstream,1996,120,False,2
1095,upstream,1997,8,False,9
1095,upstream,1998,0,False,2
1095,upstream,1999,1,False,0
1095,upstream,2000,0,False,0
1095,upstream,2001,0,False,0
1095,upstream,2002,0,False,1
1095,upstream,2003,0,False,0
1095,upstream,2004,0,False,0
1095,upstream,2005,146,False,50
1095,upstream,2006,201,False,164
1095,upstream,2007,301,False,64
1095,upstream,2008,321,False,43
1095,upstream,2009,306,False,59
1095,upstream,2010,292,False,68
1095,upstream,2011,185,False,180
1095,upstream,2012,176,False,186
1095,upstream,2013,145,False,220
1095,upstream,2014,152,False,209
1095,upstream,2015,274,False,91
1095,upstream,2016,314,False,52
1095,upstream,2017,236,False,129
1095,upstream,2018,202,False,163
1095,upstream,2019,86,False,6
1101,cars,1980,366,True,0
1101,cars,1981,365,True,0
1101,cars,1982,365,True,0
1101,cars,1983,365,True,0
1101,cars,1984,366,True,0
1101,cars,1985,365,True,0
1101,cars,1986,365,True,0
1101,cars,1987,365,True,0
1101,cars,1988,366,True,0
1101,cars,1989,365,True,0
1101,cars,1990,365,True,0
1101,cars,1991,365,True,0
1101,cars,1992,366,True,0
1101,cars,1993,365,True,0
1101,cars,1994,365,True,0
1101,cars,1995,365,True,0
1101,cars,1996,366,True,0
1101,cars,1997,365,True,0
1101,cars,1998,365,True,0
1101,cars,1999,365,True,0
1101,cars,2000,366,True,0
1101,cars,2001,365,True,0
1101,cars,2002,365,True,0
1101,cars,2003,365,True,0
1101,cars,2004,366,True,0
1101,cars,2005,365,True,0
1101,cars,2006,365,True,0
1101,cars,2007,365,True,0
1101,cars,2008,366,True,0
1101,cars,2009,365,True,0
1101,cars,2010,365,True,0
1101,cars,2011,365,True,0
1101,cars,2012,361,True,0
1101,cars,2013,365,True,0
1101,cars,2014,365,True,0
1101,cars,2015,365,True,0
1101,cars,2016,366,True,0
1101,cars,2017,365,True,0
1101,cars,2018,365,True,0
1101,cars,2019,365,True,0
1101,upstream,1980,366,True,0
1101,upstream,1981,365,True,0
1101,upstream,1982,365,True,0
1101,upstream,1983,365,True,0
1101,upstream,1984,366,True,0
1101,upstream,1985,365,True,0
1101,upstream,1986,365,True,0
1101,upstream,1987,365,True,0
1101,upstream,1988,366,True,0
1101,upstream,1989,365,True,0
1101,upstream,1990,365,True,0
1101,upstream,1991,365,True,0
1101,upstream,1992,366,True,0
1101,upstream,1993,365,True,0
1101,upstream,1994,365,True,0
1101,upstream,1995,365,True,0
1101,upstream,1996,366,True,0
1101,upstream,1997,365,True,0
1101,upstream,1998,365,True,0
1101,upstream,1999,365,True,0
1101,upstream,2000,366,True,0
1101,upstream,2001,365,True,0
1101,upstream,2002,365,True,0
1101,upstream,2003,365,True,0
1101,upstream,2004,366,True,0
1101,upstream,2005,365,True,0
1101,upstream,2006,365,True,0
1101,upstream,2007,365,True,0
1101,upstream,2008,366,True,0
1101,upstream,2009,365,True,0
1101,upstream,2010,365,True,0
1101,upstream,2011,365,True,0
1101,upstream,2012,353,True,0
1101,upstream,2013,365,True,0
1101,upstream,2014,365,True,0
1101,upstream,2015,365,True,0
1101,upstream,2016,366,True,0
1101,upstream,2017,365,True,0
1101,upstream,2018,365,True,0
1101,upstream,2019,363,True,0
1109,cars,1980,0,False,0
1109,cars,1981,0,False,0
1109,cars,1982,0,False,0
1109,cars,1983,0,False,0
1109,cars,1984,0,False,0
1109,cars,1985,0,False,0
1109,cars,1986,0,False,0
1109,cars,1987,0,False,0
1109,cars,1988,0,False,0
1109,cars,1989,0,False,0
1109,cars,1990,148,False,0
1109,cars,1991,312,False,0
1109,cars,1992,352,True,0
1109,cars,1993,332,True,0
1109,cars,1994,339,True,0
1109,cars,1995,151,False,0
1109,cars,1996,318,False,0
1109,cars,1997,0,False,0
1109,cars,1998,0,False,0
1109,cars,1999,0,False,0
1109,cars,2000,0,False,0
1109,cars,2001,52,False,0
1109,cars,2002,336,True,0
1109,cars,2003,356,True,0
1109,cars,2004,153,False,0
1109,cars,2005,298,False,0
1109,cars,2006,0,False,0
1109,cars,2007,107,False,0
1109,cars,2008,0,False,0
1109,cars,2009,0,False,0
1109,cars,2010,0,False,0
1109,cars,2011,102,False,0
1109,cars,2012,366,True,0
1109,cars,2013,365,True,0
1109,cars,2014,365,True,0
1109,cars,2015,365,True,0
1109,cars,2016,366,True,0
1109,cars,2017,356,True,0
1109,cars,2018,365,True,0
1109,cars,2019,365,True,0
1109,upstream,1980,0,False,0
1109,upstream,1981,0,False,0
1109,upstream,1982,0,False,0
1109,upstream,1983,0,False,0
1109,upstream,1984,0,False,0
1109,upstream,1985,0,False,0
1109,upstream,1986,0,False,0
1109,upstream,1987,0,False,0
1109,upstream,1988,0,False,0
1109,upstream,1989,0,False,0
1109,upstream,1990,130,False,0
1109,upstream,1991,297,False,5
1109,upstream,1992,295,False,49
1109,upstream,1993,319,False,4
1109,upstream,1994,320,False,9
1109,upstream,1995,143,False,5
1109,upstream,1996,291,False,18
1109,upstream,1997,0,False,0
1109,upstream,1998,0,False,0
1109,upstream,1999,0,False,0
1109,upstream,2000,0,False,0
1109,upstream,2001,52,False,0
1109,upstream,2002,316,False,7
1109,upstream,2003,346,True,0
1109,upstream,2004,151,False,0
1109,upstream,2005,274,False,6
1109,upstream,2006,0,False,0
1109,upstream,2007,77,False,17
1109,upstream,2008,0,False,0
1109,upstream,2009,0,False,0
1109,upstream,2010,0,False,0
1109,upstream,2011,92,False,2
1109,upstream,2012,364,True,2
1109,upstream,2013,362,True,3
1109,upstream,2014,360,True,5
1109,upstream,2015,362,True,3
1109,upstream,2016,361,True,5
1109,upstream,2017,346,True,19
1109,upstream,2018,360,True,5
1109,upstream,2019,363,True,2
1112,cars,1980,366,True,0
1112,cars,1981,365,True,0
1112,cars,1982,365,True,0
1112,cars,1983,365,True,0
1112,cars,1984,366,True,0
1112,cars,1985,365,True,0
1112,cars,1986,365,True,0
1112,cars,1987,365,True,0
1112,cars,1988,366,True,0
1112,cars,1989,365,True,0
1112,cars,1990,365,True,0
1112,cars,1991,365,True,0
1112,cars,1992,366,True,0
1112,cars,1993,365,True,0
1112,cars,1994,365,True,0
1112,cars,1995,365,True,0
1112,cars,1996,366,True,0
1112,cars,1997,365,True,0
1112,cars,1998,365,True,0
1112,cars,1999,364,True,0
1112,cars,2000,366,True,0
1112,cars,2001,365,True,0
1112,cars,2002,365,True,0
1112,cars,2003,365,True,0
1112,cars,2004,366,True,0
1112,cars,2005,365,True,0
1112,cars,2006,365,True,0
1112,cars,2007,365,True,0
1112,cars,2008,366,True,0
1112,cars,2009,365,True,0
1112,cars,2010,365,True,0
1112,cars,2011,365,True,0
1112,cars,2012,366,True,0
1112,cars,2013,365,True,0
1112,cars,2014,365,True,0
1112,cars,2015,365,True,0
1112,cars,2016,366,True,0
1112,cars,2017,365,True,0
1112,cars,2018,365,True,0
1112,cars,2019,365,True,0
1112,upstream,1980,366,True,0
1112,upstream,1981,365,True,0
1112,upstream,1982,365,True,0
1112,upstream,1983,365,True,0
1112,upstream,1984,366,True,0
1112,upstream,1985,365,True,0
1112,upstream,1986,365,True,0
1112,upstream,1987,365,True,0
1112,upstream,1988,366,True,0
1112,upstream,1989,365,True,0
1112,upstream,1990,365,True,0
1112,upstream,1991,365,True,0
1112,upstream,1992,366,True,0
1112,upstream,1993,365,True,0
1112,upstream,1994,365,True,0
1112,upstream,1995,365,True,0
1112,upstream,1996,366,True,0
1112,upstream,1997,365,True,0
1112,upstream,1998,365,True,0
1112,upstream,1999,363,True,0
1112,upstream,2000,366,True,0
1112,upstream,2001,365,True,0
1112,upstream,2002,365,True,0
1112,upstream,2003,365,True,0
1112,upstream,2004,366,True,0
1112,upstream,2005,365,True,0
1112,upstream,2006,365,True,0
1112,upstream,2007,365,True,0
1112,upstream,2008,366,True,0
1112,upstream,2009,365,True,0
1112,upstream,2010,365,True,0
1112,upstream,2011,365,True,0
1112,upstream,2012,366,True,0
1112,upstream,2013,365,True,0
1112,upstream,2014,365,True,0
1112,upstream,2015,365,True,0
1112,upstream,2016,366,True,0
1112,upstream,2017,365,True,0
1112,upstream,2018,355,True,0
1112,upstream,2019,365,True,0
1120,cars,1980,366,True,0
1120,cars,1981,365,True,0
1120,cars,1982,365,True,0
1120,cars,1983,365,True,0
1120,cars,1984,366,True,0
1120,cars,1985,365,True,0
1120,cars,1986,365,True,0
1120,cars,1987,365,True,0
1120,cars,1988,366,True,0
1120,cars,1989,365,True,0
1120,cars,1990,365,True,0
1120,cars,1991,365,True,0
1120,cars,1992,366,True,0
1120,cars,1993,365,True,0
1120,cars,1994,365,True,0
1120,cars,1995,365,True,0
1120,cars,1996,366,True,0
1120,cars,1997,365,True,0
1120,cars,1998,365,True,0
1120,cars,1999,365,True,0
1120,cars,2000,366,True,0
1120,cars,2001,365,True,0
1120,cars,2002,365,True,0
1120,cars,2003,365,True,0
1120,cars,2004,366,True,0
1120,cars,2005,365,True,0
1120,cars,2006,365,True,0
1120,cars,2007,365,True,0
1120,cars,2008,366,True,0
1120,cars,2009,365,True,0
1120,cars,2010,365,True,0
1120,cars,2011,365,True,0
1120,cars,2012,366,True,0
1120,cars,2013,365,True,0
1120,cars,2014,365,True,0
1120,cars,2015,365,True,0
1120,cars,2016,1,False,0
1120,cars,2017,0,False,0
1120,cars,2018,0,False,0
1120,cars,2019,0,False,0
1120,upstream,1980,366,True,0
1120,upstream,1981,365,True,0
1120,upstream,1982,365,True,0
1120,upstream,1983,365,True,0
1120,upstream,1984,366,True,0
1120,upstream,1985,365,True,0
1120,upstream,1986,365,True,0
1120,upstream,1987,365,True,0
1120,upstream,1988,366,True,0
1120,upstream,1989,365,True,0
1120,upstream,1990,365,True,0
1120,upstream,1991,365,True,0
1120,upstream,1992,366,True,0
1120,upstream,1993,365,True,0
1120,upstream,1994,365,True,0
1120,upstream,1995,365,True,0
1120,upstream,1996,366,True,0
1120,upstream,1997,365,True,0
1120,upstream,1998,365,True,0
1120,upstream,1999,365,True,0
1120,upstream,2000,366,True,0
1120,upstream,2001,365,True,0
1120,upstream,2002,365,True,0
1120,upstream,2003,365,True,0
1120,upstream,2004,366,True,0
1120,upstream,2005,365,True,0
1120,upstream,2006,365,True,0
1120,upstream,2007,365,True,0
1120,upstream,2008,366,True,0
1120,upstream,2009,365,True,0
1120,upstream,2010,365,True,0
1120,upstream,2011,365,True,0
1120,upstream,2012,366,True,0
1120,upstream,2013,365,True,0
1120,upstream,2014,365,True,0
1120,upstream,2015,365,True,0
1120,upstream,2016,0,False,0
1120,upstream,2017,0,False,0
1120,upstream,2018,0,False,0
1120,upstream,2019,0,False,0
1121,cars,1980,366,True,0
1121,cars,1981,365,True,0
1121,cars,1982,365,True,0
1121,cars,1983,365,True,0
1121,cars,1984,366,True,0
1121,cars,1985,365,True,0
1121,cars,1986,365,True,0
1121,cars,1987,365,True,0
1121,cars,1988,366,True,0
1121,cars,1989,365,True,0
1121,cars,1990,365,True,0
1121,cars,1991,365,True,0
1121,cars,1992,366,True,0
1121,cars,1993,365,True,0
1121,cars,1994,365,True,0
1121,cars,1995,365,True,0
1121,cars,1996,366,True,0
1121,cars,1997,365,True,0
1121,cars,1998,365,True,0
1121,cars,1999,365,True,0
1121,cars,2000,366,True,0
1121,cars,2001,365,True,0
1121,cars,2002,365,True,0
1121,cars,2003,365,True,0
1121,cars,2004,366,True,0
1121,cars,2005,365,True,0
1121,cars,2006,365,True,0
1121,cars,2007,365,True,0
1121,cars,2008,366,True,0
1121,cars,2009,365,True,0
1121,cars,2010,365,True,0
1121,cars,2011,365,True,0
1121,cars,2012,366,True,0
1121,cars,2013,365,True,0
1121,cars,2014,365,True,0
1121,cars,2015,365,True,0
1121,cars,2016,366,True,0
1121,cars,2017,365,True,0
1121,cars,2018,365,True,0
1121,cars,2019,365,True,0
1121,upstream,1980,366,True,0
1121,upstream,1981,365,True,0
1121,upstream,1982,365,True,0
1121,upstream,1983,365,True,0
1121,upstream,1984,366,True,0
1121,upstream,1985,365,True,0
1121,upstream,1986,365,True,0
1121,upstream,1987,365,True,0
1121,upstream,1988,365,True,0
1121,upstream,1989,365,True,0
1121,upstream,1990,365,True,0
1121,upstream,1991,365,True,0
1121,upstream,1992,366,True,0
1121,upstream,1993,365,True,0
1121,upstream,1994,365,True,0
1121,upstream,1995,365,True,0
1121,upstream,1996,366,True,0
1121,upstream,1997,365,True,0
1121,upstream,1998,365,True,0
1121,upstream,1999,365,True,0
1121,upstream,2000,366,True,0
1121,upstream,2001,365,True,0
1121,upstream,2002,365,True,0
1121,upstream,2003,365,True,0
1121,upstream,2004,366,True,0
1121,upstream,2005,365,True,0
1121,upstream,2006,365,True,0
1121,upstream,2007,365,True,0
1121,upstream,2008,366,True,0
1121,upstream,2009,365,True,0
1121,upstream,2010,365,True,0
1121,upstream,2011,365,True,0
1121,upstream,2012,366,True,0
1121,upstream,2013,365,True,0
1121,upstream,2014,365,True,0
1121,upstream,2015,365,True,0
1121,upstream,2016,366,True,0
1121,upstream,2017,365,True,0
1121,upstream,2018,365,True,0
1121,upstream,2019,365,True,0
1122,cars,1980,366,True,0
1122,cars,1981,365,True,0
1122,cars,1982,365,True,0
1122,cars,1983,365,True,0
1122,cars,1984,366,True,0
1122,cars,1985,365,True,0
1122,cars,1986,365,True,0
1122,cars,1987,365,True,0
1122,cars,1988,366,True,0
1122,cars,1989,365,True,0
1122,cars,1990,365,True,0
1122,cars,1991,365,True,0
1122,cars,1992,366,True,0
1122,cars,1993,365,True,0
1122,cars,1994,365,True,0
1122,cars,1995,365,True,0
1122,cars,1996,366,True,0
1122,cars,1997,365,True,0
1122,cars,1998,365,True,0
1122,cars,1999,365,True,0
1122,cars,2000,366,True,0
1122,cars,2001,365,True,0
1122,cars,2002,365,True,0
1122,cars,2003,365,True,0
1122,cars,2004,366,True,0
1122,cars,2005,365,True,0
1122,cars,2006,365,True,0
1122,cars,2007,365,True,0
1122,cars,2008,366,True,0
1122,cars,2009,365,True,0
1122,cars,2010,365,True,0
1122,cars,2011,365,True,0
1122,cars,2012,366,True,0
1122,cars,2013,365,True,0
1122,cars,2014,365,True,0
1122,cars,2015,365,True,0
1122,cars,2016,366,True,0
1122,cars,2017,365,True,0
1122,cars,2018,365,True,0
1122,cars,2019,365,True,0
1122,upstream,1980,366,True,0
1122,upstream,1981,365,True,0
1122,upstream,1982,365,True,0
1122,upstream,1983,365,True,0
1122,upstream,1984,366,True,0
1122,upstream,1985,365,True,0
1122,upstream,1986,365,True,0
1122,upstream,1987,365,True,0
1122,upstream,1988,366,True,0
1122,upstream,1989,365,True,0
1122,upstream,1990,365,True,0
1122,upstream,1991,365,True,0
1122,upstream,1992,366,True,0
1122,upstream,1993,365,True,0
1122,upstream,1994,365,True,0
1122,upstream,1995,365,True,0
1122,upstream,1996,366,True,0
1122,upstream,1997,365,True,0
1122,upstream,1998,365,True,0
1122,upstream,1999,365,True,0
1122,upstream,2000,366,True,0
1122,upstream,2001,365,True,0
1122,upstream,2002,365,True,0
1122,upstream,2003,365,True,0
1122,upstream,2004,366,True,0
1122,upstream,2005,365,True,0
1122,upstream,2006,365,True,0
1122,upstream,2007,365,True,0
1122,upstream,2008,366,True,0
1122,upstream,2009,365,True,0
1122,upstream,2010,365,True,0
1122,upstream,2011,365,True,0
1122,upstream,2012,366,True,0
1122,upstream,2013,365,True,0
1122,upstream,2014,365,True,0
1122,upstream,2015,365,True,0
1122,upstream,2016,366,True,0
1122,upstream,2017,365,True,0
1122,upstream,2018,365,True,0
1122,upstream,2019,365,True,0
1124,cars,1980,0,False,0
1124,cars,1981,0,False,0
1124,cars,1982,0,False,0
1124,cars,1983,0,False,0
1124,cars,1984,0,False,0
1124,cars,1985,0,False,0
1124,cars,1986,0,False,0
1124,cars,1987,0,False,0
1124,cars,1988,0,False,0
1124,cars,1989,273,False,0
1124,cars,1990,365,True,0
1124,cars,1991,365,True,0
1124,cars,1992,366,True,0
1124,cars,1993,365,True,0
1124,cars,1994,365,True,0
1124,cars,1995,365,True,0
1124,cars,1996,366,True,0
1124,cars,1997,365,True,0
1124,cars,1998,365,True,0
1124,cars,1999,365,True,0
1124,cars,2000,366,True,0
1124,cars,2001,365,True,0
1124,cars,2002,365,True,0
1124,cars,2003,365,True,0
1124,cars,2004,366,True,0
1124,cars,2005,365,True,0
1124,cars,2006,365,True,0
1124,cars,2007,365,True,0
1124,cars,2008,366,True,0
1124,cars,2009,365,True,0
1124,cars,2010,365,True,0
1124,cars,2011,365,True,0
1124,cars,2012,366,True,0
1124,cars,2013,365,True,0
1124,cars,2014,365,True,0
1124,cars,2015,365,True,0
1124,cars,2016,93,False,0
1124,cars,2017,0,False,0
1124,cars,2018,0,False,0
1124,cars,2019,0,False,0
1124,upstream,1980,0,False,0
1124,upstream,1981,0,False,0
1124,upstream,1982,0,False,0
1124,upstream,1983,0,False,0
1124,upstream,1984,0,False,0
1124,upstream,1985,0,False,0
1124,upstream,1986,0,False,0
1124,upstream,1987,0,False,0
1124,upstream,1988,0,False,0
1124,upstream,1989,273,False,0
1124,upstream,1990,365,True,0
1124,upstream,1991,365,True,0
1124,upstream,1992,366,True,0
1124,upstream,1993,365,True,0
1124,upstream,1994,365,True,0
1124,upstream,1995,365,True,0
1124,upstream,1996,366,True,0
1124,upstream,1997,365,True,0
1124,upstream,1998,365,True,0
1124,upstream,1999,365,True,0
1124,upstream,2000,366,True,0
1124,upstream,2001,365,True,0
1124,upstream,2002,365,True,0
1124,upstream,2003,365,True,0
1124,upstream,2004,366,True,0
1124,upstream,2005,365,True,0
1124,upstream,2006,365,True,0
1124,upstream,2007,365,True,0
1124,upstream,2008,366,True,0
1124,upstream,2009,365,True,0
1124,upstream,2010,365,True,0
1124,upstream,2011,365,True,0
1124,upstream,2012,366,True,0
1124,upstream,2013,365,True,0
1124,upstream,2014,365,True,0
1124,upstream,2015,365,True,0
1124,upstream,2016,92,False,0
1124,upstream,2017,0,False,0
1124,upstream,2018,0,False,0
1124,upstream,2019,0,False,0
1125,cars,1980,366,True,0
1125,cars,1981,365,True,0
1125,cars,1982,365,True,0
1125,cars,1983,365,True,0
1125,cars,1984,366,True,0
1125,cars,1985,365,True,0
1125,cars,1986,365,True,0
1125,cars,1987,365,True,0
1125,cars,1988,366,True,0
1125,cars,1989,365,True,0
1125,cars,1990,365,True,0
1125,cars,1991,365,True,0
1125,cars,1992,366,True,0
1125,cars,1993,365,True,0
1125,cars,1994,365,True,0
1125,cars,1995,365,True,0
1125,cars,1996,366,True,0
1125,cars,1997,365,True,0
1125,cars,1998,365,True,0
1125,cars,1999,365,True,0
1125,cars,2000,366,True,0
1125,cars,2001,365,True,0
1125,cars,2002,365,True,0
1125,cars,2003,365,True,0
1125,cars,2004,366,True,0
1125,cars,2005,365,True,0
1125,cars,2006,365,True,0
1125,cars,2007,365,True,0
1125,cars,2008,366,True,0
1125,cars,2009,365,True,0
1125,cars,2010,365,True,0
1125,cars,2011,365,True,0
1125,cars,2012,366,True,0
1125,cars,2013,365,True,0
1125,cars,2014,365,True,0
1125,cars,2015,365,True,0
1125,cars,2016,366,True,0
1125,cars,2017,365,True,0
1125,cars,2018,365,True,0
1125,cars,2019,365,True,0
1125,upstream,1980,366,True,0
1125,upstream,1981,365,True,0
1125,upstream,1982,365,True,0
1125,upstream,1983,365,True,0
1125,upstream,1984,366,True,0
1125,upstream,1985,365,True,0
1125,upstream,1986,365,True,0
1125,upstream,1987,365,True,0
1125,upstream,1988,365,True,0
1125,upstream,1989,365,True,0
1125,upstream,1990,365,True,0
1125,upstream,1991,365,True,0
1125,upstream,1992,366,True,0
1125,upstream,1993,365,True,0
1125,upstream,1994,365,True,0
1125,upstream,1995,365,True,0
1125,upstream,1996,366,True,0
1125,upstream,1997,365,True,0
1125,upstream,1998,365,True,0
1125,upstream,1999,365,True,0
1125,upstream,2000,366,True,0
1125,upstream,2001,365,True,0
1125,upstream,2002,365,True,0
1125,upstream,2003,365,True,0
1125,upstream,2004,366,True,0
1125,upstream,2005,365,True,0
1125,upstream,2006,365,True,0
1125,upstream,2007,365,True,0
1125,upstream,2008,366,True,0
1125,upstream,2009,365,True,0
1125,upstream,2010,365,True,0
1125,upstream,2011,365,True,0
1125,upstream,2012,366,True,0
1125,upstream,2013,365,True,0
1125,upstream,2014,365,True,0
1125,upstream,2015,365,True,0
1125,upstream,2016,366,True,0
1125,upstream,2017,365,True,0
1125,upstream,2018,365,True,0
1125,upstream,2019,365,True,0
1127,cars,1980,365,True,0
1127,cars,1981,365,True,0
1127,cars,1982,365,True,0
1127,cars,1983,365,True,0
1127,cars,1984,366,True,0
1127,cars,1985,365,True,0
1127,cars,1986,365,True,0
1127,cars,1987,365,True,0
1127,cars,1988,366,True,0
1127,cars,1989,365,True,0
1127,cars,1990,365,True,0
1127,cars,1991,365,True,0
1127,cars,1992,366,True,0
1127,cars,1993,365,True,0
1127,cars,1994,365,True,0
1127,cars,1995,365,True,0
1127,cars,1996,366,True,0
1127,cars,1997,365,True,0
1127,cars,1998,365,True,0
1127,cars,1999,365,True,0
1127,cars,2000,366,True,0
1127,cars,2001,365,True,0
1127,cars,2002,365,True,0
1127,cars,2003,365,True,0
1127,cars,2004,366,True,0
1127,cars,2005,365,True,0
1127,cars,2006,365,True,0
1127,cars,2007,365,True,0
1127,cars,2008,366,True,0
1127,cars,2009,365,True,0
1127,cars,2010,365,True,0
1127,cars,2011,365,True,0
1127,cars,2012,366,True,0
1127,cars,2013,365,True,0
1127,cars,2014,365,True,0
1127,cars,2015,365,True,0
1127,cars,2016,366,True,0
1127,cars,2017,365,True,0
1127,cars,2018,365,True,0
1127,cars,2019,365,True,0
1127,upstream,1980,365,True,0
1127,upstream,1981,365,True,0
1127,upstream,1982,365,True,0
1127,upstream,1983,365,True,0
1127,upstream,1984,366,True,0
1127,upstream,1985,365,True,0
1127,upstream,1986,365,True,0
1127,upstream,1987,365,True,0
1127,upstream,1988,366,True,0
1127,upstream,1989,365,True,0
1127,upstream,1990,365,True,0
1127,upstream,1991,365,True,0
1127,upstream,1992,366,True,0
1127,upstream,1993,365,True,0
1127,upstream,1994,365,True,0
1127,upstream,1995,365,True,0
1127,upstream,1996,366,True,0
1127,upstream,1997,365,True,0
1127,upstream,1998,365,True,0
1127,upstream,1999,365,True,0
1127,upstream,2000,366,True,0
1127,upstream,2001,365,True,0
1127,upstream,2002,365,True,0
1127,upstream,2003,365,True,0
1127,upstream,2004,366,True,0
1127,upstream,2005,365,True,0
1127,upstream,2006,365,True,0
1127,upstream,2007,365,True,0
1127,upstream,2008,366,True,0
1127,upstream,2009,365,True,0
1127,upstream,2010,365,True,0
1127,upstream,2011,365,True,0
1127,upstream,2012,366,True,0
1127,upstream,2013,365,True,0
1127,upstream,2014,365,True,0
1127,upstream,2015,365,True,0
1127,upstream,2016,365,True,1
1127,upstream,2017,365,True,0
1127,upstream,2018,365,True,0
1127,upstream,2019,365,True,0
1128,cars,1980,0,False,0
1128,cars,1981,0,False,0
1128,cars,1982,0,False,0
1128,cars,1983,0,False,0
1128,cars,1984,0,False,0
1128,cars,1985,0,False,0
1128,cars,1986,0,False,0
1128,cars,1987,0,False,0
1128,cars,1988,0,False,0
1128,cars,1989,0,False,0
1128,cars,1990,0,False,0
1128,cars,1991,0,False,0
1128,cars,1992,0,False,0
1128,cars,1993,0,False,0
1128,cars,1994,0,False,0
1128,cars,1995,334,True,0
1128,cars,1996,366,True,0
1128,cars,1997,365,True,0
1128,cars,1998,365,True,0
1128,cars,1999,365,True,0
1128,cars,2000,366,True,0
1128,cars,2001,365,True,0
1128,cars,2002,365,True,0
1128,cars,2003,365,True,0
1128,cars,2004,366,True,0
1128,cars,2005,365,True,0
1128,cars,2006,365,True,0
1128,cars,2007,365,True,0
1128,cars,2008,366,True,0
1128,cars,2009,365,True,0
1128,cars,2010,365,True,0
1128,cars,2011,365,True,0
1128,cars,2012,366,True,0
1128,cars,2013,365,True,0
1128,cars,2014,365,True,0
1128,cars,2015,365,True,0
1128,cars,2016,1,False,0
1128,cars,2017,0,False,0
1128,cars,2018,0,False,0
1128,cars,2019,0,False,0
1128,upstream,1980,0,False,0
1128,upstream,1981,0,False,0
1128,upstream,1982,0,False,0
1128,upstream,1983,0,False,0
1128,upstream,1984,0,False,0
1128,upstream,1985,0,False,0
1128,upstream,1986,0,False,0
1128,upstream,1987,0,False,0
1128,upstream,1988,0,False,0
1128,upstream,1989,0,False,0
1128,upstream,1990,0,False,0
1128,upstream,1991,0,False,0
1128,upstream,1992,0,False,0
1128,upstream,1993,0,False,0
1128,upstream,1994,0,False,0
1128,upstream,1995,334,True,0
1128,upstream,1996,366,True,0
1128,upstream,1997,365,True,0
1128,upstream,1998,365,True,0
1128,upstream,1999,365,True,0
1128,upstream,2000,366,True,0
1128,upstream,2001,365,True,0
1128,upstream,2002,365,True,0
1128,upstream,2003,365,True,0
1128,upstream,2004,366,True,0
1128,upstream,2005,365,True,0
1128,upstream,2006,365,True,0
1128,upstream,2007,365,True,0
1128,upstream,2008,366,True,0
1128,upstream,2009,365,True,0
1128,upstream,2010,365,True,0
1128,upstream,2011,365,True,0
1128,upstream,2012,366,True,0
1128,upstream,2013,365,True,0
1128,upstream,2014,365,True,0
1128,upstream,2015,365,True,0
1128,upstream,2016,0,False,0
1128,upstream,2017,0,False,0
1128,upstream,2018,0,False,0
1128,upstream,2019,0,False,0
1134,cars,1980,366,True,0
1134,cars,1981,365,True,0
1134,cars,1982,365,True,0
1134,cars,1983,365,True,0
1134,cars,1984,366,True,0
1134,cars,1985,365,True,0
1134,cars,1986,365,True,0
1134,cars,1987,365,True,0
1134,cars,1988,366,True,0
1134,cars,1989,365,True,0
1134,cars,1990,365,True,0
1134,cars,1991,365,True,0
1134,cars,1992,366,True,0
1134,cars,1993,365,True,0
1134,cars,1994,365,True,0
1134,cars,1995,365,True,0
1134,cars,1996,366,True,0
1134,cars,1997,365,True,0
1134,cars,1998,365,True,0
1134,cars,1999,365,True,0
1134,cars,2000,366,True,0
1134,cars,2001,365,True,0
1134,cars,2002,365,True,0
1134,cars,2003,365,True,0
1134,cars,2004,366,True,0
1134,cars,2005,365,True,0
1134,cars,2006,365,True,0
1134,cars,2007,365,True,0
1134,cars,2008,366,True,0
1134,cars,2009,365,True,0
1134,cars,2010,365,True,0
1134,cars,2011,365,True,0
1134,cars,2012,366,True,0
1134,cars,2013,365,True,0
1134,cars,2014,365,True,0
1134,cars,2015,365,True,0
1134,cars,2016,32,False,0
1134,cars,2017,0,False,0
1134,cars,2018,0,False,0
1134,cars,2019,0,False,0
1134,upstream,1980,366,True,0
1134,upstream,1981,365,True,0
1134,upstream,1982,365,True,0
1134,upstream,1983,365,True,0
1134,upstream,1984,366,True,0
1134,upstream,1985,365,True,0
1134,upstream,1986,365,True,0
1134,upstream,1987,365,True,0
1134,upstream,1988,366,True,0
1134,upstream,1989,365,True,0
1134,upstream,1990,365,True,0
1134,upstream,1991,365,True,0
1134,upstream,1992,366,True,0
1134,upstream,1993,365,True,0
1134,upstream,1994,365,True,0
1134,upstream,1995,365,True,0
1134,upstream,1996,366,True,0
1134,upstream,1997,365,True,0
1134,upstream,1998,365,True,0
1134,upstream,1999,365,True,0
1134,upstream,2000,366,True,0
1134,upstream,2001,365,True,0
1134,upstream,2002,365,True,0
1134,upstream,2003,365,True,0
1134,upstream,2004,366,True,0
1134,upstream,2005,365,True,0
1134,upstream,2006,365,True,0
1134,upstream,2007,365,True,0
1134,upstream,2008,366,True,0
1134,upstream,2009,365,True,0
1134,upstream,2010,365,True,0
1134,upstream,2011,365,True,0
1134,upstream,2012,366,True,0
1134,upstream,2013,365,True,0
1134,upstream,2014,365,True,0
1134,upstream,2015,365,True,0
1134,upstream,2016,31,False,0
1134,upstream,2017,0,False,0
1134,upstream,2018,0,False,0
1134,upstream,2019,0,False,0
114,cars,1980,0,False,0
114,cars,1981,0,False,0
114,cars,1982,0,False,0
114,cars,1983,0,False,0
114,cars,1984,0,False,0
114,cars,1985,0,False,0
114,cars,1986,0,False,0
114,cars,1987,0,False,0
114,cars,1988,0,False,0
114,cars,1989,34,False,0
114,cars,1990,0,False,0
114,cars,1991,0,False,0
114,cars,1992,165,False,0
114,cars,1993,109,False,0
114,cars,1994,353,True,0
114,cars,1995,153,False,0
114,cars,1996,337,True,0
114,cars,1997,365,True,0
114,cars,1998,343,True,0
114,cars,1999,365,True,0
114,cars,2000,366,True,0
114,cars,2001,355,True,0
114,cars,2002,365,True,0
114,cars,2003,365,True,0
114,cars,2004,366,True,0
114,cars,2005,360,True,0
114,cars,2006,365,True,0
114,cars,2007,365,True,0
114,cars,2008,366,True,0
114,cars,2009,365,True,0
114,cars,2010,365,True,0
114,cars,2011,365,True,0
114,cars,2012,366,True,0
114,cars,2013,365,True,0
114,cars,2014,365,True,0
114,cars,2015,365,True,0
114,cars,2016,365,True,0
114,cars,2017,365,True,0
114,cars,2018,365,True,0
114,cars,2019,365,True,0
114,upstream,1980,0,False,0
114,upstream,1981,0,False,0
114,upstream,1982,0,False,0
114,upstream,1983,0,False,0
114,upstream,1984,0,False,0
114,upstream,1985,0,False,0
114,upstream,1986,0,False,0
114,upstream,1987,0,False,0
114,upstream,1988,0,False,0
114,upstream,1989,33,False,0
114,upstream,1990,0,False,0
114,upstream,1991,0,False,0
114,upstream,1992,154,False,3
114,upstream,1993,103,False,0
114,upstream,1994,345,True,0
114,upstream,1995,133,False,17
114,upstream,1996,273,False,93
114,upstream,1997,355,True,4
114,upstream,1998,335,True,0
114,upstream,1999,334,True,30
114,upstream,2000,351,True,15
114,upstream,2001,341,True,5
114,upstream,2002,363,True,2
114,upstream,2003,364,True,1
114,upstream,2004,360,True,6
114,upstream,2005,344,True,0
114,upstream,2006,361,True,4
114,upstream,2007,364,True,1
114,upstream,2008,366,True,0
114,upstream,2009,363,True,2
114,upstream,2010,364,True,1
114,upstream,2011,361,True,4
114,upstream,2012,347,True,19
114,upstream,2013,365,True,0
114,upstream,2014,361,True,4
114,upstream,2015,347,True,18
114,upstream,2016,333,True,33
114,upstream,2017,365,True,0
114,upstream,2018,361,True,4
114,upstream,2019,344,True,21
1144,cars,1980,0,False,0
1144,cars,1981,0,False,0
1144,cars,1982,0,False,0
1144,cars,1983,0,False,0
1144,cars,1984,0,False,0
1144,cars,1985,0,False,0
1144,cars,1986,0,False,0
1144,cars,1987,0,False,0
1144,cars,1988,0,False,0
1144,cars,1989,273,False,0
1144,cars,1990,365,True,0
1144,cars,1991,365,True,0
1144,cars,1992,366,True,0
1144,cars,1993,365,True,0
1144,cars,1994,365,True,0
1144,cars,1995,365,True,0
1144,cars,1996,366,True,0
1144,cars,1997,365,True,0
1144,cars,1998,365,True,0
1144,cars,1999,365,True,0
1144,cars,2000,366,True,0
1144,cars,2001,365,True,0
1144,cars,2002,365,True,0
1144,cars,2003,365,True,0
1144,cars,2004,366,True,0
1144,cars,2005,365,True,0
1144,cars,2006,365,True,0
1144,cars,2007,365,True,0
1144,cars,2008,366,True,0
1144,cars,2009,365,True,0
1144,cars,2010,365,True,0
1144,cars,2011,365,True,0
1144,cars,2012,366,True,0
1144,cars,2013,365,True,0
1144,cars,2014,365,True,0
1144,cars,2015,365,True,0
1144,cars,2016,93,False,0
1144,cars,2017,0,False,0
1144,cars,2018,0,False,0
1144,cars,2019,0,False,0
1144,upstream,1980,0,False,0
1144,upstream,1981,0,False,0
1144,upstream,1982,0,False,0
1144,upstream,1983,0,False,0
1144,upstream,1984,0,False,0
1144,upstream,1985,0,False,0
1144,upstream,1986,0,False,0
1144,upstream,1987,0,False,0
1144,upstream,1988,0,False,0
1144,upstream,1989,273,False,0
1144,upstream,1990,365,True,0
1144,upstream,1991,365,True,0
1144,upstream,1992,366,True,0
1144,upstream,1993,365,True,0
1144,upstream,1994,365,True,0
1144,upstream,1995,365,True,0
1144,upstream,1996,366,True,0
1144,upstream,1997,365,True,0
1144,upstream,1998,365,True,0
1144,upstream,1999,365,True,0
1144,upstream,2000,366,True,0
1144,upstream,2001,365,True,0
1144,upstream,2002,365,True,0
1144,upstream,2003,365,True,0
1144,upstream,2004,366,True,0
1144,upstream,2005,365,True,0
1144,upstream,2006,365,True,0
1144,upstream,2007,365,True,0
1144,upstream,2008,366,True,0
1144,upstream,2009,365,True,0
1144,upstream,2010,365,True,0
1144,upstream,2011,365,True,0
1144,upstream,2012,366,True,0
1144,upstream,2013,365,True,0
1144,upstream,2014,365,True,0
1144,upstream,2015,365,True,0
1144,upstream,2016,92,False,0
1144,upstream,2017,0,False,0
1144,upstream,2018,0,False,0
1144,upstream,2019,0,False,0
1151,cars,1980,0,False,0
1151,cars,1981,0,False,0
1151,cars,1982,0,False,0
1151,cars,1983,0,False,0
1151,cars,1984,0,False,0
1151,cars,1985,0,False,0
1151,cars,1986,0,False,0
1151,cars,1987,0,False,0
1151,cars,1988,366,True,0
1151,cars,1989,365,True,0
1151,cars,1990,365,True,0
1151,cars,1991,365,True,0
1151,cars,1992,366,True,0
1151,cars,1993,365,True,0
1151,cars,1994,365,True,0
1151,cars,1995,365,True,0
1151,cars,1996,366,True,0
1151,cars,1997,365,True,0
1151,cars,1998,365,True,0
1151,cars,1999,365,True,0
1151,cars,2000,366,True,0
1151,cars,2001,365,True,0
1151,cars,2002,365,True,0
1151,cars,2003,365,True,0
1151,cars,2004,366,True,0
1151,cars,2005,365,True,0
1151,cars,2006,365,True,0
1151,cars,2007,365,True,0
1151,cars,2008,366,True,0
1151,cars,2009,365,True,0
1151,cars,2010,365,True,0
1151,cars,2011,365,True,0
1151,cars,2012,366,True,0
1151,cars,2013,365,True,0
1151,cars,2014,365,True,0
1151,cars,2015,365,True,0
1151,cars,2016,366,True,0
1151,cars,2017,365,True,0
1151,cars,2018,365,True,0
1151,cars,2019,365,True,0
1151,upstream,1980,0,False,0
1151,upstream,1981,0,False,0
1151,upstream,1982,0,False,0
1151,upstream,1983,0,False,0
1151,upstream,1984,0,False,0
1151,upstream,1985,0,False,0
1151,upstream,1986,0,False,0
1151,upstream,1987,0,False,0
1151,upstream,1988,366,True,0
1151,upstream,1989,365,True,0
1151,upstream,1990,365,True,0
1151,upstream,1991,365,True,0
1151,upstream,1992,366,True,0
1151,upstream,1993,365,True,0
1151,upstream,1994,365,True,0
1151,upstream,1995,365,True,0
1151,upstream,1996,366,True,0
1151,upstream,1997,365,True,0
1151,upstream,1998,365,True,0
1151,upstream,1999,365,True,0
1151,upstream,2000,366,True,0
1151,upstream,2001,365,True,0
1151,upstream,2002,365,True,0
1151,upstream,2003,365,True,0
1151,upstream,2004,366,True,0
1151,upstream,2005,365,True,0
1151,upstream,2006,365,True,0
1151,upstream,2007,365,True,0
1151,upstream,2008,366,True,0
1151,upstream,2009,365,True,0
1151,upstream,2010,365,True,0
1151,upstream,2011,365,True,0
1151,upstream,2012,366,True,0
1151,upstream,2013,365,True,0
1151,upstream,2014,365,True,0
1151,upstream,2015,365,True,0
1151,upstream,2016,366,True,0
1151,upstream,2017,365,True,0
1151,upstream,2018,365,True,0
1151,upstream,2019,365,True,0
1170,cars,1980,0,False,0
1170,cars,1981,0,False,0
1170,cars,1982,122,False,0
1170,cars,1983,365,True,0
1170,cars,1984,366,True,0
1170,cars,1985,365,True,0
1170,cars,1986,365,True,0
1170,cars,1987,365,True,0
1170,cars,1988,366,True,0
1170,cars,1989,365,True,0
1170,cars,1990,365,True,0
1170,cars,1991,365,True,0
1170,cars,1992,366,True,0
1170,cars,1993,365,True,0
1170,cars,1994,365,True,0
1170,cars,1995,365,True,0
1170,cars,1996,366,True,0
1170,cars,1997,365,True,0
1170,cars,1998,365,True,0
1170,cars,1999,365,True,0
1170,cars,2000,366,True,0
1170,cars,2001,365,True,0
1170,cars,2002,365,True,0
1170,cars,2003,365,True,0
1170,cars,2004,366,True,0
1170,cars,2005,365,True,0
1170,cars,2006,365,True,0
1170,cars,2007,365,True,0
1170,cars,2008,366,True,0
1170,cars,2009,365,True,0
1170,cars,2010,365,True,0
1170,cars,2011,365,True,0
1170,cars,2012,366,True,0
1170,cars,2013,365,True,0
1170,cars,2014,365,True,0
1170,cars,2015,365,True,0
1170,cars,2016,1,False,0
1170,cars,2017,0,False,0
1170,cars,2018,0,False,0
1170,cars,2019,0,False,0
1170,upstream,1980,0,False,0
1170,upstream,1981,0,False,0
1170,upstream,1982,122,False,0
1170,upstream,1983,364,True,1
1170,upstream,1984,357,True,9
1170,upstream,1985,365,True,0
1170,upstream,1986,365,True,0
1170,upstream,1987,365,True,0
1170,upstream,1988,365,True,1
1170,upstream,1989,365,True,0
1170,upstream,1990,363,True,2
1170,upstream,1991,365,True,0
1170,upstream,1992,366,True,0
1170,upstream,1993,365,True,0
1170,upstream,1994,365,True,0
1170,upstream,1995,365,True,0
1170,upstream,1996,366,True,0
1170,upstream,1997,365,True,0
1170,upstream,1998,365,True,0
1170,upstream,1999,365,True,0
1170,upstream,2000,366,True,0
1170,upstream,2001,365,True,0
1170,upstream,2002,365,True,0
1170,upstream,2003,365,True,0
1170,upstream,2004,366,True,0
1170,upstream,2005,365,True,0
1170,upstream,2006,365,True,0
1170,upstream,2007,365,True,0
1170,upstream,2008,366,True,0
1170,upstream,2009,365,True,0
1170,upstream,2010,365,True,0
1170,upstream,2011,365,True,0
1170,upstream,2012,366,True,0
1170,upstream,2013,365,True,0
1170,upstream,2014,365,True,0
1170,upstream,2015,336,True,28
1170,upstream,2016,0,False,0
1170,upstream,2017,0,False,0
1170,upstream,2018,0,False,0
1170,upstream,2019,0,False,0
1192,cars,1980,366,True,0
1192,cars,1981,365,True,0
1192,cars,1982,365,True,0
1192,cars,1983,365,True,0
1192,cars,1984,328,False,0
1192,cars,1985,365,True,0
1192,cars,1986,365,True,0
1192,cars,1987,365,True,0
1192,cars,1988,366,True,0
1192,cars,1989,361,True,0
1192,cars,1990,365,True,0
1192,cars,1991,365,True,0
1192,cars,1992,366,True,0
1192,cars,1993,365,True,0
1192,cars,1994,365,True,0
1192,cars,1995,365,True,0
1192,cars,1996,366,True,0
1192,cars,1997,365,True,0
1192,cars,1998,365,True,0
1192,cars,1999,365,True,0
1192,cars,2000,366,True,0
1192,cars,2001,365,True,0
1192,cars,2002,365,True,0
1192,cars,2003,365,True,0
1192,cars,2004,366,True,0
1192,cars,2005,365,True,0
1192,cars,2006,365,True,0
1192,cars,2007,365,True,0
1192,cars,2008,366,True,0
1192,cars,2009,365,True,0
1192,cars,2010,365,True,0
1192,cars,2011,365,True,0
1192,cars,2012,366,True,0
1192,cars,2013,365,True,0
1192,cars,2014,365,True,0
1192,cars,2015,365,True,0
1192,cars,2016,366,True,0
1192,cars,2017,365,True,0
1192,cars,2018,365,True,0
1192,cars,2019,306,False,0
1192,upstream,1980,364,True,0
1192,upstream,1981,365,True,0
1192,upstream,1982,365,True,0
1192,upstream,1983,365,True,0
1192,upstream,1984,324,False,0
1192,upstream,1985,365,True,0
1192,upstream,1986,365,True,0
1192,upstream,1987,365,True,0
1192,upstream,1988,366,True,0
1192,upstream,1989,359,True,0
1192,upstream,1990,365,True,0
1192,upstream,1991,365,True,0
1192,upstream,1992,366,True,0
1192,upstream,1993,365,True,0
1192,upstream,1994,365,True,0
1192,upstream,1995,365,True,0
1192,upstream,1996,366,True,0
1192,upstream,1997,365,True,0
1192,upstream,1998,365,True,0
1192,upstream,1999,365,True,0
1192,upstream,2000,366,True,0
1192,upstream,2001,365,True,0
1192,upstream,2002,365,True,0
1192,upstream,2003,365,True,0
1192,upstream,2004,366,True,0
1192,upstream,2005,365,True,0
1192,upstream,2006,365,True,0
1192,upstream,2007,365,True,0
1192,upstream,2008,366,True,0
1192,upstream,2009,365,True,0
1192,upstream,2010,365,True,0
1192,upstream,2011,365,True,0
1192,upstream,2012,366,True,0
1192,upstream,2013,365,True,0
1192,upstream,2014,365,True,0
1192,upstream,2015,365,True,0
1192,upstream,2016,366,True,0
1192,upstream,2017,363,True,0
1192,upstream,2018,365,True,0
1192,upstream,2019,305,False,0
1197,cars,1980,0,False,0
1197,cars,1981,0,False,0
1197,cars,1982,0,False,0
1197,cars,1983,0,False,0
1197,cars,1984,0,False,0
1197,cars,1985,0,False,0
1197,cars,1986,268,False,0
1197,cars,1987,365,True,0
1197,cars,1988,366,True,0
1197,cars,1989,365,True,0
1197,cars,1990,365,True,0
1197,cars,1991,365,True,0
1197,cars,1992,366,True,0
1197,cars,1993,365,True,0
1197,cars,1994,365,True,0
1197,cars,1995,365,True,0
1197,cars,1996,366,True,0
1197,cars,1997,365,True,0
1197,cars,1998,365,True,0
1197,cars,1999,365,True,0
1197,cars,2000,366,True,0
1197,cars,2001,365,True,0
1197,cars,2002,365,True,0
1197,cars,2003,365,True,0
1197,cars,2004,366,True,0
1197,cars,2005,365,True,0
1197,cars,2006,365,True,0
1197,cars,2007,365,True,0
1197,cars,2008,366,True,0
1197,cars,2009,365,True,0
1197,cars,2010,365,True,0
1197,cars,2011,365,True,0
1197,cars,2012,366,True,0
1197,cars,2013,365,True,0
1197,cars,2014,365,True,0
1197,cars,2015,352,True,0
1197,cars,2016,1,False,0
1197,cars,2017,0,False,0
1197,cars,2018,0,False,0
1197,cars,2019,0,False,0
1197,upstream,1980,0,False,0
1197,upstream,1981,0,False,0
1197,upstream,1982,0,False,0
1197,upstream,1983,0,False,0
1197,upstream,1984,0,False,0
1197,upstream,1985,0,False,0
1197,upstream,1986,268,False,0
1197,upstream,1987,365,True,0
1197,upstream,1988,366,True,0
1197,upstream,1989,365,True,0
1197,upstream,1990,365,True,0
1197,upstream,1991,365,True,0
1197,upstream,1992,366,True,0
1197,upstream,1993,365,True,0
1197,upstream,1994,365,True,0
1197,upstream,1995,365,True,0
1197,upstream,1996,366,True,0
1197,upstream,1997,365,True,0
1197,upstream,1998,365,True,0
1197,upstream,1999,365,True,0
1197,upstream,2000,366,True,0
1197,upstream,2001,365,True,0
1197,upstream,2002,365,True,0
1197,upstream,2003,365,True,0
1197,upstream,2004,366,True,0
1197,upstream,2005,365,True,0
1197,upstream,2006,365,True,0
1197,upstream,2007,365,True,0
1197,upstream,2008,366,True,0
1197,upstream,2009,365,True,0
1197,upstream,2010,365,True,0
1197,upstream,2011,365,True,0
1197,upstream,2012,366,True,0
1197,upstream,2013,365,True,0
1197,upstream,2014,365,True,0
1197,upstream,2015,283,False,82
1197,upstream,2016,0,False,0
1197,upstream,2017,0,False,0
1197,upstream,2018,0,False,0
1197,upstream,2019,0,False,0
1207,cars,1980,366,True,0
1207,cars,1981,365,True,0
1207,cars,1982,365,True,0
1207,cars,1983,365,True,0
1207,cars,1984,366,True,0
1207,cars,1985,365,True,0
1207,cars,1986,365,True,0
1207,cars,1987,365,True,0
1207,cars,1988,366,True,0
1207,cars,1989,365,True,0
1207,cars,1990,365,True,0
1207,cars,1991,365,True,0
1207,cars,1992,366,True,0
1207,cars,1993,365,True,0
1207,cars,1994,343,True,0
1207,cars,1995,335,True,0
1207,cars,1996,289,False,0
1207,cars,1997,365,True,0
1207,cars,1998,365,True,0
1207,cars,1999,365,True,0
1207,cars,2000,366,True,0
1207,cars,2001,100,False,0
1207,cars,2002,0,False,0
1207,cars,2003,273,False,0
1207,cars,2004,264,False,0
1207,cars,2005,273,False,0
1207,cars,2006,365,True,0
1207,cars,2007,365,True,0
1207,cars,2008,152,False,0
1207,cars,2009,363,True,0
1207,cars,2010,365,True,0
1207,cars,2011,93,False,0
1207,cars,2012,274,False,0
1207,cars,2013,363,True,0
1207,cars,2014,360,True,0
1207,cars,2015,93,False,0
1207,cars,2016,1,False,0
1207,cars,2017,265,False,0
1207,cars,2018,90,False,0
1207,cars,2019,272,False,0
1207,upstream,1980,0,False,0
1207,upstream,1981,0,False,0
1207,upstream,1982,0,False,0
1207,upstream,1983,0,False,0
1207,upstream,1984,0,False,0
1207,upstream,1985,0,False,0
1207,upstream,1986,0,False,0
1207,upstream,1987,0,False,0
1207,upstream,1988,0,False,0
1207,upstream,1989,0,False,0
1207,upstream,1990,0,False,0
1207,upstream,1991,0,False,0
1207,upstream,1992,0,False,0
1207,upstream,1993,0,False,0
1207,upstream,1994,0,False,0
1207,upstream,1995,0,False,0
1207,upstream,1996,0,False,0
1207,upstream,1997,0,False,0
1207,upstream,1998,0,False,0
1207,upstream,1999,0,False,0
1207,upstream,2000,0,False,0
1207,upstream,2001,0,False,0
1207,upstream,2002,0,False,0
1207,upstream,2003,0,False,0
1207,upstream,2004,0,False,0
1207,upstream,2005,0,False,0
1207,upstream,2006,0,False,0
1207,upstream,2007,0,False,0
1207,upstream,2008,0,False,0
1207,upstream,2009,0,False,0
1207,upstream,2010,0,False,0
1207,upstream,2011,0,False,0
1207,upstream,2012,0,False,0
1207,upstream,2013,0,False,0
1207,upstream,2014,0,False,0
1207,upstream,2015,0,False,0
1207,upstream,2016,0,False,0
1207,upstream,2017,0,False,0
1207,upstream,2018,0,False,0
1207,upstream,2019,0,False,0
1237,cars,1980,366,True,0
1237,cars,1981,365,True,0
1237,cars,1982,365,True,0
1237,cars,1983,365,True,0
1237,cars,1984,366,True,0
1237,cars,1985,365,True,0
1237,cars,1986,365,True,0
1237,cars,1987,365,True,0
1237,cars,1988,366,True,0
1237,cars,1989,365,True,0
1237,cars,1990,365,True,0
1237,cars,1991,365,True,0
1237,cars,1992,366,True,0
1237,cars,1993,365,True,0
1237,cars,1994,365,True,0
1237,cars,1995,365,True,0
1237,cars,1996,366,True,0
1237,cars,1997,365,True,0
1237,cars,1998,365,True,0
1237,cars,1999,365,True,0
1237,cars,2000,366,True,0
1237,cars,2001,365,True,0
1237,cars,2002,365,True,0
1237,cars,2003,365,True,0
1237,cars,2004,366,True,0
1237,cars,2005,365,True,0
1237,cars,2006,365,True,0
1237,cars,2007,365,True,0
1237,cars,2008,366,True,0
1237,cars,2009,365,True,0
1237,cars,2010,365,True,0
1237,cars,2011,365,True,0
1237,cars,2012,366,True,0
1237,cars,2013,365,True,0
1237,cars,2014,365,True,0
1237,cars,2015,365,True,0
1237,cars,2016,366,True,0
1237,cars,2017,365,True,0
1237,cars,2018,365,True,0
1237,cars,2019,365,True,0
1237,upstream,1980,366,True,0
1237,upstream,1981,365,True,0
1237,upstream,1982,365,True,0
1237,upstream,1983,365,True,0
1237,upstream,1984,366,True,0
1237,upstream,1985,365,True,0
1237,upstream,1986,365,True,0
1237,upstream,1987,365,True,0
1237,upstream,1988,366,True,0
1237,upstream,1989,365,True,0
1237,upstream,1990,365,True,0
1237,upstream,1991,365,True,0
1237,upstream,1992,366,True,0
1237,upstream,1993,365,True,0
1237,upstream,1994,365,True,0
1237,upstream,1995,365,True,0
1237,upstream,1996,366,True,0
1237,upstream,1997,365,True,0
1237,upstream,1998,365,True,0
1237,upstream,1999,365,True,0
1237,upstream,2000,366,True,0
1237,upstream,2001,365,True,0
1237,upstream,2002,365,True,0
1237,upstream,2003,365,True,0
1237,upstream,2004,366,True,0
1237,upstream,2005,365,True,0
1237,upstream,2006,365,True,0
1237,upstream,2007,365,True,0
1237,upstream,2008,366,True,0
1237,upstream,2009,365,True,0
1237,upstream,2010,365,True,0
1237,upstream,2011,365,True,0
1237,upstream,2012,366,True,0
1237,upstream,2013,365,True,0
1237,upstream,2014,365,True,0
1237,upstream,2015,365,True,0
1237,upstream,2016,366,True,0
1237,upstream,2017,365,True,0
1237,upstream,2018,365,True,0
1237,upstream,2019,365,True,0
1249,cars,1980,366,True,0
1249,cars,1981,365,True,0
1249,cars,1982,365,True,0
1249,cars,1983,365,True,0
1249,cars,1984,366,True,0
1249,cars,1985,365,True,0
1249,cars,1986,365,True,0
1249,cars,1987,365,True,0
1249,cars,1988,366,True,0
1249,cars,1989,365,True,0
1249,cars,1990,365,True,0
1249,cars,1991,365,True,0
1249,cars,1992,366,True,0
1249,cars,1993,365,True,0
1249,cars,1994,365,True,0
1249,cars,1995,365,True,0
1249,cars,1996,366,True,0
1249,cars,1997,365,True,0
1249,cars,1998,365,True,0
1249,cars,1999,365,True,0
1249,cars,2000,366,True,0
1249,cars,2001,365,True,0
1249,cars,2002,365,True,0
1249,cars,2003,365,True,0
1249,cars,2004,366,True,0
1249,cars,2005,365,True,0
1249,cars,2006,365,True,0
1249,cars,2007,365,True,0
1249,cars,2008,366,True,0
1249,cars,2009,365,True,0
1249,cars,2010,365,True,0
1249,cars,2011,365,True,0
1249,cars,2012,366,True,0
1249,cars,2013,365,True,0
1249,cars,2014,365,True,0
1249,cars,2015,365,True,0
1249,cars,2016,366,True,0
1249,cars,2017,365,True,0
1249,cars,2018,365,True,0
1249,cars,2019,365,True,0
1249,upstream,1980,366,True,0
1249,upstream,1981,365,True,0
1249,upstream,1982,365,True,0
1249,upstream,1983,365,True,0
1249,upstream,1984,366,True,0
1249,upstream,1985,365,True,0
1249,upstream,1986,365,True,0
1249,upstream,1987,365,True,0
1249,upstream,1988,366,True,0
1249,upstream,1989,365,True,0
1249,upstream,1990,365,True,0
1249,upstream,1991,365,True,0
1249,upstream,1992,366,True,0
1249,upstream,1993,365,True,0
1249,upstream,1994,365,True,0
1249,upstream,1995,365,True,0
1249,upstream,1996,366,True,0
1249,upstream,1997,365,True,0
1249,upstream,1998,365,True,0
1249,upstream,1999,365,True,0
1249,upstream,2000,366,True,0
1249,upstream,2001,365,True,0
1249,upstream,2002,365,True,0
1249,upstream,2003,365,True,0
1249,upstream,2004,366,True,0
1249,upstream,2005,365,True,0
1249,upstream,2006,365,True,0
1249,upstream,2007,365,True,0
1249,upstream,2008,366,True,0
1249,upstream,2009,365,True,0
1249,upstream,2010,365,True,0
1249,upstream,2011,365,True,0
1249,upstream,2012,366,True,0
1249,upstream,2013,365,True,0
1249,upstream,2014,365,True,0
1249,upstream,2015,365,True,0
1249,upstream,2016,366,True,0
1249,upstream,2017,365,True,0
1249,upstream,2018,365,True,0
1249,upstream,2019,365,True,0
131,cars,1980,366,True,0
131,cars,1981,365,True,0
131,cars,1982,365,True,0
131,cars,1983,365,True,0
131,cars,1984,366,True,0
131,cars,1985,365,True,0
131,cars,1986,365,True,0
131,cars,1987,365,True,0
131,cars,1988,366,True,0
131,cars,1989,365,True,0
131,cars,1990,365,True,0
131,cars,1991,365,True,0
131,cars,1992,366,True,0
131,cars,1993,365,True,0
131,cars,1994,361,True,0
131,cars,1995,362,True,0
131,cars,1996,365,True,0
131,cars,1997,365,True,0
131,cars,1998,365,True,0
131,cars,1999,365,True,0
131,cars,2000,366,True,0
131,cars,2001,365,True,0
131,cars,2002,365,True,0
131,cars,2003,365,True,0
131,cars,2004,365,True,0
131,cars,2005,365,True,0
131,cars,2006,365,True,0
131,cars,2007,365,True,0
131,cars,2008,366,True,0
131,cars,2009,365,True,0
131,cars,2010,363,True,0
131,cars,2011,365,True,0
131,cars,2012,366,True,0
131,cars,2013,365,True,0
131,cars,2014,365,True,0
131,cars,2015,362,True,0
131,cars,2016,358,True,0
131,cars,2017,365,True,0
131,cars,2018,365,True,0
131,cars,2019,365,True,0
131,upstream,1980,354,True,12
131,upstream,1981,333,True,32
131,upstream,1982,348,True,17
131,upstream,1983,359,True,6
131,upstream,1984,354,True,12
131,upstream,1985,346,True,19
131,upstream,1986,341,True,24
131,upstream,1987,333,True,32
131,upstream,1988,329,False,37
131,upstream,1989,339,True,26
131,upstream,1990,348,True,17
131,upstream,1991,354,True,11
131,upstream,1992,361,True,5
131,upstream,1993,352,True,13
131,upstream,1994,316,False,40
131,upstream,1995,325,False,17
131,upstream,1996,324,False,37
131,upstream,1997,328,False,35
131,upstream,1998,354,True,8
131,upstream,1999,364,True,1
131,upstream,2000,366,True,0
131,upstream,2001,355,True,9
131,upstream,2002,358,True,7
131,upstream,2003,361,True,4
131,upstream,2004,342,True,22
131,upstream,2005,350,True,14
131,upstream,2006,350,True,13
131,upstream,2007,325,False,40
131,upstream,2008,341,True,21
131,upstream,2009,341,True,23
131,upstream,2010,350,True,14
131,upstream,2011,357,True,7
131,upstream,2012,349,True,17
131,upstream,2013,322,False,41
131,upstream,2014,333,True,28
131,upstream,2015,331,True,34
131,upstream,2016,324,False,42
131,upstream,2017,353,True,12
131,upstream,2018,334,True,31
131,upstream,2019,334,True,31
132,cars,1980,0,False,0
132,cars,1981,0,False,0
132,cars,1982,0,False,0
132,cars,1983,0,False,0
132,cars,1984,0,False,0
132,cars,1985,0,False,0
132,cars,1986,0,False,0
132,cars,1987,108,False,0
132,cars,1988,312,False,0
132,cars,1989,332,True,0
132,cars,1990,361,True,0
132,cars,1991,322,False,0
132,cars,1992,364,True,0
132,cars,1993,365,True,0
132,cars,1994,361,True,0
132,cars,1995,362,True,0
132,cars,1996,366,True,0
132,cars,1997,365,True,0
132,cars,1998,365,True,0
132,cars,1999,365,True,0
132,cars,2000,366,True,0
132,cars,2001,365,True,0
132,cars,2002,365,True,0
132,cars,2003,365,True,0
132,cars,2004,363,True,0
132,cars,2005,365,True,0
132,cars,2006,365,True,0
132,cars,2007,365,True,0
132,cars,2008,366,True,0
132,cars,2009,365,True,0
132,cars,2010,365,True,0
132,cars,2011,365,True,0
132,cars,2012,366,True,0
132,cars,2013,365,True,0
132,cars,2014,365,True,0
132,cars,2015,365,True,0
132,cars,2016,366,True,0
132,cars,2017,365,True,0
132,cars,2018,365,True,0
132,cars,2019,100,False,0
132,upstream,1980,0,False,0
132,upstream,1981,0,False,0
132,upstream,1982,0,False,0
132,upstream,1983,0,False,0
132,upstream,1984,0,False,0
132,upstream,1985,0,False,0
132,upstream,1986,0,False,0
132,upstream,1987,87,False,0
132,upstream,1988,261,False,0
132,upstream,1989,308,False,0
132,upstream,1990,351,True,0
132,upstream,1991,283,False,0
132,upstream,1992,354,True,0
132,upstream,1993,360,True,0
132,upstream,1994,353,True,0
132,upstream,1995,342,True,0
132,upstream,1996,362,True,0
132,upstream,1997,364,True,0
132,upstream,1998,362,True,0
132,upstream,1999,363,True,0
132,upstream,2000,365,True,0
132,upstream,2001,365,True,0
132,upstream,2002,365,True,0
132,upstream,2003,365,True,0
132,upstream,2004,361,True,0
132,upstream,2005,364,True,0
132,upstream,2006,364,True,0
132,upstream,2007,364,True,0
132,upstream,2008,363,True,0
132,upstream,2009,364,True,0
132,upstream,2010,365,True,0
132,upstream,2011,365,True,0
132,upstream,2012,366,True,0
132,upstream,2013,363,True,1
132,upstream,2014,364,True,0
132,upstream,2015,365,True,0
132,upstream,2016,366,True,0
132,upstream,2017,365,True,0
132,upstream,2018,364,True,0
132,upstream,2019,92,False,0
133,cars,1980,0,False,0
133,cars,1981,0,False,0
133,cars,1982,0,False,0
133,cars,1983,0,False,0
133,cars,1984,0,False,0
133,cars,1985,0,False,0
133,cars,1986,0,False,0
133,cars,1987,0,False,0
133,cars,1988,0,False,0
133,cars,1989,0,False,0
133,cars,1990,165,False,0
133,cars,1991,1,False,0
133,cars,1992,0,False,0
133,cars,1993,0,False,0
133,cars,1994,32,False,0
133,cars,1995,317,False,0
133,cars,1996,366,True,0
133,cars,1997,365,True,0
133,cars,1998,365,True,0
133,cars,1999,365,True,0
133,cars,2000,366,True,0
133,cars,2001,361,True,0
133,cars,2002,365,True,0
133,cars,2003,365,True,0
133,cars,2004,365,True,0
133,cars,2005,363,True,0
133,cars,2006,365,True,0
133,cars,2007,365,True,0
133,cars,2008,366,True,0
133,cars,2009,365,True,0
133,cars,2010,365,True,0
133,cars,2011,365,True,0
133,cars,2012,366,True,0
133,cars,2013,365,True,0
133,cars,2014,365,True,0
133,cars,2015,365,True,0
133,cars,2016,366,True,0
133,cars,2017,365,True,0
133,cars,2018,365,True,0
133,cars,2019,100,False,0
133,upstream,1980,0,False,0
133,upstream,1981,0,False,0
133,upstream,1982,0,False,0
133,upstream,1983,0,False,0
133,upstream,1984,0,False,0
133,upstream,1985,0,False,0
133,upstream,1986,0,False,0
133,upstream,1987,0,False,14
133,upstream,1988,0,False,2
133,upstream,1989,0,False,0
133,upstream,1990,162,False,2
133,upstream,1991,0,False,8
133,upstream,1992,0,False,3
133,upstream,1993,0,False,0
133,upstream,1994,31,False,5
133,upstream,1995,283,False,6
133,upstream,1996,357,True,0
133,upstream,1997,360,True,3
133,upstream,1998,361,True,0
133,upstream,1999,362,True,0
133,upstream,2000,365,True,1
133,upstream,2001,341,True,24
133,upstream,2002,365,True,0
133,upstream,2003,361,True,3
133,upstream,2004,363,True,1
133,upstream,2005,333,True,28
133,upstream,2006,364,True,0
133,upstream,2007,365,True,0
133,upstream,2008,364,True,0
133,upstream,2009,364,True,0
133,upstream,2010,365,True,0
133,upstream,2011,365,True,0
133,upstream,2012,366,True,0
133,upstream,2013,362,True,2
133,upstream,2014,350,True,14
133,upstream,2015,365,True,0
133,upstream,2016,353,True,13
133,upstream,2017,362,True,3
133,upstream,2018,352,True,13
133,upstream,2019,84,False,8
144,cars,1980,0,False,0
144,cars,1981,0,False,0
144,cars,1982,0,False,0
144,cars,1983,0,False,0
144,cars,1984,0,False,0
144,cars,1985,0,False,0
144,cars,1986,0,False,0
144,cars,1987,0,False,0
144,cars,1988,0,False,0
144,cars,1989,0,False,0
144,cars,1990,0,False,0
144,cars,1991,0,False,0
144,cars,1992,0,False,0
144,cars,1993,0,False,0
144,cars,1994,38,False,0
144,cars,1995,340,True,0
144,cars,1996,281,False,0
144,cars,1997,309,False,0
144,cars,1998,330,True,0
144,cars,1999,330,True,0
144,cars,2000,356,True,0
144,cars,2001,349,True,0
144,cars,2002,329,True,0
144,cars,2003,349,True,0
144,cars,2004,364,True,0
144,cars,2005,365,True,0
144,cars,2006,365,True,0
144,cars,2007,365,True,0
144,cars,2008,362,True,0
144,cars,2009,365,True,0
144,cars,2010,365,True,0
144,cars,2011,365,True,0
144,cars,2012,366,True,0
144,cars,2013,365,True,0
144,cars,2014,350,True,0
144,cars,2015,361,True,0
144,cars,2016,365,True,0
144,cars,2017,358,True,0
144,cars,2018,363,True,0
144,cars,2019,353,True,0
144,upstream,1980,0,False,0
144,upstream,1981,0,False,0
144,upstream,1982,0,False,0
144,upstream,1983,0,False,0
144,upstream,1984,0,False,0
144,upstream,1985,0,False,0
144,upstream,1986,0,False,0
144,upstream,1987,0,False,0
144,upstream,1988,0,False,0
144,upstream,1989,0,False,0
144,upstream,1990,0,False,0
144,upstream,1991,0,False,0
144,upstream,1992,0,False,0
144,upstream,1993,0,False,0
144,upstream,1994,30,False,0
144,upstream,1995,276,False,31
144,upstream,1996,218,False,18
144,upstream,1997,256,False,9
144,upstream,1998,272,False,7
144,upstream,1999,301,False,12
144,upstream,2000,309,False,30
144,upstream,2001,294,False,36
144,upstream,2002,272,False,17
144,upstream,2003,319,False,12
144,upstream,2004,338,True,18
144,upstream,2005,344,True,20
144,upstream,2006,353,True,11
144,upstream,2007,345,True,19
144,upstream,2008,338,True,20
144,upstream,2009,332,True,30
144,upstream,2010,342,True,23
144,upstream,2011,355,True,9
144,upstream,2012,341,True,25
144,upstream,2013,330,True,33
144,upstream,2014,254,False,104
144,upstream,2015,287,False,70
144,upstream,2016,304,False,60
144,upstream,2017,339,True,14
144,upstream,2018,341,True,19
144,upstream,2019,336,True,23
148,cars,1980,0,False,0
148,cars,1981,0,False,0
148,cars,1982,0,False,0
148,cars,1983,0,False,0
148,cars,1984,0,False,0
148,cars,1985,0,False,0
148,cars,1986,0,False,0
148,cars,1987,0,False,0
148,cars,1988,0,False,0
148,cars,1989,0,False,0
148,cars,1990,0,False,0
148,cars,1991,0,False,0
148,cars,1992,0,False,0
148,cars,1993,0,False,0
148,cars,1994,39,False,0
148,cars,1995,360,True,0
148,cars,1996,351,True,0
148,cars,1997,356,True,0
148,cars,1998,346,True,0
148,cars,1999,362,True,0
148,cars,2000,364,True,0
148,cars,2001,361,True,0
148,cars,2002,361,True,0
148,cars,2003,363,True,0
148,cars,2004,365,True,0
148,cars,2005,365,True,0
148,cars,2006,365,True,0
148,cars,2007,365,True,0
148,cars,2008,366,True,0
148,cars,2009,365,True,0
148,cars,2010,365,True,0
148,cars,2011,365,True,0
148,cars,2012,366,True,0
148,cars,2013,365,True,0
148,cars,2014,365,True,0
148,cars,2015,365,True,0
148,cars,2016,366,True,0
148,cars,2017,365,True,0
148,cars,2018,365,True,0
148,cars,2019,365,True,0
148,upstream,1980,0,False,0
148,upstream,1981,0,False,0
148,upstream,1982,0,False,0
148,upstream,1983,0,False,0
148,upstream,1984,0,False,0
148,upstream,1985,0,False,0
148,upstream,1986,0,False,0
148,upstream,1987,0,False,0
148,upstream,1988,0,False,0
148,upstream,1989,0,False,0
148,upstream,1990,0,False,0
148,upstream,1991,0,False,0
148,upstream,1992,0,False,0
148,upstream,1993,0,False,0
148,upstream,1994,29,False,0
148,upstream,1995,267,False,0
148,upstream,1996,246,False,0
148,upstream,1997,314,False,6
148,upstream,1998,325,False,0
148,upstream,1999,350,True,1
148,upstream,2000,354,True,0
148,upstream,2001,330,True,1
148,upstream,2002,346,True,1
148,upstream,2003,354,True,0
148,upstream,2004,363,True,0
148,upstream,2005,364,True,0
148,upstream,2006,365,True,0
148,upstream,2007,363,True,1
148,upstream,2008,361,True,5
148,upstream,2009,355,True,10
148,upstream,2010,365,True,0
148,upstream,2011,365,True,0
148,upstream,2012,365,True,1
148,upstream,2013,364,True,1
148,upstream,2014,363,True,2
148,upstream,2015,358,True,7
148,upstream,2016,363,True,3
148,upstream,2017,365,True,0
148,upstream,2018,365,True,0
148,upstream,2019,365,True,0
1585,cars,1980,0,False,0
1585,cars,1981,0,False,0
1585,cars,1982,0,False,0
1585,cars,1983,0,False,0
1585,cars,1984,0,False,0
1585,cars,1985,0,False,0
1585,cars,1986,0,False,0
1585,cars,1987,0,False,0
1585,cars,1988,346,True,0
1585,cars,1989,336,True,0
1585,cars,1990,1,False,0
1585,cars,1991,365,True,0
1585,cars,1992,327,False,0
1585,cars,1993,314,False,0
1585,cars,1994,274,False,0
1585,cars,1995,364,True,0
1585,cars,1996,93,False,0
1585,cars,1997,0,False,0
1585,cars,1998,0,False,0
1585,cars,1999,0,False,0
1585,cars,2000,365,True,0
1585,cars,2001,365,True,0
1585,cars,2002,365,True,0
1585,cars,2003,365,True,0
1585,cars,2004,366,True,0
1585,cars,2005,365,True,0
1585,cars,2006,363,True,0
1585,cars,2007,365,True,0
1585,cars,2008,366,True,0
1585,cars,2009,365,True,0
1585,cars,2010,365,True,0
1585,cars,2011,365,True,0
1585,cars,2012,365,True,0
1585,cars,2013,365,True,0
1585,cars,2014,365,True,0
1585,cars,2015,365,True,0
1585,cars,2016,366,True,0
1585,cars,2017,170,False,0
1585,cars,2018,0,False,0
1585,cars,2019,0,False,0
1585,upstream,1980,0,False,0
1585,upstream,1981,0,False,0
1585,upstream,1982,0,False,0
1585,upstream,1983,0,False,0
1585,upstream,1984,0,False,0
1585,upstream,1985,0,False,0
1585,upstream,1986,0,False,0
1585,upstream,1987,0,False,0
1585,upstream,1988,338,True,0
1585,upstream,1989,335,True,0
1585,upstream,1990,0,False,0
1585,upstream,1991,364,True,0
1585,upstream,1992,321,False,0
1585,upstream,1993,310,False,0
1585,upstream,1994,273,False,0
1585,upstream,1995,363,True,0
1585,upstream,1996,91,False,0
1585,upstream,1997,0,False,0
1585,upstream,1998,0,False,0
1585,upstream,1999,0,False,0
1585,upstream,2000,364,True,0
1585,upstream,2001,365,True,0
1585,upstream,2002,365,True,0
1585,upstream,2003,365,True,0
1585,upstream,2004,366,True,0
1585,upstream,2005,365,True,0
1585,upstream,2006,361,True,0
1585,upstream,2007,362,True,0
1585,upstream,2008,364,True,0
1585,upstream,2009,365,True,0
1585,upstream,2010,364,True,0
1585,upstream,2011,365,True,0
1585,upstream,2012,356,True,5
1585,upstream,2013,364,True,0
1585,upstream,2014,365,True,0
1585,upstream,2015,365,True,0
1585,upstream,2016,361,True,5
1585,upstream,2017,166,False,4
1585,upstream,2018,0,False,0
1585,upstream,2019,0,False,0
1586,cars,1980,0,False,0
1586,cars,1981,0,False,0
1586,cars,1982,0,False,0
1586,cars,1983,274,False,0
1586,cars,1984,366,True,0
1586,cars,1985,365,True,0
1586,cars,1986,365,True,0
1586,cars,1987,365,True,0
1586,cars,1988,366,True,0
1586,cars,1989,365,True,0
1586,cars,1990,365,True,0
1586,cars,1991,365,True,0
1586,cars,1992,366,True,0
1586,cars,1993,365,True,0
1586,cars,1994,365,True,0
1586,cars,1995,365,True,0
1586,cars,1996,366,True,0
1586,cars,1997,365,True,0
1586,cars,1998,365,True,0
1586,cars,1999,365,True,0
1586,cars,2000,366,True,0
1586,cars,2001,365,True,0
1586,cars,2002,365,True,0
1586,cars,2003,365,True,0
1586,cars,2004,366,True,0
1586,cars,2005,365,True,0
1586,cars,2006,365,True,0
1586,cars,2007,365,True,0
1586,cars,2008,366,True,0
1586,cars,2009,365,True,0
1586,cars,2010,365,True,0
1586,cars,2011,365,True,0
1586,cars,2012,366,True,0
1586,cars,2013,365,True,0
1586,cars,2014,365,True,0
1586,cars,2015,365,True,0
1586,cars,2016,366,True,0
1586,cars,2017,365,True,0
1586,cars,2018,365,True,0
1586,cars,2019,365,True,0
1586,upstream,1980,0,False,0
1586,upstream,1981,0,False,0
1586,upstream,1982,0,False,0
1586,upstream,1983,274,False,0
1586,upstream,1984,366,True,0
1586,upstream,1985,365,True,0
1586,upstream,1986,365,True,0
1586,upstream,1987,365,True,0
1586,upstream,1988,366,True,0
1586,upstream,1989,365,True,0
1586,upstream,1990,365,True,0
1586,upstream,1991,365,True,0
1586,upstream,1992,366,True,0
1586,upstream,1993,365,True,0
1586,upstream,1994,365,True,0
1586,upstream,1995,364,True,0
1586,upstream,1996,366,True,0
1586,upstream,1997,365,True,0
1586,upstream,1998,365,True,0
1586,upstream,1999,365,True,0
1586,upstream,2000,366,True,0
1586,upstream,2001,365,True,0
1586,upstream,2002,365,True,0
1586,upstream,2003,365,True,0
1586,upstream,2004,366,True,0
1586,upstream,2005,365,True,0
1586,upstream,2006,365,True,0
1586,upstream,2007,365,True,0
1586,upstream,2008,366,True,0
1586,upstream,2009,365,True,0
1586,upstream,2010,365,True,0
1586,upstream,2011,365,True,0
1586,upstream,2012,366,True,0
1586,upstream,2013,365,True,0
1586,upstream,2014,365,True,0
1586,upstream,2015,365,True,0
1586,upstream,2016,366,True,0
1586,upstream,2017,365,True,0
1586,upstream,2018,365,True,0
1586,upstream,2019,365,True,0
1587,cars,1980,0,False,0
1587,cars,1981,0,False,0
1587,cars,1982,0,False,0
1587,cars,1983,274,False,0
1587,cars,1984,366,True,0
1587,cars,1985,365,True,0
1587,cars,1986,365,True,0
1587,cars,1987,365,True,0
1587,cars,1988,366,True,0
1587,cars,1989,365,True,0
1587,cars,1990,365,True,0
1587,cars,1991,365,True,0
1587,cars,1992,366,True,0
1587,cars,1993,365,True,0
1587,cars,1994,365,True,0
1587,cars,1995,365,True,0
1587,cars,1996,366,True,0
1587,cars,1997,365,True,0
1587,cars,1998,365,True,0
1587,cars,1999,365,True,0
1587,cars,2000,366,True,0
1587,cars,2001,365,True,0
1587,cars,2002,365,True,0
1587,cars,2003,365,True,0
1587,cars,2004,366,True,0
1587,cars,2005,365,True,0
1587,cars,2006,365,True,0
1587,cars,2007,365,True,0
1587,cars,2008,366,True,0
1587,cars,2009,365,True,0
1587,cars,2010,365,True,0
1587,cars,2011,365,True,0
1587,cars,2012,366,True,0
1587,cars,2013,365,True,0
1587,cars,2014,365,True,0
1587,cars,2015,365,True,0
1587,cars,2016,366,True,0
1587,cars,2017,365,True,0
1587,cars,2018,365,True,0
1587,cars,2019,365,True,0
1587,upstream,1980,0,False,0
1587,upstream,1981,0,False,0
1587,upstream,1982,0,False,0
1587,upstream,1983,274,False,0
1587,upstream,1984,366,True,0
1587,upstream,1985,365,True,0
1587,upstream,1986,365,True,0
1587,upstream,1987,365,True,0
1587,upstream,1988,366,True,0
1587,upstream,1989,365,True,0
1587,upstream,1990,365,True,0
1587,upstream,1991,365,True,0
1587,upstream,1992,366,True,0
1587,upstream,1993,365,True,0
1587,upstream,1994,365,True,0
1587,upstream,1995,364,True,0
1587,upstream,1996,366,True,0
1587,upstream,1997,365,True,0
1587,upstream,1998,365,True,0
1587,upstream,1999,365,True,0
1587,upstream,2000,366,True,0
1587,upstream,2001,365,True,0
1587,upstream,2002,365,True,0
1587,upstream,2003,365,True,0
1587,upstream,2004,366,True,0
1587,upstream,2005,365,True,0
1587,upstream,2006,365,True,0
1587,upstream,2007,365,True,0
1587,upstream,2008,366,True,0
1587,upstream,2009,365,True,0
1587,upstream,2010,365,True,0
1587,upstream,2011,365,True,0
1587,upstream,2012,366,True,0
1587,upstream,2013,365,True,0
1587,upstream,2014,365,True,0
1587,upstream,2015,365,True,0
1587,upstream,2016,366,True,0
1587,upstream,2017,365,True,0
1587,upstream,2018,365,True,0
1587,upstream,2019,365,True,0
1592,cars,1980,0,False,0
1592,cars,1981,0,False,0
1592,cars,1982,0,False,0
1592,cars,1983,274,False,0
1592,cars,1984,366,True,0
1592,cars,1985,365,True,0
1592,cars,1986,365,True,0
1592,cars,1987,365,True,0
1592,cars,1988,366,True,0
1592,cars,1989,365,True,0
1592,cars,1990,365,True,0
1592,cars,1991,365,True,0
1592,cars,1992,366,True,0
1592,cars,1993,365,True,0
1592,cars,1994,365,True,0
1592,cars,1995,365,True,0
1592,cars,1996,366,True,0
1592,cars,1997,365,True,0
1592,cars,1998,365,True,0
1592,cars,1999,365,True,0
1592,cars,2000,366,True,0
1592,cars,2001,365,True,0
1592,cars,2002,365,True,0
1592,cars,2003,365,True,0
1592,cars,2004,366,True,0
1592,cars,2005,365,True,0
1592,cars,2006,365,True,0
1592,cars,2007,365,True,0
1592,cars,2008,366,True,0
1592,cars,2009,365,True,0
1592,cars,2010,365,True,0
1592,cars,2011,365,True,0
1592,cars,2012,366,True,0
1592,cars,2013,365,True,0
1592,cars,2014,365,True,0
1592,cars,2015,365,True,0
1592,cars,2016,366,True,0
1592,cars,2017,365,True,0
1592,cars,2018,365,True,0
1592,cars,2019,365,True,0
1592,upstream,1980,0,False,0
1592,upstream,1981,0,False,0
1592,upstream,1982,0,False,0
1592,upstream,1983,274,False,0
1592,upstream,1984,366,True,0
1592,upstream,1985,365,True,0
1592,upstream,1986,365,True,0
1592,upstream,1987,365,True,0
1592,upstream,1988,366,True,0
1592,upstream,1989,365,True,0
1592,upstream,1990,365,True,0
1592,upstream,1991,365,True,0
1592,upstream,1992,366,True,0
1592,upstream,1993,365,True,0
1592,upstream,1994,365,True,0
1592,upstream,1995,364,True,0
1592,upstream,1996,366,True,0
1592,upstream,1997,365,True,0
1592,upstream,1998,365,True,0
1592,upstream,1999,365,True,0
1592,upstream,2000,366,True,0
1592,upstream,2001,365,True,0
1592,upstream,2002,365,True,0
1592,upstream,2003,365,True,0
1592,upstream,2004,366,True,0
1592,upstream,2005,365,True,0
1592,upstream,2006,365,True,0
1592,upstream,2007,365,True,0
1592,upstream,2008,366,True,0
1592,upstream,2009,365,True,0
1592,upstream,2010,365,True,0
1592,upstream,2011,365,True,0
1592,upstream,2012,366,True,0
1592,upstream,2013,365,True,0
1592,upstream,2014,365,True,0
1592,upstream,2015,365,True,0
1592,upstream,2016,366,True,0
1592,upstream,2017,365,True,0
1592,upstream,2018,365,True,0
1592,upstream,2019,365,True,0
1595,cars,1980,366,True,0
1595,cars,1981,365,True,0
1595,cars,1982,365,True,0
1595,cars,1983,365,True,0
1595,cars,1984,366,True,0
1595,cars,1985,365,True,0
1595,cars,1986,364,True,0
1595,cars,1987,365,True,0
1595,cars,1988,366,True,0
1595,cars,1989,351,True,0
1595,cars,1990,365,True,0
1595,cars,1991,365,True,0
1595,cars,1992,366,True,0
1595,cars,1993,365,True,0
1595,cars,1994,355,True,0
1595,cars,1995,365,True,0
1595,cars,1996,366,True,0
1595,cars,1997,364,True,0
1595,cars,1998,365,True,0
1595,cars,1999,365,True,0
1595,cars,2000,366,True,0
1595,cars,2001,365,True,0
1595,cars,2002,365,True,0
1595,cars,2003,365,True,0
1595,cars,2004,366,True,0
1595,cars,2005,363,True,0
1595,cars,2006,365,True,0
1595,cars,2007,365,True,0
1595,cars,2008,366,True,0
1595,cars,2009,365,True,0
1595,cars,2010,365,True,0
1595,cars,2011,365,True,0
1595,cars,2012,366,True,0
1595,cars,2013,360,True,0
1595,cars,2014,365,True,0
1595,cars,2015,365,True,0
1595,cars,2016,366,True,0
1595,cars,2017,365,True,0
1595,cars,2018,57,False,0
1595,cars,2019,0,False,0
1595,upstream,1980,366,True,0
1595,upstream,1981,365,True,0
1595,upstream,1982,365,True,0
1595,upstream,1983,365,True,0
1595,upstream,1984,366,True,0
1595,upstream,1985,365,True,0
1595,upstream,1986,363,True,0
1595,upstream,1987,365,True,0
1595,upstream,1988,366,True,0
1595,upstream,1989,350,True,0
1595,upstream,1990,365,True,0
1595,upstream,1991,365,True,0
1595,upstream,1992,366,True,0
1595,upstream,1993,365,True,0
1595,upstream,1994,354,True,0
1595,upstream,1995,365,True,0
1595,upstream,1996,365,True,0
1595,upstream,1997,363,True,0
1595,upstream,1998,365,True,0
1595,upstream,1999,365,True,0
1595,upstream,2000,366,True,0
1595,upstream,2001,364,True,0
1595,upstream,2002,365,True,0
1595,upstream,2003,365,True,0
1595,upstream,2004,366,True,0
1595,upstream,2005,362,True,0
1595,upstream,2006,365,True,0
1595,upstream,2007,365,True,0
1595,upstream,2008,366,True,0
1595,upstream,2009,365,True,0
1595,upstream,2010,365,True,0
1595,upstream,2011,365,True,0
1595,upstream,2012,363,True,0
1595,upstream,2013,357,True,0
1595,upstream,2014,364,True,0
1595,upstream,2015,365,True,0
1595,upstream,2016,366,True,0
1595,upstream,2017,365,True,0
1595,upstream,2018,57,False,0
1595,upstream,2019,0,False,0
1600,cars,1980,366,True,0
1600,cars,1981,365,True,0
1600,cars,1982,365,True,0
1600,cars,1983,365,True,0
1600,cars,1984,366,True,0
1600,cars,1985,365,True,0
1600,cars,1986,365,True,0
1600,cars,1987,365,True,0
1600,cars,1988,364,True,0
1600,cars,1989,355,True,0
1600,cars,1990,364,True,0
1600,cars,1991,365,True,0
1600,cars,1992,366,True,0
1600,cars,1993,365,True,0
1600,cars,1994,362,True,0
1600,cars,1995,365,True,0
1600,cars,1996,366,True,0
1600,cars,1997,364,True,0
1600,cars,1998,365,True,0
1600,cars,1999,365,True,0
1600,cars,2000,366,True,0
1600,cars,2001,365,True,0
1600,cars,2002,365,True,0
1600,cars,2003,365,True,0
1600,cars,2004,366,True,0
1600,cars,2005,365,True,0
1600,cars,2006,365,True,0
1600,cars,2007,365,True,0
1600,cars,2008,366,True,0
1600,cars,2009,365,True,0
1600,cars,2010,365,True,0
1600,cars,2011,365,True,0
1600,cars,2012,366,True,0
1600,cars,2013,362,True,0
1600,cars,2014,365,True,0
1600,cars,2015,365,True,0
1600,cars,2016,366,True,0
1600,cars,2017,358,True,0
1600,cars,2018,57,False,0
1600,cars,2019,0,False,0
1600,upstream,1980,366,True,0
1600,upstream,1981,365,True,0
1600,upstream,1982,365,True,0
1600,upstream,1983,365,True,0
1600,upstream,1984,366,True,0
1600,upstream,1985,365,True,0
1600,upstream,1986,364,True,0
1600,upstream,1987,364,True,0
1600,upstream,1988,363,True,0
1600,upstream,1989,353,True,0
1600,upstream,1990,363,True,0
1600,upstream,1991,365,True,0
1600,upstream,1992,364,True,0
1600,upstream,1993,365,True,0
1600,upstream,1994,352,True,0
1600,upstream,1995,364,True,0
1600,upstream,1996,365,True,0
1600,upstream,1997,363,True,0
1600,upstream,1998,365,True,0
1600,upstream,1999,365,True,0
1600,upstream,2000,366,True,0
1600,upstream,2001,364,True,0
1600,upstream,2002,365,True,0
1600,upstream,2003,365,True,0
1600,upstream,2004,366,True,0
1600,upstream,2005,365,True,0
1600,upstream,2006,365,True,0
1600,upstream,2007,365,True,0
1600,upstream,2008,366,True,0
1600,upstream,2009,365,True,0
1600,upstream,2010,365,True,0
1600,upstream,2011,365,True,0
1600,upstream,2012,366,True,0
1600,upstream,2013,357,True,0
1600,upstream,2014,365,True,0
1600,upstream,2015,365,True,0
1600,upstream,2016,364,True,0
1600,upstream,2017,356,True,0
1600,upstream,2018,57,False,0
1600,upstream,2019,0,False,0
1606,cars,1980,366,True,0
1606,cars,1981,365,True,0
1606,cars,1982,365,True,0
1606,cars,1983,365,True,0
1606,cars,1984,366,True,0
1606,cars,1985,365,True,0
1606,cars,1986,364,True,0
1606,cars,1987,365,True,0
1606,cars,1988,366,True,0
1606,cars,1989,351,True,0
1606,cars,1990,365,True,0
1606,cars,1991,365,True,0
1606,cars,1992,364,True,0
1606,cars,1993,365,True,0
1606,cars,1994,355,True,0
1606,cars,1995,365,True,0
1606,cars,1996,366,True,0
1606,cars,1997,364,True,0
1606,cars,1998,365,True,0
1606,cars,1999,365,True,0
1606,cars,2000,366,True,0
1606,cars,2001,365,True,0
1606,cars,2002,365,True,0
1606,cars,2003,365,True,0
1606,cars,2004,366,True,0
1606,cars,2005,365,True,0
1606,cars,2006,365,True,0
1606,cars,2007,365,True,0
1606,cars,2008,366,True,0
1606,cars,2009,365,True,0
1606,cars,2010,365,True,0
1606,cars,2011,365,True,0
1606,cars,2012,366,True,0
1606,cars,2013,365,True,0
1606,cars,2014,365,True,0
1606,cars,2015,274,False,0
1606,cars,2016,365,True,0
1606,cars,2017,365,True,0
1606,cars,2018,57,False,0
1606,cars,2019,0,False,0
1606,upstream,1980,366,True,0
1606,upstream,1981,365,True,0
1606,upstream,1982,365,True,0
1606,upstream,1983,365,True,0
1606,upstream,1984,366,True,0
1606,upstream,1985,365,True,0
1606,upstream,1986,363,True,0
1606,upstream,1987,364,True,0
1606,upstream,1988,366,True,0
1606,upstream,1989,350,True,0
1606,upstream,1990,365,True,0
1606,upstream,1991,365,True,0
1606,upstream,1992,363,True,0
1606,upstream,1993,365,True,0
1606,upstream,1994,353,True,0
1606,upstream,1995,364,True,0
1606,upstream,1996,365,True,0
1606,upstream,1997,363,True,0
1606,upstream,1998,364,True,0
1606,upstream,1999,365,True,0
1606,upstream,2000,366,True,0
1606,upstream,2001,364,True,0
1606,upstream,2002,365,True,0
1606,upstream,2003,365,True,0
1606,upstream,2004,366,True,0
1606,upstream,2005,365,True,0
1606,upstream,2006,365,True,0
1606,upstream,2007,365,True,0
1606,upstream,2008,366,True,0
1606,upstream,2009,365,True,0
1606,upstream,2010,365,True,0
1606,upstream,2011,365,True,0
1606,upstream,2012,366,True,0
1606,upstream,2013,365,True,0
1606,upstream,2014,364,True,0
1606,upstream,2015,258,False,0
1606,upstream,2016,364,True,0
1606,upstream,2017,364,True,0
1606,upstream,2018,57,False,0
1606,upstream,2019,0,False,0
1615,cars,1980,0,False,0
1615,cars,1981,0,False,0
1615,cars,1982,0,False,0
1615,cars,1983,0,False,0
1615,cars,1984,0,False,0
1615,cars,1985,0,False,0
1615,cars,1986,0,False,0
1615,cars,1987,0,False,0
1615,cars,1988,366,True,0
1615,cars,1989,314,False,0
1615,cars,1990,1,False,0
1615,cars,1991,365,True,0
1615,cars,1992,325,False,0
1615,cars,1993,314,False,0
1615,cars,1994,274,False,0
1615,cars,1995,364,True,0
1615,cars,1996,93,False,0
1615,cars,1997,0,False,0
1615,cars,1998,0,False,0
1615,cars,1999,0,False,0
1615,cars,2000,366,True,0
1615,cars,2001,365,True,0
1615,cars,2002,365,True,0
1615,cars,2003,365,True,0
1615,cars,2004,366,True,0
1615,cars,2005,365,True,0
1615,cars,2006,363,True,0
1615,cars,2007,364,True,0
1615,cars,2008,365,True,0
1615,cars,2009,365,True,0
1615,cars,2010,365,True,0
1615,cars,2011,365,True,0
1615,cars,2012,365,True,0
1615,cars,2013,365,True,0
1615,cars,2014,365,True,0
1615,cars,2015,365,True,0
1615,cars,2016,366,True,0
1615,cars,2017,170,False,0
1615,cars,2018,0,False,0
1615,cars,2019,0,False,0
1615,upstream,1980,0,False,0
1615,upstream,1981,0,False,0
1615,upstream,1982,0,False,0
1615,upstream,1983,0,False,0
1615,upstream,1984,0,False,0
1615,upstream,1985,0,False,0
1615,upstream,1986,0,False,0
1615,upstream,1987,0,False,0
1615,upstream,1988,365,True,0
1615,upstream,1989,305,False,0
1615,upstream,1990,0,False,0
1615,upstream,1991,365,True,0
1615,upstream,1992,312,False,0
1615,upstream,1993,309,False,0
1615,upstream,1994,273,False,0
1615,upstream,1995,363,True,0
1615,upstream,1996,91,False,0
1615,upstream,1997,0,False,0
1615,upstream,1998,0,False,0
1615,upstream,1999,0,False,0
1615,upstream,2000,366,True,0
1615,upstream,2001,365,True,0
1615,upstream,2002,365,True,0
1615,upstream,2003,365,True,0
1615,upstream,2004,366,True,0
1615,upstream,2005,365,True,0
1615,upstream,2006,362,True,0
1615,upstream,2007,363,True,0
1615,upstream,2008,364,True,0
1615,upstream,2009,365,True,0
1615,upstream,2010,356,True,0
1615,upstream,2011,365,True,0
1615,upstream,2012,364,True,0
1615,upstream,2013,357,True,2
1615,upstream,2014,365,True,0
1615,upstream,2015,365,True,0
1615,upstream,2016,366,True,0
1615,upstream,2017,170,False,0
1615,upstream,2018,0,False,0
1615,upstream,2019,0,False,0
1617,cars,1980,366,True,0
1617,cars,1981,365,True,0
1617,cars,1982,365,True,0
1617,cars,1983,365,True,0
1617,cars,1984,366,True,0
1617,cars,1985,365,True,0
1617,cars,1986,364,True,0
1617,cars,1987,354,True,0
1617,cars,1988,366,True,0
1617,cars,1989,355,True,0
1617,cars,1990,365,True,0
1617,cars,1991,365,True,0
1617,cars,1992,366,True,0
1617,cars,1993,365,True,0
1617,cars,1994,355,True,0
1617,cars,1995,365,True,0
1617,cars,1996,366,True,0
1617,cars,1997,364,True,0
1617,cars,1998,365,True,0
1617,cars,1999,365,True,0
1617,cars,2000,366,True,0
1617,cars,2001,365,True,0
1617,cars,2002,365,True,0
1617,cars,2003,365,True,0
1617,cars,2004,366,True,0
1617,cars,2005,365,True,0
1617,cars,2006,363,True,0
1617,cars,2007,365,True,0
1617,cars,2008,366,True,0
1617,cars,2009,365,True,0
1617,cars,2010,365,True,0
1617,cars,2011,365,True,0
1617,cars,2012,366,True,0
1617,cars,2013,360,True,0
1617,cars,2014,365,True,0
1617,cars,2015,365,True,0
1617,cars,2016,366,True,0
1617,cars,2017,365,True,0
1617,cars,2018,57,False,0
1617,cars,2019,0,False,0
1617,upstream,1980,366,True,0
1617,upstream,1981,365,True,0
1617,upstream,1982,365,True,0
1617,upstream,1983,365,True,0
1617,upstream,1984,366,True,0
1617,upstream,1985,365,True,0
1617,upstream,1986,363,True,0
1617,upstream,1987,353,True,0
1617,upstream,1988,366,True,0
1617,upstream,1989,354,True,0
1617,upstream,1990,365,True,0
1617,upstream,1991,364,True,0
1617,upstream,1992,366,True,0
1617,upstream,1993,365,True,0
1617,upstream,1994,354,True,0
1617,upstream,1995,363,True,0
1617,upstream,1996,365,True,0
1617,upstream,1997,363,True,0
1617,upstream,1998,365,True,0
1617,upstream,1999,365,True,0
1617,upstream,2000,366,True,0
1617,upstream,2001,364,True,0
1617,upstream,2002,365,True,0
1617,upstream,2003,365,True,0
1617,upstream,2004,366,True,0
1617,upstream,2005,365,True,0
1617,upstream,2006,362,True,0
1617,upstream,2007,365,True,0
1617,upstream,2008,366,True,0
1617,upstream,2009,365,True,0
1617,upstream,2010,365,True,0
1617,upstream,2011,365,True,0
1617,upstream,2012,366,True,0
1617,upstream,2013,357,True,0
1617,upstream,2014,365,True,0
1617,upstream,2015,363,True,0
1617,upstream,2016,366,True,0
1617,upstream,2017,365,True,0
1617,upstream,2018,57,False,0
1617,upstream,2019,0,False,0
1619,cars,1980,366,True,0
1619,cars,1981,365,True,0
1619,cars,1982,365,True,0
1619,cars,1983,365,True,0
1619,cars,1984,366,True,0
1619,cars,1985,365,True,0
1619,cars,1986,365,True,0
1619,cars,1987,365,True,0
1619,cars,1988,366,True,0
1619,cars,1989,351,True,0
1619,cars,1990,365,True,0
1619,cars,1991,365,True,0
1619,cars,1992,366,True,0
1619,cars,1993,365,True,0
1619,cars,1994,355,True,0
1619,cars,1995,365,True,0
1619,cars,1996,366,True,0
1619,cars,1997,364,True,0
1619,cars,1998,365,True,0
1619,cars,1999,365,True,0
1619,cars,2000,366,True,0
1619,cars,2001,365,True,0
1619,cars,2002,365,True,0
1619,cars,2003,365,True,0
1619,cars,2004,366,True,0
1619,cars,2005,365,True,0
1619,cars,2006,365,True,0
1619,cars,2007,365,True,0
1619,cars,2008,366,True,0
1619,cars,2009,365,True,0
1619,cars,2010,365,True,0
1619,cars,2011,365,True,0
1619,cars,2012,366,True,0
1619,cars,2013,365,True,0
1619,cars,2014,365,True,0
1619,cars,2015,365,True,0
1619,cars,2016,366,True,0
1619,cars,2017,365,True,0
1619,cars,2018,57,False,0
1619,cars,2019,0,False,0
1619,upstream,1980,366,True,0
1619,upstream,1981,365,True,0
1619,upstream,1982,365,True,0
1619,upstream,1983,365,True,0
1619,upstream,1984,366,True,0
1619,upstream,1985,365,True,0
1619,upstream,1986,365,True,0
1619,upstream,1987,365,True,0
1619,upstream,1988,366,True,0
1619,upstream,1989,350,True,0
1619,upstream,1990,365,True,0
1619,upstream,1991,365,True,0
1619,upstream,1992,366,True,0
1619,upstream,1993,365,True,0
1619,upstream,1994,354,True,0
1619,upstream,1995,365,True,0
1619,upstream,1996,364,True,0
1619,upstream,1997,363,True,0
1619,upstream,1998,365,True,0
1619,upstream,1999,365,True,0
1619,upstream,2000,366,True,0
1619,upstream,2001,364,True,0
1619,upstream,2002,365,True,0
1619,upstream,2003,365,True,0
1619,upstream,2004,366,True,0
1619,upstream,2005,365,True,0
1619,upstream,2006,365,True,0
1619,upstream,2007,365,True,0
1619,upstream,2008,366,True,0
1619,upstream,2009,365,True,0
1619,upstream,2010,365,True,0
1619,upstream,2011,364,True,0
1619,upstream,2012,366,True,0
1619,upstream,2013,365,True,0
1619,upstream,2014,365,True,0
1619,upstream,2015,365,True,0
1619,upstream,2016,366,True,0
1619,upstream,2017,365,True,0
1619,upstream,2018,57,False,0
1619,upstream,2019,0,False,0
1620,cars,1980,366,True,0
1620,cars,1981,365,True,0
1620,cars,1982,365,True,0
1620,cars,1983,365,True,0
1620,cars,1984,366,True,0
1620,cars,1985,365,True,0
1620,cars,1986,365,True,0
1620,cars,1987,365,True,0
1620,cars,1988,366,True,0
1620,cars,1989,354,True,0
1620,cars,1990,365,True,0
1620,cars,1991,365,True,0
1620,cars,1992,366,True,0
1620,cars,1993,365,True,0
1620,cars,1994,355,True,0
1620,cars,1995,365,True,0
1620,cars,1996,366,True,0
1620,cars,1997,364,True,0
1620,cars,1998,362,True,0
1620,cars,1999,365,True,0
1620,cars,2000,366,True,0
1620,cars,2001,365,True,0
1620,cars,2002,365,True,0
1620,cars,2003,365,True,0
1620,cars,2004,366,True,0
1620,cars,2005,365,True,0
1620,cars,2006,365,True,0
1620,cars,2007,365,True,0
1620,cars,2008,364,True,0
1620,cars,2009,363,True,0
1620,cars,2010,365,True,0
1620,cars,2011,365,True,0
1620,cars,2012,366,True,0
1620,cars,2013,365,True,0
1620,cars,2014,365,True,0
1620,cars,2015,365,True,0
1620,cars,2016,366,True,0
1620,cars,2017,365,True,0
1620,cars,2018,57,False,0
1620,cars,2019,0,False,0
1620,upstream,1980,366,True,0
1620,upstream,1981,365,True,0
1620,upstream,1982,365,True,0
1620,upstream,1983,365,True,0
1620,upstream,1984,366,True,0
1620,upstream,1985,365,True,0
1620,upstream,1986,365,True,0
1620,upstream,1987,364,True,0
1620,upstream,1988,366,True,0
1620,upstream,1989,352,True,0
1620,upstream,1990,365,True,0
1620,upstream,1991,365,True,0
1620,upstream,1992,366,True,0
1620,upstream,1993,365,True,0
1620,upstream,1994,354,True,0
1620,upstream,1995,365,True,0
1620,upstream,1996,365,True,0
1620,upstream,1997,363,True,0
1620,upstream,1998,360,True,0
1620,upstream,1999,365,True,0
1620,upstream,2000,366,True,0
1620,upstream,2001,364,True,0
1620,upstream,2002,364,True,0
1620,upstream,2003,365,True,0
1620,upstream,2004,366,True,0
1620,upstream,2005,365,True,0
1620,upstream,2006,365,True,0
1620,upstream,2007,365,True,0
1620,upstream,2008,363,True,0
1620,upstream,2009,362,True,0
1620,upstream,2010,365,True,0
1620,upstream,2011,365,True,0
1620,upstream,2012,366,True,0
1620,upstream,2013,365,True,0
1620,upstream,2014,365,True,0
1620,upstream,2015,365,True,0
1620,upstream,2016,366,True,0
1620,upstream,2017,365,True,0
1620,upstream,2018,57,False,0
1620,upstream,2019,0,False,0
163,cars,1980,0,False,0
163,cars,1981,0,False,0
163,cars,1982,0,False,0
163,cars,1983,0,False,0
163,cars,1984,0,False,0
163,cars,1985,0,False,0
163,cars,1986,0,False,0
163,cars,1987,0,False,0
163,cars,1988,0,False,0
163,cars,1989,0,False,0
163,cars,1990,273,False,0
163,cars,1991,335,True,0
163,cars,1992,306,False,0
163,cars,1993,122,False,0
163,cars,1994,1,False,0
163,cars,1995,365,True,0
163,cars,1996,366,True,0
163,cars,1997,365,True,0
163,cars,1998,365,True,0
163,cars,1999,365,True,0
163,cars,2000,366,True,0
163,cars,2001,365,True,0
163,cars,2002,365,True,0
163,cars,2003,365,True,0
163,cars,2004,184,False,0
163,cars,2005,365,True,0
163,cars,2006,365,True,0
163,cars,2007,365,True,0
163,cars,2008,366,True,0
163,cars,2009,365,True,0
163,cars,2010,365,True,0
163,cars,2011,365,True,0
163,cars,2012,366,True,0
163,cars,2013,365,True,0
163,cars,2014,365,True,0
163,cars,2015,365,True,0
163,cars,2016,0,False,0
163,cars,2017,0,False,0
163,cars,2018,0,False,0
163,cars,2019,0,False,0
163,upstream,1980,0,False,0
163,upstream,1981,0,False,0
163,upstream,1982,0,False,0
163,upstream,1983,0,False,0
163,upstream,1984,0,False,0
163,upstream,1985,0,False,0
163,upstream,1986,0,False,0
163,upstream,1987,0,False,0
163,upstream,1988,0,False,0
163,upstream,1989,0,False,0
163,upstream,1990,273,False,0
163,upstream,1991,334,True,0
163,upstream,1992,305,False,0
163,upstream,1993,120,False,0
163,upstream,1994,1,False,0
163,upstream,1995,365,True,0
163,upstream,1996,366,True,0
163,upstream,1997,365,True,0
163,upstream,1998,365,True,0
163,upstream,1999,365,True,0
163,upstream,2000,366,True,0
163,upstream,2001,365,True,0
163,upstream,2002,365,True,0
163,upstream,2003,365,True,0
163,upstream,2004,183,False,0
163,upstream,2005,365,True,0
163,upstream,2006,365,True,0
163,upstream,2007,365,True,0
163,upstream,2008,366,True,0
163,upstream,2009,365,True,0
163,upstream,2010,365,True,0
163,upstream,2011,365,True,0
163,upstream,2012,366,True,0
163,upstream,2013,365,True,0
163,upstream,2014,365,True,0
163,upstream,2015,365,True,0
163,upstream,2016,0,False,0
163,upstream,2017,0,False,0
163,upstream,2018,0,False,0
163,upstream,2019,0,False,0
1631,cars,1980,366,True,0
1631,cars,1981,365,True,0
1631,cars,1982,365,True,0
1631,cars,1983,365,True,0
1631,cars,1984,366,True,0
1631,cars,1985,365,True,0
1631,cars,1986,364,True,0
1631,cars,1987,354,True,0
1631,cars,1988,366,True,0
1631,cars,1989,351,True,0
1631,cars,1990,365,True,0
1631,cars,1991,365,True,0
1631,cars,1992,366,True,0
1631,cars,1993,365,True,0
1631,cars,1994,355,True,0
1631,cars,1995,365,True,0
1631,cars,1996,366,True,0
1631,cars,1997,364,True,0
1631,cars,1998,365,True,0
1631,cars,1999,365,True,0
1631,cars,2000,366,True,0
1631,cars,2001,365,True,0
1631,cars,2002,365,True,0
1631,cars,2003,365,True,0
1631,cars,2004,366,True,0
1631,cars,2005,365,True,0
1631,cars,2006,365,True,0
1631,cars,2007,365,True,0
1631,cars,2008,366,True,0
1631,cars,2009,365,True,0
1631,cars,2010,365,True,0
1631,cars,2011,365,True,0
1631,cars,2012,366,True,0
1631,cars,2013,360,True,0
1631,cars,2014,365,True,0
1631,cars,2015,365,True,0
1631,cars,2016,366,True,0
1631,cars,2017,365,True,0
1631,cars,2018,57,False,0
1631,cars,2019,0,False,0
1631,upstream,1980,366,True,0
1631,upstream,1981,365,True,0
1631,upstream,1982,365,True,0
1631,upstream,1983,365,True,0
1631,upstream,1984,366,True,0
1631,upstream,1985,365,True,0
1631,upstream,1986,363,True,0
1631,upstream,1987,352,True,0
1631,upstream,1988,366,True,0
1631,upstream,1989,350,True,0
1631,upstream,1990,365,True,0
1631,upstream,1991,364,True,0
1631,upstream,1992,366,True,0
1631,upstream,1993,365,True,0
1631,upstream,1994,354,True,0
1631,upstream,1995,365,True,0
1631,upstream,1996,365,True,0
1631,upstream,1997,363,True,0
1631,upstream,1998,365,True,0
1631,upstream,1999,365,True,0
1631,upstream,2000,366,True,0
1631,upstream,2001,363,True,0
1631,upstream,2002,365,True,0
1631,upstream,2003,365,True,0
1631,upstream,2004,366,True,0
1631,upstream,2005,363,True,0
1631,upstream,2006,365,True,0
1631,upstream,2007,365,True,0
1631,upstream,2008,366,True,0
1631,upstream,2009,365,True,0
1631,upstream,2010,365,True,0
1631,upstream,2011,365,True,0
1631,upstream,2012,366,True,0
1631,upstream,2013,357,True,0
1631,upstream,2014,365,True,0
1631,upstream,2015,365,True,0
1631,upstream,2016,366,True,0
1631,upstream,2017,365,True,0
1631,upstream,2018,57,False,0
1631,upstream,2019,0,False,0
1634,cars,1980,0,False,0
1634,cars,1981,0,False,0
1634,cars,1982,0,False,0
1634,cars,1983,274,False,0
1634,cars,1984,366,True,0
1634,cars,1985,365,True,0
1634,cars,1986,365,True,0
1634,cars,1987,365,True,0
1634,cars,1988,366,True,0
1634,cars,1989,365,True,0
1634,cars,1990,365,True,0
1634,cars,1991,365,True,0
1634,cars,1992,366,True,0
1634,cars,1993,365,True,0
1634,cars,1994,365,True,0
1634,cars,1995,365,True,0
1634,cars,1996,366,True,0
1634,cars,1997,364,True,0
1634,cars,1998,365,True,0
1634,cars,1999,365,True,0
1634,cars,2000,366,True,0
1634,cars,2001,365,True,0
1634,cars,2002,365,True,0
1634,cars,2003,365,True,0
1634,cars,2004,366,True,0
1634,cars,2005,365,True,0
1634,cars,2006,365,True,0
1634,cars,2007,365,True,0
1634,cars,2008,366,True,0
1634,cars,2009,365,True,0
1634,cars,2010,365,True,0
1634,cars,2011,365,True,0
1634,cars,2012,366,True,0
1634,cars,2013,365,True,0
1634,cars,2014,365,True,0
1634,cars,2015,365,True,0
1634,cars,2016,366,True,0
1634,cars,2017,365,True,0
1634,cars,2018,365,True,0
1634,cars,2019,365,True,0
1634,upstream,1980,0,False,0
1634,upstream,1981,0,False,0
1634,upstream,1982,0,False,0
1634,upstream,1983,274,False,0
1634,upstream,1984,366,True,0
1634,upstream,1985,365,True,0
1634,upstream,1986,365,True,0
1634,upstream,1987,365,True,0
1634,upstream,1988,366,True,0
1634,upstream,1989,365,True,0
1634,upstream,1990,365,True,0
1634,upstream,1991,365,True,0
1634,upstream,1992,366,True,0
1634,upstream,1993,365,True,0
1634,upstream,1994,365,True,0
1634,upstream,1995,364,True,0
1634,upstream,1996,366,True,0
1634,upstream,1997,363,True,0
1634,upstream,1998,365,True,0
1634,upstream,1999,365,True,0
1634,upstream,2000,366,True,0
1634,upstream,2001,365,True,0
1634,upstream,2002,365,True,0
1634,upstream,2003,365,True,0
1634,upstream,2004,366,True,0
1634,upstream,2005,365,True,0
1634,upstream,2006,365,True,0
1634,upstream,2007,365,True,0
1634,upstream,2008,366,True,0
1634,upstream,2009,365,True,0
1634,upstream,2010,365,True,0
1634,upstream,2011,365,True,0
1634,upstream,2012,366,True,0
1634,upstream,2013,365,True,0
1634,upstream,2014,365,True,0
1634,upstream,2015,365,True,0
1634,upstream,2016,366,True,0
1634,upstream,2017,365,True,0
1634,upstream,2018,365,True,0
1634,upstream,2019,365,True,0
1636,cars,1980,366,True,0
1636,cars,1981,365,True,0
1636,cars,1982,365,True,0
1636,cars,1983,365,True,0
1636,cars,1984,366,True,0
1636,cars,1985,365,True,0
1636,cars,1986,364,True,0
1636,cars,1987,354,True,0
1636,cars,1988,366,True,0
1636,cars,1989,355,True,0
1636,cars,1990,365,True,0
1636,cars,1991,365,True,0
1636,cars,1992,366,True,0
1636,cars,1993,365,True,0
1636,cars,1994,355,True,0
1636,cars,1995,365,True,0
1636,cars,1996,366,True,0
1636,cars,1997,364,True,0
1636,cars,1998,365,True,0
1636,cars,1999,365,True,0
1636,cars,2000,366,True,0
1636,cars,2001,365,True,0
1636,cars,2002,365,True,0
1636,cars,2003,365,True,0
1636,cars,2004,366,True,0
1636,cars,2005,365,True,0
1636,cars,2006,365,True,0
1636,cars,2007,365,True,0
1636,cars,2008,366,True,0
1636,cars,2009,365,True,0
1636,cars,2010,365,True,0
1636,cars,2011,365,True,0
1636,cars,2012,366,True,0
1636,cars,2013,363,True,0
1636,cars,2014,365,True,0
1636,cars,2015,365,True,0
1636,cars,2016,366,True,0
1636,cars,2017,365,True,0
1636,cars,2018,57,False,0
1636,cars,2019,0,False,0
1636,upstream,1980,366,True,0
1636,upstream,1981,365,True,0
1636,upstream,1982,365,True,0
1636,upstream,1983,365,True,0
1636,upstream,1984,366,True,0
1636,upstream,1985,365,True,0
1636,upstream,1986,363,True,0
1636,upstream,1987,353,True,0
1636,upstream,1988,366,True,0
1636,upstream,1989,354,True,0
1636,upstream,1990,365,True,0
1636,upstream,1991,364,True,0
1636,upstream,1992,365,True,0
1636,upstream,1993,365,True,0
1636,upstream,1994,354,True,0
1636,upstream,1995,364,True,0
1636,upstream,1996,365,True,0
1636,upstream,1997,360,True,0
1636,upstream,1998,365,True,0
1636,upstream,1999,364,True,0
1636,upstream,2000,366,True,0
1636,upstream,2001,364,True,0
1636,upstream,2002,365,True,0
1636,upstream,2003,365,True,0
1636,upstream,2004,366,True,0
1636,upstream,2005,365,True,0
1636,upstream,2006,365,True,0
1636,upstream,2007,365,True,0
1636,upstream,2008,366,True,0
1636,upstream,2009,365,True,0
1636,upstream,2010,365,True,0
1636,upstream,2011,363,True,0
1636,upstream,2012,366,True,0
1636,upstream,2013,357,True,0
1636,upstream,2014,365,True,0
1636,upstream,2015,365,True,0
1636,upstream,2016,366,True,0
1636,upstream,2017,365,True,0
1636,upstream,2018,57,False,0
1636,upstream,2019,0,False,0
1645,cars,1980,0,False,0
1645,cars,1981,0,False,0
1645,cars,1982,0,False,0
1645,cars,1983,274,False,0
1645,cars,1984,366,True,0
1645,cars,1985,365,True,0
1645,cars,1986,365,True,0
1645,cars,1987,365,True,0
1645,cars,1988,366,True,0
1645,cars,1989,365,True,0
1645,cars,1990,365,True,0
1645,cars,1991,365,True,0
1645,cars,1992,366,True,0
1645,cars,1993,365,True,0
1645,cars,1994,365,True,0
1645,cars,1995,365,True,0
1645,cars,1996,366,True,0
1645,cars,1997,365,True,0
1645,cars,1998,365,True,0
1645,cars,1999,365,True,0
1645,cars,2000,366,True,0
1645,cars,2001,365,True,0
1645,cars,2002,365,True,0
1645,cars,2003,365,True,0
1645,cars,2004,366,True,0
1645,cars,2005,365,True,0
1645,cars,2006,365,True,0
1645,cars,2007,365,True,0
1645,cars,2008,366,True,0
1645,cars,2009,365,True,0
1645,cars,2010,365,True,0
1645,cars,2011,365,True,0
1645,cars,2012,366,True,0
1645,cars,2013,365,True,0
1645,cars,2014,365,True,0
1645,cars,2015,365,True,0
1645,cars,2016,366,True,0
1645,cars,2017,365,True,0
1645,cars,2018,365,True,0
1645,cars,2019,365,True,0
1645,upstream,1980,0,False,0
1645,upstream,1981,0,False,0
1645,upstream,1982,0,False,0
1645,upstream,1983,274,False,0
1645,upstream,1984,366,True,0
1645,upstream,1985,365,True,0
1645,upstream,1986,365,True,0
1645,upstream,1987,365,True,0
1645,upstream,1988,366,True,0
1645,upstream,1989,365,True,0
1645,upstream,1990,365,True,0
1645,upstream,1991,365,True,0
1645,upstream,1992,366,True,0
1645,upstream,1993,365,True,0
1645,upstream,1994,365,True,0
1645,upstream,1995,363,True,0
1645,upstream,1996,366,True,0
1645,upstream,1997,363,True,0
1645,upstream,1998,365,True,0
1645,upstream,1999,365,True,0
1645,upstream,2000,366,True,0
1645,upstream,2001,365,True,0
1645,upstream,2002,365,True,0
1645,upstream,2003,365,True,0
1645,upstream,2004,366,True,0
1645,upstream,2005,365,True,0
1645,upstream,2006,365,True,0
1645,upstream,2007,365,True,0
1645,upstream,2008,366,True,0
1645,upstream,2009,365,True,0
1645,upstream,2010,365,True,0
1645,upstream,2011,365,True,0
1645,upstream,2012,366,True,0
1645,upstream,2013,365,True,0
1645,upstream,2014,365,True,0
1645,upstream,2015,365,True,0
1645,upstream,2016,366,True,0
1645,upstream,2017,365,True,0
1645,upstream,2018,365,True,0
1645,upstream,2019,365,True,0
1650,cars,1980,366,True,0
1650,cars,1981,365,True,0
1650,cars,1982,365,True,0
1650,cars,1983,365,True,0
1650,cars,1984,366,True,0
1650,cars,1985,365,True,0
1650,cars,1986,335,True,0
1650,cars,1987,365,True,0
1650,cars,1988,366,True,0
1650,cars,1989,355,True,0
1650,cars,1990,365,True,0
1650,cars,1991,365,True,0
1650,cars,1992,366,True,0
1650,cars,1993,365,True,0
1650,cars,1994,365,True,0
1650,cars,1995,365,True,0
1650,cars,1996,366,True,0
1650,cars,1997,365,True,0
1650,cars,1998,365,True,0
1650,cars,1999,365,True,0
1650,cars,2000,366,True,0
1650,cars,2001,365,True,0
1650,cars,2002,365,True,0
1650,cars,2003,365,True,0
1650,cars,2004,366,True,0
1650,cars,2005,365,True,0
1650,cars,2006,365,True,0
1650,cars,2007,365,True,0
1650,cars,2008,359,True,0
1650,cars,2009,365,True,0
1650,cars,2010,365,True,0
1650,cars,2011,365,True,0
1650,cars,2012,366,True,0
1650,cars,2013,363,True,0
1650,cars,2014,365,True,0
1650,cars,2015,365,True,0
1650,cars,2016,366,True,0
1650,cars,2017,365,True,0
1650,cars,2018,56,False,0
1650,cars,2019,0,False,0
1650,upstream,1980,366,True,0
1650,upstream,1981,365,True,0
1650,upstream,1982,365,True,0
1650,upstream,1983,365,True,0
1650,upstream,1984,366,True,0
1650,upstream,1985,365,True,0
1650,upstream,1986,334,True,0
1650,upstream,1987,365,True,0
1650,upstream,1988,366,True,0
1650,upstream,1989,354,True,0
1650,upstream,1990,365,True,0
1650,upstream,1991,365,True,0
1650,upstream,1992,366,True,0
1650,upstream,1993,365,True,0
1650,upstream,1994,365,True,0
1650,upstream,1995,365,True,0
1650,upstream,1996,366,True,0
1650,upstream,1997,365,True,0
1650,upstream,1998,365,True,0
1650,upstream,1999,365,True,0
1650,upstream,2000,366,True,0
1650,upstream,2001,365,True,0
1650,upstream,2002,365,True,0
1650,upstream,2003,365,True,0
1650,upstream,2004,366,True,0
1650,upstream,2005,365,True,0
1650,upstream,2006,365,True,0
1650,upstream,2007,365,True,0
1650,upstream,2008,355,True,0
1650,upstream,2009,365,True,0
1650,upstream,2010,365,True,0
1650,upstream,2011,365,True,0
1650,upstream,2012,366,True,0
1650,upstream,2013,361,True,0
1650,upstream,2014,364,True,0
1650,upstream,2015,365,True,0
1650,upstream,2016,366,True,0
1650,upstream,2017,365,True,0
1650,upstream,2018,55,False,0
1650,upstream,2019,0,False,0
1654,cars,1980,0,False,0
1654,cars,1981,0,False,0
1654,cars,1982,0,False,0
1654,cars,1983,274,False,0
1654,cars,1984,366,True,0
1654,cars,1985,365,True,0
1654,cars,1986,365,True,0
1654,cars,1987,365,True,0
1654,cars,1988,366,True,0
1654,cars,1989,365,True,0
1654,cars,1990,365,True,0
1654,cars,1991,365,True,0
1654,cars,1992,366,True,0
1654,cars,1993,365,True,0
1654,cars,1994,365,True,0
1654,cars,1995,365,True,0
1654,cars,1996,366,True,0
1654,cars,1997,365,True,0
1654,cars,1998,365,True,0
1654,cars,1999,365,True,0
1654,cars,2000,366,True,0
1654,cars,2001,365,True,0
1654,cars,2002,365,True,0
1654,cars,2003,365,True,0
1654,cars,2004,366,True,0
1654,cars,2005,365,True,0
1654,cars,2006,365,True,0
1654,cars,2007,365,True,0
1654,cars,2008,366,True,0
1654,cars,2009,365,True,0
1654,cars,2010,365,True,0
1654,cars,2011,365,True,0
1654,cars,2012,366,True,0
1654,cars,2013,365,True,0
1654,cars,2014,365,True,0
1654,cars,2015,365,True,0
1654,cars,2016,366,True,0
1654,cars,2017,365,True,0
1654,cars,2018,365,True,0
1654,cars,2019,365,True,0
1654,upstream,1980,0,False,0
1654,upstream,1981,0,False,0
1654,upstream,1982,0,False,0
1654,upstream,1983,274,False,0
1654,upstream,1984,366,True,0
1654,upstream,1985,365,True,0
1654,upstream,1986,365,True,0
1654,upstream,1987,365,True,0
1654,upstream,1988,366,True,0
1654,upstream,1989,365,True,0
1654,upstream,1990,365,True,0
1654,upstream,1991,365,True,0
1654,upstream,1992,366,True,0
1654,upstream,1993,365,True,0
1654,upstream,1994,365,True,0
1654,upstream,1995,363,True,0
1654,upstream,1996,366,True,0
1654,upstream,1997,363,True,0
1654,upstream,1998,365,True,0
1654,upstream,1999,365,True,0
1654,upstream,2000,366,True,0
1654,upstream,2001,365,True,0
1654,upstream,2002,365,True,0
1654,upstream,2003,365,True,0
1654,upstream,2004,366,True,0
1654,upstream,2005,365,True,0
1654,upstream,2006,365,True,0
1654,upstream,2007,365,True,0
1654,upstream,2008,366,True,0
1654,upstream,2009,365,True,0
1654,upstream,2010,365,True,0
1654,upstream,2011,365,True,0
1654,upstream,2012,366,True,0
1654,upstream,2013,365,True,0
1654,upstream,2014,365,True,0
1654,upstream,2015,365,True,0
1654,upstream,2016,366,True,0
1654,upstream,2017,365,True,0
1654,upstream,2018,365,True,0
1654,upstream,2019,365,True,0
1655,cars,1980,0,False,0
1655,cars,1981,0,False,0
1655,cars,1982,0,False,0
1655,cars,1983,307,False,0
1655,cars,1984,366,True,0
1655,cars,1985,365,True,0
1655,cars,1986,365,True,0
1655,cars,1987,365,True,0
1655,cars,1988,366,True,0
1655,cars,1989,365,True,0
1655,cars,1990,365,True,0
1655,cars,1991,365,True,0
1655,cars,1992,366,True,0
1655,cars,1993,365,True,0
1655,cars,1994,364,True,0
1655,cars,1995,365,True,0
1655,cars,1996,366,True,0
1655,cars,1997,364,True,0
1655,cars,1998,365,True,0
1655,cars,1999,365,True,0
1655,cars,2000,366,True,0
1655,cars,2001,365,True,0
1655,cars,2002,365,True,0
1655,cars,2003,365,True,0
1655,cars,2004,366,True,0
1655,cars,2005,365,True,0
1655,cars,2006,365,True,0
1655,cars,2007,365,True,0
1655,cars,2008,366,True,0
1655,cars,2009,365,True,0
1655,cars,2010,365,True,0
1655,cars,2011,365,True,0
1655,cars,2012,366,True,0
1655,cars,2013,365,True,0
1655,cars,2014,365,True,0
1655,cars,2015,365,True,0
1655,cars,2016,366,True,0
1655,cars,2017,365,True,0
1655,cars,2018,365,True,0
1655,cars,2019,365,True,0
1655,upstream,1980,0,False,0
1655,upstream,1981,0,False,0
1655,upstream,1982,0,False,0
1655,upstream,1983,306,False,0
1655,upstream,1984,366,True,0
1655,upstream,1985,365,True,0
1655,upstream,1986,365,True,0
1655,upstream,1987,365,True,0
1655,upstream,1988,366,True,0
1655,upstream,1989,365,True,0
1655,upstream,1990,365,True,0
1655,upstream,1991,365,True,0
1655,upstream,1992,366,True,0
1655,upstream,1993,365,True,0
1655,upstream,1994,363,True,0
1655,upstream,1995,364,True,0
1655,upstream,1996,366,True,0
1655,upstream,1997,363,True,0
1655,upstream,1998,365,True,0
1655,upstream,1999,365,True,0
1655,upstream,2000,366,True,0
1655,upstream,2001,365,True,0
1655,upstream,2002,365,True,0
1655,upstream,2003,365,True,0
1655,upstream,2004,366,True,0
1655,upstream,2005,365,True,0
1655,upstream,2006,365,True,0
1655,upstream,2007,365,True,0
1655,upstream,2008,366,True,0
1655,upstream,2009,365,True,0
1655,upstream,2010,365,True,0
1655,upstream,2011,365,True,0
1655,upstream,2012,366,True,0
1655,upstream,2013,365,True,0
1655,upstream,2014,365,True,0
1655,upstream,2015,365,True,0
1655,upstream,2016,366,True,0
1655,upstream,2017,365,True,0
1655,upstream,2018,365,True,0
1655,upstream,2019,365,True,0
1656,cars,1980,0,False,0
1656,cars,1981,0,False,0
1656,cars,1982,0,False,0
1656,cars,1983,274,False,0
1656,cars,1984,366,True,0
1656,cars,1985,365,True,0
1656,cars,1986,365,True,0
1656,cars,1987,365,True,0
1656,cars,1988,366,True,0
1656,cars,1989,365,True,0
1656,cars,1990,365,True,0
1656,cars,1991,365,True,0
1656,cars,1992,366,True,0
1656,cars,1993,365,True,0
1656,cars,1994,365,True,0
1656,cars,1995,365,True,0
1656,cars,1996,366,True,0
1656,cars,1997,365,True,0
1656,cars,1998,365,True,0
1656,cars,1999,365,True,0
1656,cars,2000,366,True,0
1656,cars,2001,365,True,0
1656,cars,2002,365,True,0
1656,cars,2003,365,True,0
1656,cars,2004,366,True,0
1656,cars,2005,365,True,0
1656,cars,2006,365,True,0
1656,cars,2007,365,True,0
1656,cars,2008,366,True,0
1656,cars,2009,365,True,0
1656,cars,2010,365,True,0
1656,cars,2011,365,True,0
1656,cars,2012,366,True,0
1656,cars,2013,365,True,0
1656,cars,2014,365,True,0
1656,cars,2015,365,True,0
1656,cars,2016,366,True,0
1656,cars,2017,365,True,0
1656,cars,2018,365,True,0
1656,cars,2019,365,True,0
1656,upstream,1980,0,False,0
1656,upstream,1981,0,False,0
1656,upstream,1982,0,False,0
1656,upstream,1983,274,False,0
1656,upstream,1984,366,True,0
1656,upstream,1985,365,True,0
1656,upstream,1986,365,True,0
1656,upstream,1987,365,True,0
1656,upstream,1988,366,True,0
1656,upstream,1989,365,True,0
1656,upstream,1990,365,True,0
1656,upstream,1991,365,True,0
1656,upstream,1992,366,True,0
1656,upstream,1993,365,True,0
1656,upstream,1994,365,True,0
1656,upstream,1995,364,True,0
1656,upstream,1996,366,True,0
1656,upstream,1997,365,True,0
1656,upstream,1998,365,True,0
1656,upstream,1999,365,True,0
1656,upstream,2000,366,True,0
1656,upstream,2001,365,True,0
1656,upstream,2002,365,True,0
1656,upstream,2003,365,True,0
1656,upstream,2004,366,True,0
1656,upstream,2005,365,True,0
1656,upstream,2006,365,True,0
1656,upstream,2007,365,True,0
1656,upstream,2008,366,True,0
1656,upstream,2009,365,True,0
1656,upstream,2010,365,True,0
1656,upstream,2011,365,True,0
1656,upstream,2012,366,True,0
1656,upstream,2013,365,True,0
1656,upstream,2014,365,True,0
1656,upstream,2015,365,True,0
1656,upstream,2016,366,True,0
1656,upstream,2017,365,True,0
1656,upstream,2018,365,True,0
1656,upstream,2019,365,True,0
168,cars,1980,0,False,0
168,cars,1981,0,False,0
168,cars,1982,0,False,0
168,cars,1983,0,False,0
168,cars,1984,0,False,0
168,cars,1985,0,False,0
168,cars,1986,0,False,0
168,cars,1987,0,False,0
168,cars,1988,0,False,0
168,cars,1989,0,False,0
168,cars,1990,0,False,0
168,cars,1991,0,False,0
168,cars,1992,0,False,0
168,cars,1993,0,False,0
168,cars,1994,38,False,0
168,cars,1995,335,True,0
168,cars,1996,357,True,0
168,cars,1997,365,True,0
168,cars,1998,365,True,0
168,cars,1999,348,True,0
168,cars,2000,360,True,0
168,cars,2001,365,True,0
168,cars,2002,365,True,0
168,cars,2003,365,True,0
168,cars,2004,366,True,0
168,cars,2005,365,True,0
168,cars,2006,365,True,0
168,cars,2007,1,False,0
168,cars,2008,366,True,0
168,cars,2009,365,True,0
168,cars,2010,365,True,0
168,cars,2011,365,True,0
168,cars,2012,366,True,0
168,cars,2013,365,True,0
168,cars,2014,365,True,0
168,cars,2015,365,True,0
168,cars,2016,366,True,0
168,cars,2017,365,True,0
168,cars,2018,365,True,0
168,cars,2019,365,True,0
168,upstream,1980,0,False,0
168,upstream,1981,0,False,0
168,upstream,1982,0,False,0
168,upstream,1983,0,False,0
168,upstream,1984,0,False,0
168,upstream,1985,0,False,0
168,upstream,1986,0,False,0
168,upstream,1987,0,False,0
168,upstream,1988,0,False,0
168,upstream,1989,0,False,0
168,upstream,1990,0,False,0
168,upstream,1991,0,False,0
168,upstream,1992,0,False,0
168,upstream,1993,0,False,0
168,upstream,1994,26,False,1
168,upstream,1995,292,False,0
168,upstream,1996,224,False,0
168,upstream,1997,265,False,0
168,upstream,1998,280,False,0
168,upstream,1999,312,False,0
168,upstream,2000,300,False,17
168,upstream,2001,294,False,2
168,upstream,2002,280,False,2
168,upstream,2003,321,False,0
168,upstream,2004,355,True,1
168,upstream,2005,363,True,0
168,upstream,2006,364,True,0
168,upstream,2007,0,False,0
168,upstream,2008,352,True,1
168,upstream,2009,362,True,0
168,upstream,2010,365,True,0
168,upstream,2011,364,True,0
168,upstream,2012,366,True,0
168,upstream,2013,365,True,0
168,upstream,2014,359,True,3
168,upstream,2015,349,True,9
168,upstream,2016,361,True,0
168,upstream,2017,350,True,0
168,upstream,2018,358,True,0
168,upstream,2019,356,True,0
1683,cars,1980,0,False,0
1683,cars,1981,0,False,0
1683,cars,1982,0,False,0
1683,cars,1983,307,False,0
1683,cars,1984,366,True,0
1683,cars,1985,365,True,0
1683,cars,1986,365,True,0
1683,cars,1987,365,True,0
1683,cars,1988,366,True,0
1683,cars,1989,365,True,0
1683,cars,1990,365,True,0
1683,cars,1991,365,True,0
1683,cars,1992,366,True,0
1683,cars,1993,365,True,0
1683,cars,1994,364,True,0
1683,cars,1995,365,True,0
1683,cars,1996,366,True,0
1683,cars,1997,364,True,0
1683,cars,1998,365,True,0
1683,cars,1999,365,True,0
1683,cars,2000,366,True,0
1683,cars,2001,365,True,0
1683,cars,2002,365,True,0
1683,cars,2003,365,True,0
1683,cars,2004,366,True,0
1683,cars,2005,365,True,0
1683,cars,2006,365,True,0
1683,cars,2007,365,True,0
1683,cars,2008,366,True,0
1683,cars,2009,365,True,0
1683,cars,2010,365,True,0
1683,cars,2011,365,True,0
1683,cars,2012,366,True,0
1683,cars,2013,365,True,0
1683,cars,2014,365,True,0
1683,cars,2015,365,True,0
1683,cars,2016,366,True,0
1683,cars,2017,365,True,0
1683,cars,2018,365,True,0
1683,cars,2019,365,True,0
1683,upstream,1980,0,False,0
1683,upstream,1981,0,False,0
1683,upstream,1982,0,False,0
1683,upstream,1983,306,False,0
1683,upstream,1984,366,True,0
1683,upstream,1985,365,True,0
1683,upstream,1986,365,True,0
1683,upstream,1987,365,True,0
1683,upstream,1988,366,True,0
1683,upstream,1989,365,True,0
1683,upstream,1990,365,True,0
1683,upstream,1991,365,True,0
1683,upstream,1992,366,True,0
1683,upstream,1993,365,True,0
1683,upstream,1994,363,True,0
1683,upstream,1995,364,True,0
1683,upstream,1996,366,True,0
1683,upstream,1997,363,True,0
1683,upstream,1998,365,True,0
1683,upstream,1999,365,True,0
1683,upstream,2000,366,True,0
1683,upstream,2001,365,True,0
1683,upstream,2002,365,True,0
1683,upstream,2003,365,True,0
1683,upstream,2004,366,True,0
1683,upstream,2005,365,True,0
1683,upstream,2006,365,True,0
1683,upstream,2007,365,True,0
1683,upstream,2008,366,True,0
1683,upstream,2009,365,True,0
1683,upstream,2010,365,True,0
1683,upstream,2011,365,True,0
1683,upstream,2012,366,True,0
1683,upstream,2013,365,True,0
1683,upstream,2014,365,True,0
1683,upstream,2015,365,True,0
1683,upstream,2016,366,True,0
1683,upstream,2017,365,True,0
1683,upstream,2018,365,True,0
1683,upstream,2019,365,True,0
169,cars,1980,0,False,0
169,cars,1981,0,False,0
169,cars,1982,0,False,0
169,cars,1983,0,False,0
169,cars,1984,0,False,0
169,cars,1985,0,False,0
169,cars,1986,0,False,0
169,cars,1987,0,False,0
169,cars,1988,0,False,0
169,cars,1989,0,False,0
169,cars,1990,0,False,0
169,cars,1991,0,False,0
169,cars,1992,0,False,0
169,cars,1993,0,False,0
169,cars,1994,38,False,0
169,cars,1995,330,True,0
169,cars,1996,358,True,0
169,cars,1997,365,True,0
169,cars,1998,365,True,0
169,cars,1999,348,True,0
169,cars,2000,366,True,0
169,cars,2001,365,True,0
169,cars,2002,365,True,0
169,cars,2003,365,True,0
169,cars,2004,366,True,0
169,cars,2005,365,True,0
169,cars,2006,365,True,0
169,cars,2007,365,True,0
169,cars,2008,366,True,0
169,cars,2009,365,True,0
169,cars,2010,365,True,0
169,cars,2011,365,True,0
169,cars,2012,366,True,0
169,cars,2013,365,True,0
169,cars,2014,365,True,0
169,cars,2015,365,True,0
169,cars,2016,366,True,0
169,cars,2017,365,True,0
169,cars,2018,365,True,0
169,cars,2019,365,True,0
169,upstream,1980,0,False,0
169,upstream,1981,0,False,0
169,upstream,1982,0,False,0
169,upstream,1983,0,False,0
169,upstream,1984,0,False,0
169,upstream,1985,0,False,0
169,upstream,1986,0,False,0
169,upstream,1987,0,False,0
169,upstream,1988,0,False,0
169,upstream,1989,0,False,0
169,upstream,1990,0,False,0
169,upstream,1991,0,False,0
169,upstream,1992,0,False,0
169,upstream,1993,0,False,0
169,upstream,1994,30,False,0
169,upstream,1995,249,False,9
169,upstream,1996,238,False,3
169,upstream,1997,263,False,2
169,upstream,1998,280,False,0
169,upstream,1999,311,False,1
169,upstream,2000,331,True,2
169,upstream,2001,325,False,0
169,upstream,2002,310,False,0
169,upstream,2003,340,True,0
169,upstream,2004,357,True,0
169,upstream,2005,360,True,0
169,upstream,2006,364,True,0
169,upstream,2007,360,True,4
169,upstream,2008,356,True,1
169,upstream,2009,362,True,0
169,upstream,2010,365,True,0
169,upstream,2011,351,True,12
169,upstream,2012,365,True,1
169,upstream,2013,360,True,4
169,upstream,2014,358,True,0
169,upstream,2015,355,True,0
169,upstream,2016,364,True,0
169,upstream,2017,363,True,0
169,upstream,2018,357,True,3
169,upstream,2019,362,True,0
1691,cars,1980,366,True,0
1691,cars,1981,365,True,0
1691,cars,1982,365,True,0
1691,cars,1983,365,True,0
1691,cars,1984,366,True,0
1691,cars,1985,365,True,0
1691,cars,1986,365,True,0
1691,cars,1987,365,True,0
1691,cars,1988,366,True,0
1691,cars,1989,365,True,0
1691,cars,1990,365,True,0
1691,cars,1991,365,True,0
1691,cars,1992,366,True,0
1691,cars,1993,365,True,0
1691,cars,1994,365,True,0
1691,cars,1995,365,True,0
1691,cars,1996,366,True,0
1691,cars,1997,365,True,0
1691,cars,1998,365,True,0
1691,cars,1999,365,True,0
1691,cars,2000,366,True,0
1691,cars,2001,365,True,0
1691,cars,2002,365,True,0
1691,cars,2003,365,True,0
1691,cars,2004,366,True,0
1691,cars,2005,365,True,0
1691,cars,2006,365,True,0
1691,cars,2007,365,True,0
1691,cars,2008,366,True,0
1691,cars,2009,365,True,0
1691,cars,2010,365,True,0
1691,cars,2011,365,True,0
1691,cars,2012,366,True,0
1691,cars,2013,363,True,0
1691,cars,2014,361,True,0
1691,cars,2015,365,True,0
1691,cars,2016,365,True,0
1691,cars,2017,365,True,0
1691,cars,2018,57,False,0
1691,cars,2019,0,False,0
1691,upstream,1980,366,True,0
1691,upstream,1981,365,True,0
1691,upstream,1982,365,True,0
1691,upstream,1983,365,True,0
1691,upstream,1984,366,True,0
1691,upstream,1985,365,True,0
1691,upstream,1986,365,True,0
1691,upstream,1987,365,True,0
1691,upstream,1988,366,True,0
1691,upstream,1989,365,True,0
1691,upstream,1990,364,True,0
1691,upstream,1991,365,True,0
1691,upstream,1992,366,True,0
1691,upstream,1993,365,True,0
1691,upstream,1994,365,True,0
1691,upstream,1995,364,True,0
1691,upstream,1996,366,True,0
1691,upstream,1997,365,True,0
1691,upstream,1998,365,True,0
1691,upstream,1999,365,True,0
1691,upstream,2000,366,True,0
1691,upstream,2001,364,True,0
1691,upstream,2002,365,True,0
1691,upstream,2003,365,True,0
1691,upstream,2004,366,True,0
1691,upstream,2005,365,True,0
1691,upstream,2006,364,True,0
1691,upstream,2007,365,True,0
1691,upstream,2008,366,True,0
1691,upstream,2009,365,True,0
1691,upstream,2010,365,True,0
1691,upstream,2011,365,True,0
1691,upstream,2012,366,True,0
1691,upstream,2013,361,True,0
1691,upstream,2014,358,True,0
1691,upstream,2015,365,True,0
1691,upstream,2016,363,True,0
1691,upstream,2017,365,True,0
1691,upstream,2018,57,False,0
1691,upstream,2019,0,False,0
1699,cars,1980,366,True,0
1699,cars,1981,365,True,0
1699,cars,1982,365,True,0
1699,cars,1983,365,True,0
1699,cars,1984,366,True,0
1699,cars,1985,365,True,0
1699,cars,1986,365,True,0
1699,cars,1987,365,True,0
1699,cars,1988,366,True,0
1699,cars,1989,365,True,0
1699,cars,1990,365,True,0
1699,cars,1991,365,True,0
1699,cars,1992,366,True,0
1699,cars,1993,365,True,0
1699,cars,1994,365,True,0
1699,cars,1995,365,True,0
1699,cars,1996,366,True,0
1699,cars,1997,365,True,0
1699,cars,1998,365,True,0
1699,cars,1999,365,True,0
1699,cars,2000,366,True,0
1699,cars,2001,365,True,0
1699,cars,2002,365,True,0
1699,cars,2003,365,True,0
1699,cars,2004,366,True,0
1699,cars,2005,365,True,0
1699,cars,2006,365,True,0
1699,cars,2007,365,True,0
1699,cars,2008,366,True,0
1699,cars,2009,365,True,0
1699,cars,2010,365,True,0
1699,cars,2011,365,True,0
1699,cars,2012,366,True,0
1699,cars,2013,362,True,0
1699,cars,2014,363,True,0
1699,cars,2015,365,True,0
1699,cars,2016,365,True,0
1699,cars,2017,361,True,0
1699,cars,2018,57,False,0
1699,cars,2019,0,False,0
1699,upstream,1980,366,True,0
1699,upstream,1981,365,True,0
1699,upstream,1982,365,True,0
1699,upstream,1983,365,True,0
1699,upstream,1984,366,True,0
1699,upstream,1985,365,True,0
1699,upstream,1986,365,True,0
1699,upstream,1987,365,True,0
1699,upstream,1988,366,True,0
1699,upstream,1989,365,True,0
1699,upstream,1990,365,True,0
1699,upstream,1991,365,True,0
1699,upstream,1992,365,True,0
1699,upstream,1993,363,True,0
1699,upstream,1994,362,True,0
1699,upstream,1995,365,True,0
1699,upstream,1996,366,True,0
1699,upstream,1997,365,True,0
1699,upstream,1998,365,True,0
1699,upstream,1999,365,True,0
1699,upstream,2000,366,True,0
1699,upstream,2001,364,True,0
1699,upstream,2002,365,True,0
1699,upstream,2003,365,True,0
1699,upstream,2004,366,True,0
1699,upstream,2005,365,True,0
1699,upstream,2006,365,True,0
1699,upstream,2007,365,True,0
1699,upstream,2008,366,True,0
1699,upstream,2009,364,True,0
1699,upstream,2010,365,True,0
1699,upstream,2011,365,True,0
1699,upstream,2012,366,True,0
1699,upstream,2013,359,True,0
1699,upstream,2014,361,True,0
1699,upstream,2015,365,True,0
1699,upstream,2016,364,True,0
1699,upstream,2017,355,True,0
1699,upstream,2018,57,False,0
1699,upstream,2019,0,False,0
1703,cars,1980,0,False,0
1703,cars,1981,0,False,0
1703,cars,1982,0,False,0
1703,cars,1983,274,False,0
1703,cars,1984,366,True,0
1703,cars,1985,365,True,0
1703,cars,1986,365,True,0
1703,cars,1987,365,True,0
1703,cars,1988,366,True,0
1703,cars,1989,365,True,0
1703,cars,1990,365,True,0
1703,cars,1991,365,True,0
1703,cars,1992,366,True,0
1703,cars,1993,365,True,0
1703,cars,1994,365,True,0
1703,cars,1995,365,True,0
1703,cars,1996,366,True,0
1703,cars,1997,365,True,0
1703,cars,1998,365,True,0
1703,cars,1999,365,True,0
1703,cars,2000,366,True,0
1703,cars,2001,365,True,0
1703,cars,2002,365,True,0
1703,cars,2003,365,True,0
1703,cars,2004,366,True,0
1703,cars,2005,365,True,0
1703,cars,2006,365,True,0
1703,cars,2007,365,True,0
1703,cars,2008,366,True,0
1703,cars,2009,365,True,0
1703,cars,2010,365,True,0
1703,cars,2011,365,True,0
1703,cars,2012,366,True,0
1703,cars,2013,365,True,0
1703,cars,2014,365,True,0
1703,cars,2015,365,True,0
1703,cars,2016,366,True,0
1703,cars,2017,365,True,0
1703,cars,2018,365,True,0
1703,cars,2019,365,True,0
1703,upstream,1980,0,False,0
1703,upstream,1981,0,False,0
1703,upstream,1982,0,False,0
1703,upstream,1983,274,False,0
1703,upstream,1984,366,True,0
1703,upstream,1985,365,True,0
1703,upstream,1986,365,True,0
1703,upstream,1987,365,True,0
1703,upstream,1988,366,True,0
1703,upstream,1989,365,True,0
1703,upstream,1990,365,True,0
1703,upstream,1991,365,True,0
1703,upstream,1992,366,True,0
1703,upstream,1993,365,True,0
1703,upstream,1994,365,True,0
1703,upstream,1995,364,True,0
1703,upstream,1996,366,True,0
1703,upstream,1997,363,True,0
1703,upstream,1998,365,True,0
1703,upstream,1999,365,True,0
1703,upstream,2000,366,True,0
1703,upstream,2001,365,True,0
1703,upstream,2002,365,True,0
1703,upstream,2003,365,True,0
1703,upstream,2004,366,True,0
1703,upstream,2005,365,True,0
1703,upstream,2006,365,True,0
1703,upstream,2007,365,True,0
1703,upstream,2008,366,True,0
1703,upstream,2009,365,True,0
1703,upstream,2010,365,True,0
1703,upstream,2011,365,True,0
1703,upstream,2012,366,True,0
1703,upstream,2013,365,True,0
1703,upstream,2014,365,True,0
1703,upstream,2015,365,True,0
1703,upstream,2016,366,True,0
1703,upstream,2017,365,True,0
1703,upstream,2018,365,True,0
1703,upstream,2019,365,True,0
1706,cars,1980,366,True,0
1706,cars,1981,365,True,0
1706,cars,1982,365,True,0
1706,cars,1983,365,True,0
1706,cars,1984,366,True,0
1706,cars,1985,365,True,0
1706,cars,1986,364,True,0
1706,cars,1987,354,True,0
1706,cars,1988,366,True,0
1706,cars,1989,351,True,0
1706,cars,1990,365,True,0
1706,cars,1991,365,True,0
1706,cars,1992,366,True,0
1706,cars,1993,365,True,0
1706,cars,1994,355,True,0
1706,cars,1995,365,True,0
1706,cars,1996,366,True,0
1706,cars,1997,364,True,0
1706,cars,1998,365,True,0
1706,cars,1999,365,True,0
1706,cars,2000,366,True,0
1706,cars,2001,365,True,0
1706,cars,2002,365,True,0
1706,cars,2003,365,True,0
1706,cars,2004,366,True,0
1706,cars,2005,365,True,0
1706,cars,2006,363,True,0
1706,cars,2007,365,True,0
1706,cars,2008,366,True,0
1706,cars,2009,365,True,0
1706,cars,2010,365,True,0
1706,cars,2011,365,True,0
1706,cars,2012,366,True,0
1706,cars,2013,360,True,0
1706,cars,2014,362,True,0
1706,cars,2015,361,True,0
1706,cars,2016,365,True,0
1706,cars,2017,365,True,0
1706,cars,2018,57,False,0
1706,cars,2019,0,False,0
1706,upstream,1980,366,True,0
1706,upstream,1981,365,True,0
1706,upstream,1982,365,True,0
1706,upstream,1983,365,True,0
1706,upstream,1984,366,True,0
1706,upstream,1985,365,True,0
1706,upstream,1986,363,True,0
1706,upstream,1987,353,True,0
1706,upstream,1988,366,True,0
1706,upstream,1989,350,True,0
1706,upstream,1990,365,True,0
1706,upstream,1991,365,True,0
1706,upstream,1992,366,True,0
1706,upstream,1993,365,True,0
1706,upstream,1994,354,True,0
1706,upstream,1995,365,True,0
1706,upstream,1996,365,True,0
1706,upstream,1997,363,True,0
1706,upstream,1998,365,True,0
1706,upstream,1999,365,True,0
1706,upstream,2000,366,True,0
1706,upstream,2001,364,True,0
1706,upstream,2002,365,True,0
1706,upstream,2003,365,True,0
1706,upstream,2004,366,True,0
1706,upstream,2005,365,True,0
1706,upstream,2006,362,True,0
1706,upstream,2007,365,True,0
1706,upstream,2008,364,True,0
1706,upstream,2009,365,True,0
1706,upstream,2010,365,True,0
1706,upstream,2011,364,True,0
1706,upstream,2012,366,True,0
1706,upstream,2013,357,True,0
1706,upstream,2014,361,True,0
1706,upstream,2015,360,True,0
1706,upstream,2016,364,True,0
1706,upstream,2017,364,True,0
1706,upstream,2018,57,False,0
1706,upstream,2019,0,False,0
1707,cars,1980,366,True,0
1707,cars,1981,365,True,0
1707,cars,1982,365,True,0
1707,cars,1983,365,True,0
1707,cars,1984,366,True,0
1707,cars,1985,365,True,0
1707,cars,1986,365,True,0
1707,cars,1987,365,True,0
1707,cars,1988,366,True,0
1707,cars,1989,365,True,0
1707,cars,1990,365,True,0
1707,cars,1991,365,True,0
1707,cars,1992,366,True,0
1707,cars,1993,365,True,0
1707,cars,1994,365,True,0
1707,cars,1995,365,True,0
1707,cars,1996,366,True,0
1707,cars,1997,365,True,0
1707,cars,1998,365,True,0
1707,cars,1999,365,True,0
1707,cars,2000,366,True,0
1707,cars,2001,365,True,0
1707,cars,2002,365,True,0
1707,cars,2003,365,True,0
1707,cars,2004,366,True,0
1707,cars,2005,365,True,0
1707,cars,2006,365,True,0
1707,cars,2007,365,True,0
1707,cars,2008,366,True,0
1707,cars,2009,365,True,0
1707,cars,2010,365,True,0
1707,cars,2011,365,True,0
1707,cars,2012,362,True,0
1707,cars,2013,363,True,0
1707,cars,2014,365,True,0
1707,cars,2015,360,True,0
1707,cars,2016,366,True,0
1707,cars,2017,365,True,0
1707,cars,2018,57,False,0
1707,cars,2019,0,False,0
1707,upstream,1980,366,True,0
1707,upstream,1981,365,True,0
1707,upstream,1982,365,True,0
1707,upstream,1983,365,True,0
1707,upstream,1984,366,True,0
1707,upstream,1985,365,True,0
1707,upstream,1986,365,True,0
1707,upstream,1987,365,True,0
1707,upstream,1988,364,True,0
1707,upstream,1989,365,True,0
1707,upstream,1990,365,True,0
1707,upstream,1991,363,True,0
1707,upstream,1992,366,True,0
1707,upstream,1993,365,True,0
1707,upstream,1994,365,True,0
1707,upstream,1995,365,True,0
1707,upstream,1996,366,True,0
1707,upstream,1997,365,True,0
1707,upstream,1998,365,True,0
1707,upstream,1999,365,True,0
1707,upstream,2000,366,True,0
1707,upstream,2001,364,True,0
1707,upstream,2002,365,True,0
1707,upstream,2003,365,True,0
1707,upstream,2004,366,True,0
1707,upstream,2005,365,True,0
1707,upstream,2006,365,True,0
1707,upstream,2007,365,True,0
1707,upstream,2008,366,True,0
1707,upstream,2009,365,True,0
1707,upstream,2010,365,True,0
1707,upstream,2011,365,True,0
1707,upstream,2012,360,True,0
1707,upstream,2013,361,True,0
1707,upstream,2014,365,True,0
1707,upstream,2015,359,True,0
1707,upstream,2016,366,True,0
1707,upstream,2017,365,True,0
1707,upstream,2018,57,False,0
1707,upstream,2019,0,False,0
1709,cars,1980,366,True,0
1709,cars,1981,365,True,0
1709,cars,1982,365,True,0
1709,cars,1983,365,True,0
1709,cars,1984,366,True,0
1709,cars,1985,365,True,0
1709,cars,1986,365,True,0
1709,cars,1987,365,True,0
1709,cars,1988,366,True,0
1709,cars,1989,365,True,0
1709,cars,1990,365,True,0
1709,cars,1991,365,True,0
1709,cars,1992,366,True,0
1709,cars,1993,365,True,0
1709,cars,1994,365,True,0
1709,cars,1995,365,True,0
1709,cars,1996,366,True,0
1709,cars,1997,365,True,0
1709,cars,1998,365,True,0
1709,cars,1999,365,True,0
1709,cars,2000,366,True,0
1709,cars,2001,365,True,0
1709,cars,2002,365,True,0
1709,cars,2003,365,True,0
1709,cars,2004,366,True,0
1709,cars,2005,365,True,0
1709,cars,2006,365,True,0
1709,cars,2007,365,True,0
1709,cars,2008,366,True,0
1709,cars,2009,365,True,0
1709,cars,2010,365,True,0
1709,cars,2011,365,True,0
1709,cars,2012,366,True,0
1709,cars,2013,360,True,0
1709,cars,2014,363,True,0
1709,cars,2015,365,True,0
1709,cars,2016,365,True,0
1709,cars,2017,365,True,0
1709,cars,2018,57,False,0
1709,cars,2019,0,False,0
1709,upstream,1980,366,True,0
1709,upstream,1981,365,True,0
1709,upstream,1982,361,True,0
1709,upstream,1983,365,True,0
1709,upstream,1984,366,True,0
1709,upstream,1985,365,True,0
1709,upstream,1986,365,True,0
1709,upstream,1987,365,True,0
1709,upstream,1988,366,True,0
1709,upstream,1989,365,True,0
1709,upstream,1990,365,True,0
1709,upstream,1991,365,True,0
1709,upstream,1992,366,True,0
1709,upstream,1993,365,True,0
1709,upstream,1994,365,True,0
1709,upstream,1995,365,True,0
1709,upstream,1996,366,True,0
1709,upstream,1997,365,True,0
1709,upstream,1998,365,True,0
1709,upstream,1999,365,True,0
1709,upstream,2000,366,True,0
1709,upstream,2001,364,True,0
1709,upstream,2002,365,True,0
1709,upstream,2003,365,True,0
1709,upstream,2004,366,True,0
1709,upstream,2005,365,True,0
1709,upstream,2006,365,True,0
1709,upstream,2007,365,True,0
1709,upstream,2008,366,True,0
1709,upstream,2009,365,True,0
1709,upstream,2010,364,True,0
1709,upstream,2011,365,True,0
1709,upstream,2012,366,True,0
1709,upstream,2013,356,True,0
1709,upstream,2014,361,True,0
1709,upstream,2015,365,True,0
1709,upstream,2016,364,True,0
1709,upstream,2017,365,True,0
1709,upstream,2018,57,False,0
1709,upstream,2019,0,False,0
1712,cars,1980,366,True,0
1712,cars,1981,365,True,0
1712,cars,1982,365,True,0
1712,cars,1983,365,True,0
1712,cars,1984,366,True,0
1712,cars,1985,365,True,0
1712,cars,1986,365,True,0
1712,cars,1987,365,True,0
1712,cars,1988,366,True,0
1712,cars,1989,365,True,0
1712,cars,1990,365,True,0
1712,cars,1991,365,True,0
1712,cars,1992,366,True,0
1712,cars,1993,365,True,0
1712,cars,1994,365,True,0
1712,cars,1995,365,True,0
1712,cars,1996,366,True,0
1712,cars,1997,365,True,0
1712,cars,1998,365,True,0
1712,cars,1999,365,True,0
1712,cars,2000,366,True,0
1712,cars,2001,365,True,0
1712,cars,2002,365,True,0
1712,cars,2003,365,True,0
1712,cars,2004,366,True,0
1712,cars,2005,365,True,0
1712,cars,2006,363,True,0
1712,cars,2007,365,True,0
1712,cars,2008,366,True,0
1712,cars,2009,365,True,0
1712,cars,2010,365,True,0
1712,cars,2011,365,True,0
1712,cars,2012,366,True,0
1712,cars,2013,341,True,0
1712,cars,2014,364,True,0
1712,cars,2015,361,True,0
1712,cars,2016,364,True,0
1712,cars,2017,358,True,0
1712,cars,2018,57,False,0
1712,cars,2019,0,False,0
1712,upstream,1980,366,True,0
1712,upstream,1981,365,True,0
1712,upstream,1982,365,True,0
1712,upstream,1983,364,True,0
1712,upstream,1984,366,True,0
1712,upstream,1985,365,True,0
1712,upstream,1986,365,True,0
1712,upstream,1987,365,True,0
1712,upstream,1988,366,True,0
1712,upstream,1989,365,True,0
1712,upstream,1990,365,True,0
1712,upstream,1991,365,True,0
1712,upstream,1992,366,True,0
1712,upstream,1993,365,True,0
1712,upstream,1994,365,True,0
1712,upstream,1995,365,True,0
1712,upstream,1996,366,True,0
1712,upstream,1997,365,True,0
1712,upstream,1998,365,True,0
1712,upstream,1999,365,True,0
1712,upstream,2000,366,True,0
1712,upstream,2001,364,True,0
1712,upstream,2002,365,True,0
1712,upstream,2003,365,True,0
1712,upstream,2004,366,True,0
1712,upstream,2005,365,True,0
1712,upstream,2006,362,True,0
1712,upstream,2007,365,True,0
1712,upstream,2008,366,True,0
1712,upstream,2009,365,True,0
1712,upstream,2010,365,True,0
1712,upstream,2011,365,True,0
1712,upstream,2012,366,True,0
1712,upstream,2013,335,True,0
1712,upstream,2014,363,True,0
1712,upstream,2015,351,True,0
1712,upstream,2016,361,True,0
1712,upstream,2017,355,True,0
1712,upstream,2018,57,False,0
1712,upstream,2019,0,False,0
1713,cars,1980,0,False,0
1713,cars,1981,0,False,0
1713,cars,1982,0,False,0
1713,cars,1983,0,False,0
1713,cars,1984,0,False,0
1713,cars,1985,0,False,0
1713,cars,1986,0,False,0
1713,cars,1987,0,False,0
1713,cars,1988,0,False,0
1713,cars,1989,0,False,0
1713,cars,1990,0,False,0
1713,cars,1991,115,False,0
1713,cars,1992,366,True,0
1713,cars,1993,365,True,0
1713,cars,1994,365,True,0
1713,cars,1995,365,True,0
1713,cars,1996,366,True,0
1713,cars,1997,365,True,0
1713,cars,1998,365,True,0
1713,cars,1999,365,True,0
1713,cars,2000,366,True,0
1713,cars,2001,365,True,0
1713,cars,2002,365,True,0
1713,cars,2003,365,True,0
1713,cars,2004,366,True,0
1713,cars,2005,365,True,0
1713,cars,2006,365,True,0
1713,cars,2007,365,True,0
1713,cars,2008,366,True,0
1713,cars,2009,365,True,0
1713,cars,2010,363,True,0
1713,cars,2011,359,True,0
1713,cars,2012,366,True,0
1713,cars,2013,358,True,0
1713,cars,2014,365,True,0
1713,cars,2015,365,True,0
1713,cars,2016,364,True,0
1713,cars,2017,353,True,0
1713,cars,2018,57,False,0
1713,cars,2019,0,False,0
1713,upstream,1980,0,False,0
1713,upstream,1981,0,False,0
1713,upstream,1982,0,False,0
1713,upstream,1983,0,False,0
1713,upstream,1984,0,False,0
1713,upstream,1985,0,False,0
1713,upstream,1986,0,False,0
1713,upstream,1987,0,False,0
1713,upstream,1988,0,False,0
1713,upstream,1989,0,False,0
1713,upstream,1990,0,False,0
1713,upstream,1991,115,False,0
1713,upstream,1992,366,True,0
1713,upstream,1993,365,True,0
1713,upstream,1994,364,True,0
1713,upstream,1995,365,True,0
1713,upstream,1996,366,True,0
1713,upstream,1997,365,True,0
1713,upstream,1998,365,True,0
1713,upstream,1999,365,True,0
1713,upstream,2000,366,True,0
1713,upstream,2001,365,True,0
1713,upstream,2002,365,True,0
1713,upstream,2003,365,True,0
1713,upstream,2004,366,True,0
1713,upstream,2005,365,True,0
1713,upstream,2006,364,True,0
1713,upstream,2007,365,True,0
1713,upstream,2008,366,True,0
1713,upstream,2009,365,True,0
1713,upstream,2010,362,True,0
1713,upstream,2011,358,True,0
1713,upstream,2012,366,True,0
1713,upstream,2013,353,True,0
1713,upstream,2014,365,True,0
1713,upstream,2015,363,True,0
1713,upstream,2016,362,True,0
1713,upstream,2017,352,True,0
1713,upstream,2018,57,False,0
1713,upstream,2019,0,False,0
1714,cars,1980,0,False,0
1714,cars,1981,0,False,0
1714,cars,1982,0,False,0
1714,cars,1983,276,False,0
1714,cars,1984,366,True,0
1714,cars,1985,365,True,0
1714,cars,1986,365,True,0
1714,cars,1987,365,True,0
1714,cars,1988,366,True,0
1714,cars,1989,365,True,0
1714,cars,1990,365,True,0
1714,cars,1991,365,True,0
1714,cars,1992,366,True,0
1714,cars,1993,365,True,0
1714,cars,1994,363,True,0
1714,cars,1995,365,True,0
1714,cars,1996,366,True,0
1714,cars,1997,364,True,0
1714,cars,1998,365,True,0
1714,cars,1999,365,True,0
1714,cars,2000,366,True,0
1714,cars,2001,365,True,0
1714,cars,2002,365,True,0
1714,cars,2003,365,True,0
1714,cars,2004,366,True,0
1714,cars,2005,365,True,0
1714,cars,2006,365,True,0
1714,cars,2007,365,True,0
1714,cars,2008,366,True,0
1714,cars,2009,365,True,0
1714,cars,2010,365,True,0
1714,cars,2011,365,True,0
1714,cars,2012,366,True,0
1714,cars,2013,365,True,0
1714,cars,2014,365,True,0
1714,cars,2015,365,True,0
1714,cars,2016,366,True,0
1714,cars,2017,365,True,0
1714,cars,2018,365,True,0
1714,cars,2019,365,True,0
1714,upstream,1980,0,False,0
1714,upstream,1981,0,False,0
1714,upstream,1982,0,False,0
1714,upstream,1983,275,False,0
1714,upstream,1984,366,True,0
1714,upstream,1985,365,True,0
1714,upstream,1986,365,True,0
1714,upstream,1987,365,True,0
1714,upstream,1988,366,True,0
1714,upstream,1989,365,True,0
1714,upstream,1990,365,True,0
1714,upstream,1991,365,True,0
1714,upstream,1992,366,True,0
1714,upstream,1993,365,True,0
1714,upstream,1994,362,True,0
1714,upstream,1995,365,True,0
1714,upstream,1996,366,True,0
1714,upstream,1997,363,True,0
1714,upstream,1998,365,True,0
1714,upstream,1999,365,True,0
1714,upstream,2000,366,True,0
1714,upstream,2001,365,True,0
1714,upstream,2002,365,True,0
1714,upstream,2003,365,True,0
1714,upstream,2004,366,True,0
1714,upstream,2005,365,True,0
1714,upstream,2006,365,True,0
1714,upstream,2007,365,True,0
1714,upstream,2008,366,True,0
1714,upstream,2009,365,True,0
1714,upstream,2010,365,True,0
1714,upstream,2011,365,True,0
1714,upstream,2012,366,True,0
1714,upstream,2013,365,True,0
1714,upstream,2014,365,True,0
1714,upstream,2015,365,True,0
1714,upstream,2016,366,True,0
1714,upstream,2017,365,True,0
1714,upstream,2018,365,True,0
1714,upstream,2019,365,True,0
1716,cars,1980,0,False,0
1716,cars,1981,0,False,0
1716,cars,1982,0,False,0
1716,cars,1983,0,False,0
1716,cars,1984,0,False,0
1716,cars,1985,273,False,0
1716,cars,1986,346,True,0
1716,cars,1987,365,True,0
1716,cars,1988,366,True,0
1716,cars,1989,92,False,0
1716,cars,1990,273,False,0
1716,cars,1991,365,True,0
1716,cars,1992,366,True,0
1716,cars,1993,365,True,0
1716,cars,1994,365,True,0
1716,cars,1995,365,True,0
1716,cars,1996,366,True,0
1716,cars,1997,365,True,0
1716,cars,1998,365,True,0
1716,cars,1999,365,True,0
1716,cars,2000,366,True,0
1716,cars,2001,365,True,0
1716,cars,2002,365,True,0
1716,cars,2003,365,True,0
1716,cars,2004,366,True,0
1716,cars,2005,210,False,0
1716,cars,2006,273,False,0
1716,cars,2007,365,True,0
1716,cars,2008,366,True,0
1716,cars,2009,365,True,0
1716,cars,2010,365,True,0
1716,cars,2011,365,True,0
1716,cars,2012,366,True,0
1716,cars,2013,365,True,0
1716,cars,2014,365,True,0
1716,cars,2015,49,False,0
1716,cars,2016,0,False,0
1716,cars,2017,0,False,0
1716,cars,2018,0,False,0
1716,cars,2019,0,False,0
1716,upstream,1980,0,False,0
1716,upstream,1981,0,False,0
1716,upstream,1982,0,False,0
1716,upstream,1983,0,False,0
1716,upstream,1984,0,False,0
1716,upstream,1985,273,False,0
1716,upstream,1986,303,False,0
1716,upstream,1987,362,True,0
1716,upstream,1988,365,True,0
1716,upstream,1989,89,False,0
1716,upstream,1990,273,False,0
1716,upstream,1991,364,True,0
1716,upstream,1992,362,True,0
1716,upstream,1993,364,True,0
1716,upstream,1994,363,True,0
1716,upstream,1995,363,True,0
1716,upstream,1996,365,True,0
1716,upstream,1997,364,True,0
1716,upstream,1998,364,True,0
1716,upstream,1999,364,True,0
1716,upstream,2000,365,True,0
1716,upstream,2001,364,True,0
1716,upstream,2002,364,True,0
1716,upstream,2003,364,True,0
1716,upstream,2004,365,True,0
1716,upstream,2005,207,False,0
1716,upstream,2006,273,False,0
1716,upstream,2007,365,True,0
1716,upstream,2008,366,True,0
1716,upstream,2009,365,True,0
1716,upstream,2010,365,True,0
1716,upstream,2011,365,True,0
1716,upstream,2012,366,True,0
1716,upstream,2013,365,True,0
1716,upstream,2014,365,True,0
1716,upstream,2015,47,False,0
1716,upstream,2016,0,False,0
1716,upstream,2017,0,False,0
1716,upstream,2018,0,False,0
1716,upstream,2019,0,False,0
1718,cars,1980,0,False,0
1718,cars,1981,0,False,0
1718,cars,1982,0,False,0
1718,cars,1983,215,False,0
1718,cars,1984,366,True,0
1718,cars,1985,365,True,0
1718,cars,1986,365,True,0
1718,cars,1987,365,True,0
1718,cars,1988,366,True,0
1718,cars,1989,365,True,0
1718,cars,1990,365,True,0
1718,cars,1991,365,True,0
1718,cars,1992,366,True,0
1718,cars,1993,365,True,0
1718,cars,1994,364,True,0
1718,cars,1995,365,True,0
1718,cars,1996,366,True,0
1718,cars,1997,365,True,0
1718,cars,1998,365,True,0
1718,cars,1999,365,True,0
1718,cars,2000,366,True,0
1718,cars,2001,365,True,0
1718,cars,2002,365,True,0
1718,cars,2003,365,True,0
1718,cars,2004,366,True,0
1718,cars,2005,365,True,0
1718,cars,2006,365,True,0
1718,cars,2007,365,True,0
1718,cars,2008,366,True,0
1718,cars,2009,365,True,0
1718,cars,2010,365,True,0
1718,cars,2011,365,True,0
1718,cars,2012,366,True,0
1718,cars,2013,365,True,0
1718,cars,2014,365,True,0
1718,cars,2015,365,True,0
1718,cars,2016,366,True,0
1718,cars,2017,365,True,0
1718,cars,2018,365,True,0
1718,cars,2019,365,True,0
1718,upstream,1980,0,False,0
1718,upstream,1981,0,False,0
1718,upstream,1982,0,False,0
1718,upstream,1983,215,False,0
1718,upstream,1984,366,True,0
1718,upstream,1985,365,True,0
1718,upstream,1986,365,True,0
1718,upstream,1987,365,True,0
1718,upstream,1988,366,True,0
1718,upstream,1989,365,True,0
1718,upstream,1990,365,True,0
1718,upstream,1991,365,True,0
1718,upstream,1992,366,True,0
1718,upstream,1993,365,True,0
1718,upstream,1994,363,True,0
1718,upstream,1995,364,True,0
1718,upstream,1996,366,True,0
1718,upstream,1997,363,True,0
1718,upstream,1998,365,True,0
1718,upstream,1999,365,True,0
1718,upstream,2000,366,True,0
1718,upstream,2001,365,True,0
1718,upstream,2002,365,True,0
1718,upstream,2003,365,True,0
1718,upstream,2004,366,True,0
1718,upstream,2005,365,True,0
1718,upstream,2006,365,True,0
1718,upstream,2007,365,True,0
1718,upstream,2008,366,True,0
1718,upstream,2009,365,True,0
1718,upstream,2010,365,True,0
1718,upstream,2011,365,True,0
1718,upstream,2012,366,True,0
1718,upstream,2013,365,True,0
1718,upstream,2014,365,True,0
1718,upstream,2015,365,True,0
1718,upstream,2016,366,True,0
1718,upstream,2017,365,True,0
1718,upstream,2018,365,True,0
1718,upstream,2019,365,True,0
1723,cars,1980,0,False,0
1723,cars,1981,0,False,0
1723,cars,1982,0,False,0
1723,cars,1983,0,False,0
1723,cars,1984,0,False,0
1723,cars,1985,273,False,0
1723,cars,1986,365,True,0
1723,cars,1987,365,True,0
1723,cars,1988,366,True,0
1723,cars,1989,365,True,0
1723,cars,1990,365,True,0
1723,cars,1991,365,True,0
1723,cars,1992,366,True,0
1723,cars,1993,365,True,0
1723,cars,1994,365,True,0
1723,cars,1995,365,True,0
1723,cars,1996,366,True,0
1723,cars,1997,365,True,0
1723,cars,1998,365,True,0
1723,cars,1999,365,True,0
1723,cars,2000,366,True,0
1723,cars,2001,365,True,0
1723,cars,2002,365,True,0
1723,cars,2003,365,True,0
1723,cars,2004,366,True,0
1723,cars,2005,365,True,0
1723,cars,2006,365,True,0
1723,cars,2007,365,True,0
1723,cars,2008,366,True,0
1723,cars,2009,365,True,0
1723,cars,2010,365,True,0
1723,cars,2011,359,True,0
1723,cars,2012,334,True,0
1723,cars,2013,362,True,0
1723,cars,2014,365,True,0
1723,cars,2015,365,True,0
1723,cars,2016,366,True,0
1723,cars,2017,360,True,0
1723,cars,2018,57,False,0
1723,cars,2019,0,False,0
1723,upstream,1980,0,False,0
1723,upstream,1981,0,False,0
1723,upstream,1982,0,False,0
1723,upstream,1983,0,False,0
1723,upstream,1984,0,False,0
1723,upstream,1985,272,False,0
1723,upstream,1986,365,True,0
1723,upstream,1987,365,True,0
1723,upstream,1988,366,True,0
1723,upstream,1989,364,True,0
1723,upstream,1990,365,True,0
1723,upstream,1991,365,True,0
1723,upstream,1992,366,True,0
1723,upstream,1993,365,True,0
1723,upstream,1994,365,True,0
1723,upstream,1995,365,True,0
1723,upstream,1996,366,True,0
1723,upstream,1997,365,True,0
1723,upstream,1998,365,True,0
1723,upstream,1999,365,True,0
1723,upstream,2000,366,True,0
1723,upstream,2001,365,True,0
1723,upstream,2002,365,True,0
1723,upstream,2003,365,True,0
1723,upstream,2004,366,True,0
1723,upstream,2005,365,True,0
1723,upstream,2006,365,True,0
1723,upstream,2007,363,True,0
1723,upstream,2008,366,True,0
1723,upstream,2009,365,True,0
1723,upstream,2010,365,True,0
1723,upstream,2011,358,True,0
1723,upstream,2012,331,True,0
1723,upstream,2013,358,True,0
1723,upstream,2014,364,True,0
1723,upstream,2015,356,True,0
1723,upstream,2016,366,True,0
1723,upstream,2017,357,True,0
1723,upstream,2018,57,False,0
1723,upstream,2019,0,False,0
1726,cars,1980,366,True,0
1726,cars,1981,365,True,0
1726,cars,1982,365,True,0
1726,cars,1983,365,True,0
1726,cars,1984,366,True,0
1726,cars,1985,365,True,0
1726,cars,1986,365,True,0
1726,cars,1987,365,True,0
1726,cars,1988,366,True,0
1726,cars,1989,365,True,0
1726,cars,1990,365,True,0
1726,cars,1991,365,True,0
1726,cars,1992,366,True,0
1726,cars,1993,365,True,0
1726,cars,1994,365,True,0
1726,cars,1995,365,True,0
1726,cars,1996,366,True,0
1726,cars,1997,365,True,0
1726,cars,1998,365,True,0
1726,cars,1999,365,True,0
1726,cars,2000,366,True,0
1726,cars,2001,365,True,0
1726,cars,2002,365,True,0
1726,cars,2003,365,True,0
1726,cars,2004,366,True,0
1726,cars,2005,365,True,0
1726,cars,2006,365,True,0
1726,cars,2007,365,True,0
1726,cars,2008,366,True,0
1726,cars,2009,365,True,0
1726,cars,2010,365,True,0
1726,cars,2011,361,True,0
1726,cars,2012,366,True,0
1726,cars,2013,363,True,0
1726,cars,2014,365,True,0
1726,cars,2015,365,True,0
1726,cars,2016,366,True,0
1726,cars,2017,365,True,0
1726,cars,2018,58,False,0
1726,cars,2019,0,False,0
1726,upstream,1980,366,True,0
1726,upstream,1981,365,True,0
1726,upstream,1982,365,True,0
1726,upstream,1983,365,True,0
1726,upstream,1984,366,True,0
1726,upstream,1985,365,True,0
1726,upstream,1986,364,True,0
1726,upstream,1987,365,True,0
1726,upstream,1988,366,True,0
1726,upstream,1989,365,True,0
1726,upstream,1990,365,True,0
1726,upstream,1991,365,True,0
1726,upstream,1992,366,True,0
1726,upstream,1993,365,True,0
1726,upstream,1994,365,True,0
1726,upstream,1995,365,True,0
1726,upstream,1996,366,True,0
1726,upstream,1997,365,True,0
1726,upstream,1998,365,True,0
1726,upstream,1999,364,True,0
1726,upstream,2000,366,True,0
1726,upstream,2001,364,True,0
1726,upstream,2002,365,True,0
1726,upstream,2003,365,True,0
1726,upstream,2004,366,True,0
1726,upstream,2005,365,True,0
1726,upstream,2006,365,True,0
1726,upstream,2007,365,True,0
1726,upstream,2008,366,True,0
1726,upstream,2009,365,True,0
1726,upstream,2010,361,True,0
1726,upstream,2011,360,True,0
1726,upstream,2012,366,True,0
1726,upstream,2013,361,True,0
1726,upstream,2014,365,True,0
1726,upstream,2015,365,True,0
1726,upstream,2016,366,True,0
1726,upstream,2017,365,True,0
1726,upstream,2018,58,False,0
1726,upstream,2019,0,False,0
173,cars,1980,0,False,0
173,cars,1981,0,False,0
173,cars,1982,0,False,0
173,cars,1983,0,False,0
173,cars,1984,0,False,0
173,cars,1985,0,False,0
173,cars,1986,0,False,0
173,cars,1987,0,False,0
173,cars,1988,0,False,0
173,cars,1989,0,False,0
173,cars,1990,0,False,0
173,cars,1991,0,False,0
173,cars,1992,0,False,0
173,cars,1993,0,False,0
173,cars,1994,0,False,0
173,cars,1995,223,False,0
173,cars,1996,192,False,0
173,cars,1997,232,False,0
173,cars,1998,258,False,0
173,cars,1999,260,False,0
173,cars,2000,300,False,0
173,cars,2001,180,False,0
173,cars,2002,0,False,0
173,cars,2003,128,False,0
173,cars,2004,323,False,0
173,cars,2005,325,False,0
173,cars,2006,339,True,0
173,cars,2007,338,True,0
173,cars,2008,342,True,0
173,cars,2009,334,True,0
173,cars,2010,307,False,0
173,cars,2011,353,True,0
173,cars,2012,351,True,0
173,cars,2013,361,True,0
173,cars,2014,345,True,0
173,cars,2015,340,True,0
173,cars,2016,334,True,0
173,cars,2017,296,False,0
173,cars,2018,274,False,0
173,cars,2019,328,False,0
173,upstream,1980,0,False,0
173,upstream,1981,0,False,0
173,upstream,1982,0,False,0
173,upstream,1983,0,False,0
173,upstream,1984,0,False,0
173,upstream,1985,0,False,0
173,upstream,1986,0,False,0
173,upstream,1987,0,False,0
173,upstream,1988,0,False,0
173,upstream,1989,0,False,0
173,upstream,1990,0,False,0
173,upstream,1991,0,False,0
173,upstream,1992,0,False,0
173,upstream,1993,0,False,0
173,upstream,1994,0,False,0
173,upstream,1995,135,False,49
173,upstream,1996,111,False,66
173,upstream,1997,131,False,106
173,upstream,1998,173,False,64
173,upstream,1999,161,False,129
173,upstream,2000,192,False,167
173,upstream,2001,120,False,65
173,upstream,2002,0,False,0
173,upstream,2003,75,False,109
173,upstream,2004,207,False,133
173,upstream,2005,230,False,97
173,upstream,2006,235,False,123
173,upstream,2007,199,False,128
173,upstream,2008,268,False,61
173,upstream,2009,256,False,105
173,upstream,2010,227,False,131
173,upstream,2011,272,False,91
173,upstream,2012,222,False,138
173,upstream,2013,249,False,111
173,upstream,2014,184,False,172
173,upstream,2015,235,False,116
173,upstream,2016,228,False,133
173,upstream,2017,233,False,123
173,upstream,2018,161,False,192
173,upstream,2019,232,False,116
1733,cars,1980,243,False,0
1733,cars,1981,365,True,0
1733,cars,1982,365,True,0
1733,cars,1983,365,True,0
1733,cars,1984,366,True,0
1733,cars,1985,365,True,0
1733,cars,1986,365,True,0
1733,cars,1987,365,True,0
1733,cars,1988,366,True,0
1733,cars,1989,365,True,0
1733,cars,1990,365,True,0
1733,cars,1991,365,True,0
1733,cars,1992,366,True,0
1733,cars,1993,365,True,0
1733,cars,1994,365,True,0
1733,cars,1995,365,True,0
1733,cars,1996,366,True,0
1733,cars,1997,365,True,0
1733,cars,1998,365,True,0
1733,cars,1999,365,True,0
1733,cars,2000,366,True,0
1733,cars,2001,365,True,0
1733,cars,2002,365,True,0
1733,cars,2003,365,True,0
1733,cars,2004,366,True,0
1733,cars,2005,365,True,0
1733,cars,2006,365,True,0
1733,cars,2007,365,True,0
1733,cars,2008,366,True,0
1733,cars,2009,356,True,0
1733,cars,2010,290,False,0
1733,cars,2011,365,True,0
1733,cars,2012,361,True,0
1733,cars,2013,363,True,0
1733,cars,2014,365,True,0
1733,cars,2015,365,True,0
1733,cars,2016,366,True,0
1733,cars,2017,365,True,0
1733,cars,2018,57,False,0
1733,cars,2019,0,False,0
1733,upstream,1980,243,False,0
1733,upstream,1981,365,True,0
1733,upstream,1982,365,True,0
1733,upstream,1983,365,True,0
1733,upstream,1984,366,True,0
1733,upstream,1985,365,True,0
1733,upstream,1986,365,True,0
1733,upstream,1987,365,True,0
1733,upstream,1988,366,True,0
1733,upstream,1989,365,True,0
1733,upstream,1990,365,True,0
1733,upstream,1991,365,True,0
1733,upstream,1992,366,True,0
1733,upstream,1993,365,True,0
1733,upstream,1994,364,True,0
1733,upstream,1995,365,True,0
1733,upstream,1996,366,True,0
1733,upstream,1997,365,True,0
1733,upstream,1998,365,True,0
1733,upstream,1999,365,True,0
1733,upstream,2000,366,True,0
1733,upstream,2001,364,True,0
1733,upstream,2002,365,True,0
1733,upstream,2003,365,True,0
1733,upstream,2004,366,True,0
1733,upstream,2005,365,True,0
1733,upstream,2006,365,True,0
1733,upstream,2007,365,True,0
1733,upstream,2008,366,True,0
1733,upstream,2009,353,True,0
1733,upstream,2010,287,False,0
1733,upstream,2011,365,True,0
1733,upstream,2012,360,True,0
1733,upstream,2013,361,True,0
1733,upstream,2014,365,True,0
1733,upstream,2015,363,True,0
1733,upstream,2016,366,True,0
1733,upstream,2017,362,True,0
1733,upstream,2018,57,False,0
1733,upstream,2019,0,False,0
1735,cars,1980,366,True,0
1735,cars,1981,365,True,0
1735,cars,1982,365,True,0
1735,cars,1983,365,True,0
1735,cars,1984,366,True,0
1735,cars,1985,355,True,0
1735,cars,1986,364,True,0
1735,cars,1987,355,True,0
1735,cars,1988,366,True,0
1735,cars,1989,365,True,0
1735,cars,1990,365,True,0
1735,cars,1991,365,True,0
1735,cars,1992,366,True,0
1735,cars,1993,365,True,0
1735,cars,1994,365,True,0
1735,cars,1995,365,True,0
1735,cars,1996,366,True,0
1735,cars,1997,365,True,0
1735,cars,1998,365,True,0
1735,cars,1999,365,True,0
1735,cars,2000,366,True,0
1735,cars,2001,365,True,0
1735,cars,2002,365,True,0
1735,cars,2003,173,False,0
1735,cars,2004,191,False,0
1735,cars,2005,365,True,0
1735,cars,2006,365,True,0
1735,cars,2007,365,True,0
1735,cars,2008,366,True,0
1735,cars,2009,365,True,0
1735,cars,2010,365,True,0
1735,cars,2011,363,True,0
1735,cars,2012,366,True,0
1735,cars,2013,353,True,0
1735,cars,2014,365,True,0
1735,cars,2015,365,True,0
1735,cars,2016,366,True,0
1735,cars,2017,365,True,0
1735,cars,2018,58,False,0
1735,cars,2019,0,False,0
1735,upstream,1980,366,True,0
1735,upstream,1981,365,True,0
1735,upstream,1982,365,True,0
1735,upstream,1983,365,True,0
1735,upstream,1984,366,True,0
1735,upstream,1985,261,False,0
1735,upstream,1986,359,True,0
1735,upstream,1987,218,False,0
1735,upstream,1988,183,False,0
1735,upstream,1989,314,False,0
1735,upstream,1990,365,True,0
1735,upstream,1991,365,True,0
1735,upstream,1992,365,True,0
1735,upstream,1993,365,True,0
1735,upstream,1994,365,True,0
1735,upstream,1995,365,True,0
1735,upstream,1996,366,True,0
1735,upstream,1997,365,True,0
1735,upstream,1998,365,True,0
1735,upstream,1999,365,True,0
1735,upstream,2000,366,True,0
1735,upstream,2001,364,True,0
1735,upstream,2002,365,True,0
1735,upstream,2003,128,False,0
1735,upstream,2004,151,False,0
1735,upstream,2005,365,True,0
1735,upstream,2006,365,True,0
1735,upstream,2007,365,True,0
1735,upstream,2008,365,True,0
1735,upstream,2009,365,True,0
1735,upstream,2010,364,True,0
1735,upstream,2011,362,True,0
1735,upstream,2012,366,True,0
1735,upstream,2013,347,True,0
1735,upstream,2014,365,True,0
1735,upstream,2015,361,True,0
1735,upstream,2016,366,True,0
1735,upstream,2017,365,True,0
1735,upstream,2018,58,False,0
1735,upstream,2019,0,False,0
1739,cars,1980,0,False,0
1739,cars,1981,0,False,0
1739,cars,1982,0,False,0
1739,cars,1983,276,False,0
1739,cars,1984,366,True,0
1739,cars,1985,365,True,0
1739,cars,1986,365,True,0
1739,cars,1987,365,True,0
1739,cars,1988,366,True,0
1739,cars,1989,365,True,0
1739,cars,1990,365,True,0
1739,cars,1991,365,True,0
1739,cars,1992,366,True,0
1739,cars,1993,365,True,0
1739,cars,1994,365,True,0
1739,cars,1995,365,True,0
1739,cars,1996,366,True,0
1739,cars,1997,365,True,0
1739,cars,1998,365,True,0
1739,cars,1999,365,True,0
1739,cars,2000,366,True,0
1739,cars,2001,365,True,0
1739,cars,2002,365,True,0
1739,cars,2003,365,True,0
1739,cars,2004,366,True,0
1739,cars,2005,365,True,0
1739,cars,2006,365,True,0
1739,cars,2007,365,True,0
1739,cars,2008,366,True,0
1739,cars,2009,365,True,0
1739,cars,2010,365,True,0
1739,cars,2011,365,True,0
1739,cars,2012,366,True,0
1739,cars,2013,365,True,0
1739,cars,2014,365,True,0
1739,cars,2015,365,True,0
1739,cars,2016,366,True,0
1739,cars,2017,365,True,0
1739,cars,2018,365,True,0
1739,cars,2019,365,True,0
1739,upstream,1980,0,False,0
1739,upstream,1981,0,False,0
1739,upstream,1982,0,False,0
1739,upstream,1983,275,False,0
1739,upstream,1984,366,True,0
1739,upstream,1985,365,True,0
1739,upstream,1986,365,True,0
1739,upstream,1987,365,True,0
1739,upstream,1988,366,True,0
1739,upstream,1989,365,True,0
1739,upstream,1990,365,True,0
1739,upstream,1991,365,True,0
1739,upstream,1992,366,True,0
1739,upstream,1993,365,True,0
1739,upstream,1994,365,True,0
1739,upstream,1995,365,True,0
1739,upstream,1996,366,True,0
1739,upstream,1997,365,True,0
1739,upstream,1998,365,True,0
1739,upstream,1999,365,True,0
1739,upstream,2000,366,True,0
1739,upstream,2001,365,True,0
1739,upstream,2002,365,True,0
1739,upstream,2003,365,True,0
1739,upstream,2004,366,True,0
1739,upstream,2005,365,True,0
1739,upstream,2006,365,True,0
1739,upstream,2007,365,True,0
1739,upstream,2008,366,True,0
1739,upstream,2009,365,True,0
1739,upstream,2010,365,True,0
1739,upstream,2011,365,True,0
1739,upstream,2012,366,True,0
1739,upstream,2013,365,True,0
1739,upstream,2014,365,True,0
1739,upstream,2015,365,True,0
1739,upstream,2016,366,True,0
1739,upstream,2017,365,True,0
1739,upstream,2018,365,True,0
1739,upstream,2019,365,True,0
1740,cars,1980,0,False,0
1740,cars,1981,0,False,0
1740,cars,1982,0,False,0
1740,cars,1983,274,False,0
1740,cars,1984,366,True,0
1740,cars,1985,365,True,0
1740,cars,1986,365,True,0
1740,cars,1987,365,True,0
1740,cars,1988,366,True,0
1740,cars,1989,365,True,0
1740,cars,1990,365,True,0
1740,cars,1991,365,True,0
1740,cars,1992,366,True,0
1740,cars,1993,365,True,0
1740,cars,1994,365,True,0
1740,cars,1995,365,True,0
1740,cars,1996,366,True,0
1740,cars,1997,364,True,0
1740,cars,1998,365,True,0
1740,cars,1999,365,True,0
1740,cars,2000,366,True,0
1740,cars,2001,365,True,0
1740,cars,2002,365,True,0
1740,cars,2003,365,True,0
1740,cars,2004,366,True,0
1740,cars,2005,365,True,0
1740,cars,2006,365,True,0
1740,cars,2007,365,True,0
1740,cars,2008,366,True,0
1740,cars,2009,365,True,0
1740,cars,2010,365,True,0
1740,cars,2011,365,True,0
1740,cars,2012,366,True,0
1740,cars,2013,365,True,0
1740,cars,2014,365,True,0
1740,cars,2015,365,True,0
1740,cars,2016,366,True,0
1740,cars,2017,365,True,0
1740,cars,2018,365,True,0
1740,cars,2019,365,True,0
1740,upstream,1980,0,False,0
1740,upstream,1981,0,False,0
1740,upstream,1982,0,False,0
1740,upstream,1983,274,False,0
1740,upstream,1984,366,True,0
1740,upstream,1985,365,True,0
1740,upstream,1986,365,True,0
1740,upstream,1987,365,True,0
1740,upstream,1988,366,True,0
1740,upstream,1989,365,True,0
1740,upstream,1990,365,True,0
1740,upstream,1991,365,True,0
1740,upstream,1992,366,True,0
1740,upstream,1993,365,True,0
1740,upstream,1994,365,True,0
1740,upstream,1995,364,True,0
1740,upstream,1996,366,True,0
1740,upstream,1997,363,True,0
1740,upstream,1998,365,True,0
1740,upstream,1999,365,True,0
1740,upstream,2000,366,True,0
1740,upstream,2001,365,True,0
1740,upstream,2002,365,True,0
1740,upstream,2003,365,True,0
1740,upstream,2004,366,True,0
1740,upstream,2005,365,True,0
1740,upstream,2006,365,True,0
1740,upstream,2007,365,True,0
1740,upstream,2008,366,True,0
1740,upstream,2009,365,True,0
1740,upstream,2010,365,True,0
1740,upstream,2011,365,True,0
1740,upstream,2012,366,True,0
1740,upstream,2013,365,True,0
1740,upstream,2014,365,True,0
1740,upstream,2015,365,True,0
1740,upstream,2016,366,True,0
1740,upstream,2017,365,True,0
1740,upstream,2018,365,True,0
1740,upstream,2019,365,True,0
1741,cars,1980,0,False,0
1741,cars,1981,0,False,0
1741,cars,1982,0,False,0
1741,cars,1983,274,False,0
1741,cars,1984,366,True,0
1741,cars,1985,365,True,0
1741,cars,1986,365,True,0
1741,cars,1987,365,True,0
1741,cars,1988,366,True,0
1741,cars,1989,365,True,0
1741,cars,1990,365,True,0
1741,cars,1991,365,True,0
1741,cars,1992,366,True,0
1741,cars,1993,365,True,0
1741,cars,1994,365,True,0
1741,cars,1995,365,True,0
1741,cars,1996,366,True,0
1741,cars,1997,364,True,0
1741,cars,1998,365,True,0
1741,cars,1999,365,True,0
1741,cars,2000,366,True,0
1741,cars,2001,365,True,0
1741,cars,2002,365,True,0
1741,cars,2003,365,True,0
1741,cars,2004,366,True,0
1741,cars,2005,365,True,0
1741,cars,2006,365,True,0
1741,cars,2007,365,True,0
1741,cars,2008,366,True,0
1741,cars,2009,365,True,0
1741,cars,2010,365,True,0
1741,cars,2011,365,True,0
1741,cars,2012,366,True,0
1741,cars,2013,365,True,0
1741,cars,2014,365,True,0
1741,cars,2015,365,True,0
1741,cars,2016,366,True,0
1741,cars,2017,365,True,0
1741,cars,2018,365,True,0
1741,cars,2019,365,True,0
1741,upstream,1980,0,False,0
1741,upstream,1981,0,False,0
1741,upstream,1982,0,False,0
1741,upstream,1983,274,False,0
1741,upstream,1984,366,True,0
1741,upstream,1985,365,True,0
1741,upstream,1986,365,True,0
1741,upstream,1987,365,True,0
1741,upstream,1988,366,True,0
1741,upstream,1989,365,True,0
1741,upstream,1990,365,True,0
1741,upstream,1991,365,True,0
1741,upstream,1992,366,True,0
1741,upstream,1993,365,True,0
1741,upstream,1994,365,True,0
1741,upstream,1995,364,True,0
1741,upstream,1996,366,True,0
1741,upstream,1997,363,True,0
1741,upstream,1998,365,True,0
1741,upstream,1999,365,True,0
1741,upstream,2000,366,True,0
1741,upstream,2001,364,True,0
1741,upstream,2002,365,True,0
1741,upstream,2003,365,True,0
1741,upstream,2004,366,True,0
1741,upstream,2005,365,True,0
1741,upstream,2006,365,True,0
1741,upstream,2007,365,True,0
1741,upstream,2008,366,True,0
1741,upstream,2009,365,True,0
1741,upstream,2010,365,True,0
1741,upstream,2011,365,True,0
1741,upstream,2012,366,True,0
1741,upstream,2013,365,True,0
1741,upstream,2014,365,True,0
1741,upstream,2015,365,True,0
1741,upstream,2016,366,True,0
1741,upstream,2017,365,True,0
1741,upstream,2018,365,True,0
1741,upstream,2019,365,True,0
1742,cars,1980,366,True,0
1742,cars,1981,365,True,0
1742,cars,1982,365,True,0
1742,cars,1983,365,True,0
1742,cars,1984,366,True,0
1742,cars,1985,365,True,0
1742,cars,1986,365,True,0
1742,cars,1987,365,True,0
1742,cars,1988,366,True,0
1742,cars,1989,365,True,0
1742,cars,1990,365,True,0
1742,cars,1991,365,True,0
1742,cars,1992,366,True,0
1742,cars,1993,365,True,0
1742,cars,1994,365,True,0
1742,cars,1995,365,True,0
1742,cars,1996,366,True,0
1742,cars,1997,365,True,0
1742,cars,1998,365,True,0
1742,cars,1999,365,True,0
1742,cars,2000,366,True,0
1742,cars,2001,365,True,0
1742,cars,2002,365,True,0
1742,cars,2003,365,True,0
1742,cars,2004,366,True,0
1742,cars,2005,365,True,0
1742,cars,2006,365,True,0
1742,cars,2007,365,True,0
1742,cars,2008,366,True,0
1742,cars,2009,365,True,0
1742,cars,2010,365,True,0
1742,cars,2011,365,True,0
1742,cars,2012,366,True,0
1742,cars,2013,363,True,0
1742,cars,2014,365,True,0
1742,cars,2015,365,True,0
1742,cars,2016,366,True,0
1742,cars,2017,365,True,0
1742,cars,2018,57,False,0
1742,cars,2019,0,False,0
1742,upstream,1980,366,True,0
1742,upstream,1981,365,True,0
1742,upstream,1982,365,True,0
1742,upstream,1983,365,True,0
1742,upstream,1984,366,True,0
1742,upstream,1985,365,True,0
1742,upstream,1986,365,True,0
1742,upstream,1987,365,True,0
1742,upstream,1988,366,True,0
1742,upstream,1989,365,True,0
1742,upstream,1990,365,True,0
1742,upstream,1991,365,True,0
1742,upstream,1992,366,True,0
1742,upstream,1993,365,True,0
1742,upstream,1994,365,True,0
1742,upstream,1995,365,True,0
1742,upstream,1996,366,True,0
1742,upstream,1997,365,True,0
1742,upstream,1998,365,True,0
1742,upstream,1999,365,True,0
1742,upstream,2000,366,True,0
1742,upstream,2001,365,True,0
1742,upstream,2002,365,True,0
1742,upstream,2003,365,True,0
1742,upstream,2004,366,True,0
1742,upstream,2005,363,True,0
1742,upstream,2006,365,True,0
1742,upstream,2007,365,True,0
1742,upstream,2008,366,True,0
1742,upstream,2009,365,True,0
1742,upstream,2010,365,True,0
1742,upstream,2011,365,True,0
1742,upstream,2012,366,True,0
1742,upstream,2013,359,True,0
1742,upstream,2014,364,True,0
1742,upstream,2015,365,True,0
1742,upstream,2016,364,True,0
1742,upstream,2017,365,True,0
1742,upstream,2018,57,False,0
1742,upstream,2019,0,False,0
1744,cars,1980,0,False,0
1744,cars,1981,0,False,0
1744,cars,1982,0,False,0
1744,cars,1983,276,False,0
1744,cars,1984,366,True,0
1744,cars,1985,365,True,0
1744,cars,1986,365,True,0
1744,cars,1987,365,True,0
1744,cars,1988,366,True,0
1744,cars,1989,365,True,0
1744,cars,1990,365,True,0
1744,cars,1991,365,True,0
1744,cars,1992,366,True,0
1744,cars,1993,365,True,0
1744,cars,1994,363,True,0
1744,cars,1995,365,True,0
1744,cars,1996,366,True,0
1744,cars,1997,364,True,0
1744,cars,1998,365,True,0
1744,cars,1999,365,True,0
1744,cars,2000,366,True,0
1744,cars,2001,365,True,0
1744,cars,2002,365,True,0
1744,cars,2003,365,True,0
1744,cars,2004,366,True,0
1744,cars,2005,365,True,0
1744,cars,2006,365,True,0
1744,cars,2007,365,True,0
1744,cars,2008,366,True,0
1744,cars,2009,365,True,0
1744,cars,2010,365,True,0
1744,cars,2011,365,True,0
1744,cars,2012,366,True,0
1744,cars,2013,365,True,0
1744,cars,2014,365,True,0
1744,cars,2015,365,True,0
1744,cars,2016,366,True,0
1744,cars,2017,365,True,0
1744,cars,2018,365,True,0
1744,cars,2019,365,True,0
1744,upstream,1980,0,False,0
1744,upstream,1981,0,False,0
1744,upstream,1982,0,False,0
1744,upstream,1983,275,False,0
1744,upstream,1984,366,True,0
1744,upstream,1985,365,True,0
1744,upstream,1986,365,True,0
1744,upstream,1987,365,True,0
1744,upstream,1988,366,True,0
1744,upstream,1989,365,True,0
1744,upstream,1990,365,True,0
1744,upstream,1991,365,True,0
1744,upstream,1992,366,True,0
1744,upstream,1993,365,True,0
1744,upstream,1994,362,True,0
1744,upstream,1995,365,True,0
1744,upstream,1996,366,True,0
1744,upstream,1997,363,True,0
1744,upstream,1998,365,True,0
1744,upstream,1999,365,True,0
1744,upstream,2000,366,True,0
1744,upstream,2001,365,True,0
1744,upstream,2002,365,True,0
1744,upstream,2003,365,True,0
1744,upstream,2004,366,True,0
1744,upstream,2005,365,True,0
1744,upstream,2006,365,True,0
1744,upstream,2007,365,True,0
1744,upstream,2008,366,True,0
1744,upstream,2009,365,True,0
1744,upstream,2010,365,True,0
1744,upstream,2011,365,True,0
1744,upstream,2012,366,True,0
1744,upstream,2013,365,True,0
1744,upstream,2014,365,True,0
1744,upstream,2015,365,True,0
1744,upstream,2016,366,True,0
1744,upstream,2017,365,True,0
1744,upstream,2018,365,True,0
1744,upstream,2019,365,True,0
1752,cars,1980,366,True,0
1752,cars,1981,363,True,0
1752,cars,1982,363,True,0
1752,cars,1983,363,True,0
1752,cars,1984,366,True,0
1752,cars,1985,365,True,0
1752,cars,1986,365,True,0
1752,cars,1987,351,True,0
1752,cars,1988,366,True,0
1752,cars,1989,365,True,0
1752,cars,1990,365,True,0
1752,cars,1991,365,True,0
1752,cars,1992,366,True,0
1752,cars,1993,365,True,0
1752,cars,1994,365,True,0
1752,cars,1995,365,True,0
1752,cars,1996,366,True,0
1752,cars,1997,365,True,0
1752,cars,1998,365,True,0
1752,cars,1999,365,True,0
1752,cars,2000,366,True,0
1752,cars,2001,365,True,0
1752,cars,2002,365,True,0
1752,cars,2003,365,True,0
1752,cars,2004,366,True,0
1752,cars,2005,365,True,0
1752,cars,2006,365,True,0
1752,cars,2007,365,True,0
1752,cars,2008,366,True,0
1752,cars,2009,365,True,0
1752,cars,2010,365,True,0
1752,cars,2011,365,True,0
1752,cars,2012,366,True,0
1752,cars,2013,365,True,0
1752,cars,2014,365,True,0
1752,cars,2015,365,True,0
1752,cars,2016,366,True,0
1752,cars,2017,365,True,0
1752,cars,2018,365,True,0
1752,cars,2019,365,True,0
1752,upstream,1980,366,True,0
1752,upstream,1981,359,True,3
1752,upstream,1982,362,True,0
1752,upstream,1983,359,True,3
1752,upstream,1984,365,True,1
1752,upstream,1985,364,True,1
1752,upstream,1986,360,True,4
1752,upstream,1987,350,True,0
1752,upstream,1988,363,True,3
1752,upstream,1989,362,True,3
1752,upstream,1990,365,True,0
1752,upstream,1991,365,True,0
1752,upstream,1992,365,True,1
1752,upstream,1993,365,True,0
1752,upstream,1994,360,True,3
1752,upstream,1995,364,True,0
1752,upstream,1996,366,True,0
1752,upstream,1997,364,True,0
1752,upstream,1998,365,True,0
1752,upstream,1999,363,True,2
1752,upstream,2000,365,True,1
1752,upstream,2001,365,True,0
1752,upstream,2002,365,True,0
1752,upstream,2003,365,True,0
1752,upstream,2004,366,True,0
1752,upstream,2005,365,True,0
1752,upstream,2006,363,True,2
1752,upstream,2007,364,True,1
1752,upstream,2008,363,True,3
1752,upstream,2009,362,True,2
1752,upstream,2010,365,True,0
1752,upstream,2011,365,True,0
1752,upstream,2012,364,True,2
1752,upstream,2013,365,True,0
1752,upstream,2014,364,True,1
1752,upstream,2015,364,True,1
1752,upstream,2016,366,True,0
1752,upstream,2017,365,True,0
1752,upstream,2018,365,True,0
1752,upstream,2019,365,True,0
1753,cars,1980,366,True,0
1753,cars,1981,365,True,0
1753,cars,1982,365,True,0
1753,cars,1983,365,True,0
1753,cars,1984,366,True,0
1753,cars,1985,365,True,0
1753,cars,1986,365,True,0
1753,cars,1987,365,True,0
1753,cars,1988,366,True,0
1753,cars,1989,365,True,0
1753,cars,1990,365,True,0
1753,cars,1991,365,True,0
1753,cars,1992,366,True,0
1753,cars,1993,365,True,0
1753,cars,1994,365,True,0
1753,cars,1995,365,True,0
1753,cars,1996,366,True,0
1753,cars,1997,365,True,0
1753,cars,1998,365,True,0
1753,cars,1999,365,True,0
1753,cars,2000,366,True,0
1753,cars,2001,365,True,0
1753,cars,2002,365,True,0
1753,cars,2003,365,True,0
1753,cars,2004,366,True,0
1753,cars,2005,365,True,0
1753,cars,2006,365,True,0
1753,cars,2007,365,True,0
1753,cars,2008,366,True,0
1753,cars,2009,365,True,0
1753,cars,2010,365,True,0
1753,cars,2011,365,True,0
1753,cars,2012,366,True,0
1753,cars,2013,365,True,0
1753,cars,2014,365,True,0
1753,cars,2015,365,True,0
1753,cars,2016,366,True,0
1753,cars,2017,365,True,0
1753,cars,2018,365,True,0
1753,cars,2019,365,True,0
1753,upstream,1980,366,True,0
1753,upstream,1981,365,True,0
1753,upstream,1982,365,True,0
1753,upstream,1983,365,True,0
1753,upstream,1984,366,True,0
1753,upstream,1985,365,True,0
1753,upstream,1986,365,True,0
1753,upstream,1987,365,True,0
1753,upstream,1988,366,True,0
1753,upstream,1989,365,True,0
1753,upstream,1990,365,True,0
1753,upstream,1991,365,True,0
1753,upstream,1992,366,True,0
1753,upstream,1993,365,True,0
1753,upstream,1994,365,True,0
1753,upstream,1995,365,True,0
1753,upstream,1996,366,True,0
1753,upstream,1997,365,True,0
1753,upstream,1998,365,True,0
1753,upstream,1999,365,True,0
1753,upstream,2000,366,True,0
1753,upstream,2001,365,True,0
1753,upstream,2002,365,True,0
1753,upstream,2003,365,True,0
1753,upstream,2004,366,True,0
1753,upstream,2005,365,True,0
1753,upstream,2006,365,True,0
1753,upstream,2007,365,True,0
1753,upstream,2008,366,True,0
1753,upstream,2009,365,True,0
1753,upstream,2010,365,True,0
1753,upstream,2011,365,True,0
1753,upstream,2012,366,True,0
1753,upstream,2013,365,True,0
1753,upstream,2014,365,True,0
1753,upstream,2015,365,True,0
1753,upstream,2016,366,True,0
1753,upstream,2017,365,True,0
1753,upstream,2018,365,True,0
1753,upstream,2019,365,True,0
1754,cars,1980,366,True,0
1754,cars,1981,362,True,0
1754,cars,1982,363,True,0
1754,cars,1983,363,True,0
1754,cars,1984,365,True,0
1754,cars,1985,365,True,0
1754,cars,1986,362,True,0
1754,cars,1987,349,True,0
1754,cars,1988,363,True,0
1754,cars,1989,365,True,0
1754,cars,1990,365,True,0
1754,cars,1991,365,True,0
1754,cars,1992,366,True,0
1754,cars,1993,364,True,0
1754,cars,1994,365,True,0
1754,cars,1995,365,True,0
1754,cars,1996,366,True,0
1754,cars,1997,365,True,0
1754,cars,1998,360,True,0
1754,cars,1999,349,True,0
1754,cars,2000,361,True,0
1754,cars,2001,365,True,0
1754,cars,2002,362,True,0
1754,cars,2003,365,True,0
1754,cars,2004,366,True,0
1754,cars,2005,363,True,0
1754,cars,2006,365,True,0
1754,cars,2007,362,True,0
1754,cars,2008,363,True,0
1754,cars,2009,365,True,0
1754,cars,2010,365,True,0
1754,cars,2011,363,True,0
1754,cars,2012,360,True,0
1754,cars,2013,365,True,0
1754,cars,2014,365,True,0
1754,cars,2015,365,True,0
1754,cars,2016,366,True,0
1754,cars,2017,357,True,0
1754,cars,2018,365,True,0
1754,cars,2019,365,True,0
1754,upstream,1980,279,False,87
1754,upstream,1981,273,False,89
1754,upstream,1982,321,False,41
1754,upstream,1983,306,False,56
1754,upstream,1984,305,False,61
1754,upstream,1985,306,False,59
1754,upstream,1986,300,False,65
1754,upstream,1987,266,False,84
1754,upstream,1988,245,False,121
1754,upstream,1989,333,True,32
1754,upstream,1990,323,False,42
1754,upstream,1991,333,True,32
1754,upstream,1992,327,False,39
1754,upstream,1993,319,False,46
1754,upstream,1994,321,False,43
1754,upstream,1995,284,False,80
1754,upstream,1996,326,False,40
1754,upstream,1997,308,False,57
1754,upstream,1998,306,False,59
1754,upstream,1999,234,False,131
1754,upstream,2000,274,False,92
1754,upstream,2001,273,False,92
1754,upstream,2002,266,False,99
1754,upstream,2003,337,True,28
1754,upstream,2004,340,True,26
1754,upstream,2005,289,False,76
1754,upstream,2006,271,False,94
1754,upstream,2007,264,False,101
1754,upstream,2008,246,False,120
1754,upstream,2009,287,False,78
1754,upstream,2010,306,False,59
1754,upstream,2011,302,False,63
1754,upstream,2012,291,False,74
1754,upstream,2013,326,False,38
1754,upstream,2014,303,False,61
1754,upstream,2015,317,False,48
1754,upstream,2016,309,False,57
1754,upstream,2017,292,False,73
1754,upstream,2018,338,True,27
1754,upstream,2019,322,False,42
1755,cars,1980,0,False,0
1755,cars,1981,0,False,0
1755,cars,1982,0,False,0
1755,cars,1983,274,False,0
1755,cars,1984,366,True,0
1755,cars,1985,365,True,0
1755,cars,1986,365,True,0
1755,cars,1987,365,True,0
1755,cars,1988,366,True,0
1755,cars,1989,365,True,0
1755,cars,1990,365,True,0
1755,cars,1991,365,True,0
1755,cars,1992,366,True,0
1755,cars,1993,365,True,0
1755,cars,1994,365,True,0
1755,cars,1995,365,True,0
1755,cars,1996,366,True,0
1755,cars,1997,365,True,0
1755,cars,1998,365,True,0
1755,cars,1999,365,True,0
1755,cars,2000,366,True,0
1755,cars,2001,365,True,0
1755,cars,2002,365,True,0
1755,cars,2003,365,True,0
1755,cars,2004,366,True,0
1755,cars,2005,365,True,0
1755,cars,2006,365,True,0
1755,cars,2007,365,True,0
1755,cars,2008,366,True,0
1755,cars,2009,365,True,0
1755,cars,2010,365,True,0
1755,cars,2011,365,True,0
1755,cars,2012,366,True,0
1755,cars,2013,365,True,0
1755,cars,2014,365,True,0
1755,cars,2015,365,True,0
1755,cars,2016,366,True,0
1755,cars,2017,365,True,0
1755,cars,2018,365,True,0
1755,cars,2019,365,True,0
1755,upstream,1980,0,False,0
1755,upstream,1981,0,False,0
1755,upstream,1982,0,False,0
1755,upstream,1983,274,False,0
1755,upstream,1984,366,True,0
1755,upstream,1985,365,True,0
1755,upstream,1986,365,True,0
1755,upstream,1987,365,True,0
1755,upstream,1988,366,True,0
1755,upstream,1989,365,True,0
1755,upstream,1990,365,True,0
1755,upstream,1991,365,True,0
1755,upstream,1992,366,True,0
1755,upstream,1993,365,True,0
1755,upstream,1994,365,True,0
1755,upstream,1995,364,True,0
1755,upstream,1996,366,True,0
1755,upstream,1997,363,True,0
1755,upstream,1998,365,True,0
1755,upstream,1999,365,True,0
1755,upstream,2000,366,True,0
1755,upstream,2001,365,True,0
1755,upstream,2002,365,True,0
1755,upstream,2003,365,True,0
1755,upstream,2004,366,True,0
1755,upstream,2005,365,True,0
1755,upstream,2006,365,True,0
1755,upstream,2007,365,True,0
1755,upstream,2008,366,True,0
1755,upstream,2009,365,True,0
1755,upstream,2010,365,True,0
1755,upstream,2011,365,True,0
1755,upstream,2012,366,True,0
1755,upstream,2013,365,True,0
1755,upstream,2014,365,True,0
1755,upstream,2015,365,True,0
1755,upstream,2016,366,True,0
1755,upstream,2017,365,True,0
1755,upstream,2018,365,True,0
1755,upstream,2019,365,True,0
1756,cars,1980,366,True,0
1756,cars,1981,365,True,0
1756,cars,1982,363,True,0
1756,cars,1983,365,True,0
1756,cars,1984,366,True,0
1756,cars,1985,365,True,0
1756,cars,1986,365,True,0
1756,cars,1987,365,True,0
1756,cars,1988,366,True,0
1756,cars,1989,365,True,0
1756,cars,1990,365,True,0
1756,cars,1991,365,True,0
1756,cars,1992,366,True,0
1756,cars,1993,365,True,0
1756,cars,1994,365,True,0
1756,cars,1995,365,True,0
1756,cars,1996,366,True,0
1756,cars,1997,365,True,0
1756,cars,1998,365,True,0
1756,cars,1999,365,True,0
1756,cars,2000,366,True,0
1756,cars,2001,365,True,0
1756,cars,2002,365,True,0
1756,cars,2003,365,True,0
1756,cars,2004,366,True,0
1756,cars,2005,365,True,0
1756,cars,2006,365,True,0
1756,cars,2007,363,True,0
1756,cars,2008,366,True,0
1756,cars,2009,365,True,0
1756,cars,2010,365,True,0
1756,cars,2011,365,True,0
1756,cars,2012,366,True,0
1756,cars,2013,365,True,0
1756,cars,2014,365,True,0
1756,cars,2015,365,True,0
1756,cars,2016,366,True,0
1756,cars,2017,365,True,0
1756,cars,2018,365,True,0
1756,cars,2019,365,True,0
1756,upstream,1980,322,False,44
1756,upstream,1981,326,False,39
1756,upstream,1982,353,True,9
1756,upstream,1983,332,True,33
1756,upstream,1984,331,True,35
1756,upstream,1985,349,True,16
1756,upstream,1986,342,True,23
1756,upstream,1987,325,False,40
1756,upstream,1988,301,False,65
1756,upstream,1989,352,True,13
1756,upstream,1990,337,True,28
1756,upstream,1991,338,True,27
1756,upstream,1992,347,True,19
1756,upstream,1993,333,True,32
1756,upstream,1994,353,True,12
1756,upstream,1995,298,False,67
1756,upstream,1996,351,True,15
1756,upstream,1997,322,False,43
1756,upstream,1998,322,False,43
1756,upstream,1999,282,False,83
1756,upstream,2000,302,False,64
1756,upstream,2001,306,False,59
1756,upstream,2002,315,False,50
1756,upstream,2003,359,True,6
1756,upstream,2004,363,True,3
1756,upstream,2005,335,True,30
1756,upstream,2006,331,True,34
1756,upstream,2007,334,True,31
1756,upstream,2008,339,True,27
1756,upstream,2009,358,True,7
1756,upstream,2010,356,True,9
1756,upstream,2011,351,True,14
1756,upstream,2012,353,True,13
1756,upstream,2013,362,True,3
1756,upstream,2014,344,True,21
1756,upstream,2015,349,True,16
1756,upstream,2016,347,True,19
1756,upstream,2017,323,False,42
1756,upstream,2018,352,True,13
1756,upstream,2019,355,True,9
1761,cars,1980,366,True,0
1761,cars,1981,365,True,0
1761,cars,1982,365,True,0
1761,cars,1983,365,True,0
1761,cars,1984,366,True,0
1761,cars,1985,365,True,0
1761,cars,1986,365,True,0
1761,cars,1987,365,True,0
1761,cars,1988,366,True,0
1761,cars,1989,365,True,0
1761,cars,1990,365,True,0
1761,cars,1991,365,True,0
1761,cars,1992,366,True,0
1761,cars,1993,365,True,0
1761,cars,1994,365,True,0
1761,cars,1995,365,True,0
1761,cars,1996,366,True,0
1761,cars,1997,365,True,0
1761,cars,1998,365,True,0
1761,cars,1999,365,True,0
1761,cars,2000,366,True,0
1761,cars,2001,365,True,0
1761,cars,2002,365,True,0
1761,cars,2003,365,True,0
1761,cars,2004,366,True,0
1761,cars,2005,365,True,0
1761,cars,2006,365,True,0
1761,cars,2007,365,True,0
1761,cars,2008,366,True,0
1761,cars,2009,365,True,0
1761,cars,2010,365,True,0
1761,cars,2011,365,True,0
1761,cars,2012,366,True,0
1761,cars,2013,365,True,0
1761,cars,2014,365,True,0
1761,cars,2015,365,True,0
1761,cars,2016,366,True,0
1761,cars,2017,365,True,0
1761,cars,2018,365,True,0
1761,cars,2019,365,True,0
1761,upstream,1980,366,True,0
1761,upstream,1981,365,True,0
1761,upstream,1982,365,True,0
1761,upstream,1983,365,True,0
1761,upstream,1984,366,True,0
1761,upstream,1985,365,True,0
1761,upstream,1986,365,True,0
1761,upstream,1987,365,True,0
1761,upstream,1988,366,True,0
1761,upstream,1989,365,True,0
1761,upstream,1990,365,True,0
1761,upstream,1991,365,True,0
1761,upstream,1992,366,True,0
1761,upstream,1993,365,True,0
1761,upstream,1994,365,True,0
1761,upstream,1995,364,True,0
1761,upstream,1996,366,True,0
1761,upstream,1997,365,True,0
1761,upstream,1998,365,True,0
1761,upstream,1999,365,True,0
1761,upstream,2000,361,True,5
1761,upstream,2001,356,True,9
1761,upstream,2002,324,False,41
1761,upstream,2003,361,True,4
1761,upstream,2004,364,True,2
1761,upstream,2005,355,True,10
1761,upstream,2006,336,True,29
1761,upstream,2007,360,True,5
1761,upstream,2008,359,True,7
1761,upstream,2009,365,True,0
1761,upstream,2010,359,True,6
1761,upstream,2011,363,True,2
1761,upstream,2012,360,True,6
1761,upstream,2013,360,True,5
1761,upstream,2014,364,True,1
1761,upstream,2015,365,True,0
1761,upstream,2016,366,True,0
1761,upstream,2017,363,True,2
1761,upstream,2018,362,True,3
1761,upstream,2019,363,True,2
1762,cars,1980,364,True,0
1762,cars,1981,363,True,0
1762,cars,1982,363,True,0
1762,cars,1983,363,True,0
1762,cars,1984,364,True,0
1762,cars,1985,362,True,0
1762,cars,1986,365,True,0
1762,cars,1987,348,True,0
1762,cars,1988,363,True,0
1762,cars,1989,365,True,0
1762,cars,1990,364,True,0
1762,cars,1991,365,True,0
1762,cars,1992,363,True,0
1762,cars,1993,360,True,0
1762,cars,1994,365,True,0
1762,cars,1995,365,True,0
1762,cars,1996,366,True,0
1762,cars,1997,363,True,0
1762,cars,1998,359,True,0
1762,cars,1999,334,True,0
1762,cars,2000,349,True,0
1762,cars,2001,362,True,0
1762,cars,2002,355,True,0
1762,cars,2003,365,True,0
1762,cars,2004,366,True,0
1762,cars,2005,342,True,0
1762,cars,2006,352,True,0
1762,cars,2007,338,True,0
1762,cars,2008,334,True,0
1762,cars,2009,352,True,0
1762,cars,2010,360,True,0
1762,cars,2011,345,True,0
1762,cars,2012,364,True,0
1762,cars,2013,365,True,0
1762,cars,2014,363,True,0
1762,cars,2015,365,True,0
1762,cars,2016,366,True,0
1762,cars,2017,348,True,0
1762,cars,2018,365,True,0
1762,cars,2019,365,True,0
1762,upstream,1980,283,False,83
1762,upstream,1981,276,False,85
1762,upstream,1982,320,False,42
1762,upstream,1983,294,False,67
1762,upstream,1984,273,False,93
1762,upstream,1985,294,False,71
1762,upstream,1986,276,False,89
1762,upstream,1987,267,False,82
1762,upstream,1988,229,False,137
1762,upstream,1989,321,False,44
1762,upstream,1990,288,False,77
1762,upstream,1991,290,False,75
1762,upstream,1992,327,False,39
1762,upstream,1993,286,False,79
1762,upstream,1994,303,False,60
1762,upstream,1995,274,False,89
1762,upstream,1996,310,False,55
1762,upstream,1997,295,False,70
1762,upstream,1998,295,False,70
1762,upstream,1999,242,False,123
1762,upstream,2000,235,False,131
1762,upstream,2001,253,False,112
1762,upstream,2002,274,False,91
1762,upstream,2003,340,True,25
1762,upstream,2004,339,True,27
1762,upstream,2005,283,False,82
1762,upstream,2006,254,False,111
1762,upstream,2007,240,False,125
1762,upstream,2008,238,False,128
1762,upstream,2009,281,False,84
1762,upstream,2010,299,False,65
1762,upstream,2011,281,False,84
1762,upstream,2012,271,False,95
1762,upstream,2013,313,False,52
1762,upstream,2014,270,False,95
1762,upstream,2015,315,False,50
1762,upstream,2016,286,False,80
1762,upstream,2017,285,False,80
1762,upstream,2018,317,False,48
1762,upstream,2019,304,False,60
1768,cars,1980,366,True,0
1768,cars,1981,363,True,0
1768,cars,1982,363,True,0
1768,cars,1983,363,True,0
1768,cars,1984,366,True,0
1768,cars,1985,365,True,0
1768,cars,1986,365,True,0
1768,cars,1987,350,True,0
1768,cars,1988,366,True,0
1768,cars,1989,365,True,0
1768,cars,1990,365,True,0
1768,cars,1991,365,True,0
1768,cars,1992,366,True,0
1768,cars,1993,365,True,0
1768,cars,1994,365,True,0
1768,cars,1995,365,True,0
1768,cars,1996,366,True,0
1768,cars,1997,365,True,0
1768,cars,1998,365,True,0
1768,cars,1999,365,True,0
1768,cars,2000,366,True,0
1768,cars,2001,365,True,0
1768,cars,2002,365,True,0
1768,cars,2003,365,True,0
1768,cars,2004,366,True,0
1768,cars,2005,365,True,0
1768,cars,2006,365,True,0
1768,cars,2007,365,True,0
1768,cars,2008,366,True,0
1768,cars,2009,365,True,0
1768,cars,2010,365,True,0
1768,cars,2011,365,True,0
1768,cars,2012,366,True,0
1768,cars,2013,365,True,0
1768,cars,2014,365,True,0
1768,cars,2015,365,True,0
1768,cars,2016,366,True,0
1768,cars,2017,365,True,0
1768,cars,2018,365,True,0
1768,cars,2019,365,True,0
1768,upstream,1980,366,True,0
1768,upstream,1981,359,True,2
1768,upstream,1982,362,True,0
1768,upstream,1983,358,True,1
1768,upstream,1984,365,True,1
1768,upstream,1985,365,True,0
1768,upstream,1986,363,True,0
1768,upstream,1987,349,True,0
1768,upstream,1988,366,True,0
1768,upstream,1989,365,True,0
1768,upstream,1990,361,True,0
1768,upstream,1991,364,True,0
1768,upstream,1992,366,True,0
1768,upstream,1993,365,True,0
1768,upstream,1994,361,True,0
1768,upstream,1995,361,True,0
1768,upstream,1996,366,True,0
1768,upstream,1997,365,True,0
1768,upstream,1998,365,True,0
1768,upstream,1999,365,True,0
1768,upstream,2000,366,True,0
1768,upstream,2001,365,True,0
1768,upstream,2002,364,True,1
1768,upstream,2003,365,True,0
1768,upstream,2004,366,True,0
1768,upstream,2005,365,True,0
1768,upstream,2006,365,True,0
1768,upstream,2007,365,True,0
1768,upstream,2008,366,True,0
1768,upstream,2009,365,True,0
1768,upstream,2010,365,True,0
1768,upstream,2011,365,True,0
1768,upstream,2012,366,True,0
1768,upstream,2013,365,True,0
1768,upstream,2014,365,True,0
1768,upstream,2015,365,True,0
1768,upstream,2016,366,True,0
1768,upstream,2017,365,True,0
1768,upstream,2018,365,True,0
1768,upstream,2019,365,True,0
1775,cars,1980,366,True,0
1775,cars,1981,365,True,0
1775,cars,1982,362,True,0
1775,cars,1983,364,True,0
1775,cars,1984,366,True,0
1775,cars,1985,362,True,0
1775,cars,1986,365,True,0
1775,cars,1987,363,True,0
1775,cars,1988,358,True,0
1775,cars,1989,365,True,0
1775,cars,1990,364,True,0
1775,cars,1991,365,True,0
1775,cars,1992,366,True,0
1775,cars,1993,365,True,0
1775,cars,1994,365,True,0
1775,cars,1995,363,True,0
1775,cars,1996,366,True,0
1775,cars,1997,363,True,0
1775,cars,1998,343,True,0
1775,cars,1999,333,True,0
1775,cars,2000,363,True,0
1775,cars,2001,363,True,0
1775,cars,2002,364,True,0
1775,cars,2003,365,True,0
1775,cars,2004,366,True,0
1775,cars,2005,365,True,0
1775,cars,2006,362,True,0
1775,cars,2007,355,True,0
1775,cars,2008,354,True,0
1775,cars,2009,365,True,0
1775,cars,2010,358,True,0
1775,cars,2011,350,True,0
1775,cars,2012,366,True,0
1775,cars,2013,363,True,0
1775,cars,2014,361,True,0
1775,cars,2015,365,True,0
1775,cars,2016,351,True,0
1775,cars,2017,333,True,0
1775,cars,2018,358,True,0
1775,cars,2019,346,True,0
1775,upstream,1980,323,False,43
1775,upstream,1981,297,False,68
1775,upstream,1982,319,False,43
1775,upstream,1983,296,False,67
1775,upstream,1984,335,True,31
1775,upstream,1985,327,False,38
1775,upstream,1986,316,False,49
1775,upstream,1987,305,False,60
1775,upstream,1988,253,False,113
1775,upstream,1989,340,True,25
1775,upstream,1990,306,False,59
1775,upstream,1991,321,False,44
1775,upstream,1992,332,True,34
1775,upstream,1993,324,False,41
1775,upstream,1994,331,True,34
1775,upstream,1995,326,False,39
1775,upstream,1996,347,True,19
1775,upstream,1997,323,False,42
1775,upstream,1998,317,False,48
1775,upstream,1999,239,False,126
1775,upstream,2000,289,False,77
1775,upstream,2001,304,False,61
1775,upstream,2002,317,False,48
1775,upstream,2003,351,True,14
1775,upstream,2004,334,True,32
1775,upstream,2005,314,False,51
1775,upstream,2006,261,False,104
1775,upstream,2007,262,False,103
1775,upstream,2008,284,False,82
1775,upstream,2009,309,False,56
1775,upstream,2010,296,False,69
1775,upstream,2011,272,False,93
1775,upstream,2012,281,False,85
1775,upstream,2013,310,False,55
1775,upstream,2014,280,False,85
1775,upstream,2015,311,False,54
1775,upstream,2016,284,False,82
1775,upstream,2017,277,False,88
1775,upstream,2018,295,False,70
1775,upstream,2019,309,False,56
1776,cars,1980,366,True,0
1776,cars,1981,365,True,0
1776,cars,1982,365,True,0
1776,cars,1983,365,True,0
1776,cars,1984,366,True,0
1776,cars,1985,365,True,0
1776,cars,1986,365,True,0
1776,cars,1987,365,True,0
1776,cars,1988,366,True,0
1776,cars,1989,365,True,0
1776,cars,1990,365,True,0
1776,cars,1991,365,True,0
1776,cars,1992,366,True,0
1776,cars,1993,365,True,0
1776,cars,1994,365,True,0
1776,cars,1995,365,True,0
1776,cars,1996,366,True,0
1776,cars,1997,365,True,0
1776,cars,1998,365,True,0
1776,cars,1999,365,True,0
1776,cars,2000,366,True,0
1776,cars,2001,365,True,0
1776,cars,2002,365,True,0
1776,cars,2003,365,True,0
1776,cars,2004,366,True,0
1776,cars,2005,365,True,0
1776,cars,2006,365,True,0
1776,cars,2007,365,True,0
1776,cars,2008,366,True,0
1776,cars,2009,365,True,0
1776,cars,2010,365,True,0
1776,cars,2011,365,True,0
1776,cars,2012,366,True,0
1776,cars,2013,365,True,0
1776,cars,2014,365,True,0
1776,cars,2015,365,True,0
1776,cars,2016,366,True,0
1776,cars,2017,365,True,0
1776,cars,2018,365,True,0
1776,cars,2019,365,True,0
1776,upstream,1980,366,True,0
1776,upstream,1981,364,True,0
1776,upstream,1982,365,True,0
1776,upstream,1983,365,True,0
1776,upstream,1984,365,True,0
1776,upstream,1985,365,True,0
1776,upstream,1986,365,True,0
1776,upstream,1987,365,True,0
1776,upstream,1988,366,True,0
1776,upstream,1989,365,True,0
1776,upstream,1990,365,True,0
1776,upstream,1991,365,True,0
1776,upstream,1992,366,True,0
1776,upstream,1993,365,True,0
1776,upstream,1994,365,True,0
1776,upstream,1995,365,True,0
1776,upstream,1996,366,True,0
1776,upstream,1997,364,True,1
1776,upstream,1998,365,True,0
1776,upstream,1999,365,True,0
1776,upstream,2000,366,True,0
1776,upstream,2001,365,True,0
1776,upstream,2002,364,True,1
1776,upstream,2003,364,True,1
1776,upstream,2004,366,True,0
1776,upstream,2005,364,True,1
1776,upstream,2006,365,True,0
1776,upstream,2007,365,True,0
1776,upstream,2008,366,True,0
1776,upstream,2009,365,True,0
1776,upstream,2010,365,True,0
1776,upstream,2011,365,True,0
1776,upstream,2012,366,True,0
1776,upstream,2013,365,True,0
1776,upstream,2014,365,True,0
1776,upstream,2015,365,True,0
1776,upstream,2016,366,True,0
1776,upstream,2017,365,True,0
1776,upstream,2018,365,True,0
1776,upstream,2019,365,True,0
1777,cars,1980,366,True,0
1777,cars,1981,365,True,0
1777,cars,1982,363,True,0
1777,cars,1983,365,True,0
1777,cars,1984,366,True,0
1777,cars,1985,365,True,0
1777,cars,1986,365,True,0
1777,cars,1987,358,True,0
1777,cars,1988,366,True,0
1777,cars,1989,365,True,0
1777,cars,1990,365,True,0
1777,cars,1991,365,True,0
1777,cars,1992,366,True,0
1777,cars,1993,365,True,0
1777,cars,1994,365,True,0
1777,cars,1995,365,True,0
1777,cars,1996,366,True,0
1777,cars,1997,365,True,0
1777,cars,1998,365,True,0
1777,cars,1999,365,True,0
1777,cars,2000,366,True,0
1777,cars,2001,365,True,0
1777,cars,2002,365,True,0
1777,cars,2003,365,True,0
1777,cars,2004,366,True,0
1777,cars,2005,365,True,0
1777,cars,2006,365,True,0
1777,cars,2007,365,True,0
1777,cars,2008,366,True,0
1777,cars,2009,365,True,0
1777,cars,2010,365,True,0
1777,cars,2011,365,True,0
1777,cars,2012,366,True,0
1777,cars,2013,365,True,0
1777,cars,2014,365,True,0
1777,cars,2015,365,True,0
1777,cars,2016,366,True,0
1777,cars,2017,365,True,0
1777,cars,2018,365,True,0
1777,cars,2019,365,True,0
1777,upstream,1980,348,True,18
1777,upstream,1981,317,False,45
1777,upstream,1982,343,True,19
1777,upstream,1983,342,True,20
1777,upstream,1984,349,True,17
1777,upstream,1985,350,True,15
1777,upstream,1986,347,True,18
1777,upstream,1987,323,False,27
1777,upstream,1988,305,False,61
1777,upstream,1989,357,True,8
1777,upstream,1990,338,True,27
1777,upstream,1991,348,True,14
1777,upstream,1992,359,True,7
1777,upstream,1993,354,True,11
1777,upstream,1994,356,True,8
1777,upstream,1995,349,True,15
1777,upstream,1996,356,True,10
1777,upstream,1997,354,True,11
1777,upstream,1998,362,True,3
1777,upstream,1999,347,True,18
1777,upstream,2000,336,True,30
1777,upstream,2001,333,True,32
1777,upstream,2002,343,True,22
1777,upstream,2003,357,True,8
1777,upstream,2004,356,True,10
1777,upstream,2005,352,True,13
1777,upstream,2006,340,True,25
1777,upstream,2007,339,True,26
1777,upstream,2008,349,True,16
1777,upstream,2009,361,True,4
1777,upstream,2010,365,True,0
1777,upstream,2011,359,True,6
1777,upstream,2012,365,True,1
1777,upstream,2013,364,True,1
1777,upstream,2014,363,True,2
1777,upstream,2015,365,True,0
1777,upstream,2016,365,True,1
1777,upstream,2017,363,True,2
1777,upstream,2018,365,True,0
1777,upstream,2019,364,True,0
1782,cars,1980,0,False,0
1782,cars,1981,0,False,0
1782,cars,1982,0,False,0
1782,cars,1983,0,False,0
1782,cars,1984,305,False,0
1782,cars,1985,365,True,0
1782,cars,1986,365,True,0
1782,cars,1987,359,True,0
1782,cars,1988,364,True,0
1782,cars,1989,365,True,0
1782,cars,1990,365,True,0
1782,cars,1991,365,True,0
1782,cars,1992,366,True,0
1782,cars,1993,365,True,0
1782,cars,1994,365,True,0
1782,cars,1995,365,True,0
1782,cars,1996,366,True,0
1782,cars,1997,365,True,0
1782,cars,1998,364,True,0
1782,cars,1999,365,True,0
1782,cars,2000,366,True,0
1782,cars,2001,365,True,0
1782,cars,2002,359,True,0
1782,cars,2003,365,True,0
1782,cars,2004,366,True,0
1782,cars,2005,362,True,0
1782,cars,2006,353,True,0
1782,cars,2007,355,True,0
1782,cars,2008,365,True,0
1782,cars,2009,365,True,0
1782,cars,2010,356,True,0
1782,cars,2011,364,True,0
1782,cars,2012,366,True,0
1782,cars,2013,365,True,0
1782,cars,2014,357,True,0
1782,cars,2015,365,True,0
1782,cars,2016,366,True,0
1782,cars,2017,365,True,0
1782,cars,2018,365,True,0
1782,cars,2019,363,True,0
1782,upstream,1980,0,False,0
1782,upstream,1981,0,False,0
1782,upstream,1982,0,False,0
1782,upstream,1983,0,False,0
1782,upstream,1984,279,False,26
1782,upstream,1985,267,False,98
1782,upstream,1986,264,False,101
1782,upstream,1987,269,False,96
1782,upstream,1988,248,False,118
1782,upstream,1989,326,False,39
1782,upstream,1990,307,False,58
1782,upstream,1991,274,False,91
1782,upstream,1992,261,False,105
1782,upstream,1993,282,False,83
1782,upstream,1994,262,False,103
1782,upstream,1995,259,False,106
1782,upstream,1996,335,True,31
1782,upstream,1997,296,False,69
1782,upstream,1998,280,False,85
1782,upstream,1999,261,False,104
1782,upstream,2000,323,False,43
1782,upstream,2001,253,False,112
1782,upstream,2002,196,False,169
1782,upstream,2003,340,True,25
1782,upstream,2004,295,False,71
1782,upstream,2005,272,False,93
1782,upstream,2006,248,False,117
1782,upstream,2007,235,False,130
1782,upstream,2008,248,False,118
1782,upstream,2009,272,False,93
1782,upstream,2010,259,False,106
1782,upstream,2011,218,False,147
1782,upstream,2012,244,False,122
1782,upstream,2013,269,False,96
1782,upstream,2014,270,False,95
1782,upstream,2015,242,False,123
1782,upstream,2016,309,False,57
1782,upstream,2017,261,False,104
1782,upstream,2018,271,False,94
1782,upstream,2019,295,False,70
1796,cars,1980,366,True,0
1796,cars,1981,365,True,0
1796,cars,1982,365,True,0
1796,cars,1983,365,True,0
1796,cars,1984,366,True,0
1796,cars,1985,365,True,0
1796,cars,1986,365,True,0
1796,cars,1987,365,True,0
1796,cars,1988,366,True,0
1796,cars,1989,365,True,0
1796,cars,1990,365,True,0
1796,cars,1991,365,True,0
1796,cars,1992,362,True,0
1796,cars,1993,365,True,0
1796,cars,1994,365,True,0
1796,cars,1995,365,True,0
1796,cars,1996,366,True,0
1796,cars,1997,365,True,0
1796,cars,1998,365,True,0
1796,cars,1999,365,True,0
1796,cars,2000,366,True,0
1796,cars,2001,365,True,0
1796,cars,2002,365,True,0
1796,cars,2003,365,True,0
1796,cars,2004,366,True,0
1796,cars,2005,365,True,0
1796,cars,2006,365,True,0
1796,cars,2007,365,True,0
1796,cars,2008,366,True,0
1796,cars,2009,365,True,0
1796,cars,2010,365,True,0
1796,cars,2011,365,True,0
1796,cars,2012,366,True,0
1796,cars,2013,365,True,0
1796,cars,2014,365,True,0
1796,cars,2015,365,True,0
1796,cars,2016,366,True,0
1796,cars,2017,365,True,0
1796,cars,2018,365,True,0
1796,cars,2019,365,True,0
1796,upstream,1980,362,True,4
1796,upstream,1981,365,True,0
1796,upstream,1982,358,True,7
1796,upstream,1983,328,False,37
1796,upstream,1984,350,True,16
1796,upstream,1985,334,True,31
1796,upstream,1986,307,False,58
1796,upstream,1987,320,False,45
1796,upstream,1988,305,False,61
1796,upstream,1989,357,True,8
1796,upstream,1990,336,True,29
1796,upstream,1991,343,True,22
1796,upstream,1992,336,True,30
1796,upstream,1993,334,True,31
1796,upstream,1994,350,True,15
1796,upstream,1995,347,True,18
1796,upstream,1996,362,True,4
1796,upstream,1997,354,True,11
1796,upstream,1998,354,True,11
1796,upstream,1999,350,True,15
1796,upstream,2000,362,True,4
1796,upstream,2001,347,True,18
1796,upstream,2002,299,False,66
1796,upstream,2003,362,True,3
1796,upstream,2004,361,True,5
1796,upstream,2005,341,True,24
1796,upstream,2006,344,True,21
1796,upstream,2007,322,False,43
1796,upstream,2008,317,False,49
1796,upstream,2009,345,True,20
1796,upstream,2010,336,True,29
1796,upstream,2011,333,True,32
1796,upstream,2012,343,True,23
1796,upstream,2013,340,True,25
1796,upstream,2014,324,False,41
1796,upstream,2015,313,False,52
1796,upstream,2016,346,True,20
1796,upstream,2017,331,True,34
1796,upstream,2018,333,True,32
1796,upstream,2019,355,True,10
180,cars,1980,0,False,0
180,cars,1981,0,False,0
180,cars,1982,0,False,0
180,cars,1983,0,False,0
180,cars,1984,0,False,0
180,cars,1985,0,False,0
180,cars,1986,0,False,0
180,cars,1987,0,False,0
180,cars,1988,0,False,0
180,cars,1989,0,False,0
180,cars,1990,0,False,0
180,cars,1991,0,False,0
180,cars,1992,0,False,0
180,cars,1993,0,False,0
180,cars,1994,31,False,0
180,cars,1995,311,False,0
180,cars,1996,308,False,0
180,cars,1997,306,False,0
180,cars,1998,328,False,0
180,cars,1999,327,False,0
180,cars,2000,362,True,0
180,cars,2001,361,True,0
180,cars,2002,354,True,0
180,cars,2003,352,True,0
180,cars,2004,365,True,0
180,cars,2005,365,True,0
180,cars,2006,365,True,0
180,cars,2007,365,True,0
180,cars,2008,359,True,0
180,cars,2009,365,True,0
180,cars,2010,365,True,0
180,cars,2011,365,True,0
180,cars,2012,366,True,0
180,cars,2013,356,True,0
180,cars,2014,326,False,0
180,cars,2015,362,True,0
180,cars,2016,365,True,0
180,cars,2017,361,True,0
180,cars,2018,364,True,0
180,cars,2019,362,True,0
180,upstream,1980,0,False,0
180,upstream,1981,0,False,0
180,upstream,1982,0,False,0
180,upstream,1983,0,False,0
180,upstream,1984,0,False,0
180,upstream,1985,0,False,0
180,upstream,1986,0,False,0
180,upstream,1987,0,False,0
180,upstream,1988,0,False,0
180,upstream,1989,0,False,0
180,upstream,1990,0,False,0
180,upstream,1991,0,False,0
180,upstream,1992,0,False,0
180,upstream,1993,0,False,0
180,upstream,1994,29,False,1
180,upstream,1995,210,False,40
180,upstream,1996,181,False,46
180,upstream,1997,221,False,44
180,upstream,1998,241,False,38
180,upstream,1999,284,False,26
180,upstream,2000,304,False,39
180,upstream,2001,285,False,48
180,upstream,2002,262,False,46
180,upstream,2003,271,False,65
180,upstream,2004,321,False,37
180,upstream,2005,326,False,37
180,upstream,2006,292,False,72
180,upstream,2007,271,False,94
180,upstream,2008,249,False,112
180,upstream,2009,262,False,100
180,upstream,2010,333,True,32
180,upstream,2011,328,False,36
180,upstream,2012,260,False,106
180,upstream,2013,255,False,110
180,upstream,2014,211,False,151
180,upstream,2015,279,False,80
180,upstream,2016,268,False,94
180,upstream,2017,318,False,41
180,upstream,2018,262,False,100
180,upstream,2019,293,False,65
182,cars,1980,0,False,0
182,cars,1981,0,False,0
182,cars,1982,0,False,0
182,cars,1983,0,False,0
182,cars,1984,0,False,0
182,cars,1985,0,False,0
182,cars,1986,0,False,0
182,cars,1987,98,False,0
182,cars,1988,313,False,0
182,cars,1989,355,True,0
182,cars,1990,361,True,0
182,cars,1991,322,False,0
182,cars,1992,364,True,0
182,cars,1993,365,True,0
182,cars,1994,361,True,0
182,cars,1995,362,True,0
182,cars,1996,366,True,0
182,cars,1997,365,True,0
182,cars,1998,365,True,0
182,cars,1999,365,True,0
182,cars,2000,343,True,0
182,cars,2001,365,True,0
182,cars,2002,365,True,0
182,cars,2003,365,True,0
182,cars,2004,365,True,0
182,cars,2005,365,True,0
182,cars,2006,365,True,0
182,cars,2007,365,True,0
182,cars,2008,366,True,0
182,cars,2009,365,True,0
182,cars,2010,365,True,0
182,cars,2011,365,True,0
182,cars,2012,366,True,0
182,cars,2013,365,True,0
182,cars,2014,365,True,0
182,cars,2015,365,True,0
182,cars,2016,366,True,0
182,cars,2017,365,True,0
182,cars,2018,365,True,0
182,cars,2019,100,False,0
182,upstream,1980,0,False,0
182,upstream,1981,0,False,0
182,upstream,1982,0,False,0
182,upstream,1983,0,False,0
182,upstream,1984,0,False,0
182,upstream,1985,0,False,0
182,upstream,1986,0,False,0
182,upstream,1987,80,False,0
182,upstream,1988,261,False,0
182,upstream,1989,341,True,0
182,upstream,1990,351,True,0
182,upstream,1991,283,False,0
182,upstream,1992,355,True,0
182,upstream,1993,360,True,0
182,upstream,1994,353,True,0
182,upstream,1995,342,True,0
182,upstream,1996,362,True,0
182,upstream,1997,363,True,0
182,upstream,1998,361,True,0
182,upstream,1999,363,True,0
182,upstream,2000,342,True,0
182,upstream,2001,365,True,0
182,upstream,2002,365,True,0
182,upstream,2003,365,True,0
182,upstream,2004,364,True,0
182,upstream,2005,364,True,0
182,upstream,2006,364,True,0
182,upstream,2007,365,True,0
182,upstream,2008,364,True,0
182,upstream,2009,364,True,0
182,upstream,2010,364,True,0
182,upstream,2011,365,True,0
182,upstream,2012,366,True,0
182,upstream,2013,363,True,0
182,upstream,2014,364,True,0
182,upstream,2015,365,True,0
182,upstream,2016,366,True,0
182,upstream,2017,365,True,0
182,upstream,2018,365,True,0
182,upstream,2019,92,False,0
1848,cars,1980,366,True,0
1848,cars,1981,365,True,0
1848,cars,1982,365,True,0
1848,cars,1983,365,True,0
1848,cars,1984,366,True,0
1848,cars,1985,365,True,0
1848,cars,1986,365,True,0
1848,cars,1987,365,True,0
1848,cars,1988,366,True,0
1848,cars,1989,365,True,0
1848,cars,1990,365,True,0
1848,cars,1991,365,True,0
1848,cars,1992,366,True,0
1848,cars,1993,365,True,0
1848,cars,1994,365,True,0
1848,cars,1995,365,True,0
1848,cars,1996,366,True,0
1848,cars,1997,365,True,0
1848,cars,1998,365,True,0
1848,cars,1999,365,True,0
1848,cars,2000,366,True,0
1848,cars,2001,365,True,0
1848,cars,2002,365,True,0
1848,cars,2003,365,True,0
1848,cars,2004,366,True,0
1848,cars,2005,365,True,0
1848,cars,2006,365,True,0
1848,cars,2007,365,True,0
1848,cars,2008,366,True,0
1848,cars,2009,365,True,0
1848,cars,2010,365,True,0
1848,cars,2011,365,True,0
1848,cars,2012,366,True,0
1848,cars,2013,365,True,0
1848,cars,2014,365,True,0
1848,cars,2015,365,True,0
1848,cars,2016,366,True,0
1848,cars,2017,365,True,0
1848,cars,2018,365,True,0
1848,cars,2019,365,True,0
1848,upstream,1980,366,True,0
1848,upstream,1981,365,True,0
1848,upstream,1982,365,True,0
1848,upstream,1983,365,True,0
1848,upstream,1984,366,True,0
1848,upstream,1985,365,True,0
1848,upstream,1986,365,True,0
1848,upstream,1987,365,True,0
1848,upstream,1988,366,True,0
1848,upstream,1989,365,True,0
1848,upstream,1990,365,True,0
1848,upstream,1991,365,True,0
1848,upstream,1992,366,True,0
1848,upstream,1993,365,True,0
1848,upstream,1994,365,True,0
1848,upstream,1995,365,True,0
1848,upstream,1996,366,True,0
1848,upstream,1997,365,True,0
1848,upstream,1998,365,True,0
1848,upstream,1999,365,True,0
1848,upstream,2000,366,True,0
1848,upstream,2001,365,True,0
1848,upstream,2002,365,True,0
1848,upstream,2003,365,True,0
1848,upstream,2004,366,True,0
1848,upstream,2005,365,True,0
1848,upstream,2006,365,True,0
1848,upstream,2007,365,True,0
1848,upstream,2008,366,True,0
1848,upstream,2009,365,True,0
1848,upstream,2010,365,True,0
1848,upstream,2011,365,True,0
1848,upstream,2012,366,True,0
1848,upstream,2013,365,True,0
1848,upstream,2014,365,True,0
1848,upstream,2015,365,True,0
1848,upstream,2016,366,True,0
1848,upstream,2017,365,True,0
1848,upstream,2018,365,True,0
1848,upstream,2019,365,True,0
185,cars,1980,0,False,0
185,cars,1981,0,False,0
185,cars,1982,0,False,0
185,cars,1983,0,False,0
185,cars,1984,0,False,0
185,cars,1985,0,False,0
185,cars,1986,0,False,0
185,cars,1987,0,False,0
185,cars,1988,0,False,0
185,cars,1989,0,False,0
185,cars,1990,0,False,0
185,cars,1991,0,False,0
185,cars,1992,0,False,0
185,cars,1993,0,False,0
185,cars,1994,106,False,0
185,cars,1995,125,False,0
185,cars,1996,56,False,0
185,cars,1997,26,False,0
185,cars,1998,311,False,0
185,cars,1999,363,True,0
185,cars,2000,313,False,0
185,cars,2001,365,True,0
185,cars,2002,365,True,0
185,cars,2003,365,True,0
185,cars,2004,366,True,0
185,cars,2005,360,True,0
185,cars,2006,365,True,0
185,cars,2007,363,True,0
185,cars,2008,366,True,0
185,cars,2009,365,True,0
185,cars,2010,362,True,0
185,cars,2011,365,True,0
185,cars,2012,366,True,0
185,cars,2013,365,True,0
185,cars,2014,365,True,0
185,cars,2015,365,True,0
185,cars,2016,366,True,0
185,cars,2017,365,True,0
185,cars,2018,365,True,0
185,cars,2019,99,False,0
185,upstream,1980,0,False,57
185,upstream,1981,0,False,108
185,upstream,1982,0,False,57
185,upstream,1983,0,False,51
185,upstream,1984,0,False,69
185,upstream,1985,0,False,96
185,upstream,1986,0,False,119
185,upstream,1987,0,False,164
185,upstream,1988,0,False,129
185,upstream,1989,0,False,125
185,upstream,1990,0,False,132
185,upstream,1991,0,False,129
185,upstream,1992,0,False,143
185,upstream,1993,0,False,94
185,upstream,1994,40,False,114
185,upstream,1995,59,False,97
185,upstream,1996,24,False,107
185,upstream,1997,18,False,100
185,upstream,1998,235,False,76
185,upstream,1999,267,False,97
185,upstream,2000,196,False,120
185,upstream,2001,230,False,134
185,upstream,2002,261,False,104
185,upstream,2003,258,False,107
185,upstream,2004,260,False,104
185,upstream,2005,251,False,113
185,upstream,2006,290,False,75
185,upstream,2007,235,False,130
185,upstream,2008,238,False,128
185,upstream,2009,213,False,152
185,upstream,2010,267,False,98
185,upstream,2011,300,False,65
185,upstream,2012,266,False,100
185,upstream,2013,282,False,82
185,upstream,2014,237,False,128
185,upstream,2015,242,False,123
185,upstream,2016,259,False,107
185,upstream,2017,270,False,95
185,upstream,2018,240,False,125
185,upstream,2019,44,False,48
1851,cars,1980,366,True,0
1851,cars,1981,365,True,0
1851,cars,1982,365,True,0
1851,cars,1983,365,True,0
1851,cars,1984,366,True,0
1851,cars,1985,365,True,0
1851,cars,1986,365,True,0
1851,cars,1987,365,True,0
1851,cars,1988,366,True,0
1851,cars,1989,365,True,0
1851,cars,1990,365,True,0
1851,cars,1991,365,True,0
1851,cars,1992,366,True,0
1851,cars,1993,365,True,0
1851,cars,1994,365,True,0
1851,cars,1995,365,True,0
1851,cars,1996,366,True,0
1851,cars,1997,365,True,0
1851,cars,1998,365,True,0
1851,cars,1999,365,True,0
1851,cars,2000,366,True,0
1851,cars,2001,365,True,0
1851,cars,2002,365,True,0
1851,cars,2003,365,True,0
1851,cars,2004,366,True,0
1851,cars,2005,365,True,0
1851,cars,2006,365,True,0
1851,cars,2007,365,True,0
1851,cars,2008,366,True,0
1851,cars,2009,365,True,0
1851,cars,2010,365,True,0
1851,cars,2011,365,True,0
1851,cars,2012,366,True,0
1851,cars,2013,365,True,0
1851,cars,2014,365,True,0
1851,cars,2015,365,True,0
1851,cars,2016,366,True,0
1851,cars,2017,365,True,0
1851,cars,2018,365,True,0
1851,cars,2019,365,True,0
1851,upstream,1980,366,True,0
1851,upstream,1981,365,True,0
1851,upstream,1982,364,True,1
1851,upstream,1983,363,True,2
1851,upstream,1984,366,True,0
1851,upstream,1985,365,True,0
1851,upstream,1986,344,True,21
1851,upstream,1987,355,True,10
1851,upstream,1988,348,True,18
1851,upstream,1989,361,True,4
1851,upstream,1990,364,True,1
1851,upstream,1991,365,True,0
1851,upstream,1992,365,True,1
1851,upstream,1993,364,True,1
1851,upstream,1994,362,True,3
1851,upstream,1995,363,True,2
1851,upstream,1996,366,True,0
1851,upstream,1997,364,True,1
1851,upstream,1998,362,True,3
1851,upstream,1999,355,True,10
1851,upstream,2000,357,True,9
1851,upstream,2001,348,True,17
1851,upstream,2002,343,True,22
1851,upstream,2003,365,True,0
1851,upstream,2004,364,True,2
1851,upstream,2005,365,True,0
1851,upstream,2006,356,True,9
1851,upstream,2007,341,True,24
1851,upstream,2008,313,False,53
1851,upstream,2009,340,True,25
1851,upstream,2010,363,True,2
1851,upstream,2011,357,True,8
1851,upstream,2012,359,True,7
1851,upstream,2013,363,True,2
1851,upstream,2014,363,True,2
1851,upstream,2015,359,True,6
1851,upstream,2016,356,True,10
1851,upstream,2017,329,True,36
1851,upstream,2018,363,True,2
1851,upstream,2019,358,True,7
1864,cars,1980,366,True,0
1864,cars,1981,365,True,0
1864,cars,1982,365,True,0
1864,cars,1983,365,True,0
1864,cars,1984,366,True,0
1864,cars,1985,365,True,0
1864,cars,1986,365,True,0
1864,cars,1987,365,True,0
1864,cars,1988,366,True,0
1864,cars,1989,365,True,0
1864,cars,1990,365,True,0
1864,cars,1991,365,True,0
1864,cars,1992,366,True,0
1864,cars,1993,365,True,0
1864,cars,1994,365,True,0
1864,cars,1995,365,True,0
1864,cars,1996,366,True,0
1864,cars,1997,365,True,0
1864,cars,1998,365,True,0
1864,cars,1999,365,True,0
1864,cars,2000,366,True,0
1864,cars,2001,365,True,0
1864,cars,2002,365,True,0
1864,cars,2003,365,True,0
1864,cars,2004,366,True,0
1864,cars,2005,365,True,0
1864,cars,2006,365,True,0
1864,cars,2007,365,True,0
1864,cars,2008,366,True,0
1864,cars,2009,365,True,0
1864,cars,2010,365,True,0
1864,cars,2011,365,True,0
1864,cars,2012,366,True,0
1864,cars,2013,365,True,0
1864,cars,2014,365,True,0
1864,cars,2015,365,True,0
1864,cars,2016,366,True,0
1864,cars,2017,365,True,0
1864,cars,2018,365,True,0
1864,cars,2019,365,True,0
1864,upstream,1980,366,True,0
1864,upstream,1981,365,True,0
1864,upstream,1982,365,True,0
1864,upstream,1983,365,True,0
1864,upstream,1984,366,True,0
1864,upstream,1985,365,True,0
1864,upstream,1986,365,True,0
1864,upstream,1987,365,True,0
1864,upstream,1988,366,True,0
1864,upstream,1989,365,True,0
1864,upstream,1990,365,True,0
1864,upstream,1991,365,True,0
1864,upstream,1992,366,True,0
1864,upstream,1993,365,True,0
1864,upstream,1994,365,True,0
1864,upstream,1995,365,True,0
1864,upstream,1996,366,True,0
1864,upstream,1997,365,True,0
1864,upstream,1998,365,True,0
1864,upstream,1999,365,True,0
1864,upstream,2000,366,True,0
1864,upstream,2001,365,True,0
1864,upstream,2002,365,True,0
1864,upstream,2003,365,True,0
1864,upstream,2004,366,True,0
1864,upstream,2005,365,True,0
1864,upstream,2006,365,True,0
1864,upstream,2007,365,True,0
1864,upstream,2008,366,True,0
1864,upstream,2009,365,True,0
1864,upstream,2010,365,True,0
1864,upstream,2011,365,True,0
1864,upstream,2012,366,True,0
1864,upstream,2013,365,True,0
1864,upstream,2014,365,True,0
1864,upstream,2015,365,True,0
1864,upstream,2016,366,True,0
1864,upstream,2017,365,True,0
1864,upstream,2018,365,True,0
1864,upstream,2019,365,True,0
1869,cars,1980,366,True,0
1869,cars,1981,365,True,0
1869,cars,1982,365,True,0
1869,cars,1983,365,True,0
1869,cars,1984,366,True,0
1869,cars,1985,365,True,0
1869,cars,1986,365,True,0
1869,cars,1987,365,True,0
1869,cars,1988,366,True,0
1869,cars,1989,365,True,0
1869,cars,1990,365,True,0
1869,cars,1991,365,True,0
1869,cars,1992,366,True,0
1869,cars,1993,365,True,0
1869,cars,1994,365,True,0
1869,cars,1995,365,True,0
1869,cars,1996,366,True,0
1869,cars,1997,365,True,0
1869,cars,1998,365,True,0
1869,cars,1999,365,True,0
1869,cars,2000,366,True,0
1869,cars,2001,365,True,0
1869,cars,2002,365,True,0
1869,cars,2003,365,True,0
1869,cars,2004,366,True,0
1869,cars,2005,365,True,0
1869,cars,2006,365,True,0
1869,cars,2007,365,True,0
1869,cars,2008,366,True,0
1869,cars,2009,365,True,0
1869,cars,2010,365,True,0
1869,cars,2011,365,True,0
1869,cars,2012,366,True,0
1869,cars,2013,365,True,0
1869,cars,2014,365,True,0
1869,cars,2015,365,True,0
1869,cars,2016,366,True,0
1869,cars,2017,365,True,0
1869,cars,2018,365,True,0
1869,cars,2019,365,True,0
1869,upstream,1980,366,True,0
1869,upstream,1981,365,True,0
1869,upstream,1982,365,True,0
1869,upstream,1983,365,True,0
1869,upstream,1984,366,True,0
1869,upstream,1985,365,True,0
1869,upstream,1986,365,True,0
1869,upstream,1987,365,True,0
1869,upstream,1988,366,True,0
1869,upstream,1989,365,True,0
1869,upstream,1990,365,True,0
1869,upstream,1991,365,True,0
1869,upstream,1992,366,True,0
1869,upstream,1993,365,True,0
1869,upstream,1994,365,True,0
1869,upstream,1995,365,True,0
1869,upstream,1996,366,True,0
1869,upstream,1997,365,True,0
1869,upstream,1998,365,True,0
1869,upstream,1999,365,True,0
1869,upstream,2000,366,True,0
1869,upstream,2001,365,True,0
1869,upstream,2002,365,True,0
1869,upstream,2003,365,True,0
1869,upstream,2004,366,True,0
1869,upstream,2005,365,True,0
1869,upstream,2006,365,True,0
1869,upstream,2007,365,True,0
1869,upstream,2008,366,True,0
1869,upstream,2009,365,True,0
1869,upstream,2010,365,True,0
1869,upstream,2011,365,True,0
1869,upstream,2012,366,True,0
1869,upstream,2013,365,True,0
1869,upstream,2014,365,True,0
1869,upstream,2015,365,True,0
1869,upstream,2016,366,True,0
1869,upstream,2017,365,True,0
1869,upstream,2018,365,True,0
1869,upstream,2019,365,True,0
1872,cars,1980,0,False,0
1872,cars,1981,0,False,0
1872,cars,1982,0,False,0
1872,cars,1983,0,False,0
1872,cars,1984,0,False,0
1872,cars,1985,0,False,0
1872,cars,1986,0,False,0
1872,cars,1987,0,False,0
1872,cars,1988,0,False,0
1872,cars,1989,0,False,0
1872,cars,1990,60,False,0
1872,cars,1991,365,True,0
1872,cars,1992,366,True,0
1872,cars,1993,365,True,0
1872,cars,1994,365,True,0
1872,cars,1995,365,True,0
1872,cars,1996,366,True,0
1872,cars,1997,365,True,0
1872,cars,1998,365,True,0
1872,cars,1999,365,True,0
1872,cars,2000,366,True,0
1872,cars,2001,365,True,0
1872,cars,2002,365,True,0
1872,cars,2003,365,True,0
1872,cars,2004,366,True,0
1872,cars,2005,365,True,0
1872,cars,2006,365,True,0
1872,cars,2007,365,True,0
1872,cars,2008,366,True,0
1872,cars,2009,365,True,0
1872,cars,2010,365,True,0
1872,cars,2011,365,True,0
1872,cars,2012,366,True,0
1872,cars,2013,365,True,0
1872,cars,2014,365,True,0
1872,cars,2015,365,True,0
1872,cars,2016,366,True,0
1872,cars,2017,365,True,0
1872,cars,2018,365,True,0
1872,cars,2019,365,True,0
1872,upstream,1980,0,False,3
1872,upstream,1981,0,False,19
1872,upstream,1982,0,False,7
1872,upstream,1983,0,False,3
1872,upstream,1984,0,False,16
1872,upstream,1985,0,False,31
1872,upstream,1986,0,False,37
1872,upstream,1987,0,False,18
1872,upstream,1988,0,False,23
1872,upstream,1989,0,False,17
1872,upstream,1990,53,False,18
1872,upstream,1991,360,True,5
1872,upstream,1992,354,True,12
1872,upstream,1993,353,True,12
1872,upstream,1994,350,True,15
1872,upstream,1995,358,True,7
1872,upstream,1996,348,True,18
1872,upstream,1997,353,True,12
1872,upstream,1998,362,True,3
1872,upstream,1999,353,True,12
1872,upstream,2000,346,True,20
1872,upstream,2001,348,True,17
1872,upstream,2002,344,True,21
1872,upstream,2003,352,True,13
1872,upstream,2004,330,True,36
1872,upstream,2005,350,True,15
1872,upstream,2006,306,False,59
1872,upstream,2007,285,False,80
1872,upstream,2008,306,False,60
1872,upstream,2009,300,False,65
1872,upstream,2010,330,True,35
1872,upstream,2011,289,False,76
1872,upstream,2012,274,False,92
1872,upstream,2013,323,False,42
1872,upstream,2014,314,False,51
1872,upstream,2015,290,False,75
1872,upstream,2016,317,False,49
1872,upstream,2017,270,False,95
1872,upstream,2018,309,False,56
1872,upstream,2019,325,False,40
1879,cars,1980,366,True,0
1879,cars,1981,365,True,0
1879,cars,1982,365,True,0
1879,cars,1983,365,True,0
1879,cars,1984,136,False,0
1879,cars,1985,365,True,0
1879,cars,1986,363,True,0
1879,cars,1987,361,True,0
1879,cars,1988,366,True,0
1879,cars,1989,364,True,0
1879,cars,1990,365,True,0
1879,cars,1991,365,True,0
1879,cars,1992,366,True,0
1879,cars,1993,365,True,0
1879,cars,1994,365,True,0
1879,cars,1995,365,True,0
1879,cars,1996,366,True,0
1879,cars,1997,365,True,0
1879,cars,1998,365,True,0
1879,cars,1999,365,True,0
1879,cars,2000,366,True,0
1879,cars,2001,1,False,0
1879,cars,2002,365,True,0
1879,cars,2003,365,True,0
1879,cars,2004,366,True,0
1879,cars,2005,365,True,0
1879,cars,2006,364,True,0
1879,cars,2007,361,True,0
1879,cars,2008,366,True,0
1879,cars,2009,361,True,0
1879,cars,2010,354,True,0
1879,cars,2011,360,True,0
1879,cars,2012,366,True,0
1879,cars,2013,364,True,0
1879,cars,2014,365,True,0
1879,cars,2015,365,True,0
1879,cars,2016,366,True,0
1879,cars,2017,365,True,0
1879,cars,2018,365,True,0
1879,cars,2019,361,True,0
1879,upstream,1980,366,True,0
1879,upstream,1981,365,True,0
1879,upstream,1982,365,True,0
1879,upstream,1983,365,True,0
1879,upstream,1984,83,False,0
1879,upstream,1985,355,True,0
1879,upstream,1986,349,True,0
1879,upstream,1987,346,True,0
1879,upstream,1988,349,True,0
1879,upstream,1989,362,True,0
1879,upstream,1990,365,True,0
1879,upstream,1991,365,True,0
1879,upstream,1992,366,True,0
1879,upstream,1993,361,True,0
1879,upstream,1994,365,True,0
1879,upstream,1995,365,True,0
1879,upstream,1996,361,True,0
1879,upstream,1997,365,True,0
1879,upstream,1998,365,True,0
1879,upstream,1999,365,True,0
1879,upstream,2000,366,True,0
1879,upstream,2001,0,False,0
1879,upstream,2002,365,True,0
1879,upstream,2003,365,True,0
1879,upstream,2004,366,True,0
1879,upstream,2005,365,True,0
1879,upstream,2006,363,True,0
1879,upstream,2007,355,True,0
1879,upstream,2008,366,True,0
1879,upstream,2009,360,True,0
1879,upstream,2010,339,True,0
1879,upstream,2011,357,True,0
1879,upstream,2012,365,True,0
1879,upstream,2013,361,True,0
1879,upstream,2014,365,True,0
1879,upstream,2015,365,True,0
1879,upstream,2016,365,True,0
1879,upstream,2017,364,True,0
1879,upstream,2018,363,True,0
1879,upstream,2019,358,True,0
1883,cars,1980,330,True,0
1883,cars,1981,338,True,0
1883,cars,1982,261,False,0
1883,cars,1983,272,False,0
1883,cars,1984,308,False,0
1883,cars,1985,305,False,0
1883,cars,1986,322,False,0
1883,cars,1987,365,True,0
1883,cars,1988,366,True,0
1883,cars,1989,355,True,0
1883,cars,1990,365,True,0
1883,cars,1991,364,True,0
1883,cars,1992,366,True,0
1883,cars,1993,365,True,0
1883,cars,1994,365,True,0
1883,cars,1995,365,True,0
1883,cars,1996,366,True,0
1883,cars,1997,365,True,0
1883,cars,1998,365,True,0
1883,cars,1999,365,True,0
1883,cars,2000,366,True,0
1883,cars,2001,365,True,0
1883,cars,2002,365,True,0
1883,cars,2003,365,True,0
1883,cars,2004,366,True,0
1883,cars,2005,365,True,0
1883,cars,2006,365,True,0
1883,cars,2007,365,True,0
1883,cars,2008,366,True,0
1883,cars,2009,330,True,0
1883,cars,2010,343,True,0
1883,cars,2011,365,True,0
1883,cars,2012,366,True,0
1883,cars,2013,228,False,0
1883,cars,2014,365,True,0
1883,cars,2015,365,True,0
1883,cars,2016,366,True,0
1883,cars,2017,365,True,0
1883,cars,2018,365,True,0
1883,cars,2019,355,True,0
1883,upstream,1980,329,False,0
1883,upstream,1981,338,True,0
1883,upstream,1982,260,False,0
1883,upstream,1983,272,False,0
1883,upstream,1984,305,False,0
1883,upstream,1985,304,False,0
1883,upstream,1986,321,False,0
1883,upstream,1987,365,True,0
1883,upstream,1988,366,True,0
1883,upstream,1989,333,True,0
1883,upstream,1990,363,True,0
1883,upstream,1991,360,True,0
1883,upstream,1992,366,True,0
1883,upstream,1993,365,True,0
1883,upstream,1994,365,True,0
1883,upstream,1995,365,True,0
1883,upstream,1996,366,True,0
1883,upstream,1997,365,True,0
1883,upstream,1998,365,True,0
1883,upstream,1999,365,True,0
1883,upstream,2000,366,True,0
1883,upstream,2001,365,True,0
1883,upstream,2002,365,True,0
1883,upstream,2003,365,True,0
1883,upstream,2004,366,True,0
1883,upstream,2005,365,True,0
1883,upstream,2006,365,True,0
1883,upstream,2007,363,True,0
1883,upstream,2008,364,True,0
1883,upstream,2009,328,False,0
1883,upstream,2010,336,True,0
1883,upstream,2011,365,True,0
1883,upstream,2012,360,True,0
1883,upstream,2013,217,False,0
1883,upstream,2014,365,True,0
1883,upstream,2015,365,True,0
1883,upstream,2016,366,True,0
1883,upstream,2017,365,True,0
1883,upstream,2018,365,True,0
1883,upstream,2019,354,True,0
1890,cars,1980,0,False,0
1890,cars,1981,0,False,0
1890,cars,1982,0,False,0
1890,cars,1983,0,False,0
1890,cars,1984,0,False,0
1890,cars,1985,0,False,0
1890,cars,1986,0,False,0
1890,cars,1987,0,False,0
1890,cars,1988,0,False,0
1890,cars,1989,0,False,0
1890,cars,1990,0,False,0
1890,cars,1991,0,False,0
1890,cars,1992,0,False,0
1890,cars,1993,0,False,0
1890,cars,1994,0,False,0
1890,cars,1995,0,False,0
1890,cars,1996,0,False,0
1890,cars,1997,0,False,0
1890,cars,1998,0,False,0
1890,cars,1999,0,False,0
1890,cars,2000,0,False,0
1890,cars,2001,0,False,0
1890,cars,2002,0,False,0
1890,cars,2003,0,False,0
1890,cars,2004,0,False,0
1890,cars,2005,0,False,0
1890,cars,2006,0,False,0
1890,cars,2007,0,False,0
1890,cars,2008,355,True,0
1890,cars,2009,356,True,0
1890,cars,2010,362,True,0
1890,cars,2011,365,True,0
1890,cars,2012,366,True,0
1890,cars,2013,365,True,0
1890,cars,2014,365,True,0
1890,cars,2015,365,True,0
1890,cars,2016,366,True,0
1890,cars,2017,365,True,0
1890,cars,2018,364,True,0
1890,cars,2019,365,True,0
1890,upstream,1980,0,False,0
1890,upstream,1981,0,False,0
1890,upstream,1982,0,False,0
1890,upstream,1983,0,False,0
1890,upstream,1984,0,False,0
1890,upstream,1985,0,False,0
1890,upstream,1986,0,False,0
1890,upstream,1987,0,False,0
1890,upstream,1988,0,False,0
1890,upstream,1989,0,False,0
1890,upstream,1990,0,False,0
1890,upstream,1991,0,False,0
1890,upstream,1992,0,False,0
1890,upstream,1993,0,False,0
1890,upstream,1994,0,False,0
1890,upstream,1995,0,False,0
1890,upstream,1996,0,False,0
1890,upstream,1997,0,False,0
1890,upstream,1998,0,False,0
1890,upstream,1999,0,False,0
1890,upstream,2000,0,False,0
1890,upstream,2001,0,False,0
1890,upstream,2002,0,False,0
1890,upstream,2003,0,False,0
1890,upstream,2004,0,False,0
1890,upstream,2005,0,False,0
1890,upstream,2006,0,False,0
1890,upstream,2007,0,False,0
1890,upstream,2008,350,True,0
1890,upstream,2009,346,True,0
1890,upstream,2010,352,True,0
1890,upstream,2011,365,True,0
1890,upstream,2012,366,True,0
1890,upstream,2013,365,True,0
1890,upstream,2014,365,True,0
1890,upstream,2015,363,True,1
1890,upstream,2016,366,True,0
1890,upstream,2017,365,True,0
1890,upstream,2018,362,True,0
1890,upstream,2019,365,True,0
190,cars,1980,0,False,0
190,cars,1981,0,False,0
190,cars,1982,0,False,0
190,cars,1983,0,False,0
190,cars,1984,0,False,0
190,cars,1985,0,False,0
190,cars,1986,0,False,0
190,cars,1987,0,False,0
190,cars,1988,0,False,0
190,cars,1989,0,False,0
190,cars,1990,0,False,0
190,cars,1991,0,False,0
190,cars,1992,0,False,0
190,cars,1993,0,False,0
190,cars,1994,8,False,0
190,cars,1995,55,False,0
190,cars,1996,16,False,0
190,cars,1997,9,False,0
190,cars,1998,355,True,0
190,cars,1999,365,True,0
190,cars,2000,366,True,0
190,cars,2001,357,True,0
190,cars,2002,344,True,0
190,cars,2003,315,False,0
190,cars,2004,352,True,0
190,cars,2005,365,True,0
190,cars,2006,365,True,0
190,cars,2007,365,True,0
190,cars,2008,346,True,0
190,cars,2009,365,True,0
190,cars,2010,364,True,0
190,cars,2011,365,True,0
190,cars,2012,366,True,0
190,cars,2013,364,True,0
190,cars,2014,352,True,0
190,cars,2015,332,True,0
190,cars,2016,364,True,0
190,cars,2017,108,False,0
190,cars,2018,0,False,0
190,cars,2019,0,False,0
190,upstream,1980,0,False,0
190,upstream,1981,0,False,0
190,upstream,1982,0,False,0
190,upstream,1983,0,False,0
190,upstream,1984,0,False,0
190,upstream,1985,0,False,0
190,upstream,1986,0,False,0
190,upstream,1987,0,False,0
190,upstream,1988,0,False,0
190,upstream,1989,0,False,0
190,upstream,1990,0,False,0
190,upstream,1991,0,False,0
190,upstream,1992,0,False,0
190,upstream,1993,0,False,0
190,upstream,1994,3,False,0
190,upstream,1995,27,False,0
190,upstream,1996,7,False,0
190,upstream,1997,7,False,3
190,upstream,1998,249,False,0
190,upstream,1999,348,True,0
190,upstream,2000,363,True,0
190,upstream,2001,344,True,0
190,upstream,2002,329,True,0
190,upstream,2003,286,False,0
190,upstream,2004,343,True,0
190,upstream,2005,353,True,1
190,upstream,2006,355,True,0
190,upstream,2007,354,True,0
190,upstream,2008,335,True,3
190,upstream,2009,362,True,2
190,upstream,2010,362,True,0
190,upstream,2011,360,True,0
190,upstream,2012,364,True,0
190,upstream,2013,361,True,0
190,upstream,2014,349,True,0
190,upstream,2015,329,True,0
190,upstream,2016,362,True,0
190,upstream,2017,100,False,0
190,upstream,2018,0,False,0
190,upstream,2019,0,False,0
191,cars,1980,0,False,0
191,cars,1981,0,False,0
191,cars,1982,0,False,0
191,cars,1983,0,False,0
191,cars,1984,0,False,0
191,cars,1985,0,False,0
191,cars,1986,0,False,0
191,cars,1987,0,False,0
191,cars,1988,0,False,0
191,cars,1989,0,False,0
191,cars,1990,0,False,0
191,cars,1991,0,False,0
191,cars,1992,0,False,0
191,cars,1993,0,False,0
191,cars,1994,32,False,0
191,cars,1995,261,False,0
191,cars,1996,188,False,0
191,cars,1997,295,False,0
191,cars,1998,313,False,0
191,cars,1999,365,True,0
191,cars,2000,366,True,0
191,cars,2001,357,True,0
191,cars,2002,344,True,0
191,cars,2003,337,True,0
191,cars,2004,366,True,0
191,cars,2005,365,True,0
191,cars,2006,365,True,0
191,cars,2007,365,True,0
191,cars,2008,363,True,0
191,cars,2009,365,True,0
191,cars,2010,365,True,0
191,cars,2011,365,True,0
191,cars,2012,366,True,0
191,cars,2013,365,True,0
191,cars,2014,365,True,0
191,cars,2015,363,True,0
191,cars,2016,366,True,0
191,cars,2017,365,True,0
191,cars,2018,365,True,0
191,cars,2019,365,True,0
191,upstream,1980,0,False,0
191,upstream,1981,0,False,0
191,upstream,1982,0,False,0
191,upstream,1983,0,False,0
191,upstream,1984,0,False,0
191,upstream,1985,0,False,0
191,upstream,1986,0,False,0
191,upstream,1987,0,False,0
191,upstream,1988,0,False,0
191,upstream,1989,0,False,0
191,upstream,1990,0,False,0
191,upstream,1991,0,False,0
191,upstream,1992,0,False,0
191,upstream,1993,0,False,0
191,upstream,1994,21,False,0
191,upstream,1995,208,False,0
191,upstream,1996,138,False,0
191,upstream,1997,235,False,2
191,upstream,1998,258,False,0
191,upstream,1999,357,True,0
191,upstream,2000,364,True,0
191,upstream,2001,346,True,0
191,upstream,2002,329,True,0
191,upstream,2003,334,True,0
191,upstream,2004,363,True,0
191,upstream,2005,364,True,0
191,upstream,2006,361,True,0
191,upstream,2007,362,True,0
191,upstream,2008,360,True,0
191,upstream,2009,364,True,0
191,upstream,2010,365,True,0
191,upstream,2011,364,True,0
191,upstream,2012,365,True,0
191,upstream,2013,365,True,0
191,upstream,2014,364,True,0
191,upstream,2015,358,True,0
191,upstream,2016,362,True,0
191,upstream,2017,363,True,0
191,upstream,2018,363,True,0
191,upstream,2019,363,True,0
1910,cars,1980,366,True,0
1910,cars,1981,365,True,0
1910,cars,1982,365,True,0
1910,cars,1983,365,True,0
1910,cars,1984,366,True,0
1910,cars,1985,365,True,0
1910,cars,1986,365,True,0
1910,cars,1987,365,True,0
1910,cars,1988,366,True,0
1910,cars,1989,365,True,0
1910,cars,1990,365,True,0
1910,cars,1991,365,True,0
1910,cars,1992,366,True,0
1910,cars,1993,365,True,0
1910,cars,1994,365,True,0
1910,cars,1995,365,True,0
1910,cars,1996,366,True,0
1910,cars,1997,365,True,0
1910,cars,1998,365,True,0
1910,cars,1999,365,True,0
1910,cars,2000,366,True,0
1910,cars,2001,365,True,0
1910,cars,2002,365,True,0
1910,cars,2003,365,True,0
1910,cars,2004,366,True,0
1910,cars,2005,365,True,0
1910,cars,2006,365,True,0
1910,cars,2007,365,True,0
1910,cars,2008,366,True,0
1910,cars,2009,365,True,0
1910,cars,2010,365,True,0
1910,cars,2011,365,True,0
1910,cars,2012,366,True,0
1910,cars,2013,365,True,0
1910,cars,2014,365,True,0
1910,cars,2015,365,True,0
1910,cars,2016,0,False,0
1910,cars,2017,0,False,0
1910,cars,2018,0,False,0
1910,cars,2019,0,False,0
1910,upstream,1980,366,True,0
1910,upstream,1981,365,True,0
1910,upstream,1982,365,True,0
1910,upstream,1983,365,True,0
1910,upstream,1984,366,True,0
1910,upstream,1985,364,True,1
1910,upstream,1986,364,True,1
1910,upstream,1987,365,True,0
1910,upstream,1988,364,True,2
1910,upstream,1989,363,True,2
1910,upstream,1990,364,True,1
1910,upstream,1991,365,True,0
1910,upstream,1992,366,True,0
1910,upstream,1993,365,True,0
1910,upstream,1994,365,True,0
1910,upstream,1995,365,True,0
1910,upstream,1996,365,True,1
1910,upstream,1997,364,True,1
1910,upstream,1998,365,True,0
1910,upstream,1999,363,True,2
1910,upstream,2000,365,True,1
1910,upstream,2001,364,True,1
1910,upstream,2002,357,True,8
1910,upstream,2003,365,True,0
1910,upstream,2004,364,True,2
1910,upstream,2005,364,True,1
1910,upstream,2006,365,True,0
1910,upstream,2007,363,True,2
1910,upstream,2008,365,True,1
1910,upstream,2009,364,True,1
1910,upstream,2010,363,True,1
1910,upstream,2011,364,True,1
1910,upstream,2012,361,True,5
1910,upstream,2013,365,True,0
1910,upstream,2014,363,True,2
1910,upstream,2015,364,True,1
1910,upstream,2016,0,False,0
1910,upstream,2017,0,False,0
1910,upstream,2018,0,False,0
1910,upstream,2019,0,False,0
1916,cars,1980,0,False,0
1916,cars,1981,0,False,0
1916,cars,1982,0,False,0
1916,cars,1983,0,False,0
1916,cars,1984,0,False,0
1916,cars,1985,0,False,0
1916,cars,1986,0,False,0
1916,cars,1987,0,False,0
1916,cars,1988,0,False,0
1916,cars,1989,0,False,0
1916,cars,1990,0,False,0
1916,cars,1991,0,False,0
1916,cars,1992,0,False,0
1916,cars,1993,0,False,0
1916,cars,1994,0,False,0
1916,cars,1995,0,False,0
1916,cars,1996,0,False,0
1916,cars,1997,0,False,0
1916,cars,1998,365,True,0
1916,cars,1999,197,False,0
1916,cars,2000,0,False,0
1916,cars,2001,0,False,0
1916,cars,2002,125,False,0
1916,cars,2003,365,True,0
1916,cars,2004,366,True,0
1916,cars,2005,365,True,0
1916,cars,2006,365,True,0
1916,cars,2007,365,True,0
1916,cars,2008,366,True,0
1916,cars,2009,365,True,0
1916,cars,2010,365,True,0
1916,cars,2011,365,True,0
1916,cars,2012,366,True,0
1916,cars,2013,365,True,0
1916,cars,2014,365,True,0
1916,cars,2015,365,True,0
1916,cars,2016,366,True,0
1916,cars,2017,365,True,0
1916,cars,2018,337,True,0
1916,cars,2019,0,False,0
1916,upstream,1980,0,False,0
1916,upstream,1981,0,False,0
1916,upstream,1982,0,False,0
1916,upstream,1983,0,False,0
1916,upstream,1984,0,False,0
1916,upstream,1985,0,False,0
1916,upstream,1986,0,False,0
1916,upstream,1987,0,False,0
1916,upstream,1988,0,False,0
1916,upstream,1989,0,False,0
1916,upstream,1990,0,False,0
1916,upstream,1991,0,False,0
1916,upstream,1992,0,False,0
1916,upstream,1993,0,False,0
1916,upstream,1994,0,False,0
1916,upstream,1995,0,False,0
1916,upstream,1996,0,False,0
1916,upstream,1997,0,False,0
1916,upstream,1998,365,True,0
1916,upstream,1999,189,False,0
1916,upstream,2000,0,False,0
1916,upstream,2001,0,False,0
1916,upstream,2002,125,False,0
1916,upstream,2003,365,True,0
1916,upstream,2004,366,True,0
1916,upstream,2005,365,True,0
1916,upstream,2006,365,True,0
1916,upstream,2007,365,True,0
1916,upstream,2008,366,True,0
1916,upstream,2009,365,True,0
1916,upstream,2010,365,True,0
1916,upstream,2011,365,True,0
1916,upstream,2012,366,True,0
1916,upstream,2013,365,True,0
1916,upstream,2014,365,True,0
1916,upstream,2015,365,True,0
1916,upstream,2016,366,True,0
1916,upstream,2017,365,True,0
1916,upstream,2018,336,True,0
1916,upstream,2019,0,False,0
193,cars,1980,0,False,0
193,cars,1981,0,False,0
193,cars,1982,0,False,0
193,cars,1983,0,False,0
193,cars,1984,0,False,0
193,cars,1985,0,False,0
193,cars,1986,0,False,0
193,cars,1987,0,False,0
193,cars,1988,0,False,0
193,cars,1989,0,False,0
193,cars,1990,0,False,0
193,cars,1991,0,False,0
193,cars,1992,0,False,0
193,cars,1993,0,False,0
193,cars,1994,38,False,0
193,cars,1995,307,False,0
193,cars,1996,302,False,0
193,cars,1997,302,False,0
193,cars,1998,331,True,0
193,cars,1999,331,True,0
193,cars,2000,359,True,0
193,cars,2001,360,True,0
193,cars,2002,307,False,0
193,cars,2003,350,True,0
193,cars,2004,364,True,0
193,cars,2005,364,True,0
193,cars,2006,365,True,0
193,cars,2007,365,True,0
193,cars,2008,364,True,0
193,cars,2009,365,True,0
193,cars,2010,365,True,0
193,cars,2011,365,True,0
193,cars,2012,366,True,0
193,cars,2013,365,True,0
193,cars,2014,364,True,0
193,cars,2015,362,True,0
193,cars,2016,365,True,0
193,cars,2017,364,True,0
193,cars,2018,364,True,0
193,cars,2019,364,True,0
193,upstream,1980,0,False,0
193,upstream,1981,0,False,0
193,upstream,1982,0,False,0
193,upstream,1983,0,False,0
193,upstream,1984,0,False,0
193,upstream,1985,0,False,0
193,upstream,1986,0,False,0
193,upstream,1987,0,False,0
193,upstream,1988,0,False,0
193,upstream,1989,0,False,0
193,upstream,1990,0,False,0
193,upstream,1991,0,False,0
193,upstream,1992,0,False,0
193,upstream,1993,0,False,0
193,upstream,1994,27,False,3
193,upstream,1995,221,False,38
193,upstream,1996,209,False,2
193,upstream,1997,231,False,34
193,upstream,1998,272,False,7
193,upstream,1999,307,False,8
193,upstream,2000,321,False,15
193,upstream,2001,297,False,30
193,upstream,2002,187,False,75
193,upstream,2003,259,False,70
193,upstream,2004,293,False,62
193,upstream,2005,331,True,29
193,upstream,2006,336,True,26
193,upstream,2007,323,False,42
193,upstream,2008,295,False,63
193,upstream,2009,274,False,89
193,upstream,2010,320,False,45
193,upstream,2011,343,True,21
193,upstream,2012,334,True,32
193,upstream,2013,319,False,46
193,upstream,2014,267,False,94
193,upstream,2015,260,False,99
193,upstream,2016,325,False,39
193,upstream,2017,358,True,5
193,upstream,2018,337,True,25
193,upstream,2019,352,True,9
198,cars,1980,0,False,0
198,cars,1981,0,False,0
198,cars,1982,0,False,0
198,cars,1983,0,False,0
198,cars,1984,0,False,0
198,cars,1985,0,False,0
198,cars,1986,0,False,0
198,cars,1987,0,False,0
198,cars,1988,0,False,0
198,cars,1989,0,False,0
198,cars,1990,172,False,0
198,cars,1991,8,False,0
198,cars,1992,0,False,0
198,cars,1993,0,False,0
198,cars,1994,39,False,0
198,cars,1995,331,True,0
198,cars,1996,366,True,0
198,cars,1997,365,True,0
198,cars,1998,364,True,0
198,cars,1999,365,True,0
198,cars,2000,366,True,0
198,cars,2001,365,True,0
198,cars,2002,365,True,0
198,cars,2003,365,True,0
198,cars,2004,365,True,0
198,cars,2005,365,True,0
198,cars,2006,365,True,0
198,cars,2007,365,True,0
198,cars,2008,366,True,0
198,cars,2009,365,True,0
198,cars,2010,365,True,0
198,cars,2011,365,True,0
198,cars,2012,366,True,0
198,cars,2013,365,True,0
198,cars,2014,365,True,0
198,cars,2015,365,True,0
198,cars,2016,366,True,0
198,cars,2017,365,True,0
198,cars,2018,365,True,0
198,cars,2019,365,True,0
198,upstream,1980,0,False,0
198,upstream,1981,0,False,0
198,upstream,1982,0,False,0
198,upstream,1983,0,False,0
198,upstream,1984,0,False,0
198,upstream,1985,0,False,0
198,upstream,1986,0,False,0
198,upstream,1987,0,False,0
198,upstream,1988,0,False,0
198,upstream,1989,0,False,0
198,upstream,1990,163,False,0
198,upstream,1991,0,False,0
198,upstream,1992,0,False,0
198,upstream,1993,0,False,0
198,upstream,1994,31,False,0
198,upstream,1995,309,False,0
198,upstream,1996,359,True,2
198,upstream,1997,364,True,0
198,upstream,1998,358,True,1
198,upstream,1999,353,True,10
198,upstream,2000,366,True,0
198,upstream,2001,364,True,1
198,upstream,2002,365,True,0
198,upstream,2003,365,True,0
198,upstream,2004,363,True,0
198,upstream,2005,364,True,0
198,upstream,2006,362,True,0
198,upstream,2007,360,True,0
198,upstream,2008,361,True,1
198,upstream,2009,364,True,0
198,upstream,2010,364,True,0
198,upstream,2011,365,True,0
198,upstream,2012,364,True,0
198,upstream,2013,363,True,1
198,upstream,2014,361,True,0
198,upstream,2015,364,True,1
198,upstream,2016,366,True,0
198,upstream,2017,365,True,0
198,upstream,2018,363,True,0
198,upstream,2019,365,True,0
203,cars,1980,0,False,0
203,cars,1981,0,False,0
203,cars,1982,0,False,0
203,cars,1983,0,False,0
203,cars,1984,0,False,0
203,cars,1985,0,False,0
203,cars,1986,0,False,0
203,cars,1987,0,False,0
203,cars,1988,0,False,0
203,cars,1989,0,False,0
203,cars,1990,0,False,0
203,cars,1991,0,False,0
203,cars,1992,0,False,0
203,cars,1993,0,False,0
203,cars,1994,38,False,0
203,cars,1995,331,True,0
203,cars,1996,331,True,0
203,cars,1997,309,False,0
203,cars,1998,329,True,0
203,cars,1999,330,True,0
203,cars,2000,357,True,0
203,cars,2001,309,False,0
203,cars,2002,52,False,0
203,cars,2003,240,False,0
203,cars,2004,364,True,0
203,cars,2005,364,True,0
203,cars,2006,365,True,0
203,cars,2007,365,True,0
203,cars,2008,359,True,0
203,cars,2009,365,True,0
203,cars,2010,365,True,0
203,cars,2011,365,True,0
203,cars,2012,366,True,0
203,cars,2013,365,True,0
203,cars,2014,364,True,0
203,cars,2015,0,False,0
203,cars,2016,258,False,0
203,cars,2017,47,False,0
203,cars,2018,0,False,0
203,cars,2019,0,False,0
203,upstream,1980,0,False,0
203,upstream,1981,0,False,0
203,upstream,1982,0,False,0
203,upstream,1983,0,False,0
203,upstream,1984,0,False,0
203,upstream,1985,0,False,0
203,upstream,1986,0,False,0
203,upstream,1987,0,False,0
203,upstream,1988,0,False,0
203,upstream,1989,0,False,0
203,upstream,1990,0,False,0
203,upstream,1991,0,False,0
203,upstream,1992,0,False,0
203,upstream,1993,0,False,0
203,upstream,1994,30,False,0
203,upstream,1995,284,False,22
203,upstream,1996,287,False,12
203,upstream,1997,256,False,9
203,upstream,1998,268,False,7
203,upstream,1999,308,False,1
203,upstream,2000,316,False,1
203,upstream,2001,261,False,2
203,upstream,2002,38,False,0
203,upstream,2003,236,False,0
203,upstream,2004,352,True,0
203,upstream,2005,352,True,6
203,upstream,2006,349,True,12
203,upstream,2007,362,True,2
203,upstream,2008,345,True,9
203,upstream,2009,348,True,14
203,upstream,2010,351,True,14
203,upstream,2011,353,True,11
203,upstream,2012,353,True,13
203,upstream,2013,345,True,17
203,upstream,2014,341,True,12
203,upstream,2015,0,False,0
203,upstream,2016,239,False,18
203,upstream,2017,31,False,15
203,upstream,2018,0,False,0
203,upstream,2019,0,False,0
204,cars,1980,274,False,0
204,cars,1981,365,True,0
204,cars,1982,365,True,0
204,cars,1983,365,True,0
204,cars,1984,366,True,0
204,cars,1985,365,True,0
204,cars,1986,365,True,0
204,cars,1987,365,True,0
204,cars,1988,361,True,0
204,cars,1989,365,True,0
204,cars,1990,362,True,0
204,cars,1991,365,True,0
204,cars,1992,366,True,0
204,cars,1993,365,True,0
204,cars,1994,365,True,0
204,cars,1995,365,True,0
204,cars,1996,366,True,0
204,cars,1997,365,True,0
204,cars,1998,365,True,0
204,cars,1999,365,True,0
204,cars,2000,366,True,0
204,cars,2001,365,True,0
204,cars,2002,365,True,0
204,cars,2003,365,True,0
204,cars,2004,366,True,0
204,cars,2005,365,True,0
204,cars,2006,365,True,0
204,cars,2007,365,True,0
204,cars,2008,366,True,0
204,cars,2009,365,True,0
204,cars,2010,365,True,0
204,cars,2011,365,True,0
204,cars,2012,366,True,0
204,cars,2013,365,True,0
204,cars,2014,365,True,0
204,cars,2015,365,True,0
204,cars,2016,366,True,0
204,cars,2017,365,True,0
204,cars,2018,365,True,0
204,cars,2019,100,False,0
204,upstream,1980,267,False,22
204,upstream,1981,355,True,10
204,upstream,1982,351,True,14
204,upstream,1983,360,True,5
204,upstream,1984,366,True,0
204,upstream,1985,346,True,19
204,upstream,1986,340,True,25
204,upstream,1987,348,True,17
204,upstream,1988,282,False,84
204,upstream,1989,323,False,42
204,upstream,1990,298,False,67
204,upstream,1991,300,False,65
204,upstream,1992,354,True,12
204,upstream,1993,345,True,20
204,upstream,1994,351,True,14
204,upstream,1995,336,True,29
204,upstream,1996,339,True,27
204,upstream,1997,362,True,3
204,upstream,1998,361,True,4
204,upstream,1999,364,True,1
204,upstream,2000,363,True,3
204,upstream,2001,351,True,14
204,upstream,2002,362,True,3
204,upstream,2003,355,True,10
204,upstream,2004,359,True,7
204,upstream,2005,361,True,4
204,upstream,2006,355,True,10
204,upstream,2007,364,True,1
204,upstream,2008,357,True,9
204,upstream,2009,345,True,20
204,upstream,2010,355,True,10
204,upstream,2011,363,True,2
204,upstream,2012,364,True,2
204,upstream,2013,364,True,1
204,upstream,2014,365,True,0
204,upstream,2015,364,True,1
204,upstream,2016,365,True,1
204,upstream,2017,365,True,0
204,upstream,2018,365,True,0
204,upstream,2019,89,False,3
210,cars,1980,0,False,0
210,cars,1981,0,False,0
210,cars,1982,0,False,0
210,cars,1983,0,False,0
210,cars,1984,0,False,0
210,cars,1985,0,False,0
210,cars,1986,0,False,0
210,cars,1987,0,False,0
210,cars,1988,0,False,0
210,cars,1989,0,False,0
210,cars,1990,0,False,0
210,cars,1991,0,False,0
210,cars,1992,0,False,0
210,cars,1993,0,False,0
210,cars,1994,38,False,0
210,cars,1995,334,True,0
210,cars,1996,347,True,0
210,cars,1997,365,True,0
210,cars,1998,365,True,0
210,cars,1999,360,True,0
210,cars,2000,254,False,0
210,cars,2001,292,False,0
210,cars,2002,0,False,0
210,cars,2003,190,False,0
210,cars,2004,366,True,0
210,cars,2005,365,True,0
210,cars,2006,365,True,0
210,cars,2007,365,True,0
210,cars,2008,366,True,0
210,cars,2009,365,True,0
210,cars,2010,365,True,0
210,cars,2011,365,True,0
210,cars,2012,366,True,0
210,cars,2013,365,True,0
210,cars,2014,365,True,0
210,cars,2015,365,True,0
210,cars,2016,366,True,0
210,cars,2017,365,True,0
210,cars,2018,365,True,0
210,cars,2019,365,True,0
210,upstream,1980,0,False,0
210,upstream,1981,0,False,0
210,upstream,1982,0,False,0
210,upstream,1983,0,False,0
210,upstream,1984,0,False,0
210,upstream,1985,0,False,0
210,upstream,1986,0,False,0
210,upstream,1987,0,False,0
210,upstream,1988,0,False,0
210,upstream,1989,0,False,0
210,upstream,1990,0,False,0
210,upstream,1991,0,False,0
210,upstream,1992,0,False,0
210,upstream,1993,0,False,0
210,upstream,1994,21,False,0
210,upstream,1995,213,False,0
210,upstream,1996,156,False,2
210,upstream,1997,234,False,1
210,upstream,1998,226,False,4
210,upstream,1999,285,False,5
210,upstream,2000,221,False,8
210,upstream,2001,242,False,29
210,upstream,2002,0,False,0
210,upstream,2003,179,False,5
210,upstream,2004,324,False,17
210,upstream,2005,329,True,5
210,upstream,2006,337,True,17
210,upstream,2007,313,False,22
210,upstream,2008,304,False,36
210,upstream,2009,339,True,20
210,upstream,2010,341,True,22
210,upstream,2011,356,True,8
210,upstream,2012,322,False,35
210,upstream,2013,347,True,16
210,upstream,2014,344,True,18
210,upstream,2015,338,True,15
210,upstream,2016,354,True,6
210,upstream,2017,356,True,1
210,upstream,2018,344,True,15
210,upstream,2019,349,True,9
214,cars,1980,0,False,0
214,cars,1981,0,False,0
214,cars,1982,0,False,0
214,cars,1983,0,False,0
214,cars,1984,0,False,0
214,cars,1985,0,False,0
214,cars,1986,0,False,0
214,cars,1987,0,False,0
214,cars,1988,0,False,0
214,cars,1989,0,False,0
214,cars,1990,0,False,0
214,cars,1991,0,False,0
214,cars,1992,0,False,0
214,cars,1993,0,False,0
214,cars,1994,32,False,0
214,cars,1995,269,False,0
214,cars,1996,210,False,0
214,cars,1997,299,False,0
214,cars,1998,304,False,0
214,cars,1999,314,False,0
214,cars,2000,238,False,0
214,cars,2001,179,False,0
214,cars,2002,0,False,0
214,cars,2003,190,False,0
214,cars,2004,360,True,0
214,cars,2005,350,True,0
214,cars,2006,365,True,0
214,cars,2007,353,True,0
214,cars,2008,362,True,0
214,cars,2009,365,True,0
214,cars,2010,365,True,0
214,cars,2011,365,True,0
214,cars,2012,366,True,0
214,cars,2013,365,True,0
214,cars,2014,365,True,0
214,cars,2015,363,True,0
214,cars,2016,365,True,0
214,cars,2017,364,True,0
214,cars,2018,364,True,0
214,cars,2019,364,True,0
214,upstream,1980,0,False,0
214,upstream,1981,0,False,0
214,upstream,1982,0,False,0
214,upstream,1983,0,False,0
214,upstream,1984,0,False,0
214,upstream,1985,0,False,0
214,upstream,1986,0,False,0
214,upstream,1987,0,False,0
214,upstream,1988,0,False,0
214,upstream,1989,0,False,0
214,upstream,1990,0,False,0
214,upstream,1991,0,False,0
214,upstream,1992,0,False,0
214,upstream,1993,0,False,0
214,upstream,1994,21,False,0
214,upstream,1995,217,False,0
214,upstream,1996,153,False,0
214,upstream,1997,236,False,0
214,upstream,1998,238,False,0
214,upstream,1999,288,False,0
214,upstream,2000,230,False,0
214,upstream,2001,168,False,0
214,upstream,2002,0,False,0
214,upstream,2003,184,False,0
214,upstream,2004,345,True,0
214,upstream,2005,332,True,0
214,upstream,2006,356,True,0
214,upstream,2007,336,True,0
214,upstream,2008,355,True,0
214,upstream,2009,362,True,1
214,upstream,2010,362,True,0
214,upstream,2011,364,True,0
214,upstream,2012,364,True,0
214,upstream,2013,365,True,0
214,upstream,2014,364,True,0
214,upstream,2015,361,True,0
214,upstream,2016,364,True,0
214,upstream,2017,363,True,0
214,upstream,2018,363,True,0
214,upstream,2019,363,True,0
2158,cars,1980,0,False,0
2158,cars,1981,0,False,0
2158,cars,1982,0,False,0
2158,cars,1983,0,False,0
2158,cars,1984,0,False,0
2158,cars,1985,0,False,0
2158,cars,1986,0,False,0
2158,cars,1987,0,False,0
2158,cars,1988,0,False,0
2158,cars,1989,0,False,0
2158,cars,1990,0,False,0
2158,cars,1991,0,False,0
2158,cars,1992,0,False,0
2158,cars,1993,0,False,0
2158,cars,1994,0,False,0
2158,cars,1995,0,False,0
2158,cars,1996,0,False,0
2158,cars,1997,0,False,0
2158,cars,1998,0,False,0
2158,cars,1999,0,False,0
2158,cars,2000,0,False,0
2158,cars,2001,0,False,0
2158,cars,2002,365,True,0
2158,cars,2003,365,True,0
2158,cars,2004,366,True,0
2158,cars,2005,365,True,0
2158,cars,2006,365,True,0
2158,cars,2007,365,True,0
2158,cars,2008,366,True,0
2158,cars,2009,365,True,0
2158,cars,2010,365,True,0
2158,cars,2011,365,True,0
2158,cars,2012,366,True,0
2158,cars,2013,183,False,0
2158,cars,2014,0,False,0
2158,cars,2015,365,True,0
2158,cars,2016,8,False,0
2158,cars,2017,0,False,0
2158,cars,2018,0,False,0
2158,cars,2019,0,False,0
2158,upstream,1980,0,False,0
2158,upstream,1981,0,False,0
2158,upstream,1982,0,False,0
2158,upstream,1983,0,False,0
2158,upstream,1984,0,False,0
2158,upstream,1985,0,False,0
2158,upstream,1986,0,False,0
2158,upstream,1987,0,False,0
2158,upstream,1988,0,False,0
2158,upstream,1989,0,False,0
2158,upstream,1990,0,False,0
2158,upstream,1991,0,False,0
2158,upstream,1992,0,False,0
2158,upstream,1993,0,False,0
2158,upstream,1994,0,False,0
2158,upstream,1995,0,False,0
2158,upstream,1996,0,False,0
2158,upstream,1997,0,False,0
2158,upstream,1998,0,False,0
2158,upstream,1999,0,False,0
2158,upstream,2000,0,False,0
2158,upstream,2001,0,False,0
2158,upstream,2002,352,True,0
2158,upstream,2003,364,True,0
2158,upstream,2004,366,True,0
2158,upstream,2005,365,True,0
2158,upstream,2006,360,True,4
2158,upstream,2007,362,True,3
2158,upstream,2008,364,True,2
2158,upstream,2009,362,True,2
2158,upstream,2010,363,True,2
2158,upstream,2011,362,True,3
2158,upstream,2012,366,True,0
2158,upstream,2013,182,False,0
2158,upstream,2014,0,False,1
2158,upstream,2015,364,True,1
2158,upstream,2016,0,False,0
2158,upstream,2017,0,False,0
2158,upstream,2018,0,False,0
2158,upstream,2019,0,False,0
2188,cars,1980,0,False,0
2188,cars,1981,0,False,0
2188,cars,1982,0,False,0
2188,cars,1983,0,False,0
2188,cars,1984,0,False,0
2188,cars,1985,0,False,0
2188,cars,1986,0,False,0
2188,cars,1987,0,False,0
2188,cars,1988,0,False,0
2188,cars,1989,0,False,0
2188,cars,1990,0,False,0
2188,cars,1991,0,False,0
2188,cars,1992,0,False,0
2188,cars,1993,0,False,0
2188,cars,1994,0,False,0
2188,cars,1995,0,False,0
2188,cars,1996,0,False,0
2188,cars,1997,0,False,0
2188,cars,1998,7,False,0
2188,cars,1999,335,True,0
2188,cars,2000,366,True,0
2188,cars,2001,365,True,0
2188,cars,2002,356,True,0
2188,cars,2003,365,True,0
2188,cars,2004,366,True,0
2188,cars,2005,365,True,0
2188,cars,2006,365,True,0
2188,cars,2007,365,True,0
2188,cars,2008,366,True,0
2188,cars,2009,365,True,0
2188,cars,2010,365,True,0
2188,cars,2011,365,True,0
2188,cars,2012,366,True,0
2188,cars,2013,365,True,0
2188,cars,2014,365,True,0
2188,cars,2015,365,True,0
2188,cars,2016,0,False,0
2188,cars,2017,0,False,0
2188,cars,2018,0,False,0
2188,cars,2019,0,False,0
2188,upstream,1980,0,False,0
2188,upstream,1981,0,False,0
2188,upstream,1982,0,False,0
2188,upstream,1983,0,False,0
2188,upstream,1984,0,False,0
2188,upstream,1985,0,False,0
2188,upstream,1986,0,False,0
2188,upstream,1987,0,False,0
2188,upstream,1988,0,False,0
2188,upstream,1989,0,False,0
2188,upstream,1990,0,False,0
2188,upstream,1991,0,False,0
2188,upstream,1992,0,False,0
2188,upstream,1993,0,False,0
2188,upstream,1994,0,False,0
2188,upstream,1995,0,False,0
2188,upstream,1996,0,False,0
2188,upstream,1997,0,False,0
2188,upstream,1998,7,False,0
2188,upstream,1999,326,False,0
2188,upstream,2000,366,True,0
2188,upstream,2001,365,True,0
2188,upstream,2002,350,True,0
2188,upstream,2003,365,True,0
2188,upstream,2004,366,True,0
2188,upstream,2005,365,True,0
2188,upstream,2006,364,True,1
2188,upstream,2007,365,True,0
2188,upstream,2008,366,True,0
2188,upstream,2009,365,True,0
2188,upstream,2010,365,True,0
2188,upstream,2011,364,True,1
2188,upstream,2012,348,True,18
2188,upstream,2013,365,True,0
2188,upstream,2014,365,True,0
2188,upstream,2015,365,True,0
2188,upstream,2016,0,False,0
2188,upstream,2017,0,False,0
2188,upstream,2018,0,False,0
2188,upstream,2019,0,False,0
223,cars,1980,0,False,0
223,cars,1981,0,False,0
223,cars,1982,0,False,0
223,cars,1983,0,False,0
223,cars,1984,0,False,0
223,cars,1985,0,False,0
223,cars,1986,0,False,0
223,cars,1987,0,False,0
223,cars,1988,0,False,0
223,cars,1989,0,False,0
223,cars,1990,0,False,0
223,cars,1991,0,False,0
223,cars,1992,0,False,0
223,cars,1993,0,False,0
223,cars,1994,36,False,0
223,cars,1995,291,False,0
223,cars,1996,304,False,0
223,cars,1997,350,True,0
223,cars,1998,315,False,0
223,cars,1999,318,False,0
223,cars,2000,339,True,0
223,cars,2001,356,True,0
223,cars,2002,328,False,0
223,cars,2003,347,True,0
223,cars,2004,350,True,0
223,cars,2005,360,True,0
223,cars,2006,331,True,0
223,cars,2007,365,True,0
223,cars,2008,363,True,0
223,cars,2009,365,True,0
223,cars,2010,365,True,0
223,cars,2011,352,True,0
223,cars,2012,366,True,0
223,cars,2013,359,True,0
223,cars,2014,364,True,0
223,cars,2015,365,True,0
223,cars,2016,363,True,0
223,cars,2017,350,True,0
223,cars,2018,365,True,0
223,cars,2019,354,True,0
223,upstream,1980,0,False,0
223,upstream,1981,0,False,0
223,upstream,1982,0,False,0
223,upstream,1983,0,False,0
223,upstream,1984,0,False,0
223,upstream,1985,0,False,0
223,upstream,1986,0,False,0
223,upstream,1987,0,False,0
223,upstream,1988,0,False,0
223,upstream,1989,0,False,0
223,upstream,1990,0,False,0
223,upstream,1991,0,False,0
223,upstream,1992,0,False,0
223,upstream,1993,0,False,0
223,upstream,1994,27,False,0
223,upstream,1995,225,False,4
223,upstream,1996,246,False,3
223,upstream,1997,317,False,2
223,upstream,1998,266,False,1
223,upstream,1999,273,False,1
223,upstream,2000,288,False,2
223,upstream,2001,316,False,0
223,upstream,2002,280,False,0
223,upstream,2003,304,False,0
223,upstream,2004,326,False,0
223,upstream,2005,338,True,0
223,upstream,2006,300,False,0
223,upstream,2007,353,True,4
223,upstream,2008,344,True,1
223,upstream,2009,359,True,0
223,upstream,2010,356,True,0
223,upstream,2011,318,False,12
223,upstream,2012,359,True,1
223,upstream,2013,350,True,4
223,upstream,2014,358,True,0
223,upstream,2015,354,True,0
223,upstream,2016,345,True,0
223,upstream,2017,323,False,0
223,upstream,2018,355,True,4
223,upstream,2019,336,True,0
292,cars,1980,355,True,0
292,cars,1981,364,True,0
292,cars,1982,365,True,0
292,cars,1983,365,True,0
292,cars,1984,363,True,0
292,cars,1985,365,True,0
292,cars,1986,365,True,0
292,cars,1987,364,True,0
292,cars,1988,366,True,0
292,cars,1989,365,True,0
292,cars,1990,365,True,0
292,cars,1991,364,True,0
292,cars,1992,366,True,0
292,cars,1993,365,True,0
292,cars,1994,365,True,0
292,cars,1995,365,True,0
292,cars,1996,366,True,0
292,cars,1997,365,True,0
292,cars,1998,364,True,0
292,cars,1999,365,True,0
292,cars,2000,366,True,0
292,cars,2001,365,True,0
292,cars,2002,365,True,0
292,cars,2003,365,True,0
292,cars,2004,366,True,0
292,cars,2005,365,True,0
292,cars,2006,365,True,0
292,cars,2007,365,True,0
292,cars,2008,366,True,0
292,cars,2009,365,True,0
292,cars,2010,365,True,0
292,cars,2011,365,True,0
292,cars,2012,366,True,0
292,cars,2013,365,True,0
292,cars,2014,365,True,0
292,cars,2015,365,True,0
292,cars,2016,366,True,0
292,cars,2017,365,True,0
292,cars,2018,365,True,0
292,cars,2019,365,True,0
292,upstream,1980,337,True,29
292,upstream,1981,342,True,23
292,upstream,1982,361,True,4
292,upstream,1983,352,True,13
292,upstream,1984,341,True,25
292,upstream,1985,348,True,17
292,upstream,1986,362,True,3
292,upstream,1987,350,True,15
292,upstream,1988,346,True,20
292,upstream,1989,358,True,7
292,upstream,1990,362,True,3
292,upstream,1991,354,True,11
292,upstream,1992,366,True,0
292,upstream,1993,365,True,0
292,upstream,1994,349,True,16
292,upstream,1995,359,True,6
292,upstream,1996,366,True,0
292,upstream,1997,365,True,0
292,upstream,1998,311,False,54
292,upstream,1999,365,True,0
292,upstream,2000,350,True,16
292,upstream,2001,359,True,6
292,upstream,2002,365,True,0
292,upstream,2003,365,True,0
292,upstream,2004,366,True,0
292,upstream,2005,365,True,0
292,upstream,2006,365,True,0
292,upstream,2007,365,True,0
292,upstream,2008,366,True,0
292,upstream,2009,364,True,1
292,upstream,2010,365,True,0
292,upstream,2011,365,True,0
292,upstream,2012,366,True,0
292,upstream,2013,365,True,0
292,upstream,2014,365,True,0
292,upstream,2015,365,True,0
292,upstream,2016,366,True,0
292,upstream,2017,359,True,6
292,upstream,2018,361,True,4
292,upstream,2019,365,True,0
293,cars,1980,330,True,0
293,cars,1981,365,True,0
293,cars,1982,332,True,0
293,cars,1983,347,True,0
293,cars,1984,335,True,0
293,cars,1985,365,True,0
293,cars,1986,365,True,0
293,cars,1987,365,True,0
293,cars,1988,357,True,0
293,cars,1989,287,False,0
293,cars,1990,365,True,0
293,cars,1991,365,True,0
293,cars,1992,366,True,0
293,cars,1993,365,True,0
293,cars,1994,365,True,0
293,cars,1995,365,True,0
293,cars,1996,366,True,0
293,cars,1997,365,True,0
293,cars,1998,365,True,0
293,cars,1999,365,True,0
293,cars,2000,366,True,0
293,cars,2001,360,True,0
293,cars,2002,184,False,0
293,cars,2003,365,True,0
293,cars,2004,271,False,0
293,cars,2005,365,True,0
293,cars,2006,365,True,0
293,cars,2007,365,True,0
293,cars,2008,322,False,0
293,cars,2009,349,True,0
293,cars,2010,330,True,0
293,cars,2011,365,True,0
293,cars,2012,366,True,0
293,cars,2013,365,True,0
293,cars,2014,353,True,0
293,cars,2015,365,True,0
293,cars,2016,366,True,0
293,cars,2017,337,True,0
293,cars,2018,356,True,0
293,cars,2019,100,False,0
293,upstream,1980,274,False,92
293,upstream,1981,341,True,24
293,upstream,1982,263,False,102
293,upstream,1983,281,False,84
293,upstream,1984,265,False,101
293,upstream,1985,287,False,78
293,upstream,1986,330,True,35
293,upstream,1987,331,True,34
293,upstream,1988,251,False,115
293,upstream,1989,228,False,137
293,upstream,1990,362,True,3
293,upstream,1991,331,True,34
293,upstream,1992,307,False,59
293,upstream,1993,309,False,56
293,upstream,1994,341,True,24
293,upstream,1995,315,False,50
293,upstream,1996,366,True,0
293,upstream,1997,365,True,0
293,upstream,1998,308,False,57
293,upstream,1999,307,False,58
293,upstream,2000,325,False,41
293,upstream,2001,240,False,125
293,upstream,2002,179,False,186
293,upstream,2003,365,True,0
293,upstream,2004,252,False,114
293,upstream,2005,358,True,7
293,upstream,2006,365,True,0
293,upstream,2007,365,True,0
293,upstream,2008,303,False,63
293,upstream,2009,328,False,37
293,upstream,2010,314,False,51
293,upstream,2011,365,True,0
293,upstream,2012,366,True,0
293,upstream,2013,365,True,0
293,upstream,2014,314,False,51
293,upstream,2015,365,True,0
293,upstream,2016,357,True,9
293,upstream,2017,311,False,54
293,upstream,2018,300,False,65
293,upstream,2019,91,False,1
297,cars,1980,366,True,0
297,cars,1981,365,True,0
297,cars,1982,365,True,0
297,cars,1983,365,True,0
297,cars,1984,366,True,0
297,cars,1985,365,True,0
297,cars,1986,365,True,0
297,cars,1987,365,True,0
297,cars,1988,366,True,0
297,cars,1989,365,True,0
297,cars,1990,365,True,0
297,cars,1991,365,True,0
297,cars,1992,366,True,0
297,cars,1993,365,True,0
297,cars,1994,365,True,0
297,cars,1995,365,True,0
297,cars,1996,366,True,0
297,cars,1997,365,True,0
297,cars,1998,365,True,0
297,cars,1999,365,True,0
297,cars,2000,366,True,0
297,cars,2001,365,True,0
297,cars,2002,358,True,0
297,cars,2003,357,True,0
297,cars,2004,366,True,0
297,cars,2005,365,True,0
297,cars,2006,213,False,0
297,cars,2007,2,False,0
297,cars,2008,143,False,0
297,cars,2009,365,True,0
297,cars,2010,365,True,0
297,cars,2011,365,True,0
297,cars,2012,366,True,0
297,cars,2013,365,True,0
297,cars,2014,365,True,0
297,cars,2015,365,True,0
297,cars,2016,366,True,0
297,cars,2017,365,True,0
297,cars,2018,365,True,0
297,cars,2019,365,True,0
297,upstream,1980,365,True,0
297,upstream,1981,363,True,0
297,upstream,1982,364,True,0
297,upstream,1983,364,True,0
297,upstream,1984,365,True,0
297,upstream,1985,364,True,0
297,upstream,1986,364,True,0
297,upstream,1987,364,True,0
297,upstream,1988,365,True,0
297,upstream,1989,364,True,0
297,upstream,1990,364,True,0
297,upstream,1991,363,True,0
297,upstream,1992,365,True,0
297,upstream,1993,364,True,0
297,upstream,1994,364,True,0
297,upstream,1995,364,True,0
297,upstream,1996,365,True,0
297,upstream,1997,364,True,0
297,upstream,1998,364,True,0
297,upstream,1999,364,True,0
297,upstream,2000,365,True,0
297,upstream,2001,364,True,0
297,upstream,2002,348,True,0
297,upstream,2003,341,True,0
297,upstream,2004,366,True,0
297,upstream,2005,364,True,0
297,upstream,2006,211,False,0
297,upstream,2007,1,False,0
297,upstream,2008,142,False,0
297,upstream,2009,365,True,0
297,upstream,2010,365,True,0
297,upstream,2011,365,True,0
297,upstream,2012,366,True,0
297,upstream,2013,364,True,0
297,upstream,2014,364,True,0
297,upstream,2015,364,True,0
297,upstream,2016,365,True,0
297,upstream,2017,365,True,0
297,upstream,2018,365,True,0
297,upstream,2019,365,True,0
300,cars,1980,366,True,0
300,cars,1981,364,True,0
300,cars,1982,365,True,0
300,cars,1983,365,True,0
300,cars,1984,365,True,0
300,cars,1985,343,True,0
300,cars,1986,365,True,0
300,cars,1987,365,True,0
300,cars,1988,342,True,0
300,cars,1989,363,True,0
300,cars,1990,365,True,0
300,cars,1991,365,True,0
300,cars,1992,366,True,0
300,cars,1993,365,True,0
300,cars,1994,346,True,0
300,cars,1995,365,True,0
300,cars,1996,366,True,0
300,cars,1997,365,True,0
300,cars,1998,365,True,0
300,cars,1999,365,True,0
300,cars,2000,343,True,0
300,cars,2001,322,False,0
300,cars,2002,335,True,0
300,cars,2003,347,True,0
300,cars,2004,366,True,0
300,cars,2005,365,True,0
300,cars,2006,365,True,0
300,cars,2007,331,True,0
300,cars,2008,366,True,0
300,cars,2009,365,True,0
300,cars,2010,365,True,0
300,cars,2011,365,True,0
300,cars,2012,366,True,0
300,cars,2013,365,True,0
300,cars,2014,365,True,0
300,cars,2015,365,True,0
300,cars,2016,366,True,0
300,cars,2017,365,True,0
300,cars,2018,365,True,0
300,cars,2019,365,True,0
300,upstream,1980,361,True,5
300,upstream,1981,356,True,9
300,upstream,1982,357,True,8
300,upstream,1983,343,True,22
300,upstream,1984,323,False,43
300,upstream,1985,332,True,33
300,upstream,1986,365,True,0
300,upstream,1987,365,True,0
300,upstream,1988,334,True,32
300,upstream,1989,355,True,10
300,upstream,1990,365,True,0
300,upstream,1991,365,True,0
300,upstream,1992,366,True,0
300,upstream,1993,365,True,0
300,upstream,1994,330,True,35
300,upstream,1995,365,True,0
300,upstream,1996,366,True,0
300,upstream,1997,365,True,0
300,upstream,1998,365,True,0
300,upstream,1999,365,True,0
300,upstream,2000,323,False,43
300,upstream,2001,291,False,74
300,upstream,2002,335,True,30
300,upstream,2003,339,True,26
300,upstream,2004,366,True,0
300,upstream,2005,365,True,0
300,upstream,2006,355,True,10
300,upstream,2007,317,False,48
300,upstream,2008,366,True,0
300,upstream,2009,365,True,0
300,upstream,2010,365,True,0
300,upstream,2011,365,True,0
300,upstream,2012,366,True,0
300,upstream,2013,365,True,0
300,upstream,2014,365,True,0
300,upstream,2015,357,True,8
300,upstream,2016,349,True,17
300,upstream,2017,344,True,21
300,upstream,2018,356,True,9
300,upstream,2019,358,True,7
307,cars,1980,366,True,0
307,cars,1981,365,True,0
307,cars,1982,365,True,0
307,cars,1983,365,True,0
307,cars,1984,366,True,0
307,cars,1985,365,True,0
307,cars,1986,365,True,0
307,cars,1987,365,True,0
307,cars,1988,366,True,0
307,cars,1989,365,True,0
307,cars,1990,365,True,0
307,cars,1991,365,True,0
307,cars,1992,366,True,0
307,cars,1993,365,True,0
307,cars,1994,365,True,0
307,cars,1995,365,True,0
307,cars,1996,366,True,0
307,cars,1997,365,True,0
307,cars,1998,365,True,0
307,cars,1999,365,True,0
307,cars,2000,366,True,0
307,cars,2001,365,True,0
307,cars,2002,365,True,0
307,cars,2003,365,True,0
307,cars,2004,366,True,0
307,cars,2005,365,True,0
307,cars,2006,365,True,0
307,cars,2007,365,True,0
307,cars,2008,366,True,0
307,cars,2009,365,True,0
307,cars,2010,365,True,0
307,cars,2011,365,True,0
307,cars,2012,366,True,0
307,cars,2013,365,True,0
307,cars,2014,365,True,0
307,cars,2015,365,True,0
307,cars,2016,366,True,0
307,cars,2017,365,True,0
307,cars,2018,365,True,0
307,cars,2019,365,True,0
307,upstream,1980,366,True,0
307,upstream,1981,365,True,0
307,upstream,1982,365,True,0
307,upstream,1983,365,True,0
307,upstream,1984,366,True,0
307,upstream,1985,365,True,0
307,upstream,1986,365,True,0
307,upstream,1987,365,True,0
307,upstream,1988,366,True,0
307,upstream,1989,365,True,0
307,upstream,1990,365,True,0
307,upstream,1991,365,True,0
307,upstream,1992,366,True,0
307,upstream,1993,365,True,0
307,upstream,1994,365,True,0
307,upstream,1995,365,True,0
307,upstream,1996,366,True,0
307,upstream,1997,365,True,0
307,upstream,1998,365,True,0
307,upstream,1999,365,True,0
307,upstream,2000,366,True,0
307,upstream,2001,365,True,0
307,upstream,2002,365,True,0
307,upstream,2003,365,True,0
307,upstream,2004,366,True,0
307,upstream,2005,365,True,0
307,upstream,2006,365,True,0
307,upstream,2007,365,True,0
307,upstream,2008,366,True,0
307,upstream,2009,365,True,0
307,upstream,2010,365,True,0
307,upstream,2011,365,True,0
307,upstream,2012,366,True,0
307,upstream,2013,365,True,0
307,upstream,2014,365,True,0
307,upstream,2015,365,True,0
307,upstream,2016,366,True,0
307,upstream,2017,362,True,0
307,upstream,2018,365,True,0
307,upstream,2019,365,True,0
310,cars,1980,366,True,0
310,cars,1981,365,True,0
310,cars,1982,365,True,0
310,cars,1983,365,True,0
310,cars,1984,366,True,0
310,cars,1985,365,True,0
310,cars,1986,365,True,0
310,cars,1987,365,True,0
310,cars,1988,366,True,0
310,cars,1989,365,True,0
310,cars,1990,365,True,0
310,cars,1991,365,True,0
310,cars,1992,366,True,0
310,cars,1993,365,True,0
310,cars,1994,365,True,0
310,cars,1995,365,True,0
310,cars,1996,366,True,0
310,cars,1997,365,True,0
310,cars,1998,365,True,0
310,cars,1999,365,True,0
310,cars,2000,366,True,0
310,cars,2001,365,True,0
310,cars,2002,365,True,0
310,cars,2003,365,True,0
310,cars,2004,366,True,0
310,cars,2005,365,True,0
310,cars,2006,365,True,0
310,cars,2007,365,True,0
310,cars,2008,366,True,0
310,cars,2009,365,True,0
310,cars,2010,365,True,0
310,cars,2011,365,True,0
310,cars,2012,366,True,0
310,cars,2013,365,True,0
310,cars,2014,365,True,0
310,cars,2015,365,True,0
310,cars,2016,366,True,0
310,cars,2017,365,True,0
310,cars,2018,327,False,0
310,cars,2019,0,False,0
310,upstream,1980,366,True,0
310,upstream,1981,364,True,0
310,upstream,1982,365,True,0
310,upstream,1983,365,True,0
310,upstream,1984,366,True,0
310,upstream,1985,365,True,0
310,upstream,1986,365,True,0
310,upstream,1987,365,True,0
310,upstream,1988,366,True,0
310,upstream,1989,365,True,0
310,upstream,1990,365,True,0
310,upstream,1991,365,True,0
310,upstream,1992,366,True,0
310,upstream,1993,365,True,0
310,upstream,1994,365,True,0
310,upstream,1995,365,True,0
310,upstream,1996,366,True,0
310,upstream,1997,365,True,0
310,upstream,1998,365,True,0
310,upstream,1999,365,True,0
310,upstream,2000,366,True,0
310,upstream,2001,365,True,0
310,upstream,2002,365,True,0
310,upstream,2003,365,True,0
310,upstream,2004,366,True,0
310,upstream,2005,365,True,0
310,upstream,2006,365,True,0
310,upstream,2007,365,True,0
310,upstream,2008,366,True,0
310,upstream,2009,365,True,0
310,upstream,2010,365,True,0
310,upstream,2011,365,True,0
310,upstream,2012,366,True,0
310,upstream,2013,364,True,0
310,upstream,2014,365,True,0
310,upstream,2015,364,True,0
310,upstream,2016,366,True,0
310,upstream,2017,365,True,0
310,upstream,2018,327,False,0
310,upstream,2019,0,False,0
316,cars,1980,0,False,0
316,cars,1981,0,False,0
316,cars,1982,0,False,0
316,cars,1983,0,False,0
316,cars,1984,0,False,0
316,cars,1985,0,False,0
316,cars,1986,0,False,0
316,cars,1987,0,False,0
316,cars,1988,0,False,0
316,cars,1989,0,False,0
316,cars,1990,0,False,0
316,cars,1991,0,False,0
316,cars,1992,0,False,0
316,cars,1993,0,False,0
316,cars,1994,0,False,0
316,cars,1995,0,False,0
316,cars,1996,0,False,0
316,cars,1997,0,False,0
316,cars,1998,0,False,0
316,cars,1999,0,False,0
316,cars,2000,366,True,0
316,cars,2001,365,True,0
316,cars,2002,365,True,0
316,cars,2003,365,True,0
316,cars,2004,366,True,0
316,cars,2005,365,True,0
316,cars,2006,365,True,0
316,cars,2007,365,True,0
316,cars,2008,366,True,0
316,cars,2009,365,True,0
316,cars,2010,365,True,0
316,cars,2011,365,True,0
316,cars,2012,366,True,0
316,cars,2013,365,True,0
316,cars,2014,365,True,0
316,cars,2015,365,True,0
316,cars,2016,366,True,0
316,cars,2017,365,True,0
316,cars,2018,365,True,0
316,cars,2019,365,True,0
316,upstream,1980,0,False,0
316,upstream,1981,0,False,0
316,upstream,1982,0,False,0
316,upstream,1983,0,False,0
316,upstream,1984,0,False,0
316,upstream,1985,0,False,0
316,upstream,1986,0,False,0
316,upstream,1987,0,False,0
316,upstream,1988,0,False,0
316,upstream,1989,0,False,0
316,upstream,1990,0,False,0
316,upstream,1991,0,False,0
316,upstream,1992,0,False,0
316,upstream,1993,0,False,0
316,upstream,1994,0,False,0
316,upstream,1995,0,False,0
316,upstream,1996,0,False,0
316,upstream,1997,0,False,0
316,upstream,1998,0,False,0
316,upstream,1999,0,False,0
316,upstream,2000,366,True,0
316,upstream,2001,365,True,0
316,upstream,2002,365,True,0
316,upstream,2003,365,True,0
316,upstream,2004,366,True,0
316,upstream,2005,365,True,0
316,upstream,2006,365,True,0
316,upstream,2007,365,True,0
316,upstream,2008,366,True,0
316,upstream,2009,365,True,0
316,upstream,2010,365,True,0
316,upstream,2011,365,True,0
316,upstream,2012,366,True,0
316,upstream,2013,365,True,0
316,upstream,2014,365,True,0
316,upstream,2015,365,True,0
316,upstream,2016,366,True,0
316,upstream,2017,365,True,0
316,upstream,2018,365,True,0
316,upstream,2019,365,True,0
317,cars,1980,0,False,0
317,cars,1981,0,False,0
317,cars,1982,0,False,0
317,cars,1983,0,False,0
317,cars,1984,0,False,0
317,cars,1985,0,False,0
317,cars,1986,0,False,0
317,cars,1987,0,False,0
317,cars,1988,0,False,0
317,cars,1989,0,False,0
317,cars,1990,0,False,0
317,cars,1991,0,False,0
317,cars,1992,0,False,0
317,cars,1993,365,True,0
317,cars,1994,365,True,0
317,cars,1995,365,True,0
317,cars,1996,365,True,0
317,cars,1997,365,True,0
317,cars,1998,254,False,0
317,cars,1999,314,False,0
317,cars,2000,326,False,0
317,cars,2001,306,False,0
317,cars,2002,331,True,0
317,cars,2003,273,False,0
317,cars,2004,298,False,0
317,cars,2005,230,False,0
317,cars,2006,215,False,0
317,cars,2007,349,True,0
317,cars,2008,366,True,0
317,cars,2009,260,False,0
317,cars,2010,175,False,0
317,cars,2011,365,True,0
317,cars,2012,366,True,0
317,cars,2013,365,True,0
317,cars,2014,365,True,0
317,cars,2015,365,True,0
317,cars,2016,366,True,0
317,cars,2017,341,True,0
317,cars,2018,365,True,0
317,cars,2019,92,False,0
317,upstream,1980,0,False,0
317,upstream,1981,0,False,0
317,upstream,1982,0,False,0
317,upstream,1983,0,False,0
317,upstream,1984,0,False,0
317,upstream,1985,0,False,0
317,upstream,1986,0,False,0
317,upstream,1987,0,False,0
317,upstream,1988,0,False,0
317,upstream,1989,0,False,0
317,upstream,1990,0,False,0
317,upstream,1991,0,False,0
317,upstream,1992,0,False,0
317,upstream,1993,330,True,35
317,upstream,1994,343,True,22
317,upstream,1995,344,True,21
317,upstream,1996,260,False,106
317,upstream,1997,267,False,98
317,upstream,1998,183,False,182
317,upstream,1999,235,False,130
317,upstream,2000,212,False,154
317,upstream,2001,226,False,139
317,upstream,2002,257,False,108
317,upstream,2003,215,False,150
317,upstream,2004,211,False,155
317,upstream,2005,181,False,184
317,upstream,2006,176,False,189
317,upstream,2007,341,True,24
317,upstream,2008,366,True,0
317,upstream,2009,193,False,172
317,upstream,2010,159,False,206
317,upstream,2011,365,True,0
317,upstream,2012,366,True,0
317,upstream,2013,364,True,1
317,upstream,2014,365,True,0
317,upstream,2015,365,True,0
317,upstream,2016,366,True,0
317,upstream,2017,339,True,0
317,upstream,2018,362,True,3
317,upstream,2019,86,False,6
319,cars,1980,366,True,0
319,cars,1981,365,True,0
319,cars,1982,365,True,0
319,cars,1983,365,True,0
319,cars,1984,366,True,0
319,cars,1985,365,True,0
319,cars,1986,365,True,0
319,cars,1987,365,True,0
319,cars,1988,366,True,0
319,cars,1989,365,True,0
319,cars,1990,365,True,0
319,cars,1991,365,True,0
319,cars,1992,366,True,0
319,cars,1993,365,True,0
319,cars,1994,365,True,0
319,cars,1995,365,True,0
319,cars,1996,366,True,0
319,cars,1997,365,True,0
319,cars,1998,365,True,0
319,cars,1999,365,True,0
319,cars,2000,366,True,0
319,cars,2001,365,True,0
319,cars,2002,365,True,0
319,cars,2003,365,True,0
319,cars,2004,366,True,0
319,cars,2005,365,True,0
319,cars,2006,365,True,0
319,cars,2007,365,True,0
319,cars,2008,366,True,0
319,cars,2009,365,True,0
319,cars,2010,365,True,0
319,cars,2011,365,True,0
319,cars,2012,366,True,0
319,cars,2013,365,True,0
319,cars,2014,365,True,0
319,cars,2015,365,True,0
319,cars,2016,366,True,0
319,cars,2017,365,True,0
319,cars,2018,365,True,0
319,cars,2019,365,True,0
319,upstream,1980,366,True,0
319,upstream,1981,364,True,1
319,upstream,1982,365,True,0
319,upstream,1983,365,True,0
319,upstream,1984,366,True,0
319,upstream,1985,365,True,0
319,upstream,1986,365,True,0
319,upstream,1987,364,True,1
319,upstream,1988,366,True,0
319,upstream,1989,365,True,0
319,upstream,1990,365,True,0
319,upstream,1991,365,True,0
319,upstream,1992,366,True,0
319,upstream,1993,365,True,0
319,upstream,1994,365,True,0
319,upstream,1995,365,True,0
319,upstream,1996,366,True,0
319,upstream,1997,365,True,0
319,upstream,1998,365,True,0
319,upstream,1999,365,True,0
319,upstream,2000,366,True,0
319,upstream,2001,365,True,0
319,upstream,2002,365,True,0
319,upstream,2003,365,True,0
319,upstream,2004,366,True,0
319,upstream,2005,365,True,0
319,upstream,2006,365,True,0
319,upstream,2007,365,True,0
319,upstream,2008,366,True,0
319,upstream,2009,365,True,0
319,upstream,2010,365,True,0
319,upstream,2011,365,True,0
319,upstream,2012,366,True,0
319,upstream,2013,365,True,0
319,upstream,2014,365,True,0
319,upstream,2015,365,True,0
319,upstream,2016,366,True,0
319,upstream,2017,365,True,0
319,upstream,2018,365,True,0
319,upstream,2019,365,True,0
320,cars,1980,0,False,0
320,cars,1981,0,False,0
320,cars,1982,0,False,0
320,cars,1983,0,False,0
320,cars,1984,0,False,0
320,cars,1985,0,False,0
320,cars,1986,365,True,0
320,cars,1987,346,True,0
320,cars,1988,332,True,0
320,cars,1989,363,True,0
320,cars,1990,328,False,0
320,cars,1991,277,False,0
320,cars,1992,356,True,0
320,cars,1993,365,True,0
320,cars,1994,360,True,0
320,cars,1995,365,True,0
320,cars,1996,366,True,0
320,cars,1997,365,True,0
320,cars,1998,343,True,0
320,cars,1999,287,False,0
320,cars,2000,314,False,0
320,cars,2001,365,True,0
320,cars,2002,340,True,0
320,cars,2003,321,False,0
320,cars,2004,313,False,0
320,cars,2005,335,True,0
320,cars,2006,322,False,0
320,cars,2007,300,False,0
320,cars,2008,332,True,0
320,cars,2009,315,False,0
320,cars,2010,343,True,0
320,cars,2011,358,True,0
320,cars,2012,323,False,0
320,cars,2013,328,False,0
320,cars,2014,330,True,0
320,cars,2015,338,True,0
320,cars,2016,335,True,0
320,cars,2017,360,True,0
320,cars,2018,365,True,0
320,cars,2019,365,True,0
320,upstream,1980,0,False,0
320,upstream,1981,0,False,0
320,upstream,1982,0,False,0
320,upstream,1983,0,False,0
320,upstream,1984,0,False,0
320,upstream,1985,0,False,0
320,upstream,1986,320,False,45
320,upstream,1987,324,False,41
320,upstream,1988,288,False,78
320,upstream,1989,352,True,13
320,upstream,1990,294,False,71
320,upstream,1991,259,False,106
320,upstream,1992,227,False,139
320,upstream,1993,322,False,43
320,upstream,1994,291,False,74
320,upstream,1995,354,True,11
320,upstream,1996,329,False,37
320,upstream,1997,359,True,6
320,upstream,1998,307,False,58
320,upstream,1999,249,False,116
320,upstream,2000,285,False,81
320,upstream,2001,361,True,4
320,upstream,2002,297,False,68
320,upstream,2003,264,False,101
320,upstream,2004,267,False,99
320,upstream,2005,278,False,87
320,upstream,2006,284,False,81
320,upstream,2007,292,False,73
320,upstream,2008,292,False,74
320,upstream,2009,278,False,87
320,upstream,2010,309,False,56
320,upstream,2011,317,False,48
320,upstream,2012,286,False,80
320,upstream,2013,279,False,86
320,upstream,2014,304,False,61
320,upstream,2015,285,False,80
320,upstream,2016,280,False,86
320,upstream,2017,290,False,75
320,upstream,2018,353,True,12
320,upstream,2019,352,True,13
355,cars,1980,366,True,0
355,cars,1981,365,True,0
355,cars,1982,365,True,0
355,cars,1983,365,True,0
355,cars,1984,366,True,0
355,cars,1985,365,True,0
355,cars,1986,365,True,0
355,cars,1987,365,True,0
355,cars,1988,366,True,0
355,cars,1989,365,True,0
355,cars,1990,365,True,0
355,cars,1991,365,True,0
355,cars,1992,366,True,0
355,cars,1993,365,True,0
355,cars,1994,365,True,0
355,cars,1995,365,True,0
355,cars,1996,366,True,0
355,cars,1997,365,True,0
355,cars,1998,365,True,0
355,cars,1999,365,True,0
355,cars,2000,366,True,0
355,cars,2001,365,True,0
355,cars,2002,365,True,0
355,cars,2003,365,True,0
355,cars,2004,366,True,0
355,cars,2005,365,True,0
355,cars,2006,365,True,0
355,cars,2007,365,True,0
355,cars,2008,366,True,0
355,cars,2009,365,True,0
355,cars,2010,365,True,0
355,cars,2011,365,True,0
355,cars,2012,366,True,0
355,cars,2013,365,True,0
355,cars,2014,365,True,0
355,cars,2015,365,True,0
355,cars,2016,366,True,0
355,cars,2017,365,True,0
355,cars,2018,365,True,0
355,cars,2019,365,True,0
355,upstream,1980,366,True,0
355,upstream,1981,365,True,0
355,upstream,1982,365,True,0
355,upstream,1983,365,True,0
355,upstream,1984,366,True,0
355,upstream,1985,365,True,0
355,upstream,1986,365,True,0
355,upstream,1987,365,True,0
355,upstream,1988,366,True,0
355,upstream,1989,365,True,0
355,upstream,1990,365,True,0
355,upstream,1991,365,True,0
355,upstream,1992,366,True,0
355,upstream,1993,365,True,0
355,upstream,1994,365,True,0
355,upstream,1995,365,True,0
355,upstream,1996,366,True,0
355,upstream,1997,365,True,0
355,upstream,1998,365,True,0
355,upstream,1999,365,True,0
355,upstream,2000,366,True,0
355,upstream,2001,365,True,0
355,upstream,2002,365,True,0
355,upstream,2003,365,True,0
355,upstream,2004,366,True,0
355,upstream,2005,365,True,0
355,upstream,2006,365,True,0
355,upstream,2007,365,True,0
355,upstream,2008,366,True,0
355,upstream,2009,365,True,0
355,upstream,2010,365,True,0
355,upstream,2011,365,True,0
355,upstream,2012,366,True,0
355,upstream,2013,365,True,0
355,upstream,2014,365,True,0
355,upstream,2015,365,True,0
355,upstream,2016,366,True,0
355,upstream,2017,365,True,0
355,upstream,2018,365,True,0
355,upstream,2019,365,True,0
361,cars,1980,0,False,0
361,cars,1981,0,False,0
361,cars,1982,0,False,0
361,cars,1983,0,False,0
361,cars,1984,365,True,0
361,cars,1985,365,True,0
361,cars,1986,364,True,0
361,cars,1987,337,True,0
361,cars,1988,289,False,0
361,cars,1989,274,False,0
361,cars,1990,351,True,0
361,cars,1991,361,True,0
361,cars,1992,359,True,0
361,cars,1993,365,True,0
361,cars,1994,365,True,0
361,cars,1995,365,True,0
361,cars,1996,359,True,0
361,cars,1997,280,False,0
361,cars,1998,365,True,0
361,cars,1999,365,True,0
361,cars,2000,366,True,0
361,cars,2001,365,True,0
361,cars,2002,363,True,0
361,cars,2003,350,True,0
361,cars,2004,366,True,0
361,cars,2005,362,True,0
361,cars,2006,365,True,0
361,cars,2007,340,True,0
361,cars,2008,366,True,0
361,cars,2009,365,True,0
361,cars,2010,365,True,0
361,cars,2011,365,True,0
361,cars,2012,366,True,0
361,cars,2013,365,True,0
361,cars,2014,365,True,0
361,cars,2015,326,False,0
361,cars,2016,366,True,0
361,cars,2017,365,True,0
361,cars,2018,365,True,0
361,cars,2019,365,True,0
361,upstream,1980,0,False,0
361,upstream,1981,0,False,0
361,upstream,1982,0,False,0
361,upstream,1983,0,False,0
361,upstream,1984,361,True,4
361,upstream,1985,345,True,20
361,upstream,1986,335,True,16
361,upstream,1987,314,False,49
361,upstream,1988,211,False,22
361,upstream,1989,237,False,17
361,upstream,1990,323,False,40
361,upstream,1991,345,True,19
361,upstream,1992,331,True,35
361,upstream,1993,359,True,3
361,upstream,1994,359,True,6
361,upstream,1995,362,True,1
361,upstream,1996,351,True,0
361,upstream,1997,271,False,0
361,upstream,1998,364,True,1
361,upstream,1999,365,True,0
361,upstream,2000,358,True,7
361,upstream,2001,343,True,21
361,upstream,2002,349,True,6
361,upstream,2003,339,True,26
361,upstream,2004,358,True,7
361,upstream,2005,346,True,16
361,upstream,2006,358,True,0
361,upstream,2007,322,False,9
361,upstream,2008,366,True,0
361,upstream,2009,361,True,0
361,upstream,2010,365,True,0
361,upstream,2011,365,True,0
361,upstream,2012,366,True,0
361,upstream,2013,360,True,5
361,upstream,2014,358,True,7
361,upstream,2015,306,False,59
361,upstream,2016,357,True,9
361,upstream,2017,355,True,10
361,upstream,2018,339,True,26
361,upstream,2019,350,True,15
362,cars,1980,366,True,0
362,cars,1981,365,True,0
362,cars,1982,365,True,0
362,cars,1983,365,True,0
362,cars,1984,366,True,0
362,cars,1985,365,True,0
362,cars,1986,365,True,0
362,cars,1987,365,True,0
362,cars,1988,366,True,0
362,cars,1989,365,True,0
362,cars,1990,365,True,0
362,cars,1991,365,True,0
362,cars,1992,366,True,0
362,cars,1993,365,True,0
362,cars,1994,365,True,0
362,cars,1995,365,True,0
362,cars,1996,366,True,0
362,cars,1997,365,True,0
362,cars,1998,365,True,0
362,cars,1999,365,True,0
362,cars,2000,366,True,0
362,cars,2001,365,True,0
362,cars,2002,365,True,0
362,cars,2003,365,True,0
362,cars,2004,366,True,0
362,cars,2005,365,True,0
362,cars,2006,365,True,0
362,cars,2007,365,True,0
362,cars,2008,366,True,0
362,cars,2009,365,True,0
362,cars,2010,365,True,0
362,cars,2011,365,True,0
362,cars,2012,366,True,0
362,cars,2013,365,True,0
362,cars,2014,365,True,0
362,cars,2015,365,True,0
362,cars,2016,366,True,0
362,cars,2017,365,True,0
362,cars,2018,365,True,0
362,cars,2019,365,True,0
362,upstream,1980,366,True,0
362,upstream,1981,365,True,0
362,upstream,1982,365,True,0
362,upstream,1983,365,True,0
362,upstream,1984,366,True,0
362,upstream,1985,365,True,0
362,upstream,1986,365,True,0
362,upstream,1987,365,True,0
362,upstream,1988,366,True,0
362,upstream,1989,365,True,0
362,upstream,1990,365,True,0
362,upstream,1991,365,True,0
362,upstream,1992,366,True,0
362,upstream,1993,365,True,0
362,upstream,1994,365,True,0
362,upstream,1995,365,True,0
362,upstream,1996,366,True,0
362,upstream,1997,365,True,0
362,upstream,1998,365,True,0
362,upstream,1999,365,True,0
362,upstream,2000,366,True,0
362,upstream,2001,365,True,0
362,upstream,2002,365,True,0
362,upstream,2003,365,True,0
362,upstream,2004,366,True,0
362,upstream,2005,365,True,0
362,upstream,2006,365,True,0
362,upstream,2007,365,True,0
362,upstream,2008,366,True,0
362,upstream,2009,365,True,0
362,upstream,2010,365,True,0
362,upstream,2011,365,True,0
362,upstream,2012,366,True,0
362,upstream,2013,365,True,0
362,upstream,2014,365,True,0
362,upstream,2015,365,True,0
362,upstream,2016,366,True,0
362,upstream,2017,365,True,0
362,upstream,2018,365,True,0
362,upstream,2019,365,True,0
364,cars,1980,0,False,0
364,cars,1981,0,False,0
364,cars,1982,0,False,0
364,cars,1983,0,False,0
364,cars,1984,0,False,0
364,cars,1985,0,False,0
364,cars,1986,0,False,0
364,cars,1987,215,False,0
364,cars,1988,366,True,0
364,cars,1989,365,True,0
364,cars,1990,365,True,0
364,cars,1991,365,True,0
364,cars,1992,366,True,0
364,cars,1993,365,True,0
364,cars,1994,365,True,0
364,cars,1995,364,True,0
364,cars,1996,366,True,0
364,cars,1997,365,True,0
364,cars,1998,365,True,0
364,cars,1999,365,True,0
364,cars,2000,366,True,0
364,cars,2001,365,True,0
364,cars,2002,365,True,0
364,cars,2003,365,True,0
364,cars,2004,366,True,0
364,cars,2005,365,True,0
364,cars,2006,365,True,0
364,cars,2007,365,True,0
364,cars,2008,366,True,0
364,cars,2009,365,True,0
364,cars,2010,365,True,0
364,cars,2011,365,True,0
364,cars,2012,366,True,0
364,cars,2013,365,True,0
364,cars,2014,365,True,0
364,cars,2015,365,True,0
364,cars,2016,366,True,0
364,cars,2017,365,True,0
364,cars,2018,365,True,0
364,cars,2019,92,False,0
364,upstream,1980,0,False,0
364,upstream,1981,0,False,0
364,upstream,1982,0,False,0
364,upstream,1983,0,False,0
364,upstream,1984,0,False,0
364,upstream,1985,0,False,0
364,upstream,1986,0,False,0
364,upstream,1987,198,False,0
364,upstream,1988,355,True,1
364,upstream,1989,356,True,2
364,upstream,1990,364,True,0
364,upstream,1991,365,True,0
364,upstream,1992,366,True,0
364,upstream,1993,364,True,1
364,upstream,1994,364,True,1
364,upstream,1995,362,True,0
364,upstream,1996,366,True,0
364,upstream,1997,364,True,1
364,upstream,1998,365,True,0
364,upstream,1999,360,True,5
364,upstream,2000,366,True,0
364,upstream,2001,363,True,2
364,upstream,2002,365,True,0
364,upstream,2003,365,True,0
364,upstream,2004,366,True,0
364,upstream,2005,365,True,0
364,upstream,2006,365,True,0
364,upstream,2007,365,True,0
364,upstream,2008,366,True,0
364,upstream,2009,365,True,0
364,upstream,2010,365,True,0
364,upstream,2011,365,True,0
364,upstream,2012,366,True,0
364,upstream,2013,365,True,0
364,upstream,2014,365,True,0
364,upstream,2015,365,True,0
364,upstream,2016,366,True,0
364,upstream,2017,365,True,0
364,upstream,2018,365,True,0
364,upstream,2019,92,False,0
367,cars,1980,364,True,0
367,cars,1981,357,True,0
367,cars,1982,358,True,0
367,cars,1983,365,True,0
367,cars,1984,366,True,0
367,cars,1985,359,True,0
367,cars,1986,365,True,0
367,cars,1987,357,True,0
367,cars,1988,366,True,0
367,cars,1989,363,True,0
367,cars,1990,365,True,0
367,cars,1991,365,True,0
367,cars,1992,366,True,0
367,cars,1993,365,True,0
367,cars,1994,362,True,0
367,cars,1995,364,True,0
367,cars,1996,357,True,0
367,cars,1997,364,True,0
367,cars,1998,365,True,0
367,cars,1999,365,True,0
367,cars,2000,366,True,0
367,cars,2001,365,True,0
367,cars,2002,365,True,0
367,cars,2003,365,True,0
367,cars,2004,366,True,0
367,cars,2005,365,True,0
367,cars,2006,363,True,0
367,cars,2007,363,True,0
367,cars,2008,366,True,0
367,cars,2009,365,True,0
367,cars,2010,365,True,0
367,cars,2011,365,True,0
367,cars,2012,366,True,0
367,cars,2013,364,True,0
367,cars,2014,365,True,0
367,cars,2015,365,True,0
367,cars,2016,366,True,0
367,cars,2017,365,True,0
367,cars,2018,365,True,0
367,cars,2019,362,True,0
367,upstream,1980,309,False,57
367,upstream,1981,326,False,39
367,upstream,1982,347,True,18
367,upstream,1983,334,True,31
367,upstream,1984,349,True,17
367,upstream,1985,330,True,35
367,upstream,1986,323,False,42
367,upstream,1987,289,False,76
367,upstream,1988,330,True,36
367,upstream,1989,326,False,39
367,upstream,1990,324,False,41
367,upstream,1991,319,False,46
367,upstream,1992,333,True,33
367,upstream,1993,346,True,19
367,upstream,1994,292,False,73
367,upstream,1995,308,False,57
367,upstream,1996,319,False,47
367,upstream,1997,334,True,31
367,upstream,1998,347,True,18
367,upstream,1999,338,True,27
367,upstream,2000,329,False,37
367,upstream,2001,348,True,17
367,upstream,2002,337,True,28
367,upstream,2003,348,True,17
367,upstream,2004,348,True,18
367,upstream,2005,328,False,37
367,upstream,2006,324,False,41
367,upstream,2007,313,False,52
367,upstream,2008,346,True,20
367,upstream,2009,340,True,25
367,upstream,2010,356,True,9
367,upstream,2011,352,True,13
367,upstream,2012,328,False,38
367,upstream,2013,304,False,61
367,upstream,2014,354,True,11
367,upstream,2015,357,True,8
367,upstream,2016,358,True,8
367,upstream,2017,346,True,19
367,upstream,2018,329,True,36
367,upstream,2019,311,False,54
368,cars,1980,0,False,0
368,cars,1981,0,False,0
368,cars,1982,0,False,0
368,cars,1983,0,False,0
368,cars,1984,0,False,0
368,cars,1985,0,False,0
368,cars,1986,0,False,0
368,cars,1987,0,False,0
368,cars,1988,0,False,0
368,cars,1989,365,True,0
368,cars,1990,356,True,0
368,cars,1991,349,True,0
368,cars,1992,352,True,0
368,cars,1993,310,False,0
368,cars,1994,321,False,0
368,cars,1995,365,True,0
368,cars,1996,366,True,0
368,cars,1997,365,True,0
368,cars,1998,365,True,0
368,cars,1999,365,True,0
368,cars,2000,366,True,0
368,cars,2001,365,True,0
368,cars,2002,365,True,0
368,cars,2003,360,True,0
368,cars,2004,366,True,0
368,cars,2005,365,True,0
368,cars,2006,365,True,0
368,cars,2007,334,True,0
368,cars,2008,366,True,0
368,cars,2009,365,True,0
368,cars,2010,365,True,0
368,cars,2011,365,True,0
368,cars,2012,366,True,0
368,cars,2013,365,True,0
368,cars,2014,365,True,0
368,cars,2015,365,True,0
368,cars,2016,366,True,0
368,cars,2017,365,True,0
368,cars,2018,88,False,0
368,cars,2019,0,False,0
368,upstream,1980,0,False,0
368,upstream,1981,0,False,0
368,upstream,1982,0,False,0
368,upstream,1983,0,False,0
368,upstream,1984,0,False,0
368,upstream,1985,0,False,0
368,upstream,1986,0,False,0
368,upstream,1987,0,False,0
368,upstream,1988,0,False,0
368,upstream,1989,320,False,45
368,upstream,1990,295,False,66
368,upstream,1991,324,False,41
368,upstream,1992,327,False,39
368,upstream,1993,302,False,7
368,upstream,1994,273,False,92
368,upstream,1995,359,True,6
368,upstream,1996,355,True,11
368,upstream,1997,365,True,0
368,upstream,1998,357,True,8
368,upstream,1999,329,True,33
368,upstream,2000,327,False,39
368,upstream,2001,356,True,9
368,upstream,2002,365,True,0
368,upstream,2003,350,True,15
368,upstream,2004,366,True,0
368,upstream,2005,365,True,0
368,upstream,2006,365,True,0
368,upstream,2007,317,False,48
368,upstream,2008,366,True,0
368,upstream,2009,365,True,0
368,upstream,2010,365,True,0
368,upstream,2011,365,True,0
368,upstream,2012,366,True,0
368,upstream,2013,354,True,11
368,upstream,2014,365,True,0
368,upstream,2015,365,True,0
368,upstream,2016,360,True,6
368,upstream,2017,365,True,0
368,upstream,2018,79,False,1
368,upstream,2019,0,False,0
372,cars,1980,366,True,0
372,cars,1981,362,True,0
372,cars,1982,365,True,0
372,cars,1983,365,True,0
372,cars,1984,366,True,0
372,cars,1985,365,True,0
372,cars,1986,365,True,0
372,cars,1987,365,True,0
372,cars,1988,364,True,0
372,cars,1989,364,True,0
372,cars,1990,365,True,0
372,cars,1991,365,True,0
372,cars,1992,365,True,0
372,cars,1993,365,True,0
372,cars,1994,365,True,0
372,cars,1995,365,True,0
372,cars,1996,366,True,0
372,cars,1997,365,True,0
372,cars,1998,365,True,0
372,cars,1999,365,True,0
372,cars,2000,366,True,0
372,cars,2001,365,True,0
372,cars,2002,365,True,0
372,cars,2003,364,True,0
372,cars,2004,366,True,0
372,cars,2005,365,True,0
372,cars,2006,365,True,0
372,cars,2007,360,True,0
372,cars,2008,366,True,0
372,cars,2009,365,True,0
372,cars,2010,365,True,0
372,cars,2011,365,True,0
372,cars,2012,366,True,0
372,cars,2013,355,True,0
372,cars,2014,365,True,0
372,cars,2015,363,True,0
372,cars,2016,366,True,0
372,cars,2017,365,True,0
372,cars,2018,365,True,0
372,cars,2019,365,True,0
372,upstream,1980,357,True,9
372,upstream,1981,346,True,19
372,upstream,1982,363,True,2
372,upstream,1983,365,True,0
372,upstream,1984,366,True,0
372,upstream,1985,356,True,9
372,upstream,1986,351,True,14
372,upstream,1987,353,True,12
372,upstream,1988,322,False,44
372,upstream,1989,361,True,4
372,upstream,1990,354,True,11
372,upstream,1991,350,True,15
372,upstream,1992,345,True,21
372,upstream,1993,359,True,6
372,upstream,1994,317,False,48
372,upstream,1995,353,True,12
372,upstream,1996,360,True,6
372,upstream,1997,364,True,1
372,upstream,1998,365,True,0
372,upstream,1999,364,True,1
372,upstream,2000,349,True,17
372,upstream,2001,352,True,13
372,upstream,2002,349,True,16
372,upstream,2003,348,True,17
372,upstream,2004,359,True,7
372,upstream,2005,343,True,22
372,upstream,2006,360,True,5
372,upstream,2007,338,True,27
372,upstream,2008,363,True,3
372,upstream,2009,365,True,0
372,upstream,2010,360,True,5
372,upstream,2011,365,True,0
372,upstream,2012,355,True,11
372,upstream,2013,329,True,36
372,upstream,2014,350,True,15
372,upstream,2015,345,True,20
372,upstream,2016,330,True,36
372,upstream,2017,361,True,4
372,upstream,2018,364,True,1
372,upstream,2019,363,True,2
373,cars,1980,366,True,0
373,cars,1981,365,True,0
373,cars,1982,365,True,0
373,cars,1983,365,True,0
373,cars,1984,366,True,0
373,cars,1985,365,True,0
373,cars,1986,365,True,0
373,cars,1987,365,True,0
373,cars,1988,366,True,0
373,cars,1989,365,True,0
373,cars,1990,365,True,0
373,cars,1991,365,True,0
373,cars,1992,366,True,0
373,cars,1993,365,True,0
373,cars,1994,365,True,0
373,cars,1995,365,True,0
373,cars,1996,366,True,0
373,cars,1997,365,True,0
373,cars,1998,365,True,0
373,cars,1999,365,True,0
373,cars,2000,366,True,0
373,cars,2001,365,True,0
373,cars,2002,365,True,0
373,cars,2003,365,True,0
373,cars,2004,366,True,0
373,cars,2005,365,True,0
373,cars,2006,365,True,0
373,cars,2007,365,True,0
373,cars,2008,366,True,0
373,cars,2009,365,True,0
373,cars,2010,365,True,0
373,cars,2011,365,True,0
373,cars,2012,366,True,0
373,cars,2013,365,True,0
373,cars,2014,365,True,0
373,cars,2015,365,True,0
373,cars,2016,366,True,0
373,cars,2017,365,True,0
373,cars,2018,365,True,0
373,cars,2019,365,True,0
373,upstream,1980,366,True,0
373,upstream,1981,365,True,0
373,upstream,1982,365,True,0
373,upstream,1983,365,True,0
373,upstream,1984,366,True,0
373,upstream,1985,365,True,0
373,upstream,1986,365,True,0
373,upstream,1987,365,True,0
373,upstream,1988,366,True,0
373,upstream,1989,365,True,0
373,upstream,1990,365,True,0
373,upstream,1991,365,True,0
373,upstream,1992,366,True,0
373,upstream,1993,365,True,0
373,upstream,1994,365,True,0
373,upstream,1995,365,True,0
373,upstream,1996,366,True,0
373,upstream,1997,365,True,0
373,upstream,1998,365,True,0
373,upstream,1999,365,True,0
373,upstream,2000,366,True,0
373,upstream,2001,365,True,0
373,upstream,2002,364,True,1
373,upstream,2003,365,True,0
373,upstream,2004,366,True,0
373,upstream,2005,365,True,0
373,upstream,2006,365,True,0
373,upstream,2007,365,True,0
373,upstream,2008,366,True,0
373,upstream,2009,365,True,0
373,upstream,2010,365,True,0
373,upstream,2011,365,True,0
373,upstream,2012,366,True,0
373,upstream,2013,364,True,1
373,upstream,2014,365,True,0
373,upstream,2015,365,True,0
373,upstream,2016,366,True,0
373,upstream,2017,365,True,0
373,upstream,2018,365,True,0
373,upstream,2019,365,True,0
374,cars,1980,0,False,0
374,cars,1981,0,False,0
374,cars,1982,0,False,0
374,cars,1983,0,False,0
374,cars,1984,0,False,0
374,cars,1985,5,False,0
374,cars,1986,359,True,0
374,cars,1987,324,False,0
374,cars,1988,366,True,0
374,cars,1989,363,True,0
374,cars,1990,365,True,0
374,cars,1991,342,True,0
374,cars,1992,366,True,0
374,cars,1993,365,True,0
374,cars,1994,365,True,0
374,cars,1995,227,False,0
374,cars,1996,366,True,0
374,cars,1997,364,True,0
374,cars,1998,365,True,0
374,cars,1999,365,True,0
374,cars,2000,361,True,0
374,cars,2001,365,True,0
374,cars,2002,365,True,0
374,cars,2003,364,True,0
374,cars,2004,366,True,0
374,cars,2005,362,True,0
374,cars,2006,365,True,0
374,cars,2007,365,True,0
374,cars,2008,298,False,0
374,cars,2009,355,True,0
374,cars,2010,116,False,0
374,cars,2011,344,True,0
374,cars,2012,366,True,0
374,cars,2013,365,True,0
374,cars,2014,328,False,0
374,cars,2015,125,False,0
374,cars,2016,366,True,0
374,cars,2017,353,True,0
374,cars,2018,365,True,0
374,cars,2019,355,True,0
374,upstream,1980,0,False,1
374,upstream,1981,0,False,1
374,upstream,1982,0,False,0
374,upstream,1983,0,False,0
374,upstream,1984,0,False,0
374,upstream,1985,5,False,0
374,upstream,1986,356,True,0
374,upstream,1987,320,False,2
374,upstream,1988,362,True,2
374,upstream,1989,362,True,0
374,upstream,1990,365,True,0
374,upstream,1991,339,True,0
374,upstream,1992,366,True,0
374,upstream,1993,365,True,0
374,upstream,1994,365,True,0
374,upstream,1995,225,False,0
374,upstream,1996,366,True,0
374,upstream,1997,363,True,0
374,upstream,1998,365,True,0
374,upstream,1999,365,True,0
374,upstream,2000,359,True,0
374,upstream,2001,365,True,0
374,upstream,2002,364,True,0
374,upstream,2003,363,True,0
374,upstream,2004,366,True,0
374,upstream,2005,360,True,1
374,upstream,2006,364,True,0
374,upstream,2007,364,True,1
374,upstream,2008,296,False,0
374,upstream,2009,353,True,0
374,upstream,2010,111,False,1
374,upstream,2011,344,True,0
374,upstream,2012,366,True,0
374,upstream,2013,365,True,0
374,upstream,2014,322,False,0
374,upstream,2015,118,False,0
374,upstream,2016,366,True,0
374,upstream,2017,352,True,0
374,upstream,2018,365,True,0
374,upstream,2019,347,True,0
378,cars,1980,0,False,0
378,cars,1981,114,False,0
378,cars,1982,326,False,0
378,cars,1983,335,True,0
378,cars,1984,366,True,0
378,cars,1985,365,True,0
378,cars,1986,365,True,0
378,cars,1987,365,True,0
378,cars,1988,366,True,0
378,cars,1989,365,True,0
378,cars,1990,365,True,0
378,cars,1991,365,True,0
378,cars,1992,366,True,0
378,cars,1993,280,False,0
378,cars,1994,363,True,0
378,cars,1995,364,True,0
378,cars,1996,363,True,0
378,cars,1997,358,True,0
378,cars,1998,365,True,0
378,cars,1999,360,True,0
378,cars,2000,346,True,0
378,cars,2001,325,False,0
378,cars,2002,362,True,0
378,cars,2003,336,True,0
378,cars,2004,366,True,0
378,cars,2005,364,True,0
378,cars,2006,339,True,0
378,cars,2007,334,True,0
378,cars,2008,332,True,0
378,cars,2009,353,True,0
378,cars,2010,351,True,0
378,cars,2011,338,True,0
378,cars,2012,366,True,0
378,cars,2013,352,True,0
378,cars,2014,365,True,0
378,cars,2015,365,True,0
378,cars,2016,353,True,0
378,cars,2017,356,True,0
378,cars,2018,342,True,0
378,cars,2019,365,True,0
378,upstream,1980,0,False,0
378,upstream,1981,88,False,35
378,upstream,1982,286,False,79
378,upstream,1983,300,False,65
378,upstream,1984,355,True,11
378,upstream,1985,353,True,12
378,upstream,1986,345,True,20
378,upstream,1987,337,True,28
378,upstream,1988,346,True,20
378,upstream,1989,354,True,11
378,upstream,1990,356,True,9
378,upstream,1991,343,True,22
378,upstream,1992,353,True,13
378,upstream,1993,278,False,1
378,upstream,1994,270,False,95
378,upstream,1995,292,False,73
378,upstream,1996,283,False,83
378,upstream,1997,271,False,94
378,upstream,1998,252,False,113
378,upstream,1999,313,False,52
378,upstream,2000,301,False,65
378,upstream,2001,300,False,65
378,upstream,2002,332,True,33
378,upstream,2003,308,False,57
378,upstream,2004,356,True,10
378,upstream,2005,340,True,25
378,upstream,2006,315,False,50
378,upstream,2007,297,False,68
378,upstream,2008,309,False,57
378,upstream,2009,320,False,45
378,upstream,2010,333,True,32
378,upstream,2011,325,False,40
378,upstream,2012,332,True,34
378,upstream,2013,333,True,32
378,upstream,2014,334,True,31
378,upstream,2015,351,True,14
378,upstream,2016,328,False,38
378,upstream,2017,332,True,33
378,upstream,2018,334,True,31
378,upstream,2019,349,True,16
384,cars,1980,366,True,0
384,cars,1981,365,True,0
384,cars,1982,365,True,0
384,cars,1983,365,True,0
384,cars,1984,366,True,0
384,cars,1985,365,True,0
384,cars,1986,365,True,0
384,cars,1987,365,True,0
384,cars,1988,366,True,0
384,cars,1989,365,True,0
384,cars,1990,365,True,0
384,cars,1991,365,True,0
384,cars,1992,366,True,0
384,cars,1993,365,True,0
384,cars,1994,365,True,0
384,cars,1995,365,True,0
384,cars,1996,366,True,0
384,cars,1997,365,True,0
384,cars,1998,365,True,0
384,cars,1999,365,True,0
384,cars,2000,366,True,0
384,cars,2001,365,True,0
384,cars,2002,365,True,0
384,cars,2003,365,True,0
384,cars,2004,366,True,0
384,cars,2005,365,True,0
384,cars,2006,365,True,0
384,cars,2007,365,True,0
384,cars,2008,366,True,0
384,cars,2009,365,True,0
384,cars,2010,365,True,0
384,cars,2011,365,True,0
384,cars,2012,366,True,0
384,cars,2013,365,True,0
384,cars,2014,365,True,0
384,cars,2015,365,True,0
384,cars,2016,366,True,0
384,cars,2017,365,True,0
384,cars,2018,365,True,0
384,cars,2019,365,True,0
384,upstream,1980,366,True,0
384,upstream,1981,350,True,15
384,upstream,1982,360,True,5
384,upstream,1983,363,True,2
384,upstream,1984,366,True,0
384,upstream,1985,362,True,3
384,upstream,1986,365,True,0
384,upstream,1987,359,True,6
384,upstream,1988,357,True,9
384,upstream,1989,351,True,14
384,upstream,1990,363,True,2
384,upstream,1991,363,True,2
384,upstream,1992,356,True,10
384,upstream,1993,363,True,2
384,upstream,1994,358,True,7
384,upstream,1995,363,True,2
384,upstream,1996,365,True,1
384,upstream,1997,365,True,0
384,upstream,1998,365,True,0
384,upstream,1999,365,True,0
384,upstream,2000,365,True,1
384,upstream,2001,365,True,0
384,upstream,2002,362,True,3
384,upstream,2003,365,True,0
384,upstream,2004,362,True,4
384,upstream,2005,362,True,3
384,upstream,2006,362,True,3
384,upstream,2007,361,True,4
384,upstream,2008,366,True,0
384,upstream,2009,364,True,1
384,upstream,2010,364,True,1
384,upstream,2011,364,True,1
384,upstream,2012,366,True,0
384,upstream,2013,364,True,1
384,upstream,2014,360,True,5
384,upstream,2015,362,True,3
384,upstream,2016,363,True,3
384,upstream,2017,365,True,0
384,upstream,2018,365,True,0
384,upstream,2019,365,True,0
385,cars,1980,366,True,0
385,cars,1981,365,True,0
385,cars,1982,365,True,0
385,cars,1983,365,True,0
385,cars,1984,366,True,0
385,cars,1985,365,True,0
385,cars,1986,365,True,0
385,cars,1987,365,True,0
385,cars,1988,366,True,0
385,cars,1989,365,True,0
385,cars,1990,365,True,0
385,cars,1991,363,True,0
385,cars,1992,366,True,0
385,cars,1993,331,True,0
385,cars,1994,365,True,0
385,cars,1995,365,True,0
385,cars,1996,366,True,0
385,cars,1997,365,True,0
385,cars,1998,365,True,0
385,cars,1999,347,True,0
385,cars,2000,366,True,0
385,cars,2001,365,True,0
385,cars,2002,365,True,0
385,cars,2003,365,True,0
385,cars,2004,366,True,0
385,cars,2005,365,True,0
385,cars,2006,365,True,0
385,cars,2007,365,True,0
385,cars,2008,366,True,0
385,cars,2009,365,True,0
385,cars,2010,363,True,0
385,cars,2011,349,True,0
385,cars,2012,365,True,0
385,cars,2013,365,True,0
385,cars,2014,365,True,0
385,cars,2015,342,True,0
385,cars,2016,349,True,0
385,cars,2017,318,False,0
385,cars,2018,316,False,0
385,cars,2019,98,False,0
385,upstream,1980,357,True,9
385,upstream,1981,362,True,3
385,upstream,1982,364,True,1
385,upstream,1983,353,True,12
385,upstream,1984,360,True,6
385,upstream,1985,365,True,0
385,upstream,1986,363,True,1
385,upstream,1987,352,True,13
385,upstream,1988,365,True,1
385,upstream,1989,362,True,3
385,upstream,1990,353,True,12
385,upstream,1991,343,True,22
385,upstream,1992,310,False,56
385,upstream,1993,310,False,55
385,upstream,1994,365,True,0
385,upstream,1995,335,True,30
385,upstream,1996,362,True,4
385,upstream,1997,365,True,0
385,upstream,1998,347,True,18
385,upstream,1999,312,False,53
385,upstream,2000,355,True,11
385,upstream,2001,355,True,10
385,upstream,2002,332,True,33
385,upstream,2003,352,True,13
385,upstream,2004,355,True,11
385,upstream,2005,338,True,27
385,upstream,2006,338,True,27
385,upstream,2007,353,True,12
385,upstream,2008,347,True,19
385,upstream,2009,275,False,90
385,upstream,2010,302,False,63
385,upstream,2011,315,False,50
385,upstream,2012,294,False,72
385,upstream,2013,350,True,15
385,upstream,2014,355,True,10
385,upstream,2015,296,False,69
385,upstream,2016,327,False,36
385,upstream,2017,258,False,107
385,upstream,2018,219,False,146
385,upstream,2019,55,False,37
386,cars,1980,366,True,0
386,cars,1981,365,True,0
386,cars,1982,365,True,0
386,cars,1983,365,True,0
386,cars,1984,366,True,0
386,cars,1985,365,True,0
386,cars,1986,365,True,0
386,cars,1987,365,True,0
386,cars,1988,366,True,0
386,cars,1989,365,True,0
386,cars,1990,365,True,0
386,cars,1991,365,True,0
386,cars,1992,366,True,0
386,cars,1993,365,True,0
386,cars,1994,365,True,0
386,cars,1995,365,True,0
386,cars,1996,366,True,0
386,cars,1997,365,True,0
386,cars,1998,365,True,0
386,cars,1999,365,True,0
386,cars,2000,366,True,0
386,cars,2001,365,True,0
386,cars,2002,365,True,0
386,cars,2003,365,True,0
386,cars,2004,366,True,0
386,cars,2005,365,True,0
386,cars,2006,365,True,0
386,cars,2007,365,True,0
386,cars,2008,366,True,0
386,cars,2009,365,True,0
386,cars,2010,365,True,0
386,cars,2011,365,True,0
386,cars,2012,366,True,0
386,cars,2013,365,True,0
386,cars,2014,365,True,0
386,cars,2015,365,True,0
386,cars,2016,366,True,0
386,cars,2017,365,True,0
386,cars,2018,365,True,0
386,cars,2019,365,True,0
386,upstream,1980,361,True,5
386,upstream,1981,358,True,7
386,upstream,1982,361,True,4
386,upstream,1983,364,True,1
386,upstream,1984,366,True,0
386,upstream,1985,364,True,1
386,upstream,1986,362,True,3
386,upstream,1987,361,True,4
386,upstream,1988,355,True,11
386,upstream,1989,361,True,4
386,upstream,1990,361,True,4
386,upstream,1991,360,True,5
386,upstream,1992,350,True,16
386,upstream,1993,354,True,11
386,upstream,1994,346,True,19
386,upstream,1995,345,True,20
386,upstream,1996,364,True,2
386,upstream,1997,361,True,4
386,upstream,1998,363,True,2
386,upstream,1999,357,True,8
386,upstream,2000,360,True,6
386,upstream,2001,357,True,8
386,upstream,2002,361,True,4
386,upstream,2003,363,True,2
386,upstream,2004,363,True,3
386,upstream,2005,360,True,5
386,upstream,2006,361,True,4
386,upstream,2007,361,True,4
386,upstream,2008,362,True,4
386,upstream,2009,363,True,2
386,upstream,2010,364,True,1
386,upstream,2011,364,True,1
386,upstream,2012,364,True,2
386,upstream,2013,359,True,6
386,upstream,2014,359,True,6
386,upstream,2015,360,True,5
386,upstream,2016,363,True,3
386,upstream,2017,361,True,4
386,upstream,2018,361,True,4
386,upstream,2019,359,True,6
390,cars,1980,366,True,0
390,cars,1981,364,True,0
390,cars,1982,365,True,0
390,cars,1983,365,True,0
390,cars,1984,366,True,0
390,cars,1985,365,True,0
390,cars,1986,365,True,0
390,cars,1987,365,True,0
390,cars,1988,358,True,0
390,cars,1989,365,True,0
390,cars,1990,365,True,0
390,cars,1991,365,True,0
390,cars,1992,366,True,0
390,cars,1993,365,True,0
390,cars,1994,365,True,0
390,cars,1995,365,True,0
390,cars,1996,366,True,0
390,cars,1997,365,True,0
390,cars,1998,365,True,0
390,cars,1999,365,True,0
390,cars,2000,366,True,0
390,cars,2001,365,True,0
390,cars,2002,360,True,0
390,cars,2003,358,True,0
390,cars,2004,366,True,0
390,cars,2005,365,True,0
390,cars,2006,365,True,0
390,cars,2007,353,True,0
390,cars,2008,346,True,0
390,cars,2009,362,True,0
390,cars,2010,365,True,0
390,cars,2011,365,True,0
390,cars,2012,365,True,0
390,cars,2013,346,True,0
390,cars,2014,365,True,0
390,cars,2015,365,True,0
390,cars,2016,354,True,0
390,cars,2017,365,True,0
390,cars,2018,360,True,0
390,cars,2019,365,True,0
390,upstream,1980,349,True,17
390,upstream,1981,316,False,49
390,upstream,1982,363,True,2
390,upstream,1983,365,True,0
390,upstream,1984,366,True,0
390,upstream,1985,360,True,5
390,upstream,1986,362,True,3
390,upstream,1987,342,True,23
390,upstream,1988,302,False,64
390,upstream,1989,328,False,37
390,upstream,1990,302,False,63
390,upstream,1991,336,True,29
390,upstream,1992,313,False,53
390,upstream,1993,362,True,3
390,upstream,1994,330,True,35
390,upstream,1995,348,True,17
390,upstream,1996,346,True,20
390,upstream,1997,363,True,2
390,upstream,1998,361,True,4
390,upstream,1999,362,True,3
390,upstream,2000,315,False,51
390,upstream,2001,319,False,46
390,upstream,2002,323,False,42
390,upstream,2003,314,False,51
390,upstream,2004,343,True,23
390,upstream,2005,324,False,41
390,upstream,2006,342,True,23
390,upstream,2007,286,False,79
390,upstream,2008,304,False,62
390,upstream,2009,332,True,33
390,upstream,2010,345,True,20
390,upstream,2011,364,True,1
390,upstream,2012,328,False,38
390,upstream,2013,308,False,57
390,upstream,2014,324,False,41
390,upstream,2015,339,True,26
390,upstream,2016,321,False,45
390,upstream,2017,363,True,2
390,upstream,2018,314,False,51
390,upstream,2019,339,True,26
391,cars,1980,0,False,0
391,cars,1981,0,False,0
391,cars,1982,0,False,0
391,cars,1983,0,False,0
391,cars,1984,0,False,0
391,cars,1985,364,True,0
391,cars,1986,365,True,0
391,cars,1987,365,True,0
391,cars,1988,366,True,0
391,cars,1989,365,True,0
391,cars,1990,365,True,0
391,cars,1991,365,True,0
391,cars,1992,366,True,0
391,cars,1993,365,True,0
391,cars,1994,365,True,0
391,cars,1995,365,True,0
391,cars,1996,366,True,0
391,cars,1997,365,True,0
391,cars,1998,365,True,0
391,cars,1999,365,True,0
391,cars,2000,366,True,0
391,cars,2001,365,True,0
391,cars,2002,365,True,0
391,cars,2003,365,True,0
391,cars,2004,366,True,0
391,cars,2005,365,True,0
391,cars,2006,365,True,0
391,cars,2007,365,True,0
391,cars,2008,366,True,0
391,cars,2009,365,True,0
391,cars,2010,365,True,0
391,cars,2011,365,True,0
391,cars,2012,366,True,0
391,cars,2013,365,True,0
391,cars,2014,365,True,0
391,cars,2015,365,True,0
391,cars,2016,366,True,0
391,cars,2017,365,True,0
391,cars,2018,365,True,0
391,cars,2019,365,True,0
391,upstream,1980,0,False,0
391,upstream,1981,0,False,0
391,upstream,1982,0,False,0
391,upstream,1983,0,False,0
391,upstream,1984,0,False,0
391,upstream,1985,364,True,0
391,upstream,1986,362,True,2
391,upstream,1987,360,True,3
391,upstream,1988,362,True,2
391,upstream,1989,365,True,0
391,upstream,1990,364,True,0
391,upstream,1991,361,True,3
391,upstream,1992,363,True,2
391,upstream,1993,363,True,0
391,upstream,1994,360,True,4
391,upstream,1995,363,True,0
391,upstream,1996,365,True,0
391,upstream,1997,362,True,1
391,upstream,1998,364,True,0
391,upstream,1999,364,True,0
391,upstream,2000,363,True,1
391,upstream,2001,362,True,1
391,upstream,2002,365,True,0
391,upstream,2003,362,True,3
391,upstream,2004,365,True,1
391,upstream,2005,365,True,0
391,upstream,2006,365,True,0
391,upstream,2007,365,True,0
391,upstream,2008,366,True,0
391,upstream,2009,365,True,0
391,upstream,2010,365,True,0
391,upstream,2011,365,True,0
391,upstream,2012,366,True,0
391,upstream,2013,365,True,0
391,upstream,2014,365,True,0
391,upstream,2015,365,True,0
391,upstream,2016,364,True,2
391,upstream,2017,365,True,0
391,upstream,2018,365,True,0
391,upstream,2019,365,True,0
393,cars,1980,366,True,0
393,cars,1981,365,True,0
393,cars,1982,365,True,0
393,cars,1983,365,True,0
393,cars,1984,366,True,0
393,cars,1985,365,True,0
393,cars,1986,365,True,0
393,cars,1987,365,True,0
393,cars,1988,366,True,0
393,cars,1989,365,True,0
393,cars,1990,365,True,0
393,cars,1991,365,True,0
393,cars,1992,366,True,0
393,cars,1993,365,True,0
393,cars,1994,365,True,0
393,cars,1995,365,True,0
393,cars,1996,366,True,0
393,cars,1997,365,True,0
393,cars,1998,365,True,0
393,cars,1999,365,True,0
393,cars,2000,366,True,0
393,cars,2001,365,True,0
393,cars,2002,365,True,0
393,cars,2003,365,True,0
393,cars,2004,366,True,0
393,cars,2005,365,True,0
393,cars,2006,365,True,0
393,cars,2007,365,True,0
393,cars,2008,366,True,0
393,cars,2009,365,True,0
393,cars,2010,365,True,0
393,cars,2011,365,True,0
393,cars,2012,366,True,0
393,cars,2013,365,True,0
393,cars,2014,365,True,0
393,cars,2015,365,True,0
393,cars,2016,366,True,0
393,cars,2017,365,True,0
393,cars,2018,365,True,0
393,cars,2019,365,True,0
393,upstream,1980,366,True,0
393,upstream,1981,365,True,0
393,upstream,1982,365,True,0
393,upstream,1983,365,True,0
393,upstream,1984,366,True,0
393,upstream,1985,365,True,0
393,upstream,1986,365,True,0
393,upstream,1987,365,True,0
393,upstream,1988,366,True,0
393,upstream,1989,365,True,0
393,upstream,1990,365,True,0
393,upstream,1991,365,True,0
393,upstream,1992,366,True,0
393,upstream,1993,365,True,0
393,upstream,1994,365,True,0
393,upstream,1995,365,True,0
393,upstream,1996,366,True,0
393,upstream,1997,365,True,0
393,upstream,1998,365,True,0
393,upstream,1999,365,True,0
393,upstream,2000,366,True,0
393,upstream,2001,365,True,0
393,upstream,2002,365,True,0
393,upstream,2003,365,True,0
393,upstream,2004,366,True,0
393,upstream,2005,365,True,0
393,upstream,2006,365,True,0
393,upstream,2007,365,True,0
393,upstream,2008,366,True,0
393,upstream,2009,365,True,0
393,upstream,2010,365,True,0
393,upstream,2011,365,True,0
393,upstream,2012,366,True,0
393,upstream,2013,365,True,0
393,upstream,2014,365,True,0
393,upstream,2015,365,True,0
393,upstream,2016,361,True,5
393,upstream,2017,365,True,0
393,upstream,2018,365,True,0
393,upstream,2019,365,True,0
398,cars,1980,366,True,0
398,cars,1981,365,True,0
398,cars,1982,365,True,0
398,cars,1983,365,True,0
398,cars,1984,366,True,0
398,cars,1985,365,True,0
398,cars,1986,365,True,0
398,cars,1987,365,True,0
398,cars,1988,366,True,0
398,cars,1989,365,True,0
398,cars,1990,365,True,0
398,cars,1991,365,True,0
398,cars,1992,366,True,0
398,cars,1993,365,True,0
398,cars,1994,365,True,0
398,cars,1995,365,True,0
398,cars,1996,366,True,0
398,cars,1997,365,True,0
398,cars,1998,365,True,0
398,cars,1999,365,True,0
398,cars,2000,366,True,0
398,cars,2001,365,True,0
398,cars,2002,365,True,0
398,cars,2003,365,True,0
398,cars,2004,366,True,0
398,cars,2005,365,True,0
398,cars,2006,365,True,0
398,cars,2007,365,True,0
398,cars,2008,366,True,0
398,cars,2009,365,True,0
398,cars,2010,365,True,0
398,cars,2011,365,True,0
398,cars,2012,366,True,0
398,cars,2013,365,True,0
398,cars,2014,365,True,0
398,cars,2015,365,True,0
398,cars,2016,366,True,0
398,cars,2017,365,True,0
398,cars,2018,365,True,0
398,cars,2019,365,True,0
398,upstream,1980,354,True,12
398,upstream,1981,360,True,5
398,upstream,1982,356,True,9
398,upstream,1983,351,True,14
398,upstream,1984,366,True,0
398,upstream,1985,353,True,12
398,upstream,1986,365,True,0
398,upstream,1987,356,True,9
398,upstream,1988,355,True,11
398,upstream,1989,362,True,3
398,upstream,1990,356,True,9
398,upstream,1991,364,True,1
398,upstream,1992,366,True,0
398,upstream,1993,365,True,0
398,upstream,1994,365,True,0
398,upstream,1995,364,True,1
398,upstream,1996,363,True,3
398,upstream,1997,363,True,2
398,upstream,1998,363,True,2
398,upstream,1999,363,True,2
398,upstream,2000,365,True,1
398,upstream,2001,364,True,1
398,upstream,2002,362,True,3
398,upstream,2003,364,True,1
398,upstream,2004,364,True,2
398,upstream,2005,365,True,0
398,upstream,2006,363,True,2
398,upstream,2007,365,True,0
398,upstream,2008,362,True,4
398,upstream,2009,359,True,6
398,upstream,2010,364,True,1
398,upstream,2011,360,True,5
398,upstream,2012,361,True,5
398,upstream,2013,365,True,0
398,upstream,2014,364,True,1
398,upstream,2015,364,True,1
398,upstream,2016,364,True,2
398,upstream,2017,365,True,0
398,upstream,2018,362,True,3
398,upstream,2019,363,True,2
399,cars,1980,366,True,0
399,cars,1981,365,True,0
399,cars,1982,365,True,0
399,cars,1983,365,True,0
399,cars,1984,366,True,0
399,cars,1985,365,True,0
399,cars,1986,365,True,0
399,cars,1987,365,True,0
399,cars,1988,366,True,0
399,cars,1989,365,True,0
399,cars,1990,350,True,0
399,cars,1991,365,True,0
399,cars,1992,366,True,0
399,cars,1993,365,True,0
399,cars,1994,365,True,0
399,cars,1995,365,True,0
399,cars,1996,366,True,0
399,cars,1997,365,True,0
399,cars,1998,365,True,0
399,cars,1999,365,True,0
399,cars,2000,366,True,0
399,cars,2001,365,True,0
399,cars,2002,365,True,0
399,cars,2003,365,True,0
399,cars,2004,364,True,0
399,cars,2005,365,True,0
399,cars,2006,364,True,0
399,cars,2007,365,True,0
399,cars,2008,366,True,0
399,cars,2009,365,True,0
399,cars,2010,365,True,0
399,cars,2011,365,True,0
399,cars,2012,363,True,0
399,cars,2013,365,True,0
399,cars,2014,365,True,0
399,cars,2015,365,True,0
399,cars,2016,361,True,0
399,cars,2017,365,True,0
399,cars,2018,365,True,0
399,cars,2019,100,False,0
399,upstream,1980,314,False,52
399,upstream,1981,343,True,22
399,upstream,1982,356,True,9
399,upstream,1983,354,True,11
399,upstream,1984,350,True,16
399,upstream,1985,348,True,17
399,upstream,1986,354,True,11
399,upstream,1987,356,True,9
399,upstream,1988,345,True,21
399,upstream,1989,344,True,21
399,upstream,1990,311,False,54
399,upstream,1991,340,True,25
399,upstream,1992,359,True,7
399,upstream,1993,289,False,76
399,upstream,1994,285,False,80
399,upstream,1995,290,False,75
399,upstream,1996,304,False,62
399,upstream,1997,288,False,77
399,upstream,1998,287,False,78
399,upstream,1999,272,False,93
399,upstream,2000,340,True,26
399,upstream,2001,285,False,80
399,upstream,2002,289,False,76
399,upstream,2003,297,False,68
399,upstream,2004,285,False,81
399,upstream,2005,276,False,89
399,upstream,2006,268,False,97
399,upstream,2007,340,True,25
399,upstream,2008,280,False,86
399,upstream,2009,271,False,94
399,upstream,2010,284,False,81
399,upstream,2011,271,False,94
399,upstream,2012,268,False,98
399,upstream,2013,267,False,98
399,upstream,2014,270,False,95
399,upstream,2015,272,False,93
399,upstream,2016,275,False,91
399,upstream,2017,286,False,79
399,upstream,2018,271,False,94
399,upstream,2019,53,False,39
41,cars,1980,0,False,0
41,cars,1981,0,False,0
41,cars,1982,0,False,0
41,cars,1983,0,False,0
41,cars,1984,0,False,0
41,cars,1985,0,False,0
41,cars,1986,0,False,0
41,cars,1987,0,False,0
41,cars,1988,0,False,0
41,cars,1989,0,False,0
41,cars,1990,273,False,0
41,cars,1991,365,True,0
41,cars,1992,366,True,0
41,cars,1993,365,True,0
41,cars,1994,365,True,0
41,cars,1995,365,True,0
41,cars,1996,366,True,0
41,cars,1997,365,True,0
41,cars,1998,365,True,0
41,cars,1999,365,True,0
41,cars,2000,366,True,0
41,cars,2001,365,True,0
41,cars,2002,365,True,0
41,cars,2003,365,True,0
41,cars,2004,366,True,0
41,cars,2005,365,True,0
41,cars,2006,365,True,0
41,cars,2007,365,True,0
41,cars,2008,366,True,0
41,cars,2009,365,True,0
41,cars,2010,365,True,0
41,cars,2011,365,True,0
41,cars,2012,366,True,0
41,cars,2013,365,True,0
41,cars,2014,365,True,0
41,cars,2015,365,True,0
41,cars,2016,366,True,0
41,cars,2017,365,True,0
41,cars,2018,365,True,0
41,cars,2019,365,True,0
41,upstream,1980,0,False,0
41,upstream,1981,0,False,0
41,upstream,1982,0,False,0
41,upstream,1983,0,False,0
41,upstream,1984,0,False,0
41,upstream,1985,0,False,0
41,upstream,1986,0,False,0
41,upstream,1987,0,False,0
41,upstream,1988,0,False,0
41,upstream,1989,0,False,0
41,upstream,1990,273,False,0
41,upstream,1991,365,True,0
41,upstream,1992,366,True,0
41,upstream,1993,365,True,0
41,upstream,1994,365,True,0
41,upstream,1995,365,True,0
41,upstream,1996,366,True,0
41,upstream,1997,365,True,0
41,upstream,1998,365,True,0
41,upstream,1999,365,True,0
41,upstream,2000,366,True,0
41,upstream,2001,365,True,0
41,upstream,2002,365,True,0
41,upstream,2003,365,True,0
41,upstream,2004,366,True,0
41,upstream,2005,365,True,0
41,upstream,2006,365,True,0
41,upstream,2007,365,True,0
41,upstream,2008,366,True,0
41,upstream,2009,365,True,0
41,upstream,2010,365,True,0
41,upstream,2011,365,True,0
41,upstream,2012,366,True,0
41,upstream,2013,365,True,0
41,upstream,2014,365,True,0
41,upstream,2015,365,True,0
41,upstream,2016,366,True,0
41,upstream,2017,365,True,0
41,upstream,2018,364,True,1
41,upstream,2019,365,True,0
413,cars,1980,0,False,0
413,cars,1981,0,False,0
413,cars,1982,0,False,0
413,cars,1983,0,False,0
413,cars,1984,0,False,0
413,cars,1985,365,True,0
413,cars,1986,365,True,0
413,cars,1987,333,True,0
413,cars,1988,366,True,0
413,cars,1989,365,True,0
413,cars,1990,365,True,0
413,cars,1991,359,True,0
413,cars,1992,360,True,0
413,cars,1993,365,True,0
413,cars,1994,365,True,0
413,cars,1995,364,True,0
413,cars,1996,358,True,0
413,cars,1997,365,True,0
413,cars,1998,365,True,0
413,cars,1999,365,True,0
413,cars,2000,366,True,0
413,cars,2001,362,True,0
413,cars,2002,365,True,0
413,cars,2003,365,True,0
413,cars,2004,366,True,0
413,cars,2005,360,True,0
413,cars,2006,364,True,0
413,cars,2007,365,True,0
413,cars,2008,366,True,0
413,cars,2009,365,True,0
413,cars,2010,365,True,0
413,cars,2011,365,True,0
413,cars,2012,366,True,0
413,cars,2013,362,True,0
413,cars,2014,365,True,0
413,cars,2015,365,True,0
413,cars,2016,366,True,0
413,cars,2017,365,True,0
413,cars,2018,365,True,0
413,cars,2019,365,True,0
413,upstream,1980,0,False,0
413,upstream,1981,0,False,0
413,upstream,1982,0,False,0
413,upstream,1983,0,False,0
413,upstream,1984,0,False,0
413,upstream,1985,365,True,0
413,upstream,1986,365,True,0
413,upstream,1987,330,True,0
413,upstream,1988,361,True,4
413,upstream,1989,361,True,4
413,upstream,1990,362,True,2
413,upstream,1991,352,True,5
413,upstream,1992,349,True,5
413,upstream,1993,362,True,2
413,upstream,1994,365,True,0
413,upstream,1995,358,True,4
413,upstream,1996,357,True,0
413,upstream,1997,364,True,0
413,upstream,1998,363,True,0
413,upstream,1999,365,True,0
413,upstream,2000,365,True,0
413,upstream,2001,358,True,2
413,upstream,2002,362,True,3
413,upstream,2003,364,True,1
413,upstream,2004,365,True,0
413,upstream,2005,357,True,3
413,upstream,2006,360,True,2
413,upstream,2007,362,True,3
413,upstream,2008,362,True,3
413,upstream,2009,364,True,1
413,upstream,2010,363,True,2
413,upstream,2011,364,True,1
413,upstream,2012,366,True,0
413,upstream,2013,360,True,1
413,upstream,2014,364,True,1
413,upstream,2015,353,True,12
413,upstream,2016,362,True,4
413,upstream,2017,363,True,2
413,upstream,2018,365,True,0
413,upstream,2019,360,True,5
415,cars,1980,366,True,0
415,cars,1981,365,True,0
415,cars,1982,365,True,0
415,cars,1983,365,True,0
415,cars,1984,366,True,0
415,cars,1985,365,True,0
415,cars,1986,365,True,0
415,cars,1987,365,True,0
415,cars,1988,366,True,0
415,cars,1989,365,True,0
415,cars,1990,365,True,0
415,cars,1991,365,True,0
415,cars,1992,366,True,0
415,cars,1993,365,True,0
415,cars,1994,365,True,0
415,cars,1995,365,True,0
415,cars,1996,366,True,0
415,cars,1997,365,True,0
415,cars,1998,365,True,0
415,cars,1999,365,True,0
415,cars,2000,366,True,0
415,cars,2001,365,True,0
415,cars,2002,365,True,0
415,cars,2003,365,True,0
415,cars,2004,366,True,0
415,cars,2005,365,True,0
415,cars,2006,365,True,0
415,cars,2007,365,True,0
415,cars,2008,366,True,0
415,cars,2009,365,True,0
415,cars,2010,365,True,0
415,cars,2011,365,True,0
415,cars,2012,366,True,0
415,cars,2013,365,True,0
415,cars,2014,365,True,0
415,cars,2015,365,True,0
415,cars,2016,366,True,0
415,cars,2017,365,True,0
415,cars,2018,365,True,0
415,cars,2019,100,False,0
415,upstream,1980,366,True,0
415,upstream,1981,365,True,0
415,upstream,1982,365,True,0
415,upstream,1983,365,True,0
415,upstream,1984,366,True,0
415,upstream,1985,365,True,0
415,upstream,1986,365,True,0
415,upstream,1987,365,True,0
415,upstream,1988,366,True,0
415,upstream,1989,365,True,0
415,upstream,1990,365,True,0
415,upstream,1991,365,True,0
415,upstream,1992,366,True,0
415,upstream,1993,352,True,13
415,upstream,1994,365,True,0
415,upstream,1995,365,True,0
415,upstream,1996,366,True,0
415,upstream,1997,365,True,0
415,upstream,1998,365,True,0
415,upstream,1999,365,True,0
415,upstream,2000,366,True,0
415,upstream,2001,365,True,0
415,upstream,2002,365,True,0
415,upstream,2003,365,True,0
415,upstream,2004,366,True,0
415,upstream,2005,365,True,0
415,upstream,2006,365,True,0
415,upstream,2007,365,True,0
415,upstream,2008,366,True,0
415,upstream,2009,365,True,0
415,upstream,2010,365,True,0
415,upstream,2011,365,True,0
415,upstream,2012,366,True,0
415,upstream,2013,365,True,0
415,upstream,2014,365,True,0
415,upstream,2015,365,True,0
415,upstream,2016,366,True,0
415,upstream,2017,365,True,0
415,upstream,2018,365,True,0
415,upstream,2019,92,False,0
416,cars,1980,366,True,0
416,cars,1981,365,True,0
416,cars,1982,365,True,0
416,cars,1983,365,True,0
416,cars,1984,366,True,0
416,cars,1985,365,True,0
416,cars,1986,365,True,0
416,cars,1987,365,True,0
416,cars,1988,366,True,0
416,cars,1989,365,True,0
416,cars,1990,365,True,0
416,cars,1991,365,True,0
416,cars,1992,366,True,0
416,cars,1993,365,True,0
416,cars,1994,365,True,0
416,cars,1995,365,True,0
416,cars,1996,366,True,0
416,cars,1997,365,True,0
416,cars,1998,365,True,0
416,cars,1999,365,True,0
416,cars,2000,366,True,0
416,cars,2001,365,True,0
416,cars,2002,365,True,0
416,cars,2003,365,True,0
416,cars,2004,366,True,0
416,cars,2005,365,True,0
416,cars,2006,365,True,0
416,cars,2007,365,True,0
416,cars,2008,366,True,0
416,cars,2009,365,True,0
416,cars,2010,365,True,0
416,cars,2011,365,True,0
416,cars,2012,366,True,0
416,cars,2013,365,True,0
416,cars,2014,365,True,0
416,cars,2015,365,True,0
416,cars,2016,366,True,0
416,cars,2017,365,True,0
416,cars,2018,365,True,0
416,cars,2019,100,False,0
416,upstream,1980,366,True,0
416,upstream,1981,365,True,0
416,upstream,1982,365,True,0
416,upstream,1983,365,True,0
416,upstream,1984,366,True,0
416,upstream,1985,365,True,0
416,upstream,1986,365,True,0
416,upstream,1987,365,True,0
416,upstream,1988,366,True,0
416,upstream,1989,365,True,0
416,upstream,1990,365,True,0
416,upstream,1991,365,True,0
416,upstream,1992,366,True,0
416,upstream,1993,361,True,0
416,upstream,1994,365,True,0
416,upstream,1995,364,True,1
416,upstream,1996,366,True,0
416,upstream,1997,365,True,0
416,upstream,1998,364,True,1
416,upstream,1999,365,True,0
416,upstream,2000,366,True,0
416,upstream,2001,365,True,0
416,upstream,2002,365,True,0
416,upstream,2003,365,True,0
416,upstream,2004,366,True,0
416,upstream,2005,365,True,0
416,upstream,2006,365,True,0
416,upstream,2007,365,True,0
416,upstream,2008,366,True,0
416,upstream,2009,365,True,0
416,upstream,2010,365,True,0
416,upstream,2011,365,True,0
416,upstream,2012,366,True,0
416,upstream,2013,365,True,0
416,upstream,2014,365,True,0
416,upstream,2015,365,True,0
416,upstream,2016,366,True,0
416,upstream,2017,365,True,0
416,upstream,2018,365,True,0
416,upstream,2019,92,False,0
419,cars,1980,6,False,0
419,cars,1981,0,False,0
419,cars,1982,0,False,0
419,cars,1983,0,False,0
419,cars,1984,115,False,0
419,cars,1985,30,False,0
419,cars,1986,112,False,0
419,cars,1987,8,False,0
419,cars,1988,0,False,0
419,cars,1989,72,False,0
419,cars,1990,365,True,0
419,cars,1991,365,True,0
419,cars,1992,366,True,0
419,cars,1993,365,True,0
419,cars,1994,365,True,0
419,cars,1995,365,True,0
419,cars,1996,366,True,0
419,cars,1997,365,True,0
419,cars,1998,365,True,0
419,cars,1999,358,True,0
419,cars,2000,363,True,0
419,cars,2001,365,True,0
419,cars,2002,365,True,0
419,cars,2003,365,True,0
419,cars,2004,366,True,0
419,cars,2005,362,True,0
419,cars,2006,365,True,0
419,cars,2007,365,True,0
419,cars,2008,366,True,0
419,cars,2009,364,True,0
419,cars,2010,365,True,0
419,cars,2011,365,True,0
419,cars,2012,366,True,0
419,cars,2013,365,True,0
419,cars,2014,365,True,0
419,cars,2015,365,True,0
419,cars,2016,366,True,0
419,cars,2017,365,True,0
419,cars,2018,365,True,0
419,cars,2019,365,True,0
419,upstream,1980,3,False,0
419,upstream,1981,0,False,0
419,upstream,1982,0,False,0
419,upstream,1983,0,False,0
419,upstream,1984,62,False,8
419,upstream,1985,12,False,0
419,upstream,1986,57,False,5
419,upstream,1987,1,False,0
419,upstream,1988,0,False,0
419,upstream,1989,59,False,6
419,upstream,1990,365,True,0
419,upstream,1991,360,True,5
419,upstream,1992,354,True,12
419,upstream,1993,360,True,5
419,upstream,1994,324,False,41
419,upstream,1995,351,True,14
419,upstream,1996,327,False,39
419,upstream,1997,356,True,9
419,upstream,1998,343,True,22
419,upstream,1999,326,False,39
419,upstream,2000,331,True,34
419,upstream,2001,352,True,13
419,upstream,2002,364,True,1
419,upstream,2003,364,True,0
419,upstream,2004,366,True,0
419,upstream,2005,334,True,31
419,upstream,2006,321,False,44
419,upstream,2007,363,True,2
419,upstream,2008,365,True,1
419,upstream,2009,335,True,30
419,upstream,2010,348,True,17
419,upstream,2011,362,True,3
419,upstream,2012,360,True,6
419,upstream,2013,363,True,2
419,upstream,2014,361,True,4
419,upstream,2015,354,True,11
419,upstream,2016,355,True,11
419,upstream,2017,365,True,0
419,upstream,2018,358,True,7
419,upstream,2019,364,True,1
42,cars,1980,0,False,0
42,cars,1981,0,False,0
42,cars,1982,0,False,0
42,cars,1983,0,False,0
42,cars,1984,0,False,0
42,cars,1985,0,False,0
42,cars,1986,0,False,0
42,cars,1987,0,False,0
42,cars,1988,0,False,0
42,cars,1989,0,False,0
42,cars,1990,273,False,0
42,cars,1991,365,True,0
42,cars,1992,366,True,0
42,cars,1993,365,True,0
42,cars,1994,365,True,0
42,cars,1995,365,True,0
42,cars,1996,366,True,0
42,cars,1997,365,True,0
42,cars,1998,365,True,0
42,cars,1999,365,True,0
42,cars,2000,366,True,0
42,cars,2001,365,True,0
42,cars,2002,365,True,0
42,cars,2003,365,True,0
42,cars,2004,366,True,0
42,cars,2005,365,True,0
42,cars,2006,365,True,0
42,cars,2007,365,True,0
42,cars,2008,366,True,0
42,cars,2009,365,True,0
42,cars,2010,365,True,0
42,cars,2011,365,True,0
42,cars,2012,366,True,0
42,cars,2013,365,True,0
42,cars,2014,365,True,0
42,cars,2015,365,True,0
42,cars,2016,366,True,0
42,cars,2017,365,True,0
42,cars,2018,365,True,0
42,cars,2019,365,True,0
42,upstream,1980,0,False,0
42,upstream,1981,0,False,0
42,upstream,1982,0,False,0
42,upstream,1983,0,False,0
42,upstream,1984,0,False,0
42,upstream,1985,0,False,0
42,upstream,1986,0,False,0
42,upstream,1987,0,False,0
42,upstream,1988,0,False,0
42,upstream,1989,0,False,0
42,upstream,1990,273,False,0
42,upstream,1991,365,True,0
42,upstream,1992,366,True,0
42,upstream,1993,365,True,0
42,upstream,1994,365,True,0
42,upstream,1995,365,True,0
42,upstream,1996,366,True,0
42,upstream,1997,365,True,0
42,upstream,1998,365,True,0
42,upstream,1999,365,True,0
42,upstream,2000,366,True,0
42,upstream,2001,365,True,0
42,upstream,2002,365,True,0
42,upstream,2003,365,True,0
42,upstream,2004,366,True,0
42,upstream,2005,365,True,0
42,upstream,2006,365,True,0
42,upstream,2007,365,True,0
42,upstream,2008,366,True,0
42,upstream,2009,365,True,0
42,upstream,2010,365,True,0
42,upstream,2011,365,True,0
42,upstream,2012,366,True,0
42,upstream,2013,365,True,0
42,upstream,2014,365,True,0
42,upstream,2015,365,True,0
42,upstream,2016,366,True,0
42,upstream,2017,365,True,0
42,upstream,2018,364,True,1
42,upstream,2019,365,True,0
420,cars,1980,0,False,0
420,cars,1981,0,False,0
420,cars,1982,0,False,0
420,cars,1983,0,False,0
420,cars,1984,0,False,0
420,cars,1985,0,False,0
420,cars,1986,0,False,0
420,cars,1987,0,False,0
420,cars,1988,10,False,0
420,cars,1989,4,False,0
420,cars,1990,10,False,0
420,cars,1991,0,False,0
420,cars,1992,352,True,0
420,cars,1993,210,False,0
420,cars,1994,339,True,0
420,cars,1995,364,True,0
420,cars,1996,314,False,0
420,cars,1997,323,False,0
420,cars,1998,166,False,0
420,cars,1999,81,False,0
420,cars,2000,0,False,0
420,cars,2001,0,False,0
420,cars,2002,0,False,0
420,cars,2003,0,False,0
420,cars,2004,0,False,0
420,cars,2005,0,False,0
420,cars,2006,0,False,0
420,cars,2007,0,False,0
420,cars,2008,0,False,0
420,cars,2009,0,False,0
420,cars,2010,240,False,0
420,cars,2011,321,False,0
420,cars,2012,297,False,0
420,cars,2013,361,True,0
420,cars,2014,365,True,0
420,cars,2015,357,True,0
420,cars,2016,344,True,0
420,cars,2017,365,True,0
420,cars,2018,346,True,0
420,cars,2019,334,True,0
420,upstream,1980,0,False,0
420,upstream,1981,0,False,2
420,upstream,1982,0,False,1
420,upstream,1983,0,False,3
420,upstream,1984,0,False,2
420,upstream,1985,0,False,0
420,upstream,1986,0,False,0
420,upstream,1987,0,False,70
420,upstream,1988,5,False,49
420,upstream,1989,2,False,0
420,upstream,1990,5,False,0
420,upstream,1991,0,False,0
420,upstream,1992,352,True,0
420,upstream,1993,202,False,7
420,upstream,1994,323,False,42
420,upstream,1995,356,True,9
420,upstream,1996,307,False,1
420,upstream,1997,311,False,11
420,upstream,1998,161,False,4
420,upstream,1999,80,False,0
420,upstream,2000,0,False,0
420,upstream,2001,0,False,0
420,upstream,2002,0,False,0
420,upstream,2003,0,False,0
420,upstream,2004,0,False,0
420,upstream,2005,0,False,0
420,upstream,2006,0,False,0
420,upstream,2007,0,False,0
420,upstream,2008,0,False,0
420,upstream,2009,0,False,0
420,upstream,2010,204,False,56
420,upstream,2011,312,False,53
420,upstream,2012,289,False,77
420,upstream,2013,311,False,54
420,upstream,2014,296,False,69
420,upstream,2015,259,False,106
420,upstream,2016,215,False,151
420,upstream,2017,301,False,64
420,upstream,2018,253,False,112
420,upstream,2019,232,False,133
421,cars,1980,366,True,0
421,cars,1981,365,True,0
421,cars,1982,365,True,0
421,cars,1983,365,True,0
421,cars,1984,366,True,0
421,cars,1985,365,True,0
421,cars,1986,365,True,0
421,cars,1987,365,True,0
421,cars,1988,366,True,0
421,cars,1989,365,True,0
421,cars,1990,365,True,0
421,cars,1991,365,True,0
421,cars,1992,366,True,0
421,cars,1993,365,True,0
421,cars,1994,365,True,0
421,cars,1995,365,True,0
421,cars,1996,366,True,0
421,cars,1997,365,True,0
421,cars,1998,365,True,0
421,cars,1999,365,True,0
421,cars,2000,366,True,0
421,cars,2001,365,True,0
421,cars,2002,365,True,0
421,cars,2003,365,True,0
421,cars,2004,366,True,0
421,cars,2005,365,True,0
421,cars,2006,365,True,0
421,cars,2007,365,True,0
421,cars,2008,366,True,0
421,cars,2009,365,True,0
421,cars,2010,365,True,0
421,cars,2011,365,True,0
421,cars,2012,366,True,0
421,cars,2013,365,True,0
421,cars,2014,365,True,0
421,cars,2015,365,True,0
421,cars,2016,366,True,0
421,cars,2017,365,True,0
421,cars,2018,365,True,0
421,cars,2019,100,False,0
421,upstream,1980,366,True,0
421,upstream,1981,365,True,0
421,upstream,1982,365,True,0
421,upstream,1983,365,True,0
421,upstream,1984,366,True,0
421,upstream,1985,365,True,0
421,upstream,1986,365,True,0
421,upstream,1987,365,True,0
421,upstream,1988,366,True,0
421,upstream,1989,365,True,0
421,upstream,1990,365,True,0
421,upstream,1991,365,True,0
421,upstream,1992,365,True,1
421,upstream,1993,365,True,0
421,upstream,1994,365,True,0
421,upstream,1995,365,True,0
421,upstream,1996,366,True,0
421,upstream,1997,365,True,0
421,upstream,1998,365,True,0
421,upstream,1999,365,True,0
421,upstream,2000,366,True,0
421,upstream,2001,365,True,0
421,upstream,2002,364,True,1
421,upstream,2003,365,True,0
421,upstream,2004,366,True,0
421,upstream,2005,365,True,0
421,upstream,2006,365,True,0
421,upstream,2007,365,True,0
421,upstream,2008,364,True,2
421,upstream,2009,364,True,1
421,upstream,2010,365,True,0
421,upstream,2011,365,True,0
421,upstream,2012,366,True,0
421,upstream,2013,365,True,0
421,upstream,2014,365,True,0
421,upstream,2015,365,True,0
421,upstream,2016,366,True,0
421,upstream,2017,365,True,0
421,upstream,2018,365,True,0
421,upstream,2019,92,False,0
423,cars,1980,366,True,0
423,cars,1981,365,True,0
423,cars,1982,365,True,0
423,cars,1983,365,True,0
423,cars,1984,366,True,0
423,cars,1985,365,True,0
423,cars,1986,365,True,0
423,cars,1987,365,True,0
423,cars,1988,366,True,0
423,cars,1989,365,True,0
423,cars,1990,365,True,0
423,cars,1991,365,True,0
423,cars,1992,366,True,0
423,cars,1993,365,True,0
423,cars,1994,365,True,0
423,cars,1995,365,True,0
423,cars,1996,366,True,0
423,cars,1997,365,True,0
423,cars,1998,365,True,0
423,cars,1999,365,True,0
423,cars,2000,366,True,0
423,cars,2001,365,True,0
423,cars,2002,365,True,0
423,cars,2003,365,True,0
423,cars,2004,366,True,0
423,cars,2005,365,True,0
423,cars,2006,365,True,0
423,cars,2007,365,True,0
423,cars,2008,366,True,0
423,cars,2009,365,True,0
423,cars,2010,365,True,0
423,cars,2011,365,True,0
423,cars,2012,366,True,0
423,cars,2013,365,True,0
423,cars,2014,365,True,0
423,cars,2015,365,True,0
423,cars,2016,366,True,0
423,cars,2017,365,True,0
423,cars,2018,365,True,0
423,cars,2019,365,True,0
423,upstream,1980,366,True,0
423,upstream,1981,365,True,0
423,upstream,1982,365,True,0
423,upstream,1983,365,True,0
423,upstream,1984,366,True,0
423,upstream,1985,365,True,0
423,upstream,1986,365,True,0
423,upstream,1987,365,True,0
423,upstream,1988,366,True,0
423,upstream,1989,365,True,0
423,upstream,1990,365,True,0
423,upstream,1991,365,True,0
423,upstream,1992,366,True,0
423,upstream,1993,364,True,1
423,upstream,1994,365,True,0
423,upstream,1995,364,True,1
423,upstream,1996,366,True,0
423,upstream,1997,365,True,0
423,upstream,1998,365,True,0
423,upstream,1999,365,True,0
423,upstream,2000,366,True,0
423,upstream,2001,365,True,0
423,upstream,2002,365,True,0
423,upstream,2003,365,True,0
423,upstream,2004,366,True,0
423,upstream,2005,365,True,0
423,upstream,2006,365,True,0
423,upstream,2007,365,True,0
423,upstream,2008,366,True,0
423,upstream,2009,365,True,0
423,upstream,2010,365,True,0
423,upstream,2011,364,True,1
423,upstream,2012,366,True,0
423,upstream,2013,365,True,0
423,upstream,2014,365,True,0
423,upstream,2015,365,True,0
423,upstream,2016,366,True,0
423,upstream,2017,365,True,0
423,upstream,2018,365,True,0
423,upstream,2019,365,True,0
431,cars,1980,0,False,0
431,cars,1981,0,False,0
431,cars,1982,0,False,0
431,cars,1983,0,False,0
431,cars,1984,0,False,0
431,cars,1985,0,False,0
431,cars,1986,0,False,0
431,cars,1987,0,False,0
431,cars,1988,0,False,0
431,cars,1989,0,False,0
431,cars,1990,0,False,0
431,cars,1991,162,False,0
431,cars,1992,299,False,0
431,cars,1993,365,True,0
431,cars,1994,318,False,0
431,cars,1995,364,True,0
431,cars,1996,343,True,0
431,cars,1997,359,True,0
431,cars,1998,365,True,0
431,cars,1999,365,True,0
431,cars,2000,364,True,0
431,cars,2001,350,True,0
431,cars,2002,365,True,0
431,cars,2003,365,True,0
431,cars,2004,335,True,0
431,cars,2005,365,True,0
431,cars,2006,349,True,0
431,cars,2007,365,True,0
431,cars,2008,365,True,0
431,cars,2009,365,True,0
431,cars,2010,313,False,0
431,cars,2011,332,True,0
431,cars,2012,363,True,0
431,cars,2013,365,True,0
431,cars,2014,355,True,0
431,cars,2015,334,True,0
431,cars,2016,357,True,0
431,cars,2017,365,True,0
431,cars,2018,365,True,0
431,cars,2019,365,True,0
431,upstream,1980,0,False,0
431,upstream,1981,0,False,0
431,upstream,1982,0,False,0
431,upstream,1983,0,False,0
431,upstream,1984,0,False,0
431,upstream,1985,0,False,0
431,upstream,1986,0,False,0
431,upstream,1987,0,False,0
431,upstream,1988,0,False,0
431,upstream,1989,0,False,0
431,upstream,1990,0,False,0
431,upstream,1991,151,False,84
431,upstream,1992,283,False,83
431,upstream,1993,365,True,0
431,upstream,1994,281,False,84
431,upstream,1995,337,True,28
431,upstream,1996,327,False,39
431,upstream,1997,324,False,31
431,upstream,1998,359,True,6
431,upstream,1999,351,True,14
431,upstream,2000,351,True,11
431,upstream,2001,324,False,41
431,upstream,2002,353,True,12
431,upstream,2003,352,True,13
431,upstream,2004,312,False,54
431,upstream,2005,364,True,1
431,upstream,2006,300,False,65
431,upstream,2007,347,True,18
431,upstream,2008,329,False,37
431,upstream,2009,342,True,23
431,upstream,2010,291,False,22
431,upstream,2011,325,False,4
431,upstream,2012,344,True,21
431,upstream,2013,358,True,7
431,upstream,2014,352,True,2
431,upstream,2015,325,False,0
431,upstream,2016,354,True,0
431,upstream,2017,365,True,0
431,upstream,2018,365,True,0
431,upstream,2019,365,True,0
437,cars,1980,0,False,0
437,cars,1981,0,False,0
437,cars,1982,0,False,0
437,cars,1983,0,False,0
437,cars,1984,0,False,0
437,cars,1985,0,False,0
437,cars,1986,0,False,0
437,cars,1987,0,False,0
437,cars,1988,2,False,0
437,cars,1989,0,False,0
437,cars,1990,0,False,0
437,cars,1991,22,False,0
437,cars,1992,218,False,0
437,cars,1993,340,True,0
437,cars,1994,357,True,0
437,cars,1995,352,True,0
437,cars,1996,341,True,0
437,cars,1997,295,False,0
437,cars,1998,265,False,0
437,cars,1999,277,False,0
437,cars,2000,290,False,0
437,cars,2001,279,False,0
437,cars,2002,325,False,0
437,cars,2003,273,False,0
437,cars,2004,331,True,0
437,cars,2005,345,True,0
437,cars,2006,338,True,0
437,cars,2007,288,False,0
437,cars,2008,325,False,0
437,cars,2009,362,True,0
437,cars,2010,362,True,0
437,cars,2011,357,True,0
437,cars,2012,270,False,0
437,cars,2013,263,False,0
437,cars,2014,327,False,0
437,cars,2015,310,False,0
437,cars,2016,315,False,0
437,cars,2017,344,True,0
437,cars,2018,363,True,0
437,cars,2019,337,True,0
437,upstream,1980,0,False,0
437,upstream,1981,0,False,0
437,upstream,1982,0,False,0
437,upstream,1983,0,False,0
437,upstream,1984,0,False,0
437,upstream,1985,0,False,0
437,upstream,1986,0,False,0
437,upstream,1987,0,False,0
437,upstream,1988,1,False,0
437,upstream,1989,0,False,0
437,upstream,1990,0,False,0
437,upstream,1991,21,False,0
437,upstream,1992,177,False,66
437,upstream,1993,290,False,61
437,upstream,1994,309,False,56
437,upstream,1995,322,False,43
437,upstream,1996,289,False,77
437,upstream,1997,253,False,51
437,upstream,1998,248,False,86
437,upstream,1999,230,False,135
437,upstream,2000,227,False,139
437,upstream,2001,226,False,139
437,upstream,2002,283,False,82
437,upstream,2003,227,False,138
437,upstream,2004,237,False,129
437,upstream,2005,282,False,83
437,upstream,2006,234,False,131
437,upstream,2007,201,False,164
437,upstream,2008,274,False,92
437,upstream,2009,298,False,67
437,upstream,2010,336,True,29
437,upstream,2011,286,False,79
437,upstream,2012,157,False,209
437,upstream,2013,189,False,176
437,upstream,2014,245,False,120
437,upstream,2015,202,False,163
437,upstream,2016,234,False,132
437,upstream,2017,240,False,125
437,upstream,2018,183,False,182
437,upstream,2019,222,False,143
438,cars,1980,0,False,0
438,cars,1981,0,False,0
438,cars,1982,79,False,0
438,cars,1983,365,True,0
438,cars,1984,352,True,0
438,cars,1985,47,False,0
438,cars,1986,0,False,0
438,cars,1987,365,True,0
438,cars,1988,100,False,0
438,cars,1989,0,False,0
438,cars,1990,365,True,0
438,cars,1991,365,True,0
438,cars,1992,366,True,0
438,cars,1993,365,True,0
438,cars,1994,365,True,0
438,cars,1995,365,True,0
438,cars,1996,362,True,0
438,cars,1997,305,False,0
438,cars,1998,365,True,0
438,cars,1999,365,True,0
438,cars,2000,366,True,0
438,cars,2001,363,True,0
438,cars,2002,357,True,0
438,cars,2003,365,True,0
438,cars,2004,366,True,0
438,cars,2005,365,True,0
438,cars,2006,365,True,0
438,cars,2007,365,True,0
438,cars,2008,278,False,0
438,cars,2009,365,True,0
438,cars,2010,365,True,0
438,cars,2011,365,True,0
438,cars,2012,366,True,0
438,cars,2013,365,True,0
438,cars,2014,365,True,0
438,cars,2015,365,True,0
438,cars,2016,366,True,0
438,cars,2017,365,True,0
438,cars,2018,365,True,0
438,cars,2019,365,True,0
438,upstream,1980,0,False,0
438,upstream,1981,0,False,0
438,upstream,1982,62,False,0
438,upstream,1983,359,True,6
438,upstream,1984,339,True,26
438,upstream,1985,29,False,2
438,upstream,1986,0,False,0
438,upstream,1987,350,True,15
438,upstream,1988,89,False,2
438,upstream,1989,0,False,0
438,upstream,1990,365,True,0
438,upstream,1991,365,True,0
438,upstream,1992,364,True,0
438,upstream,1993,365,True,0
438,upstream,1994,328,False,37
438,upstream,1995,344,True,21
438,upstream,1996,300,False,62
438,upstream,1997,303,False,1
438,upstream,1998,350,True,10
438,upstream,1999,365,True,0
438,upstream,2000,357,True,9
438,upstream,2001,350,True,12
438,upstream,2002,317,False,47
438,upstream,2003,351,True,14
438,upstream,2004,338,True,28
438,upstream,2005,346,True,19
438,upstream,2006,349,True,16
438,upstream,2007,317,False,48
438,upstream,2008,226,False,140
438,upstream,2009,347,True,18
438,upstream,2010,359,True,6
438,upstream,2011,356,True,9
438,upstream,2012,338,True,28
438,upstream,2013,339,True,26
438,upstream,2014,338,True,27
438,upstream,2015,340,True,25
438,upstream,2016,346,True,20
438,upstream,2017,362,True,3
438,upstream,2018,363,True,2
438,upstream,2019,364,True,1
442,cars,1980,0,False,0
442,cars,1981,0,False,0
442,cars,1982,0,False,0
442,cars,1983,0,False,0
442,cars,1984,0,False,0
442,cars,1985,0,False,0
442,cars,1986,0,False,0
442,cars,1987,0,False,0
442,cars,1988,0,False,0
442,cars,1989,0,False,0
442,cars,1990,365,True,0
442,cars,1991,365,True,0
442,cars,1992,366,True,0
442,cars,1993,365,True,0
442,cars,1994,365,True,0
442,cars,1995,365,True,0
442,cars,1996,366,True,0
442,cars,1997,342,True,0
442,cars,1998,365,True,0
442,cars,1999,365,True,0
442,cars,2000,366,True,0
442,cars,2001,365,True,0
442,cars,2002,365,True,0
442,cars,2003,365,True,0
442,cars,2004,366,True,0
442,cars,2005,365,True,0
442,cars,2006,365,True,0
442,cars,2007,365,True,0
442,cars,2008,366,True,0
442,cars,2009,365,True,0
442,cars,2010,365,True,0
442,cars,2011,365,True,0
442,cars,2012,366,True,0
442,cars,2013,365,True,0
442,cars,2014,365,True,0
442,cars,2015,365,True,0
442,cars,2016,366,True,0
442,cars,2017,365,True,0
442,cars,2018,365,True,0
442,cars,2019,365,True,0
442,upstream,1980,0,False,0
442,upstream,1981,0,False,0
442,upstream,1982,0,False,0
442,upstream,1983,0,False,0
442,upstream,1984,0,False,0
442,upstream,1985,0,False,0
442,upstream,1986,0,False,0
442,upstream,1987,0,False,0
442,upstream,1988,0,False,0
442,upstream,1989,0,False,0
442,upstream,1990,350,True,15
442,upstream,1991,365,True,0
442,upstream,1992,351,True,15
442,upstream,1993,359,True,6
442,upstream,1994,351,True,14
442,upstream,1995,353,True,12
442,upstream,1996,362,True,4
442,upstream,1997,328,False,14
442,upstream,1998,364,True,1
442,upstream,1999,365,True,0
442,upstream,2000,365,True,1
442,upstream,2001,364,True,1
442,upstream,2002,350,True,15
442,upstream,2003,343,True,22
442,upstream,2004,352,True,14
442,upstream,2005,360,True,5
442,upstream,2006,347,True,18
442,upstream,2007,310,False,55
442,upstream,2008,351,True,15
442,upstream,2009,351,True,14
442,upstream,2010,340,True,25
442,upstream,2011,355,True,10
442,upstream,2012,364,True,2
442,upstream,2013,365,True,0
442,upstream,2014,365,True,0
442,upstream,2015,361,True,4
442,upstream,2016,366,True,0
442,upstream,2017,365,True,0
442,upstream,2018,365,True,0
442,upstream,2019,365,True,0
445,cars,1980,366,True,0
445,cars,1981,365,True,0
445,cars,1982,365,True,0
445,cars,1983,317,False,0
445,cars,1984,366,True,0
445,cars,1985,362,True,0
445,cars,1986,365,True,0
445,cars,1987,361,True,0
445,cars,1988,337,True,0
445,cars,1989,361,True,0
445,cars,1990,213,False,0
445,cars,1991,365,True,0
445,cars,1992,366,True,0
445,cars,1993,365,True,0
445,cars,1994,365,True,0
445,cars,1995,365,True,0
445,cars,1996,366,True,0
445,cars,1997,365,True,0
445,cars,1998,365,True,0
445,cars,1999,363,True,0
445,cars,2000,365,True,0
445,cars,2001,365,True,0
445,cars,2002,365,True,0
445,cars,2003,365,True,0
445,cars,2004,366,True,0
445,cars,2005,365,True,0
445,cars,2006,365,True,0
445,cars,2007,365,True,0
445,cars,2008,366,True,0
445,cars,2009,365,True,0
445,cars,2010,365,True,0
445,cars,2011,365,True,0
445,cars,2012,366,True,0
445,cars,2013,365,True,0
445,cars,2014,365,True,0
445,cars,2015,365,True,0
445,cars,2016,366,True,0
445,cars,2017,365,True,0
445,cars,2018,365,True,0
445,cars,2019,365,True,0
445,upstream,1980,364,True,2
445,upstream,1981,365,True,0
445,upstream,1982,365,True,0
445,upstream,1983,307,False,2
445,upstream,1984,365,True,1
445,upstream,1985,345,True,20
445,upstream,1986,359,True,6
445,upstream,1987,351,True,14
445,upstream,1988,323,False,43
445,upstream,1989,360,True,5
445,upstream,1990,212,False,0
445,upstream,1991,365,True,0
445,upstream,1992,365,True,1
445,upstream,1993,364,True,1
445,upstream,1994,359,True,6
445,upstream,1995,365,True,0
445,upstream,1996,366,True,0
445,upstream,1997,359,True,6
445,upstream,1998,365,True,0
445,upstream,1999,354,True,11
445,upstream,2000,357,True,9
445,upstream,2001,361,True,4
445,upstream,2002,363,True,2
445,upstream,2003,364,True,1
445,upstream,2004,365,True,1
445,upstream,2005,364,True,1
445,upstream,2006,365,True,0
445,upstream,2007,364,True,1
445,upstream,2008,366,True,0
445,upstream,2009,358,True,7
445,upstream,2010,346,True,19
445,upstream,2011,364,True,1
445,upstream,2012,366,True,0
445,upstream,2013,363,True,2
445,upstream,2014,365,True,0
445,upstream,2015,365,True,0
445,upstream,2016,366,True,0
445,upstream,2017,365,True,0
445,upstream,2018,365,True,0
445,upstream,2019,365,True,0
448,cars,1980,85,False,0
448,cars,1981,82,False,0
448,cars,1982,159,False,0
448,cars,1983,365,True,0
448,cars,1984,366,True,0
448,cars,1985,365,True,0
448,cars,1986,365,True,0
448,cars,1987,365,True,0
448,cars,1988,195,False,0
448,cars,1989,364,True,0
448,cars,1990,365,True,0
448,cars,1991,365,True,0
448,cars,1992,366,True,0
448,cars,1993,365,True,0
448,cars,1994,365,True,0
448,cars,1995,365,True,0
448,cars,1996,366,True,0
448,cars,1997,365,True,0
448,cars,1998,365,True,0
448,cars,1999,365,True,0
448,cars,2000,366,True,0
448,cars,2001,365,True,0
448,cars,2002,365,True,0
448,cars,2003,361,True,0
448,cars,2004,366,True,0
448,cars,2005,365,True,0
448,cars,2006,365,True,0
448,cars,2007,362,True,0
448,cars,2008,366,True,0
448,cars,2009,365,True,0
448,cars,2010,365,True,0
448,cars,2011,365,True,0
448,cars,2012,191,False,0
448,cars,2013,361,True,0
448,cars,2014,281,False,0
448,cars,2015,365,True,0
448,cars,2016,366,True,0
448,cars,2017,365,True,0
448,cars,2018,365,True,0
448,cars,2019,365,True,0
448,upstream,1980,65,False,0
448,upstream,1981,51,False,2
448,upstream,1982,158,False,0
448,upstream,1983,365,True,0
448,upstream,1984,366,True,0
448,upstream,1985,365,True,0
448,upstream,1986,365,True,0
448,upstream,1987,365,True,0
448,upstream,1988,190,False,4
448,upstream,1989,358,True,5
448,upstream,1990,365,True,0
448,upstream,1991,361,True,0
448,upstream,1992,358,True,8
448,upstream,1993,365,True,0
448,upstream,1994,365,True,0
448,upstream,1995,365,True,0
448,upstream,1996,362,True,4
448,upstream,1997,346,True,19
448,upstream,1998,362,True,3
448,upstream,1999,364,True,1
448,upstream,2000,351,True,15
448,upstream,2001,365,True,0
448,upstream,2002,364,True,0
448,upstream,2003,360,True,0
448,upstream,2004,364,True,1
448,upstream,2005,363,True,2
448,upstream,2006,362,True,1
448,upstream,2007,357,True,4
448,upstream,2008,343,True,23
448,upstream,2009,349,True,16
448,upstream,2010,362,True,3
448,upstream,2011,365,True,0
448,upstream,2012,185,False,80
448,upstream,2013,332,True,31
448,upstream,2014,279,False,18
448,upstream,2015,365,True,0
448,upstream,2016,366,True,0
448,upstream,2017,365,True,0
448,upstream,2018,364,True,1
448,upstream,2019,365,True,0
449,cars,1980,366,True,0
449,cars,1981,365,True,0
449,cars,1982,365,True,0
449,cars,1983,365,True,0
449,cars,1984,332,True,0
449,cars,1985,365,True,0
449,cars,1986,338,True,0
449,cars,1987,365,True,0
449,cars,1988,366,True,0
449,cars,1989,365,True,0
449,cars,1990,365,True,0
449,cars,1991,365,True,0
449,cars,1992,366,True,0
449,cars,1993,365,True,0
449,cars,1994,365,True,0
449,cars,1995,365,True,0
449,cars,1996,366,True,0
449,cars,1997,365,True,0
449,cars,1998,365,True,0
449,cars,1999,365,True,0
449,cars,2000,366,True,0
449,cars,2001,365,True,0
449,cars,2002,365,True,0
449,cars,2003,365,True,0
449,cars,2004,366,True,0
449,cars,2005,365,True,0
449,cars,2006,365,True,0
449,cars,2007,365,True,0
449,cars,2008,359,True,0
449,cars,2009,360,True,0
449,cars,2010,365,True,0
449,cars,2011,365,True,0
449,cars,2012,366,True,0
449,cars,2013,365,True,0
449,cars,2014,365,True,0
449,cars,2015,365,True,0
449,cars,2016,366,True,0
449,cars,2017,365,True,0
449,cars,2018,365,True,0
449,cars,2019,365,True,0
449,upstream,1980,366,True,0
449,upstream,1981,365,True,0
449,upstream,1982,365,True,0
449,upstream,1983,365,True,0
449,upstream,1984,323,False,2
449,upstream,1985,354,True,0
449,upstream,1986,325,False,0
449,upstream,1987,365,True,0
449,upstream,1988,365,True,1
449,upstream,1989,365,True,0
449,upstream,1990,361,True,1
449,upstream,1991,365,True,0
449,upstream,1992,362,True,4
449,upstream,1993,365,True,0
449,upstream,1994,357,True,8
449,upstream,1995,359,True,6
449,upstream,1996,358,True,8
449,upstream,1997,344,True,21
449,upstream,1998,363,True,2
449,upstream,1999,365,True,0
449,upstream,2000,366,True,0
449,upstream,2001,364,True,1
449,upstream,2002,365,True,0
449,upstream,2003,360,True,5
449,upstream,2004,361,True,5
449,upstream,2005,363,True,2
449,upstream,2006,361,True,4
449,upstream,2007,362,True,3
449,upstream,2008,351,True,15
449,upstream,2009,360,True,5
449,upstream,2010,365,True,0
449,upstream,2011,365,True,0
449,upstream,2012,366,True,0
449,upstream,2013,365,True,0
449,upstream,2014,365,True,0
449,upstream,2015,365,True,0
449,upstream,2016,366,True,0
449,upstream,2017,365,True,0
449,upstream,2018,364,True,1
449,upstream,2019,365,True,0
450,cars,1980,0,False,0
450,cars,1981,0,False,0
450,cars,1982,0,False,0
450,cars,1983,0,False,0
450,cars,1984,0,False,0
450,cars,1985,4,False,0
450,cars,1986,0,False,0
450,cars,1987,0,False,0
450,cars,1988,0,False,0
450,cars,1989,0,False,0
450,cars,1990,363,True,0
450,cars,1991,313,False,0
450,cars,1992,332,True,0
450,cars,1993,363,True,0
450,cars,1994,347,True,0
450,cars,1995,365,True,0
450,cars,1996,366,True,0
450,cars,1997,365,True,0
450,cars,1998,365,True,0
450,cars,1999,365,True,0
450,cars,2000,365,True,0
450,cars,2001,365,True,0
450,cars,2002,365,True,0
450,cars,2003,356,True,0
450,cars,2004,366,True,0
450,cars,2005,365,True,0
450,cars,2006,365,True,0
450,cars,2007,365,True,0
450,cars,2008,366,True,0
450,cars,2009,364,True,0
450,cars,2010,365,True,0
450,cars,2011,365,True,0
450,cars,2012,366,True,0
450,cars,2013,355,True,0
450,cars,2014,363,True,0
450,cars,2015,365,True,0
450,cars,2016,366,True,0
450,cars,2017,365,True,0
450,cars,2018,365,True,0
450,cars,2019,365,True,0
450,upstream,1980,0,False,0
450,upstream,1981,0,False,0
450,upstream,1982,0,False,0
450,upstream,1983,0,False,0
450,upstream,1984,0,False,0
450,upstream,1985,3,False,0
450,upstream,1986,0,False,0
450,upstream,1987,0,False,0
450,upstream,1988,0,False,0
450,upstream,1989,0,False,0
450,upstream,1990,335,True,12
450,upstream,1991,277,False,27
450,upstream,1992,302,False,64
450,upstream,1993,350,True,15
450,upstream,1994,295,False,70
450,upstream,1995,344,True,21
450,upstream,1996,361,True,5
450,upstream,1997,357,True,8
450,upstream,1998,365,True,0
450,upstream,1999,359,True,6
450,upstream,2000,334,True,32
450,upstream,2001,349,True,16
450,upstream,2002,340,True,25
450,upstream,2003,333,True,32
450,upstream,2004,339,True,27
450,upstream,2005,334,True,31
450,upstream,2006,333,True,32
450,upstream,2007,324,False,41
450,upstream,2008,340,True,26
450,upstream,2009,326,False,39
450,upstream,2010,357,True,8
450,upstream,2011,364,True,1
450,upstream,2012,324,False,42
450,upstream,2013,325,False,40
450,upstream,2014,350,True,15
450,upstream,2015,339,True,26
450,upstream,2016,313,False,53
450,upstream,2017,360,True,5
450,upstream,2018,338,True,27
450,upstream,2019,358,True,7
451,cars,1980,366,True,0
451,cars,1981,365,True,0
451,cars,1982,365,True,0
451,cars,1983,365,True,0
451,cars,1984,366,True,0
451,cars,1985,365,True,0
451,cars,1986,365,True,0
451,cars,1987,365,True,0
451,cars,1988,366,True,0
451,cars,1989,365,True,0
451,cars,1990,365,True,0
451,cars,1991,365,True,0
451,cars,1992,366,True,0
451,cars,1993,365,True,0
451,cars,1994,365,True,0
451,cars,1995,365,True,0
451,cars,1996,366,True,0
451,cars,1997,365,True,0
451,cars,1998,365,True,0
451,cars,1999,365,True,0
451,cars,2000,366,True,0
451,cars,2001,365,True,0
451,cars,2002,365,True,0
451,cars,2003,365,True,0
451,cars,2004,366,True,0
451,cars,2005,365,True,0
451,cars,2006,365,True,0
451,cars,2007,365,True,0
451,cars,2008,366,True,0
451,cars,2009,365,True,0
451,cars,2010,365,True,0
451,cars,2011,365,True,0
451,cars,2012,366,True,0
451,cars,2013,365,True,0
451,cars,2014,365,True,0
451,cars,2015,365,True,0
451,cars,2016,366,True,0
451,cars,2017,365,True,0
451,cars,2018,365,True,0
451,cars,2019,365,True,0
451,upstream,1980,366,True,0
451,upstream,1981,365,True,0
451,upstream,1982,365,True,0
451,upstream,1983,365,True,0
451,upstream,1984,366,True,0
451,upstream,1985,365,True,0
451,upstream,1986,365,True,0
451,upstream,1987,365,True,0
451,upstream,1988,366,True,0
451,upstream,1989,365,True,0
451,upstream,1990,365,True,0
451,upstream,1991,365,True,0
451,upstream,1992,366,True,0
451,upstream,1993,365,True,0
451,upstream,1994,365,True,0
451,upstream,1995,365,True,0
451,upstream,1996,366,True,0
451,upstream,1997,365,True,0
451,upstream,1998,365,True,0
451,upstream,1999,365,True,0
451,upstream,2000,366,True,0
451,upstream,2001,365,True,0
451,upstream,2002,363,True,2
451,upstream,2003,365,True,0
451,upstream,2004,364,True,2
451,upstream,2005,365,True,0
451,upstream,2006,365,True,0
451,upstream,2007,365,True,0
451,upstream,2008,366,True,0
451,upstream,2009,365,True,0
451,upstream,2010,365,True,0
451,upstream,2011,365,True,0
451,upstream,2012,366,True,0
451,upstream,2013,365,True,0
451,upstream,2014,365,True,0
451,upstream,2015,365,True,0
451,upstream,2016,366,True,0
451,upstream,2017,365,True,0
451,upstream,2018,365,True,0
451,upstream,2019,365,True,0
456,cars,1980,366,True,0
456,cars,1981,365,True,0
456,cars,1982,365,True,0
456,cars,1983,365,True,0
456,cars,1984,366,True,0
456,cars,1985,365,True,0
456,cars,1986,365,True,0
456,cars,1987,365,True,0
456,cars,1988,366,True,0
456,cars,1989,365,True,0
456,cars,1990,365,True,0
456,cars,1991,365,True,0
456,cars,1992,366,True,0
456,cars,1993,365,True,0
456,cars,1994,365,True,0
456,cars,1995,365,True,0
456,cars,1996,366,True,0
456,cars,1997,365,True,0
456,cars,1998,365,True,0
456,cars,1999,365,True,0
456,cars,2000,366,True,0
456,cars,2001,365,True,0
456,cars,2002,365,True,0
456,cars,2003,365,True,0
456,cars,2004,366,True,0
456,cars,2005,365,True,0
456,cars,2006,365,True,0
456,cars,2007,365,True,0
456,cars,2008,276,False,0
456,cars,2009,338,True,0
456,cars,2010,365,True,0
456,cars,2011,365,True,0
456,cars,2012,366,True,0
456,cars,2013,365,True,0
456,cars,2014,365,True,0
456,cars,2015,365,True,0
456,cars,2016,366,True,0
456,cars,2017,365,True,0
456,cars,2018,365,True,0
456,cars,2019,365,True,0
456,upstream,1980,366,True,0
456,upstream,1981,365,True,0
456,upstream,1982,365,True,0
456,upstream,1983,364,True,1
456,upstream,1984,366,True,0
456,upstream,1985,365,True,0
456,upstream,1986,365,True,0
456,upstream,1987,364,True,0
456,upstream,1988,363,True,3
456,upstream,1989,365,True,0
456,upstream,1990,365,True,0
456,upstream,1991,365,True,0
456,upstream,1992,361,True,5
456,upstream,1993,365,True,0
456,upstream,1994,351,True,14
456,upstream,1995,365,True,0
456,upstream,1996,362,True,4
456,upstream,1997,365,True,0
456,upstream,1998,363,True,2
456,upstream,1999,365,True,0
456,upstream,2000,360,True,6
456,upstream,2001,363,True,2
456,upstream,2002,364,True,1
456,upstream,2003,365,True,0
456,upstream,2004,364,True,2
456,upstream,2005,365,True,0
456,upstream,2006,364,True,1
456,upstream,2007,357,True,1
456,upstream,2008,216,False,0
456,upstream,2009,320,False,2
456,upstream,2010,365,True,0
456,upstream,2011,365,True,0
456,upstream,2012,354,True,12
456,upstream,2013,363,True,2
456,upstream,2014,364,True,1
456,upstream,2015,359,True,6
456,upstream,2016,361,True,5
456,upstream,2017,365,True,0
456,upstream,2018,358,True,7
456,upstream,2019,365,True,0
458,cars,1980,0,False,0
458,cars,1981,0,False,0
458,cars,1982,0,False,0
458,cars,1983,0,False,0
458,cars,1984,0,False,0
458,cars,1985,0,False,0
458,cars,1986,0,False,0
458,cars,1987,0,False,0
458,cars,1988,0,False,0
458,cars,1989,0,False,0
458,cars,1990,0,False,0
458,cars,1991,0,False,0
458,cars,1992,0,False,0
458,cars,1993,0,False,0
458,cars,1994,0,False,0
458,cars,1995,0,False,0
458,cars,1996,0,False,0
458,cars,1997,0,False,0
458,cars,1998,0,False,0
458,cars,1999,0,False,0
458,cars,2000,0,False,0
458,cars,2001,0,False,0
458,cars,2002,0,False,0
458,cars,2003,272,False,0
458,cars,2004,364,True,0
458,cars,2005,365,True,0
458,cars,2006,365,True,0
458,cars,2007,365,True,0
458,cars,2008,366,True,0
458,cars,2009,365,True,0
458,cars,2010,365,True,0
458,cars,2011,365,True,0
458,cars,2012,366,True,0
458,cars,2013,365,True,0
458,cars,2014,365,True,0
458,cars,2015,365,True,0
458,cars,2016,366,True,0
458,cars,2017,365,True,0
458,cars,2018,363,True,0
458,cars,2019,365,True,0
458,upstream,1980,0,False,0
458,upstream,1981,0,False,0
458,upstream,1982,0,False,0
458,upstream,1983,0,False,0
458,upstream,1984,0,False,0
458,upstream,1985,0,False,0
458,upstream,1986,0,False,0
458,upstream,1987,0,False,0
458,upstream,1988,0,False,0
458,upstream,1989,0,False,0
458,upstream,1990,0,False,0
458,upstream,1991,0,False,0
458,upstream,1992,0,False,0
458,upstream,1993,0,False,0
458,upstream,1994,0,False,0
458,upstream,1995,0,False,0
458,upstream,1996,0,False,0
458,upstream,1997,0,False,0
458,upstream,1998,0,False,0
458,upstream,1999,0,False,0
458,upstream,2000,0,False,0
458,upstream,2001,0,False,0
458,upstream,2002,0,False,0
458,upstream,2003,269,False,3
458,upstream,2004,352,True,14
458,upstream,2005,361,True,4
458,upstream,2006,355,True,10
458,upstream,2007,364,True,1
458,upstream,2008,363,True,3
458,upstream,2009,365,True,0
458,upstream,2010,365,True,0
458,upstream,2011,365,True,0
458,upstream,2012,366,True,0
458,upstream,2013,365,True,0
458,upstream,2014,364,True,1
458,upstream,2015,365,True,0
458,upstream,2016,365,True,1
458,upstream,2017,364,True,1
458,upstream,2018,348,True,17
458,upstream,2019,332,True,33
467,cars,1980,0,False,0
467,cars,1981,0,False,0
467,cars,1982,0,False,0
467,cars,1983,0,False,0
467,cars,1984,0,False,0
467,cars,1985,0,False,0
467,cars,1986,0,False,0
467,cars,1987,0,False,0
467,cars,1988,0,False,0
467,cars,1989,0,False,0
467,cars,1990,0,False,0
467,cars,1991,0,False,0
467,cars,1992,0,False,0
467,cars,1993,192,False,0
467,cars,1994,365,True,0
467,cars,1995,365,True,0
467,cars,1996,366,True,0
467,cars,1997,365,True,0
467,cars,1998,365,True,0
467,cars,1999,365,True,0
467,cars,2000,366,True,0
467,cars,2001,365,True,0
467,cars,2002,365,True,0
467,cars,2003,365,True,0
467,cars,2004,366,True,0
467,cars,2005,365,True,0
467,cars,2006,365,True,0
467,cars,2007,365,True,0
467,cars,2008,366,True,0
467,cars,2009,365,True,0
467,cars,2010,365,True,0
467,cars,2011,365,True,0
467,cars,2012,366,True,0
467,cars,2013,365,True,0
467,cars,2014,365,True,0
467,cars,2015,365,True,0
467,cars,2016,366,True,0
467,cars,2017,365,True,0
467,cars,2018,365,True,0
467,cars,2019,365,True,0
467,upstream,1980,0,False,0
467,upstream,1981,0,False,0
467,upstream,1982,0,False,0
467,upstream,1983,0,False,0
467,upstream,1984,0,False,0
467,upstream,1985,0,False,0
467,upstream,1986,0,False,0
467,upstream,1987,0,False,0
467,upstream,1988,0,False,0
467,upstream,1989,0,False,0
467,upstream,1990,0,False,0
467,upstream,1991,0,False,0
467,upstream,1992,0,False,0
467,upstream,1993,189,False,0
467,upstream,1994,365,True,0
467,upstream,1995,365,True,0
467,upstream,1996,366,True,0
467,upstream,1997,365,True,0
467,upstream,1998,365,True,0
467,upstream,1999,365,True,0
467,upstream,2000,366,True,0
467,upstream,2001,365,True,0
467,upstream,2002,364,True,1
467,upstream,2003,365,True,0
467,upstream,2004,365,True,1
467,upstream,2005,364,True,1
467,upstream,2006,365,True,0
467,upstream,2007,362,True,3
467,upstream,2008,362,True,4
467,upstream,2009,353,True,12
467,upstream,2010,362,True,3
467,upstream,2011,363,True,2
467,upstream,2012,364,True,1
467,upstream,2013,365,True,0
467,upstream,2014,365,True,0
467,upstream,2015,364,True,1
467,upstream,2016,365,True,1
467,upstream,2017,363,True,2
467,upstream,2018,363,True,2
467,upstream,2019,364,True,1
469,cars,1980,0,False,0
469,cars,1981,0,False,0
469,cars,1982,0,False,0
469,cars,1983,0,False,0
469,cars,1984,0,False,0
469,cars,1985,0,False,0
469,cars,1986,0,False,0
469,cars,1987,0,False,0
469,cars,1988,34,False,0
469,cars,1989,365,True,0
469,cars,1990,365,True,0
469,cars,1991,365,True,0
469,cars,1992,366,True,0
469,cars,1993,365,True,0
469,cars,1994,365,True,0
469,cars,1995,365,True,0
469,cars,1996,366,True,0
469,cars,1997,365,True,0
469,cars,1998,365,True,0
469,cars,1999,365,True,0
469,cars,2000,366,True,0
469,cars,2001,365,True,0
469,cars,2002,365,True,0
469,cars,2003,365,True,0
469,cars,2004,366,True,0
469,cars,2005,365,True,0
469,cars,2006,357,True,0
469,cars,2007,363,True,0
469,cars,2008,366,True,0
469,cars,2009,365,True,0
469,cars,2010,365,True,0
469,cars,2011,365,True,0
469,cars,2012,366,True,0
469,cars,2013,365,True,0
469,cars,2014,365,True,0
469,cars,2015,365,True,0
469,cars,2016,366,True,0
469,cars,2017,365,True,0
469,cars,2018,365,True,0
469,cars,2019,365,True,0
469,upstream,1980,0,False,0
469,upstream,1981,0,False,0
469,upstream,1982,0,False,0
469,upstream,1983,0,False,0
469,upstream,1984,0,False,0
469,upstream,1985,0,False,0
469,upstream,1986,0,False,0
469,upstream,1987,0,False,0
469,upstream,1988,33,False,1
469,upstream,1989,361,True,4
469,upstream,1990,364,True,1
469,upstream,1991,361,True,2
469,upstream,1992,362,True,4
469,upstream,1993,364,True,1
469,upstream,1994,364,True,1
469,upstream,1995,364,True,0
469,upstream,1996,360,True,6
469,upstream,1997,361,True,3
469,upstream,1998,365,True,0
469,upstream,1999,364,True,1
469,upstream,2000,360,True,6
469,upstream,2001,360,True,5
469,upstream,2002,327,False,38
469,upstream,2003,361,True,4
469,upstream,2004,357,True,9
469,upstream,2005,364,True,1
469,upstream,2006,334,True,31
469,upstream,2007,326,False,39
469,upstream,2008,349,True,17
469,upstream,2009,361,True,4
469,upstream,2010,358,True,7
469,upstream,2011,362,True,3
469,upstream,2012,352,True,14
469,upstream,2013,347,True,18
469,upstream,2014,361,True,4
469,upstream,2015,363,True,2
469,upstream,2016,362,True,4
469,upstream,2017,364,True,1
469,upstream,2018,340,True,25
469,upstream,2019,353,True,12
470,cars,1980,0,False,0
470,cars,1981,0,False,0
470,cars,1982,0,False,0
470,cars,1983,0,False,0
470,cars,1984,0,False,0
470,cars,1985,0,False,0
470,cars,1986,0,False,0
470,cars,1987,0,False,0
470,cars,1988,0,False,0
470,cars,1989,0,False,0
470,cars,1990,0,False,0
470,cars,1991,365,True,0
470,cars,1992,366,True,0
470,cars,1993,365,True,0
470,cars,1994,365,True,0
470,cars,1995,365,True,0
470,cars,1996,366,True,0
470,cars,1997,365,True,0
470,cars,1998,365,True,0
470,cars,1999,365,True,0
470,cars,2000,366,True,0
470,cars,2001,365,True,0
470,cars,2002,365,True,0
470,cars,2003,365,True,0
470,cars,2004,366,True,0
470,cars,2005,365,True,0
470,cars,2006,365,True,0
470,cars,2007,353,True,0
470,cars,2008,366,True,0
470,cars,2009,365,True,0
470,cars,2010,365,True,0
470,cars,2011,365,True,0
470,cars,2012,366,True,0
470,cars,2013,365,True,0
470,cars,2014,365,True,0
470,cars,2015,365,True,0
470,cars,2016,366,True,0
470,cars,2017,365,True,0
470,cars,2018,365,True,0
470,cars,2019,365,True,0
470,upstream,1980,0,False,0
470,upstream,1981,0,False,0
470,upstream,1982,0,False,0
470,upstream,1983,0,False,0
470,upstream,1984,0,False,0
470,upstream,1985,0,False,0
470,upstream,1986,0,False,0
470,upstream,1987,0,False,0
470,upstream,1988,0,False,0
470,upstream,1989,0,False,0
470,upstream,1990,0,False,14
470,upstream,1991,365,True,0
470,upstream,1992,365,True,1
470,upstream,1993,365,True,0
470,upstream,1994,365,True,0
470,upstream,1995,365,True,0
470,upstream,1996,366,True,0
470,upstream,1997,364,True,0
470,upstream,1998,365,True,0
470,upstream,1999,365,True,0
470,upstream,2000,366,True,0
470,upstream,2001,365,True,0
470,upstream,2002,365,True,0
470,upstream,2003,364,True,1
470,upstream,2004,366,True,0
470,upstream,2005,359,True,2
470,upstream,2006,357,True,8
470,upstream,2007,343,True,2
470,upstream,2008,366,True,0
470,upstream,2009,356,True,9
470,upstream,2010,359,True,6
470,upstream,2011,360,True,5
470,upstream,2012,362,True,4
470,upstream,2013,365,True,0
470,upstream,2014,360,True,5
470,upstream,2015,365,True,0
470,upstream,2016,365,True,1
470,upstream,2017,365,True,0
470,upstream,2018,365,True,0
470,upstream,2019,363,True,2
471,cars,1980,0,False,0
471,cars,1981,0,False,0
471,cars,1982,0,False,0
471,cars,1983,0,False,0
471,cars,1984,0,False,0
471,cars,1985,0,False,0
471,cars,1986,0,False,0
471,cars,1987,0,False,0
471,cars,1988,32,False,0
471,cars,1989,1,False,0
471,cars,1990,0,False,0
471,cars,1991,365,True,0
471,cars,1992,366,True,0
471,cars,1993,365,True,0
471,cars,1994,365,True,0
471,cars,1995,365,True,0
471,cars,1996,366,True,0
471,cars,1997,365,True,0
471,cars,1998,365,True,0
471,cars,1999,332,True,0
471,cars,2000,366,True,0
471,cars,2001,365,True,0
471,cars,2002,365,True,0
471,cars,2003,365,True,0
471,cars,2004,366,True,0
471,cars,2005,365,True,0
471,cars,2006,365,True,0
471,cars,2007,365,True,0
471,cars,2008,366,True,0
471,cars,2009,365,True,0
471,cars,2010,365,True,0
471,cars,2011,365,True,0
471,cars,2012,366,True,0
471,cars,2013,365,True,0
471,cars,2014,365,True,0
471,cars,2015,365,True,0
471,cars,2016,366,True,0
471,cars,2017,363,True,0
471,cars,2018,365,True,0
471,cars,2019,365,True,0
471,upstream,1980,0,False,0
471,upstream,1981,0,False,0
471,upstream,1982,0,False,0
471,upstream,1983,0,False,0
471,upstream,1984,0,False,0
471,upstream,1985,0,False,0
471,upstream,1986,0,False,0
471,upstream,1987,0,False,0
471,upstream,1988,31,False,0
471,upstream,1989,0,False,0
471,upstream,1990,0,False,61
471,upstream,1991,365,True,0
471,upstream,1992,366,True,0
471,upstream,1993,362,True,3
471,upstream,1994,365,True,0
471,upstream,1995,362,True,3
471,upstream,1996,362,True,4
471,upstream,1997,364,True,1
471,upstream,1998,365,True,0
471,upstream,1999,306,False,59
471,upstream,2000,359,True,7
471,upstream,2001,365,True,0
471,upstream,2002,365,True,0
471,upstream,2003,365,True,0
471,upstream,2004,366,True,0
471,upstream,2005,364,True,1
471,upstream,2006,360,True,5
471,upstream,2007,353,True,12
471,upstream,2008,361,True,5
471,upstream,2009,359,True,6
471,upstream,2010,346,True,19
471,upstream,2011,359,True,6
471,upstream,2012,343,True,23
471,upstream,2013,358,True,7
471,upstream,2014,333,True,32
471,upstream,2015,326,False,39
471,upstream,2016,314,False,52
471,upstream,2017,340,True,22
471,upstream,2018,315,False,50
471,upstream,2019,336,True,29
473,cars,1980,357,True,0
473,cars,1981,351,True,0
473,cars,1982,362,True,0
473,cars,1983,364,True,0
473,cars,1984,358,True,0
473,cars,1985,363,True,0
473,cars,1986,365,True,0
473,cars,1987,356,True,0
473,cars,1988,365,True,0
473,cars,1989,364,True,0
473,cars,1990,365,True,0
473,cars,1991,362,True,0
473,cars,1992,360,True,0
473,cars,1993,359,True,0
473,cars,1994,359,True,0
473,cars,1995,365,True,0
473,cars,1996,361,True,0
473,cars,1997,365,True,0
473,cars,1998,365,True,0
473,cars,1999,365,True,0
473,cars,2000,366,True,0
473,cars,2001,365,True,0
473,cars,2002,360,True,0
473,cars,2003,364,True,0
473,cars,2004,366,True,0
473,cars,2005,365,True,0
473,cars,2006,361,True,0
473,cars,2007,363,True,0
473,cars,2008,366,True,0
473,cars,2009,365,True,0
473,cars,2010,365,True,0
473,cars,2011,365,True,0
473,cars,2012,366,True,0
473,cars,2013,365,True,0
473,cars,2014,365,True,0
473,cars,2015,365,True,0
473,cars,2016,363,True,0
473,cars,2017,365,True,0
473,cars,2018,363,True,0
473,cars,2019,350,True,0
473,upstream,1980,298,False,68
473,upstream,1981,255,False,110
473,upstream,1982,298,False,67
473,upstream,1983,259,False,106
473,upstream,1984,264,False,102
473,upstream,1985,293,False,72
473,upstream,1986,267,False,98
473,upstream,1987,264,False,101
473,upstream,1988,278,False,88
473,upstream,1989,261,False,104
473,upstream,1990,299,False,66
473,upstream,1991,322,False,43
473,upstream,1992,300,False,66
473,upstream,1993,290,False,75
473,upstream,1994,340,True,25
473,upstream,1995,346,True,19
473,upstream,1996,295,False,71
473,upstream,1997,333,True,32
473,upstream,1998,333,True,32
473,upstream,1999,340,True,25
473,upstream,2000,300,False,66
473,upstream,2001,298,False,67
473,upstream,2002,284,False,81
473,upstream,2003,304,False,61
473,upstream,2004,331,True,35
473,upstream,2005,359,True,6
473,upstream,2006,303,False,62
473,upstream,2007,302,False,63
473,upstream,2008,328,False,38
473,upstream,2009,337,True,28
473,upstream,2010,326,False,39
473,upstream,2011,338,True,27
473,upstream,2012,304,False,62
473,upstream,2013,335,True,30
473,upstream,2014,345,True,20
473,upstream,2015,331,True,34
473,upstream,2016,334,True,32
473,upstream,2017,327,False,38
473,upstream,2018,294,False,71
473,upstream,2019,321,False,44
477,cars,1980,366,True,0
477,cars,1981,8,False,0
477,cars,1982,0,False,0
477,cars,1983,365,True,0
477,cars,1984,366,True,0
477,cars,1985,8,False,0
477,cars,1986,274,False,0
477,cars,1987,365,True,0
477,cars,1988,366,True,0
477,cars,1989,365,True,0
477,cars,1990,365,True,0
477,cars,1991,365,True,0
477,cars,1992,366,True,0
477,cars,1993,365,True,0
477,cars,1994,365,True,0
477,cars,1995,365,True,0
477,cars,1996,366,True,0
477,cars,1997,365,True,0
477,cars,1998,365,True,0
477,cars,1999,365,True,0
477,cars,2000,366,True,0
477,cars,2001,365,True,0
477,cars,2002,365,True,0
477,cars,2003,365,True,0
477,cars,2004,366,True,0
477,cars,2005,365,True,0
477,cars,2006,365,True,0
477,cars,2007,365,True,0
477,cars,2008,250,False,0
477,cars,2009,181,False,0
477,cars,2010,365,True,0
477,cars,2011,365,True,0
477,cars,2012,366,True,0
477,cars,2013,365,True,0
477,cars,2014,365,True,0
477,cars,2015,365,True,0
477,cars,2016,366,True,0
477,cars,2017,365,True,0
477,cars,2018,365,True,0
477,cars,2019,365,True,0
477,upstream,1980,364,True,0
477,upstream,1981,0,False,0
477,upstream,1982,0,False,0
477,upstream,1983,365,True,0
477,upstream,1984,366,True,0
477,upstream,1985,0,False,0
477,upstream,1986,273,False,0
477,upstream,1987,365,True,0
477,upstream,1988,365,True,1
477,upstream,1989,359,True,6
477,upstream,1990,363,True,2
477,upstream,1991,365,True,0
477,upstream,1992,366,True,0
477,upstream,1993,365,True,0
477,upstream,1994,364,True,1
477,upstream,1995,365,True,0
477,upstream,1996,366,True,0
477,upstream,1997,365,True,0
477,upstream,1998,365,True,0
477,upstream,1999,365,True,0
477,upstream,2000,366,True,0
477,upstream,2001,365,True,0
477,upstream,2002,364,True,1
477,upstream,2003,365,True,0
477,upstream,2004,366,True,0
477,upstream,2005,365,True,0
477,upstream,2006,365,True,0
477,upstream,2007,365,True,0
477,upstream,2008,211,False,0
477,upstream,2009,157,False,0
477,upstream,2010,365,True,0
477,upstream,2011,365,True,0
477,upstream,2012,366,True,0
477,upstream,2013,365,True,0
477,upstream,2014,365,True,0
477,upstream,2015,365,True,0
477,upstream,2016,366,True,0
477,upstream,2017,365,True,0
477,upstream,2018,365,True,0
477,upstream,2019,365,True,0
488,cars,1980,366,True,0
488,cars,1981,365,True,0
488,cars,1982,365,True,0
488,cars,1983,365,True,0
488,cars,1984,366,True,0
488,cars,1985,365,True,0
488,cars,1986,365,True,0
488,cars,1987,365,True,0
488,cars,1988,366,True,0
488,cars,1989,365,True,0
488,cars,1990,365,True,0
488,cars,1991,336,True,0
488,cars,1992,362,True,0
488,cars,1993,365,True,0
488,cars,1994,365,True,0
488,cars,1995,365,True,0
488,cars,1996,365,True,0
488,cars,1997,359,True,0
488,cars,1998,365,True,0
488,cars,1999,365,True,0
488,cars,2000,366,True,0
488,cars,2001,365,True,0
488,cars,2002,365,True,0
488,cars,2003,365,True,0
488,cars,2004,366,True,0
488,cars,2005,359,True,0
488,cars,2006,365,True,0
488,cars,2007,365,True,0
488,cars,2008,366,True,0
488,cars,2009,365,True,0
488,cars,2010,365,True,0
488,cars,2011,365,True,0
488,cars,2012,366,True,0
488,cars,2013,365,True,0
488,cars,2014,365,True,0
488,cars,2015,365,True,0
488,cars,2016,366,True,0
488,cars,2017,365,True,0
488,cars,2018,365,True,0
488,cars,2019,365,True,0
488,upstream,1980,364,True,2
488,upstream,1981,356,True,8
488,upstream,1982,336,True,28
488,upstream,1983,364,True,0
488,upstream,1984,366,True,0
488,upstream,1985,364,True,0
488,upstream,1986,364,True,0
488,upstream,1987,364,True,0
488,upstream,1988,366,True,0
488,upstream,1989,365,True,0
488,upstream,1990,365,True,0
488,upstream,1991,330,True,1
488,upstream,1992,354,True,3
488,upstream,1993,365,True,0
488,upstream,1994,361,True,4
488,upstream,1995,365,True,0
488,upstream,1996,359,True,4
488,upstream,1997,357,True,0
488,upstream,1998,365,True,0
488,upstream,1999,364,True,1
488,upstream,2000,365,True,1
488,upstream,2001,364,True,1
488,upstream,2002,362,True,3
488,upstream,2003,360,True,5
488,upstream,2004,357,True,9
488,upstream,2005,350,True,15
488,upstream,2006,355,True,10
488,upstream,2007,362,True,3
488,upstream,2008,362,True,4
488,upstream,2009,363,True,2
488,upstream,2010,361,True,4
488,upstream,2011,365,True,0
488,upstream,2012,363,True,2
488,upstream,2013,365,True,0
488,upstream,2014,361,True,4
488,upstream,2015,364,True,1
488,upstream,2016,366,True,0
488,upstream,2017,365,True,0
488,upstream,2018,365,True,0
488,upstream,2019,365,True,0
492,cars,1980,366,True,0
492,cars,1981,365,True,0
492,cars,1982,365,True,0
492,cars,1983,365,True,0
492,cars,1984,366,True,0
492,cars,1985,365,True,0
492,cars,1986,365,True,0
492,cars,1987,365,True,0
492,cars,1988,366,True,0
492,cars,1989,365,True,0
492,cars,1990,365,True,0
492,cars,1991,365,True,0
492,cars,1992,366,True,0
492,cars,1993,365,True,0
492,cars,1994,365,True,0
492,cars,1995,365,True,0
492,cars,1996,366,True,0
492,cars,1997,365,True,0
492,cars,1998,365,True,0
492,cars,1999,365,True,0
492,cars,2000,366,True,0
492,cars,2001,365,True,0
492,cars,2002,365,True,0
492,cars,2003,365,True,0
492,cars,2004,366,True,0
492,cars,2005,365,True,0
492,cars,2006,365,True,0
492,cars,2007,365,True,0
492,cars,2008,366,True,0
492,cars,2009,244,False,0
492,cars,2010,273,False,0
492,cars,2011,365,True,0
492,cars,2012,332,True,0
492,cars,2013,365,True,0
492,cars,2014,365,True,0
492,cars,2015,364,True,0
492,cars,2016,366,True,0
492,cars,2017,365,True,0
492,cars,2018,365,True,0
492,cars,2019,365,True,0
492,upstream,1980,353,True,13
492,upstream,1981,346,True,19
492,upstream,1982,338,True,27
492,upstream,1983,351,True,14
492,upstream,1984,354,True,12
492,upstream,1985,342,True,23
492,upstream,1986,347,True,18
492,upstream,1987,344,True,21
492,upstream,1988,336,True,30
492,upstream,1989,335,True,30
492,upstream,1990,298,False,67
492,upstream,1991,315,False,50
492,upstream,1992,329,False,37
492,upstream,1993,334,True,31
492,upstream,1994,344,True,21
492,upstream,1995,333,True,32
492,upstream,1996,350,True,16
492,upstream,1997,350,True,15
492,upstream,1998,338,True,27
492,upstream,1999,323,False,42
492,upstream,2000,321,False,45
492,upstream,2001,340,True,25
492,upstream,2002,305,False,60
492,upstream,2003,302,False,63
492,upstream,2004,332,True,34
492,upstream,2005,309,False,56
492,upstream,2006,340,True,25
492,upstream,2007,344,True,21
492,upstream,2008,342,True,24
492,upstream,2009,213,False,51
492,upstream,2010,257,False,36
492,upstream,2011,316,False,49
492,upstream,2012,307,False,24
492,upstream,2013,314,False,51
492,upstream,2014,314,False,51
492,upstream,2015,317,False,48
492,upstream,2016,314,False,52
492,upstream,2017,319,False,46
492,upstream,2018,306,False,59
492,upstream,2019,327,False,38
493,cars,1980,0,False,0
493,cars,1981,0,False,0
493,cars,1982,0,False,0
493,cars,1983,0,False,0
493,cars,1984,0,False,0
493,cars,1985,0,False,0
493,cars,1986,0,False,0
493,cars,1987,0,False,0
493,cars,1988,0,False,0
493,cars,1989,0,False,0
493,cars,1990,0,False,0
493,cars,1991,364,True,0
493,cars,1992,360,True,0
493,cars,1993,365,True,0
493,cars,1994,358,True,0
493,cars,1995,365,True,0
493,cars,1996,366,True,0
493,cars,1997,363,True,0
493,cars,1998,364,True,0
493,cars,1999,362,True,0
493,cars,2000,325,False,0
493,cars,2001,365,True,0
493,cars,2002,317,False,0
493,cars,2003,347,True,0
493,cars,2004,350,True,0
493,cars,2005,358,True,0
493,cars,2006,365,True,0
493,cars,2007,365,True,0
493,cars,2008,366,True,0
493,cars,2009,365,True,0
493,cars,2010,365,True,0
493,cars,2011,365,True,0
493,cars,2012,361,True,0
493,cars,2013,365,True,0
493,cars,2014,365,True,0
493,cars,2015,365,True,0
493,cars,2016,364,True,0
493,cars,2017,365,True,0
493,cars,2018,363,True,0
493,cars,2019,365,True,0
493,upstream,1980,0,False,0
493,upstream,1981,0,False,0
493,upstream,1982,0,False,0
493,upstream,1983,0,False,0
493,upstream,1984,0,False,0
493,upstream,1985,0,False,0
493,upstream,1986,0,False,0
493,upstream,1987,0,False,0
493,upstream,1988,0,False,0
493,upstream,1989,0,False,0
493,upstream,1990,0,False,0
493,upstream,1991,319,False,45
493,upstream,1992,270,False,96
493,upstream,1993,320,False,45
493,upstream,1994,306,False,59
493,upstream,1995,351,True,14
493,upstream,1996,334,True,31
493,upstream,1997,351,True,14
493,upstream,1998,338,True,27
493,upstream,1999,312,False,53
493,upstream,2000,275,False,91
493,upstream,2001,336,True,29
493,upstream,2002,258,False,107
493,upstream,2003,279,False,86
493,upstream,2004,296,False,70
493,upstream,2005,296,False,69
493,upstream,2006,318,False,47
493,upstream,2007,274,False,91
493,upstream,2008,315,False,51
493,upstream,2009,275,False,90
493,upstream,2010,258,False,107
493,upstream,2011,313,False,52
493,upstream,2012,245,False,121
493,upstream,2013,256,False,109
493,upstream,2014,290,False,73
493,upstream,2015,263,False,102
493,upstream,2016,268,False,98
493,upstream,2017,313,False,52
493,upstream,2018,264,False,101
493,upstream,2019,289,False,76
497,cars,1980,366,True,0
497,cars,1981,365,True,0
497,cars,1982,365,True,0
497,cars,1983,365,True,0
497,cars,1984,366,True,0
497,cars,1985,365,True,0
497,cars,1986,365,True,0
497,cars,1987,365,True,0
497,cars,1988,366,True,0
497,cars,1989,365,True,0
497,cars,1990,365,True,0
497,cars,1991,365,True,0
497,cars,1992,366,True,0
497,cars,1993,365,True,0
497,cars,1994,365,True,0
497,cars,1995,365,True,0
497,cars,1996,366,True,0
497,cars,1997,365,True,0
497,cars,1998,365,True,0
497,cars,1999,365,True,0
497,cars,2000,366,True,0
497,cars,2001,365,True,0
497,cars,2002,365,True,0
497,cars,2003,365,True,0
497,cars,2004,366,True,0
497,cars,2005,365,True,0
497,cars,2006,365,True,0
497,cars,2007,365,True,0
497,cars,2008,366,True,0
497,cars,2009,365,True,0
497,cars,2010,365,True,0
497,cars,2011,365,True,0
497,cars,2012,366,True,0
497,cars,2013,365,True,0
497,cars,2014,365,True,0
497,cars,2015,365,True,0
497,cars,2016,366,True,0
497,cars,2017,365,True,0
497,cars,2018,365,True,0
497,cars,2019,365,True,0
497,upstream,1980,364,True,2
497,upstream,1981,365,True,0
497,upstream,1982,365,True,0
497,upstream,1983,365,True,0
497,upstream,1984,365,True,1
497,upstream,1985,365,True,0
497,upstream,1986,365,True,0
497,upstream,1987,363,True,2
497,upstream,1988,366,True,0
497,upstream,1989,364,True,1
497,upstream,1990,364,True,1
497,upstream,1991,365,True,0
497,upstream,1992,366,True,0
497,upstream,1993,365,True,0
497,upstream,1994,365,True,0
497,upstream,1995,365,True,0
497,upstream,1996,366,True,0
497,upstream,1997,365,True,0
497,upstream,1998,361,True,4
497,upstream,1999,365,True,0
497,upstream,2000,362,True,4
497,upstream,2001,365,True,0
497,upstream,2002,365,True,0
497,upstream,2003,364,True,1
497,upstream,2004,366,True,0
497,upstream,2005,365,True,0
497,upstream,2006,365,True,0
497,upstream,2007,364,True,1
497,upstream,2008,366,True,0
497,upstream,2009,365,True,0
497,upstream,2010,365,True,0
497,upstream,2011,365,True,0
497,upstream,2012,366,True,0
497,upstream,2013,365,True,0
497,upstream,2014,365,True,0
497,upstream,2015,365,True,0
497,upstream,2016,366,True,0
497,upstream,2017,362,True,3
497,upstream,2018,359,True,6
497,upstream,2019,365,True,0
500,cars,1980,0,False,0
500,cars,1981,0,False,0
500,cars,1982,0,False,0
500,cars,1983,0,False,0
500,cars,1984,0,False,0
500,cars,1985,0,False,0
500,cars,1986,0,False,0
500,cars,1987,9,False,0
500,cars,1988,0,False,0
500,cars,1989,0,False,0
500,cars,1990,38,False,0
500,cars,1991,0,False,0
500,cars,1992,0,False,0
500,cars,1993,0,False,0
500,cars,1994,0,False,0
500,cars,1995,0,False,0
500,cars,1996,0,False,0
500,cars,1997,0,False,0
500,cars,1998,0,False,0
500,cars,1999,0,False,0
500,cars,2000,0,False,0
500,cars,2001,61,False,0
500,cars,2002,365,True,0
500,cars,2003,365,True,0
500,cars,2004,366,True,0
500,cars,2005,365,True,0
500,cars,2006,365,True,0
500,cars,2007,365,True,0
500,cars,2008,366,True,0
500,cars,2009,365,True,0
500,cars,2010,365,True,0
500,cars,2011,365,True,0
500,cars,2012,366,True,0
500,cars,2013,365,True,0
500,cars,2014,365,True,0
500,cars,2015,365,True,0
500,cars,2016,366,True,0
500,cars,2017,365,True,0
500,cars,2018,365,True,0
500,cars,2019,365,True,0
500,upstream,1980,0,False,0
500,upstream,1981,0,False,0
500,upstream,1982,0,False,0
500,upstream,1983,0,False,0
500,upstream,1984,0,False,0
500,upstream,1985,0,False,0
500,upstream,1986,0,False,0
500,upstream,1987,1,False,0
500,upstream,1988,0,False,0
500,upstream,1989,0,False,0
500,upstream,1990,30,False,0
500,upstream,1991,0,False,0
500,upstream,1992,0,False,0
500,upstream,1993,0,False,0
500,upstream,1994,0,False,0
500,upstream,1995,0,False,0
500,upstream,1996,0,False,0
500,upstream,1997,0,False,0
500,upstream,1998,0,False,0
500,upstream,1999,0,False,0
500,upstream,2000,0,False,0
500,upstream,2001,32,False,0
500,upstream,2002,365,True,0
500,upstream,2003,365,True,0
500,upstream,2004,366,True,0
500,upstream,2005,365,True,0
500,upstream,2006,365,True,0
500,upstream,2007,365,True,0
500,upstream,2008,365,True,1
500,upstream,2009,364,True,0
500,upstream,2010,365,True,0
500,upstream,2011,363,True,2
500,upstream,2012,366,True,0
500,upstream,2013,361,True,4
500,upstream,2014,362,True,1
500,upstream,2015,365,True,0
500,upstream,2016,366,True,0
500,upstream,2017,363,True,2
500,upstream,2018,363,True,0
500,upstream,2019,364,True,1
502,cars,1980,366,True,0
502,cars,1981,365,True,0
502,cars,1982,365,True,0
502,cars,1983,365,True,0
502,cars,1984,366,True,0
502,cars,1985,365,True,0
502,cars,1986,365,True,0
502,cars,1987,365,True,0
502,cars,1988,366,True,0
502,cars,1989,365,True,0
502,cars,1990,365,True,0
502,cars,1991,365,True,0
502,cars,1992,366,True,0
502,cars,1993,365,True,0
502,cars,1994,365,True,0
502,cars,1995,365,True,0
502,cars,1996,366,True,0
502,cars,1997,365,True,0
502,cars,1998,365,True,0
502,cars,1999,365,True,0
502,cars,2000,366,True,0
502,cars,2001,365,True,0
502,cars,2002,365,True,0
502,cars,2003,365,True,0
502,cars,2004,366,True,0
502,cars,2005,365,True,0
502,cars,2006,365,True,0
502,cars,2007,365,True,0
502,cars,2008,202,False,0
502,cars,2009,365,True,0
502,cars,2010,365,True,0
502,cars,2011,365,True,0
502,cars,2012,339,True,0
502,cars,2013,365,True,0
502,cars,2014,365,True,0
502,cars,2015,365,True,0
502,cars,2016,366,True,0
502,cars,2017,365,True,0
502,cars,2018,365,True,0
502,cars,2019,365,True,0
502,upstream,1980,366,True,0
502,upstream,1981,365,True,0
502,upstream,1982,365,True,0
502,upstream,1983,365,True,0
502,upstream,1984,366,True,0
502,upstream,1985,364,True,1
502,upstream,1986,365,True,0
502,upstream,1987,365,True,0
502,upstream,1988,366,True,0
502,upstream,1989,365,True,0
502,upstream,1990,365,True,0
502,upstream,1991,365,True,0
502,upstream,1992,366,True,0
502,upstream,1993,365,True,0
502,upstream,1994,365,True,0
502,upstream,1995,365,True,0
502,upstream,1996,366,True,0
502,upstream,1997,365,True,0
502,upstream,1998,365,True,0
502,upstream,1999,365,True,0
502,upstream,2000,366,True,0
502,upstream,2001,363,True,2
502,upstream,2002,365,True,0
502,upstream,2003,365,True,0
502,upstream,2004,366,True,0
502,upstream,2005,365,True,0
502,upstream,2006,365,True,0
502,upstream,2007,365,True,0
502,upstream,2008,176,False,0
502,upstream,2009,365,True,0
502,upstream,2010,365,True,0
502,upstream,2011,365,True,0
502,upstream,2012,331,True,0
502,upstream,2013,365,True,0
502,upstream,2014,365,True,0
502,upstream,2015,365,True,0
502,upstream,2016,366,True,0
502,upstream,2017,365,True,0
502,upstream,2018,365,True,0
502,upstream,2019,365,True,0
505,cars,1980,366,True,0
505,cars,1981,365,True,0
505,cars,1982,365,True,0
505,cars,1983,365,True,0
505,cars,1984,366,True,0
505,cars,1985,365,True,0
505,cars,1986,365,True,0
505,cars,1987,213,False,0
505,cars,1988,274,False,0
505,cars,1989,365,True,0
505,cars,1990,342,True,0
505,cars,1991,365,True,0
505,cars,1992,336,True,0
505,cars,1993,365,True,0
505,cars,1994,365,True,0
505,cars,1995,365,True,0
505,cars,1996,366,True,0
505,cars,1997,365,True,0
505,cars,1998,365,True,0
505,cars,1999,362,True,0
505,cars,2000,366,True,0
505,cars,2001,365,True,0
505,cars,2002,365,True,0
505,cars,2003,365,True,0
505,cars,2004,366,True,0
505,cars,2005,365,True,0
505,cars,2006,365,True,0
505,cars,2007,364,True,0
505,cars,2008,366,True,0
505,cars,2009,365,True,0
505,cars,2010,365,True,0
505,cars,2011,365,True,0
505,cars,2012,366,True,0
505,cars,2013,365,True,0
505,cars,2014,365,True,0
505,cars,2015,364,True,0
505,cars,2016,366,True,0
505,cars,2017,365,True,0
505,cars,2018,365,True,0
505,cars,2019,365,True,0
505,upstream,1980,366,True,0
505,upstream,1981,363,True,0
505,upstream,1982,365,True,0
505,upstream,1983,365,True,0
505,upstream,1984,366,True,0
505,upstream,1985,365,True,0
505,upstream,1986,364,True,0
505,upstream,1987,212,False,0
505,upstream,1988,274,False,0
505,upstream,1989,365,True,0
505,upstream,1990,334,True,0
505,upstream,1991,365,True,0
505,upstream,1992,335,True,0
505,upstream,1993,365,True,0
505,upstream,1994,364,True,0
505,upstream,1995,364,True,0
505,upstream,1996,366,True,0
505,upstream,1997,365,True,0
505,upstream,1998,363,True,0
505,upstream,1999,360,True,0
505,upstream,2000,363,True,0
505,upstream,2001,365,True,0
505,upstream,2002,364,True,0
505,upstream,2003,361,True,0
505,upstream,2004,366,True,0
505,upstream,2005,362,True,0
505,upstream,2006,364,True,0
505,upstream,2007,360,True,0
505,upstream,2008,366,True,0
505,upstream,2009,365,True,0
505,upstream,2010,363,True,0
505,upstream,2011,365,True,0
505,upstream,2012,366,True,0
505,upstream,2013,362,True,0
505,upstream,2014,358,True,7
505,upstream,2015,363,True,0
505,upstream,2016,366,True,0
505,upstream,2017,364,True,0
505,upstream,2018,365,True,0
505,upstream,2019,365,True,0
506,cars,1980,366,True,0
506,cars,1981,345,True,0
506,cars,1982,365,True,0
506,cars,1983,360,True,0
506,cars,1984,365,True,0
506,cars,1985,365,True,0
506,cars,1986,365,True,0
506,cars,1987,365,True,0
506,cars,1988,358,True,0
506,cars,1989,365,True,0
506,cars,1990,364,True,0
506,cars,1991,362,True,0
506,cars,1992,365,True,0
506,cars,1993,357,True,0
506,cars,1994,363,True,0
506,cars,1995,365,True,0
506,cars,1996,366,True,0
506,cars,1997,365,True,0
506,cars,1998,365,True,0
506,cars,1999,364,True,0
506,cars,2000,366,True,0
506,cars,2001,350,True,0
506,cars,2002,364,True,0
506,cars,2003,365,True,0
506,cars,2004,364,True,0
506,cars,2005,365,True,0
506,cars,2006,365,True,0
506,cars,2007,363,True,0
506,cars,2008,366,True,0
506,cars,2009,365,True,0
506,cars,2010,365,True,0
506,cars,2011,365,True,0
506,cars,2012,366,True,0
506,cars,2013,365,True,0
506,cars,2014,358,True,0
506,cars,2015,365,True,0
506,cars,2016,366,True,0
506,cars,2017,365,True,0
506,cars,2018,364,True,0
506,cars,2019,365,True,0
506,upstream,1980,366,True,0
506,upstream,1981,333,True,32
506,upstream,1982,358,True,7
506,upstream,1983,313,False,52
506,upstream,1984,320,False,46
506,upstream,1985,291,False,74
506,upstream,1986,337,True,28
506,upstream,1987,307,False,58
506,upstream,1988,310,False,56
506,upstream,1989,311,False,54
506,upstream,1990,315,False,50
506,upstream,1991,319,False,46
506,upstream,1992,300,False,66
506,upstream,1993,331,True,34
506,upstream,1994,307,False,58
506,upstream,1995,349,True,16
506,upstream,1996,308,False,58
506,upstream,1997,313,False,52
506,upstream,1998,329,True,36
506,upstream,1999,318,False,47
506,upstream,2000,310,False,56
506,upstream,2001,278,False,72
506,upstream,2002,321,False,44
506,upstream,2003,331,True,34
506,upstream,2004,311,False,55
506,upstream,2005,299,False,66
506,upstream,2006,275,False,90
506,upstream,2007,285,False,79
506,upstream,2008,319,False,47
506,upstream,2009,325,False,40
506,upstream,2010,319,False,46
506,upstream,2011,346,True,19
506,upstream,2012,231,False,135
506,upstream,2013,234,False,131
506,upstream,2014,286,False,79
506,upstream,2015,311,False,54
506,upstream,2016,303,False,63
506,upstream,2017,339,True,26
506,upstream,2018,294,False,71
506,upstream,2019,327,False,38
507,cars,1980,0,False,0
507,cars,1981,0,False,0
507,cars,1982,0,False,0
507,cars,1983,0,False,0
507,cars,1984,0,False,0
507,cars,1985,0,False,0
507,cars,1986,0,False,0
507,cars,1987,0,False,0
507,cars,1988,0,False,0
507,cars,1989,0,False,0
507,cars,1990,29,False,0
507,cars,1991,365,True,0
507,cars,1992,366,True,0
507,cars,1993,365,True,0
507,cars,1994,362,True,0
507,cars,1995,365,True,0
507,cars,1996,366,True,0
507,cars,1997,365,True,0
507,cars,1998,125,False,0
507,cars,1999,365,True,0
507,cars,2000,32,False,0
507,cars,2001,0,False,0
507,cars,2002,0,False,0
507,cars,2003,0,False,0
507,cars,2004,153,False,0
507,cars,2005,365,True,0
507,cars,2006,365,True,0
507,cars,2007,349,True,0
507,cars,2008,366,True,0
507,cars,2009,365,True,0
507,cars,2010,365,True,0
507,cars,2011,365,True,0
507,cars,2012,364,True,0
507,cars,2013,365,True,0
507,cars,2014,365,True,0
507,cars,2015,365,True,0
507,cars,2016,366,True,0
507,cars,2017,364,True,0
507,cars,2018,365,True,0
507,cars,2019,365,True,0
507,upstream,1980,0,False,0
507,upstream,1981,0,False,0
507,upstream,1982,0,False,0
507,upstream,1983,0,False,0
507,upstream,1984,0,False,0
507,upstream,1985,0,False,0
507,upstream,1986,0,False,0
507,upstream,1987,0,False,0
507,upstream,1988,0,False,0
507,upstream,1989,0,False,0
507,upstream,1990,29,False,0
507,upstream,1991,365,True,0
507,upstream,1992,366,True,0
507,upstream,1993,365,True,0
507,upstream,1994,314,False,51
507,upstream,1995,364,True,0
507,upstream,1996,364,True,2
507,upstream,1997,365,True,0
507,upstream,1998,120,False,3
507,upstream,1999,362,True,3
507,upstream,2000,27,False,4
507,upstream,2001,0,False,0
507,upstream,2002,0,False,0
507,upstream,2003,0,False,0
507,upstream,2004,153,False,0
507,upstream,2005,365,True,0
507,upstream,2006,361,True,4
507,upstream,2007,345,True,3
507,upstream,2008,366,True,0
507,upstream,2009,364,True,1
507,upstream,2010,365,True,0
507,upstream,2011,365,True,0
507,upstream,2012,361,True,1
507,upstream,2013,365,True,0
507,upstream,2014,365,True,0
507,upstream,2015,361,True,4
507,upstream,2016,366,True,0
507,upstream,2017,341,True,20
507,upstream,2018,356,True,7
507,upstream,2019,357,True,4
508,cars,1980,0,False,0
508,cars,1981,0,False,0
508,cars,1982,0,False,0
508,cars,1983,0,False,0
508,cars,1984,0,False,0
508,cars,1985,0,False,0
508,cars,1986,0,False,0
508,cars,1987,61,False,0
508,cars,1988,366,True,0
508,cars,1989,365,True,0
508,cars,1990,365,True,0
508,cars,1991,365,True,0
508,cars,1992,366,True,0
508,cars,1993,365,True,0
508,cars,1994,365,True,0
508,cars,1995,365,True,0
508,cars,1996,366,True,0
508,cars,1997,365,True,0
508,cars,1998,365,True,0
508,cars,1999,365,True,0
508,cars,2000,366,True,0
508,cars,2001,296,False,0
508,cars,2002,365,True,0
508,cars,2003,215,False,0
508,cars,2004,309,False,0
508,cars,2005,189,False,0
508,cars,2006,277,False,0
508,cars,2007,328,False,0
508,cars,2008,337,True,0
508,cars,2009,333,True,0
508,cars,2010,203,False,0
508,cars,2011,273,False,0
508,cars,2012,306,False,0
508,cars,2013,351,True,0
508,cars,2014,357,True,0
508,cars,2015,246,False,0
508,cars,2016,363,True,0
508,cars,2017,286,False,0
508,cars,2018,290,False,0
508,cars,2019,365,True,0
508,upstream,1980,0,False,0
508,upstream,1981,0,False,0
508,upstream,1982,0,False,0
508,upstream,1983,0,False,0
508,upstream,1984,0,False,0
508,upstream,1985,0,False,0
508,upstream,1986,0,False,0
508,upstream,1987,61,False,0
508,upstream,1988,366,True,0
508,upstream,1989,365,True,0
508,upstream,1990,363,True,0
508,upstream,1991,364,True,0
508,upstream,1992,366,True,0
508,upstream,1993,365,True,0
508,upstream,1994,365,True,0
508,upstream,1995,365,True,0
508,upstream,1996,366,True,0
508,upstream,1997,365,True,0
508,upstream,1998,365,True,0
508,upstream,1999,365,True,0
508,upstream,2000,366,True,0
508,upstream,2001,295,False,0
508,upstream,2002,365,True,0
508,upstream,2003,213,False,0
508,upstream,2004,307,False,0
508,upstream,2005,189,False,0
508,upstream,2006,274,False,0
508,upstream,2007,328,False,0
508,upstream,2008,335,True,0
508,upstream,2009,332,True,0
508,upstream,2010,203,False,0
508,upstream,2011,271,False,0
508,upstream,2012,305,False,0
508,upstream,2013,350,True,0
508,upstream,2014,355,True,0
508,upstream,2015,246,False,0
508,upstream,2016,362,True,0
508,upstream,2017,286,False,0
508,upstream,2018,289,False,0
508,upstream,2019,365,True,0
509,cars,1980,366,True,0
509,cars,1981,365,True,0
509,cars,1982,365,True,0
509,cars,1983,365,True,0
509,cars,1984,366,True,0
509,cars,1985,365,True,0
509,cars,1986,365,True,0
509,cars,1987,365,True,0
509,cars,1988,366,True,0
509,cars,1989,365,True,0
509,cars,1990,365,True,0
509,cars,1991,365,True,0
509,cars,1992,366,True,0
509,cars,1993,365,True,0
509,cars,1994,342,True,0
509,cars,1995,365,True,0
509,cars,1996,366,True,0
509,cars,1997,365,True,0
509,cars,1998,365,True,0
509,cars,1999,365,True,0
509,cars,2000,366,True,0
509,cars,2001,365,True,0
509,cars,2002,365,True,0
509,cars,2003,365,True,0
509,cars,2004,366,True,0
509,cars,2005,365,True,0
509,cars,2006,365,True,0
509,cars,2007,365,True,0
509,cars,2008,366,True,0
509,cars,2009,365,True,0
509,cars,2010,365,True,0
509,cars,2011,365,True,0
509,cars,2012,366,True,0
509,cars,2013,365,True,0
509,cars,2014,365,True,0
509,cars,2015,365,True,0
509,cars,2016,366,True,0
509,cars,2017,365,True,0
509,cars,2018,365,True,0
509,cars,2019,365,True,0
509,upstream,1980,366,True,0
509,upstream,1981,365,True,0
509,upstream,1982,365,True,0
509,upstream,1983,365,True,0
509,upstream,1984,366,True,0
509,upstream,1985,365,True,0
509,upstream,1986,365,True,0
509,upstream,1987,365,True,0
509,upstream,1988,366,True,0
509,upstream,1989,365,True,0
509,upstream,1990,365,True,0
509,upstream,1991,365,True,0
509,upstream,1992,366,True,0
509,upstream,1993,365,True,0
509,upstream,1994,334,True,0
509,upstream,1995,365,True,0
509,upstream,1996,365,True,1
509,upstream,1997,364,True,1
509,upstream,1998,365,True,0
509,upstream,1999,365,True,0
509,upstream,2000,352,True,13
509,upstream,2001,364,True,1
509,upstream,2002,365,True,0
509,upstream,2003,365,True,0
509,upstream,2004,366,True,0
509,upstream,2005,365,True,0
509,upstream,2006,365,True,0
509,upstream,2007,365,True,0
509,upstream,2008,365,True,1
509,upstream,2009,365,True,0
509,upstream,2010,365,True,0
509,upstream,2011,365,True,0
509,upstream,2012,366,True,0
509,upstream,2013,365,True,0
509,upstream,2014,365,True,0
509,upstream,2015,365,True,0
509,upstream,2016,366,True,0
509,upstream,2017,365,True,0
509,upstream,2018,365,True,0
509,upstream,2019,365,True,0
511,cars,1980,366,True,0
511,cars,1981,365,True,0
511,cars,1982,365,True,0
511,cars,1983,365,True,0
511,cars,1984,366,True,0
511,cars,1985,365,True,0
511,cars,1986,365,True,0
511,cars,1987,365,True,0
511,cars,1988,366,True,0
511,cars,1989,365,True,0
511,cars,1990,365,True,0
511,cars,1991,365,True,0
511,cars,1992,366,True,0
511,cars,1993,365,True,0
511,cars,1994,365,True,0
511,cars,1995,365,True,0
511,cars,1996,366,True,0
511,cars,1997,365,True,0
511,cars,1998,365,True,0
511,cars,1999,363,True,0
511,cars,2000,366,True,0
511,cars,2001,365,True,0
511,cars,2002,365,True,0
511,cars,2003,365,True,0
511,cars,2004,366,True,0
511,cars,2005,365,True,0
511,cars,2006,365,True,0
511,cars,2007,365,True,0
511,cars,2008,362,True,0
511,cars,2009,348,True,0
511,cars,2010,365,True,0
511,cars,2011,365,True,0
511,cars,2012,366,True,0
511,cars,2013,365,True,0
511,cars,2014,365,True,0
511,cars,2015,365,True,0
511,cars,2016,366,True,0
511,cars,2017,365,True,0
511,cars,2018,365,True,0
511,cars,2019,365,True,0
511,upstream,1980,366,True,0
511,upstream,1981,365,True,0
511,upstream,1982,365,True,0
511,upstream,1983,365,True,0
511,upstream,1984,366,True,0
511,upstream,1985,365,True,0
511,upstream,1986,365,True,0
511,upstream,1987,365,True,0
511,upstream,1988,366,True,0
511,upstream,1989,365,True,0
511,upstream,1990,365,True,0
511,upstream,1991,365,True,0
511,upstream,1992,366,True,0
511,upstream,1993,365,True,0
511,upstream,1994,365,True,0
511,upstream,1995,365,True,0
511,upstream,1996,366,True,0
511,upstream,1997,365,True,0
511,upstream,1998,365,True,0
511,upstream,1999,362,True,0
511,upstream,2000,366,True,0
511,upstream,2001,365,True,0
511,upstream,2002,365,True,0
511,upstream,2003,365,True,0
511,upstream,2004,366,True,0
511,upstream,2005,365,True,0
511,upstream,2006,364,True,0
511,upstream,2007,365,True,0
511,upstream,2008,361,True,0
511,upstream,2009,346,True,0
511,upstream,2010,365,True,0
511,upstream,2011,365,True,0
511,upstream,2012,366,True,0
511,upstream,2013,365,True,0
511,upstream,2014,365,True,0
511,upstream,2015,365,True,0
511,upstream,2016,366,True,0
511,upstream,2017,365,True,0
511,upstream,2018,365,True,0
511,upstream,2019,365,True,0
517,cars,1980,366,True,0
517,cars,1981,365,True,0
517,cars,1982,365,True,0
517,cars,1983,365,True,0
517,cars,1984,366,True,0
517,cars,1985,365,True,0
517,cars,1986,365,True,0
517,cars,1987,365,True,0
517,cars,1988,366,True,0
517,cars,1989,365,True,0
517,cars,1990,365,True,0
517,cars,1991,365,True,0
517,cars,1992,366,True,0
517,cars,1993,365,True,0
517,cars,1994,365,True,0
517,cars,1995,365,True,0
517,cars,1996,366,True,0
517,cars,1997,365,True,0
517,cars,1998,365,True,0
517,cars,1999,365,True,0
517,cars,2000,366,True,0
517,cars,2001,365,True,0
517,cars,2002,365,True,0
517,cars,2003,365,True,0
517,cars,2004,366,True,0
517,cars,2005,365,True,0
517,cars,2006,363,True,0
517,cars,2007,365,True,0
517,cars,2008,357,True,0
517,cars,2009,363,True,0
517,cars,2010,365,True,0
517,cars,2011,365,True,0
517,cars,2012,366,True,0
517,cars,2013,353,True,0
517,cars,2014,365,True,0
517,cars,2015,365,True,0
517,cars,2016,366,True,0
517,cars,2017,365,True,0
517,cars,2018,365,True,0
517,cars,2019,365,True,0
517,upstream,1980,366,True,0
517,upstream,1981,365,True,0
517,upstream,1982,365,True,0
517,upstream,1983,365,True,0
517,upstream,1984,366,True,0
517,upstream,1985,365,True,0
517,upstream,1986,365,True,0
517,upstream,1987,365,True,0
517,upstream,1988,366,True,0
517,upstream,1989,365,True,0
517,upstream,1990,365,True,0
517,upstream,1991,365,True,0
517,upstream,1992,366,True,0
517,upstream,1993,365,True,0
517,upstream,1994,365,True,0
517,upstream,1995,365,True,0
517,upstream,1996,366,True,0
517,upstream,1997,365,True,0
517,upstream,1998,365,True,0
517,upstream,1999,365,True,0
517,upstream,2000,363,True,3
517,upstream,2001,364,True,1
517,upstream,2002,362,True,3
517,upstream,2003,365,True,0
517,upstream,2004,366,True,0
517,upstream,2005,365,True,0
517,upstream,2006,361,True,0
517,upstream,2007,363,True,0
517,upstream,2008,350,True,4
517,upstream,2009,353,True,4
517,upstream,2010,360,True,1
517,upstream,2011,360,True,1
517,upstream,2012,366,True,0
517,upstream,2013,351,True,14
517,upstream,2014,365,True,0
517,upstream,2015,363,True,0
517,upstream,2016,366,True,0
517,upstream,2017,365,True,0
517,upstream,2018,361,True,4
517,upstream,2019,360,True,0
518,cars,1980,0,False,0
518,cars,1981,0,False,0
518,cars,1982,0,False,0
518,cars,1983,0,False,0
518,cars,1984,0,False,0
518,cars,1985,12,False,0
518,cars,1986,1,False,0
518,cars,1987,0,False,0
518,cars,1988,1,False,0
518,cars,1989,365,True,0
518,cars,1990,361,True,0
518,cars,1991,315,False,0
518,cars,1992,366,True,0
518,cars,1993,365,True,0
518,cars,1994,351,True,0
518,cars,1995,365,True,0
518,cars,1996,355,True,0
518,cars,1997,358,True,0
518,cars,1998,365,True,0
518,cars,1999,365,True,0
518,cars,2000,366,True,0
518,cars,2001,365,True,0
518,cars,2002,358,True,0
518,cars,2003,365,True,0
518,cars,2004,366,True,0
518,cars,2005,365,True,0
518,cars,2006,365,True,0
518,cars,2007,365,True,0
518,cars,2008,366,True,0
518,cars,2009,365,True,0
518,cars,2010,365,True,0
518,cars,2011,365,True,0
518,cars,2012,366,True,0
518,cars,2013,365,True,0
518,cars,2014,365,True,0
518,cars,2015,365,True,0
518,cars,2016,366,True,0
518,cars,2017,365,True,0
518,cars,2018,362,True,0
518,cars,2019,365,True,0
518,upstream,1980,0,False,0
518,upstream,1981,0,False,0
518,upstream,1982,0,False,0
518,upstream,1983,0,False,0
518,upstream,1984,0,False,0
518,upstream,1985,2,False,0
518,upstream,1986,0,False,0
518,upstream,1987,0,False,0
518,upstream,1988,1,False,1
518,upstream,1989,356,True,9
518,upstream,1990,357,True,3
518,upstream,1991,299,False,3
518,upstream,1992,359,True,7
518,upstream,1993,358,True,7
518,upstream,1994,334,True,16
518,upstream,1995,359,True,6
518,upstream,1996,338,True,15
518,upstream,1997,343,True,9
518,upstream,1998,348,True,17
518,upstream,1999,344,True,20
518,upstream,2000,359,True,7
518,upstream,2001,356,True,9
518,upstream,2002,335,True,23
518,upstream,2003,359,True,6
518,upstream,2004,355,True,10
518,upstream,2005,360,True,5
518,upstream,2006,361,True,4
518,upstream,2007,350,True,15
518,upstream,2008,352,True,14
518,upstream,2009,356,True,9
518,upstream,2010,365,True,0
518,upstream,2011,358,True,7
518,upstream,2012,364,True,2
518,upstream,2013,365,True,0
518,upstream,2014,364,True,1
518,upstream,2015,364,True,1
518,upstream,2016,366,True,0
518,upstream,2017,364,True,0
518,upstream,2018,360,True,1
518,upstream,2019,357,True,8
522,cars,1980,366,True,0
522,cars,1981,365,True,0
522,cars,1982,365,True,0
522,cars,1983,365,True,0
522,cars,1984,366,True,0
522,cars,1985,365,True,0
522,cars,1986,365,True,0
522,cars,1987,365,True,0
522,cars,1988,366,True,0
522,cars,1989,365,True,0
522,cars,1990,365,True,0
522,cars,1991,365,True,0
522,cars,1992,366,True,0
522,cars,1993,365,True,0
522,cars,1994,365,True,0
522,cars,1995,361,True,0
522,cars,1996,366,True,0
522,cars,1997,365,True,0
522,cars,1998,365,True,0
522,cars,1999,336,True,0
522,cars,2000,366,True,0
522,cars,2001,365,True,0
522,cars,2002,365,True,0
522,cars,2003,365,True,0
522,cars,2004,366,True,0
522,cars,2005,365,True,0
522,cars,2006,365,True,0
522,cars,2007,365,True,0
522,cars,2008,366,True,0
522,cars,2009,365,True,0
522,cars,2010,365,True,0
522,cars,2011,365,True,0
522,cars,2012,366,True,0
522,cars,2013,365,True,0
522,cars,2014,365,True,0
522,cars,2015,365,True,0
522,cars,2016,366,True,0
522,cars,2017,365,True,0
522,cars,2018,365,True,0
522,cars,2019,365,True,0
522,upstream,1980,366,True,0
522,upstream,1981,365,True,0
522,upstream,1982,365,True,0
522,upstream,1983,365,True,0
522,upstream,1984,366,True,0
522,upstream,1985,364,True,0
522,upstream,1986,365,True,0
522,upstream,1987,365,True,0
522,upstream,1988,366,True,0
522,upstream,1989,365,True,0
522,upstream,1990,365,True,0
522,upstream,1991,365,True,0
522,upstream,1992,366,True,0
522,upstream,1993,365,True,0
522,upstream,1994,365,True,0
522,upstream,1995,360,True,0
522,upstream,1996,366,True,0
522,upstream,1997,365,True,0
522,upstream,1998,365,True,0
522,upstream,1999,335,True,0
522,upstream,2000,366,True,0
522,upstream,2001,365,True,0
522,upstream,2002,361,True,4
522,upstream,2003,365,True,0
522,upstream,2004,366,True,0
522,upstream,2005,365,True,0
522,upstream,2006,365,True,0
522,upstream,2007,365,True,0
522,upstream,2008,366,True,0
522,upstream,2009,365,True,0
522,upstream,2010,365,True,0
522,upstream,2011,365,True,0
522,upstream,2012,366,True,0
522,upstream,2013,365,True,0
522,upstream,2014,365,True,0
522,upstream,2015,365,True,0
522,upstream,2016,366,True,0
522,upstream,2017,365,True,0
522,upstream,2018,365,True,0
522,upstream,2019,365,True,0
524,cars,1980,274,False,0
524,cars,1981,365,True,0
524,cars,1982,365,True,0
524,cars,1983,7,False,0
524,cars,1984,0,False,0
524,cars,1985,0,False,0
524,cars,1986,0,False,0
524,cars,1987,0,False,0
524,cars,1988,0,False,0
524,cars,1989,0,False,0
524,cars,1990,0,False,0
524,cars,1991,0,False,0
524,cars,1992,0,False,0
524,cars,1993,0,False,0
524,cars,1994,122,False,0
524,cars,1995,365,True,0
524,cars,1996,366,True,0
524,cars,1997,365,True,0
524,cars,1998,365,True,0
524,cars,1999,365,True,0
524,cars,2000,366,True,0
524,cars,2001,365,True,0
524,cars,2002,365,True,0
524,cars,2003,365,True,0
524,cars,2004,366,True,0
524,cars,2005,365,True,0
524,cars,2006,365,True,0
524,cars,2007,365,True,0
524,cars,2008,366,True,0
524,cars,2009,365,True,0
524,cars,2010,365,True,0
524,cars,2011,365,True,0
524,cars,2012,366,True,0
524,cars,2013,365,True,0
524,cars,2014,365,True,0
524,cars,2015,365,True,0
524,cars,2016,366,True,0
524,cars,2017,365,True,0
524,cars,2018,344,True,0
524,cars,2019,0,False,0
524,upstream,1980,274,False,0
524,upstream,1981,365,True,0
524,upstream,1982,364,True,0
524,upstream,1983,0,False,0
524,upstream,1984,0,False,0
524,upstream,1985,0,False,0
524,upstream,1986,0,False,0
524,upstream,1987,0,False,0
524,upstream,1988,0,False,0
524,upstream,1989,0,False,0
524,upstream,1990,0,False,0
524,upstream,1991,0,False,0
524,upstream,1992,0,False,0
524,upstream,1993,0,False,0
524,upstream,1994,122,False,0
524,upstream,1995,365,True,0
524,upstream,1996,366,True,0
524,upstream,1997,365,True,0
524,upstream,1998,365,True,0
524,upstream,1999,365,True,0
524,upstream,2000,366,True,0
524,upstream,2001,365,True,0
524,upstream,2002,365,True,0
524,upstream,2003,365,True,0
524,upstream,2004,366,True,0
524,upstream,2005,365,True,0
524,upstream,2006,365,True,0
524,upstream,2007,365,True,0
524,upstream,2008,366,True,0
524,upstream,2009,365,True,0
524,upstream,2010,365,True,0
524,upstream,2011,365,True,0
524,upstream,2012,366,True,0
524,upstream,2013,365,True,0
524,upstream,2014,365,True,0
524,upstream,2015,365,True,0
524,upstream,2016,366,True,0
524,upstream,2017,360,True,0
524,upstream,2018,336,True,0
524,upstream,2019,0,False,0
529,cars,1980,366,True,0
529,cars,1981,365,True,0
529,cars,1982,365,True,0
529,cars,1983,365,True,0
529,cars,1984,366,True,0
529,cars,1985,365,True,0
529,cars,1986,359,True,0
529,cars,1987,365,True,0
529,cars,1988,366,True,0
529,cars,1989,365,True,0
529,cars,1990,365,True,0
529,cars,1991,365,True,0
529,cars,1992,366,True,0
529,cars,1993,363,True,0
529,cars,1994,363,True,0
529,cars,1995,365,True,0
529,cars,1996,366,True,0
529,cars,1997,351,True,0
529,cars,1998,365,True,0
529,cars,1999,365,True,0
529,cars,2000,365,True,0
529,cars,2001,365,True,0
529,cars,2002,354,True,0
529,cars,2003,365,True,0
529,cars,2004,366,True,0
529,cars,2005,365,True,0
529,cars,2006,365,True,0
529,cars,2007,365,True,0
529,cars,2008,366,True,0
529,cars,2009,363,True,0
529,cars,2010,363,True,0
529,cars,2011,362,True,0
529,cars,2012,366,True,0
529,cars,2013,365,True,0
529,cars,2014,365,True,0
529,cars,2015,365,True,0
529,cars,2016,366,True,0
529,cars,2017,365,True,0
529,cars,2018,355,True,0
529,cars,2019,364,True,0
529,upstream,1980,356,True,10
529,upstream,1981,310,False,55
529,upstream,1982,348,True,17
529,upstream,1983,354,True,11
529,upstream,1984,361,True,5
529,upstream,1985,350,True,15
529,upstream,1986,341,True,24
529,upstream,1987,359,True,6
529,upstream,1988,339,True,27
529,upstream,1989,350,True,15
529,upstream,1990,341,True,24
529,upstream,1991,320,False,45
529,upstream,1992,315,False,51
529,upstream,1993,322,False,43
529,upstream,1994,326,False,39
529,upstream,1995,343,True,22
529,upstream,1996,354,True,12
529,upstream,1997,327,False,38
529,upstream,1998,358,True,7
529,upstream,1999,361,True,4
529,upstream,2000,344,True,22
529,upstream,2001,351,True,14
529,upstream,2002,257,False,108
529,upstream,2003,365,True,0
529,upstream,2004,366,True,0
529,upstream,2005,344,True,21
529,upstream,2006,340,True,25
529,upstream,2007,353,True,12
529,upstream,2008,333,True,33
529,upstream,2009,307,False,58
529,upstream,2010,303,False,62
529,upstream,2011,314,False,51
529,upstream,2012,269,False,97
529,upstream,2013,322,False,43
529,upstream,2014,333,True,32
529,upstream,2015,346,True,19
529,upstream,2016,360,True,6
529,upstream,2017,349,True,16
529,upstream,2018,239,False,126
529,upstream,2019,324,False,41
530,cars,1980,0,False,0
530,cars,1981,0,False,0
530,cars,1982,0,False,0
530,cars,1983,0,False,0
530,cars,1984,0,False,0
530,cars,1985,0,False,0
530,cars,1986,0,False,0
530,cars,1987,0,False,0
530,cars,1988,0,False,0
530,cars,1989,0,False,0
530,cars,1990,273,False,0
530,cars,1991,365,True,0
530,cars,1992,366,True,0
530,cars,1993,365,True,0
530,cars,1994,365,True,0
530,cars,1995,365,True,0
530,cars,1996,366,True,0
530,cars,1997,365,True,0
530,cars,1998,365,True,0
530,cars,1999,365,True,0
530,cars,2000,366,True,0
530,cars,2001,365,True,0
530,cars,2002,365,True,0
530,cars,2003,365,True,0
530,cars,2004,366,True,0
530,cars,2005,365,True,0
530,cars,2006,365,True,0
530,cars,2007,365,True,0
530,cars,2008,366,True,0
530,cars,2009,365,True,0
530,cars,2010,365,True,0
530,cars,2011,365,True,0
530,cars,2012,366,True,0
530,cars,2013,365,True,0
530,cars,2014,365,True,0
530,cars,2015,365,True,0
530,cars,2016,366,True,0
530,cars,2017,365,True,0
530,cars,2018,365,True,0
530,cars,2019,365,True,0
530,upstream,1980,0,False,0
530,upstream,1981,0,False,0
530,upstream,1982,0,False,0
530,upstream,1983,0,False,0
530,upstream,1984,0,False,0
530,upstream,1985,0,False,0
530,upstream,1986,0,False,0
530,upstream,1987,0,False,0
530,upstream,1988,0,False,0
530,upstream,1989,0,False,0
530,upstream,1990,273,False,0
530,upstream,1991,365,True,0
530,upstream,1992,366,True,0
530,upstream,1993,365,True,0
530,upstream,1994,365,True,0
530,upstream,1995,365,True,0
530,upstream,1996,366,True,0
530,upstream,1997,365,True,0
530,upstream,1998,365,True,0
530,upstream,1999,365,True,0
530,upstream,2000,366,True,0
530,upstream,2001,365,True,0
530,upstream,2002,365,True,0
530,upstream,2003,365,True,0
530,upstream,2004,366,True,0
530,upstream,2005,365,True,0
530,upstream,2006,365,True,0
530,upstream,2007,365,True,0
530,upstream,2008,366,True,0
530,upstream,2009,365,True,0
530,upstream,2010,365,True,0
530,upstream,2011,365,True,0
530,upstream,2012,366,True,0
530,upstream,2013,365,True,0
530,upstream,2014,365,True,0
530,upstream,2015,365,True,0
530,upstream,2016,366,True,0
530,upstream,2017,365,True,0
530,upstream,2018,365,True,0
530,upstream,2019,365,True,0
531,cars,1980,0,False,0
531,cars,1981,365,True,0
531,cars,1982,365,True,0
531,cars,1983,365,True,0
531,cars,1984,366,True,0
531,cars,1985,362,True,0
531,cars,1986,1,False,0
531,cars,1987,153,False,0
531,cars,1988,18,False,0
531,cars,1989,364,True,0
531,cars,1990,365,True,0
531,cars,1991,365,True,0
531,cars,1992,366,True,0
531,cars,1993,365,True,0
531,cars,1994,365,True,0
531,cars,1995,365,True,0
531,cars,1996,366,True,0
531,cars,1997,365,True,0
531,cars,1998,365,True,0
531,cars,1999,365,True,0
531,cars,2000,366,True,0
531,cars,2001,365,True,0
531,cars,2002,365,True,0
531,cars,2003,365,True,0
531,cars,2004,366,True,0
531,cars,2005,365,True,0
531,cars,2006,365,True,0
531,cars,2007,365,True,0
531,cars,2008,366,True,0
531,cars,2009,365,True,0
531,cars,2010,365,True,0
531,cars,2011,365,True,0
531,cars,2012,366,True,0
531,cars,2013,365,True,0
531,cars,2014,365,True,0
531,cars,2015,365,True,0
531,cars,2016,366,True,0
531,cars,2017,364,True,0
531,cars,2018,365,True,0
531,cars,2019,365,True,0
531,upstream,1980,0,False,0
531,upstream,1981,365,True,0
531,upstream,1982,365,True,0
531,upstream,1983,365,True,0
531,upstream,1984,366,True,0
531,upstream,1985,351,True,14
531,upstream,1986,0,False,0
531,upstream,1987,152,False,0
531,upstream,1988,2,False,0
531,upstream,1989,358,True,6
531,upstream,1990,333,True,32
531,upstream,1991,364,True,1
531,upstream,1992,366,True,0
531,upstream,1993,363,True,2
531,upstream,1994,365,True,0
531,upstream,1995,365,True,0
531,upstream,1996,365,True,1
531,upstream,1997,365,True,0
531,upstream,1998,363,True,2
531,upstream,1999,365,True,0
531,upstream,2000,361,True,5
531,upstream,2001,364,True,1
531,upstream,2002,359,True,6
531,upstream,2003,365,True,0
531,upstream,2004,366,True,0
531,upstream,2005,365,True,0
531,upstream,2006,360,True,5
531,upstream,2007,365,True,0
531,upstream,2008,365,True,1
531,upstream,2009,365,True,0
531,upstream,2010,365,True,0
531,upstream,2011,365,True,0
531,upstream,2012,365,True,1
531,upstream,2013,365,True,0
531,upstream,2014,365,True,0
531,upstream,2015,365,True,0
531,upstream,2016,366,True,0
531,upstream,2017,354,True,9
531,upstream,2018,364,True,1
531,upstream,2019,363,True,2
533,cars,1980,0,False,0
533,cars,1981,0,False,0
533,cars,1982,0,False,0
533,cars,1983,0,False,0
533,cars,1984,0,False,0
533,cars,1985,0,False,0
533,cars,1986,0,False,0
533,cars,1987,0,False,0
533,cars,1988,0,False,0
533,cars,1989,0,False,0
533,cars,1990,0,False,0
533,cars,1991,0,False,0
533,cars,1992,0,False,0
533,cars,1993,0,False,0
533,cars,1994,0,False,0
533,cars,1995,0,False,0
533,cars,1996,0,False,0
533,cars,1997,166,False,0
533,cars,1998,365,True,0
533,cars,1999,365,True,0
533,cars,2000,366,True,0
533,cars,2001,365,True,0
533,cars,2002,365,True,0
533,cars,2003,365,True,0
533,cars,2004,366,True,0
533,cars,2005,365,True,0
533,cars,2006,365,True,0
533,cars,2007,365,True,0
533,cars,2008,366,True,0
533,cars,2009,365,True,0
533,cars,2010,365,True,0
533,cars,2011,365,True,0
533,cars,2012,366,True,0
533,cars,2013,365,True,0
533,cars,2014,365,True,0
533,cars,2015,365,True,0
533,cars,2016,366,True,0
533,cars,2017,365,True,0
533,cars,2018,365,True,0
533,cars,2019,365,True,0
533,upstream,1980,0,False,0
533,upstream,1981,0,False,0
533,upstream,1982,0,False,0
533,upstream,1983,0,False,0
533,upstream,1984,0,False,0
533,upstream,1985,0,False,0
533,upstream,1986,0,False,0
533,upstream,1987,0,False,0
533,upstream,1988,0,False,0
533,upstream,1989,0,False,0
533,upstream,1990,0,False,0
533,upstream,1991,0,False,0
533,upstream,1992,0,False,0
533,upstream,1993,0,False,0
533,upstream,1994,0,False,0
533,upstream,1995,0,False,0
533,upstream,1996,0,False,0
533,upstream,1997,166,False,0
533,upstream,1998,362,True,3
533,upstream,1999,360,True,5
533,upstream,2000,363,True,3
533,upstream,2001,365,True,0
533,upstream,2002,354,True,11
533,upstream,2003,362,True,3
533,upstream,2004,365,True,1
533,upstream,2005,354,True,11
533,upstream,2006,363,True,2
533,upstream,2007,365,True,0
533,upstream,2008,363,True,3
533,upstream,2009,365,True,0
533,upstream,2010,361,True,4
533,upstream,2011,365,True,0
533,upstream,2012,365,True,1
533,upstream,2013,363,True,2
533,upstream,2014,356,True,9
533,upstream,2015,365,True,0
533,upstream,2016,362,True,4
533,upstream,2017,365,True,0
533,upstream,2018,364,True,1
533,upstream,2019,362,True,3
536,cars,1980,366,True,0
536,cars,1981,365,True,0
536,cars,1982,365,True,0
536,cars,1983,365,True,0
536,cars,1984,366,True,0
536,cars,1985,365,True,0
536,cars,1986,365,True,0
536,cars,1987,365,True,0
536,cars,1988,366,True,0
536,cars,1989,365,True,0
536,cars,1990,365,True,0
536,cars,1991,365,True,0
536,cars,1992,366,True,0
536,cars,1993,365,True,0
536,cars,1994,365,True,0
536,cars,1995,365,True,0
536,cars,1996,366,True,0
536,cars,1997,365,True,0
536,cars,1998,365,True,0
536,cars,1999,365,True,0
536,cars,2000,366,True,0
536,cars,2001,365,True,0
536,cars,2002,365,True,0
536,cars,2003,354,True,0
536,cars,2004,366,True,0
536,cars,2005,365,True,0
536,cars,2006,365,True,0
536,cars,2007,365,True,0
536,cars,2008,366,True,0
536,cars,2009,365,True,0
536,cars,2010,365,True,0
536,cars,2011,365,True,0
536,cars,2012,366,True,0
536,cars,2013,365,True,0
536,cars,2014,365,True,0
536,cars,2015,365,True,0
536,cars,2016,366,True,0
536,cars,2017,365,True,0
536,cars,2018,365,True,0
536,cars,2019,365,True,0
536,upstream,1980,366,True,0
536,upstream,1981,365,True,0
536,upstream,1982,365,True,0
536,upstream,1983,365,True,0
536,upstream,1984,366,True,0
536,upstream,1985,365,True,0
536,upstream,1986,365,True,0
536,upstream,1987,365,True,0
536,upstream,1988,366,True,0
536,upstream,1989,365,True,0
536,upstream,1990,365,True,0
536,upstream,1991,365,True,0
536,upstream,1992,366,True,0
536,upstream,1993,365,True,0
536,upstream,1994,365,True,0
536,upstream,1995,365,True,0
536,upstream,1996,366,True,0
536,upstream,1997,365,True,0
536,upstream,1998,365,True,0
536,upstream,1999,365,True,0
536,upstream,2000,366,True,0
536,upstream,2001,365,True,0
536,upstream,2002,365,True,0
536,upstream,2003,344,True,21
536,upstream,2004,366,True,0
536,upstream,2005,365,True,0
536,upstream,2006,365,True,0
536,upstream,2007,365,True,0
536,upstream,2008,365,True,1
536,upstream,2009,365,True,0
536,upstream,2010,364,True,1
536,upstream,2011,365,True,0
536,upstream,2012,366,True,0
536,upstream,2013,365,True,0
536,upstream,2014,364,True,1
536,upstream,2015,365,True,0
536,upstream,2016,366,True,0
536,upstream,2017,365,True,0
536,upstream,2018,365,True,0
536,upstream,2019,364,True,1
537,cars,1980,0,False,0
537,cars,1981,0,False,0
537,cars,1982,0,False,0
537,cars,1983,0,False,0
537,cars,1984,0,False,0
537,cars,1985,0,False,0
537,cars,1986,0,False,0
537,cars,1987,0,False,0
537,cars,1988,0,False,0
537,cars,1989,0,False,0
537,cars,1990,2,False,0
537,cars,1991,365,True,0
537,cars,1992,364,True,0
537,cars,1993,365,True,0
537,cars,1994,365,True,0
537,cars,1995,365,True,0
537,cars,1996,366,True,0
537,cars,1997,365,True,0
537,cars,1998,336,True,0
537,cars,1999,0,False,0
537,cars,2000,0,False,0
537,cars,2001,0,False,0
537,cars,2002,0,False,0
537,cars,2003,0,False,0
537,cars,2004,0,False,0
537,cars,2005,0,False,0
537,cars,2006,0,False,0
537,cars,2007,0,False,0
537,cars,2008,0,False,0
537,cars,2009,137,False,0
537,cars,2010,357,True,0
537,cars,2011,365,True,0
537,cars,2012,348,True,0
537,cars,2013,365,True,0
537,cars,2014,365,True,0
537,cars,2015,365,True,0
537,cars,2016,366,True,0
537,cars,2017,364,True,0
537,cars,2018,219,False,0
537,cars,2019,289,False,0
537,upstream,1980,0,False,0
537,upstream,1981,0,False,0
537,upstream,1982,0,False,0
537,upstream,1983,0,False,0
537,upstream,1984,0,False,0
537,upstream,1985,0,False,0
537,upstream,1986,0,False,0
537,upstream,1987,0,False,0
537,upstream,1988,0,False,0
537,upstream,1989,0,False,0
537,upstream,1990,2,False,0
537,upstream,1991,365,True,0
537,upstream,1992,363,True,0
537,upstream,1993,365,True,0
537,upstream,1994,365,True,0
537,upstream,1995,365,True,0
537,upstream,1996,366,True,0
537,upstream,1997,365,True,0
537,upstream,1998,335,True,0
537,upstream,1999,0,False,0
537,upstream,2000,0,False,0
537,upstream,2001,0,False,0
537,upstream,2002,0,False,0
537,upstream,2003,0,False,0
537,upstream,2004,0,False,0
537,upstream,2005,0,False,0
537,upstream,2006,0,False,0
537,upstream,2007,0,False,0
537,upstream,2008,0,False,0
537,upstream,2009,133,False,0
537,upstream,2010,337,True,18
537,upstream,2011,352,True,13
537,upstream,2012,287,False,79
537,upstream,2013,361,True,4
537,upstream,2014,365,True,0
537,upstream,2015,364,True,0
537,upstream,2016,364,True,0
537,upstream,2017,361,True,0
537,upstream,2018,198,False,139
537,upstream,2019,272,False,93
541,cars,1980,366,True,0
541,cars,1981,365,True,0
541,cars,1982,365,True,0
541,cars,1983,365,True,0
541,cars,1984,366,True,0
541,cars,1985,365,True,0
541,cars,1986,365,True,0
541,cars,1987,365,True,0
541,cars,1988,366,True,0
541,cars,1989,365,True,0
541,cars,1990,365,True,0
541,cars,1991,365,True,0
541,cars,1992,366,True,0
541,cars,1993,365,True,0
541,cars,1994,365,True,0
541,cars,1995,365,True,0
541,cars,1996,366,True,0
541,cars,1997,365,True,0
541,cars,1998,365,True,0
541,cars,1999,365,True,0
541,cars,2000,366,True,0
541,cars,2001,365,True,0
541,cars,2002,365,True,0
541,cars,2003,365,True,0
541,cars,2004,366,True,0
541,cars,2005,365,True,0
541,cars,2006,365,True,0
541,cars,2007,365,True,0
541,cars,2008,366,True,0
541,cars,2009,365,True,0
541,cars,2010,365,True,0
541,cars,2011,365,True,0
541,cars,2012,366,True,0
541,cars,2013,365,True,0
541,cars,2014,365,True,0
541,cars,2015,365,True,0
541,cars,2016,366,True,0
541,cars,2017,365,True,0
541,cars,2018,365,True,0
541,cars,2019,365,True,0
541,upstream,1980,366,True,0
541,upstream,1981,365,True,0
541,upstream,1982,365,True,0
541,upstream,1983,365,True,0
541,upstream,1984,366,True,0
541,upstream,1985,365,True,0
541,upstream,1986,365,True,0
541,upstream,1987,365,True,0
541,upstream,1988,366,True,0
541,upstream,1989,365,True,0
541,upstream,1990,365,True,0
541,upstream,1991,365,True,0
541,upstream,1992,366,True,0
541,upstream,1993,365,True,0
541,upstream,1994,365,True,0
541,upstream,1995,365,True,0
541,upstream,1996,366,True,0
541,upstream,1997,365,True,0
541,upstream,1998,365,True,0
541,upstream,1999,365,True,0
541,upstream,2000,366,True,0
541,upstream,2001,365,True,0
541,upstream,2002,365,True,0
541,upstream,2003,365,True,0
541,upstream,2004,366,True,0
541,upstream,2005,365,True,0
541,upstream,2006,365,True,0
541,upstream,2007,365,True,0
541,upstream,2008,366,True,0
541,upstream,2009,365,True,0
541,upstream,2010,365,True,0
541,upstream,2011,365,True,0
541,upstream,2012,366,True,0
541,upstream,2013,365,True,0
541,upstream,2014,365,True,0
541,upstream,2015,365,True,0
541,upstream,2016,366,True,0
541,upstream,2017,365,True,0
541,upstream,2018,365,True,0
541,upstream,2019,365,True,0
542,cars,1980,366,True,0
542,cars,1981,365,True,0
542,cars,1982,365,True,0
542,cars,1983,365,True,0
542,cars,1984,366,True,0
542,cars,1985,365,True,0
542,cars,1986,365,True,0
542,cars,1987,365,True,0
542,cars,1988,366,True,0
542,cars,1989,365,True,0
542,cars,1990,365,True,0
542,cars,1991,365,True,0
542,cars,1992,366,True,0
542,cars,1993,365,True,0
542,cars,1994,365,True,0
542,cars,1995,365,True,0
542,cars,1996,366,True,0
542,cars,1997,365,True,0
542,cars,1998,365,True,0
542,cars,1999,365,True,0
542,cars,2000,366,True,0
542,cars,2001,365,True,0
542,cars,2002,365,True,0
542,cars,2003,365,True,0
542,cars,2004,366,True,0
542,cars,2005,365,True,0
542,cars,2006,365,True,0
542,cars,2007,365,True,0
542,cars,2008,366,True,0
542,cars,2009,365,True,0
542,cars,2010,365,True,0
542,cars,2011,365,True,0
542,cars,2012,366,True,0
542,cars,2013,365,True,0
542,cars,2014,365,True,0
542,cars,2015,365,True,0
542,cars,2016,366,True,0
542,cars,2017,365,True,0
542,cars,2018,365,True,0
542,cars,2019,365,True,0
542,upstream,1980,366,True,0
542,upstream,1981,365,True,0
542,upstream,1982,365,True,0
542,upstream,1983,365,True,0
542,upstream,1984,366,True,0
542,upstream,1985,365,True,0
542,upstream,1986,365,True,0
542,upstream,1987,365,True,0
542,upstream,1988,366,True,0
542,upstream,1989,364,True,0
542,upstream,1990,353,True,0
542,upstream,1991,364,True,0
542,upstream,1992,366,True,0
542,upstream,1993,365,True,0
542,upstream,1994,365,True,0
542,upstream,1995,365,True,0
542,upstream,1996,366,True,0
542,upstream,1997,365,True,0
542,upstream,1998,365,True,0
542,upstream,1999,365,True,0
542,upstream,2000,366,True,0
542,upstream,2001,365,True,0
542,upstream,2002,363,True,0
542,upstream,2003,365,True,0
542,upstream,2004,366,True,0
542,upstream,2005,365,True,0
542,upstream,2006,365,True,0
542,upstream,2007,365,True,0
542,upstream,2008,366,True,0
542,upstream,2009,365,True,0
542,upstream,2010,365,True,0
542,upstream,2011,365,True,0
542,upstream,2012,366,True,0
542,upstream,2013,365,True,0
542,upstream,2014,365,True,0
542,upstream,2015,365,True,0
542,upstream,2016,366,True,0
542,upstream,2017,365,True,0
542,upstream,2018,365,True,0
542,upstream,2019,365,True,0
549,cars,1980,94,False,0
549,cars,1981,111,False,0
549,cars,1982,166,False,0
549,cars,1983,365,True,0
549,cars,1984,366,True,0
549,cars,1985,365,True,0
549,cars,1986,365,True,0
549,cars,1987,365,True,0
549,cars,1988,202,False,0
549,cars,1989,365,True,0
549,cars,1990,365,True,0
549,cars,1991,365,True,0
549,cars,1992,366,True,0
549,cars,1993,365,True,0
549,cars,1994,365,True,0
549,cars,1995,365,True,0
549,cars,1996,366,True,0
549,cars,1997,365,True,0
549,cars,1998,365,True,0
549,cars,1999,365,True,0
549,cars,2000,366,True,0
549,cars,2001,365,True,0
549,cars,2002,365,True,0
549,cars,2003,365,True,0
549,cars,2004,366,True,0
549,cars,2005,365,True,0
549,cars,2006,365,True,0
549,cars,2007,365,True,0
549,cars,2008,366,True,0
549,cars,2009,365,True,0
549,cars,2010,365,True,0
549,cars,2011,365,True,0
549,cars,2012,366,True,0
549,cars,2013,361,True,0
549,cars,2014,365,True,0
549,cars,2015,365,True,0
549,cars,2016,366,True,0
549,cars,2017,365,True,0
549,cars,2018,365,True,0
549,cars,2019,100,False,0
549,upstream,1980,65,False,0
549,upstream,1981,51,False,2
549,upstream,1982,158,False,0
549,upstream,1983,365,True,0
549,upstream,1984,366,True,0
549,upstream,1985,365,True,0
549,upstream,1986,365,True,0
549,upstream,1987,365,True,0
549,upstream,1988,190,False,4
549,upstream,1989,358,True,5
549,upstream,1990,365,True,0
549,upstream,1991,361,True,0
549,upstream,1992,358,True,8
549,upstream,1993,365,True,0
549,upstream,1994,365,True,0
549,upstream,1995,365,True,0
549,upstream,1996,362,True,4
549,upstream,1997,346,True,19
549,upstream,1998,362,True,3
549,upstream,1999,364,True,1
549,upstream,2000,351,True,15
549,upstream,2001,365,True,0
549,upstream,2002,364,True,0
549,upstream,2003,360,True,0
549,upstream,2004,364,True,1
549,upstream,2005,363,True,2
549,upstream,2006,362,True,1
549,upstream,2007,357,True,4
549,upstream,2008,343,True,23
549,upstream,2009,349,True,16
549,upstream,2010,362,True,3
549,upstream,2011,365,True,0
549,upstream,2012,286,False,80
549,upstream,2013,334,True,31
549,upstream,2014,347,True,18
549,upstream,2015,365,True,0
549,upstream,2016,366,True,0
549,upstream,2017,365,True,0
549,upstream,2018,364,True,1
549,upstream,2019,89,False,3
55,cars,1980,366,True,0
55,cars,1981,365,True,0
55,cars,1982,365,True,0
55,cars,1983,365,True,0
55,cars,1984,366,True,0
55,cars,1985,365,True,0
55,cars,1986,365,True,0
55,cars,1987,365,True,0
55,cars,1988,366,True,0
55,cars,1989,365,True,0
55,cars,1990,365,True,0
55,cars,1991,365,True,0
55,cars,1992,366,True,0
55,cars,1993,365,True,0
55,cars,1994,365,True,0
55,cars,1995,365,True,0
55,cars,1996,366,True,0
55,cars,1997,365,True,0
55,cars,1998,365,True,0
55,cars,1999,365,True,0
55,cars,2000,366,True,0
55,cars,2001,365,True,0
55,cars,2002,365,True,0
55,cars,2003,365,True,0
55,cars,2004,366,True,0
55,cars,2005,365,True,0
55,cars,2006,365,True,0
55,cars,2007,365,True,0
55,cars,2008,366,True,0
55,cars,2009,365,True,0
55,cars,2010,365,True,0
55,cars,2011,365,True,0
55,cars,2012,366,True,0
55,cars,2013,365,True,0
55,cars,2014,365,True,0
55,cars,2015,365,True,0
55,cars,2016,366,True,0
55,cars,2017,365,True,0
55,cars,2018,365,True,0
55,cars,2019,365,True,0
55,upstream,1980,366,True,0
55,upstream,1981,365,True,0
55,upstream,1982,365,True,0
55,upstream,1983,365,True,0
55,upstream,1984,366,True,0
55,upstream,1985,365,True,0
55,upstream,1986,365,True,0
55,upstream,1987,365,True,0
55,upstream,1988,366,True,0
55,upstream,1989,365,True,0
55,upstream,1990,365,True,0
55,upstream,1991,365,True,0
55,upstream,1992,366,True,0
55,upstream,1993,365,True,0
55,upstream,1994,365,True,0
55,upstream,1995,365,True,0
55,upstream,1996,366,True,0
55,upstream,1997,365,True,0
55,upstream,1998,365,True,0
55,upstream,1999,365,True,0
55,upstream,2000,366,True,0
55,upstream,2001,365,True,0
55,upstream,2002,365,True,0
55,upstream,2003,365,True,0
55,upstream,2004,366,True,0
55,upstream,2005,365,True,0
55,upstream,2006,365,True,0
55,upstream,2007,365,True,0
55,upstream,2008,366,True,0
55,upstream,2009,365,True,0
55,upstream,2010,365,True,0
55,upstream,2011,365,True,0
55,upstream,2012,366,True,0
55,upstream,2013,365,True,0
55,upstream,2014,365,True,0
55,upstream,2015,365,True,0
55,upstream,2016,366,True,0
55,upstream,2017,364,True,1
55,upstream,2018,365,True,0
55,upstream,2019,365,True,0
567,cars,1980,0,False,0
567,cars,1981,0,False,0
567,cars,1982,0,False,0
567,cars,1983,0,False,0
567,cars,1984,195,False,0
567,cars,1985,365,True,0
567,cars,1986,365,True,0
567,cars,1987,365,True,0
567,cars,1988,366,True,0
567,cars,1989,365,True,0
567,cars,1990,365,True,0
567,cars,1991,365,True,0
567,cars,1992,366,True,0
567,cars,1993,365,True,0
567,cars,1994,365,True,0
567,cars,1995,365,True,0
567,cars,1996,366,True,0
567,cars,1997,365,True,0
567,cars,1998,365,True,0
567,cars,1999,365,True,0
567,cars,2000,366,True,0
567,cars,2001,365,True,0
567,cars,2002,365,True,0
567,cars,2003,365,True,0
567,cars,2004,366,True,0
567,cars,2005,365,True,0
567,cars,2006,365,True,0
567,cars,2007,365,True,0
567,cars,2008,366,True,0
567,cars,2009,365,True,0
567,cars,2010,365,True,0
567,cars,2011,365,True,0
567,cars,2012,366,True,0
567,cars,2013,365,True,0
567,cars,2014,365,True,0
567,cars,2015,365,True,0
567,cars,2016,366,True,0
567,cars,2017,365,True,0
567,cars,2018,365,True,0
567,cars,2019,365,True,0
567,upstream,1980,0,False,0
567,upstream,1981,0,False,0
567,upstream,1982,0,False,0
567,upstream,1983,0,False,0
567,upstream,1984,189,False,0
567,upstream,1985,365,True,0
567,upstream,1986,364,True,1
567,upstream,1987,360,True,5
567,upstream,1988,363,True,3
567,upstream,1989,362,True,3
567,upstream,1990,352,True,13
567,upstream,1991,364,True,1
567,upstream,1992,363,True,3
567,upstream,1993,361,True,4
567,upstream,1994,365,True,0
567,upstream,1995,364,True,1
567,upstream,1996,365,True,1
567,upstream,1997,364,True,1
567,upstream,1998,364,True,1
567,upstream,1999,365,True,0
567,upstream,2000,366,True,0
567,upstream,2001,365,True,0
567,upstream,2002,365,True,0
567,upstream,2003,365,True,0
567,upstream,2004,361,True,5
567,upstream,2005,365,True,0
567,upstream,2006,365,True,0
567,upstream,2007,364,True,1
567,upstream,2008,366,True,0
567,upstream,2009,364,True,1
567,upstream,2010,363,True,2
567,upstream,2011,365,True,0
567,upstream,2012,364,True,2
567,upstream,2013,355,True,10
567,upstream,2014,363,True,2
567,upstream,2015,364,True,1
567,upstream,2016,363,True,3
567,upstream,2017,364,True,1
567,upstream,2018,346,True,19
567,upstream,2019,358,True,7
57,cars,1980,366,True,0
57,cars,1981,365,True,0
57,cars,1982,365,True,0
57,cars,1983,365,True,0
57,cars,1984,366,True,0
57,cars,1985,365,True,0
57,cars,1986,365,True,0
57,cars,1987,365,True,0
57,cars,1988,366,True,0
57,cars,1989,365,True,0
57,cars,1990,365,True,0
57,cars,1991,365,True,0
57,cars,1992,366,True,0
57,cars,1993,365,True,0
57,cars,1994,365,True,0
57,cars,1995,365,True,0
57,cars,1996,366,True,0
57,cars,1997,365,True,0
57,cars,1998,365,True,0
57,cars,1999,365,True,0
57,cars,2000,366,True,0
57,cars,2001,365,True,0
57,cars,2002,365,True,0
57,cars,2003,365,True,0
57,cars,2004,366,True,0
57,cars,2005,365,True,0
57,cars,2006,365,True,0
57,cars,2007,365,True,0
57,cars,2008,366,True,0
57,cars,2009,365,True,0
57,cars,2010,365,True,0
57,cars,2011,365,True,0
57,cars,2012,366,True,0
57,cars,2013,365,True,0
57,cars,2014,365,True,0
57,cars,2015,365,True,0
57,cars,2016,366,True,0
57,cars,2017,365,True,0
57,cars,2018,365,True,0
57,cars,2019,365,True,0
57,upstream,1980,366,True,0
57,upstream,1981,365,True,0
57,upstream,1982,365,True,0
57,upstream,1983,365,True,0
57,upstream,1984,366,True,0
57,upstream,1985,365,True,0
57,upstream,1986,365,True,0
57,upstream,1987,365,True,0
57,upstream,1988,366,True,0
57,upstream,1989,365,True,0
57,upstream,1990,365,True,0
57,upstream,1991,365,True,0
57,upstream,1992,366,True,0
57,upstream,1993,365,True,0
57,upstream,1994,365,True,0
57,upstream,1995,365,True,0
57,upstream,1996,366,True,0
57,upstream,1997,365,True,0
57,upstream,1998,365,True,0
57,upstream,1999,365,True,0
57,upstream,2000,366,True,0
57,upstream,2001,365,True,0
57,upstream,2002,365,True,0
57,upstream,2003,365,True,0
57,upstream,2004,366,True,0
57,upstream,2005,365,True,0
57,upstream,2006,365,True,0
57,upstream,2007,365,True,0
57,upstream,2008,366,True,0
57,upstream,2009,365,True,0
57,upstream,2010,365,True,0
57,upstream,2011,365,True,0
57,upstream,2012,366,True,0
57,upstream,2013,365,True,0
57,upstream,2014,365,True,0
57,upstream,2015,361,True,4
57,upstream,2016,359,True,7
57,upstream,2017,341,True,24
57,upstream,2018,363,True,2
57,upstream,2019,365,True,0
572,cars,1980,366,True,0
572,cars,1981,362,True,0
572,cars,1982,365,True,0
572,cars,1983,344,True,0
572,cars,1984,366,True,0
572,cars,1985,365,True,0
572,cars,1986,365,True,0
572,cars,1987,365,True,0
572,cars,1988,364,True,0
572,cars,1989,365,True,0
572,cars,1990,365,True,0
572,cars,1991,365,True,0
572,cars,1992,366,True,0
572,cars,1993,365,True,0
572,cars,1994,365,True,0
572,cars,1995,365,True,0
572,cars,1996,366,True,0
572,cars,1997,365,True,0
572,cars,1998,365,True,0
572,cars,1999,365,True,0
572,cars,2000,366,True,0
572,cars,2001,365,True,0
572,cars,2002,365,True,0
572,cars,2003,343,True,0
572,cars,2004,366,True,0
572,cars,2005,357,True,0
572,cars,2006,365,True,0
572,cars,2007,365,True,0
572,cars,2008,360,True,0
572,cars,2009,334,True,0
572,cars,2010,342,True,0
572,cars,2011,359,True,0
572,cars,2012,366,True,0
572,cars,2013,365,True,0
572,cars,2014,365,True,0
572,cars,2015,365,True,0
572,cars,2016,351,True,0
572,cars,2017,351,True,0
572,cars,2018,270,False,0
572,cars,2019,364,True,0
572,upstream,1980,366,True,0
572,upstream,1981,314,False,51
572,upstream,1982,325,False,40
572,upstream,1983,320,False,45
572,upstream,1984,326,False,40
572,upstream,1985,341,True,24
572,upstream,1986,365,True,0
572,upstream,1987,328,False,37
572,upstream,1988,346,True,20
572,upstream,1989,329,True,36
572,upstream,1990,365,True,0
572,upstream,1991,363,True,2
572,upstream,1992,354,True,12
572,upstream,1993,354,True,11
572,upstream,1994,363,True,2
572,upstream,1995,364,True,1
572,upstream,1996,361,True,5
572,upstream,1997,363,True,2
572,upstream,1998,355,True,10
572,upstream,1999,365,True,0
572,upstream,2000,362,True,4
572,upstream,2001,365,True,0
572,upstream,2002,340,True,25
572,upstream,2003,332,True,33
572,upstream,2004,356,True,10
572,upstream,2005,347,True,18
572,upstream,2006,341,True,24
572,upstream,2007,352,True,13
572,upstream,2008,342,True,24
572,upstream,2009,304,False,61
572,upstream,2010,292,False,43
572,upstream,2011,282,False,83
572,upstream,2012,344,True,22
572,upstream,2013,324,False,41
572,upstream,2014,348,True,17
572,upstream,2015,348,True,17
572,upstream,2016,316,False,50
572,upstream,2017,282,False,83
572,upstream,2018,161,False,204
572,upstream,2019,302,False,63
574,cars,1980,366,True,0
574,cars,1981,365,True,0
574,cars,1982,365,True,0
574,cars,1983,365,True,0
574,cars,1984,366,True,0
574,cars,1985,365,True,0
574,cars,1986,365,True,0
574,cars,1987,365,True,0
574,cars,1988,366,True,0
574,cars,1989,365,True,0
574,cars,1990,365,True,0
574,cars,1991,365,True,0
574,cars,1992,366,True,0
574,cars,1993,365,True,0
574,cars,1994,365,True,0
574,cars,1995,365,True,0
574,cars,1996,366,True,0
574,cars,1997,365,True,0
574,cars,1998,365,True,0
574,cars,1999,365,True,0
574,cars,2000,366,True,0
574,cars,2001,365,True,0
574,cars,2002,365,True,0
574,cars,2003,365,True,0
574,cars,2004,366,True,0
574,cars,2005,365,True,0
574,cars,2006,365,True,0
574,cars,2007,365,True,0
574,cars,2008,366,True,0
574,cars,2009,365,True,0
574,cars,2010,365,True,0
574,cars,2011,365,True,0
574,cars,2012,366,True,0
574,cars,2013,365,True,0
574,cars,2014,365,True,0
574,cars,2015,365,True,0
574,cars,2016,366,True,0
574,cars,2017,365,True,0
574,cars,2018,365,True,0
574,cars,2019,365,True,0
574,upstream,1980,366,True,0
574,upstream,1981,365,True,0
574,upstream,1982,365,True,0
574,upstream,1983,365,True,0
574,upstream,1984,366,True,0
574,upstream,1985,365,True,0
574,upstream,1986,365,True,0
574,upstream,1987,365,True,0
574,upstream,1988,366,True,0
574,upstream,1989,365,True,0
574,upstream,1990,364,True,1
574,upstream,1991,365,True,0
574,upstream,1992,366,True,0
574,upstream,1993,365,True,0
574,upstream,1994,365,True,0
574,upstream,1995,365,True,0
574,upstream,1996,366,True,0
574,upstream,1997,365,True,0
574,upstream,1998,365,True,0
574,upstream,1999,365,True,0
574,upstream,2000,366,True,0
574,upstream,2001,365,True,0
574,upstream,2002,365,True,0
574,upstream,2003,364,True,1
574,upstream,2004,366,True,0
574,upstream,2005,365,True,0
574,upstream,2006,365,True,0
574,upstream,2007,364,True,1
574,upstream,2008,365,True,1
574,upstream,2009,364,True,1
574,upstream,2010,364,True,1
574,upstream,2011,365,True,0
574,upstream,2012,366,True,0
574,upstream,2013,364,True,1
574,upstream,2014,361,True,4
574,upstream,2015,363,True,2
574,upstream,2016,366,True,0
574,upstream,2017,364,True,1
574,upstream,2018,361,True,4
574,upstream,2019,365,True,0
575,cars,1980,366,True,0
575,cars,1981,365,True,0
575,cars,1982,365,True,0
575,cars,1983,365,True,0
575,cars,1984,366,True,0
575,cars,1985,365,True,0
575,cars,1986,365,True,0
575,cars,1987,365,True,0
575,cars,1988,366,True,0
575,cars,1989,365,True,0
575,cars,1990,365,True,0
575,cars,1991,365,True,0
575,cars,1992,366,True,0
575,cars,1993,365,True,0
575,cars,1994,365,True,0
575,cars,1995,365,True,0
575,cars,1996,366,True,0
575,cars,1997,365,True,0
575,cars,1998,365,True,0
575,cars,1999,365,True,0
575,cars,2000,366,True,0
575,cars,2001,365,True,0
575,cars,2002,365,True,0
575,cars,2003,365,True,0
575,cars,2004,366,True,0
575,cars,2005,365,True,0
575,cars,2006,365,True,0
575,cars,2007,365,True,0
575,cars,2008,366,True,0
575,cars,2009,365,True,0
575,cars,2010,365,True,0
575,cars,2011,365,True,0
575,cars,2012,366,True,0
575,cars,2013,365,True,0
575,cars,2014,365,True,0
575,cars,2015,365,True,0
575,cars,2016,366,True,0
575,cars,2017,365,True,0
575,cars,2018,365,True,0
575,cars,2019,365,True,0
575,upstream,1980,364,True,2
575,upstream,1981,363,True,2
575,upstream,1982,362,True,3
575,upstream,1983,363,True,2
575,upstream,1984,365,True,1
575,upstream,1985,363,True,2
575,upstream,1986,365,True,0
575,upstream,1987,365,True,0
575,upstream,1988,365,True,1
575,upstream,1989,361,True,4
575,upstream,1990,362,True,3
575,upstream,1991,365,True,0
575,upstream,1992,364,True,2
575,upstream,1993,363,True,2
575,upstream,1994,363,True,2
575,upstream,1995,365,True,0
575,upstream,1996,365,True,1
575,upstream,1997,365,True,0
575,upstream,1998,365,True,0
575,upstream,1999,365,True,0
575,upstream,2000,366,True,0
575,upstream,2001,365,True,0
575,upstream,2002,365,True,0
575,upstream,2003,365,True,0
575,upstream,2004,366,True,0
575,upstream,2005,365,True,0
575,upstream,2006,365,True,0
575,upstream,2007,365,True,0
575,upstream,2008,365,True,1
575,upstream,2009,363,True,2
575,upstream,2010,364,True,1
575,upstream,2011,365,True,0
575,upstream,2012,366,True,0
575,upstream,2013,365,True,0
575,upstream,2014,365,True,0
575,upstream,2015,365,True,0
575,upstream,2016,366,True,0
575,upstream,2017,365,True,0
575,upstream,2018,364,True,1
575,upstream,2019,364,True,1
585,cars,1980,0,False,0
585,cars,1981,0,False,0
585,cars,1982,0,False,0
585,cars,1983,0,False,0
585,cars,1984,0,False,0
585,cars,1985,0,False,0
585,cars,1986,0,False,0
585,cars,1987,0,False,0
585,cars,1988,0,False,0
585,cars,1989,0,False,0
585,cars,1990,0,False,0
585,cars,1991,0,False,0
585,cars,1992,0,False,0
585,cars,1993,0,False,0
585,cars,1994,38,False,0
585,cars,1995,314,False,0
585,cars,1996,289,False,0
585,cars,1997,309,False,0
585,cars,1998,330,True,0
585,cars,1999,318,False,0
585,cars,2000,360,True,0
585,cars,2001,355,True,0
585,cars,2002,339,True,0
585,cars,2003,352,True,0
585,cars,2004,356,True,0
585,cars,2005,364,True,0
585,cars,2006,336,True,0
585,cars,2007,334,True,0
585,cars,2008,362,True,0
585,cars,2009,365,True,0
585,cars,2010,365,True,0
585,cars,2011,365,True,0
585,cars,2012,364,True,0
585,cars,2013,365,True,0
585,cars,2014,364,True,0
585,cars,2015,362,True,0
585,cars,2016,365,True,0
585,cars,2017,364,True,0
585,cars,2018,353,True,0
585,cars,2019,350,True,0
585,upstream,1980,0,False,0
585,upstream,1981,0,False,0
585,upstream,1982,0,False,0
585,upstream,1983,0,False,0
585,upstream,1984,0,False,0
585,upstream,1985,0,False,0
585,upstream,1986,0,False,0
585,upstream,1987,0,False,0
585,upstream,1988,0,False,0
585,upstream,1989,0,False,0
585,upstream,1990,0,False,0
585,upstream,1991,0,False,0
585,upstream,1992,0,False,0
585,upstream,1993,0,False,0
585,upstream,1994,29,False,1
585,upstream,1995,231,False,18
585,upstream,1996,166,False,32
585,upstream,1997,238,False,27
585,upstream,1998,256,False,21
585,upstream,1999,245,False,67
585,upstream,2000,278,False,58
585,upstream,2001,269,False,58
585,upstream,2002,258,False,34
585,upstream,2003,299,False,35
585,upstream,2004,261,False,95
585,upstream,2005,338,True,22
585,upstream,2006,281,False,83
585,upstream,2007,243,False,122
585,upstream,2008,281,False,77
585,upstream,2009,320,False,43
585,upstream,2010,315,False,50
585,upstream,2011,348,True,16
585,upstream,2012,290,False,76
585,upstream,2013,279,False,85
585,upstream,2014,225,False,137
585,upstream,2015,224,False,133
585,upstream,2016,285,False,79
585,upstream,2017,301,False,62
585,upstream,2018,288,False,74
585,upstream,2019,300,False,62
592,cars,1980,0,False,0
592,cars,1981,0,False,0
592,cars,1982,0,False,0
592,cars,1983,0,False,0
592,cars,1984,0,False,0
592,cars,1985,0,False,0
592,cars,1986,0,False,0
592,cars,1987,0,False,0
592,cars,1988,0,False,0
592,cars,1989,0,False,0
592,cars,1990,0,False,0
592,cars,1991,0,False,0
592,cars,1992,0,False,0
592,cars,1993,0,False,0
592,cars,1994,38,False,0
592,cars,1995,320,False,0
592,cars,1996,293,False,0
592,cars,1997,308,False,0
592,cars,1998,331,True,0
592,cars,1999,328,False,0
592,cars,2000,355,True,0
592,cars,2001,353,True,0
592,cars,2002,329,True,0
592,cars,2003,351,True,0
592,cars,2004,354,True,0
592,cars,2005,362,True,0
592,cars,2006,365,True,0
592,cars,2007,365,True,0
592,cars,2008,364,True,0
592,cars,2009,341,True,0
592,cars,2010,365,True,0
592,cars,2011,365,True,0
592,cars,2012,362,True,0
592,cars,2013,349,True,0
592,cars,2014,362,True,0
592,cars,2015,362,True,0
592,cars,2016,365,True,0
592,cars,2017,364,True,0
592,cars,2018,364,True,0
592,cars,2019,351,True,0
592,upstream,1980,0,False,0
592,upstream,1981,0,False,0
592,upstream,1982,0,False,0
592,upstream,1983,0,False,0
592,upstream,1984,0,False,0
592,upstream,1985,0,False,0
592,upstream,1986,0,False,0
592,upstream,1987,0,False,0
592,upstream,1988,0,False,0
592,upstream,1989,0,False,0
592,upstream,1990,0,False,0
592,upstream,1991,0,False,0
592,upstream,1992,0,False,0
592,upstream,1993,0,False,0
592,upstream,1994,28,False,0
592,upstream,1995,251,False,4
592,upstream,1996,199,False,6
592,upstream,1997,257,False,8
592,upstream,1998,277,False,4
592,upstream,1999,286,False,26
592,upstream,2000,323,False,11
592,upstream,2001,312,False,18
592,upstream,2002,261,False,24
592,upstream,2003,315,False,16
592,upstream,2004,307,False,49
592,upstream,2005,344,True,16
592,upstream,2006,332,True,31
592,upstream,2007,281,False,84
592,upstream,2008,290,False,69
592,upstream,2009,254,False,108
592,upstream,2010,291,False,74
592,upstream,2011,324,False,40
592,upstream,2012,301,False,65
592,upstream,2013,315,False,50
592,upstream,2014,315,False,47
592,upstream,2015,305,False,54
592,upstream,2016,325,False,39
592,upstream,2017,355,True,8
592,upstream,2018,360,True,2
592,upstream,2019,340,True,0
595,cars,1980,0,False,0
595,cars,1981,0,False,0
595,cars,1982,0,False,0
595,cars,1983,0,False,0
595,cars,1984,0,False,0
595,cars,1985,0,False,0
595,cars,1986,0,False,0
595,cars,1987,0,False,0
595,cars,1988,0,False,0
595,cars,1989,0,False,0
595,cars,1990,0,False,0
595,cars,1991,0,False,0
595,cars,1992,0,False,0
595,cars,1993,0,False,0
595,cars,1994,39,False,0
595,cars,1995,308,False,0
595,cars,1996,356,True,0
595,cars,1997,365,True,0
595,cars,1998,364,True,0
595,cars,1999,361,True,0
595,cars,2000,354,True,0
595,cars,2001,365,True,0
595,cars,2002,365,True,0
595,cars,2003,365,True,0
595,cars,2004,366,True,0
595,cars,2005,365,True,0
595,cars,2006,365,True,0
595,cars,2007,365,True,0
595,cars,2008,366,True,0
595,cars,2009,365,True,0
595,cars,2010,365,True,0
595,cars,2011,365,True,0
595,cars,2012,366,True,0
595,cars,2013,365,True,0
595,cars,2014,365,True,0
595,cars,2015,365,True,0
595,cars,2016,366,True,0
595,cars,2017,365,True,0
595,cars,2018,365,True,0
595,cars,2019,365,True,0
595,upstream,1980,0,False,0
595,upstream,1981,0,False,0
595,upstream,1982,0,False,0
595,upstream,1983,0,False,0
595,upstream,1984,0,False,0
595,upstream,1985,0,False,0
595,upstream,1986,0,False,0
595,upstream,1987,0,False,0
595,upstream,1988,0,False,0
595,upstream,1989,0,False,0
595,upstream,1990,0,False,0
595,upstream,1991,0,False,0
595,upstream,1992,0,False,0
595,upstream,1993,0,False,0
595,upstream,1994,30,False,0
595,upstream,1995,260,False,1
595,upstream,1996,328,False,0
595,upstream,1997,351,True,2
595,upstream,1998,346,True,0
595,upstream,1999,345,True,0
595,upstream,2000,337,True,0
595,upstream,2001,365,True,0
595,upstream,2002,365,True,0
595,upstream,2003,365,True,0
595,upstream,2004,366,True,0
595,upstream,2005,365,True,0
595,upstream,2006,365,True,0
595,upstream,2007,365,True,0
595,upstream,2008,366,True,0
595,upstream,2009,365,True,0
595,upstream,2010,364,True,1
595,upstream,2011,365,True,0
595,upstream,2012,366,True,0
595,upstream,2013,365,True,0
595,upstream,2014,364,True,1
595,upstream,2015,364,True,1
595,upstream,2016,366,True,0
595,upstream,2017,365,True,0
595,upstream,2018,365,True,0
595,upstream,2019,365,True,0
597,cars,1980,366,True,0
597,cars,1981,365,True,0
597,cars,1982,365,True,0
597,cars,1983,365,True,0
597,cars,1984,366,True,0
597,cars,1985,365,True,0
597,cars,1986,365,True,0
597,cars,1987,365,True,0
597,cars,1988,366,True,0
597,cars,1989,365,True,0
597,cars,1990,365,True,0
597,cars,1991,365,True,0
597,cars,1992,366,True,0
597,cars,1993,365,True,0
597,cars,1994,365,True,0
597,cars,1995,365,True,0
597,cars,1996,366,True,0
597,cars,1997,365,True,0
597,cars,1998,365,True,0
597,cars,1999,365,True,0
597,cars,2000,366,True,0
597,cars,2001,365,True,0
597,cars,2002,365,True,0
597,cars,2003,365,True,0
597,cars,2004,366,True,0
597,cars,2005,365,True,0
597,cars,2006,365,True,0
597,cars,2007,365,True,0
597,cars,2008,366,True,0
597,cars,2009,365,True,0
597,cars,2010,365,True,0
597,cars,2011,365,True,0
597,cars,2012,366,True,0
597,cars,2013,365,True,0
597,cars,2014,365,True,0
597,cars,2015,365,True,0
597,cars,2016,366,True,0
597,cars,2017,365,True,0
597,cars,2018,365,True,0
597,cars,2019,365,True,0
597,upstream,1980,366,True,0
597,upstream,1981,365,True,0
597,upstream,1982,365,True,0
597,upstream,1983,365,True,0
597,upstream,1984,366,True,0
597,upstream,1985,365,True,0
597,upstream,1986,365,True,0
597,upstream,1987,365,True,0
597,upstream,1988,366,True,0
597,upstream,1989,365,True,0
597,upstream,1990,365,True,0
597,upstream,1991,365,True,0
597,upstream,1992,366,True,0
597,upstream,1993,365,True,0
597,upstream,1994,365,True,0
597,upstream,1995,365,True,0
597,upstream,1996,366,True,0
597,upstream,1997,365,True,0
597,upstream,1998,365,True,0
597,upstream,1999,365,True,0
597,upstream,2000,366,True,0
597,upstream,2001,365,True,0
597,upstream,2002,365,True,0
597,upstream,2003,365,True,0
597,upstream,2004,366,True,0
597,upstream,2005,365,True,0
597,upstream,2006,365,True,0
597,upstream,2007,365,True,0
597,upstream,2008,366,True,0
597,upstream,2009,365,True,0
597,upstream,2010,365,True,0
597,upstream,2011,365,True,0
597,upstream,2012,366,True,0
597,upstream,2013,365,True,0
597,upstream,2014,365,True,0
597,upstream,2015,365,True,0
597,upstream,2016,366,True,0
597,upstream,2017,365,True,0
597,upstream,2018,365,True,0
597,upstream,2019,365,True,0
60,cars,1980,366,True,0
60,cars,1981,365,True,0
60,cars,1982,365,True,0
60,cars,1983,365,True,0
60,cars,1984,366,True,0
60,cars,1985,365,True,0
60,cars,1986,365,True,0
60,cars,1987,365,True,0
60,cars,1988,366,True,0
60,cars,1989,365,True,0
60,cars,1990,365,True,0
60,cars,1991,365,True,0
60,cars,1992,366,True,0
60,cars,1993,365,True,0
60,cars,1994,365,True,0
60,cars,1995,365,True,0
60,cars,1996,366,True,0
60,cars,1997,365,True,0
60,cars,1998,365,True,0
60,cars,1999,365,True,0
60,cars,2000,366,True,0
60,cars,2001,365,True,0
60,cars,2002,365,True,0
60,cars,2003,365,True,0
60,cars,2004,366,True,0
60,cars,2005,365,True,0
60,cars,2006,365,True,0
60,cars,2007,365,True,0
60,cars,2008,366,True,0
60,cars,2009,365,True,0
60,cars,2010,365,True,0
60,cars,2011,365,True,0
60,cars,2012,366,True,0
60,cars,2013,365,True,0
60,cars,2014,365,True,0
60,cars,2015,365,True,0
60,cars,2016,366,True,0
60,cars,2017,365,True,0
60,cars,2018,365,True,0
60,cars,2019,365,True,0
60,upstream,1980,366,True,0
60,upstream,1981,365,True,0
60,upstream,1982,365,True,0
60,upstream,1983,365,True,0
60,upstream,1984,366,True,0
60,upstream,1985,365,True,0
60,upstream,1986,365,True,0
60,upstream,1987,365,True,0
60,upstream,1988,366,True,0
60,upstream,1989,365,True,0
60,upstream,1990,365,True,0
60,upstream,1991,365,True,0
60,upstream,1992,366,True,0
60,upstream,1993,365,True,0
60,upstream,1994,365,True,0
60,upstream,1995,365,True,0
60,upstream,1996,366,True,0
60,upstream,1997,365,True,0
60,upstream,1998,365,True,0
60,upstream,1999,365,True,0
60,upstream,2000,366,True,0
60,upstream,2001,365,True,0
60,upstream,2002,365,True,0
60,upstream,2003,365,True,0
60,upstream,2004,366,True,0
60,upstream,2005,365,True,0
60,upstream,2006,365,True,0
60,upstream,2007,365,True,0
60,upstream,2008,366,True,0
60,upstream,2009,365,True,0
60,upstream,2010,365,True,0
60,upstream,2011,365,True,0
60,upstream,2012,366,True,0
60,upstream,2013,365,True,0
60,upstream,2014,365,True,0
60,upstream,2015,365,True,0
60,upstream,2016,366,True,0
60,upstream,2017,365,True,0
60,upstream,2018,365,True,0
60,upstream,2019,365,True,0
600,cars,1980,0,False,0
600,cars,1981,0,False,0
600,cars,1982,0,False,0
600,cars,1983,0,False,0
600,cars,1984,0,False,0
600,cars,1985,0,False,0
600,cars,1986,0,False,0
600,cars,1987,0,False,0
600,cars,1988,0,False,0
600,cars,1989,0,False,0
600,cars,1990,0,False,0
600,cars,1991,0,False,0
600,cars,1992,0,False,0
600,cars,1993,0,False,0
600,cars,1994,38,False,0
600,cars,1995,357,True,0
600,cars,1996,329,False,0
600,cars,1997,308,False,0
600,cars,1998,331,True,0
600,cars,1999,328,False,0
600,cars,2000,347,True,0
600,cars,2001,356,True,0
600,cars,2002,354,True,0
600,cars,2003,365,True,0
600,cars,2004,365,True,0
600,cars,2005,365,True,0
600,cars,2006,365,True,0
600,cars,2007,365,True,0
600,cars,2008,364,True,0
600,cars,2009,365,True,0
600,cars,2010,365,True,0
600,cars,2011,365,True,0
600,cars,2012,366,True,0
600,cars,2013,365,True,0
600,cars,2014,364,True,0
600,cars,2015,362,True,0
600,cars,2016,365,True,0
600,cars,2017,364,True,0
600,cars,2018,364,True,0
600,cars,2019,364,True,0
600,upstream,1980,0,False,0
600,upstream,1981,0,False,0
600,upstream,1982,0,False,0
600,upstream,1983,0,False,0
600,upstream,1984,0,False,0
600,upstream,1985,0,False,0
600,upstream,1986,0,False,0
600,upstream,1987,0,False,0
600,upstream,1988,0,False,0
600,upstream,1989,0,False,0
600,upstream,1990,0,False,0
600,upstream,1991,0,False,0
600,upstream,1992,0,False,0
600,upstream,1993,0,False,0
600,upstream,1994,30,False,0
600,upstream,1995,302,False,0
600,upstream,1996,263,False,0
600,upstream,1997,264,False,0
600,upstream,1998,283,False,0
600,upstream,1999,312,False,0
600,upstream,2000,321,False,0
600,upstream,2001,330,True,0
600,upstream,2002,322,False,0
600,upstream,2003,356,True,0
600,upstream,2004,356,True,0
600,upstream,2005,362,True,1
600,upstream,2006,363,True,0
600,upstream,2007,365,True,0
600,upstream,2008,360,True,0
600,upstream,2009,362,True,0
600,upstream,2010,365,True,0
600,upstream,2011,364,True,0
600,upstream,2012,366,True,0
600,upstream,2013,365,True,0
600,upstream,2014,362,True,0
600,upstream,2015,358,True,0
600,upstream,2016,364,True,0
600,upstream,2017,363,True,0
600,upstream,2018,362,True,0
600,upstream,2019,362,True,0
601,cars,1980,366,True,0
601,cars,1981,365,True,0
601,cars,1982,365,True,0
601,cars,1983,365,True,0
601,cars,1984,366,True,0
601,cars,1985,365,True,0
601,cars,1986,365,True,0
601,cars,1987,365,True,0
601,cars,1988,366,True,0
601,cars,1989,365,True,0
601,cars,1990,365,True,0
601,cars,1991,365,True,0
601,cars,1992,366,True,0
601,cars,1993,365,True,0
601,cars,1994,365,True,0
601,cars,1995,365,True,0
601,cars,1996,366,True,0
601,cars,1997,365,True,0
601,cars,1998,365,True,0
601,cars,1999,365,True,0
601,cars,2000,366,True,0
601,cars,2001,365,True,0
601,cars,2002,365,True,0
601,cars,2003,365,True,0
601,cars,2004,366,True,0
601,cars,2005,365,True,0
601,cars,2006,365,True,0
601,cars,2007,365,True,0
601,cars,2008,366,True,0
601,cars,2009,365,True,0
601,cars,2010,365,True,0
601,cars,2011,365,True,0
601,cars,2012,366,True,0
601,cars,2013,365,True,0
601,cars,2014,365,True,0
601,cars,2015,365,True,0
601,cars,2016,366,True,0
601,cars,2017,365,True,0
601,cars,2018,365,True,0
601,cars,2019,365,True,0
601,upstream,1980,366,True,0
601,upstream,1981,365,True,0
601,upstream,1982,365,True,0
601,upstream,1983,365,True,0
601,upstream,1984,366,True,0
601,upstream,1985,365,True,0
601,upstream,1986,365,True,0
601,upstream,1987,365,True,0
601,upstream,1988,366,True,0
601,upstream,1989,365,True,0
601,upstream,1990,365,True,0
601,upstream,1991,365,True,0
601,upstream,1992,366,True,0
601,upstream,1993,365,True,0
601,upstream,1994,365,True,0
601,upstream,1995,365,True,0
601,upstream,1996,366,True,0
601,upstream,1997,365,True,0
601,upstream,1998,365,True,0
601,upstream,1999,365,True,0
601,upstream,2000,366,True,0
601,upstream,2001,365,True,0
601,upstream,2002,344,True,21
601,upstream,2003,365,True,0
601,upstream,2004,366,True,0
601,upstream,2005,365,True,0
601,upstream,2006,365,True,0
601,upstream,2007,365,True,0
601,upstream,2008,366,True,0
601,upstream,2009,365,True,0
601,upstream,2010,365,True,0
601,upstream,2011,365,True,0
601,upstream,2012,366,True,0
601,upstream,2013,365,True,0
601,upstream,2014,365,True,0
601,upstream,2015,365,True,0
601,upstream,2016,366,True,0
601,upstream,2017,364,True,1
601,upstream,2018,362,True,3
601,upstream,2019,365,True,0
605,cars,1980,0,False,0
605,cars,1981,0,False,0
605,cars,1982,0,False,0
605,cars,1983,0,False,0
605,cars,1984,0,False,0
605,cars,1985,0,False,0
605,cars,1986,0,False,0
605,cars,1987,0,False,0
605,cars,1988,0,False,0
605,cars,1989,0,False,0
605,cars,1990,0,False,0
605,cars,1991,0,False,0
605,cars,1992,0,False,0
605,cars,1993,0,False,0
605,cars,1994,31,False,0
605,cars,1995,297,False,0
605,cars,1996,301,False,0
605,cars,1997,309,False,0
605,cars,1998,330,True,0
605,cars,1999,326,False,0
605,cars,2000,342,True,0
605,cars,2001,350,True,0
605,cars,2002,328,False,0
605,cars,2003,358,True,0
605,cars,2004,365,True,0
605,cars,2005,365,True,0
605,cars,2006,365,True,0
605,cars,2007,365,True,0
605,cars,2008,364,True,0
605,cars,2009,365,True,0
605,cars,2010,365,True,0
605,cars,2011,365,True,0
605,cars,2012,366,True,0
605,cars,2013,365,True,0
605,cars,2014,364,True,0
605,cars,2015,362,True,0
605,cars,2016,365,True,0
605,cars,2017,364,True,0
605,cars,2018,364,True,0
605,cars,2019,360,True,0
605,upstream,1980,0,False,0
605,upstream,1981,0,False,0
605,upstream,1982,0,False,0
605,upstream,1983,0,False,0
605,upstream,1984,0,False,0
605,upstream,1985,0,False,0
605,upstream,1986,0,False,0
605,upstream,1987,0,False,0
605,upstream,1988,0,False,0
605,upstream,1989,0,False,0
605,upstream,1990,0,False,0
605,upstream,1991,0,False,0
605,upstream,1992,0,False,0
605,upstream,1993,0,False,0
605,upstream,1994,30,False,0
605,upstream,1995,253,False,0
605,upstream,1996,247,False,0
605,upstream,1997,265,False,0
605,upstream,1998,280,False,0
605,upstream,1999,307,False,0
605,upstream,2000,313,False,0
605,upstream,2001,319,False,1
605,upstream,2002,263,False,0
605,upstream,2003,333,True,0
605,upstream,2004,355,True,2
605,upstream,2005,364,True,0
605,upstream,2006,364,True,0
605,upstream,2007,349,True,16
605,upstream,2008,355,True,5
605,upstream,2009,362,True,0
605,upstream,2010,364,True,0
605,upstream,2011,364,True,0
605,upstream,2012,366,True,0
605,upstream,2013,365,True,0
605,upstream,2014,332,True,27
605,upstream,2015,341,True,18
605,upstream,2016,360,True,4
605,upstream,2017,361,True,0
605,upstream,2018,355,True,7
605,upstream,2019,355,True,1
609,cars,1980,0,False,0
609,cars,1981,0,False,0
609,cars,1982,0,False,0
609,cars,1983,0,False,0
609,cars,1984,0,False,0
609,cars,1985,0,False,0
609,cars,1986,0,False,0
609,cars,1987,0,False,0
609,cars,1988,0,False,0
609,cars,1989,0,False,0
609,cars,1990,0,False,0
609,cars,1991,0,False,0
609,cars,1992,0,False,0
609,cars,1993,0,False,0
609,cars,1994,38,False,0
609,cars,1995,318,False,0
609,cars,1996,333,True,0
609,cars,1997,309,False,0
609,cars,1998,331,True,0
609,cars,1999,326,False,0
609,cars,2000,342,True,0
609,cars,2001,356,True,0
609,cars,2002,354,True,0
609,cars,2003,364,True,0
609,cars,2004,365,True,0
609,cars,2005,365,True,0
609,cars,2006,365,True,0
609,cars,2007,365,True,0
609,cars,2008,364,True,0
609,cars,2009,365,True,0
609,cars,2010,365,True,0
609,cars,2011,365,True,0
609,cars,2012,366,True,0
609,cars,2013,355,True,0
609,cars,2014,349,True,0
609,cars,2015,361,True,0
609,cars,2016,365,True,0
609,cars,2017,364,True,0
609,cars,2018,364,True,0
609,cars,2019,364,True,0
609,upstream,1980,0,False,0
609,upstream,1981,0,False,0
609,upstream,1982,0,False,0
609,upstream,1983,0,False,0
609,upstream,1984,0,False,0
609,upstream,1985,0,False,0
609,upstream,1986,0,False,0
609,upstream,1987,0,False,0
609,upstream,1988,0,False,0
609,upstream,1989,0,False,0
609,upstream,1990,0,False,0
609,upstream,1991,0,False,0
609,upstream,1992,0,False,0
609,upstream,1993,0,False,0
609,upstream,1994,27,False,0
609,upstream,1995,253,False,0
609,upstream,1996,223,False,0
609,upstream,1997,265,False,0
609,upstream,1998,279,False,0
609,upstream,1999,309,False,0
609,upstream,2000,318,False,0
609,upstream,2001,309,False,9
609,upstream,2002,278,False,20
609,upstream,2003,344,True,6
609,upstream,2004,334,True,23
609,upstream,2005,362,True,1
609,upstream,2006,364,True,0
609,upstream,2007,354,True,11
609,upstream,2008,335,True,23
609,upstream,2009,341,True,22
609,upstream,2010,356,True,9
609,upstream,2011,364,True,0
609,upstream,2012,365,True,0
609,upstream,2013,325,False,40
609,upstream,2014,303,False,59
609,upstream,2015,290,False,69
609,upstream,2016,358,True,6
609,upstream,2017,363,True,0
609,upstream,2018,356,True,6
609,upstream,2019,362,True,0
612,cars,1980,0,False,0
612,cars,1981,0,False,0
612,cars,1982,0,False,0
612,cars,1983,0,False,0
612,cars,1984,0,False,0
612,cars,1985,0,False,0
612,cars,1986,0,False,0
612,cars,1987,0,False,0
612,cars,1988,0,False,0
612,cars,1989,0,False,0
612,cars,1990,0,False,0
612,cars,1991,0,False,0
612,cars,1992,0,False,0
612,cars,1993,0,False,0
612,cars,1994,38,False,0
612,cars,1995,320,False,0
612,cars,1996,323,False,0
612,cars,1997,309,False,0
612,cars,1998,331,True,0
612,cars,1999,330,True,0
612,cars,2000,347,True,0
612,cars,2001,360,True,0
612,cars,2002,354,True,0
612,cars,2003,360,True,0
612,cars,2004,365,True,0
612,cars,2005,365,True,0
612,cars,2006,365,True,0
612,cars,2007,365,True,0
612,cars,2008,360,True,0
612,cars,2009,365,True,0
612,cars,2010,365,True,0
612,cars,2011,365,True,0
612,cars,2012,366,True,0
612,cars,2013,365,True,0
612,cars,2014,364,True,0
612,cars,2015,362,True,0
612,cars,2016,365,True,0
612,cars,2017,361,True,0
612,cars,2018,364,True,0
612,cars,2019,364,True,0
612,upstream,1980,0,False,0
612,upstream,1981,0,False,0
612,upstream,1982,0,False,0
612,upstream,1983,0,False,0
612,upstream,1984,0,False,0
612,upstream,1985,0,False,0
612,upstream,1986,0,False,0
612,upstream,1987,0,False,0
612,upstream,1988,0,False,0
612,upstream,1989,0,False,0
612,upstream,1990,0,False,0
612,upstream,1991,0,False,0
612,upstream,1992,0,False,0
612,upstream,1993,0,False,0
612,upstream,1994,30,False,0
612,upstream,1995,256,False,0
612,upstream,1996,213,False,0
612,upstream,1997,265,False,0
612,upstream,1998,279,False,0
612,upstream,1999,312,False,0
612,upstream,2000,318,False,0
612,upstream,2001,330,True,0
612,upstream,2002,298,False,0
612,upstream,2003,344,True,0
612,upstream,2004,356,True,0
612,upstream,2005,363,True,0
612,upstream,2006,364,True,0
612,upstream,2007,365,True,0
612,upstream,2008,355,True,0
612,upstream,2009,363,True,0
612,upstream,2010,365,True,0
612,upstream,2011,364,True,0
612,upstream,2012,366,True,0
612,upstream,2013,359,True,0
612,upstream,2014,362,True,0
612,upstream,2015,359,True,0
612,upstream,2016,363,True,0
612,upstream,2017,355,True,0
612,upstream,2018,362,True,0
612,upstream,2019,362,True,0
620,cars,1980,0,False,0
620,cars,1981,0,False,0
620,cars,1982,0,False,0
620,cars,1983,0,False,0
620,cars,1984,0,False,0
620,cars,1985,0,False,0
620,cars,1986,0,False,0
620,cars,1987,0,False,0
620,cars,1988,0,False,0
620,cars,1989,0,False,0
620,cars,1990,0,False,0
620,cars,1991,0,False,0
620,cars,1992,0,False,0
620,cars,1993,0,False,0
620,cars,1994,0,False,0
620,cars,1995,0,False,0
620,cars,1996,0,False,0
620,cars,1997,0,False,0
620,cars,1998,0,False,0
620,cars,1999,0,False,0
620,cars,2000,0,False,0
620,cars,2001,0,False,0
620,cars,2002,0,False,0
620,cars,2003,0,False,0
620,cars,2004,0,False,0
620,cars,2005,263,False,0
620,cars,2006,362,True,0
620,cars,2007,365,True,0
620,cars,2008,366,True,0
620,cars,2009,365,True,0
620,cars,2010,364,True,0
620,cars,2011,362,True,0
620,cars,2012,366,True,0
620,cars,2013,357,True,0
620,cars,2014,365,True,0
620,cars,2015,365,True,0
620,cars,2016,365,True,0
620,cars,2017,364,True,0
620,cars,2018,355,True,0
620,cars,2019,361,True,0
620,upstream,1980,0,False,0
620,upstream,1981,0,False,0
620,upstream,1982,0,False,0
620,upstream,1983,0,False,0
620,upstream,1984,0,False,0
620,upstream,1985,0,False,0
620,upstream,1986,0,False,0
620,upstream,1987,0,False,0
620,upstream,1988,0,False,0
620,upstream,1989,0,False,0
620,upstream,1990,0,False,0
620,upstream,1991,0,False,0
620,upstream,1992,0,False,0
620,upstream,1993,0,False,0
620,upstream,1994,0,False,0
620,upstream,1995,0,False,0
620,upstream,1996,0,False,0
620,upstream,1997,0,False,0
620,upstream,1998,0,False,0
620,upstream,1999,0,False,0
620,upstream,2000,0,False,0
620,upstream,2001,0,False,0
620,upstream,2002,0,False,0
620,upstream,2003,0,False,0
620,upstream,2004,0,False,0
620,upstream,2005,236,False,13
620,upstream,2006,279,False,74
620,upstream,2007,254,False,109
620,upstream,2008,293,False,69
620,upstream,2009,282,False,81
620,upstream,2010,285,False,73
620,upstream,2011,306,False,53
620,upstream,2012,248,False,115
620,upstream,2013,230,False,124
620,upstream,2014,281,False,84
620,upstream,2015,290,False,73
620,upstream,2016,318,False,40
620,upstream,2017,335,True,22
620,upstream,2018,246,False,115
620,upstream,2019,283,False,77
63,cars,1980,366,True,0
63,cars,1981,365,True,0
63,cars,1982,365,True,0
63,cars,1983,365,True,0
63,cars,1984,366,True,0
63,cars,1985,365,True,0
63,cars,1986,365,True,0
63,cars,1987,365,True,0
63,cars,1988,366,True,0
63,cars,1989,365,True,0
63,cars,1990,365,True,0
63,cars,1991,365,True,0
63,cars,1992,366,True,0
63,cars,1993,365,True,0
63,cars,1994,365,True,0
63,cars,1995,365,True,0
63,cars,1996,366,True,0
63,cars,1997,365,True,0
63,cars,1998,365,True,0
63,cars,1999,365,True,0
63,cars,2000,366,True,0
63,cars,2001,365,True,0
63,cars,2002,365,True,0
63,cars,2003,365,True,0
63,cars,2004,366,True,0
63,cars,2005,365,True,0
63,cars,2006,365,True,0
63,cars,2007,365,True,0
63,cars,2008,366,True,0
63,cars,2009,365,True,0
63,cars,2010,365,True,0
63,cars,2011,365,True,0
63,cars,2012,366,True,0
63,cars,2013,365,True,0
63,cars,2014,365,True,0
63,cars,2015,365,True,0
63,cars,2016,366,True,0
63,cars,2017,365,True,0
63,cars,2018,365,True,0
63,cars,2019,365,True,0
63,upstream,1980,366,True,0
63,upstream,1981,365,True,0
63,upstream,1982,365,True,0
63,upstream,1983,365,True,0
63,upstream,1984,366,True,0
63,upstream,1985,365,True,0
63,upstream,1986,365,True,0
63,upstream,1987,365,True,0
63,upstream,1988,366,True,0
63,upstream,1989,365,True,0
63,upstream,1990,365,True,0
63,upstream,1991,365,True,0
63,upstream,1992,366,True,0
63,upstream,1993,365,True,0
63,upstream,1994,365,True,0
63,upstream,1995,365,True,0
63,upstream,1996,366,True,0
63,upstream,1997,365,True,0
63,upstream,1998,365,True,0
63,upstream,1999,365,True,0
63,upstream,2000,366,True,0
63,upstream,2001,365,True,0
63,upstream,2002,365,True,0
63,upstream,2003,365,True,0
63,upstream,2004,366,True,0
63,upstream,2005,365,True,0
63,upstream,2006,365,True,0
63,upstream,2007,365,True,0
63,upstream,2008,366,True,0
63,upstream,2009,365,True,0
63,upstream,2010,365,True,0
63,upstream,2011,365,True,0
63,upstream,2012,366,True,0
63,upstream,2013,365,True,0
63,upstream,2014,365,True,0
63,upstream,2015,364,True,0
63,upstream,2016,366,True,0
63,upstream,2017,365,True,0
63,upstream,2018,365,True,0
63,upstream,2019,365,True,0
657,cars,1980,0,False,0
657,cars,1981,0,False,0
657,cars,1982,0,False,0
657,cars,1983,0,False,0
657,cars,1984,0,False,0
657,cars,1985,0,False,0
657,cars,1986,0,False,0
657,cars,1987,0,False,0
657,cars,1988,0,False,0
657,cars,1989,0,False,0
657,cars,1990,0,False,0
657,cars,1991,0,False,0
657,cars,1992,0,False,0
657,cars,1993,0,False,0
657,cars,1994,0,False,0
657,cars,1995,0,False,0
657,cars,1996,0,False,0
657,cars,1997,0,False,0
657,cars,1998,0,False,0
657,cars,1999,0,False,0
657,cars,2000,0,False,0
657,cars,2001,0,False,0
657,cars,2002,273,False,0
657,cars,2003,364,True,0
657,cars,2004,342,True,0
657,cars,2005,160,False,0
657,cars,2006,339,True,0
657,cars,2007,365,True,0
657,cars,2008,366,True,0
657,cars,2009,365,True,0
657,cars,2010,365,True,0
657,cars,2011,365,True,0
657,cars,2012,366,True,0
657,cars,2013,363,True,0
657,cars,2014,365,True,0
657,cars,2015,365,True,0
657,cars,2016,366,True,0
657,cars,2017,365,True,0
657,cars,2018,365,True,0
657,cars,2019,365,True,0
657,upstream,1980,0,False,0
657,upstream,1981,0,False,0
657,upstream,1982,0,False,0
657,upstream,1983,0,False,0
657,upstream,1984,0,False,0
657,upstream,1985,0,False,0
657,upstream,1986,0,False,0
657,upstream,1987,0,False,0
657,upstream,1988,0,False,0
657,upstream,1989,0,False,0
657,upstream,1990,0,False,0
657,upstream,1991,0,False,0
657,upstream,1992,0,False,0
657,upstream,1993,0,False,0
657,upstream,1994,0,False,0
657,upstream,1995,0,False,0
657,upstream,1996,0,False,0
657,upstream,1997,0,False,0
657,upstream,1998,0,False,0
657,upstream,1999,0,False,0
657,upstream,2000,0,False,0
657,upstream,2001,0,False,0
657,upstream,2002,240,False,33
657,upstream,2003,228,False,2
657,upstream,2004,151,False,7
657,upstream,2005,56,False,0
657,upstream,2006,307,False,0
657,upstream,2007,360,True,5
657,upstream,2008,365,True,1
657,upstream,2009,360,True,4
657,upstream,2010,354,True,11
657,upstream,2011,339,True,26
657,upstream,2012,327,False,39
657,upstream,2013,325,False,40
657,upstream,2014,344,True,21
657,upstream,2015,350,True,15
657,upstream,2016,364,True,2
657,upstream,2017,360,True,5
657,upstream,2018,355,True,10
657,upstream,2019,357,True,8
664,cars,1980,0,False,0
664,cars,1981,0,False,0
664,cars,1982,0,False,0
664,cars,1983,0,False,0
664,cars,1984,0,False,0
664,cars,1985,0,False,0
664,cars,1986,0,False,0
664,cars,1987,0,False,0
664,cars,1988,0,False,0
664,cars,1989,0,False,0
664,cars,1990,0,False,0
664,cars,1991,0,False,0
664,cars,1992,0,False,0
664,cars,1993,0,False,0
664,cars,1994,0,False,0
664,cars,1995,0,False,0
664,cars,1996,0,False,0
664,cars,1997,0,False,0
664,cars,1998,0,False,0
664,cars,1999,0,False,0
664,cars,2000,0,False,0
664,cars,2001,0,False,0
664,cars,2002,273,False,0
664,cars,2003,283,False,0
664,cars,2004,223,False,0
664,cars,2005,90,False,0
664,cars,2006,212,False,0
664,cars,2007,365,True,0
664,cars,2008,366,True,0
664,cars,2009,365,True,0
664,cars,2010,364,True,0
664,cars,2011,365,True,0
664,cars,2012,366,True,0
664,cars,2013,365,True,0
664,cars,2014,365,True,0
664,cars,2015,320,False,0
664,cars,2016,274,False,0
664,cars,2017,365,True,0
664,cars,2018,365,True,0
664,cars,2019,365,True,0
664,upstream,1980,0,False,0
664,upstream,1981,0,False,0
664,upstream,1982,0,False,0
664,upstream,1983,0,False,0
664,upstream,1984,0,False,0
664,upstream,1985,0,False,0
664,upstream,1986,0,False,0
664,upstream,1987,0,False,0
664,upstream,1988,0,False,0
664,upstream,1989,0,False,0
664,upstream,1990,0,False,0
664,upstream,1991,0,False,0
664,upstream,1992,0,False,0
664,upstream,1993,0,False,0
664,upstream,1994,0,False,0
664,upstream,1995,0,False,0
664,upstream,1996,0,False,0
664,upstream,1997,0,False,0
664,upstream,1998,0,False,0
664,upstream,1999,0,False,0
664,upstream,2000,0,False,0
664,upstream,2001,0,False,0
664,upstream,2002,273,False,0
664,upstream,2003,227,False,3
664,upstream,2004,158,False,0
664,upstream,2005,54,False,2
664,upstream,2006,155,False,0
664,upstream,2007,358,True,7
664,upstream,2008,364,True,2
664,upstream,2009,349,True,3
664,upstream,2010,331,True,6
664,upstream,2011,358,True,5
664,upstream,2012,345,True,19
664,upstream,2013,343,True,22
664,upstream,2014,314,False,51
664,upstream,2015,265,False,47
664,upstream,2016,267,False,7
664,upstream,2017,352,True,13
664,upstream,2018,353,True,12
664,upstream,2019,335,True,29
7308,cars,1980,0,False,0
7308,cars,1981,0,False,0
7308,cars,1982,0,False,0
7308,cars,1983,0,False,0
7308,cars,1984,0,False,0
7308,cars,1985,304,False,0
7308,cars,1986,365,True,0
7308,cars,1987,365,True,0
7308,cars,1988,366,True,0
7308,cars,1989,365,True,0
7308,cars,1990,365,True,0
7308,cars,1991,365,True,0
7308,cars,1992,366,True,0
7308,cars,1993,365,True,0
7308,cars,1994,365,True,0
7308,cars,1995,365,True,0
7308,cars,1996,366,True,0
7308,cars,1997,365,True,0
7308,cars,1998,365,True,0
7308,cars,1999,365,True,0
7308,cars,2000,366,True,0
7308,cars,2001,365,True,0
7308,cars,2002,365,True,0
7308,cars,2003,365,True,0
7308,cars,2004,366,True,0
7308,cars,2005,365,True,0
7308,cars,2006,365,True,0
7308,cars,2007,365,True,0
7308,cars,2008,366,True,0
7308,cars,2009,365,True,0
7308,cars,2010,365,True,0
7308,cars,2011,365,True,0
7308,cars,2012,366,True,0
7308,cars,2013,365,True,0
7308,cars,2014,365,True,0
7308,cars,2015,365,True,0
7308,cars,2016,366,True,0
7308,cars,2017,365,True,0
7308,cars,2018,365,True,0
7308,cars,2019,365,True,0
7308,upstream,1980,0,False,0
7308,upstream,1981,0,False,0
7308,upstream,1982,0,False,0
7308,upstream,1983,0,False,0
7308,upstream,1984,0,False,0
7308,upstream,1985,291,False,13
7308,upstream,1986,354,True,11
7308,upstream,1987,359,True,6
7308,upstream,1988,347,True,19
7308,upstream,1989,352,True,13
7308,upstream,1990,355,True,10
7308,upstream,1991,359,True,6
7308,upstream,1992,356,True,10
7308,upstream,1993,351,True,14
7308,upstream,1994,359,True,6
7308,upstream,1995,353,True,12
7308,upstream,1996,351,True,15
7308,upstream,1997,356,True,9
7308,upstream,1998,358,True,7
7308,upstream,1999,348,True,17
7308,upstream,2000,338,True,28
7308,upstream,2001,336,True,29
7308,upstream,2002,340,True,25
7308,upstream,2003,359,True,6
7308,upstream,2004,364,True,2
7308,upstream,2005,360,True,5
7308,upstream,2006,363,True,2
7308,upstream,2007,362,True,3
7308,upstream,2008,361,True,5
7308,upstream,2009,362,True,3
7308,upstream,2010,362,True,3
7308,upstream,2011,362,True,3
7308,upstream,2012,360,True,6
7308,upstream,2013,363,True,2
7308,upstream,2014,364,True,1
7308,upstream,2015,362,True,3
7308,upstream,2016,358,True,8
7308,upstream,2017,356,True,9
7308,upstream,2018,351,True,14
7308,upstream,2019,360,True,5
7311,cars,1980,366,True,0
7311,cars,1981,365,True,0
7311,cars,1982,365,True,0
7311,cars,1983,365,True,0
7311,cars,1984,366,True,0
7311,cars,1985,365,True,0
7311,cars,1986,365,True,0
7311,cars,1987,365,True,0
7311,cars,1988,366,True,0
7311,cars,1989,365,True,0
7311,cars,1990,365,True,0
7311,cars,1991,365,True,0
7311,cars,1992,366,True,0
7311,cars,1993,365,True,0
7311,cars,1994,365,True,0
7311,cars,1995,365,True,0
7311,cars,1996,366,True,0
7311,cars,1997,365,True,0
7311,cars,1998,365,True,0
7311,cars,1999,365,True,0
7311,cars,2000,366,True,0
7311,cars,2001,365,True,0
7311,cars,2002,365,True,0
7311,cars,2003,365,True,0
7311,cars,2004,366,True,0
7311,cars,2005,365,True,0
7311,cars,2006,365,True,0
7311,cars,2007,365,True,0
7311,cars,2008,366,True,0
7311,cars,2009,365,True,0
7311,cars,2010,365,True,0
7311,cars,2011,365,True,0
7311,cars,2012,366,True,0
7311,cars,2013,365,True,0
7311,cars,2014,365,True,0
7311,cars,2015,365,True,0
7311,cars,2016,0,False,0
7311,cars,2017,0,False,0
7311,cars,2018,0,False,0
7311,cars,2019,0,False,0
7311,upstream,1980,366,True,0
7311,upstream,1981,365,True,0
7311,upstream,1982,365,True,0
7311,upstream,1983,365,True,0
7311,upstream,1984,366,True,0
7311,upstream,1985,365,True,0
7311,upstream,1986,365,True,0
7311,upstream,1987,365,True,0
7311,upstream,1988,366,True,0
7311,upstream,1989,365,True,0
7311,upstream,1990,365,True,0
7311,upstream,1991,365,True,0
7311,upstream,1992,366,True,0
7311,upstream,1993,365,True,0
7311,upstream,1994,365,True,0
7311,upstream,1995,365,True,0
7311,upstream,1996,366,True,0
7311,upstream,1997,365,True,0
7311,upstream,1998,365,True,0
7311,upstream,1999,365,True,0
7311,upstream,2000,366,True,0
7311,upstream,2001,365,True,0
7311,upstream,2002,365,True,0
7311,upstream,2003,365,True,0
7311,upstream,2004,366,True,0
7311,upstream,2005,365,True,0
7311,upstream,2006,365,True,0
7311,upstream,2007,365,True,0
7311,upstream,2008,366,True,0
7311,upstream,2009,365,True,0
7311,upstream,2010,365,True,0
7311,upstream,2011,365,True,0
7311,upstream,2012,366,True,0
7311,upstream,2013,365,True,0
7311,upstream,2014,365,True,0
7311,upstream,2015,365,True,0
7311,upstream,2016,0,False,0
7311,upstream,2017,0,False,0
7311,upstream,2018,0,False,0
7311,upstream,2019,0,False,0
7313,cars,1980,366,True,0
7313,cars,1981,365,True,0
7313,cars,1982,365,True,0
7313,cars,1983,365,True,0
7313,cars,1984,366,True,0
7313,cars,1985,365,True,0
7313,cars,1986,365,True,0
7313,cars,1987,365,True,0
7313,cars,1988,366,True,0
7313,cars,1989,365,True,0
7313,cars,1990,365,True,0
7313,cars,1991,365,True,0
7313,cars,1992,366,True,0
7313,cars,1993,365,True,0
7313,cars,1994,365,True,0
7313,cars,1995,365,True,0
7313,cars,1996,366,True,0
7313,cars,1997,365,True,0
7313,cars,1998,365,True,0
7313,cars,1999,365,True,0
7313,cars,2000,366,True,0
7313,cars,2001,365,True,0
7313,cars,2002,365,True,0
7313,cars,2003,365,True,0
7313,cars,2004,366,True,0
7313,cars,2005,365,True,0
7313,cars,2006,365,True,0
7313,cars,2007,365,True,0
7313,cars,2008,366,True,0
7313,cars,2009,365,True,0
7313,cars,2010,365,True,0
7313,cars,2011,365,True,0
7313,cars,2012,366,True,0
7313,cars,2013,365,True,0
7313,cars,2014,365,True,0
7313,cars,2015,365,True,0
7313,cars,2016,366,True,0
7313,cars,2017,365,True,0
7313,cars,2018,365,True,0
7313,cars,2019,92,False,0
7313,upstream,1980,366,True,0
7313,upstream,1981,365,True,0
7313,upstream,1982,365,True,0
7313,upstream,1983,365,True,0
7313,upstream,1984,366,True,0
7313,upstream,1985,365,True,0
7313,upstream,1986,365,True,0
7313,upstream,1987,365,True,0
7313,upstream,1988,366,True,0
7313,upstream,1989,365,True,0
7313,upstream,1990,365,True,0
7313,upstream,1991,365,True,0
7313,upstream,1992,366,True,0
7313,upstream,1993,365,True,0
7313,upstream,1994,365,True,0
7313,upstream,1995,365,True,0
7313,upstream,1996,366,True,0
7313,upstream,1997,365,True,0
7313,upstream,1998,365,True,0
7313,upstream,1999,365,True,0
7313,upstream,2000,366,True,0
7313,upstream,2001,365,True,0
7313,upstream,2002,365,True,0
7313,upstream,2003,365,True,0
7313,upstream,2004,366,True,0
7313,upstream,2005,365,True,0
7313,upstream,2006,365,True,0
7313,upstream,2007,365,True,0
7313,upstream,2008,366,True,0
7313,upstream,2009,365,True,0
7313,upstream,2010,365,True,0
7313,upstream,2011,365,True,0
7313,upstream,2012,366,True,0
7313,upstream,2013,365,True,0
7313,upstream,2014,365,True,0
7313,upstream,2015,365,True,0
7313,upstream,2016,366,True,0
7313,upstream,2017,365,True,0
7313,upstream,2018,365,True,0
7313,upstream,2019,92,False,0
7318,cars,1980,366,True,0
7318,cars,1981,365,True,0
7318,cars,1982,363,True,0
7318,cars,1983,365,True,0
7318,cars,1984,366,True,0
7318,cars,1985,365,True,0
7318,cars,1986,365,True,0
7318,cars,1987,365,True,0
7318,cars,1988,366,True,0
7318,cars,1989,365,True,0
7318,cars,1990,365,True,0
7318,cars,1991,365,True,0
7318,cars,1992,366,True,0
7318,cars,1993,365,True,0
7318,cars,1994,365,True,0
7318,cars,1995,365,True,0
7318,cars,1996,366,True,0
7318,cars,1997,365,True,0
7318,cars,1998,365,True,0
7318,cars,1999,365,True,0
7318,cars,2000,366,True,0
7318,cars,2001,365,True,0
7318,cars,2002,365,True,0
7318,cars,2003,365,True,0
7318,cars,2004,366,True,0
7318,cars,2005,365,True,0
7318,cars,2006,365,True,0
7318,cars,2007,365,True,0
7318,cars,2008,344,True,0
7318,cars,2009,365,True,0
7318,cars,2010,365,True,0
7318,cars,2011,365,True,0
7318,cars,2012,366,True,0
7318,cars,2013,365,True,0
7318,cars,2014,365,True,0
7318,cars,2015,365,True,0
7318,cars,2016,366,True,0
7318,cars,2017,365,True,0
7318,cars,2018,365,True,0
7318,cars,2019,365,True,0
7318,upstream,1980,366,True,0
7318,upstream,1981,364,True,1
7318,upstream,1982,362,True,0
7318,upstream,1983,363,True,0
7318,upstream,1984,366,True,0
7318,upstream,1985,365,True,0
7318,upstream,1986,365,True,0
7318,upstream,1987,365,True,0
7318,upstream,1988,366,True,0
7318,upstream,1989,365,True,0
7318,upstream,1990,365,True,0
7318,upstream,1991,365,True,0
7318,upstream,1992,366,True,0
7318,upstream,1993,364,True,1
7318,upstream,1994,365,True,0
7318,upstream,1995,365,True,0
7318,upstream,1996,366,True,0
7318,upstream,1997,365,True,0
7318,upstream,1998,365,True,0
7318,upstream,1999,365,True,0
7318,upstream,2000,366,True,0
7318,upstream,2001,365,True,0
7318,upstream,2002,365,True,0
7318,upstream,2003,365,True,0
7318,upstream,2004,366,True,0
7318,upstream,2005,365,True,0
7318,upstream,2006,365,True,0
7318,upstream,2007,365,True,0
7318,upstream,2008,343,True,0
7318,upstream,2009,365,True,0
7318,upstream,2010,365,True,0
7318,upstream,2011,365,True,0
7318,upstream,2012,366,True,0
7318,upstream,2013,365,True,0
7318,upstream,2014,365,True,0
7318,upstream,2015,365,True,0
7318,upstream,2016,366,True,0
7318,upstream,2017,365,True,0
7318,upstream,2018,365,True,0
7318,upstream,2019,364,True,0
753,cars,1980,366,True,0
753,cars,1981,365,True,0
753,cars,1982,365,True,0
753,cars,1983,365,True,0
753,cars,1984,366,True,0
753,cars,1985,365,True,0
753,cars,1986,365,True,0
753,cars,1987,365,True,0
753,cars,1988,366,True,0
753,cars,1989,365,True,0
753,cars,1990,365,True,0
753,cars,1991,365,True,0
753,cars,1992,366,True,0
753,cars,1993,365,True,0
753,cars,1994,365,True,0
753,cars,1995,365,True,0
753,cars,1996,366,True,0
753,cars,1997,365,True,0
753,cars,1998,365,True,0
753,cars,1999,365,True,0
753,cars,2000,366,True,0
753,cars,2001,365,True,0
753,cars,2002,365,True,0
753,cars,2003,365,True,0
753,cars,2004,366,True,0
753,cars,2005,365,True,0
753,cars,2006,365,True,0
753,cars,2007,365,True,0
753,cars,2008,366,True,0
753,cars,2009,365,True,0
753,cars,2010,365,True,0
753,cars,2011,365,True,0
753,cars,2012,366,True,0
753,cars,2013,365,True,0
753,cars,2014,365,True,0
753,cars,2015,365,True,0
753,cars,2016,366,True,0
753,cars,2017,365,True,0
753,cars,2018,365,True,0
753,cars,2019,365,True,0
753,upstream,1980,366,True,0
753,upstream,1981,365,True,0
753,upstream,1982,365,True,0
753,upstream,1983,365,True,0
753,upstream,1984,366,True,0
753,upstream,1985,365,True,0
753,upstream,1986,365,True,0
753,upstream,1987,365,True,0
753,upstream,1988,366,True,0
753,upstream,1989,365,True,0
753,upstream,1990,365,True,0
753,upstream,1991,365,True,0
753,upstream,1992,366,True,0
753,upstream,1993,365,True,0
753,upstream,1994,365,True,0
753,upstream,1995,365,True,0
753,upstream,1996,366,True,0
753,upstream,1997,365,True,0
753,upstream,1998,365,True,0
753,upstream,1999,365,True,0
753,upstream,2000,366,True,0
753,upstream,2001,365,True,0
753,upstream,2002,365,True,0
753,upstream,2003,365,True,0
753,upstream,2004,366,True,0
753,upstream,2005,365,True,0
753,upstream,2006,365,True,0
753,upstream,2007,365,True,0
753,upstream,2008,366,True,0
753,upstream,2009,364,True,0
753,upstream,2010,365,True,0
753,upstream,2011,365,True,0
753,upstream,2012,366,True,0
753,upstream,2013,365,True,0
753,upstream,2014,365,True,0
753,upstream,2015,365,True,0
753,upstream,2016,366,True,0
753,upstream,2017,365,True,0
753,upstream,2018,365,True,0
753,upstream,2019,365,True,0
758,cars,1980,366,True,0
758,cars,1981,365,True,0
758,cars,1982,365,True,0
758,cars,1983,365,True,0
758,cars,1984,366,True,0
758,cars,1985,365,True,0
758,cars,1986,365,True,0
758,cars,1987,365,True,0
758,cars,1988,366,True,0
758,cars,1989,365,True,0
758,cars,1990,365,True,0
758,cars,1991,365,True,0
758,cars,1992,366,True,0
758,cars,1993,365,True,0
758,cars,1994,365,True,0
758,cars,1995,365,True,0
758,cars,1996,366,True,0
758,cars,1997,365,True,0
758,cars,1998,365,True,0
758,cars,1999,365,True,0
758,cars,2000,366,True,0
758,cars,2001,318,False,0
758,cars,2002,0,False,0
758,cars,2003,0,False,0
758,cars,2004,0,False,0
758,cars,2005,0,False,0
758,cars,2006,0,False,0
758,cars,2007,0,False,0
758,cars,2008,0,False,0
758,cars,2009,0,False,0
758,cars,2010,0,False,0
758,cars,2011,0,False,0
758,cars,2012,0,False,0
758,cars,2013,0,False,0
758,cars,2014,0,False,0
758,cars,2015,0,False,0
758,cars,2016,0,False,0
758,cars,2017,0,False,0
758,cars,2018,0,False,0
758,cars,2019,0,False,0
758,upstream,1980,366,True,0
758,upstream,1981,365,True,0
758,upstream,1982,365,True,0
758,upstream,1983,365,True,0
758,upstream,1984,366,True,0
758,upstream,1985,365,True,0
758,upstream,1986,365,True,0
758,upstream,1987,365,True,0
758,upstream,1988,366,True,0
758,upstream,1989,365,True,0
758,upstream,1990,365,True,0
758,upstream,1991,365,True,0
758,upstream,1992,366,True,0
758,upstream,1993,365,True,0
758,upstream,1994,365,True,0
758,upstream,1995,365,True,0
758,upstream,1996,366,True,0
758,upstream,1997,365,True,0
758,upstream,1998,365,True,0
758,upstream,1999,365,True,0
758,upstream,2000,366,True,0
758,upstream,2001,310,False,0
758,upstream,2002,0,False,0
758,upstream,2003,0,False,0
758,upstream,2004,0,False,0
758,upstream,2005,0,False,0
758,upstream,2006,0,False,0
758,upstream,2007,0,False,0
758,upstream,2008,0,False,0
758,upstream,2009,0,False,0
758,upstream,2010,0,False,0
758,upstream,2011,0,False,0
758,upstream,2012,0,False,0
758,upstream,2013,0,False,0
758,upstream,2014,0,False,0
758,upstream,2015,0,False,0
758,upstream,2016,0,False,0
758,upstream,2017,0,False,0
758,upstream,2018,0,False,0
758,upstream,2019,0,False,0
768,cars,1980,366,True,0
768,cars,1981,365,True,0
768,cars,1982,365,True,0
768,cars,1983,365,True,0
768,cars,1984,366,True,0
768,cars,1985,365,True,0
768,cars,1986,365,True,0
768,cars,1987,365,True,0
768,cars,1988,366,True,0
768,cars,1989,365,True,0
768,cars,1990,365,True,0
768,cars,1991,365,True,0
768,cars,1992,366,True,0
768,cars,1993,365,True,0
768,cars,1994,365,True,0
768,cars,1995,365,True,0
768,cars,1996,366,True,0
768,cars,1997,365,True,0
768,cars,1998,365,True,0
768,cars,1999,365,True,0
768,cars,2000,366,True,0
768,cars,2001,365,True,0
768,cars,2002,365,True,0
768,cars,2003,365,True,0
768,cars,2004,366,True,0
768,cars,2005,365,True,0
768,cars,2006,365,True,0
768,cars,2007,365,True,0
768,cars,2008,366,True,0
768,cars,2009,348,True,0
768,cars,2010,365,True,0
768,cars,2011,365,True,0
768,cars,2012,366,True,0
768,cars,2013,365,True,0
768,cars,2014,365,True,0
768,cars,2015,365,True,0
768,cars,2016,95,False,0
768,cars,2017,0,False,0
768,cars,2018,0,False,0
768,cars,2019,0,False,0
768,upstream,1980,366,True,0
768,upstream,1981,365,True,0
768,upstream,1982,365,True,0
768,upstream,1983,365,True,0
768,upstream,1984,366,True,0
768,upstream,1985,365,True,0
768,upstream,1986,365,True,0
768,upstream,1987,365,True,0
768,upstream,1988,366,True,0
768,upstream,1989,365,True,0
768,upstream,1990,365,True,0
768,upstream,1991,365,True,0
768,upstream,1992,366,True,0
768,upstream,1993,365,True,0
768,upstream,1994,365,True,0
768,upstream,1995,365,True,0
768,upstream,1996,366,True,0
768,upstream,1997,365,True,0
768,upstream,1998,365,True,0
768,upstream,1999,365,True,0
768,upstream,2000,366,True,0
768,upstream,2001,365,True,0
768,upstream,2002,365,True,0
768,upstream,2003,365,True,0
768,upstream,2004,366,True,0
768,upstream,2005,365,True,0
768,upstream,2006,365,True,0
768,upstream,2007,365,True,0
768,upstream,2008,366,True,0
768,upstream,2009,347,True,0
768,upstream,2010,365,True,0
768,upstream,2011,365,True,0
768,upstream,2012,366,True,0
768,upstream,2013,365,True,0
768,upstream,2014,365,True,0
768,upstream,2015,365,True,0
768,upstream,2016,87,False,0
768,upstream,2017,0,False,0
768,upstream,2018,0,False,0
768,upstream,2019,0,False,0
777,cars,1980,339,True,0
777,cars,1981,365,True,0
777,cars,1982,359,True,0
777,cars,1983,365,True,0
777,cars,1984,366,True,0
777,cars,1985,233,False,0
777,cars,1986,0,False,0
777,cars,1987,214,False,0
777,cars,1988,338,True,0
777,cars,1989,353,True,0
777,cars,1990,113,False,0
777,cars,1991,0,False,0
777,cars,1992,0,False,0
777,cars,1993,0,False,0
777,cars,1994,0,False,0
777,cars,1995,0,False,0
777,cars,1996,0,False,0
777,cars,1997,0,False,0
777,cars,1998,0,False,0
777,cars,1999,0,False,0
777,cars,2000,366,True,0
777,cars,2001,329,True,0
777,cars,2002,365,True,0
777,cars,2003,353,True,0
777,cars,2004,366,True,0
777,cars,2005,359,True,0
777,cars,2006,365,True,0
777,cars,2007,363,True,0
777,cars,2008,366,True,0
777,cars,2009,365,True,0
777,cars,2010,295,False,0
777,cars,2011,365,True,0
777,cars,2012,366,True,0
777,cars,2013,350,True,0
777,cars,2014,365,True,0
777,cars,2015,361,True,0
777,cars,2016,366,True,0
777,cars,2017,365,True,0
777,cars,2018,365,True,0
777,cars,2019,93,False,0
777,upstream,1980,259,False,80
777,upstream,1981,297,False,68
777,upstream,1982,217,False,137
777,upstream,1983,276,False,89
777,upstream,1984,290,False,76
777,upstream,1985,173,False,52
777,upstream,1986,0,False,0
777,upstream,1987,154,False,60
777,upstream,1988,245,False,81
777,upstream,1989,280,False,63
777,upstream,1990,87,False,21
777,upstream,1991,0,False,0
777,upstream,1992,0,False,0
777,upstream,1993,0,False,0
777,upstream,1994,0,False,0
777,upstream,1995,0,False,0
777,upstream,1996,0,False,0
777,upstream,1997,0,False,0
777,upstream,1998,0,False,0
777,upstream,1999,0,False,0
777,upstream,2000,347,True,19
777,upstream,2001,286,False,79
777,upstream,2002,289,False,76
777,upstream,2003,273,False,92
777,upstream,2004,283,False,83
777,upstream,2005,318,False,47
777,upstream,2006,299,False,66
777,upstream,2007,285,False,80
777,upstream,2008,279,False,87
777,upstream,2009,319,False,46
777,upstream,2010,234,False,131
777,upstream,2011,354,True,11
777,upstream,2012,338,True,28
777,upstream,2013,311,False,54
777,upstream,2014,338,True,27
777,upstream,2015,314,False,51
777,upstream,2016,270,False,96
777,upstream,2017,334,True,31
777,upstream,2018,294,False,71
777,upstream,2019,90,False,2
780,cars,1980,366,True,0
780,cars,1981,358,True,0
780,cars,1982,358,True,0
780,cars,1983,365,True,0
780,cars,1984,361,True,0
780,cars,1985,364,True,0
780,cars,1986,362,True,0
780,cars,1987,365,True,0
780,cars,1988,349,True,0
780,cars,1989,363,True,0
780,cars,1990,365,True,0
780,cars,1991,357,True,0
780,cars,1992,347,True,0
780,cars,1993,365,True,0
780,cars,1994,365,True,0
780,cars,1995,365,True,0
780,cars,1996,366,True,0
780,cars,1997,332,True,0
780,cars,1998,350,True,0
780,cars,1999,365,True,0
780,cars,2000,366,True,0
780,cars,2001,365,True,0
780,cars,2002,365,True,0
780,cars,2003,365,True,0
780,cars,2004,366,True,0
780,cars,2005,365,True,0
780,cars,2006,365,True,0
780,cars,2007,365,True,0
780,cars,2008,366,True,0
780,cars,2009,365,True,0
780,cars,2010,365,True,0
780,cars,2011,365,True,0
780,cars,2012,366,True,0
780,cars,2013,365,True,0
780,cars,2014,365,True,0
780,cars,2015,365,True,0
780,cars,2016,366,True,0
780,cars,2017,365,True,0
780,cars,2018,365,True,0
780,cars,2019,99,False,0
780,upstream,1980,243,False,123
780,upstream,1981,271,False,94
780,upstream,1982,246,False,119
780,upstream,1983,289,False,76
780,upstream,1984,264,False,102
780,upstream,1985,237,False,128
780,upstream,1986,253,False,112
780,upstream,1987,299,False,66
780,upstream,1988,199,False,167
780,upstream,1989,194,False,171
780,upstream,1990,186,False,179
780,upstream,1991,197,False,168
780,upstream,1992,186,False,157
780,upstream,1993,294,False,71
780,upstream,1994,333,True,32
780,upstream,1995,341,True,24
780,upstream,1996,305,False,61
780,upstream,1997,271,False,94
780,upstream,1998,305,False,60
780,upstream,1999,365,True,0
780,upstream,2000,366,True,0
780,upstream,2001,349,True,16
780,upstream,2002,308,False,57
780,upstream,2003,275,False,90
780,upstream,2004,295,False,71
780,upstream,2005,294,False,71
780,upstream,2006,235,False,130
780,upstream,2007,273,False,92
780,upstream,2008,237,False,129
780,upstream,2009,280,False,85
780,upstream,2010,332,True,33
780,upstream,2011,300,False,65
780,upstream,2012,282,False,84
780,upstream,2013,277,False,88
780,upstream,2014,315,False,50
780,upstream,2015,246,False,119
780,upstream,2016,231,False,135
780,upstream,2017,316,False,49
780,upstream,2018,240,False,125
780,upstream,2019,71,False,21
784,cars,1980,365,True,0
784,cars,1981,353,True,0
784,cars,1982,364,True,0
784,cars,1983,365,True,0
784,cars,1984,363,True,0
784,cars,1985,351,True,0
784,cars,1986,363,True,0
784,cars,1987,350,True,0
784,cars,1988,316,False,0
784,cars,1989,331,True,0
784,cars,1990,310,False,0
784,cars,1991,322,False,0
784,cars,1992,340,True,0
784,cars,1993,353,True,0
784,cars,1994,320,False,0
784,cars,1995,358,True,0
784,cars,1996,286,False,0
784,cars,1997,332,True,0
784,cars,1998,343,True,0
784,cars,1999,365,True,0
784,cars,2000,366,True,0
784,cars,2001,348,True,0
784,cars,2002,345,True,0
784,cars,2003,362,True,0
784,cars,2004,346,True,0
784,cars,2005,363,True,0
784,cars,2006,341,True,0
784,cars,2007,358,True,0
784,cars,2008,352,True,0
784,cars,2009,365,True,0
784,cars,2010,360,True,0
784,cars,2011,365,True,0
784,cars,2012,349,True,0
784,cars,2013,365,True,0
784,cars,2014,365,True,0
784,cars,2015,365,True,0
784,cars,2016,350,True,0
784,cars,2017,345,True,0
784,cars,2018,362,True,0
784,cars,2019,100,False,0
784,upstream,1980,230,False,136
784,upstream,1981,212,False,153
784,upstream,1982,237,False,128
784,upstream,1983,273,False,92
784,upstream,1984,219,False,147
784,upstream,1985,190,False,175
784,upstream,1986,252,False,113
784,upstream,1987,260,False,105
784,upstream,1988,157,False,209
784,upstream,1989,141,False,224
784,upstream,1990,193,False,172
784,upstream,1991,180,False,185
784,upstream,1992,249,False,117
784,upstream,1993,279,False,86
784,upstream,1994,249,False,116
784,upstream,1995,327,False,38
784,upstream,1996,240,False,126
784,upstream,1997,289,False,76
784,upstream,1998,270,False,95
784,upstream,1999,365,True,0
784,upstream,2000,366,True,0
784,upstream,2001,256,False,109
784,upstream,2002,221,False,144
784,upstream,2003,257,False,108
784,upstream,2004,220,False,146
784,upstream,2005,290,False,75
784,upstream,2006,242,False,123
784,upstream,2007,229,False,136
784,upstream,2008,198,False,168
784,upstream,2009,313,False,52
784,upstream,2010,297,False,68
784,upstream,2011,298,False,66
784,upstream,2012,221,False,145
784,upstream,2013,276,False,89
784,upstream,2014,313,False,52
784,upstream,2015,266,False,99
784,upstream,2016,236,False,130
784,upstream,2017,221,False,144
784,upstream,2018,281,False,84
784,upstream,2019,53,False,39
789,cars,1980,366,True,0
789,cars,1981,365,True,0
789,cars,1982,365,True,0
789,cars,1983,365,True,0
789,cars,1984,366,True,0
789,cars,1985,365,True,0
789,cars,1986,365,True,0
789,cars,1987,365,True,0
789,cars,1988,366,True,0
789,cars,1989,365,True,0
789,cars,1990,365,True,0
789,cars,1991,365,True,0
789,cars,1992,366,True,0
789,cars,1993,365,True,0
789,cars,1994,365,True,0
789,cars,1995,365,True,0
789,cars,1996,366,True,0
789,cars,1997,365,True,0
789,cars,1998,365,True,0
789,cars,1999,365,True,0
789,cars,2000,366,True,0
789,cars,2001,365,True,0
789,cars,2002,287,False,0
789,cars,2003,0,False,0
789,cars,2004,0,False,0
789,cars,2005,0,False,0
789,cars,2006,0,False,0
789,cars,2007,0,False,0
789,cars,2008,0,False,0
789,cars,2009,0,False,0
789,cars,2010,0,False,0
789,cars,2011,0,False,0
789,cars,2012,0,False,0
789,cars,2013,0,False,0
789,cars,2014,0,False,0
789,cars,2015,0,False,0
789,cars,2016,0,False,0
789,cars,2017,0,False,0
789,cars,2018,0,False,0
789,cars,2019,0,False,0
789,upstream,1980,366,True,0
789,upstream,1981,365,True,0
789,upstream,1982,365,True,0
789,upstream,1983,365,True,0
789,upstream,1984,366,True,0
789,upstream,1985,365,True,0
789,upstream,1986,365,True,0
789,upstream,1987,365,True,0
789,upstream,1988,366,True,0
789,upstream,1989,365,True,0
789,upstream,1990,365,True,0
789,upstream,1991,365,True,0
789,upstream,1992,366,True,0
789,upstream,1993,365,True,0
789,upstream,1994,365,True,0
789,upstream,1995,365,True,0
789,upstream,1996,366,True,0
789,upstream,1997,365,True,0
789,upstream,1998,365,True,0
789,upstream,1999,365,True,0
789,upstream,2000,366,True,0
789,upstream,2001,365,True,0
789,upstream,2002,279,False,0
789,upstream,2003,0,False,0
789,upstream,2004,0,False,0
789,upstream,2005,0,False,0
789,upstream,2006,0,False,0
789,upstream,2007,0,False,0
789,upstream,2008,0,False,0
789,upstream,2009,0,False,0
789,upstream,2010,0,False,0
789,upstream,2011,0,False,0
789,upstream,2012,0,False,0
789,upstream,2013,0,False,0
789,upstream,2014,0,False,0
789,upstream,2015,0,False,0
789,upstream,2016,0,False,0
789,upstream,2017,0,False,0
789,upstream,2018,0,False,0
789,upstream,2019,0,False,0
798,cars,1980,364,True,0
798,cars,1981,365,True,0
798,cars,1982,361,True,0
798,cars,1983,365,True,0
798,cars,1984,363,True,0
798,cars,1985,358,True,0
798,cars,1986,361,True,0
798,cars,1987,364,True,0
798,cars,1988,337,True,0
798,cars,1989,351,True,0
798,cars,1990,354,True,0
798,cars,1991,316,False,0
798,cars,1992,366,True,0
798,cars,1993,365,True,0
798,cars,1994,362,True,0
798,cars,1995,365,True,0
798,cars,1996,343,True,0
798,cars,1997,365,True,0
798,cars,1998,358,True,0
798,cars,1999,365,True,0
798,cars,2000,356,True,0
798,cars,2001,360,True,0
798,cars,2002,365,True,0
798,cars,2003,365,True,0
798,cars,2004,366,True,0
798,cars,2005,365,True,0
798,cars,2006,365,True,0
798,cars,2007,365,True,0
798,cars,2008,362,True,0
798,cars,2009,365,True,0
798,cars,2010,365,True,0
798,cars,2011,365,True,0
798,cars,2012,365,True,0
798,cars,2013,365,True,0
798,cars,2014,365,True,0
798,cars,2015,365,True,0
798,cars,2016,361,True,0
798,cars,2017,362,True,0
798,cars,2018,363,True,0
798,cars,2019,100,False,0
798,upstream,1980,254,False,112
798,upstream,1981,262,False,103
798,upstream,1982,294,False,71
798,upstream,1983,348,True,17
798,upstream,1984,288,False,78
798,upstream,1985,269,False,96
798,upstream,1986,301,False,64
798,upstream,1987,277,False,88
798,upstream,1988,233,False,133
798,upstream,1989,238,False,126
798,upstream,1990,219,False,146
798,upstream,1991,228,False,137
798,upstream,1992,262,False,104
798,upstream,1993,284,False,81
798,upstream,1994,233,False,130
798,upstream,1995,276,False,89
798,upstream,1996,246,False,120
798,upstream,1997,310,False,55
798,upstream,1998,296,False,69
798,upstream,1999,365,True,0
798,upstream,2000,235,False,131
798,upstream,2001,260,False,105
798,upstream,2002,230,False,135
798,upstream,2003,266,False,99
798,upstream,2004,244,False,122
798,upstream,2005,269,False,96
798,upstream,2006,243,False,122
798,upstream,2007,229,False,136
798,upstream,2008,198,False,168
798,upstream,2009,302,False,63
798,upstream,2010,281,False,84
798,upstream,2011,332,True,33
798,upstream,2012,269,False,97
798,upstream,2013,322,False,43
798,upstream,2014,359,True,6
798,upstream,2015,333,True,32
798,upstream,2016,270,False,96
798,upstream,2017,253,False,112
798,upstream,2018,279,False,86
798,upstream,2019,83,False,9
836,cars,1980,366,True,0
836,cars,1981,361,True,0
836,cars,1982,365,True,0
836,cars,1983,365,True,0
836,cars,1984,366,True,0
836,cars,1985,356,True,0
836,cars,1986,365,True,0
836,cars,1987,365,True,0
836,cars,1988,366,True,0
836,cars,1989,365,True,0
836,cars,1990,362,True,0
836,cars,1991,360,True,0
836,cars,1992,366,True,0
836,cars,1993,365,True,0
836,cars,1994,365,True,0
836,cars,1995,365,True,0
836,cars,1996,366,True,0
836,cars,1997,365,True,0
836,cars,1998,364,True,0
836,cars,1999,365,True,0
836,cars,2000,366,True,0
836,cars,2001,365,True,0
836,cars,2002,357,True,0
836,cars,2003,361,True,0
836,cars,2004,362,True,0
836,cars,2005,344,True,0
836,cars,2006,365,True,0
836,cars,2007,363,True,0
836,cars,2008,366,True,0
836,cars,2009,360,True,0
836,cars,2010,338,True,0
836,cars,2011,365,True,0
836,cars,2012,364,True,0
836,cars,2013,323,False,0
836,cars,2014,0,False,0
836,cars,2015,0,False,0
836,cars,2016,0,False,0
836,cars,2017,0,False,0
836,cars,2018,0,False,0
836,cars,2019,0,False,0
836,upstream,1980,209,False,157
836,upstream,1981,181,False,184
836,upstream,1982,193,False,172
836,upstream,1983,200,False,165
836,upstream,1984,198,False,168
836,upstream,1985,191,False,174
836,upstream,1986,229,False,136
836,upstream,1987,211,False,154
836,upstream,1988,209,False,157
836,upstream,1989,246,False,119
836,upstream,1990,171,False,194
836,upstream,1991,193,False,172
836,upstream,1992,228,False,138
836,upstream,1993,261,False,104
836,upstream,1994,251,False,114
836,upstream,1995,239,False,126
836,upstream,1996,258,False,108
836,upstream,1997,249,False,116
836,upstream,1998,246,False,119
836,upstream,1999,228,False,137
836,upstream,2000,218,False,148
836,upstream,2001,252,False,113
836,upstream,2002,185,False,164
836,upstream,2003,197,False,168
836,upstream,2004,200,False,166
836,upstream,2005,236,False,128
836,upstream,2006,248,False,117
836,upstream,2007,232,False,133
836,upstream,2008,201,False,165
836,upstream,2009,225,False,140
836,upstream,2010,264,False,101
836,upstream,2011,333,True,32
836,upstream,2012,254,False,112
836,upstream,2013,222,False,110
836,upstream,2014,0,False,0
836,upstream,2015,0,False,0
836,upstream,2016,0,False,0
836,upstream,2017,0,False,0
836,upstream,2018,0,False,0
836,upstream,2019,0,False,0
837,cars,1980,345,True,0
837,cars,1981,332,True,0
837,cars,1982,340,True,0
837,cars,1983,365,True,0
837,cars,1984,356,True,0
837,cars,1985,361,True,0
837,cars,1986,365,True,0
837,cars,1987,363,True,0
837,cars,1988,355,True,0
837,cars,1989,334,True,0
837,cars,1990,344,True,0
837,cars,1991,360,True,0
837,cars,1992,359,True,0
837,cars,1993,359,True,0
837,cars,1994,365,True,0
837,cars,1995,365,True,0
837,cars,1996,358,True,0
837,cars,1997,365,True,0
837,cars,1998,364,True,0
837,cars,1999,359,True,0
837,cars,2000,327,False,0
837,cars,2001,365,True,0
837,cars,2002,359,True,0
837,cars,2003,330,True,0
837,cars,2004,348,True,0
837,cars,2005,337,True,0
837,cars,2006,350,True,0
837,cars,2007,346,True,0
837,cars,2008,262,False,0
837,cars,2009,347,True,0
837,cars,2010,365,True,0
837,cars,2011,365,True,0
837,cars,2012,363,True,0
837,cars,2013,356,True,0
837,cars,2014,365,True,0
837,cars,2015,365,True,0
837,cars,2016,346,True,0
837,cars,2017,356,True,0
837,cars,2018,80,False,0
837,cars,2019,0,False,0
837,upstream,1980,193,False,173
837,upstream,1981,251,False,114
837,upstream,1982,281,False,84
837,upstream,1983,303,False,62
837,upstream,1984,290,False,76
837,upstream,1985,288,False,77
837,upstream,1986,303,False,62
837,upstream,1987,298,False,67
837,upstream,1988,247,False,119
837,upstream,1989,239,False,126
837,upstream,1990,253,False,112
837,upstream,1991,226,False,139
837,upstream,1992,264,False,102
837,upstream,1993,306,False,59
837,upstream,1994,323,False,42
837,upstream,1995,341,True,24
837,upstream,1996,311,False,55
837,upstream,1997,323,False,42
837,upstream,1998,277,False,88
837,upstream,1999,334,True,31
837,upstream,2000,243,False,123
837,upstream,2001,293,False,72
837,upstream,2002,195,False,170
837,upstream,2003,218,False,147
837,upstream,2004,201,False,165
837,upstream,2005,180,False,185
837,upstream,2006,223,False,142
837,upstream,2007,180,False,185
837,upstream,2008,161,False,205
837,upstream,2009,248,False,117
837,upstream,2010,308,False,57
837,upstream,2011,317,False,48
837,upstream,2012,253,False,112
837,upstream,2013,252,False,113
837,upstream,2014,355,True,10
837,upstream,2015,319,False,46
837,upstream,2016,204,False,162
837,upstream,2017,189,False,176
837,upstream,2018,18,False,62
837,upstream,2019,0,False,0
854,cars,1980,0,False,0
854,cars,1981,0,False,0
854,cars,1982,0,False,0
854,cars,1983,0,False,0
854,cars,1984,366,True,0
854,cars,1985,362,True,0
854,cars,1986,365,True,0
854,cars,1987,362,True,0
854,cars,1988,366,True,0
854,cars,1989,362,True,0
854,cars,1990,365,True,0
854,cars,1991,365,True,0
854,cars,1992,366,True,0
854,cars,1993,365,True,0
854,cars,1994,365,True,0
854,cars,1995,365,True,0
854,cars,1996,366,True,0
854,cars,1997,365,True,0
854,cars,1998,365,True,0
854,cars,1999,365,True,0
854,cars,2000,366,True,0
854,cars,2001,365,True,0
854,cars,2002,365,True,0
854,cars,2003,364,True,0
854,cars,2004,366,True,0
854,cars,2005,363,True,0
854,cars,2006,365,True,0
854,cars,2007,353,True,0
854,cars,2008,364,True,0
854,cars,2009,365,True,0
854,cars,2010,345,True,0
854,cars,2011,365,True,0
854,cars,2012,366,True,0
854,cars,2013,332,True,0
854,cars,2014,0,False,0
854,cars,2015,0,False,0
854,cars,2016,0,False,0
854,cars,2017,0,False,0
854,cars,2018,0,False,0
854,cars,2019,0,False,0
854,upstream,1980,0,False,0
854,upstream,1981,0,False,0
854,upstream,1982,0,False,0
854,upstream,1983,0,False,0
854,upstream,1984,327,False,39
854,upstream,1985,297,False,68
854,upstream,1986,355,True,10
854,upstream,1987,291,False,74
854,upstream,1988,224,False,142
854,upstream,1989,275,False,90
854,upstream,1990,317,False,48
854,upstream,1991,332,True,33
854,upstream,1992,356,True,10
854,upstream,1993,335,True,30
854,upstream,1994,363,True,2
854,upstream,1995,360,True,5
854,upstream,1996,359,True,7
854,upstream,1997,362,True,3
854,upstream,1998,361,True,4
854,upstream,1999,365,True,0
854,upstream,2000,360,True,6
854,upstream,2001,359,True,6
854,upstream,2002,335,True,30
854,upstream,2003,348,True,17
854,upstream,2004,322,False,44
854,upstream,2005,353,True,11
854,upstream,2006,361,True,4
854,upstream,2007,346,True,18
854,upstream,2008,359,True,6
854,upstream,2009,355,True,10
854,upstream,2010,326,False,39
854,upstream,2011,363,True,1
854,upstream,2012,343,True,23
854,upstream,2013,316,False,16
854,upstream,2014,0,False,0
854,upstream,2015,0,False,0
854,upstream,2016,0,False,0
854,upstream,2017,0,False,0
854,upstream,2018,0,False,0
854,upstream,2019,0,False,0
868,cars,1980,0,False,0
868,cars,1981,0,False,0
868,cars,1982,0,False,0
868,cars,1983,0,False,0
868,cars,1984,0,False,0
868,cars,1985,0,False,0
868,cars,1986,0,False,0
868,cars,1987,0,False,0
868,cars,1988,351,True,0
868,cars,1989,359,True,0
868,cars,1990,365,True,0
868,cars,1991,354,True,0
868,cars,1992,364,True,0
868,cars,1993,365,True,0
868,cars,1994,365,True,0
868,cars,1995,362,True,0
868,cars,1996,366,True,0
868,cars,1997,365,True,0
868,cars,1998,364,True,0
868,cars,1999,360,True,0
868,cars,2000,361,True,0
868,cars,2001,365,True,0
868,cars,2002,358,True,0
868,cars,2003,365,True,0
868,cars,2004,351,True,0
868,cars,2005,355,True,0
868,cars,2006,334,True,0
868,cars,2007,342,True,0
868,cars,2008,366,True,0
868,cars,2009,362,True,0
868,cars,2010,365,True,0
868,cars,2011,362,True,0
868,cars,2012,366,True,0
868,cars,2013,365,True,0
868,cars,2014,365,True,0
868,cars,2015,365,True,0
868,cars,2016,366,True,0
868,cars,2017,365,True,0
868,cars,2018,365,True,0
868,cars,2019,100,False,0
868,upstream,1980,0,False,0
868,upstream,1981,0,False,0
868,upstream,1982,0,False,0
868,upstream,1983,0,False,0
868,upstream,1984,0,False,0
868,upstream,1985,0,False,0
868,upstream,1986,0,False,0
868,upstream,1987,0,False,0
868,upstream,1988,285,False,81
868,upstream,1989,301,False,64
868,upstream,1990,311,False,54
868,upstream,1991,310,False,55
868,upstream,1992,311,False,55
868,upstream,1993,340,True,25
868,upstream,1994,305,False,60
868,upstream,1995,326,False,39
868,upstream,1996,301,False,65
868,upstream,1997,317,False,48
868,upstream,1998,322,False,43
868,upstream,1999,321,False,44
868,upstream,2000,298,False,68
868,upstream,2001,327,False,38
868,upstream,2002,319,False,46
868,upstream,2003,329,True,36
868,upstream,2004,312,False,54
868,upstream,2005,311,False,54
868,upstream,2006,298,False,67
868,upstream,2007,302,False,63
868,upstream,2008,312,False,54
868,upstream,2009,325,False,40
868,upstream,2010,278,False,87
868,upstream,2011,303,False,62
868,upstream,2012,315,False,51
868,upstream,2013,349,True,16
868,upstream,2014,304,False,61
868,upstream,2015,303,False,62
868,upstream,2016,294,False,72
868,upstream,2017,310,False,55
868,upstream,2018,345,True,20
868,upstream,2019,72,False,20
870,cars,1980,365,True,0
870,cars,1981,365,True,0
870,cars,1982,365,True,0
870,cars,1983,365,True,0
870,cars,1984,366,True,0
870,cars,1985,365,True,0
870,cars,1986,365,True,0
870,cars,1987,365,True,0
870,cars,1988,366,True,0
870,cars,1989,365,True,0
870,cars,1990,365,True,0
870,cars,1991,365,True,0
870,cars,1992,366,True,0
870,cars,1993,363,True,0
870,cars,1994,364,True,0
870,cars,1995,363,True,0
870,cars,1996,366,True,0
870,cars,1997,365,True,0
870,cars,1998,365,True,0
870,cars,1999,365,True,0
870,cars,2000,366,True,0
870,cars,2001,352,True,0
870,cars,2002,365,True,0
870,cars,2003,365,True,0
870,cars,2004,366,True,0
870,cars,2005,365,True,0
870,cars,2006,365,True,0
870,cars,2007,365,True,0
870,cars,2008,366,True,0
870,cars,2009,365,True,0
870,cars,2010,365,True,0
870,cars,2011,365,True,0
870,cars,2012,366,True,0
870,cars,2013,365,True,0
870,cars,2014,365,True,0
870,cars,2015,365,True,0
870,cars,2016,366,True,0
870,cars,2017,365,True,0
870,cars,2018,365,True,0
870,cars,2019,365,True,0
870,upstream,1980,364,True,0
870,upstream,1981,365,True,0
870,upstream,1982,364,True,0
870,upstream,1983,365,True,0
870,upstream,1984,364,True,0
870,upstream,1985,364,True,0
870,upstream,1986,365,True,0
870,upstream,1987,364,True,0
870,upstream,1988,366,True,0
870,upstream,1989,365,True,0
870,upstream,1990,364,True,0
870,upstream,1991,365,True,0
870,upstream,1992,365,True,0
870,upstream,1993,350,True,0
870,upstream,1994,363,True,0
870,upstream,1995,362,True,0
870,upstream,1996,366,True,0
870,upstream,1997,365,True,0
870,upstream,1998,365,True,0
870,upstream,1999,365,True,0
870,upstream,2000,366,True,0
870,upstream,2001,347,True,0
870,upstream,2002,365,True,0
870,upstream,2003,365,True,0
870,upstream,2004,366,True,0
870,upstream,2005,365,True,0
870,upstream,2006,365,True,0
870,upstream,2007,364,True,0
870,upstream,2008,363,True,0
870,upstream,2009,365,True,0
870,upstream,2010,363,True,0
870,upstream,2011,365,True,0
870,upstream,2012,366,True,0
870,upstream,2013,365,True,0
870,upstream,2014,365,True,0
870,upstream,2015,365,True,0
870,upstream,2016,366,True,0
870,upstream,2017,365,True,0
870,upstream,2018,365,True,0
870,upstream,2019,365,True,0
872,cars,1980,283,False,0
872,cars,1981,275,False,0
872,cars,1982,351,True,0
872,cars,1983,334,True,0
872,cars,1984,325,False,0
872,cars,1985,283,False,0
872,cars,1986,364,True,0
872,cars,1987,365,True,0
872,cars,1988,353,True,0
872,cars,1989,323,False,0
872,cars,1990,351,True,0
872,cars,1991,337,True,0
872,cars,1992,361,True,0
872,cars,1993,365,True,0
872,cars,1994,335,True,0
872,cars,1995,311,False,0
872,cars,1996,329,False,0
872,cars,1997,296,False,0
872,cars,1998,342,True,0
872,cars,1999,346,True,0
872,cars,2000,260,False,0
872,cars,2001,261,False,0
872,cars,2002,216,False,0
872,cars,2003,340,True,0
872,cars,2004,300,False,0
872,cars,2005,308,False,0
872,cars,2006,348,True,0
872,cars,2007,340,True,0
872,cars,2008,349,True,0
872,cars,2009,299,False,0
872,cars,2010,348,True,0
872,cars,2011,327,False,0
872,cars,2012,337,True,0
872,cars,2013,352,True,0
872,cars,2014,363,True,0
872,cars,2015,365,True,0
872,cars,2016,360,True,0
872,cars,2017,356,True,0
872,cars,2018,363,True,0
872,cars,2019,100,False,0
872,upstream,1980,181,False,185
872,upstream,1981,169,False,196
872,upstream,1982,268,False,97
872,upstream,1983,252,False,113
872,upstream,1984,267,False,99
872,upstream,1985,189,False,176
872,upstream,1986,246,False,119
872,upstream,1987,279,False,86
872,upstream,1988,210,False,156
872,upstream,1989,226,False,139
872,upstream,1990,240,False,125
872,upstream,1991,236,False,129
872,upstream,1992,231,False,135
872,upstream,1993,311,False,54
872,upstream,1994,233,False,132
872,upstream,1995,263,False,102
872,upstream,1996,233,False,133
872,upstream,1997,200,False,165
872,upstream,1998,193,False,172
872,upstream,1999,227,False,138
872,upstream,2000,168,False,198
872,upstream,2001,193,False,172
872,upstream,2002,129,False,236
872,upstream,2003,215,False,150
872,upstream,2004,169,False,197
872,upstream,2005,186,False,179
872,upstream,2006,202,False,163
872,upstream,2007,226,False,139
872,upstream,2008,254,False,112
872,upstream,2009,212,False,153
872,upstream,2010,225,False,140
872,upstream,2011,232,False,133
872,upstream,2012,184,False,182
872,upstream,2013,208,False,157
872,upstream,2014,239,False,126
872,upstream,2015,227,False,138
872,upstream,2016,183,False,183
872,upstream,2017,196,False,169
872,upstream,2018,241,False,124
872,upstream,2019,58,False,34
882,cars,1980,366,True,0
882,cars,1981,365,True,0
882,cars,1982,365,True,0
882,cars,1983,365,True,0
882,cars,1984,366,True,0
882,cars,1985,365,True,0
882,cars,1986,365,True,0
882,cars,1987,365,True,0
882,cars,1988,366,True,0
882,cars,1989,365,True,0
882,cars,1990,365,True,0
882,cars,1991,365,True,0
882,cars,1992,366,True,0
882,cars,1993,365,True,0
882,cars,1994,365,True,0
882,cars,1995,365,True,0
882,cars,1996,366,True,0
882,cars,1997,365,True,0
882,cars,1998,365,True,0
882,cars,1999,365,True,0
882,cars,2000,366,True,0
882,cars,2001,365,True,0
882,cars,2002,365,True,0
882,cars,2003,365,True,0
882,cars,2004,366,True,0
882,cars,2005,365,True,0
882,cars,2006,365,True,0
882,cars,2007,365,True,0
882,cars,2008,366,True,0
882,cars,2009,365,True,0
882,cars,2010,365,True,0
882,cars,2011,365,True,0
882,cars,2012,366,True,0
882,cars,2013,365,True,0
882,cars,2014,365,True,0
882,cars,2015,365,True,0
882,cars,2016,366,True,0
882,cars,2017,365,True,0
882,cars,2018,365,True,0
882,cars,2019,100,False,0
882,upstream,1980,366,True,0
882,upstream,1981,365,True,0
882,upstream,1982,365,True,0
882,upstream,1983,365,True,0
882,upstream,1984,366,True,0
882,upstream,1985,363,True,2
882,upstream,1986,365,True,0
882,upstream,1987,364,True,1
882,upstream,1988,363,True,3
882,upstream,1989,359,True,6
882,upstream,1990,361,True,4
882,upstream,1991,365,True,0
882,upstream,1992,365,True,1
882,upstream,1993,364,True,1
882,upstream,1994,362,True,3
882,upstream,1995,365,True,0
882,upstream,1996,366,True,0
882,upstream,1997,365,True,0
882,upstream,1998,365,True,0
882,upstream,1999,365,True,0
882,upstream,2000,366,True,0
882,upstream,2001,365,True,0
882,upstream,2002,360,True,5
882,upstream,2003,365,True,0
882,upstream,2004,366,True,0
882,upstream,2005,359,True,6
882,upstream,2006,362,True,3
882,upstream,2007,365,True,0
882,upstream,2008,366,True,0
882,upstream,2009,364,True,1
882,upstream,2010,365,True,0
882,upstream,2011,365,True,0
882,upstream,2012,366,True,0
882,upstream,2013,364,True,1
882,upstream,2014,365,True,0
882,upstream,2015,365,True,0
882,upstream,2016,366,True,0
882,upstream,2017,365,True,0
882,upstream,2018,365,True,0
882,upstream,2019,92,False,0
884,cars,1980,365,True,0
884,cars,1981,361,True,0
884,cars,1982,358,True,0
884,cars,1983,361,True,0
884,cars,1984,361,True,0
884,cars,1985,364,True,0
884,cars,1986,360,True,0
884,cars,1987,362,True,0
884,cars,1988,363,True,0
884,cars,1989,356,True,0
884,cars,1990,349,True,0
884,cars,1991,350,True,0
884,cars,1992,350,True,0
884,cars,1993,335,True,0
884,cars,1994,350,True,0
884,cars,1995,355,True,0
884,cars,1996,366,True,0
884,cars,1997,365,True,0
884,cars,1998,363,True,0
884,cars,1999,365,True,0
884,cars,2000,364,True,0
884,cars,2001,351,True,0
884,cars,2002,360,True,0
884,cars,2003,364,True,0
884,cars,2004,366,True,0
884,cars,2005,361,True,0
884,cars,2006,359,True,0
884,cars,2007,356,True,0
884,cars,2008,356,True,0
884,cars,2009,359,True,0
884,cars,2010,364,True,0
884,cars,2011,364,True,0
884,cars,2012,366,True,0
884,cars,2013,363,True,0
884,cars,2014,365,True,0
884,cars,2015,365,True,0
884,cars,2016,360,True,0
884,cars,2017,364,True,0
884,cars,2018,365,True,0
884,cars,2019,365,True,0
884,upstream,1980,356,True,0
884,upstream,1981,342,True,0
884,upstream,1982,339,True,0
884,upstream,1983,343,True,0
884,upstream,1984,345,True,0
884,upstream,1985,357,True,0
884,upstream,1986,347,True,0
884,upstream,1987,357,True,0
884,upstream,1988,354,True,0
884,upstream,1989,338,True,0
884,upstream,1990,323,False,0
884,upstream,1991,328,False,0
884,upstream,1992,325,False,0
884,upstream,1993,299,False,0
884,upstream,1994,328,False,0
884,upstream,1995,337,True,0
884,upstream,1996,364,True,0
884,upstream,1997,364,True,0
884,upstream,1998,360,True,0
884,upstream,1999,363,True,0
884,upstream,2000,360,True,0
884,upstream,2001,326,False,0
884,upstream,2002,352,True,0
884,upstream,2003,360,True,0
884,upstream,2004,355,True,0
884,upstream,2005,343,True,0
884,upstream,2006,337,True,0
884,upstream,2007,334,True,0
884,upstream,2008,332,True,0
884,upstream,2009,339,True,0
884,upstream,2010,356,True,0
884,upstream,2011,363,True,0
884,upstream,2012,366,True,0
884,upstream,2013,354,True,0
884,upstream,2014,363,True,0
884,upstream,2015,364,True,0
884,upstream,2016,354,True,0
884,upstream,2017,358,True,0
884,upstream,2018,365,True,0
884,upstream,2019,364,True,0
885,cars,1980,366,True,0
885,cars,1981,365,True,0
885,cars,1982,365,True,0
885,cars,1983,365,True,0
885,cars,1984,366,True,0
885,cars,1985,365,True,0
885,cars,1986,365,True,0
885,cars,1987,365,True,0
885,cars,1988,366,True,0
885,cars,1989,365,True,0
885,cars,1990,365,True,0
885,cars,1991,365,True,0
885,cars,1992,366,True,0
885,cars,1993,365,True,0
885,cars,1994,365,True,0
885,cars,1995,365,True,0
885,cars,1996,366,True,0
885,cars,1997,365,True,0
885,cars,1998,365,True,0
885,cars,1999,365,True,0
885,cars,2000,366,True,0
885,cars,2001,365,True,0
885,cars,2002,365,True,0
885,cars,2003,365,True,0
885,cars,2004,366,True,0
885,cars,2005,365,True,0
885,cars,2006,365,True,0
885,cars,2007,365,True,0
885,cars,2008,366,True,0
885,cars,2009,365,True,0
885,cars,2010,365,True,0
885,cars,2011,365,True,0
885,cars,2012,366,True,0
885,cars,2013,365,True,0
885,cars,2014,365,True,0
885,cars,2015,365,True,0
885,cars,2016,366,True,0
885,cars,2017,365,True,0
885,cars,2018,365,True,0
885,cars,2019,100,False,0
885,upstream,1980,365,True,1
885,upstream,1981,365,True,0
885,upstream,1982,364,True,1
885,upstream,1983,365,True,0
885,upstream,1984,366,True,0
885,upstream,1985,365,True,0
885,upstream,1986,362,True,3
885,upstream,1987,355,True,10
885,upstream,1988,360,True,6
885,upstream,1989,359,True,6
885,upstream,1990,360,True,5
885,upstream,1991,363,True,2
885,upstream,1992,364,True,2
885,upstream,1993,364,True,1
885,upstream,1994,364,True,1
885,upstream,1995,365,True,0
885,upstream,1996,366,True,0
885,upstream,1997,365,True,0
885,upstream,1998,365,True,0
885,upstream,1999,365,True,0
885,upstream,2000,366,True,0
885,upstream,2001,365,True,0
885,upstream,2002,357,True,8
885,upstream,2003,365,True,0
885,upstream,2004,366,True,0
885,upstream,2005,362,True,3
885,upstream,2006,364,True,1
885,upstream,2007,363,True,2
885,upstream,2008,366,True,0
885,upstream,2009,362,True,3
885,upstream,2010,365,True,0
885,upstream,2011,364,True,1
885,upstream,2012,366,True,0
885,upstream,2013,365,True,0
885,upstream,2014,365,True,0
885,upstream,2015,365,True,0
885,upstream,2016,366,True,0
885,upstream,2017,365,True,0
885,upstream,2018,365,True,0
885,upstream,2019,92,False,0
893,cars,1980,362,True,0
893,cars,1981,365,True,0
893,cars,1982,365,True,0
893,cars,1983,357,True,0
893,cars,1984,366,True,0
893,cars,1985,363,True,0
893,cars,1986,364,True,0
893,cars,1987,365,True,0
893,cars,1988,366,True,0
893,cars,1989,358,True,0
893,cars,1990,365,True,0
893,cars,1991,362,True,0
893,cars,1992,366,True,0
893,cars,1993,365,True,0
893,cars,1994,360,True,0
893,cars,1995,348,True,0
893,cars,1996,355,True,0
893,cars,1997,365,True,0
893,cars,1998,365,True,0
893,cars,1999,365,True,0
893,cars,2000,366,True,0
893,cars,2001,359,True,0
893,cars,2002,361,True,0
893,cars,2003,365,True,0
893,cars,2004,366,True,0
893,cars,2005,365,True,0
893,cars,2006,365,True,0
893,cars,2007,365,True,0
893,cars,2008,366,True,0
893,cars,2009,365,True,0
893,cars,2010,365,True,0
893,cars,2011,342,True,0
893,cars,2012,363,True,0
893,cars,2013,364,True,0
893,cars,2014,365,True,0
893,cars,2015,365,True,0
893,cars,2016,366,True,0
893,cars,2017,365,True,0
893,cars,2018,365,True,0
893,cars,2019,100,False,0
893,upstream,1980,278,False,88
893,upstream,1981,319,False,46
893,upstream,1982,354,True,11
893,upstream,1983,300,False,65
893,upstream,1984,320,False,46
893,upstream,1985,293,False,72
893,upstream,1986,319,False,46
893,upstream,1987,294,False,71
893,upstream,1988,279,False,87
893,upstream,1989,296,False,69
893,upstream,1990,310,False,55
893,upstream,1991,303,False,62
893,upstream,1992,302,False,64
893,upstream,1993,345,True,20
893,upstream,1994,275,False,90
893,upstream,1995,313,False,52
893,upstream,1996,304,False,62
893,upstream,1997,326,False,39
893,upstream,1998,323,False,42
893,upstream,1999,353,True,12
893,upstream,2000,290,False,76
893,upstream,2001,305,False,60
893,upstream,2002,272,False,93
893,upstream,2003,299,False,66
893,upstream,2004,279,False,87
893,upstream,2005,318,False,47
893,upstream,2006,291,False,74
893,upstream,2007,274,False,91
893,upstream,2008,325,False,41
893,upstream,2009,315,False,50
893,upstream,2010,334,True,31
893,upstream,2011,313,False,52
893,upstream,2012,280,False,86
893,upstream,2013,317,False,48
893,upstream,2014,335,True,30
893,upstream,2015,354,True,11
893,upstream,2016,321,False,45
893,upstream,2017,316,False,49
893,upstream,2018,333,True,32
893,upstream,2019,92,False,0
895,cars,1980,366,True,0
895,cars,1981,365,True,0
895,cars,1982,365,True,0
895,cars,1983,365,True,0
895,cars,1984,366,True,0
895,cars,1985,365,True,0
895,cars,1986,365,True,0
895,cars,1987,365,True,0
895,cars,1988,366,True,0
895,cars,1989,365,True,0
895,cars,1990,365,True,0
895,cars,1991,365,True,0
895,cars,1992,366,True,0
895,cars,1993,365,True,0
895,cars,1994,365,True,0
895,cars,1995,365,True,0
895,cars,1996,366,True,0
895,cars,1997,365,True,0
895,cars,1998,365,True,0
895,cars,1999,365,True,0
895,cars,2000,366,True,0
895,cars,2001,365,True,0
895,cars,2002,365,True,0
895,cars,2003,365,True,0
895,cars,2004,366,True,0
895,cars,2005,365,True,0
895,cars,2006,365,True,0
895,cars,2007,365,True,0
895,cars,2008,366,True,0
895,cars,2009,365,True,0
895,cars,2010,365,True,0
895,cars,2011,365,True,0
895,cars,2012,366,True,0
895,cars,2013,365,True,0
895,cars,2014,365,True,0
895,cars,2015,365,True,0
895,cars,2016,366,True,0
895,cars,2017,365,True,0
895,cars,2018,365,True,0
895,cars,2019,365,True,0
895,upstream,1980,366,True,0
895,upstream,1981,365,True,0
895,upstream,1982,365,True,0
895,upstream,1983,365,True,0
895,upstream,1984,366,True,0
895,upstream,1985,365,True,0
895,upstream,1986,365,True,0
895,upstream,1987,365,True,0
895,upstream,1988,366,True,0
895,upstream,1989,365,True,0
895,upstream,1990,365,True,0
895,upstream,1991,365,True,0
895,upstream,1992,366,True,0
895,upstream,1993,365,True,0
895,upstream,1994,365,True,0
895,upstream,1995,365,True,0
895,upstream,1996,366,True,0
895,upstream,1997,365,True,0
895,upstream,1998,365,True,0
895,upstream,1999,365,True,0
895,upstream,2000,366,True,0
895,upstream,2001,365,True,0
895,upstream,2002,365,True,0
895,upstream,2003,365,True,0
895,upstream,2004,366,True,0
895,upstream,2005,365,True,0
895,upstream,2006,365,True,0
895,upstream,2007,365,True,0
895,upstream,2008,366,True,0
895,upstream,2009,365,True,0
895,upstream,2010,365,True,0
895,upstream,2011,365,True,0
895,upstream,2012,366,True,0
895,upstream,2013,365,True,0
895,upstream,2014,365,True,0
895,upstream,2015,365,True,0
895,upstream,2016,366,True,0
895,upstream,2017,365,True,0
895,upstream,2018,365,True,0
895,upstream,2019,365,True,0
898,cars,1980,366,True,0
898,cars,1981,365,True,0
898,cars,1982,365,True,0
898,cars,1983,365,True,0
898,cars,1984,366,True,0
898,cars,1985,365,True,0
898,cars,1986,365,True,0
898,cars,1987,365,True,0
898,cars,1988,366,True,0
898,cars,1989,365,True,0
898,cars,1990,365,True,0
898,cars,1991,365,True,0
898,cars,1992,366,True,0
898,cars,1993,365,True,0
898,cars,1994,365,True,0
898,cars,1995,365,True,0
898,cars,1996,366,True,0
898,cars,1997,365,True,0
898,cars,1998,365,True,0
898,cars,1999,365,True,0
898,cars,2000,366,True,0
898,cars,2001,365,True,0
898,cars,2002,365,True,0
898,cars,2003,365,True,0
898,cars,2004,366,True,0
898,cars,2005,365,True,0
898,cars,2006,365,True,0
898,cars,2007,365,True,0
898,cars,2008,366,True,0
898,cars,2009,365,True,0
898,cars,2010,365,True,0
898,cars,2011,365,True,0
898,cars,2012,366,True,0
898,cars,2013,365,True,0
898,cars,2014,365,True,0
898,cars,2015,365,True,0
898,cars,2016,366,True,0
898,cars,2017,365,True,0
898,cars,2018,365,True,0
898,cars,2019,100,False,0
898,upstream,1980,366,True,0
898,upstream,1981,365,True,0
898,upstream,1982,365,True,0
898,upstream,1983,365,True,0
898,upstream,1984,366,True,0
898,upstream,1985,365,True,0
898,upstream,1986,365,True,0
898,upstream,1987,365,True,0
898,upstream,1988,366,True,0
898,upstream,1989,365,True,0
898,upstream,1990,365,True,0
898,upstream,1991,365,True,0
898,upstream,1992,366,True,0
898,upstream,1993,365,True,0
898,upstream,1994,365,True,0
898,upstream,1995,365,True,0
898,upstream,1996,366,True,0
898,upstream,1997,365,True,0
898,upstream,1998,365,True,0
898,upstream,1999,365,True,0
898,upstream,2000,364,True,2
898,upstream,2001,365,True,0
898,upstream,2002,365,True,0
898,upstream,2003,365,True,0
898,upstream,2004,366,True,0
898,upstream,2005,365,True,0
898,upstream,2006,365,True,0
898,upstream,2007,365,True,0
898,upstream,2008,366,True,0
898,upstream,2009,365,True,0
898,upstream,2010,365,True,0
898,upstream,2011,365,True,0
898,upstream,2012,366,True,0
898,upstream,2013,365,True,0
898,upstream,2014,365,True,0
898,upstream,2015,365,True,0
898,upstream,2016,366,True,0
898,upstream,2017,365,True,0
898,upstream,2018,365,True,0
898,upstream,2019,92,False,0
919,cars,1980,310,False,0
919,cars,1981,340,True,0
919,cars,1982,304,False,0
919,cars,1983,356,True,0
919,cars,1984,323,False,0
919,cars,1985,360,True,0
919,cars,1986,365,True,0
919,cars,1987,362,True,0
919,cars,1988,248,False,0
919,cars,1989,72,False,0
919,cars,1990,69,False,0
919,cars,1991,70,False,0
919,cars,1992,91,False,0
919,cars,1993,257,False,0
919,cars,1994,365,True,0
919,cars,1995,343,True,0
919,cars,1996,281,False,0
919,cars,1997,291,False,0
919,cars,1998,302,False,0
919,cars,1999,220,False,0
919,cars,2000,71,False,0
919,cars,2001,131,False,0
919,cars,2002,122,False,0
919,cars,2003,9,False,0
919,cars,2004,0,False,0
919,cars,2005,36,False,0
919,cars,2006,22,False,0
919,cars,2007,147,False,0
919,cars,2008,366,True,0
919,cars,2009,300,False,0
919,cars,2010,334,True,0
919,cars,2011,254,False,0
919,cars,2012,193,False,0
919,cars,2013,41,False,0
919,cars,2014,141,False,0
919,cars,2015,331,True,0
919,cars,2016,333,True,0
919,cars,2017,355,True,0
919,cars,2018,358,True,0
919,cars,2019,360,True,0
919,upstream,1980,309,False,0
919,upstream,1981,336,True,0
919,upstream,1982,304,False,0
919,upstream,1983,354,True,0
919,upstream,1984,322,False,0
919,upstream,1985,360,True,0
919,upstream,1986,365,True,0
919,upstream,1987,361,True,0
919,upstream,1988,245,False,0
919,upstream,1989,60,False,0
919,upstream,1990,55,False,0
919,upstream,1991,47,False,0
919,upstream,1992,91,False,0
919,upstream,1993,256,False,0
919,upstream,1994,363,True,0
919,upstream,1995,327,False,0
919,upstream,1996,271,False,0
919,upstream,1997,252,False,0
919,upstream,1998,289,False,0
919,upstream,1999,212,False,0
919,upstream,2000,57,False,0
919,upstream,2001,95,False,0
919,upstream,2002,57,False,0
919,upstream,2003,1,False,0
919,upstream,2004,0,False,0
919,upstream,2005,10,False,0
919,upstream,2006,8,False,0
919,upstream,2007,116,False,0
919,upstream,2008,358,True,0
919,upstream,2009,250,False,0
919,upstream,2010,310,False,0
919,upstream,2011,210,False,0
919,upstream,2012,163,False,0
919,upstream,2013,30,False,0
919,upstream,2014,108,False,0
919,upstream,2015,308,False,0
919,upstream,2016,301,False,0
919,upstream,2017,334,True,0
919,upstream,2018,336,True,0
919,upstream,2019,359,True,0
920,cars,1980,366,True,0
920,cars,1981,365,True,0
920,cars,1982,365,True,0
920,cars,1983,365,True,0
920,cars,1984,366,True,0
920,cars,1985,365,True,0
920,cars,1986,365,True,0
920,cars,1987,365,True,0
920,cars,1988,366,True,0
920,cars,1989,365,True,0
920,cars,1990,365,True,0
920,cars,1991,365,True,0
920,cars,1992,366,True,0
920,cars,1993,365,True,0
920,cars,1994,365,True,0
920,cars,1995,365,True,0
920,cars,1996,366,True,0
920,cars,1997,365,True,0
920,cars,1998,365,True,0
920,cars,1999,365,True,0
920,cars,2000,366,True,0
920,cars,2001,365,True,0
920,cars,2002,365,True,0
920,cars,2003,365,True,0
920,cars,2004,366,True,0
920,cars,2005,365,True,0
920,cars,2006,365,True,0
920,cars,2007,365,True,0
920,cars,2008,366,True,0
920,cars,2009,365,True,0
920,cars,2010,365,True,0
920,cars,2011,365,True,0
920,cars,2012,366,True,0
920,cars,2013,365,True,0
920,cars,2014,365,True,0
920,cars,2015,365,True,0
920,cars,2016,366,True,0
920,cars,2017,365,True,0
920,cars,2018,365,True,0
920,cars,2019,249,False,0
920,upstream,1980,366,True,0
920,upstream,1981,365,True,0
920,upstream,1982,365,True,0
920,upstream,1983,365,True,0
920,upstream,1984,366,True,0
920,upstream,1985,365,True,0
920,upstream,1986,365,True,0
920,upstream,1987,365,True,0
920,upstream,1988,366,True,0
920,upstream,1989,365,True,0
920,upstream,1990,365,True,0
920,upstream,1991,365,True,0
920,upstream,1992,366,True,0
920,upstream,1993,365,True,0
920,upstream,1994,365,True,0
920,upstream,1995,365,True,0
920,upstream,1996,366,True,0
920,upstream,1997,365,True,0
920,upstream,1998,365,True,0
920,upstream,1999,365,True,0
920,upstream,2000,366,True,0
920,upstream,2001,365,True,0
920,upstream,2002,365,True,0
920,upstream,2003,365,True,0
920,upstream,2004,366,True,0
920,upstream,2005,365,True,0
920,upstream,2006,365,True,0
920,upstream,2007,365,True,0
920,upstream,2008,366,True,0
920,upstream,2009,365,True,0
920,upstream,2010,365,True,0
920,upstream,2011,365,True,0
920,upstream,2012,366,True,0
920,upstream,2013,365,True,0
920,upstream,2014,365,True,0
920,upstream,2015,365,True,0
920,upstream,2016,366,True,0
920,upstream,2017,365,True,0
920,upstream,2018,365,True,0
920,upstream,2019,241,False,0
929,cars,1980,366,True,0
929,cars,1981,365,True,0
929,cars,1982,365,True,0
929,cars,1983,365,True,0
929,cars,1984,366,True,0
929,cars,1985,365,True,0
929,cars,1986,365,True,0
929,cars,1987,365,True,0
929,cars,1988,366,True,0
929,cars,1989,365,True,0
929,cars,1990,365,True,0
929,cars,1991,365,True,0
929,cars,1992,366,True,0
929,cars,1993,365,True,0
929,cars,1994,365,True,0
929,cars,1995,365,True,0
929,cars,1996,366,True,0
929,cars,1997,365,True,0
929,cars,1998,365,True,0
929,cars,1999,365,True,0
929,cars,2000,366,True,0
929,cars,2001,365,True,0
929,cars,2002,365,True,0
929,cars,2003,365,True,0
929,cars,2004,366,True,0
929,cars,2005,365,True,0
929,cars,2006,365,True,0
929,cars,2007,365,True,0
929,cars,2008,366,True,0
929,cars,2009,365,True,0
929,cars,2010,365,True,0
929,cars,2011,365,True,0
929,cars,2012,366,True,0
929,cars,2013,365,True,0
929,cars,2014,365,True,0
929,cars,2015,49,False,0
929,cars,2016,0,False,0
929,cars,2017,0,False,0
929,cars,2018,76,False,0
929,cars,2019,365,True,0
929,upstream,1980,366,True,0
929,upstream,1981,365,True,0
929,upstream,1982,365,True,0
929,upstream,1983,365,True,0
929,upstream,1984,366,True,0
929,upstream,1985,365,True,0
929,upstream,1986,365,True,0
929,upstream,1987,365,True,0
929,upstream,1988,366,True,0
929,upstream,1989,365,True,0
929,upstream,1990,365,True,0
929,upstream,1991,365,True,0
929,upstream,1992,366,True,0
929,upstream,1993,365,True,0
929,upstream,1994,365,True,0
929,upstream,1995,365,True,0
929,upstream,1996,366,True,0
929,upstream,1997,365,True,0
929,upstream,1998,365,True,0
929,upstream,1999,365,True,0
929,upstream,2000,366,True,0
929,upstream,2001,365,True,0
929,upstream,2002,365,True,0
929,upstream,2003,365,True,0
929,upstream,2004,366,True,0
929,upstream,2005,365,True,0
929,upstream,2006,365,True,0
929,upstream,2007,365,True,0
929,upstream,2008,365,True,0
929,upstream,2009,365,True,0
929,upstream,2010,365,True,0
929,upstream,2011,365,True,0
929,upstream,2012,366,True,0
929,upstream,2013,365,True,0
929,upstream,2014,365,True,0
929,upstream,2015,41,False,0
929,upstream,2016,0,False,0
929,upstream,2017,0,False,0
929,upstream,2018,76,False,0
929,upstream,2019,365,True,0
931,cars,1980,0,False,0
931,cars,1981,0,False,0
931,cars,1982,0,False,0
931,cars,1983,0,False,0
931,cars,1984,0,False,0
931,cars,1985,0,False,0
931,cars,1986,0,False,0
931,cars,1987,0,False,0
931,cars,1988,0,False,0
931,cars,1989,0,False,0
931,cars,1990,0,False,0
931,cars,1991,0,False,0
931,cars,1992,0,False,0
931,cars,1993,0,False,0
931,cars,1994,0,False,0
931,cars,1995,0,False,0
931,cars,1996,0,False,0
931,cars,1997,0,False,0
931,cars,1998,122,False,0
931,cars,1999,365,True,0
931,cars,2000,366,True,0
931,cars,2001,365,True,0
931,cars,2002,365,True,0
931,cars,2003,365,True,0
931,cars,2004,366,True,0
931,cars,2005,365,True,0
931,cars,2006,365,True,0
931,cars,2007,365,True,0
931,cars,2008,366,True,0
931,cars,2009,365,True,0
931,cars,2010,365,True,0
931,cars,2011,365,True,0
931,cars,2012,366,True,0
931,cars,2013,365,True,0
931,cars,2014,365,True,0
931,cars,2015,365,True,0
931,cars,2016,366,True,0
931,cars,2017,365,True,0
931,cars,2018,365,True,0
931,cars,2019,365,True,0
931,upstream,1980,0,False,0
931,upstream,1981,0,False,0
931,upstream,1982,0,False,0
931,upstream,1983,0,False,0
931,upstream,1984,0,False,0
931,upstream,1985,0,False,0
931,upstream,1986,0,False,0
931,upstream,1987,0,False,0
931,upstream,1988,0,False,0
931,upstream,1989,0,False,0
931,upstream,1990,0,False,0
931,upstream,1991,0,False,0
931,upstream,1992,0,False,0
931,upstream,1993,0,False,0
931,upstream,1994,0,False,0
931,upstream,1995,0,False,0
931,upstream,1996,0,False,0
931,upstream,1997,0,False,0
931,upstream,1998,121,False,1
931,upstream,1999,341,True,24
931,upstream,2000,366,True,0
931,upstream,2001,365,True,0
931,upstream,2002,365,True,0
931,upstream,2003,365,True,0
931,upstream,2004,366,True,0
931,upstream,2005,365,True,0
931,upstream,2006,365,True,0
931,upstream,2007,365,True,0
931,upstream,2008,366,True,0
931,upstream,2009,365,True,0
931,upstream,2010,365,True,0
931,upstream,2011,365,True,0
931,upstream,2012,351,True,15
931,upstream,2013,365,True,0
931,upstream,2014,365,True,0
931,upstream,2015,365,True,0
931,upstream,2016,366,True,0
931,upstream,2017,365,True,0
931,upstream,2018,365,True,0
931,upstream,2019,365,True,0
936,cars,1980,304,False,0
936,cars,1981,173,False,0
936,cars,1982,365,True,0
936,cars,1983,365,True,0
936,cars,1984,366,True,0
936,cars,1985,365,True,0
936,cars,1986,173,False,0
936,cars,1987,174,False,0
936,cars,1988,173,False,0
936,cars,1989,173,False,0
936,cars,1990,174,False,0
936,cars,1991,173,False,0
936,cars,1992,173,False,0
936,cars,1993,365,True,0
936,cars,1994,365,True,0
936,cars,1995,365,True,0
936,cars,1996,357,True,0
936,cars,1997,365,True,0
936,cars,1998,365,True,0
936,cars,1999,365,True,0
936,cars,2000,358,True,0
936,cars,2001,365,True,0
936,cars,2002,353,True,0
936,cars,2003,348,True,0
936,cars,2004,356,True,0
936,cars,2005,312,False,0
936,cars,2006,339,True,0
936,cars,2007,295,False,0
936,cars,2008,339,True,0
936,cars,2009,365,True,0
936,cars,2010,360,True,0
936,cars,2011,358,True,0
936,cars,2012,276,False,0
936,cars,2013,350,True,0
936,cars,2014,365,True,0
936,cars,2015,299,False,0
936,cars,2016,323,False,0
936,cars,2017,331,True,0
936,cars,2018,333,True,0
936,cars,2019,91,False,0
936,upstream,1980,280,False,0
936,upstream,1981,101,False,0
936,upstream,1982,365,True,0
936,upstream,1983,365,True,0
936,upstream,1984,366,True,0
936,upstream,1985,365,True,0
936,upstream,1986,101,False,0
936,upstream,1987,102,False,0
936,upstream,1988,101,False,0
936,upstream,1989,101,False,0
936,upstream,1990,102,False,0
936,upstream,1991,101,False,0
936,upstream,1992,101,False,0
936,upstream,1993,349,True,16
936,upstream,1994,326,False,39
936,upstream,1995,329,True,36
936,upstream,1996,337,True,17
936,upstream,1997,341,True,24
936,upstream,1998,342,True,23
936,upstream,1999,353,True,12
936,upstream,2000,327,False,39
936,upstream,2001,342,True,23
936,upstream,2002,287,False,74
936,upstream,2003,268,False,93
936,upstream,2004,227,False,136
936,upstream,2005,224,False,131
936,upstream,2006,176,False,152
936,upstream,2007,175,False,153
936,upstream,2008,178,False,152
936,upstream,2009,261,False,103
936,upstream,2010,269,False,89
936,upstream,2011,250,False,111
936,upstream,2012,192,False,168
936,upstream,2013,201,False,164
936,upstream,2014,256,False,109
936,upstream,2015,246,False,119
936,upstream,2016,234,False,132
936,upstream,2017,239,False,126
936,upstream,2018,252,False,113
936,upstream,2019,84,False,8
938,cars,1980,366,True,0
938,cars,1981,365,True,0
938,cars,1982,365,True,0
938,cars,1983,365,True,0
938,cars,1984,366,True,0
938,cars,1985,365,True,0
938,cars,1986,365,True,0
938,cars,1987,365,True,0
938,cars,1988,366,True,0
938,cars,1989,365,True,0
938,cars,1990,365,True,0
938,cars,1991,365,True,0
938,cars,1992,366,True,0
938,cars,1993,365,True,0
938,cars,1994,365,True,0
938,cars,1995,365,True,0
938,cars,1996,357,True,0
938,cars,1997,365,True,0
938,cars,1998,365,True,0
938,cars,1999,365,True,0
938,cars,2000,366,True,0
938,cars,2001,365,True,0
938,cars,2002,365,True,0
938,cars,2003,365,True,0
938,cars,2004,366,True,0
938,cars,2005,365,True,0
938,cars,2006,365,True,0
938,cars,2007,365,True,0
938,cars,2008,366,True,0
938,cars,2009,365,True,0
938,cars,2010,365,True,0
938,cars,2011,365,True,0
938,cars,2012,366,True,0
938,cars,2013,365,True,0
938,cars,2014,365,True,0
938,cars,2015,365,True,0
938,cars,2016,366,True,0
938,cars,2017,365,True,0
938,cars,2018,365,True,0
938,cars,2019,92,False,0
938,upstream,1980,337,True,28
938,upstream,1981,340,True,24
938,upstream,1982,318,False,46
938,upstream,1983,322,False,43
938,upstream,1984,343,True,22
938,upstream,1985,323,False,41
938,upstream,1986,346,True,18
938,upstream,1987,349,True,16
938,upstream,1988,335,True,31
938,upstream,1989,322,False,43
938,upstream,1990,322,False,43
938,upstream,1991,344,True,21
938,upstream,1992,339,True,27
938,upstream,1993,341,True,24
938,upstream,1994,337,True,28
938,upstream,1995,348,True,17
938,upstream,1996,340,True,15
938,upstream,1997,350,True,15
938,upstream,1998,356,True,9
938,upstream,1999,358,True,7
938,upstream,2000,356,True,10
938,upstream,2001,355,True,10
938,upstream,2002,350,True,11
938,upstream,2003,360,True,5
938,upstream,2004,360,True,6
938,upstream,2005,338,True,27
938,upstream,2006,324,False,22
938,upstream,2007,341,True,3
938,upstream,2008,322,False,9
938,upstream,2009,362,True,2
938,upstream,2010,354,True,4
938,upstream,2011,359,True,2
938,upstream,2012,357,True,9
938,upstream,2013,358,True,7
938,upstream,2014,363,True,2
938,upstream,2015,363,True,2
938,upstream,2016,359,True,7
938,upstream,2017,363,True,2
938,upstream,2018,351,True,14
938,upstream,2019,92,False,0
939,cars,1980,366,True,0
939,cars,1981,365,True,0
939,cars,1982,365,True,0
939,cars,1983,365,True,0
939,cars,1984,366,True,0
939,cars,1985,365,True,0
939,cars,1986,365,True,0
939,cars,1987,365,True,0
939,cars,1988,366,True,0
939,cars,1989,365,True,0
939,cars,1990,365,True,0
939,cars,1991,365,True,0
939,cars,1992,366,True,0
939,cars,1993,365,True,0
939,cars,1994,363,True,0
939,cars,1995,365,True,0
939,cars,1996,357,True,0
939,cars,1997,365,True,0
939,cars,1998,365,True,0
939,cars,1999,365,True,0
939,cars,2000,358,True,0
939,cars,2001,365,True,0
939,cars,2002,361,True,0
939,cars,2003,315,False,0
939,cars,2004,354,True,0
939,cars,2005,325,False,0
939,cars,2006,352,True,0
939,cars,2007,353,True,0
939,cars,2008,364,True,0
939,cars,2009,365,True,0
939,cars,2010,365,True,0
939,cars,2011,365,True,0
939,cars,2012,366,True,0
939,cars,2013,365,True,0
939,cars,2014,365,True,0
939,cars,2015,363,True,0
939,cars,2016,354,True,0
939,cars,2017,297,False,0
939,cars,2018,351,True,0
939,cars,2019,90,False,0
939,upstream,1980,309,False,56
939,upstream,1981,311,False,53
939,upstream,1982,311,False,53
939,upstream,1983,291,False,73
939,upstream,1984,288,False,77
939,upstream,1985,293,False,71
939,upstream,1986,299,False,66
939,upstream,1987,304,False,61
939,upstream,1988,303,False,63
939,upstream,1989,296,False,69
939,upstream,1990,286,False,79
939,upstream,1991,308,False,57
939,upstream,1992,309,False,57
939,upstream,1993,324,False,41
939,upstream,1994,278,False,87
939,upstream,1995,304,False,61
939,upstream,1996,294,False,60
939,upstream,1997,317,False,48
939,upstream,1998,313,False,52
939,upstream,1999,322,False,43
939,upstream,2000,255,False,111
939,upstream,2001,289,False,76
939,upstream,2002,270,False,84
939,upstream,2003,245,False,102
939,upstream,2004,254,False,109
939,upstream,2005,243,False,113
939,upstream,2006,243,False,98
939,upstream,2007,240,False,85
939,upstream,2008,239,False,95
939,upstream,2009,284,False,77
939,upstream,2010,335,True,23
939,upstream,2011,356,True,5
939,upstream,2012,324,False,42
939,upstream,2013,308,False,57
939,upstream,2014,336,True,29
939,upstream,2015,296,False,69
939,upstream,2016,247,False,119
939,upstream,2017,232,False,133
939,upstream,2018,269,False,96
939,upstream,2019,86,False,6
948,cars,1980,0,False,0
948,cars,1981,0,False,0
948,cars,1982,0,False,0
948,cars,1983,0,False,0
948,cars,1984,0,False,0
948,cars,1985,0,False,0
948,cars,1986,0,False,0
948,cars,1987,0,False,0
948,cars,1988,0,False,0
948,cars,1989,0,False,0
948,cars,1990,0,False,0
948,cars,1991,0,False,0
948,cars,1992,0,False,0
948,cars,1993,364,True,0
948,cars,1994,365,True,0
948,cars,1995,365,True,0
948,cars,1996,168,False,0
948,cars,1997,365,True,0
948,cars,1998,365,True,0
948,cars,1999,365,True,0
948,cars,2000,364,True,0
948,cars,2001,364,True,0
948,cars,2002,365,True,0
948,cars,2003,364,True,0
948,cars,2004,366,True,0
948,cars,2005,356,True,0
948,cars,2006,363,True,0
948,cars,2007,362,True,0
948,cars,2008,366,True,0
948,cars,2009,363,True,0
948,cars,2010,365,True,0
948,cars,2011,365,True,0
948,cars,2012,350,True,0
948,cars,2013,353,True,0
948,cars,2014,357,True,0
948,cars,2015,365,True,0
948,cars,2016,366,True,0
948,cars,2017,357,True,0
948,cars,2018,365,True,0
948,cars,2019,93,False,0
948,upstream,1980,0,False,0
948,upstream,1981,0,False,0
948,upstream,1982,0,False,0
948,upstream,1983,0,False,0
948,upstream,1984,0,False,0
948,upstream,1985,0,False,0
948,upstream,1986,0,False,0
948,upstream,1987,0,False,0
948,upstream,1988,0,False,0
948,upstream,1989,0,False,0
948,upstream,1990,0,False,0
948,upstream,1991,0,False,0
948,upstream,1992,0,False,0
948,upstream,1993,347,True,13
948,upstream,1994,313,False,46
948,upstream,1995,299,False,66
948,upstream,1996,141,False,19
948,upstream,1997,310,False,55
948,upstream,1998,305,False,60
948,upstream,1999,309,False,56
948,upstream,2000,281,False,85
948,upstream,2001,276,False,89
948,upstream,2002,238,False,126
948,upstream,2003,214,False,151
948,upstream,2004,188,False,175
948,upstream,2005,213,False,145
948,upstream,2006,195,False,150
948,upstream,2007,267,False,63
948,upstream,2008,264,False,72
948,upstream,2009,263,False,101
948,upstream,2010,309,False,48
948,upstream,2011,280,False,81
948,upstream,2012,225,False,141
948,upstream,2013,198,False,167
948,upstream,2014,249,False,116
948,upstream,2015,272,False,93
948,upstream,2016,281,False,85
948,upstream,2017,271,False,94
948,upstream,2018,305,False,60
948,upstream,2019,92,False,0
952,cars,1980,0,False,0
952,cars,1981,0,False,0
952,cars,1982,0,False,0
952,cars,1983,0,False,0
952,cars,1984,0,False,0
952,cars,1985,0,False,0
952,cars,1986,0,False,0
952,cars,1987,0,False,0
952,cars,1988,0,False,0
952,cars,1989,0,False,0
952,cars,1990,0,False,0
952,cars,1991,0,False,0
952,cars,1992,0,False,0
952,cars,1993,361,True,0
952,cars,1994,365,True,0
952,cars,1995,365,True,0
952,cars,1996,364,True,0
952,cars,1997,364,True,0
952,cars,1998,365,True,0
952,cars,1999,365,True,0
952,cars,2000,366,True,0
952,cars,2001,365,True,0
952,cars,2002,365,True,0
952,cars,2003,365,True,0
952,cars,2004,355,True,0
952,cars,2005,362,True,0
952,cars,2006,365,True,0
952,cars,2007,365,True,0
952,cars,2008,366,True,0
952,cars,2009,360,True,0
952,cars,2010,360,True,0
952,cars,2011,365,True,0
952,cars,2012,366,True,0
952,cars,2013,365,True,0
952,cars,2014,365,True,0
952,cars,2015,365,True,0
952,cars,2016,366,True,0
952,cars,2017,365,True,0
952,cars,2018,365,True,0
952,cars,2019,100,False,0
952,upstream,1980,0,False,0
952,upstream,1981,0,False,0
952,upstream,1982,0,False,0
952,upstream,1983,0,False,0
952,upstream,1984,0,False,0
952,upstream,1985,0,False,0
952,upstream,1986,0,False,0
952,upstream,1987,0,False,0
952,upstream,1988,0,False,0
952,upstream,1989,0,False,0
952,upstream,1990,0,False,0
952,upstream,1991,0,False,0
952,upstream,1992,0,False,0
952,upstream,1993,326,False,38
952,upstream,1994,342,True,21
952,upstream,1995,314,False,51
952,upstream,1996,302,False,52
952,upstream,1997,311,False,54
952,upstream,1998,340,True,25
952,upstream,1999,339,True,26
952,upstream,2000,321,False,45
952,upstream,2001,334,True,31
952,upstream,2002,315,False,39
952,upstream,2003,298,False,49
952,upstream,2004,272,False,91
952,upstream,2005,297,False,65
952,upstream,2006,256,False,86
952,upstream,2007,300,False,31
952,upstream,2008,295,False,42
952,upstream,2009,282,False,82
952,upstream,2010,310,False,48
952,upstream,2011,299,False,66
952,upstream,2012,303,False,63
952,upstream,2013,326,False,39
952,upstream,2014,302,False,63
952,upstream,2015,316,False,49
952,upstream,2016,335,True,31
952,upstream,2017,317,False,48
952,upstream,2018,308,False,57
952,upstream,2019,88,False,4
953,cars,1980,324,False,0
953,cars,1981,331,True,0
953,cars,1982,351,True,0
953,cars,1983,346,True,0
953,cars,1984,326,False,0
953,cars,1985,343,True,0
953,cars,1986,361,True,0
953,cars,1987,364,True,0
953,cars,1988,356,True,0
953,cars,1989,358,True,0
953,cars,1990,355,True,0
953,cars,1991,318,False,0
953,cars,1992,358,True,0
953,cars,1993,365,True,0
953,cars,1994,356,True,0
953,cars,1995,363,True,0
953,cars,1996,364,True,0
953,cars,1997,364,True,0
953,cars,1998,361,True,0
953,cars,1999,348,True,0
953,cars,2000,322,False,0
953,cars,2001,347,True,0
953,cars,2002,316,False,0
953,cars,2003,332,True,0
953,cars,2004,321,False,0
953,cars,2005,344,True,0
953,cars,2006,360,True,0
953,cars,2007,348,True,0
953,cars,2008,353,True,0
953,cars,2009,362,True,0
953,cars,2010,345,True,0
953,cars,2011,358,True,0
953,cars,2012,338,True,0
953,cars,2013,336,True,0
953,cars,2014,342,True,0
953,cars,2015,347,True,0
953,cars,2016,336,True,0
953,cars,2017,339,True,0
953,cars,2018,362,True,0
953,cars,2019,99,False,0
953,upstream,1980,197,False,168
953,upstream,1981,194,False,170
953,upstream,1982,217,False,147
953,upstream,1983,229,False,135
953,upstream,1984,239,False,126
953,upstream,1985,226,False,137
953,upstream,1986,250,False,114
953,upstream,1987,288,False,76
953,upstream,1988,254,False,112
953,upstream,1989,239,False,126
953,upstream,1990,261,False,104
953,upstream,1991,216,False,149
953,upstream,1992,242,False,124
953,upstream,1993,310,False,55
953,upstream,1994,267,False,98
953,upstream,1995,264,False,101
953,upstream,1996,274,False,80
953,upstream,1997,262,False,103
953,upstream,1998,267,False,98
953,upstream,1999,254,False,111
953,upstream,2000,206,False,160
953,upstream,2001,244,False,121
953,upstream,2002,201,False,156
953,upstream,2003,207,False,141
953,upstream,2004,195,False,168
953,upstream,2005,204,False,158
953,upstream,2006,196,False,154
953,upstream,2007,230,False,126
953,upstream,2008,215,False,139
953,upstream,2009,231,False,133
953,upstream,2010,249,False,109
953,upstream,2011,224,False,137
953,upstream,2012,200,False,162
953,upstream,2013,211,False,154
953,upstream,2014,188,False,177
953,upstream,2015,203,False,162
953,upstream,2016,218,False,148
953,upstream,2017,241,False,124
953,upstream,2018,254,False,111
953,upstream,2019,81,False,11
956,cars,1980,0,False,0
956,cars,1981,0,False,0
956,cars,1982,0,False,0
956,cars,1983,0,False,0
956,cars,1984,0,False,0
956,cars,1985,0,False,0
956,cars,1986,0,False,0
956,cars,1987,0,False,0
956,cars,1988,0,False,0
956,cars,1989,0,False,0
956,cars,1990,0,False,0
956,cars,1991,0,False,0
956,cars,1992,0,False,0
956,cars,1993,364,True,0
956,cars,1994,365,True,0
956,cars,1995,365,True,0
956,cars,1996,349,True,0
956,cars,1997,365,True,0
956,cars,1998,364,True,0
956,cars,1999,365,True,0
956,cars,2000,330,True,0
956,cars,2001,360,True,0
956,cars,2002,333,True,0
956,cars,2003,335,True,0
956,cars,2004,345,True,0
956,cars,2005,340,True,0
956,cars,2006,336,True,0
956,cars,2007,360,True,0
956,cars,2008,366,True,0
956,cars,2009,365,True,0
956,cars,2010,365,True,0
956,cars,2011,360,True,0
956,cars,2012,345,True,0
956,cars,2013,343,True,0
956,cars,2014,361,True,0
956,cars,2015,358,True,0
956,cars,2016,365,True,0
956,cars,2017,357,True,0
956,cars,2018,239,False,0
956,cars,2019,100,False,0
956,upstream,1980,0,False,0
956,upstream,1981,0,False,0
956,upstream,1982,0,False,0
956,upstream,1983,0,False,0
956,upstream,1984,0,False,0
956,upstream,1985,0,False,0
956,upstream,1986,0,False,0
956,upstream,1987,0,False,0
956,upstream,1988,0,False,0
956,upstream,1989,0,False,0
956,upstream,1990,0,False,0
956,upstream,1991,0,False,0
956,upstream,1992,0,False,0
956,upstream,1993,345,True,19
956,upstream,1994,302,False,63
956,upstream,1995,304,False,61
956,upstream,1996,300,False,48
956,upstream,1997,286,False,79
956,upstream,1998,284,False,81
956,upstream,1999,314,False,51
956,upstream,2000,236,False,130
956,upstream,2001,254,False,110
956,upstream,2002,211,False,146
956,upstream,2003,189,False,166
956,upstream,2004,110,False,131
956,upstream,2005,149,False,75
956,upstream,2006,134,False,110
956,upstream,2007,175,False,76
956,upstream,2008,287,False,79
956,upstream,2009,223,False,29
956,upstream,2010,254,False,55
956,upstream,2011,182,False,72
956,upstream,2012,199,False,123
956,upstream,2013,150,False,125
956,upstream,2014,174,False,115
956,upstream,2015,191,False,122
956,upstream,2016,261,False,68
956,upstream,2017,241,False,45
956,upstream,2018,171,False,14
956,upstream,2019,53,False,7
957,cars,1980,286,False,0
957,cars,1981,324,False,0
957,cars,1982,283,False,0
957,cars,1983,356,True,0
957,cars,1984,363,True,0
957,cars,1985,365,True,0
957,cars,1986,365,True,0
957,cars,1987,365,True,0
957,cars,1988,366,True,0
957,cars,1989,365,True,0
957,cars,1990,365,True,0
957,cars,1991,365,True,0
957,cars,1992,366,True,0
957,cars,1993,365,True,0
957,cars,1994,365,True,0
957,cars,1995,365,True,0
957,cars,1996,366,True,0
957,cars,1997,365,True,0
957,cars,1998,365,True,0
957,cars,1999,365,True,0
957,cars,2000,366,True,0
957,cars,2001,365,True,0
957,cars,2002,365,True,0
957,cars,2003,365,True,0
957,cars,2004,366,True,0
957,cars,2005,356,True,0
957,cars,2006,0,False,0
957,cars,2007,0,False,0
957,cars,2008,0,False,0
957,cars,2009,0,False,0
957,cars,2010,0,False,0
957,cars,2011,0,False,0
957,cars,2012,0,False,0
957,cars,2013,0,False,0
957,cars,2014,0,False,0
957,cars,2015,365,True,0
957,cars,2016,366,True,0
957,cars,2017,365,True,0
957,cars,2018,365,True,0
957,cars,2019,365,True,0
957,upstream,1980,259,False,0
957,upstream,1981,290,False,0
957,upstream,1982,263,False,0
957,upstream,1983,356,True,0
957,upstream,1984,355,True,0
957,upstream,1985,361,True,0
957,upstream,1986,365,True,0
957,upstream,1987,365,True,0
957,upstream,1988,366,True,0
957,upstream,1989,364,True,0
957,upstream,1990,364,True,0
957,upstream,1991,364,True,0
957,upstream,1992,366,True,0
957,upstream,1993,336,True,0
957,upstream,1994,328,False,0
957,upstream,1995,352,True,0
957,upstream,1996,333,True,0
957,upstream,1997,329,True,0
957,upstream,1998,359,True,0
957,upstream,1999,362,True,0
957,upstream,2000,357,True,0
957,upstream,2001,352,True,0
957,upstream,2002,305,False,0
957,upstream,2003,350,True,0
957,upstream,2004,353,True,0
957,upstream,2005,309,False,0
957,upstream,2006,0,False,0
957,upstream,2007,0,False,0
957,upstream,2008,0,False,0
957,upstream,2009,0,False,0
957,upstream,2010,0,False,0
957,upstream,2011,0,False,0
957,upstream,2012,0,False,0
957,upstream,2013,0,False,0
957,upstream,2014,0,False,0
957,upstream,2015,364,True,0
957,upstream,2016,366,True,0
957,upstream,2017,365,True,0
957,upstream,2018,363,True,0
957,upstream,2019,364,True,0
958,cars,1980,353,True,0
958,cars,1981,353,True,0
958,cars,1982,353,True,0
958,cars,1983,359,True,0
958,cars,1984,348,True,0
958,cars,1985,343,True,0
958,cars,1986,353,True,0
958,cars,1987,339,True,0
958,cars,1988,323,False,0
958,cars,1989,357,True,0
958,cars,1990,328,False,0
958,cars,1991,360,True,0
958,cars,1992,362,True,0
958,cars,1993,360,True,0
958,cars,1994,311,False,0
958,cars,1995,347,True,0
958,cars,1996,357,True,0
958,cars,1997,351,True,0
958,cars,1998,339,True,0
958,cars,1999,323,False,0
958,cars,2000,339,True,0
958,cars,2001,327,False,0
958,cars,2002,287,False,0
958,cars,2003,310,False,0
958,cars,2004,339,True,0
958,cars,2005,332,True,0
958,cars,2006,360,True,0
958,cars,2007,328,False,0
958,cars,2008,340,True,0
958,cars,2009,365,True,0
958,cars,2010,363,True,0
958,cars,2011,351,True,0
958,cars,2012,366,True,0
958,cars,2013,365,True,0
958,cars,2014,365,True,0
958,cars,2015,365,True,0
958,cars,2016,366,True,0
958,cars,2017,365,True,0
958,cars,2018,365,True,0
958,cars,2019,92,False,0
958,upstream,1980,263,False,102
958,upstream,1981,252,False,113
958,upstream,1982,253,False,112
958,upstream,1983,265,False,100
958,upstream,1984,251,False,115
958,upstream,1985,247,False,118
958,upstream,1986,235,False,130
958,upstream,1987,249,False,116
958,upstream,1988,221,False,145
958,upstream,1989,236,False,129
958,upstream,1990,210,False,155
958,upstream,1991,258,False,107
958,upstream,1992,219,False,147
958,upstream,1993,273,False,92
958,upstream,1994,231,False,134
958,upstream,1995,263,False,102
958,upstream,1996,240,False,126
958,upstream,1997,233,False,132
958,upstream,1998,229,False,136
958,upstream,1999,237,False,128
958,upstream,2000,218,False,148
958,upstream,2001,198,False,167
958,upstream,2002,176,False,176
958,upstream,2003,195,False,155
958,upstream,2004,154,False,209
958,upstream,2005,178,False,177
958,upstream,2006,182,False,146
958,upstream,2007,217,False,108
958,upstream,2008,229,False,107
958,upstream,2009,279,False,85
958,upstream,2010,264,False,95
958,upstream,2011,239,False,122
958,upstream,2012,345,True,20
958,upstream,2013,365,True,0
958,upstream,2014,365,True,0
958,upstream,2015,365,True,0
958,upstream,2016,366,True,0
958,upstream,2017,365,True,0
958,upstream,2018,365,True,0
958,upstream,2019,92,False,0
969,cars,1980,0,False,0
969,cars,1981,0,False,0
969,cars,1982,0,False,0
969,cars,1983,0,False,0
969,cars,1984,0,False,0
969,cars,1985,0,False,0
969,cars,1986,0,False,0
969,cars,1987,0,False,0
969,cars,1988,0,False,0
969,cars,1989,365,True,0
969,cars,1990,365,True,0
969,cars,1991,365,True,0
969,cars,1992,366,True,0
969,cars,1993,365,True,0
969,cars,1994,365,True,0
969,cars,1995,365,True,0
969,cars,1996,366,True,0
969,cars,1997,365,True,0
969,cars,1998,365,True,0
969,cars,1999,365,True,0
969,cars,2000,0,False,0
969,cars,2001,0,False,0
969,cars,2002,0,False,0
969,cars,2003,0,False,0
969,cars,2004,0,False,0
969,cars,2005,0,False,0
969,cars,2006,0,False,0
969,cars,2007,117,False,0
969,cars,2008,0,False,0
969,cars,2009,0,False,0
969,cars,2010,315,False,0
969,cars,2011,365,True,0
969,cars,2012,366,True,0
969,cars,2013,365,True,0
969,cars,2014,365,True,0
969,cars,2015,101,False,0
969,cars,2016,0,False,0
969,cars,2017,0,False,0
969,cars,2018,0,False,0
969,cars,2019,0,False,0
969,upstream,1980,0,False,0
969,upstream,1981,0,False,0
969,upstream,1982,0,False,0
969,upstream,1983,0,False,0
969,upstream,1984,0,False,0
969,upstream,1985,0,False,0
969,upstream,1986,0,False,0
969,upstream,1987,0,False,0
969,upstream,1988,0,False,0
969,upstream,1989,365,True,0
969,upstream,1990,365,True,0
969,upstream,1991,365,True,0
969,upstream,1992,366,True,0
969,upstream,1993,365,True,0
969,upstream,1994,365,True,0
969,upstream,1995,365,True,0
969,upstream,1996,366,True,0
969,upstream,1997,365,True,0
969,upstream,1998,365,True,0
969,upstream,1999,364,True,0
969,upstream,2000,0,False,0
969,upstream,2001,0,False,0
969,upstream,2002,0,False,0
969,upstream,2003,0,False,0
969,upstream,2004,0,False,0
969,upstream,2005,0,False,0
969,upstream,2006,0,False,0
969,upstream,2007,116,False,0
969,upstream,2008,0,False,0
969,upstream,2009,0,False,0
969,upstream,2010,315,False,0
969,upstream,2011,365,True,0
969,upstream,2012,366,True,0
969,upstream,2013,365,True,0
969,upstream,2014,365,True,0
969,upstream,2015,93,False,0
969,upstream,2016,0,False,0
969,upstream,2017,0,False,0
969,upstream,2018,0,False,0
969,upstream,2019,0,False,0
974,cars,1980,0,False,0
974,cars,1981,0,False,0
974,cars,1982,0,False,0
974,cars,1983,0,False,0
974,cars,1984,0,False,0
974,cars,1985,14,False,0
974,cars,1986,365,True,0
974,cars,1987,365,True,0
974,cars,1988,366,True,0
974,cars,1989,365,True,0
974,cars,1990,365,True,0
974,cars,1991,365,True,0
974,cars,1992,366,True,0
974,cars,1993,365,True,0
974,cars,1994,365,True,0
974,cars,1995,365,True,0
974,cars,1996,366,True,0
974,cars,1997,365,True,0
974,cars,1998,365,True,0
974,cars,1999,365,True,0
974,cars,2000,366,True,0
974,cars,2001,365,True,0
974,cars,2002,365,True,0
974,cars,2003,365,True,0
974,cars,2004,366,True,0
974,cars,2005,365,True,0
974,cars,2006,365,True,0
974,cars,2007,365,True,0
974,cars,2008,366,True,0
974,cars,2009,365,True,0
974,cars,2010,365,True,0
974,cars,2011,365,True,0
974,cars,2012,366,True,0
974,cars,2013,365,True,0
974,cars,2014,365,True,0
974,cars,2015,94,False,0
974,cars,2016,0,False,0
974,cars,2017,0,False,0
974,cars,2018,0,False,0
974,cars,2019,0,False,0
974,upstream,1980,0,False,0
974,upstream,1981,0,False,0
974,upstream,1982,0,False,0
974,upstream,1983,0,False,0
974,upstream,1984,0,False,0
974,upstream,1985,14,False,0
974,upstream,1986,365,True,0
974,upstream,1987,365,True,0
974,upstream,1988,366,True,0
974,upstream,1989,365,True,0
974,upstream,1990,365,True,0
974,upstream,1991,365,True,0
974,upstream,1992,366,True,0
974,upstream,1993,365,True,0
974,upstream,1994,365,True,0
974,upstream,1995,365,True,0
974,upstream,1996,366,True,0
974,upstream,1997,365,True,0
974,upstream,1998,365,True,0
974,upstream,1999,365,True,0
974,upstream,2000,366,True,0
974,upstream,2001,365,True,0
974,upstream,2002,365,True,0
974,upstream,2003,365,True,0
974,upstream,2004,366,True,0
974,upstream,2005,365,True,0
974,upstream,2006,365,True,0
974,upstream,2007,365,True,0
974,upstream,2008,366,True,0
974,upstream,2009,365,True,0
974,upstream,2010,365,True,0
974,upstream,2011,365,True,0
974,upstream,2012,366,True,0
974,upstream,2013,365,True,0
974,upstream,2014,365,True,0
974,upstream,2015,93,False,0
974,upstream,2016,0,False,0
974,upstream,2017,0,False,0
974,upstream,2018,0,False,0
974,upstream,2019,0,False,0
976,cars,1980,0,False,0
976,cars,1981,0,False,0
976,cars,1982,0,False,0
976,cars,1983,0,False,0
976,cars,1984,0,False,0
976,cars,1985,0,False,0
976,cars,1986,0,False,0
976,cars,1987,0,False,0
976,cars,1988,0,False,0
976,cars,1989,0,False,0
976,cars,1990,0,False,0
976,cars,1991,0,False,0
976,cars,1992,0,False,0
976,cars,1993,122,False,0
976,cars,1994,364,True,0
976,cars,1995,365,True,0
976,cars,1996,352,True,0
976,cars,1997,353,True,0
976,cars,1998,337,True,0
976,cars,1999,363,True,0
976,cars,2000,329,False,0
976,cars,2001,356,True,0
976,cars,2002,308,False,0
976,cars,2003,326,False,0
976,cars,2004,337,True,0
976,cars,2005,350,True,0
976,cars,2006,339,True,0
976,cars,2007,341,True,0
976,cars,2008,356,True,0
976,cars,2009,357,True,0
976,cars,2010,355,True,0
976,cars,2011,350,True,0
976,cars,2012,329,False,0
976,cars,2013,333,True,0
976,cars,2014,349,True,0
976,cars,2015,320,False,0
976,cars,2016,358,True,0
976,cars,2017,327,False,0
976,cars,2018,364,True,0
976,cars,2019,91,False,0
976,upstream,1980,0,False,0
976,upstream,1981,0,False,0
976,upstream,1982,0,False,0
976,upstream,1983,0,False,0
976,upstream,1984,0,False,0
976,upstream,1985,0,False,0
976,upstream,1986,0,False,0
976,upstream,1987,0,False,0
976,upstream,1988,0,False,0
976,upstream,1989,0,False,0
976,upstream,1990,0,False,0
976,upstream,1991,0,False,0
976,upstream,1992,0,False,0
976,upstream,1993,106,False,14
976,upstream,1994,257,False,108
976,upstream,1995,232,False,133
976,upstream,1996,260,False,94
976,upstream,1997,256,False,109
976,upstream,1998,250,False,115
976,upstream,1999,228,False,137
976,upstream,2000,183,False,183
976,upstream,2001,221,False,144
976,upstream,2002,140,False,214
976,upstream,2003,142,False,205
976,upstream,2004,137,False,226
976,upstream,2005,147,False,210
976,upstream,2006,109,False,228
976,upstream,2007,164,False,167
976,upstream,2008,141,False,185
976,upstream,2009,189,False,175
976,upstream,2010,237,False,121
976,upstream,2011,154,False,205
976,upstream,2012,138,False,227
976,upstream,2013,132,False,233
976,upstream,2014,165,False,200
976,upstream,2015,161,False,204
976,upstream,2016,189,False,177
976,upstream,2017,172,False,193
976,upstream,2018,180,False,185
976,upstream,2019,86,False,6
982,cars,1980,366,True,0
982,cars,1981,365,True,0
982,cars,1982,365,True,0
982,cars,1983,365,True,0
982,cars,1984,366,True,0
982,cars,1985,365,True,0
982,cars,1986,365,True,0
982,cars,1987,365,True,0
982,cars,1988,366,True,0
982,cars,1989,365,True,0
982,cars,1990,365,True,0
982,cars,1991,365,True,0
982,cars,1992,366,True,0
982,cars,1993,365,True,0
982,cars,1994,365,True,0
982,cars,1995,365,True,0
982,cars,1996,366,True,0
982,cars,1997,365,True,0
982,cars,1998,365,True,0
982,cars,1999,365,True,0
982,cars,2000,366,True,0
982,cars,2001,365,True,0
982,cars,2002,365,True,0
982,cars,2003,365,True,0
982,cars,2004,366,True,0
982,cars,2005,365,True,0
982,cars,2006,365,True,0
982,cars,2007,365,True,0
982,cars,2008,366,True,0
982,cars,2009,365,True,0
982,cars,2010,365,True,0
982,cars,2011,365,True,0
982,cars,2012,366,True,0
982,cars,2013,365,True,0
982,cars,2014,365,True,0
982,cars,2015,94,False,0
982,cars,2016,0,False,0
982,cars,2017,0,False,0
982,cars,2018,0,False,0
982,cars,2019,0,False,0
982,upstream,1980,366,True,0
982,upstream,1981,365,True,0
982,upstream,1982,365,True,0
982,upstream,1983,365,True,0
982,upstream,1984,366,True,0
982,upstream,1985,365,True,0
982,upstream,1986,365,True,0
982,upstream,1987,365,True,0
982,upstream,1988,366,True,0
982,upstream,1989,365,True,0
982,upstream,1990,365,True,0
982,upstream,1991,365,True,0
982,upstream,1992,366,True,0
982,upstream,1993,365,True,0
982,upstream,1994,365,True,0
982,upstream,1995,365,True,0
982,upstream,1996,366,True,0
982,upstream,1997,365,True,0
982,upstream,1998,365,True,0
982,upstream,1999,365,True,0
982,upstream,2000,366,True,0
982,upstream,2001,365,True,0
982,upstream,2002,365,True,0
982,upstream,2003,365,True,0
982,upstream,2004,366,True,0
982,upstream,2005,365,True,0
982,upstream,2006,365,True,0
982,upstream,2007,365,True,0
982,upstream,2008,366,True,0
982,upstream,2009,365,True,0
982,upstream,2010,365,True,0
982,upstream,2011,365,True,0
982,upstream,2012,366,True,0
982,upstream,2013,365,True,0
982,upstream,2014,365,True,0
982,upstream,2015,93,False,0
982,upstream,2016,0,False,0
982,upstream,2017,0,False,0
982,upstream,2018,0,False,0
982,upstream,2019,0,False,0
987,cars,1980,0,False,0
987,cars,1981,0,False,0
987,cars,1982,0,False,0
987,cars,1983,0,False,0
987,cars,1984,0,False,0
987,cars,1985,365,True,0
987,cars,1986,365,True,0
987,cars,1987,365,True,0
987,cars,1988,366,True,0
987,cars,1989,365,True,0
987,cars,1990,365,True,0
987,cars,1991,365,True,0
987,cars,1992,366,True,0
987,cars,1993,365,True,0
987,cars,1994,365,True,0
987,cars,1995,365,True,0
987,cars,1996,366,True,0
987,cars,1997,365,True,0
987,cars,1998,365,True,0
987,cars,1999,365,True,0
987,cars,2000,366,True,0
987,cars,2001,365,True,0
987,cars,2002,365,True,0
987,cars,2003,365,True,0
987,cars,2004,366,True,0
987,cars,2005,365,True,0
987,cars,2006,365,True,0
987,cars,2007,365,True,0
987,cars,2008,366,True,0
987,cars,2009,365,True,0
987,cars,2010,365,True,0
987,cars,2011,365,True,0
987,cars,2012,362,True,0
987,cars,2013,319,False,0
987,cars,2014,166,False,0
987,cars,2015,230,False,0
987,cars,2016,74,False,0
987,cars,2017,230,False,0
987,cars,2018,365,True,0
987,cars,2019,34,False,0
987,upstream,1980,0,False,0
987,upstream,1981,0,False,0
987,upstream,1982,0,False,0
987,upstream,1983,0,False,0
987,upstream,1984,0,False,0
987,upstream,1985,365,True,0
987,upstream,1986,365,True,0
987,upstream,1987,365,True,0
987,upstream,1988,366,True,0
987,upstream,1989,365,True,0
987,upstream,1990,365,True,0
987,upstream,1991,365,True,0
987,upstream,1992,366,True,0
987,upstream,1993,365,True,0
987,upstream,1994,364,True,1
987,upstream,1995,365,True,0
987,upstream,1996,366,True,0
987,upstream,1997,365,True,0
987,upstream,1998,365,True,0
987,upstream,1999,365,True,0
987,upstream,2000,366,True,0
987,upstream,2001,365,True,0
987,upstream,2002,365,True,0
987,upstream,2003,365,True,0
987,upstream,2004,366,True,0
987,upstream,2005,365,True,0
987,upstream,2006,365,True,0
987,upstream,2007,365,True,0
987,upstream,2008,366,True,0
987,upstream,2009,365,True,0
987,upstream,2010,365,True,0
987,upstream,2011,365,True,0
987,upstream,2012,358,True,1
987,upstream,2013,307,False,2
987,upstream,2014,161,False,0
987,upstream,2015,230,False,0
987,upstream,2016,70,False,0
987,upstream,2017,230,False,0
987,upstream,2018,364,True,0
987,upstream,2019,32,False,1
989,cars,1980,366,True,0
989,cars,1981,365,True,0
989,cars,1982,365,True,0
989,cars,1983,365,True,0
989,cars,1984,366,True,0
989,cars,1985,365,True,0
989,cars,1986,365,True,0
989,cars,1987,365,True,0
989,cars,1988,366,True,0
989,cars,1989,365,True,0
989,cars,1990,365,True,0
989,cars,1991,365,True,0
989,cars,1992,366,True,0
989,cars,1993,365,True,0
989,cars,1994,365,True,0
989,cars,1995,365,True,0
989,cars,1996,366,True,0
989,cars,1997,365,True,0
989,cars,1998,365,True,0
989,cars,1999,365,True,0
989,cars,2000,366,True,0
989,cars,2001,365,True,0
989,cars,2002,365,True,0
989,cars,2003,365,True,0
989,cars,2004,366,True,0
989,cars,2005,365,True,0
989,cars,2006,365,True,0
989,cars,2007,365,True,0
989,cars,2008,366,True,0
989,cars,2009,365,True,0
989,cars,2010,365,True,0
989,cars,2011,365,True,0
989,cars,2012,366,True,0
989,cars,2013,365,True,0
989,cars,2014,365,True,0
989,cars,2015,94,False,0
989,cars,2016,0,False,0
989,cars,2017,0,False,0
989,cars,2018,0,False,0
989,cars,2019,0,False,0
989,upstream,1980,366,True,0
989,upstream,1981,365,True,0
989,upstream,1982,365,True,0
989,upstream,1983,365,True,0
989,upstream,1984,366,True,0
989,upstream,1985,365,True,0
989,upstream,1986,365,True,0
989,upstream,1987,365,True,0
989,upstream,1988,366,True,0
989,upstream,1989,365,True,0
989,upstream,1990,365,True,0
989,upstream,1991,365,True,0
989,upstream,1992,366,True,0
989,upstream,1993,365,True,0
989,upstream,1994,365,True,0
989,upstream,1995,365,True,0
989,upstream,1996,366,True,0
989,upstream,1997,365,True,0
989,upstream,1998,365,True,0
989,upstream,1999,365,True,0
989,upstream,2000,366,True,0
989,upstream,2001,365,True,0
989,upstream,2002,365,True,0
989,upstream,2003,365,True,0
989,upstream,2004,366,True,0
989,upstream,2005,365,True,0
989,upstream,2006,365,True,0
989,upstream,2007,365,True,0
989,upstream,2008,366,True,0
989,upstream,2009,365,True,0
989,upstream,2010,365,True,0
989,upstream,2011,365,True,0
989,upstream,2012,366,True,0
989,upstream,2013,365,True,0
989,upstream,2014,365,True,0
989,upstream,2015,93,False,0
989,upstream,2016,0,False,0
989,upstream,2017,0,False,0
989,upstream,2018,0,False,0
989,upstream,2019,0,False,0
993,cars,1980,0,False,0
993,cars,1981,0,False,0
993,cars,1982,0,False,0
993,cars,1983,0,False,0
993,cars,1984,0,False,0
993,cars,1985,0,False,0
993,cars,1986,0,False,0
993,cars,1987,273,False,0
993,cars,1988,366,True,0
993,cars,1989,365,True,0
993,cars,1990,365,True,0
993,cars,1991,365,True,0
993,cars,1992,366,True,0
993,cars,1993,365,True,0
993,cars,1994,365,True,0
993,cars,1995,365,True,0
993,cars,1996,366,True,0
993,cars,1997,365,True,0
993,cars,1998,365,True,0
993,cars,1999,365,True,0
993,cars,2000,366,True,0
993,cars,2001,365,True,0
993,cars,2002,365,True,0
993,cars,2003,365,True,0
993,cars,2004,366,True,0
993,cars,2005,365,True,0
993,cars,2006,365,True,0
993,cars,2007,365,True,0
993,cars,2008,92,False,0
993,cars,2009,0,False,0
993,cars,2010,0,False,0
993,cars,2011,0,False,0
993,cars,2012,0,False,0
993,cars,2013,0,False,0
993,cars,2014,0,False,0
993,cars,2015,0,False,0
993,cars,2016,0,False,0
993,cars,2017,0,False,0
993,cars,2018,0,False,0
993,cars,2019,0,False,0
993,upstream,1980,0,False,0
993,upstream,1981,0,False,0
993,upstream,1982,0,False,0
993,upstream,1983,0,False,0
993,upstream,1984,0,False,0
993,upstream,1985,0,False,0
993,upstream,1986,0,False,0
993,upstream,1987,272,False,0
993,upstream,1988,366,True,0
993,upstream,1989,365,True,0
993,upstream,1990,365,True,0
993,upstream,1991,365,True,0
993,upstream,1992,366,True,0
993,upstream,1993,365,True,0
993,upstream,1994,365,True,0
993,upstream,1995,365,True,0
993,upstream,1996,364,True,0
993,upstream,1997,365,True,0
993,upstream,1998,365,True,0
993,upstream,1999,365,True,0
993,upstream,2000,366,True,0
993,upstream,2001,365,True,0
993,upstream,2002,365,True,0
993,upstream,2003,365,True,0
993,upstream,2004,366,True,0
993,upstream,2005,364,True,0
993,upstream,2006,364,True,0
993,upstream,2007,364,True,0
993,upstream,2008,92,False,0
993,upstream,2009,0,False,0
993,upstream,2010,0,False,0
993,upstream,2011,0,False,0
993,upstream,2012,0,False,0
993,upstream,2013,0,False,0
993,upstream,2014,0,False,0
993,upstream,2015,0,False,0
993,upstream,2016,0,False,0
993,upstream,2017,0,False,0
993,upstream,2018,0,False,0
993,upstream,2019,0,False,0
