source_cars,country_cars,ID,period,flagged_cars,MAIN_BAS_cars,early_start_cars,early_end_cars,late_start_cars,late_end_cars,early_nyears_cars,late_nyears_cars,mean_shift_cars,season_shift_cars,abs_shape_change_cars,early_shape_cars,early_ratio_cars,early_low10_cars,early_cv_cars,early_zero_delta_cars,early_mean_in_cars,early_concentration_cars,early_trend_cars,early_month1_cars,early_month2_cars,early_month3_cars,early_month4_cars,early_month5_cars,early_month6_cars,early_month7_cars,early_month8_cars,early_month9_cars,early_month10_cars,early_month11_cars,early_month12_cars,late_shape_cars,late_ratio_cars,late_low10_cars,late_cv_cars,late_zero_delta_cars,late_mean_in_cars,late_concentration_cars,late_trend_cars,late_month1_cars,late_month2_cars,late_month3_cars,late_month4_cars,late_month5_cars,late_month6_cars,late_month7_cars,late_month8_cars,late_month9_cars,late_month10_cars,late_month11_cars,late_month12_cars,source_upstream,country_upstream,flagged_upstream,MAIN_BAS_upstream,early_start_upstream,early_end_upstream,late_start_upstream,late_end_upstream,early_nyears_upstream,late_nyears_upstream,mean_shift_upstream,season_shift_upstream,abs_shape_change_upstream,early_shape_upstream,early_ratio_upstream,early_low10_upstream,early_cv_upstream,early_zero_delta_upstream,early_mean_in_upstream,early_concentration_upstream,early_trend_upstream,early_month1_upstream,early_month2_upstream,early_month3_upstream,early_month4_upstream,early_month5_upstream,early_month6_upstream,early_month7_upstream,early_month8_upstream,early_month9_upstream,early_month10_upstream,early_month11_upstream,early_month12_upstream,late_shape_upstream,late_ratio_upstream,late_low10_upstream,late_cv_upstream,late_zero_delta_upstream,late_mean_in_upstream,late_concentration_upstream,late_trend_upstream,late_month1_upstream,late_month2_upstream,late_month3_upstream,late_month4_upstream,late_month5_upstream,late_month6_upstream,late_month7_upstream,late_month8_upstream,late_month9_upstream,late_month10_upstream,late_month11_upstream,late_month12_upstream
cars,US,1001,train,False,7060047060.0,1980,1989,1990,1999,10,10,0.30357989200048513,0.23480505749603375,0.0859488165921406,0.21349272204209602,0.572851244440706,0.0,3.5793356285817914,-0.10876712328767121,3.588237378509033,0.11041336395757737,0.39328281506996987,0.03499247349740156,0.07043428425904878,0.1446805099372617,0.1711750187804933,0.14047604741217934,0.11018365315173384,0.042640821101816266,0.052411775078577194,0.03664314848732969,0.11268782919538384,0.03924866993584086,0.044425769162933525,0.2994415386342366,0.7572490798431898,0.029212189318620185,3.7985236008908774,-0.401697699890471,4.860984517496864,0.12967962211756645,0.3619415152206642,0.020500607420091493,0.0461520640472545,0.09030169916717806,0.1426166209455653,0.1891570665601596,0.20290851449074773,0.056436468942660294,0.040485667069055785,0.022231041312289226,0.025932281778027956,0.11600802187658876,0.04726994639038119,upstream,US,False,7060047060.0,1980,1989,1990,1999,10,10,0.3023592475725824,0.23289225032191668,0.09994350280212252,0.24525958501172093,0.5728665516056787,0.0,3.913202225822618,-0.13076923076923075,3.5930936813186816,0.11021780404087414,0.39616975224228934,0.03570425589812447,0.072840287850754,0.14349567596138535,0.17035596601263675,0.14296971272957182,0.10754048078039825,0.042304142539629414,0.052776996406644294,0.0369178936912014,0.11243647287022931,0.03788525621611852,0.044772859043306606,0.34520308781384346,0.7571921979226182,0.02920833836487735,4.135353381732913,-0.4397590361445783,4.861625410733845,0.1294614941859765,0.36218817458155605,0.020894631808129654,0.04576720607822534,0.09027187009424457,0.14335969111426322,0.18932318373276283,0.2029598320575741,0.055538558449118924,0.04035904722682321,0.022711563659695802,0.028271288387677014,0.11401904942568304,0.046524077965802324
cars,US,1003,train,False,7060047060.0,1980,1989,1990,1999,10,10,0.026468497180830178,0.1790047968356784,0.033344269377052316,0.43123504477117447,0.9863783381343949,0.0037978029965581965,3.292402688188013,-0.021626060771968245,15.008677398921673,0.10582730192679754,0.3666886342569876,0.0340810462752199,0.08516582476220926,0.13374220854977995,0.1492959655270022,0.1356966714822,0.12585834199344595,0.015462033509247491,0.06111150387181932,0.039760479683307266,0.10276839104342553,0.06128852693282357,0.05576900636951958,0.39789077539412215,0.9657489691380513,0.0035958606576160577,3.6712907746100636,-0.08242059145673604,15.411238627752114,0.11142053394138113,0.1836589403357946,0.03193860824769264,0.05785435052104286,0.10608031617401,0.1444107478715702,0.172172787489001,0.10804813551279706,0.058030135452563955,0.024337580865347205,0.032168749814997635,0.04794047586307344,0.14583602213716468,0.07118209005073947,upstream,US,False,7060047060.0,1980,1989,1990,1999,10,10,0.02587087753259041,0.1735093706449538,0.041457000836928104,0.4774643312275672,0.9861622784263714,0.0037951372334757484,3.570414960206862,-0.023561643835616437,15.019219726027398,0.10566020266461608,0.36580626777478226,0.03420804086789106,0.08645961069206813,0.13284428689654126,0.14862140477100466,0.13967387394329006,0.12181584246610624,0.015195707593076355,0.061689577219705624,0.040254539972818755,0.10178707640212308,0.06156447723822437,0.05588556193715041,0.4360073303906391,0.9660557626344413,0.005514878838243391,3.964799140225918,-0.09419496166484119,15.412849945235488,0.1114533023557359,0.183879884577454,0.03213146211906084,0.057950802348959614,0.10642829641302985,0.14570431764451391,0.17142271224733036,0.10712711658925014,0.058008345975520625,0.023997877476951993,0.033451572250349136,0.04737956380118948,0.14644259579992286,0.06995533733392116
cars,US,1006,train,False,7060047060.0,1980,1989,1990,1999,10,10,0.10326090585019816,0.17892085930867035,0.06862479260299176,0.5012735670465238,0.9014397634809794,-0.04884094855848108,2.146493076321936,0.0002737476047084588,34.7863841744526,0.10456745716180378,0.3717491462529604,0.06847122711069707,0.10576480474599391,0.1456131816343494,0.14490075819444762,0.08024100435804025,0.06564613301974953,0.030011317755819156,0.028363227588115,0.026150343142133707,0.0630303919950164,0.1122953944082225,0.12951221604741553,0.43264877444353206,0.917394424756589,-0.06240525465652513,2.1213441714161885,0.0,38.57046995878772,0.10316978296641854,-0.18471233776016818,0.07661065288287822,0.0721940257848428,0.12081555104529067,0.13318199627391117,0.17359620630911554,0.08733334493391853,0.04599332835005481,0.018870787050905658,0.06590735221914285,0.04443869924504921,0.09130161757639188,0.0697564383284985,upstream,US,False,7060047060.0,1980,1989,1990,1999,10,10,0.10313476972590781,0.17804423733910402,0.07609811491452956,0.5610128012044433,0.9014118440718742,-0.048832948268498606,2.316097876428755,0.0010949904188338351,34.79208321927183,0.10460113158313995,0.3717829104620693,0.06819181925273818,0.10574970880160332,0.1465172876328883,0.1441623573080648,0.07954391454361713,0.06559987027076022,0.03026285435170472,0.027933636979064876,0.026990149452993925,0.06250316691042042,0.11284675111970938,0.1296984833764348,0.48491468628991374,0.9174135892589784,-0.05872146899807322,2.2550236291986283,-0.0002738225629791895,38.57192332968236,0.10314826871749366,-0.1847975538545575,0.07694899978606418,0.07224306444943497,0.12074541987336157,0.13398671081911642,0.17300398345464413,0.08681765641381858,0.0458749186382186,0.018864340598576234,0.06598728691817275,0.044392701635947544,0.09154116890521245,0.06959374850743263
cars,US,1007,train,False,7060047060.0,1980,1989,1990,1999,10,10,0.1012363802221713,0.17994865333664378,0.003370227203922993,0.41288169543431374,0.9792224413395029,0.004836773181822407,3.3945711580149878,-0.0186148371201752,10.535605333912565,0.11277308543351316,0.3654310620084692,0.03773766771639144,0.09037694410725597,0.1436526438625422,0.1731421180092142,0.1436773462048166,0.11550591684656727,0.020758416345979806,0.03051248322970433,0.035918092340008166,0.09985387693193219,0.050350492835891235,0.05851400156969656,0.40951146823039075,0.9638037299089863,0.004803547971459319,3.44507563388024,-0.07749178532311062,11.658049494400528,0.11580871225993541,0.283416625615017,0.03610864698756296,0.0539979771158255,0.11459343401843726,0.1427400367338031,0.16622323358751798,0.14542629407383686,0.0422962001113121,0.02941249864129473,0.02154153384130112,0.03285104552218003,0.1393027131343879,0.07550638623254037,upstream,US,False,7060047060.0,1980,1989,1990,1999,10,10,0.10119572271230903,0.17803068252089074,0.008764105867713923,0.45743059170394984,0.9789574934852987,0.0054092757853095716,3.735589818940708,-0.019983575143717493,10.537454968519027,0.11265743205455696,0.36552369256996087,0.03751071322161508,0.09264908098477234,0.142567920155919,0.17219973448382203,0.14752688407805165,0.1114182321957499,0.02048137023659921,0.030740993704284767,0.03661629836426436,0.0989605911653821,0.05046950610109706,0.05885867530844245,0.4486664858362359,0.9640009591145707,0.007290116188134879,3.781110725606949,-0.08762322015334063,11.65962212486309,0.11595109806643798,0.28371907618168524,0.036499452571972346,0.05385686647593971,0.11476665381271528,0.14413134139359066,0.1654332901058549,0.1449958831345668,0.04159778999712078,0.02928493358765683,0.02196978272438326,0.03270561899291092,0.14039603165172024,0.07436235555156838
cars,US,1017,train,False,7060047060.0,1980,1989,1990,1999,10,10,0.07311152670124513,0.1465821377019887,0.07372010611305324,0.3606118019797683,0.9908748197156512,-0.050661013468160376,2.141879787126787,0.0046537092800438,27.393040097895348,0.10154911964275169,0.2153384659784099,0.07464930463429661,0.10554976679910183,0.0961019456108242,0.12415678952327222,0.10447270141598894,0.07703013699145232,0.03414289495215856,0.0384565448931413,0.03097420178615421,0.04185087469762931,0.11603178299128616,0.15658305570469416,0.28689169586671504,0.9924843437302984,-0.010208946932849452,1.7789201090995068,0.0,29.470816331888248,0.10589994434186288,0.00940432931704901,0.10060860964647546,0.08089615329031082,0.11565827205850188,0.168033351621012,0.1474698422602029,0.06847957612171923,0.04632966051058345,0.030987956835868743,0.03298023952790784,0.031359315365402166,0.10100069477415227,0.07619632798786323,upstream,US,False,7060047060.0,1980,1989,1990,1999,10,10,0.0732079219724475,0.14615047495832215,0.07344854359975173,0.3795487517414089,0.9908638628068488,-0.04857978041438171,2.3342100015222185,0.005474952094169176,27.395957508404052,0.10148864995273896,0.2153256830533406,0.07436463116009456,0.10553286776857265,0.09828739516330463,0.12304287779334737,0.1032885170596791,0.07688995013545352,0.034071292371747906,0.038515287870570084,0.030887551294914398,0.04189313189609786,0.11710547797298113,0.15612101951323673,0.30610020814165717,0.9923696418669593,-0.009606471373662271,1.9407568880716333,0.0,29.476796316319824,0.10587028153374214,0.009541308135397818,0.10003698438869488,0.0815405812914759,0.11522688843972176,0.16859541393580182,0.14677830726188207,0.06823540800146465,0.04633412633193778,0.03078805683074828,0.03312101944337179,0.03145277624918324,0.1013727363502353,0.07651770147548245
cars,US,1017,test,False,7060047060.0,2000,2009,2010,2019,10,10,0.24177886827061593,0.08936960038271644,0.07034695351870968,0.3063632691613325,0.9922848092369912,-0.01580790911346774,2.2306606206254185,0.0,24.48117988842435,0.1125031076862521,0.2414487875196399,0.08021223841706773,0.09831273395018997,0.15294341900555344,0.14130351989282972,0.17864208861531267,0.06628227910014979,0.03561890605251853,0.027048614557814526,0.034183008397172296,0.02746530510192866,0.06603710995856618,0.09195077695089626,0.3767102226800422,0.9876262748847598,-0.0023538985585335784,2.4312780824503624,0.0,31.177089769061546,0.11043514027520925,0.2682665491913383,0.07085769949007727,0.07294722455822401,0.11012121267682091,0.1698499780751085,0.18867677075119466,0.06599329110025977,0.04798978220344943,0.050519010942912675,0.03050277382722329,0.04241249263045537,0.06262717877348059,0.08750258497079351,upstream,US,False,7060047060.0,2000,2009,2010,2019,10,10,0.24159651323135697,0.09128684892477756,0.06618069084107314,0.32732625657686143,0.9923587118366136,-0.02313219992086837,2.4049742148763946,0.0,24.48258280394197,0.11239669627848295,0.24148972045014358,0.07996376609656332,0.09882635588968862,0.1529362632846583,0.14144393560155183,0.17800237338131958,0.06614207084135405,0.035696283650130625,0.02687938834221355,0.03416732945607268,0.027539222788354936,0.0667107189532878,0.09169229171480485,0.39350694741793457,0.9878151033770952,-0.002725110791587422,2.5923607510533575,0.0,31.173191292716325,0.11016678882381603,0.26872357012826426,0.07052107172804364,0.07352128041443717,0.11059507455435094,0.17190932116648958,0.1858940445295288,0.06563248761907514,0.047958318440741186,0.050495636365621,0.03044756636628393,0.044590732185967374,0.06083270093184784,0.08760176569761324
cars,US,1020,train,False,7060047060.0,1980,1989,1990,1999,9,10,0.1264518298373936,0.10368673838130858,0.05627947551919732,0.3335270762765681,0.940247040841603,0.0018631831169473106,3.277256998108301,-0.016272643536997235,15.028045147744768,0.11613333508568152,0.6101453409496851,0.03154561242154381,0.07433880701904934,0.13604994950723592,0.13146400013661463,0.15718244332174308,0.15585559921808123,0.034163278349276516,0.00749389829431002,0.03431277623910032,0.128132866924903,0.05725769292619929,0.052203075641942674,0.3898065517957654,0.9409835525025927,0.010722676044316665,2.5456494155489597,-0.17031763417305587,13.242962802673143,0.1186907207201656,0.26047681760258123,0.042334228504317443,0.06438728829498072,0.13039724294539828,0.13638870977592482,0.18851885477303257,0.15723792577369927,0.06507032946243375,0.008991380487609644,0.014728861162183374,0.05963426890641763,0.07079761904172621,0.06151329087227613,upstream,US,False,7060047060.0,1980,1989,1990,1999,9,10,0.12715970181130307,0.10467909061040141,0.05669057556068158,0.36001700477067244,0.9393936266797575,0.0037902036320506334,3.4310757378601,-0.01997541487400123,15.038769821757837,0.11547191388136692,0.6091097303868582,0.03140616456662095,0.07541017166509417,0.13678464780142013,0.1308340579338913,0.1572661498531648,0.1545320773758348,0.03395340177611413,0.007504492026212847,0.03707079000911331,0.12543144734475165,0.057481117693814816,0.052325481953967086,0.416707580331354,0.9410700827753254,0.010722616882249401,2.6449103130359712,-0.18838992332968235,13.24303587075575,0.11855351620734374,0.26043141429876626,0.042788489939131244,0.06448426353664112,0.13041995020756014,0.1378300115870279,0.18841962173716426,0.15564402021877335,0.06474489360968763,0.008962056086557884,0.0147995287444369,0.060314223721339655,0.07046275143435966,0.061130189177320195
cars,US,1021,train,False,7060047060.0,1980,1989,1990,1999,10,10,0.496890099717678,0.1073774999729562,0.017372212820955274,0.16201282049002438,0.9126215519401153,-0.034510886173520605,1.9494305080143708,0.014234875444839857,16.44650127149811,0.10625221111845684,0.3508020547251844,0.03615974383299278,0.048004089295222645,0.11571361871880338,0.11845323023618493,0.1537837249009544,0.16699403138479896,0.07298944436759494,0.0391342489733661,0.055229729708423,0.08548102580657224,0.07175698727306903,0.03630012550201757,0.17938503331097966,0.9837281574271821,-0.009516058301949558,2.142351195680906,-0.022453450164293537,27.03150035142546,0.09958990698955555,0.9251681107875727,0.04121907009567097,0.04246432887140811,0.08324885766368521,0.118141136769547,0.1537377172647501,0.13617919617382712,0.09932066959429454,0.09162718955390482,0.05269131715717277,0.04981939617761298,0.0863739007378418,0.0451772199402844,upstream,US,False,7060047060.0,1980,1989,1990,1999,10,10,0.4965974681621297,0.1064804145685759,0.019006651150896753,0.17277461085756865,0.912526844800551,-0.032700935065703485,2.0008728000751703,0.016698603887215984,16.452128935121817,0.10621301433836684,0.35101610997218907,0.03631757980794124,0.048425857950832214,0.11597970483244431,0.11834464463481613,0.1542096425989466,0.1668038971356678,0.07200645355086813,0.03940670047752543,0.0560110298188706,0.08498967888769095,0.07123300449102622,0.03627180581337053,0.1917812620084654,0.9837320791287422,-0.0031443239316102946,2.214072470896591,-0.023274917853231106,27.03283817086528,0.09946409063357288,0.925215760385955,0.041394859452761834,0.042357179376731634,0.08343547929238025,0.1185474949461339,0.15339995852069296,0.13653158542876007,0.09859301076208225,0.09160084548907471,0.052786707983905626,0.051428486053406004,0.08478920383280954,0.04513518886126135
cars,US,1023,train,False,7060047060.0,1980,1989,1990,1999,10,10,0.1501581106666808,0.1657399597456631,0.03365804442986439,0.2389707754547138,0.9646084507883987,-0.0587195959163853,1.9204448090587967,0.0035587188612099642,96.4413993594901,0.09867014534510682,0.39068110447727017,0.037150820198804176,0.05603473190697841,0.1273276966001512,0.13755291984553938,0.12339156224456364,0.12506015893128747,0.07160496887594638,0.045299063829510204,0.06040718077644558,0.10291419432430789,0.0692423454072826,0.04401435705918306,0.2053127310248494,0.9734506699702858,-0.0640365647246809,2.0757766288171977,0.0,112.06663772258996,0.10531744171909926,0.3552068345579249,0.0385988280688527,0.05314233634177258,0.09182338816753771,0.09747856191700682,0.1630258795693422,0.16350688451568543,0.10288268383028253,0.060981036189354194,0.03929217536143681,0.03676030192000544,0.09781618862987984,0.05469173548884379,upstream,US,False,7060047060.0,1980,1989,1990,1999,10,10,0.15016499659420376,0.16474834897485868,0.032714238400443935,0.2531369659477044,0.9645440167881646,-0.05870861291322154,1.986598314362842,0.004106214070626882,96.45944128113878,0.09852220084892853,0.39081024556531596,0.03722523847546062,0.05658276569942171,0.12811252098629092,0.1366351682077101,0.12403565313314449,0.12440894077569652,0.07111777495863474,0.04564552347890415,0.060938323623471874,0.10197107959282116,0.0692357024488653,0.04409130861957845,0.22042272754726047,0.9734140428389485,-0.051739531608440005,2.11970492899036,0.0030120481927710845,112.08837458926614,0.10522785150658522,0.355507765306289,0.03871412984782408,0.0531181945837097,0.09181984845590957,0.09838495747263108,0.1631793094218431,0.16275978489278028,0.10243867238382139,0.06094607900435628,0.0393508492155003,0.03681765940710647,0.09794978606205795,0.054520729252459876
cars,US,1026,train,False,7060047060.0,1980,1989,1990,1999,10,10,0.2185779546537356,0.13266077177107072,0.015066426171802899,0.26443048161331983,0.9440440657054554,-0.06305714104806295,1.658047623013759,0.0,115.44731036544448,0.1065229029769647,0.48077986199881,0.066982584122454,0.12036804704558872,0.1502347595114182,0.14943335710877106,0.08592249402973347,0.0764788555386758,0.041208070987490575,0.03836838864406936,0.02346404164913268,0.03916620316404027,0.06918101241365521,0.13919218578497064,0.24936405544151694,0.9635442535005001,-0.05810966301812613,1.3500730960120721,0.0,143.65178239052625,0.10416587429849726,-0.23265865730586846,0.10225968378372326,0.09375223696294377,0.13292150400956357,0.14952026874768545,0.1423901254375188,0.08899209975629571,0.043786356051745336,0.030886066637519406,0.03977521297288496,0.022545850169155057,0.07860744087113002,0.07456315459983466,upstream,US,False,7060047060.0,1980,1989,1990,1999,10,10,0.21849685886174855,0.1343098391828815,0.022739020940337085,0.2905595935097059,0.9439517158436465,-0.06105916656796585,1.7309318367471558,0.0,115.47624372094168,0.10655730794096771,0.48096458254009816,0.0672620357805018,0.12008013437875198,0.1525902872785835,0.14726229355111023,0.0855547404006125,0.07631118716251592,0.04103349290271772,0.038432965292311126,0.0233445349348948,0.0390935691191244,0.06973938403524071,0.13929537516363522,0.2678205725693688,0.9635289515205352,-0.06817263912044906,1.405308640345666,0.0,143.67613233652793,0.104149362946379,-0.23261209681608308,0.10199154109433742,0.09415886964042097,0.13273722395986384,0.14997063382502482,0.14186602234077816,0.08862972826415862,0.04364936930543629,0.03086020097008935,0.0397988733936282,0.02249158262240316,0.0789113397271117,0.07493461485674743
cars,US,1026,test,False,7060047060.0,2000,2009,2010,2019,10,10,0.2549232335422741,0.09738623792432205,0.0007842159792141312,0.25703940688098237,0.9202904184214576,-0.05956829174173921,1.9329042041822417,0.0,102.15240640185935,0.10352977314736937,0.31323564866123843,0.0797436732275865,0.10745101764938948,0.12882660217834394,0.16554757052970456,0.13089612346799653,0.08703987261249245,0.07267343833724466,0.04949059766845664,0.05324734319901321,0.024361279274150327,0.031909088280272,0.06881339357534969,0.25625519090176824,0.9450275120005358,-0.0257968425393448,2.353702440695854,0.000547645125958379,131.81364068672943,0.1079854083838313,0.21433592578440372,0.07065842354275062,0.07395430614602447,0.12114385860103834,0.15238708358948222,0.18524602189539774,0.08771875340273182,0.06288524121515583,0.04430755643078221,0.034257535340183234,0.04542657866503378,0.03846205618224654,0.08355258498917316,upstream,US,False,7060047060.0,2000,2009,2010,2019,10,10,0.25479642857016643,0.09534896395514775,0.012939593824142337,0.2834168970340526,0.9202856847819094,-0.07206308482769049,2.0289848127640737,0.0,102.16559584708459,0.1035134499532315,0.31328007192854984,0.0797715238000546,0.10786419957338352,0.1289710551134317,0.16539084196976914,0.13061864707112528,0.08727715303933391,0.07234252674205001,0.049207649773541064,0.053276287627359926,0.02430112776015166,0.032228158139336965,0.06875082939046208,0.27047730320991026,0.945047759520206,-0.053491178392023594,2.4547317989299473,0.0008214676889375684,131.81394412973714,0.10789064589648335,0.21464432262188862,0.07058774601963823,0.07404028315049932,0.12153580107955995,0.15415722693961967,0.18333811569481095,0.08726966566198478,0.06277266972794894,0.044177981103704106,0.03421090000082108,0.045829514207130356,0.038157908823545035,0.08392218759073737
cars,US,1027,train,False,7060047060.0,1980,1989,1990,1999,10,10,0.03604704495362899,0.07020123313768403,0.011518525707300165,0.323458104421272,0.7699943347651091,-0.08133749322764462,1.5436590078279313,0.2972898987133863,1.5280980730350675,0.10011964052178093,0.4697863155001918,0.07447409624788685,0.0791894454400519,0.12287003232018316,0.11643951678346408,0.17178608681016833,0.10098228845918143,0.046291166173737255,0.033354533313777114,0.04547346188505887,0.07311583276305095,0.06494307795520672,0.07108046184823347,0.3119395787139718,0.8025099153692096,-0.08963592067563729,1.4831488707888962,0.354052573932092,1.584186327642586,0.10141898533818432,0.715269595607717,0.07693418278972222,0.0693805764897862,0.10814373395615604,0.15367321768000688,0.16011080875902745,0.10909034740593501,0.04637018082953728,0.04005382376024902,0.06109454353533913,0.04930661178944447,0.06423698214930208,0.061604990855494146,upstream,US,False,7060047060.0,1980,1989,1990,1999,10,10,0.035842343515406425,0.07077901752020023,0.012453230669230986,0.32635915058001275,0.7697660870136751,-0.09289933293849661,1.6162881410061423,0.30878729811114153,1.528536271557624,0.10023603565781704,0.4694673140749899,0.07452885994215708,0.07916034101139684,0.1231011169389422,0.11664576969248047,0.17220169338022898,0.10019264855133914,0.0457940130840549,0.03334071786613388,0.04569175193055984,0.07431198033290572,0.06379985611801976,0.07123125115178117,0.31390591991078176,0.8024842363094012,-0.08962856920149127,1.5295884058390963,0.3595290251916758,1.584316265060241,0.10149660139266391,0.7154141800552688,0.0771358346801366,0.06933206681112071,0.10816545605601734,0.15397301346734135,0.16040863316017168,0.10867358587385281,0.04588204855128559,0.03999552016160603,0.061312775852703186,0.05007100854954344,0.0633827999439329,0.06166725689228841
cars,US,1028,train,False,7060047060.0,1980,1989,1990,1999,10,10,0.0617958998647069,0.15123682119874357,0.2507032172796261,0.32473392542809654,0.8784119162347289,0.03790334893590532,4.495808537766118,-0.30166986038872157,1.503824902026129,0.10402259502032285,0.7886095234760014,0.037618920455049144,0.10870178460824362,0.1292508094246845,0.11899947703078043,0.13691918330279454,0.1337711137071595,0.017361506886700975,0.01954927766813019,0.08964509156039936,0.06605041931334658,0.07813036478901318,0.06400205125369787,0.5754371427077226,0.8961345026381734,0.017503429148660547,4.420707377786396,-0.39895947426067907,1.5996865392598059,0.12408540653373873,0.23693405539163362,0.04540183018493509,0.06497683337731314,0.12731563966257708,0.19570785864519807,0.18170639403548178,0.134413519881108,0.037370973509523654,0.020855723993111756,0.0274373546712459,0.03567738345296422,0.0669863145470313,0.06215017403950992,upstream,US,False,7060047060.0,1980,1989,1990,1999,10,10,0.06159573819632696,0.15444103194650288,0.2655940822892682,0.43299988669704137,0.8782708425616916,0.03789392881100408,5.171477862849098,-0.32877087325485904,1.5041987407610182,0.10405291775095203,0.7883220938282743,0.03636886110200155,0.1113970966932965,0.12711748735813502,0.11968378321617489,0.13533483607705996,0.13303576920739063,0.0173228036932117,0.01962168857389426,0.09387756290540321,0.06170682374985395,0.0783105889563987,0.06622269846717956,0.6985939689863095,0.8960811579199973,0.017502582014255252,5.0897449085056365,-0.43838992332968235,1.5997639649507118,0.12442392872474489,0.2365908528972555,0.04584551595611208,0.06576493862559817,0.1262686273885557,0.19660005977059183,0.18186024156767375,0.13515924617849906,0.035485964694271364,0.020857745649087742,0.02749361642547897,0.03558592467604579,0.06713083015737877,0.061947288910706624
cars,US,1032,train,False,7060047060.0,1980,1989,1990,1999,10,10,0.0542625464506606,0.1622783814717032,0.06320053498721026,0.15100373056709612,0.9341916487209542,-0.008807273498599954,1.9093428186636696,-0.002737476047084588,96.5111393594306,0.10596780501988483,0.6528388177841026,0.045915683171464244,0.08332768502621793,0.1412633074730011,0.1578306114664742,0.10960423819607701,0.12536371276388475,0.027321339584226834,0.023133450142134502,0.0381643046316188,0.10706104737524835,0.07994984227491965,0.06106477789473263,0.21420426555430638,0.9346418753281985,-0.010010523847427727,1.901154025390803,0.00301204819277108,101.89276960387004,0.11003948271771764,0.02122957551142552,0.05325412103420171,0.05651583380602817,0.11300832587411318,0.13234723233416582,0.1792088900484264,0.13999878969882967,0.06654525696121573,0.02554905602393765,0.02350429758700123,0.03999288489954881,0.09751901518802601,0.07255629654450567,upstream,US,False,7060047060.0,1980,1989,1990,1999,10,10,0.054133067176145244,0.1618999926415941,0.07534486731349077,0.1562103599621279,0.9340909822803236,-0.008805300123410603,1.949134941786011,-0.003011223651793047,96.53276868327403,0.10585288595126136,0.6526012736499659,0.04524110769470338,0.08340999161839673,0.14240505155308192,0.15704741732880798,0.10973944546797282,0.12481391907178693,0.026891965930792128,0.023287698433246712,0.039262314440717164,0.10611917271643906,0.07997920417271831,0.061802711571336974,0.23155522727561867,0.9345988421405944,-0.01000957681841942,1.9517514034440397,0.007393209200438115,101.90240991237678,0.110051579252964,0.02125647947859756,0.053441591310970184,0.05669824000827027,0.11300201018896264,0.13281551424000715,0.17941014216023388,0.1393543122692332,0.06610080767388851,0.025369651650663197,0.02358577343079527,0.04024241714781335,0.09780865683989723,0.0721708830792651
cars,US,1033,train,False,7060047060.0,1980,1989,1990,1999,10,10,0.17695552194440706,0.14878408461508105,0.02763729748818511,0.27286741044476037,0.8785201816164869,-0.003578898394876881,2.403084072305966,0.0002737476047084588,39.56077663525587,0.11614792884979291,0.5378479468470226,0.05632674662377675,0.12443760159231633,0.16393451238239332,0.15973673520719203,0.10161157606161692,0.08269943793035729,0.01361010907088514,0.01861437829149424,0.010806459047173351,0.04811722984735265,0.0906990374093113,0.12940617653613068,0.3005047079329455,0.9417753684618974,0.0,2.0897146938155586,0.004107338444687842,47.21887280974199,0.11912753477198086,-0.10136003996221046,0.11738687606691683,0.09887436948455444,0.1469771893339025,0.17804202253025306,0.13512950095266626,0.05858340410724959,0.02063794984544991,0.006710051021829001,0.022136421421812418,0.020878551249321503,0.10824197721793803,0.0864016867681064,upstream,US,False,7060047060.0,1980,1989,1990,1999,10,10,0.17678906986448908,0.15136024737908166,0.005073745840405819,0.32141074018239973,0.8783192479347735,-0.003577497628059334,2.6195464338039365,0.0010949904188338351,39.576266631042984,0.11617864920386967,0.5380119050824244,0.05701354062775926,0.12374067774434122,0.16802055969043275,0.15598888576235015,0.10149398964729184,0.0821837288395863,0.013479713345779982,0.018657242625830375,0.010854909309994429,0.04808850178747568,0.09110465448934585,0.12937359612981214,0.3163369943419939,0.941746718483839,0.0,2.247892357806745,0.006845564074479737,47.22949922530121,0.11913013957942617,-0.10100417819359873,0.11701631824350323,0.09947400814760249,0.14694838863801618,0.17806693274670968,0.1347548143116569,0.05825935589611484,0.02047508528348862,0.006613355520697034,0.02224502758839726,0.02101258561799106,0.10873776238784755,0.08639636561797524
cars,US,1033,test,False,7060047060.0,2000,2009,2010,2019,10,10,0.22733770975971582,0.13166261225938103,0.01744768656678547,0.32473007300849493,0.862604324196285,0.015284525769802638,2.9077783544206093,0.0005474952094169176,35.20025469569718,0.12123877146521975,0.15799846460736583,0.09408124730676952,0.10853715565555806,0.14806324563902212,0.20070698749181123,0.14046521463903638,0.08024828389331269,0.04512598393779659,0.01102181554647028,0.03536495036456065,0.011168464662471603,0.04189553836882787,0.08332111249436298,0.3421777595752804,0.8945686834568324,0.009612981659361525,3.0234916689421394,0.002738225629791895,44.185250222167916,0.1304454235519942,0.2809954165863432,0.06224769752529746,0.07973172469385877,0.14600493903433986,0.1825121142409537,0.21459802159541266,0.07255491352323405,0.03338534013447612,0.02829373993257657,0.009455799699148481,0.03691097749333396,0.03646825154696925,0.09783648058039907,upstream,US,False,7060047060.0,2000,2009,2010,2019,10,10,0.22763019045094857,0.13105915366405263,0.009912783386842927,0.33911868468061473,0.8626210091668738,0.015282852893202761,3.1350370429431766,0.0008212428141253764,35.204107751327676,0.12126454074217312,0.1579915531667073,0.09395276225148924,0.1085149273535549,0.14823510759958297,0.20073323872176663,0.14022827284891445,0.08037001031623622,0.0447092862593995,0.010775966944839137,0.03536126319803554,0.011176275653756718,0.04235631658751101,0.08358657226491356,0.34903146806745766,0.8943126791140397,0.012171550271109628,3.2126512811963277,0.0030128731854286495,44.20301342196659,0.13045877928561792,0.28172020121932406,0.06246427176498579,0.07959768209301772,0.14685431863741338,0.18395325439650762,0.213103282977784,0.07140172590385924,0.03334933537140501,0.028220261036686668,0.009421726346174428,0.03757110116121269,0.03613144411016028,0.09793159620079323
cars,US,1036,train,False,7060047060.0,1980,1989,1990,1999,10,10,0.20480159502477485,0.09821703098869233,0.0066486637096695445,0.13303452444255287,0.9493411211028682,-0.05921638944556165,1.224190917006162,0.0,171.18075882216354,0.10362572324325744,0.4689058809779031,0.08485697181320001,0.10083948420026705,0.1441923356118443,0.1457340235491241,0.08278317071261518,0.0696900408633908,0.05087622951472234,0.047883289374660715,0.02870529527395868,0.03036808887006294,0.06845964169468495,0.1456114285214688,0.13968318815222242,0.9663752605749484,-0.05897452347192257,0.9902152932717133,0.0,210.08698565517665,0.09716104447912591,-0.2803134621473226,0.09197009841693427,0.089951278357507,0.13683198416382547,0.13942000524041756,0.1272411248857618,0.08283710550162138,0.05773412805233943,0.04427474944089299,0.04559230761241565,0.03978547915398768,0.06879622610826704,0.0755655130660296,upstream,US,False,7060047060.0,1980,1989,1990,1999,10,10,0.20479403631933835,0.09772816856172578,0.004813825750920431,0.1559699564367985,0.9491924704215782,-0.056628448562008445,1.296430578528846,0.0002737476047084588,171.21557390687107,0.10363357263174358,0.46906058904911524,0.0845439516053825,0.10116073208784285,0.14522067845116246,0.14467276951405683,0.0823421744285233,0.06982076650022224,0.05084288876496205,0.04768786231846445,0.028640488614151575,0.030386308850399283,0.0690576237934843,0.1456237550713482,0.15115613068587808,0.966266536428995,-0.07171910443263103,1.037994728007287,0.0,210.1281252634173,0.0971401990571257,-0.2802285369099042,0.09192060706243191,0.09037983744193338,0.13690023130081813,0.1395956464064177,0.12659222239393597,0.08267517753567233,0.057690798330500746,0.04419530958807501,0.04570988003675012,0.03962410756304636,0.06914957819651363,0.07556660414390477
cars,US,1036,test,False,7060047060.0,2000,2009,2010,2019,10,10,0.30812524854413725,0.11772174354672221,7.859200398949162e-05,0.19938486125213073,0.9214609695042725,-0.05677181239436406,1.4202090079419925,0.0,145.89395072443116,0.09867604211101992,0.35535644056866456,0.0855600882029073,0.09626738105148375,0.12098291074784859,0.16031529523584953,0.11879246144736307,0.0704240398187171,0.08743852148218308,0.06856861275081265,0.05433322257822525,0.025885344128717624,0.03988581927230665,0.07154630328358529,0.19946345325612022,0.9385041932155626,-0.013869499704570248,1.5421385930368146,0.0,198.54290868371683,0.10217353986347476,0.18860005745571706,0.08828772496811557,0.07028764441759466,0.10367261433338408,0.13841666335240768,0.17856392456618478,0.08645545260757188,0.06946503791469665,0.054900089301717234,0.03344215097988042,0.0467949694382242,0.0473743460617145,0.08233938205850838,upstream,US,False,7060047060.0,2000,2009,2010,2019,10,10,0.30805630835058906,0.11622713000247356,0.0066655470329326505,0.21383819202015208,0.921427995007425,-0.07440649359871204,1.4876119442057132,0.0,145.9101295453052,0.09863581428572787,0.3553813133370212,0.08577974786428312,0.09650566955232369,0.12151288011162817,0.1601348577654863,0.11813968279663006,0.07063494513199245,0.08738745405838938,0.06823571112733387,0.05418244006787287,0.02599567733056257,0.040090333728913956,0.0714006004645834,0.20717264498721943,0.938598538706276,-0.017541902264389217,1.597363936974691,0.0,198.5512373461665,0.1020664588489291,0.18874629261269468,0.08786864731625389,0.07022173482150479,0.10413632912987275,0.13990787451403225,0.17699105194798506,0.08597830697176793,0.06933596240414314,0.05483236653518556,0.03329761527582228,0.0472955296765716,0.04703107103906271,0.08310351036779792
cars,US,1042,train,False,7060047060.0,1980,1989,1990,1999,10,10,0.09437328426924677,0.13098333564507403,0.05912667744321043,0.3138499487783836,0.9284754431130097,-0.20090652028865524,1.8488703094412717,0.0002737476047084588,57.44806933136854,0.10200108728179559,0.4300583289333021,0.07061635153022637,0.1204225848972781,0.11767089060610077,0.13514301546553117,0.09980540444586448,0.0718850447875974,0.04408423038931108,0.030852645270774713,0.027749129331503492,0.04206321665371278,0.09629854595815267,0.14340894066394708,0.2547232713351732,0.9508634693229956,-0.09661893372575525,1.409841592643993,0.0,63.13369886673301,0.10342209824382638,-0.2602052041363965,0.09675078609196351,0.0882718693329088,0.1404099981533548,0.1501231573107436,0.1421364167353336,0.06448169751300616,0.035656408947761696,0.028487674658630308,0.052547768732904704,0.038011124990350566,0.08718592861076604,0.07593716892227609,upstream,US,False,7060047060.0,1980,1989,1990,1999,10,10,0.09438987492574222,0.13026798712395735,0.07055598025114279,0.34934513847659654,0.9283220839782577,-0.2049108703900998,2.0226004751086806,0.0005474952094169176,57.459740508568295,0.10192744414518612,0.43018615656734915,0.07073870136339942,0.12018251145309601,0.12033104281290019,0.13252046252143926,0.09971337899219902,0.07172634722361929,0.044036378176553585,0.030674626472486314,0.027758501228050774,0.04211626295615892,0.09688359350238239,0.1433181932977148,0.27878915822545375,0.9506433059634507,-0.11658988104684995,1.5155038508423604,0.0,63.14757279014239,0.10338807399034895,-0.25999394706447154,0.0966514053169106,0.08902281810562994,0.13997981115955369,0.15104560932054362,0.14099735722766002,0.06420842172573382,0.035563032540355234,0.028416389134666247,0.0526558910172781,0.03802456820610867,0.08734037376435497,0.07609432248120508
cars,US,1042,test,False,7060047060.0,2000,2009,2010,2019,10,10,0.3306817131724919,0.10064691536321631,0.04616804243875644,0.35479328489218975,0.9004845119710189,-0.0951260269668482,2.1265709219112487,0.0,46.62361018762674,0.1125186529930956,0.3383911301775861,0.08396532524232184,0.10201321508839233,0.16231030874539615,0.17099262576456528,0.14896507989452176,0.05647754872711831,0.04486644780595799,0.035054041043312716,0.03997806891603653,0.02908742936515319,0.04835172845436558,0.0779381809528584,0.3086252424534333,0.9295489526787414,-0.031416480274116095,2.360839982801652,0.0,64.8961813102841,0.11055371638379502,0.18985375836605808,0.06990057537030396,0.07483413271893637,0.12138411533002215,0.16588566349949568,0.1879784976030656,0.07628788749818698,0.05781994419539236,0.04744254647135866,0.027925770200303568,0.04556858643127664,0.04833970907212199,0.07663257160953607,upstream,US,False,7060047060.0,2000,2009,2010,2019,10,10,0.33057274636617623,0.09981699307242936,0.05762087429485674,0.3812739904689628,0.9005497004657942,-0.1356679560510397,2.2691595522622827,0.0,46.628351337585556,0.11251686463443891,0.33842888169181673,0.08388692389206703,0.1022024592058894,0.16314679492735776,0.17036076150064383,0.1486766359508836,0.056212050785565126,0.04477450411268721,0.03497113016937893,0.039948790379834016,0.029207637355396304,0.048503510063549485,0.07810880165674727,0.3236531161741061,0.9296360775990626,-0.0636188358310278,2.541229137669666,0.0,64.89570873263965,0.11044531242632377,0.19006853781118613,0.06972350633994158,0.07503143236088547,0.12201658414717866,0.16732673728490483,0.18606703172909084,0.07579730305968682,0.057776879283506326,0.047395448194980226,0.02787195836717398,0.0466222891790764,0.04747585864432396,0.07689497140925104
cars,US,1048,train,False,7060047060.0,1980,1989,1990,1999,10,10,0.28495051683104183,0.12501128814011228,0.03131995492694556,0.12378337727700361,0.9935118515372846,-0.042771035700166556,1.76959823972269,0.05557076375581713,231.14552106333096,0.10000043098621043,0.5114377993591113,0.045374556830975965,0.0550498027014744,0.108136952780902,0.1326183731172234,0.1388000078447701,0.12634297680394715,0.07183172047895454,0.03269251961090498,0.0495082031092593,0.12052317819728028,0.06668090013667073,0.05244080838763712,0.15510333220394917,0.9872041954856434,-0.060100319955276094,1.6559056305396582,0.03231106243154436,307.35332768742956,0.10190357261875733,0.43011302004052615,0.046420156974751645,0.052489124709186305,0.09661640269623034,0.11356984387787492,0.16299603247343505,0.14499104223236892,0.09364352267048129,0.07431391868923258,0.03789225769446666,0.040257592788268896,0.08363690300008035,0.05317320219362305,upstream,US,False,7060047060.0,1980,1989,1990,1999,10,10,0.2848107652359121,0.12472097187861929,0.03290482438211667,0.1361167753870419,0.9933986212876759,-0.0673596729296164,1.8251835340643896,0.16178483438269914,231.20658581987408,0.09986760134134168,0.5114419681425796,0.04546726081497138,0.05524572861176463,0.10859453389580674,0.13247678340116828,0.13915519524208766,0.1257955276025641,0.0712934299895963,0.03276155544347957,0.050363196721059336,0.11969295799302347,0.0666103658554071,0.05254346442907138,0.16902159976915856,0.9871115442305982,-0.09488223957542992,1.6779509789019569,0.09419496166484119,307.39156380065714,0.1018719948468219,0.4303547873034917,0.04670872053509861,0.05242205683604092,0.09657175066777994,0.1144546114001068,0.1626251115395468,0.14492636812982906,0.09320411015811325,0.07408503846160353,0.038047272961039755,0.0401565368792358,0.08377829362530412,0.05302012880630144
cars,US,1053,train,False,7060047060.0,1980,1989,1990,1999,10,10,0.20363597674209027,0.1531796821120625,0.02525969231628622,0.04136678635257782,1.0022430086726022,-0.01503210930873042,1.4261795646804294,0.08787298111141528,271.4206358449676,0.09825179699905708,0.6285745262588782,0.06798677545945397,0.0848538327342096,0.14010239078052453,0.146727002032003,0.09444061437834933,0.09061694416944874,0.04180407281199974,0.030094840283062262,0.034196122980619206,0.08064063191592773,0.08963990657891882,0.09889686587548303,0.06662647866886404,0.9914801897274997,-0.018637209484748896,1.331252814411558,0.05613362541073385,332.72148414033603,0.0986299198232129,-0.046009320727582625,0.06520805372556293,0.05522317150849284,0.1045349081650724,0.12175140854440876,0.15651348060881196,0.12471169200309055,0.08343011732528216,0.04118919831210329,0.0384877884862538,0.04611086967273955,0.08297291543283981,0.07986639621534182,upstream,US,False,7060047060.0,1980,1989,1990,1999,10,10,0.20354070361555462,0.15306117442322176,0.0254287948144456,0.042869050303162376,1.002080397461409,-0.02086092863655137,1.448350983316896,0.14399124007664932,271.46442513003007,0.09823292842591141,0.62840186458027,0.06759117313795432,0.08546442821765003,0.14019543874808363,0.146576898021992,0.09392239652168123,0.09058656214517653,0.04143533655998844,0.0302055853251531,0.03466068084888953,0.08033221320932277,0.08985761338081004,0.09917167388329831,0.06829784511760797,0.9915115781240008,-0.017019117355355277,1.3461655577628946,0.09255202628696604,332.74346029572837,0.09861156514202662,-0.046052343666239004,0.06523252571661829,0.05545173469270539,0.10455631620272489,0.12226836021244762,0.1563467494973418,0.12446545359781724,0.08297498911018565,0.0411137784554275,0.03897076516333847,0.04566594440579084,0.08343428518612372,0.0795190977594787
cars,US,1067,train,False,7060047060.0,1980,1989,1990,1999,10,10,0.03429922759685008,0.12532143700533158,0.03875235315502279,0.4509479302521174,0.906588865607924,0.017358778147080707,3.261237865094601,0.0002737476047084588,47.877683150168544,0.1293564962574452,0.21074782733767844,0.06806896278947222,0.14890060565567476,0.15004094597069267,0.15563431171058098,0.10245010391649685,0.032055767854025814,0.009567760039539021,0.0051749895346110105,0.005376656221458531,0.04117767114305982,0.10325850089309155,0.17829372427129686,0.48970028340714017,0.9327895675637717,0.02228844083300027,2.1834311029646556,0.0,49.54833800509237,0.13011830133051644,-0.2202698712599,0.13948811664026825,0.10571168778497884,0.16570388816221587,0.1831807887970855,0.10734898190520384,0.032571201358077395,0.007150590478578479,0.00199562173896847,0.006942205575158899,0.026040500509108694,0.10697150392314038,0.11689491312721538,upstream,US,False,7060047060.0,1980,1989,1990,1999,10,10,0.03455116823890875,0.12294014505036449,0.03493402788674593,0.47161751437952737,0.9063970694375252,0.01773816468341761,3.791796344124055,0.0005474952094169176,47.891313174815224,0.12927284124182126,0.21077795956170808,0.06844157298772155,0.1485179188005066,0.15203852122685693,0.1536190776474571,0.10210653452015468,0.03223558173209312,0.00916544678677987,0.005138548354817584,0.005377452735442863,0.04129128788989158,0.10411439958902771,0.1779536577292505,0.5065515422662733,0.9323636521789034,0.022276484410876127,2.39495355305843,0.0,49.57493200591457,0.13022111880075474,-0.21947118226180154,0.13881245886714197,0.10637463933000459,0.1657948639042604,0.18404985698165957,0.10564829343169731,0.0324353170523176,0.0070707677370101946,0.0019599139646185354,0.006971294009335037,0.02632565946492798,0.10716120124270642,0.11739573401432025
cars,US,1067,test,False,7060047060.0,2000,2009,2010,2019,10,10,0.28762652526410215,0.1416777901694289,0.06731974314394473,0.5325281058862181,0.8795286373590949,0.024935813751253016,2.7401890245875937,0.0,44.28791500516026,0.12766275020728313,0.42522001352613203,0.12242334262756724,0.13426315902196195,0.18765301494941622,0.15220641070271865,0.13021890942135347,0.026395742720654213,0.013774321089720664,0.008178959862534762,0.04215329942024221,0.013604718279771947,0.052208556732883285,0.11691956517117531,0.5998478490301629,0.9189361237921302,0.032034709361356155,2.5294958032542993,0.0002738225629791895,59.04727333914301,0.1160326697795257,0.12382060084637601,0.08618506386187293,0.11538368948529068,0.1567240702012561,0.13846804253805253,0.16648707310602312,0.04792211932708487,0.018277072756287017,0.03680019107978962,0.004721745147771574,0.04433937108509841,0.07223317092206437,0.11245839048940903,upstream,US,False,7060047060.0,2000,2009,2010,2019,10,10,0.28794134441164315,0.14098103965387943,0.06609032822164718,0.5506501849189527,0.8796411982247613,0.024933377459714412,2.9681790977576576,0.0,44.2922424683274,0.12755519646287186,0.4252040953049667,0.1215359297894036,0.13437338059893558,0.1879064535011348,0.15220916266177192,0.12946308016627808,0.02623003839592437,0.013765537311053348,0.008104437121610302,0.0421504935241667,0.013685907033556311,0.05338413803401214,0.1171914418621528,0.6167405131405999,0.9186767512925491,0.018695185329027857,2.7664835383483943,0.0005477951246233908,59.071636924897284,0.11606676367400177,0.12447996527652842,0.08616126420634476,0.11566189351537494,0.15718337901047788,0.1383704206696852,0.16645567310005838,0.04702845695112514,0.018160939642185375,0.036829471770321365,0.004662472004291822,0.04626851248617119,0.07087112376645258,0.11234639287751147
cars,US,1084,train,False,7060047060.0,1980,1989,1990,1999,10,10,0.1933255156991143,0.17405632207890348,0.027688705360304322,0.49247801943557745,0.973174738806431,0.006165522200854318,2.7495371169992144,0.0,14.888216062857975,0.1189744178383268,0.43318956987690693,0.06137519523698227,0.1670786197344338,0.13930143051323846,0.11137378080732231,0.13347651354357523,0.0576600678232409,0.016963205257191905,0.00620011552979226,0.002630793812646862,0.07417753068278513,0.08238761624708797,0.14737513081170284,0.5201667247958818,0.9800656294309117,0.003135243683870126,2.798103573290314,0.0,18.063540097812055,0.1246775426810344,-0.07778957006965559,0.1555508400429201,0.103368069954207,0.13658323816834014,0.14193293713393657,0.15318146820049794,0.03496278898607497,0.015043002787597834,0.0034550887619018518,0.006511886966140643,0.023967814043000142,0.1081230893830229,0.1173197755723599,upstream,US,False,7060047060.0,1980,1989,1990,1999,10,10,0.19357820341580265,0.1737701312320632,0.030039975917633743,0.5334213674719139,0.9730297162594955,0.007605781893269498,2.9611402890326817,0.0,14.892249290008213,0.11905863688486742,0.433108768210141,0.06173789930049287,0.16695503260910885,0.13985123648507133,0.11038689964888099,0.13391370883269485,0.057082402910306564,0.016815794541744075,0.006104092818393882,0.0026296475584996924,0.07423705346166729,0.08286148544836194,0.1474247463847777,0.5634613433895477,0.9801211974453315,0.0031336026514476034,3.0158014189909115,0.0,18.072999770356166,0.12462611291586936,-0.07665574249077965,0.15571687170253792,0.10419615150636749,0.1359339659772483,0.1423303787319361,0.15254764042123586,0.03477440421832471,0.014963596551618085,0.0033937345975814733,0.006533776158586846,0.024221889974415607,0.10817110500669691,0.11721648515345087
cars,US,1086,train,False,7060049270.0,1980,1989,1990,1999,9,10,0.29779585658611285,0.08714831294427909,0.0440114416332722,0.5709754863431433,0.8533389603235029,-0.09152290487098834,1.8125542996238453,0.038028597505324,3.376204027129271,0.13689101770503523,0.12192963339989069,0.01747445499380554,0.017950707360901763,0.04664202709030824,0.09375773711491948,0.21991987622824435,0.19001018680740236,0.0844365643073621,0.14765927441809962,0.09608941738608735,0.03924052269497049,0.027084430741384984,0.019734800856513884,0.5269640447098711,0.8068730228193545,-0.11988628784595354,1.7654747231944625,0.04381161007667032,4.547364644129878,0.15079172228849985,-0.03696189889277269,0.014551824264572792,0.012822661338139208,0.03429990119595168,0.06415319356564957,0.23677869322406392,0.18469348718484313,0.1092133682200003,0.18553305907730322,0.08007141249519723,0.026530662384301594,0.03472333811800257,0.016628398931974705,upstream,US,False,7060049270.0,1980,1989,1990,1999,9,10,0.2977423566814084,0.08710364614388541,0.034484657652795625,0.5786876371932993,0.8532301709860765,-0.0915143256960796,1.8958958359316191,0.048676604806814724,3.3765205354426526,0.1366992028580921,0.1216708838664744,0.017353954630227552,0.01807251223868042,0.04666777130820643,0.09526515136156981,0.22008838393735872,0.18874719863896627,0.08436163657419483,0.14779536164080898,0.0955573497721294,0.03921468456041799,0.027020108710783315,0.019855886626656296,0.5442029795405037,0.806878868549928,-0.11808562370436168,1.8337294189524787,0.0572289156626506,4.547547645125959,0.1509653418014781,-0.03699200484003559,0.014538787079010124,0.012832103096622253,0.03464019339528232,0.06507274601984483,0.23786468447902664,0.18398654258243974,0.108309583225652,0.18589259259170055,0.07916535301455162,0.026789290521882572,0.03430227671065203,0.01660584728333531
cars,US,1086,test,False,7060049270.0,2000,2009,2010,2019,10,9,0.0838625725704819,0.2568055383385927,0.1820411838165087,0.886849700889463,0.9433882350733138,-0.07151047483751333,2.170107208437083,0.6515192992061319,2.181498589604732,0.1513102709768624,0.6028168432258246,0.015785044989198107,0.028701813886062577,0.06368531833778873,0.18443330230009172,0.27242785685186205,0.09168172726396309,0.05798170009896484,0.1380295858420765,0.0628195945131614,0.051272837789715205,0.017936725140793967,0.015244492986321896,1.0688908847059717,0.7866015003850757,-0.016051735235042792,4.556462627365029,0.04533008822634621,2.0060136507674065,0.1469334687798465,0.07616419069279995,0.006401803526234785,0.00814155894869797,0.03272781845714424,0.12105478032941555,0.15748994777375072,0.09470561551611809,0.08174227427517114,0.13526217525949602,0.252569932000295,0.09154357621281299,0.011481002916597613,0.00687951478426597,upstream,US,False,7060049270.0,2000,2009,2010,2019,10,9,0.0837313573802923,0.2591885652722271,0.22173546853873094,0.8848431516750894,0.9434732217703943,-0.07150296787229772,2.2440377253340107,0.6797153024911032,2.1817276211333154,0.15173714038785557,0.6026044303879324,0.015811713418481727,0.02878824208884206,0.0643562847034405,0.18517159229200145,0.27321916055896156,0.09062565912461852,0.05773708943868587,0.1377295510292476,0.062310826137151124,0.051346756670858716,0.017668209857373746,0.015234914680337186,1.1065786202138204,0.7868807480543182,-0.016446650988167114,4.817182123018002,0.0505173463177115,2.006487522824102,0.14702745862574518,0.07572116277082483,0.0063518853481661286,0.008194356771507153,0.033161755583455854,0.1216076640016453,0.15757544228869286,0.09372883273641587,0.08346662484654918,0.13360481020329976,0.25339912317288504,0.09061431588769113,0.011425203516651251,0.006869985643040423
cars,US,1092,train,False,7060047060.0,1980,1989,1990,1999,10,10,0.06012716719919289,0.14562191262241608,0.004251788683704905,0.41893427572229913,0.9778848294355372,0.004295279265155943,2.830373837790921,0.0,26.37015965849842,0.11584752261878395,0.29917253631555774,0.05781188091836422,0.13533032496816874,0.13855751655128634,0.12056062955866476,0.11568152411263886,0.07405926025548687,0.02348363541366702,0.006920388533403154,0.003106216604498595,0.06635386230341865,0.0886796443248323,0.16945511645557046,0.4146824870385942,0.9856578676802634,0.0050557841214166266,2.4979435639414254,0.002738225629791895,28.004360273264254,0.12330529003097052,-0.15260135237406272,0.14547845760905598,0.09872816728709621,0.14353408499171488,0.12403807059270029,0.1475200257821791,0.04066619450452617,0.008123391289263118,0.0029809214205657195,0.006977164365277469,0.03379540049617417,0.10247152135177355,0.14568660030967345,upstream,US,False,7060047060.0,1980,1989,1990,1999,10,10,0.05984370384406644,0.14356932166142422,0.009115687513549464,0.4688173811188492,0.9778473600057761,0.004293277147665655,3.035573887511547,0.000547645125958379,26.382457061171962,0.11595209325045758,0.2984957708973537,0.057940138056013855,0.13561265752592916,0.1399973372744248,0.1185738607956501,0.11584442042938702,0.07460862199836447,0.02247269604457193,0.006850786576676236,0.003166174336788206,0.06636739907065255,0.08950812763076166,0.1690577802607801,0.4597016936052997,0.985470737314751,0.005054860181626164,2.66668929507158,0.0030120481927710845,28.009478979189485,0.12315209814993744,-0.15231887305024158,0.1451340050077996,0.09954143615055512,0.14281253417082715,0.12494030918802503,0.14655606506898863,0.040335624999134914,0.0080174622442638,0.0029540204270609425,0.007025314440816474,0.03452696502153022,0.10213115230799295,0.14602511097300525
cars,US,1092,test,False,7060047060.0,2000,2009,2010,2019,10,10,0.17825728349236422,0.1448278619161013,0.07686523398690204,0.4770320849549008,0.9575537839461474,0.013561574557632386,2.9698155346615747,-0.0021899808376676707,25.056205572291855,0.11660116447041392,0.2218132928115878,0.10852972094657135,0.1312550106968388,0.17606819629410345,0.13391778627791975,0.10803314228150566,0.04891749082952659,0.017947329793499157,0.011909947446619822,0.06369990667131925,0.009926613057555121,0.06355010370048085,0.1262447520040602,0.5538973189418028,0.9993041773467161,0.006382877185372685,2.852377155326435,0.0,29.94549236166132,0.11868289148269728,0.046875268595449604,0.08837136316021556,0.11429521520036094,0.13672573626436918,0.12443647923625152,0.18364427215279042,0.07305252911734383,0.017343233108662485,0.01329174857364393,0.0054180617942906645,0.039153101446184786,0.07326197782281049,0.13100628212307602,upstream,US,False,7060047060.0,2000,2009,2010,2019,10,10,0.1784442674586467,0.1440326201496603,0.07974811433889784,0.5212600112783097,0.9579294993428322,0.013559913436363296,3.1622957840859462,-0.0024637284423761293,25.059275016370105,0.11662832527979132,0.22186840965016624,0.10817647066149218,0.13103276329538777,0.1762782560049008,0.13368158022110133,0.10807346283289673,0.04837996216262103,0.017837058319212895,0.01189972419891093,0.06371111531831583,0.009983098054835125,0.06430843699104184,0.1266380719392835,0.6010081256172075,0.9990873051580771,0.007562550667551545,3.047525565361261,0.0,29.954761291317453,0.1185167753919234,0.047616323976491536,0.08836957487110869,0.1144032568065478,0.13685244300651772,0.1243447692494165,0.1835961419798014,0.07254228107102245,0.017317640333077155,0.013251034581756813,0.0053969394040825945,0.039993640912147854,0.07402822596059011,0.12990405182393078
cars,US,1093,train,False,7060047060.0,1980,1989,1990,1999,10,10,0.20143851002148508,0.14509492264849383,0.007258476506298794,0.48433294794994075,0.9750359899651789,0.005777108708673754,2.5913856493048564,-0.06378319189707089,34.273199620204956,0.11569473157903479,0.36780969038935707,0.05699559785841402,0.1355309983406304,0.12796788121987762,0.0986060626372975,0.17609126283075605,0.08924861249618365,0.017120609935579574,0.0063290619247538095,0.005144330478127781,0.07383042388416287,0.09105413029352524,0.12208102810069144,0.49159142445623955,0.9682519080353343,0.008778282132129762,2.5812545142781387,-0.12212486308871852,41.92164189540772,0.11462814242125562,-0.17032345871939059,0.1297185528069325,0.0967825647806486,0.12142550940738657,0.13056272830434734,0.16272717467056638,0.043354242171704194,0.013837741838086517,0.006483538998923562,0.02781934402638902,0.04131709772601063,0.10863994170401979,0.11733156356498484,upstream,US,False,7060047060.0,1980,1989,1990,1999,10,10,0.2013594389208472,0.14498544696160603,0.016858615975900104,0.5157748106112742,0.974952382675068,0.009101893788159694,2.7428993426893276,-0.07254311524774158,34.27858061866959,0.11545858777477572,0.36783663080738405,0.05876012835205463,0.13420547277502082,0.12792914179487236,0.09833253413771183,0.17610083656595282,0.08862544781807614,0.017023980780014127,0.006296974704170842,0.005138338705692807,0.07444739406125979,0.09106120760355073,0.12207854270162298,0.5326334265871743,0.968233411054916,0.00810973742850603,2.745616302986034,-0.1355421686746988,41.92490854326397,0.11455726967152499,-0.17004573977046922,0.1299484123044117,0.09684068095303601,0.1215750992657124,0.1316574411066633,0.16139734678975343,0.0435485219146635,0.013466776508560532,0.0062992454707298026,0.027887881430110735,0.04172130339484681,0.10878165015287136,0.11687564070864036
cars,US,1101,train,False,7060047060.0,1980,1989,1990,1999,10,10,0.0013417847484569264,0.09323250132290689,0.0019909569525127235,0.47304425656149374,0.7863218545411311,0.014368647173017694,2.1993407839386583,-0.09061045715849986,47.97250511477563,0.10097618313030068,-0.21817609947708289,0.10680047885079955,0.10655429434217369,0.12421663085875055,0.1309311880137,0.09486251931876977,0.07950555732743346,0.06317481419488562,0.033100010222727384,0.02223127637522722,0.03529739199278707,0.06407473657872431,0.13925110192402135,0.47503521351400646,0.8794136349089269,-0.04780403223679352,2.040683466940804,-0.018072289156626505,48.03691709432592,0.10645852587472977,-0.21677153083980907,0.12267909851468167,0.1272987784792673,0.15657808193364897,0.13491372412635178,0.08665851835617343,0.07773288180590793,0.04065786844097685,0.04358587208216341,0.032010824850172065,0.029532905822284433,0.03896829748688567,0.10938314810148625,upstream,US,False,7060047060.0,1980,1989,1990,1999,10,10,0.0013941288250114306,0.09571404526618627,0.016716427568030046,0.5110854719188468,0.7863260139868774,0.029516163661528805,2.343381657592163,-0.1749247194087052,47.973714207500684,0.10099334345066067,-0.21759650452941398,0.10645515122576765,0.10679882994142165,0.12473338779406633,0.12976073253181844,0.09526876253031577,0.07878993616690974,0.06323664401993843,0.03294247423499517,0.022339784142901782,0.03510554056150081,0.06463690553964622,0.13993185131071814,0.49436904435081674,0.87931573272097,0.03124437820555211,2.178303176931119,-0.09008762322015335,48.040642387732746,0.1066480906015391,-0.2165147564183928,0.1233274518507644,0.12659843636183687,0.1567555870940009,0.1365145621668254,0.08494532621971128,0.07737587513894569,0.040603638214188685,0.04344906916563994,0.03209929849808964,0.0293732557795823,0.039292151692525125,0.10966534781788961
cars,US,1101,test,False,7060047060.0,2000,2009,2010,2019,10,10,0.006161171242510895,0.1383570636550596,0.11797100891820478,0.45531807330083274,0.8691284308604055,-0.09927147126130142,2.1535715177315673,0.04544210238160416,42.688162196288935,0.10085269079135606,-0.25244301733047836,0.0991500319207889,0.11835224113881238,0.12641546240389318,0.11064961987878792,0.12053184961707657,0.0368219058109834,0.043012784065689404,0.03582627035586824,0.040776037907126715,0.07038477589671964,0.05697557417909553,0.14110344682515824,0.5732890822190375,0.8598479492754703,-0.031797134834142086,2.5548919090042594,0.052371812448587886,42.95198316212849,0.11177727642636705,0.2533270014985211,0.08912381237837785,0.16518880561546803,0.14913981623074538,0.15475930842964697,0.0936640088493215,0.054369106038731366,0.05015204063863406,0.025309732698087475,0.03481094822342929,0.03430893667760816,0.04333192473795931,0.10584155948199062,upstream,US,False,7060047060.0,2000,2009,2010,2019,10,10,0.008008609803853773,0.13932936518033157,0.11556683647974697,0.48238399696401857,0.8691247138936232,-0.08488904532334368,2.300385828493604,0.030933479332055848,42.69102080481796,0.10045169812787881,-0.2523642887301917,0.09896513247467387,0.11866956407694992,0.12682544456038522,0.10959043432164244,0.12050387925194038,0.03696107052670672,0.04332436707928338,0.03535480236559213,0.04087540736295735,0.07016847078953019,0.05989245971243697,0.1388689674779014,0.5979508334437655,0.8605918536867643,0.012501658779173027,2.7352749768855076,0.002749518834204004,43.03428924938136,0.1118850845195458,0.24978095668058897,0.08919142365964412,0.16553492297993597,0.14967989475305704,0.15520877744476894,0.09185464513434465,0.05447131792712693,0.04980533264041034,0.025382723561743415,0.034803528668144554,0.03490717960516551,0.04334803835346624,0.10581221527219216
cars,US,1112,train,False,7060047060.0,1980,1989,1990,1999,10,10,0.0029421217241441693,0.10338795847145563,0.046268921720471756,0.35617277519421003,0.8131803758695767,0.05322271687631688,2.295918239746783,-0.047358335614563374,61.0279818587264,0.10127485344351389,0.1483002842350891,0.05888690281274326,0.11000467086231855,0.1262402270335502,0.10340766481254253,0.09956339473569702,0.0677227947819804,0.04108793973845527,0.026222396284116704,0.027535447573099763,0.07724531079186345,0.1072457742363709,0.15483747633726197,0.4024416969146818,0.7958133812993828,0.0009775066005414587,2.0212204308570048,-0.08655162969049575,60.84869398022777,0.10421433112583477,-0.27253723048084755,0.1224047796814421,0.09273121519922534,0.11851184093787841,0.12383099888346098,0.1190101422675353,0.04813808526825876,0.030364486662566626,0.021975665440554716,0.02473302666237058,0.0581832424229849,0.10358789357422594,0.13652862299949628,upstream,US,False,7060047060.0,1980,1989,1990,1999,10,10,0.002772158968525301,0.10388143329836139,0.05155677021241878,0.3992136383875464,0.81312924773665,0.07106635400129041,2.5181786784763744,-0.22830550232685465,61.03873008486177,0.10135570655700166,0.14843304463756918,0.059195101344355176,0.11045261273643238,0.12735752931296204,0.10152384209384031,0.09981911338096129,0.06768512671187694,0.040792399018971144,0.025950929335272228,0.02769019114792782,0.07718811553148092,0.1076669666068199,0.15467807277909976,0.4507704085999652,0.7956449856576094,0.006982121048603903,2.2329282925533693,-0.24904109589041096,60.86975534246575,0.10418898613212256,-0.27159655139854066,0.122211144498615,0.09300100168512958,0.11869724608087188,0.12404457634530665,0.1181637692735966,0.048407917291826245,0.029993747215225186,0.021869515448270826,0.02478193198739404,0.05844061198226853,0.10404704800490545,0.13634149018659006
cars,US,1112,test,False,7060047060.0,2000,2009,2010,2019,10,10,0.20934817451140905,0.12664597464373517,0.1106544748956852,0.3423355702806719,0.7943084425042268,-0.011981441808909076,2.2039426370601407,0.06788940596769777,55.33557735155143,0.09929488395278306,0.2057542869820786,0.10452240370944155,0.11168614324670206,0.14346141532046866,0.10686459747041914,0.11086117624936666,0.06376376968410252,0.034395173256128474,0.024032245314663407,0.07678615020163466,0.03375290880224358,0.07600425514841241,0.11386976159641679,0.4529900451763571,0.8182816869883733,-0.005453168568187358,3.0210746573857183,0.010131434830230004,68.22180450652412,0.11180393419951248,0.22075933145016122,0.08387463567109563,0.10915728817227335,0.11542321471528812,0.12155155332519038,0.19768470786082898,0.06592115908698755,0.02964079539331206,0.033433988819328075,0.015302916422610035,0.047329263072195586,0.07393657512446765,0.10674390233642261,upstream,US,False,7060047060.0,2000,2009,2010,2019,10,10,0.21134565599158842,0.12661293839080195,0.11638067448951367,0.38296951698055165,0.7944215137130854,0.0,2.4173937830873395,-0.03586093621680811,55.33598768135779,0.09927461136330329,0.20578972659468917,0.10387647442312724,0.11174691769087512,0.1438734047053759,0.10681305828011915,0.11031472903084645,0.06366976129590413,0.03447925955035957,0.023734624097572266,0.07675884841615313,0.034075717221134894,0.07682401041289896,0.11383319487563327,0.4993501914700653,0.8159853307359725,0.0,3.472988778795814,-0.10131795716639211,68.35871938495332,0.11185571707354938,0.22482838465222332,0.08391839611350876,0.10949346113455755,0.11504040191505821,0.12353418059147037,0.19722883839160069,0.06420650027649148,0.03090878088059992,0.031936381604461675,0.015260971718563058,0.048314927452354495,0.07369095041382463,0.10646620950750903
cars,US,1120,train,False,7060047060.0,1980,1989,1990,1999,10,10,0.0828422113373287,0.18589160356324383,0.1191578174663257,0.7056786843803173,0.7077923187175593,-0.0037589016153187684,5.136527748062047,0.4979468929646866,7.448984534708419,0.12760621327517285,0.8199631292974494,0.05231812131223403,0.08567555261223941,0.11663051202808061,0.06120448944919302,0.2069426107751212,0.15875971059819602,0.02690748420453,0.010002667839192089,0.038245371099544845,0.16300741023593066,0.034345767308735765,0.04596030253700232,0.5865208669139916,0.7846490962100287,-0.0042215764341332965,3.2043979774136098,0.3075027382256298,8.092356145391845,0.1171374642185062,-0.35331794715470916,0.04979937992611725,0.0676844815784547,0.12527601566888988,0.14182909024410575,0.20323322452625775,0.13230946962088924,0.03682508886849491,0.023427866818564982,0.056818155588650415,0.02778524631875853,0.05271081603345581,0.08230116480736072,upstream,US,False,7060047060.0,1980,1989,1990,1999,10,10,0.08286204841835434,0.18415347470391039,0.12201033586801957,0.7418689037306249,0.707734214088511,-0.0037588942256631596,5.598865036993142,0.49575691212701894,7.448999178757185,0.12724377853485205,0.8199086172999233,0.050794279736493725,0.0872373700323477,0.11543616939411035,0.0619421918788275,0.20646201706547673,0.1581037936078806,0.02676692540577234,0.009879720823716884,0.03838644493144989,0.16284430591322083,0.0344502707231443,0.047696510487558894,0.6198585678626053,0.7847675007949029,-0.00345997988964513,3.3940587909673043,0.30366922234392113,8.092532584884994,0.11703366756149275,-0.35324963113528784,0.0499671634184409,0.06818244031106659,0.12496666686855745,0.14207823264378824,0.20312598707264945,0.1320600722834517,0.0366626041498577,0.02367925428798316,0.05643327491244903,0.02795262856590066,0.05301697787796674,0.08187469760788826
cars,US,1121,train,False,7060047060.0,1980,1989,1990,1999,10,10,0.0480414904397197,0.10487282776922197,0.020819615574292766,0.2503995987981038,0.813600457104462,-0.03949618851478701,2.215544953296546,-0.039967150287434985,27.319302796252433,0.10292844019786536,0.14319023093367655,0.060005187640653525,0.12074898410591932,0.12441803211600273,0.11306259871092433,0.09216279974540012,0.0649906099524335,0.05482154041786713,0.023124322260879366,0.02497818544456072,0.0567527271155137,0.10710470147872472,0.1578303110111207,0.22957998322381104,0.7935874322737028,-0.03744560493841949,1.981120511037788,-0.04600219058050383,28.663800066749207,0.10339198688269495,-0.15572487690784284,0.12952464056512272,0.09846095978327,0.13699586020465038,0.10887157773727808,0.1111783324168238,0.043760707319609946,0.03782446957391809,0.024047971123985264,0.027814550666136365,0.056376629246929405,0.09362037865677793,0.13152392270549804,upstream,US,False,7060047060.0,1980,1989,1990,1999,10,10,0.04763990337270221,0.10246947326943073,0.01632107352963591,0.2792264678191853,0.8134283062286319,0.015548804060444807,2.446668862077216,-0.20372398685651696,27.333291894852135,0.10285000144510595,0.14370531660310187,0.061080352665028544,0.11967949848560197,0.12491306704823428,0.11233542596199671,0.0919394442754645,0.06483785174974184,0.05503796779324852,0.022891223628267593,0.025156744787894814,0.056575166581377484,0.10757131687741385,0.15798194014572975,0.2629053942895494,0.7935414088840945,0.014825428124235464,2.20012386405718,-0.21604600219058048,28.666963033953998,0.10338163821457216,-0.15540143907406087,0.12962280341691496,0.09871414986103635,0.13666191592615387,0.10930883387954482,0.11046805608338821,0.04396685549689308,0.03757410720113197,0.023904051884738313,0.027762512593041123,0.05660613235146163,0.09385437815161539,0.13155620315408048
cars,US,1121,test,False,7060047060.0,2000,2009,2010,2019,10,10,0.09464807226220955,0.09863863841875474,0.06682068620613979,0.22891617481856585,0.7839994589509961,-0.0221188165873853,2.1075851777649977,-0.05420202573227484,25.223621908635742,0.09441786043033314,0.1661035005365498,0.10657341260641238,0.10708787459076977,0.13315126618475434,0.10915800285583835,0.10634169706269508,0.06783928101041778,0.04686460697731619,0.03732951441086474,0.06626861602449784,0.04444517183961967,0.06774826679754542,0.10719228963926837,0.29573686102470564,0.8413760103790091,-0.015740923436388395,2.339627738890213,0.10843373493975904,27.727619354552598,0.10541274857403385,0.33307979023625,0.07740695745469027,0.1268613979689415,0.13698268963188961,0.13129802077579564,0.13206380881913687,0.06658282520849024,0.02721216228116835,0.03866430325093026,0.017705333255540537,0.04851526600195501,0.07385831931682808,0.12284891603463348,upstream,US,False,7060047060.0,2000,2009,2010,2019,10,10,0.09471095226968118,0.09779572244148382,0.07022705839118437,0.25815139018932476,0.7839748859728938,0.016848280061937296,2.3201839065076606,-0.21352313167259787,25.22512674514098,0.09446279511741665,0.16603107841840353,0.10482482693920743,0.10754788838941369,0.1340097561962364,0.10834181214121878,0.10627939882571603,0.06744292089972208,0.04696629056919117,0.037238234034371105,0.06632023036833122,0.044423809386762,0.06819543273434944,0.10840939951548056,0.32837844858050913,0.8413637897508905,0.0,2.548714734988763,0.028477546549835697,27.731017250821463,0.105420379302683,0.3331202964613466,0.07721789497616237,0.12742967014873313,0.1366373344306899,0.13349065292634044,0.13002082722879366,0.06597654326260008,0.027286241957744695,0.03895088234923834,0.017277866138460957,0.04910156563391226,0.07409190986700147,0.12251861108032269
cars,US,1122,train,False,7060047060.0,1980,1989,1990,1999,10,10,0.08464019701804655,0.09203731623931964,0.05966794817555454,0.3854413630817297,0.9914973154608191,0.02262107989830323,2.461338499034706,0.029838488913222008,14.96930008892868,0.10718965260349231,0.10689416323416809,0.06129544937637621,0.12021829946890551,0.13355039921509454,0.10704333789734315,0.11699474309846834,0.0585376441576198,0.05277528443026073,0.011069713419017049,0.015405238257582608,0.05933461501973135,0.10825202047703754,0.15552325518256319,0.44510931125728426,0.992495878008447,0.03784068253714288,2.3296534935742264,0.000547645125958379,16.291469709306156,0.10876675900331663,-0.37471814466076586,0.13081905320665432,0.09672727878018905,0.13032098092661487,0.1098667455462347,0.10059491434510281,0.03838158950920672,0.0368381722658881,0.006925279002171408,0.020988384334809446,0.07160179297205557,0.09957257319791084,0.157363235913162,upstream,US,False,7060047060.0,1980,1989,1990,1999,10,10,0.0845293906970584,0.09544326034936376,0.059683502895331475,0.43452255794552685,0.9914119967657584,0.01929081759436295,2.741687110018163,0.030385984122638928,14.9724789313441,0.10732321913190918,0.10687685237901734,0.06137497929069673,0.12036634360459633,0.13604725811746146,0.1043442470175111,0.1170979332335016,0.05833592196797755,0.05265438618271005,0.010893493207382301,0.015673666335264094,0.05926006461210936,0.10881481941643445,0.15513688701435516,0.49420606084085833,0.9924186009325592,0.031283282745938966,2.588885399956642,0.0013691128148959474,16.293123843154437,0.10867592652274065,-0.37438179467877447,0.13083527735502642,0.09734670782186766,0.12968314112027046,0.11064124638202573,0.09962528208539989,0.038434998291545196,0.036559505147731375,0.006899492412842631,0.02103493337978046,0.07197591602207,0.10021776850104269,0.1567457314803975
cars,US,1122,test,False,7060047060.0,2000,2009,2010,2019,10,10,0.15991502149053177,0.08994975790630869,0.05964487444389671,0.4134959440304958,0.9813353918572516,0.023498414050697417,2.5564297858414453,0.0,13.004514517761553,0.10610130608808527,0.12774029757040617,0.110476251553191,0.12722638489389818,0.14911648156722604,0.1272473414389581,0.10781043367447957,0.05992354254313754,0.027849234474369006,0.015048564899020875,0.04895498166913479,0.031028817685975665,0.07987909792051585,0.11543886768009357,0.4731408184743925,0.9938176124603729,0.023025722687503573,2.6457720475046,0.0,15.259642361801928,0.11021576764467048,0.33787334659985263,0.08899752951042014,0.11312385558081509,0.1381461142861493,0.13932980299699615,0.15309409908772445,0.05793551190939756,0.03318698894500345,0.03001651171360365,0.007882748542413805,0.03927707873524976,0.07954122241159872,0.11946853628062788,upstream,US,False,7060047060.0,2000,2009,2010,2019,10,10,0.15988606007703898,0.09050238610537689,0.063356139903612,0.45839296501237914,0.9815404751247593,0.021336688454691163,2.8061380862066407,0.0,13.005984531727348,0.10619845864940035,0.12783662220208475,0.10946858239169215,0.12735594066870778,0.14974970691362013,0.12678913813234094,0.10782419942866782,0.05936645661397767,0.027829944934924987,0.014821498921525563,0.048955408553771444,0.0311669874176989,0.080412651318695,0.11625948470437761,0.5217491049159911,0.9936383239033592,0.024121630410041294,2.899308582238449,0.0,15.260925308214677,0.11022552081625604,0.3379419599119745,0.08906752999707344,0.11306061603745975,0.138184689298605,0.14118084008064252,0.151772286443599,0.056939566871524724,0.03323405440119663,0.029934071472701846,0.007886425714564433,0.039886860631483105,0.07966753243585992,0.11918552661528954
cars,US,1125,train,False,7060047060.0,1980,1989,1990,1999,10,10,0.0480414904397197,0.10487282776922197,0.020819615574292766,0.2503995987981038,0.813600457104462,-0.03949618851478701,2.215544953296546,-0.039967150287434985,27.319302796252433,0.10292844019786536,0.14319023093367655,0.060005187640653525,0.12074898410591932,0.12441803211600273,0.11306259871092433,0.09216279974540012,0.0649906099524335,0.05482154041786713,0.023124322260879366,0.02497818544456072,0.0567527271155137,0.10710470147872472,0.1578303110111207,0.22957998322381104,0.7935874322737028,-0.03744560493841949,1.981120511037788,-0.04600219058050383,28.663800066749207,0.10339198688269495,-0.15572487690784284,0.12952464056512272,0.09846095978327,0.13699586020465038,0.10887157773727808,0.1111783324168238,0.043760707319609946,0.03782446957391809,0.024047971123985264,0.027814550666136365,0.056376629246929405,0.09362037865677793,0.13152392270549804,upstream,US,False,7060047060.0,1980,1989,1990,1999,10,10,0.04763990337270221,0.10246947326943073,0.01632107352963591,0.2792264678191853,0.8134283062286319,0.015548804060444807,2.446668862077216,-0.20372398685651696,27.333291894852135,0.10285000144510595,0.14370531660310187,0.061080352665028544,0.11967949848560197,0.12491306704823428,0.11233542596199671,0.0919394442754645,0.06483785174974184,0.05503796779324852,0.022891223628267593,0.025156744787894814,0.056575166581377484,0.10757131687741385,0.15798194014572975,0.2629053942895494,0.7935414088840945,0.014825428124235464,2.20012386405718,-0.21604600219058048,28.666963033953998,0.10338163821457216,-0.15540143907406087,0.12962280341691496,0.09871414986103635,0.13666191592615387,0.10930883387954482,0.11046805608338821,0.04396685549689308,0.03757410720113197,0.023904051884738313,0.027762512593041123,0.05660613235146163,0.09385437815161539,0.13155620315408048
cars,US,1125,test,False,7060047060.0,2000,2009,2010,2019,10,10,0.09464807226220955,0.09863863841875474,0.06682068620613979,0.22891617481856585,0.7839994589509961,-0.0221188165873853,2.1075851777649977,-0.05420202573227484,25.223621908635742,0.09441786043033314,0.1661035005365498,0.10657341260641238,0.10708787459076977,0.13315126618475434,0.10915800285583835,0.10634169706269508,0.06783928101041778,0.04686460697731619,0.03732951441086474,0.06626861602449784,0.04444517183961967,0.06774826679754542,0.10719228963926837,0.29573686102470564,0.8413760103790091,-0.015740923436388395,2.339627738890213,0.10843373493975904,27.727619354552598,0.10541274857403385,0.33307979023625,0.07740695745469027,0.1268613979689415,0.13698268963188961,0.13129802077579564,0.13206380881913687,0.06658282520849024,0.02721216228116835,0.03866430325093026,0.017705333255540537,0.04851526600195501,0.07385831931682808,0.12284891603463348,upstream,US,False,7060047060.0,2000,2009,2010,2019,10,10,0.09471095226968118,0.09779572244148382,0.07022705839118437,0.25815139018932476,0.7839748859728938,0.016848280061937296,2.3201839065076606,-0.21352313167259787,25.22512674514098,0.09446279511741665,0.16603107841840353,0.10482482693920743,0.10754788838941369,0.1340097561962364,0.10834181214121878,0.10627939882571603,0.06744292089972208,0.04696629056919117,0.037238234034371105,0.06632023036833122,0.044423809386762,0.06819543273434944,0.10840939951548056,0.32837844858050913,0.8413637897508905,0.0,2.548714734988763,0.028477546549835697,27.731017250821463,0.105420379302683,0.3331202964613466,0.07721789497616237,0.12742967014873313,0.1366373344306899,0.13349065292634044,0.13002082722879366,0.06597654326260008,0.027286241957744695,0.03895088234923834,0.017277866138460957,0.04910156563391226,0.07409190986700147,0.12251861108032269
cars,US,1127,train,False,7060047060.0,1980,1989,1990,1999,10,10,0.7217954479672353,0.12929658324276777,0.014698641145736102,0.36583333379569427,0.9736618983606008,0.016534203224303195,2.459952068733201,0.0032858707557502738,8.512908953470223,0.10475907278189345,0.041899360667005454,0.05842025690133796,0.11718964693336743,0.12857182766221031,0.0991051648695287,0.13263080085353737,0.061149733296806764,0.048504720254734256,0.011951859765977842,0.02222450794469419,0.06948898461971087,0.10706666782911825,0.143695829068976,0.3805319749414304,0.9856966030276655,0.009702846317287532,2.2286883940449917,0.0,17.5206320332119,0.11694846923784744,-0.09790753709411246,0.14795681774810543,0.09725860570421477,0.13744334053685453,0.1123638255871221,0.10895410221850442,0.04285787154572019,0.016264598529437315,0.004986238527755353,0.012167362353209017,0.05135489154721994,0.1088789525662318,0.15951339313562515,upstream,US,False,7060047060.0,1980,1989,1990,1999,10,10,0.721730727524995,0.1293956744884005,0.0029006313515104187,0.4210672233430738,0.9735349531640569,0.01984790076551291,2.7237632447844944,0.0052026286966046,8.514754381161008,0.10494676558384539,0.0419657316922476,0.05849478530646646,0.11745381213326535,0.13074496067534083,0.09659777147990942,0.13329507317737205,0.06055824174537832,0.04814077799302242,0.011918330153223177,0.02275278692037785,0.06915500678980559,0.1075936965674845,0.143294757058354,0.41816659199156336,0.9855317620760109,0.009701371247666443,2.378420483572696,0.0,17.52329600219058,0.11686921182787233,-0.09757625204817617,0.147730176182146,0.09798338081537114,0.13663504147358083,0.11336056365710756,0.10792872395481296,0.04280360503355594,0.015974603796476406,0.00494367715191592,0.01221445518379484,0.05202990848811698,0.10880451007192317,0.15959135419119816
cars,US,1127,test,False,7060047060.0,2000,2009,2010,2019,10,10,0.19566748164620432,0.1280628137835535,0.07923086389920952,0.449194919462514,0.9595637285914601,0.01591560384616979,2.804049486658994,0.0,15.959180842587195,0.11482090485220135,0.16411794976983077,0.10850285071391469,0.13203839840723022,0.17188293798689935,0.13089301659574842,0.11067673081428901,0.05507383241523348,0.01958166865002236,0.011972541189931287,0.05739774253660322,0.012523318222655242,0.06532085034431173,0.12413611212316077,0.5284257833617235,0.9957413181855927,0.017740460388302952,2.6993068431054565,0.0,19.408318186997,0.11644007050760218,0.1627056718360024,0.08970651434901483,0.11461395965726777,0.13698962427285513,0.1265624263815012,0.17394253401250717,0.06876413512723666,0.017521701972925595,0.01681583059106528,0.0068395744733003175,0.040397401677485054,0.07546983641052715,0.13237646107431378,upstream,US,False,7060047060.0,2000,2009,2010,2019,10,10,0.1958657144826055,0.12670658164518944,0.08196626812914942,0.4843791452026821,0.9599294201008302,0.01591362992278735,2.9807715709265885,0.0,15.96116041609636,0.11487413855322155,0.16418457873173517,0.10796767316994638,0.1318999983518025,0.1721648288749934,0.13061629089049814,0.11069820990829453,0.05459399552901129,0.019444219911121167,0.011917531331488554,0.05740488403970088,0.012580480618166337,0.06599302210459249,0.1247188652703844,0.5663454133318315,0.9955100834395078,0.0196759405399426,2.8745805270913274,0.0,19.41457381539304,0.116266910482101,0.1634137053624163,0.0897110601558134,0.11468871017431088,0.13706721771485586,0.1270156689633137,0.17344032864253064,0.06825836503845394,0.01748260987402425,0.016762588408674405,0.006826046710554912,0.04117457076107343,0.07610632672959315,0.1314665068268015
cars,US,1134,train,False,7060047060.0,1980,1989,1990,1999,10,10,0.1941646562699637,0.17825879573371675,0.0859868546616831,0.5571952770472766,0.7222464321925547,0.0,3.5518417172724055,0.18614837120175196,4.784956279214622,0.12987351534421238,0.09494334070590187,0.03378998819867923,0.1610571275930223,0.1400024262602937,0.04690563227056419,0.20786956136991716,0.13297431898098502,0.026494240370356536,0.005579856228835058,0.018319023843414484,0.040584530762437336,0.0913382400698211,0.09508505405167386,0.6431821317089597,0.7886137397440047,0.0,3.140853285531555,0.03806133625410735,5.810354265203105,0.10889700776779641,-0.135429513995389,0.09992265914273325,0.10861970666457346,0.1398657984267127,0.10295343906274987,0.1402041678122018,0.08821113547464621,0.017463149339058133,0.009499317957424478,0.014093944967080161,0.05549795495778472,0.09150884281961025,0.13215988337542503,upstream,US,False,7060047060.0,1980,1989,1990,1999,10,10,0.1942203036185557,0.18039465737563498,0.0837151732084005,0.6088643806217948,0.7223546365943463,0.0,3.814726679832927,0.17519846701341363,4.785009581166165,0.12998360020168467,0.0949265249811778,0.03388399303418148,0.16207513427049985,0.1393532704334872,0.0461193708794918,0.20793814975594466,0.13315943577785355,0.026197278662489616,0.005478545324732088,0.018913833465677786,0.040913371213594785,0.09062160319091239,0.09534601399113483,0.6925795538301953,0.7886799060790787,0.0,3.3771607563388515,0.010679079956188386,5.810742332968236,0.10882976367011678,-0.13529032223246712,0.10038301516090486,0.10845399975147062,0.13974537566412928,0.10354038444583062,0.14018367141230237,0.08774321797294367,0.017619621022381265,0.009302698843414756,0.013888664397732587,0.05613107234113499,0.09170390169923129,0.13130437728852373
cars,US,114,test,False,7060014340.0,2000,2009,2010,2019,10,10,0.07311041547045898,0.091373054988762,0.14239521982963826,0.42774699232497143,0.43636652968147815,-0.20236363604836055,1.0808981233020007,0.016217702034084663,2.194955454153421,0.10289994244755832,0.14681381824851794,0.12448899610809847,0.11644103060156807,0.14130569712298838,0.13461054187864366,0.11117337951491217,0.058283078584598,0.04811424906450605,0.0447994073056906,0.03623901771878773,0.037773377053763,0.04046734575845941,0.10630387928798443,0.28535177249533317,0.4225147461222142,-0.0522005822235413,1.1129058681197426,0.0,2.04020712918353,0.11459582982998444,0.03024353649730687,0.10957452832366726,0.1448480130498902,0.1667726189980741,0.15935431671066266,0.10267321186634712,0.06960967594635147,0.04954302753608765,0.0403733076372809,0.02893722042016788,0.017130587312335282,0.02714982454969952,0.08403366764943579,upstream,US,False,7060014340.0,2000,2009,2010,2019,10,10,0.05550759963380118,0.09267893611508365,0.13482913224428644,0.419876774547364,0.4348629736461972,-0.14943337280542648,1.1750411262721432,0.015376013419066257,2.2163723790886216,0.10300048727855472,0.13968473055880432,0.12370250419906045,0.11754569016710975,0.1385942216690187,0.13603303445878412,0.11111692737252593,0.05824698497621837,0.047605665212405106,0.04413857076041213,0.036394211679064134,0.03797923401266707,0.03968534670439978,0.10895760878833458,0.28504764230307755,0.42004960823154663,-0.06920402070791479,1.1496312352622462,0.0,2.096698985343856,0.11485364646689222,0.05619058526540881,0.1101695530419858,0.14541957293689764,0.1674769810492899,0.15900631905416363,0.10233499052572034,0.06941442284323024,0.04938723671503818,0.04016406312171599,0.02880554713158387,0.016578241849000842,0.027313025467637964,0.08393004626373554
cars,US,1151,test,False,7060047970.0,2000,2009,2010,2019,10,10,0.3593579176608104,0.257818631541481,0.1765282520609469,0.36127600247276914,0.4337219319410637,0.016535106443871146,4.24857156339216,-0.15110867779906928,11.974522248896083,0.11480430363648189,0.09899785921413104,0.05742875506759573,0.09724469238477888,0.13984742904856196,0.1180059371566361,0.11307834166004377,0.20274400161519415,0.07049528382863503,0.03339947371703163,0.01667799905986158,0.03216541360086211,0.06963410919172243,0.04927856366907667,0.537804254533716,0.6253881389229607,0.022473507602702163,3.7805944042654516,-0.08187294633077766,17.152418163404608,0.11269843385007244,1.023651808349659,0.0565011748125472,0.06426200019391544,0.09539646048727377,0.09347229084039527,0.23314271800757333,0.09200837013895269,0.034288143645638834,0.039708851188432405,0.06331687814459895,0.09608053204176098,0.06165313663291996,0.07016944386599092,upstream,US,False,7060047970.0,2000,2009,2010,2019,10,10,0.35903229396550396,0.2621844465697989,0.18494419663305905,0.39937269564133215,0.4336140564407128,0.016529028361355943,4.806977122614976,-0.1965507801806734,11.978925540651518,0.11612497125188379,0.09806414156246716,0.05739519045389848,0.09936267989578833,0.13874585613958632,0.12185123453989996,0.10877287800011037,0.20752103309455205,0.06538067641604822,0.03308198322105742,0.016562667144130187,0.03260587561214529,0.06959327123793806,0.049126654244845316,0.5843168922743912,0.6253781412156302,0.02576787825104388,4.143308095728989,-0.13910186199342828,17.153139101861992,0.11279846266889612,1.0234073278260798,0.05591206103181341,0.06442734210018175,0.09529845060436187,0.09377594053847513,0.23326645303795152,0.09150350147782847,0.035814098064877335,0.03815869173100559,0.06324509208204732,0.09710383226518975,0.06093410139037455,0.07056043567589326
cars,US,1192,train,False,7060047060.0,1980,1989,1990,1999,9,10,0.2321221948927431,0.0822697452518916,0.0198043328520848,0.10082846070458008,0.9107117713984846,-0.022398925463062706,1.2015286694654035,-0.003350593968930856,70.59043982299178,0.10557655970268315,0.2577013491297732,0.09567788997187116,0.13880948289244283,0.14449874405108756,0.10475869413552044,0.11118951536871798,0.0983878022613491,0.045022586624555536,0.02310973888583227,0.022036684616448646,0.03922252761305717,0.05019611212125873,0.12709022145785862,0.08102412785249528,0.934994407731124,-0.026076825584472753,0.9756105153965353,-0.0032858707557502738,89.0338751475864,0.10645124172531308,-0.23995024205909726,0.14293169781750292,0.13596365592778853,0.15079478189590828,0.11728684357272076,0.09842822462568711,0.0659668748387058,0.04983164981169556,0.02765681103735083,0.027676889869554196,0.03753930003974015,0.05139152165373336,0.09453174890961248,upstream,US,False,7060047060.0,1980,1989,1990,1999,9,10,0.2368895748569024,0.08679569627169555,0.019150812681001758,0.11060638106330052,0.9119664509837417,0.017002041850094546,1.232090768270017,-0.0619091186337298,70.26214913083257,0.1059218220430627,0.2510350247156721,0.0958898459243299,0.1400645594282002,0.1465335844366959,0.09852669252799173,0.1118953913485682,0.09915334845406881,0.04454199572830521,0.02327213252046847,0.022205013979212526,0.03940232767551252,0.050063781745483135,0.12845132623116337,0.09145556838229876,0.9350051798793579,-0.013710183132187264,1.0095562927449986,-0.05120481927710843,89.04330366922235,0.10644673749374596,-0.2399391181286968,0.14322353739886426,0.1359685265803683,0.15054378777423005,0.1172763741210438,0.09799117363994704,0.06583377037788618,0.04972095290222159,0.027544925076681846,0.02776809571637807,0.037459947747773815,0.051751070144762774,0.09491783851984223
cars,US,1192,test,False,7060047060.0,2000,2009,2010,2019,10,9,0.16546407184970702,0.05336767743444636,0.04437766674995651,0.11184784992534776,0.9035005954070567,0.010442063685003233,1.1841741234097767,-0.0043799616753353405,70.20642874002706,0.09981553361653334,-0.32248403148357285,0.10529912048142964,0.114100328483527,0.1601966890064096,0.11472779263167808,0.11196421813860556,0.07776385507622723,0.06302532481128041,0.044448423429174225,0.0395267584885787,0.04037092015362964,0.043144749208826876,0.08543182009063309,0.15622551667530427,0.8873059815143196,0.03104389837792835,1.420116568896265,-0.012169151201703681,82.83941346624606,0.10385534974082651,0.6488897148642269,0.09904561516003746,0.11499203161265026,0.17291687225108185,0.12398907664090066,0.10951209287618724,0.07242087562818181,0.045732857176029824,0.03447390910811139,0.027639328335281953,0.06801574051585975,0.042980093915846694,0.08828150677983136,upstream,US,False,7060047060.0,2000,2009,2010,2019,10,9,0.16600928634033224,0.055042913585406784,0.04118998530414511,0.12311908521187284,0.9035715629571391,0.05791285006143746,1.2181289217075195,-0.05146454968519026,70.21930358609362,0.0997799082244466,-0.32245463558834986,0.10501012751431793,0.11467254307996538,0.16006896168975382,0.11434932511852625,0.11187331546286672,0.07767002191047345,0.06314265148649542,0.04400284547512553,0.03957134941473647,0.040504739763402686,0.043480372990931125,0.08565374609340516,0.16430907051601795,0.887194340258887,0.1533658875003524,1.4771622346442916,-0.10928462709284627,82.8997908675799,0.10395180891464946,0.6505443160843396,0.09895156358167191,0.11550410023011662,0.17294081850404683,0.12466269218482053,0.10842214579195987,0.07227194434190488,0.04561630740454266,0.0342333688360273,0.027626892644216576,0.06838830588564147,0.04258554806921663,0.08879631252583461
cars,US,1237,train,False,7060047970.0,1980,1989,1990,1999,10,10,0.4869150265525149,0.23720812204611674,0.002699647912451364,0.6127042881238852,0.7207570076753232,-0.006251619718131537,3.850817468552106,0.578154941144265,4.478839286847816,0.12831176814602874,0.5335401474825288,0.045698695932511815,0.10820668772542666,0.08509901518505669,0.07616300585164697,0.18660789800801383,0.19454205782976,0.010248405325155434,0.009568557572063631,0.013426941553384591,0.08102669518325953,0.05042121019809735,0.13899082963562354,0.6154039360363366,0.8329833971739259,0.0,3.5283903863511155,0.47699890470974815,7.288362890911471,0.11624757902533925,-0.15751584423206352,0.10286195222554956,0.13431204294989932,0.1544412446391426,0.08581026256216584,0.13218965118088316,0.03440377762336121,0.01034974177416322,0.03512617816325429,0.0150865617363253,0.05837510017067214,0.07013258996652501,0.1669108970080582,upstream,US,False,7060047970.0,1980,1989,1990,1999,10,10,0.48695295618813816,0.23687871918624437,0.015366599319870833,0.6726732883833024,0.7207812071310888,0.0,4.348794238948724,0.5806186695866412,4.478963317820969,0.12845063231953122,0.5334606695451828,0.04489136886108023,0.10908549399012435,0.08426159630692572,0.0762073367525885,0.18707254089791536,0.19399042382820367,0.010125871756356158,0.009573360344459084,0.013664511770296069,0.0808514885384747,0.0505318747439516,0.13974413220962456,0.6880398877031733,0.8330034042044195,0.0,4.00734910749532,0.4717962760131435,7.288841182913472,0.11616071634672298,-0.15743137709047186,0.10306689455531659,0.13438327609068582,0.1540508064060473,0.08594128491210437,0.13219738134422646,0.034127810489770254,0.011692542066433529,0.03384222337495597,0.015042799748509026,0.05871054224435257,0.07002587039078476,0.1669185683768133
cars,US,1237,test,False,7060047970.0,2000,2009,2010,2019,10,10,0.3607024034796394,0.21612682017874255,0.11091989874071906,0.5113976516533948,0.7115238817327626,-0.012290988951054502,4.202546028096286,0.6142896249657815,4.6375438320697295,0.11348420328269136,0.14133103746616377,0.061299374945404585,0.08662375523746182,0.1902408080098596,0.09872673090495492,0.13307885529366476,0.13212096663052425,0.02561634054390981,0.01725310068723325,0.030373278790883793,0.03609553041356445,0.08535250482387315,0.10321875371866548,0.6223175503941138,0.7910632034218039,-0.00420938782401031,4.549364800930497,0.49315443592552033,6.651798591778181,0.11909044123751142,0.8432263224885654,0.0803476410067209,0.048218003199852186,0.10838941861442923,0.09308276708326611,0.14655594093030017,0.10858152172290053,0.011771287712742029,0.027164877294558524,0.014309168080755032,0.20978522228703006,0.07878202469391128,0.07301212737353394,upstream,US,False,7060047970.0,2000,2009,2010,2019,10,10,0.3606572772541456,0.2218752899019274,0.11274299824157974,0.5579418713718229,0.7116154536662946,-0.006037377864159825,4.6400413842748005,0.5891048453326033,4.637774979468929,0.11371083392939929,0.1412464583895095,0.05997759859169561,0.0888328106023259,0.19101149394349784,0.09619366121364256,0.13279433486138892,0.13207398603406298,0.02531981268569464,0.017360147025769174,0.030203947728788073,0.036278806870017055,0.08513485468361315,0.10481854575950407,0.6706848696134027,0.7909065121091161,0.0,5.050570386621602,0.4608433734939759,6.65182995618839,0.12035533673123958,0.8431113343315648,0.0802499275187308,0.04807293680106722,0.10850685786216253,0.09299148217989903,0.14690132746002127,0.10869757529520552,0.011195685513086497,0.027178119256067813,0.014353781785089652,0.21395680301597825,0.07534124856648042,0.072554254746211
cars,US,1249,test,False,7060048410.0,2000,2009,2010,2019,10,10,0.18508935093396636,0.23948663898503994,0.3221176472756707,0.8239127479792422,0.3160763931769448,0.22858755493396585,5.54696670929945,-0.18122091431699971,0.12249135788730324,0.11898190926348741,0.6112076984510866,0.02878351857350134,0.04850926310465625,0.12274152334911673,0.05904628539458822,0.06923714354587503,0.19729078155535162,0.06496535532117888,0.07465456251778504,0.03846164472817313,0.07384680484448979,0.18888309034019446,0.033580026725089314,1.146030395254913,0.17744371958588637,0.0,4.756642440292364,0.13663745892661555,0.10179399647999109,0.1065589050986228,0.57188815602634,0.04843623096783694,0.061381700542718735,0.05265242397082249,0.07359617139407343,0.20077515446541608,0.1486518744314725,0.07018473193562601,0.05943528474499235,0.07000013290194783,0.08689044011455725,0.08334373563012064,0.04465211890041565,upstream,US,False,7060048410.0,2000,2009,2010,2019,10,10,0.18509657981035393,0.25079085181759714,0.29665629285461004,0.8786082927534192,0.31611315838285153,0.22857832434594696,6.305372196872549,-0.2844237612920887,0.12249630440733643,0.11940819433777257,0.6112538841548735,0.02877229992915869,0.051206872277805224,0.12335103993706968,0.05596016796318934,0.06918313485102094,0.19847188359677215,0.06402088142683791,0.07433868404997777,0.038399567353998736,0.07412638358448106,0.18905915137917087,0.03310993365051768,1.1752645856080293,0.17741900775760974,0.0,5.552848569080638,0.02546549835706463,0.1017973713033954,0.10795977902729272,0.5716189550309582,0.04815420535608612,0.061474483812311034,0.05275120775545777,0.073573557418147,0.21189787069215954,0.1376061157078146,0.06994760116633134,0.05946245467554685,0.07718875415586232,0.0800911330844299,0.08461012900657405,0.043242487169279434
cars,US,131,test,False,7060014200.0,2000,2009,2010,2019,10,10,0.06348045387693255,0.08087287357969342,0.021354600283237712,0.28560746610525284,1.0387295254373958,0.09890502284779853,1.2509711698840338,-0.000547645125958379,51.637544312176246,0.13496976734523797,-0.11395780894392987,0.10995642899122861,0.10823016182768293,0.13906116730460907,0.16326417020076833,0.21680338475658745,0.09927480225897187,0.028789718232179778,0.011033886574174381,0.007389004490053779,0.009592885222907015,0.025609883422347053,0.08099450671848986,0.30696206638849055,0.8628902833532985,0.09170118879435211,1.387587084926113,0.0016488046166529267,48.46144614535169,0.12559478608966415,0.19596981174108696,0.09169145206838275,0.12636963446337565,0.16034999015722914,0.17844980432861313,0.15419548809973985,0.10278878968409205,0.032225640168766334,0.012027050229824747,0.009335412155798124,0.019749590039369453,0.03095517775648123,0.0818619708483276,upstream,US,False,7060014200.0,2000,2009,2010,2019,9,8,0.07179842827369064,0.08823650285977874,0.024919909041155153,0.24841927731797692,0.9847396801576798,0.08102482608627087,1.2305588227590625,0.0015802781289506948,56.01616466498104,0.13671671458684723,0.011659679998018544,0.11134827688943974,0.10590429454609582,0.1349180265573174,0.16516044828467855,0.22163477791044212,0.10219780055473762,0.028719411152906497,0.009855714564963964,0.006463029666040558,0.009168249333392652,0.024621476739277642,0.08000849380070754,0.27333918635913207,0.7915751365043213,0.07766334070902263,1.3655785861138199,0.005107624954396206,52.13527982488143,0.12579559033049795,0.14380525220852652,0.08491090328655697,0.13205834830306548,0.1434777814923461,0.1776433397016246,0.16343704723158614,0.11687636467757993,0.03517675601630261,0.010192326389793253,0.007702508170553577,0.021889857695022663,0.03022767181290119,0.0764070952226675
cars,US,132,test,False,7060013550.0,2000,2009,2010,2019,10,9,0.09484542525248418,0.04330429427838928,0.06842148586828778,0.15137980082646524,1.0110791379052595,-0.01106554108848674,0.940202634458797,0.0008219178082191781,216.88388130401032,0.10345359051609285,-0.026629949657781222,0.12585004831400798,0.13720984082416443,0.14540286132015012,0.11684891986603167,0.10348306796374519,0.054658159189935454,0.04376971879310544,0.03859723170647877,0.03605125382833052,0.04198489297380471,0.049449811403491924,0.10669419381675382,0.21980128669475302,0.9685059849233658,0.018901647379031987,1.158266764108267,0.0,197.2588204561889,0.1074353711992174,0.1944574160942324,0.11814228481037116,0.14227383506924063,0.16884571659794703,0.1258746022763716,0.07835665337770487,0.0575479586088551,0.0407068956207518,0.03567287564632623,0.034487129842730155,0.0416512034979636,0.052331774329748504,0.10410907032198932,upstream,US,False,7060013550.0,2000,2009,2010,2019,10,9,0.09254410391849845,0.042903493274166704,0.07119486813354636,0.14926934675484932,1.013007712136852,-0.007189437823949943,0.9641178429848427,0.002197802197802198,216.56769807692308,0.10329427711646805,-0.026224643783110048,0.12303033492606805,0.1387806772666133,0.144008772446622,0.11730209539927114,0.10309943422368749,0.05473978500043196,0.04390873025757074,0.03858751139108126,0.036021598002434645,0.04208189495389129,0.04975271031060142,0.10868645582172672,0.22046421488839568,0.967442401492685,0.024128648671339608,1.181454942956771,0.0,197.42506366128538,0.10755228273496903,0.19445776863927608,0.11843354071176292,0.1425623516920906,0.1696557965128142,0.12514297925281964,0.07785445149464082,0.057445469379418856,0.04049736695015381,0.035481926644224455,0.03451972131657818,0.04193739944749897,0.05268093686056314,0.10378805973743428
cars,US,133,test,False,7060013550.0,2000,2009,2010,2019,10,9,0.38964098299719185,0.06002252937253903,0.03485116416562553,0.03933931630922641,0.989540477028686,-0.0012747739782721465,0.738718936681558,0.0,41.70673984005379,0.08977433401622237,-0.23398848083968798,0.06326397172238028,0.08278702964014228,0.09134982420356433,0.08892926224903101,0.0818215952891657,0.09649084305632669,0.11909230590532285,0.12047158086021202,0.093814507548639,0.06822100755390569,0.039365166909981625,0.054392905061328566,0.07419048047485194,0.98315001730592,0.03888656379954115,0.8567447867603069,0.0,28.24797460452463,0.09556850714938628,-0.1669061266981931,0.06298535652757632,0.06987775613138845,0.0900374303025209,0.0799993149209406,0.06355222833527696,0.12128441341307607,0.15269116018035353,0.1202814574647612,0.08431285702723376,0.06587148281730527,0.03308353307747938,0.05602300980208748,upstream,US,False,7060013550.0,2000,2009,2010,2019,10,9,0.3920297512317989,0.060893196094424465,0.04064130801636966,0.046577233014649444,0.9891905868832179,-0.006751261809729641,0.7465588599676563,0.0011157601115760112,42.27357907949791,0.08991535836376027,-0.23495310314155124,0.06217169543982753,0.08343729353661332,0.09093856137897435,0.08918276046363628,0.08179560618694535,0.0969930138466261,0.11964330952540589,0.12077035749489144,0.09369983385305022,0.0676980542911224,0.039185281400826305,0.05448423258208086,0.0872185410310191,0.9804131899633398,0.04953860568631359,0.8730947605883322,-0.00030864197530864197,28.56358148148148,0.09574209543448556,-0.15957638114306627,0.06300190983934864,0.07032382511080651,0.09067709719805944,0.07962546929632963,0.0638338204208147,0.12224638029752208,0.15307975912174443,0.1196884308478624,0.08450090400445598,0.06449201199438065,0.03267299363892578,0.0558573982297496
cars,US,148,test,False,7060013550.0,2000,2009,2010,2019,10,10,0.12449097362519446,0.08236897109822007,0.04765050697871212,0.17213369635377504,1.0348474820635667,-0.04702930836761731,1.1596360614959162,0.0024725274725274724,136.96822379315975,0.10742940941177835,0.1517404081428594,0.10878890560047046,0.1188902211521243,0.1512883718763684,0.13877372369263458,0.13858585157209485,0.05437869597384118,0.0378495251735252,0.03783397811611397,0.03419940396813628,0.03742753719311248,0.042391314753769574,0.09959247092780861,0.21978420333248716,0.9637119574295689,-0.035465364794177084,1.5151465306988225,0.0016429353778751369,155.12634740763448,0.11673147892506198,0.35358506803523077,0.10386974822104683,0.13779892247034659,0.17838164943581059,0.16377289414171375,0.10805090719988393,0.06506312431634001,0.03853291860250284,0.029002228598436073,0.026950486968207756,0.029524282372591394,0.033130275785911274,0.08592256188720894,upstream,US,False,7060013550.0,2000,2009,2010,2019,10,10,0.12745890529208162,0.08378165965294598,0.03659279412336025,0.18173948436536902,1.047124467480964,-0.059778474725692365,1.2054302746824264,0.00590717299578059,136.99245485232066,0.10686284253650069,0.16357274075750128,0.10648670073562233,0.11968280770776461,0.14923488851399716,0.13767247074375097,0.13845519066099785,0.05521654516285462,0.038616446064313206,0.03870619609740145,0.03423635123071044,0.037512733590097394,0.04214520406296997,0.10203446542951987,0.21833227848872927,0.9622494538670193,-0.032263607416994966,1.5476373709154931,0.004672897196261682,155.61496069268827,0.11682527017916161,0.3571160951878866,0.10425798863759649,0.13815547507662973,0.17894585380893543,0.16365903913679816,0.10734825866271223,0.0648280037589501,0.038351181438585014,0.028975433820638344,0.026927219312135292,0.02952916800802446,0.03357097679387888,0.08545140154511593
cars,US,1586,test,False,7060047060.0,2000,2009,2010,2019,10,10,0.11973739389370139,0.11716099370538219,0.030295902818410575,0.13120551636747765,0.9973386572306365,0.013754815349390256,1.9331742217465466,-0.006569942513003011,21.4361292762153,0.10688368229641317,0.2573925175719547,0.13962492284325767,0.11795296004711074,0.156173337921632,0.11976905612860349,0.10076104913062191,0.07358474482555213,0.0606419392451682,0.030770541683470376,0.026710379501279805,0.035140097601769026,0.030975731958569824,0.10789523911296496,0.10090961354906708,0.9991179557435355,0.02636695318712937,1.7640328128740947,-0.0024644030668127055,24.162822131113387,0.1116097093465785,0.23104706075559459,0.1087630535157934,0.09601281916447736,0.15648328920984517,0.14552502217165306,0.1245232957370848,0.12133230579551053,0.06529655111416993,0.01750823340861436,0.01236695775694913,0.020040754735240758,0.04590638888726612,0.08624132850339528,upstream,US,False,7060047060.0,2000,2009,2010,2019,10,10,0.11981255432828626,0.11657780053940411,0.026020247285684084,0.13506777257551217,0.997256339170142,0.014459452773242296,1.9593357601331953,-0.014234875444839857,21.43926225020531,0.1068411862081565,0.25764746746856587,0.13909985140637243,0.11775270253662569,0.15671700974078312,0.1195447640298081,0.10051833160160309,0.07330138011718307,0.06056773299752131,0.030972313064907164,0.026649518547070344,0.03502141440065375,0.03149325582842942,0.10836172572904247,0.10904752528982808,0.9990719805318152,0.026907291649353206,1.7963895626918323,-0.008762322015334063,24.168170043811607,0.11156202436917163,0.23082163781868503,0.10846902370627538,0.09678462764058667,0.156658045418038,0.14536442838123703,0.124143261080737,0.12126769120315062,0.06467666544791105,0.017494881753229753,0.012371360921986077,0.020027348753781305,0.04655121900091338,0.08619144669215369
cars,US,1587,test,False,7060047060.0,2000,2009,2010,2019,10,10,0.12190758503016404,0.12622748406934253,0.007263166220535466,0.26044997089284855,0.9986216292092314,0.00017349920612678274,1.954251429385852,-0.01587736107309061,17.29114540044514,0.10144800275981476,0.11761384336926078,0.12813889558043998,0.12177190494105712,0.13891551143806957,0.11243825907489002,0.10711978761323798,0.0711394339059805,0.05449256714894101,0.024395143037455703,0.033328462907743855,0.05055596399091981,0.04677292771014802,0.11093114265111648,0.2531868046723131,1.0016021096974674,-0.008370476910187566,1.9204834055659905,-0.006297918948521358,19.532937221415306,0.10286241817647775,0.16809441181495813,0.10134363615491675,0.08919322495201819,0.1321967096452549,0.14135682098844818,0.11681083597149951,0.12604370789747982,0.0735786731328928,0.032642865116580176,0.021890289203001918,0.02804366957737028,0.052152699453095336,0.08474686790744226,upstream,US,False,7060047060.0,2000,2009,2010,2019,10,10,0.12199819456091322,0.12582047373990235,0.004616761578994044,0.27537901244813345,0.9985195293197068,0.00017347744651519695,2.0035407431782337,-0.03750342184505886,17.293314262250206,0.10143521645762431,0.11785250328678408,0.12789020446356725,0.12128693323201495,0.13953966060251208,0.1119722755211894,0.1072606192092167,0.0706308856624381,0.05443723538021154,0.024480771903245144,0.033244445995049395,0.050533969089101884,0.04736125828974539,0.11136174065170819,0.2799957740271275,1.0015642672858367,-0.008030850978081915,1.9894067805490045,-0.018893756845564075,19.537157447973712,0.10284816903352234,0.16784872146937946,0.10110877973010088,0.08987547375637842,0.13253547152315245,0.14084032786178957,0.11640953103390106,0.12665597930553288,0.07268532415252375,0.03260348722704492,0.02187259402453821,0.028041730070928538,0.052768870125156374,0.08460243118895287
cars,US,1592,test,False,7060047060.0,2000,2009,2010,2019,10,10,0.05134986988330395,0.1171105220693295,0.12043922073738603,0.20533204043906847,0.994158727471028,-0.0014288977331314535,1.865891916556676,-0.003011223651793047,26.004893472607385,0.10451840766610214,0.16800033138188633,0.1369889728490653,0.1165376683493849,0.14995096644820285,0.1135207166298109,0.10974759068347015,0.05872028381690567,0.054165278618660766,0.01978077714510062,0.03662261354686972,0.04815895348582055,0.04486439818172562,0.11094178024498302,0.3257712611764545,0.9987084960792157,-0.001415518868102673,1.8288678326787133,-0.0038335158817086527,27.3751207936489,0.10640294638524676,0.09862474497871139,0.11051881952955009,0.09787363100404056,0.1451210708663924,0.15378462952376074,0.10457471431339878,0.11658731132609486,0.050907720972548996,0.032035159664585144,0.025846715359782252,0.0220747174200598,0.05158959732843149,0.08908591269135482,upstream,US,False,7060047060.0,2000,2009,2010,2019,10,10,0.051488862762481366,0.11771540136404754,0.12405021347037193,0.21977552761039992,0.9940914647944329,-0.0038605124654588117,1.91428855005165,-0.004927456884752259,26.006909937038053,0.10452024633218743,0.16813625858448814,0.13671508178636682,0.11625299060846787,0.15072201430768015,0.11295907143884626,0.10955774540830933,0.0583957440105044,0.054122531944751945,0.019809766070930504,0.036661422564926785,0.04809700073182766,0.04543603890907218,0.1112705922183161,0.34382574108077185,0.998595098057873,-0.003082423904069915,1.8922508263268891,-0.010131434830230011,27.381049014238776,0.10638592185410803,0.09834185214656725,0.11041869836041071,0.0985153635423786,0.1454869645202657,0.15327229777560894,0.10428602797097324,0.11674169714142697,0.050298997682807836,0.03201343147219361,0.02584106933274688,0.022055342420047298,0.05228859540417137,0.08878151437696888
cars,US,1595,train,False,7060047060.0,1980,1989,1990,1999,10,10,0.003104082258705364,0.0666260570600145,0.012221589878347289,0.06809392471954524,1.0043110307457401,0.002100955121157179,1.0781911508884767,0.0002748763056624519,49.977269358408655,0.10322523197131565,-0.1793442251450168,0.0938211810373707,0.12922238414189563,0.14264847452917884,0.14209544684509154,0.09393572955447535,0.08545450811364139,0.05815681908176897,0.031688987492102555,0.021840778465932197,0.028398310364569544,0.0710503450659724,0.10168703530800101,0.08031551459789253,0.9939189602975927,8.643735883586158e-05,1.1474272666107366,0.0,50.1326439365413,0.10223348396567085,0.021840427200796313,0.13986223421959143,0.11214881553084963,0.1379337963914743,0.1254839433150308,0.09887130341923206,0.08337822176923516,0.06133012658927428,0.03858160629668134,0.024508699236159587,0.03131389329529515,0.050708510192732585,0.09587884974444387,upstream,US,False,7060047060.0,1980,1989,1990,1999,10,10,0.0022755309897834032,0.06637106906755819,0.012985892653965797,0.07643410417676327,1.0042306864079884,0.001420169482932347,1.1039762199412706,0.00055005500550055,49.99403300330033,0.10319531422545665,-0.1785960788632649,0.09413813212824342,0.12895263892439,0.14323919536624125,0.14143703860280266,0.09381917217139399,0.08537382987135801,0.057981429951068295,0.03170406959017507,0.02181173942518464,0.028347436886637465,0.07164306032913585,0.10155225675336918,0.08941999683072907,0.9937972808807916,0.0004051255324179907,1.1771560433461907,0.0002748763056624519,50.107925508521156,0.10230851791375718,0.02203511123437472,0.1399245190561266,0.11241698396007038,0.13768160340302943,0.1260763675512877,0.09869257854210706,0.08330805666732564,0.06115016726978757,0.03851596679718811,0.024559549809124753,0.031330267745926954,0.05032155632970641,0.09602238286831918
cars,US,1595,test,False,7060047060.0,2000,2009,2010,2019,10,8,0.05024152556749529,0.07137020207875183,0.06292686460810443,0.034416816662003864,0.998428045804109,0.0006430481643211333,1.1270095862217524,0.0,52.09563118085575,0.10583905206559494,0.22527637158794375,0.13734903238003368,0.11996487657246302,0.14516749032718035,0.1341877661861421,0.10365133031307233,0.07762528097246296,0.0455266570440586,0.033551318005937275,0.03214734471703904,0.030558842399602174,0.04072434103449171,0.09954572004751687,0.0973436812701083,0.9632481415071572,0.0007081373765839815,1.2972231003550223,0.0013712718546451835,54.779860447129025,0.10914323097251415,-0.16105673944678112,0.13118120684409032,0.08684516466813645,0.16867638501567814,0.13291095906146674,0.10793416404032338,0.08540455710995139,0.07276181393947073,0.0208989707959544,0.016082180479109524,0.028470496333708066,0.047437223951387664,0.10139687776072341,upstream,US,False,7060047060.0,2000,2009,2010,2019,10,8,0.04912742091725842,0.07071528805396428,0.06790813850787839,0.04052037059224774,0.9984206010612671,0.0005563515698400536,1.1525521346605785,0.0,52.12531351055084,0.10583438961553515,0.22526819693321257,0.13710150164136617,0.12000830534300286,0.14547258414802375,0.13386541883863373,0.1038402674323391,0.07720997466163779,0.045367539213648174,0.03365438314960664,0.032018192934497515,0.03054604654511437,0.04103439952549368,0.09988138656663606,0.10842850910012612,0.9645755948814775,0.0010228302862633559,1.390521210714939,0.002061855670103093,54.75004089347079,0.1092452685611399,-0.16025020653279584,0.13155079380160073,0.0859093208855674,0.16878079941681096,0.13355013954421624,0.10770726785504321,0.08484470745487807,0.07256831498608492,0.02056845425067987,0.016158025873275403,0.028741826042917352,0.04772099559824583,0.10189935429067981
cars,US,1600,train,False,7060047060.0,1980,1989,1990,1999,10,10,0.24227130776084344,0.09112183730941582,0.06321685913748673,0.10470174751046626,1.0011771380019878,0.016231976691533423,1.4265630579667694,0.00027464982147761604,7.659777715069385,0.1043242309070383,-0.1915152174489759,0.07419875911519197,0.1252575434992586,0.1561258736562762,0.14206867316656255,0.09604543936781464,0.09382446419400291,0.05437228074437634,0.02695474596345308,0.021142165985131765,0.03672243160867898,0.08164188547212084,0.09164573722713203,0.167918606647953,0.988042210522931,0.008325398054777089,1.4910863261799072,0.0,6.011724565083274,0.1046439453389017,0.061000284486258376,0.1313971743183035,0.1085049150881474,0.14247922734359167,0.1355930453476299,0.10896102043357123,0.08520279706067488,0.05598653585947415,0.0392120556362665,0.021636218592497883,0.02330477864198749,0.049434270805453026,0.09828796087240245,upstream,US,False,7060047060.0,1980,1989,1990,1999,10,10,0.24387411875387496,0.09168765687090638,0.07241734972755798,0.11301485178771112,1.0007449380040738,0.018124230829008107,1.4830932022917673,0.00055005500550055,7.6692909790979105,0.10432883092351052,-0.18915636253420604,0.07444890258901908,0.12495643799930443,0.15684124052528725,0.14149041822461259,0.09588366616650305,0.09372598890134536,0.05421257366989674,0.02709414792798361,0.021015442339259536,0.03672591337833778,0.08220933987942568,0.09139592839902484,0.1854322015152691,0.9831603781367034,0.012812937085370384,1.573625525198158,0.0002754062241806665,6.009551087854586,0.10503038092140016,0.061619637522017025,0.13093693688739305,0.10962192745597296,0.14254473279476165,0.13669390688099545,0.10909536274763205,0.08545636524617932,0.055486996738873404,0.03916197845346708,0.021745472643382332,0.023442761637125883,0.04650198802237144,0.09931157049184534
cars,US,1600,test,False,7060047060.0,2000,2009,2010,2019,10,8,0.15078101375252312,0.09313395700817238,0.018897967624418366,0.1296322465659805,0.992732723779439,0.009481407093990906,1.5235978063749205,0.015329865863673693,5.850045896860631,0.10584956565351644,0.24491766821369268,0.14059918212488615,0.10707748526201767,0.15433693970036488,0.13113134648835995,0.11339522624810632,0.07562158977280986,0.055779832735590056,0.03894434674741127,0.03080098093061367,0.03159666031658051,0.036253251087476616,0.0844631585857832,0.14853021419039886,0.9776054297391759,0.004047773072610671,1.614548398779204,0.0,6.8020940995033055,0.10589713644030167,-0.24758627688633797,0.09921020764613803,0.08683876962675306,0.16414349098884762,0.14502166434275574,0.10851132211696338,0.08334879694350433,0.08498221239496169,0.022752786968449793,0.0203701779465584,0.03288465589234608,0.05317399069068849,0.09876192444203351,upstream,US,False,7060047060.0,2000,2009,2010,2019,10,8,0.1512000581374597,0.09146619141691355,0.02200118239985685,0.14189920675046158,0.9927231021259973,0.00956871668954367,1.5873835776307947,0.0156078860898138,5.8524044359255205,0.1058254889371118,0.24453031011992635,0.14002220841351048,0.10701010776175769,0.15477115709783298,0.13083603078110628,0.11364769378684234,0.07513350617772971,0.055837133809270675,0.0390278735568052,0.030525643568391318,0.031557553904155905,0.03663527329201293,0.08499581785058433,0.16390038915031843,0.9774400487382303,0.005346895569030981,1.7036163170401835,0.0,6.807688598002067,0.10585016867972344,-0.24440308215104317,0.09953665284940534,0.08893477213662897,0.16282768768671518,0.1459508104147607,0.107902302921865,0.08250159897018224,0.08461588283394188,0.02196818049337338,0.020425427269120847,0.03343168349296048,0.05299138984917055,0.09891361108187535
cars,US,1606,train,False,7060047060.0,1980,1989,1990,1999,10,10,0.0030826053589739577,0.10240606583904169,0.034681051479718006,0.14499481367775718,0.8975309849753828,-0.05228516969352747,1.3003576925840694,0.00577240241891149,2.715875282271076,0.09945007345465876,-0.23667493176114482,0.06154964855410058,0.12279975488022134,0.13911240796427657,0.13580204967503776,0.11615462372804311,0.09536977523867754,0.06622191691340283,0.04631308289586318,0.03305389235182991,0.031869459452088196,0.07102007903776043,0.08073330930869864,0.1796758651574752,0.8464439659176378,-0.0601042879334606,1.3510240436935945,0.0010992030777686177,2.7075162010652183,0.09868294221815647,0.050754827876188714,0.13313100627568453,0.0981209901736349,0.1334061070680363,0.12672326921493074,0.1067938247959778,0.07516345591487263,0.05763807193302882,0.04171929439662196,0.035439597307467235,0.04247658377876434,0.05082261099713787,0.09856518814384285,upstream,US,False,7060047060.0,1980,1989,1990,1999,10,10,0.0026731160259662085,0.10315016038345742,0.030894654389932386,0.1597517289998806,0.8982477353390872,-0.05230669515969772,1.364243184606107,0.006602475928473177,2.714757634112792,0.09946771339820452,-0.23772327138214483,0.06206324107147199,0.12243366128422933,0.14039752561373242,0.13528379804753557,0.11587954127949492,0.09504634306106599,0.06616512689721593,0.046282664703717336,0.03311392699579577,0.03175744091290115,0.0714242718792916,0.08015245825354798,0.190646383389813,0.844036280219873,-0.04786685103986531,1.440188360373507,0.0022026431718061676,2.707510462555066,0.09881373044744965,0.05210362687278922,0.1329909317754761,0.09842085535035824,0.13345942382900886,0.12739648379782217,0.10663131332955993,0.07482144524154646,0.05752344138174955,0.041737791292332335,0.035517331358622894,0.04260287961432132,0.04977201816044822,0.09912608486875411
cars,US,1617,train,False,7060047060.0,1980,1989,1990,1999,10,10,0.054790152384102085,0.11516276984470349,0.10109071849802831,0.2319720110730834,0.7708906017277898,-0.02928535084445377,1.7133366677461206,0.06306802533737262,2.4528759691105977,0.10055309871700643,-0.3002326143280744,0.09245926301817553,0.13703478768635413,0.13556557612974826,0.13091187593743928,0.10252401877859664,0.09228659677777608,0.0605872869348343,0.051833443511977204,0.02417432159235645,0.02293476156229554,0.07716029401367822,0.07252777405676836,0.3330627295711117,0.8610840029895894,-0.04940140724240632,1.4850594103071524,0.03542982697061247,2.5910193078492796,0.11009069387708019,-0.08476348372579498,0.15500183071037033,0.1320855941485508,0.15191304877778194,0.11591479272547779,0.09636995742983931,0.05057790884521004,0.043555204462999875,0.026169837781727406,0.022118827269902084,0.027446865134149914,0.07455773272460156,0.10428839998938907,upstream,US,False,7060047060.0,1980,1989,1990,1999,10,10,0.05432593646275929,0.11523537251946042,0.09238211006064415,0.24630460415955693,0.7704700559255824,-0.027447309108282022,1.8325605232133093,0.05981256890848953,2.451970782800441,0.10063243057216902,-0.30135051217557524,0.09261793553101201,0.1372885928673805,0.13670730404968665,0.13013450243093613,0.10206064693814461,0.09225450355506844,0.060672455948065085,0.051820138830340326,0.02421223618019841,0.02281392799932552,0.07779366551443105,0.07162409015541128,0.3386867142202011,0.8585418856151259,-0.04403480789032688,1.5778021559283073,0.03493810178817056,2.5888610729023385,0.11015017337523728,-0.0853888821165399,0.15448716382002678,0.1327856832413971,0.15193225446867384,0.116228769747867,0.09638903736354353,0.050778756943034964,0.043197446259554476,0.02618338432242248,0.022141095434785152,0.027643347703790757,0.0732971964324994,0.10493586426240448
cars,US,1617,test,False,7060047060.0,2000,2009,2010,2019,10,8,0.03847682446850603,0.08681571343805874,0.05454751039310696,0.30142176336420584,0.9321330714796852,-0.04063700998375019,1.611391802451932,0.0008216926869350862,2.805324507034007,0.10275512429369857,0.11103678735854029,0.13568736848629567,0.10299376469290625,0.14924843410643238,0.12294570088834053,0.09812170209442538,0.06299396884817818,0.03146526935585563,0.029003039359921563,0.05369204022469521,0.035505303655801325,0.06829575028061942,0.11004765800652856,0.24687425297109888,0.9553223023394234,-0.02012767060845277,1.4867713757950065,0.0,2.699434742861685,0.10775102880937165,-0.2238887200547091,0.09745637850201717,0.100164143927271,0.16325994005863867,0.13976023197781742,0.10448083483637789,0.06909665736072232,0.050324764354081335,0.024726033805185642,0.01606305128856339,0.03165619545852411,0.07569774645181858,0.12731402197898262,upstream,US,False,7060047060.0,2000,2009,2010,2019,10,8,0.03751771651048793,0.08533463227110633,0.04776579723967461,0.31342708481125076,0.9323813177148268,-0.035635398988536716,1.6980410968836777,0.0013702384214853384,2.806198410523431,0.10276186106518341,0.11024579760521337,0.13555631555170217,0.10269039938014522,0.14955090022107814,0.12285374603337675,0.09824227344665695,0.06261781215252067,0.031586889532606924,0.028928541503374375,0.05362009363838303,0.03555697962600506,0.06875874161044658,0.11003730730370401,0.26566128757157614,0.9554360017624755,-0.018128899565835424,1.5539999291910815,0.0,2.7028667582417585,0.10768138474393979,-0.22437521786904813,0.09781992766125913,0.10079690011673605,0.16262698284839003,0.14030877370232156,0.10345319148828042,0.06921781767120483,0.050098033884454184,0.02451012279900208,0.01613315532399208,0.031757591527514284,0.07629490869228694,0.12698259428455846
cars,US,1619,train,False,7060047060.0,1980,1989,1990,1999,10,10,0.048786880422750256,0.14159221019602797,5.179623756121354e-05,0.16883416146689095,0.9014293949861337,0.0,1.5914641351224288,0.0,2.8554786733818616,0.09903457007074513,-0.3805587454243016,0.07672483798722099,0.12016805568647618,0.12739090854523688,0.14008825706877098,0.11420061368784679,0.08444238564738965,0.05661935779739286,0.06353942311340319,0.026217789934143376,0.022736644630694646,0.07544315942258237,0.09242856647884204,0.16878236522932974,0.8583152522151039,-0.04283856134406795,1.4618659925676916,0.0,2.719512428634167,0.11208315429200885,-0.14218249762979698,0.15519533532813673,0.13639384105893065,0.16364320536188326,0.11931936339984431,0.0899015633678564,0.060180942674111275,0.0433991359503945,0.02755187832866134,0.02018154426232584,0.029016269237759365,0.05842434849230761,0.09679257253778874,upstream,US,False,7060047060.0,1980,1989,1990,1999,10,10,0.04918182886479774,0.1412578381074685,0.008046038960091179,0.18726131966282128,0.9014522524096912,0.0,1.6928150648543674,0.0005497526113249038,2.856399670148433,0.0990022055201763,-0.3798850668464318,0.07711992264507947,0.11974586737611272,0.12860120817022858,0.1390997058965613,0.114058764103483,0.08427513731787904,0.05648341128424912,0.06361158483857415,0.026160501836967658,0.022624370379793958,0.07589383406684373,0.09232569208422742,0.1792152807027301,0.8582445160083515,-0.0386126600708786,1.536460693502518,0.0,2.7193153698102837,0.11213137080397893,-0.14090751307483604,0.15496205820943057,0.13701531321567417,0.16329246775832518,0.11959050166074325,0.08970136954444571,0.06030414098876154,0.04301956997618843,0.02789583575577721,0.01989312598898904,0.029091065352901617,0.05792055732218418,0.09731399422657896
cars,US,1619,test,False,7060047060.0,2000,2009,2010,2019,10,8,0.04092693030857159,0.09974680085471055,0.09191338586657821,0.22437098640261194,0.8412254821303804,-0.12697558429207081,1.5645470236560048,-0.0032849712565015056,3.2628320027811166,0.09918070719460381,0.28142203496649093,0.13622768030029714,0.10420979320449474,0.1522808867590754,0.11571933130295756,0.08914496430798648,0.056120631015403676,0.04465229785429817,0.03163422848977725,0.05723544995767959,0.05670537470710157,0.06351758669814206,0.09255177540278631,0.13245760053603373,0.7528937040805473,-0.09894904763581909,1.3590073597499155,-0.001026694045174538,3.3991400089525734,0.09715919957544013,0.02772993297596434,0.09981956549750792,0.08476666713328158,0.14352373804640267,0.14118463535591097,0.11046482261401146,0.0754652638063437,0.052555048777197036,0.039557253611441655,0.04094938010277368,0.04999177544502781,0.0813088163583711,0.0804130332517307,upstream,US,False,7060047060.0,2000,2009,2010,2019,10,8,0.04099290371881867,0.09939772520626147,0.09116912751796927,0.2411145373293386,0.8412408837195606,-0.12233003307140795,1.6812798771024329,-0.004381161007667032,3.2641207557502736,0.0992249844504664,0.2808205601567074,0.13664322567152626,0.10386920288788229,0.15244104538969575,0.11551696903058907,0.08911588029061364,0.0559845759040529,0.04469258136922826,0.031509150276299726,0.0572903860545583,0.05677052831957938,0.06364142517022468,0.09252502963574978,0.14994540981136933,0.752754049065457,-0.09350996857591987,1.497272129953011,-0.004108182129407737,3.400706949674769,0.09711545124687546,0.027114302121864883,0.10019595377846499,0.08532068115204511,0.14312931086987266,0.14170000095636315,0.10943019379441109,0.0753451086806064,0.052430949321309324,0.039651823407038725,0.0409699938541083,0.05023232074608406,0.08130023108754093,0.08029343235215505
cars,US,1620,train,False,7060047060.0,1980,1989,1990,1999,10,10,0.09569327216270924,0.11301328803673129,0.03297305563689029,0.19324023859734607,0.889351214316224,-0.10630062477326027,1.3566171188080567,0.036243822075782535,3.1939291738957998,0.09724750929029555,-0.27927387542848997,0.0678725839752564,0.11923944344116977,0.1211831564360801,0.14506756761606043,0.10361258714736203,0.09132827631637935,0.06651070682724024,0.057780282045429114,0.030846061416114214,0.02883506803217072,0.0855215485466439,0.08220271820009376,0.22621329423423636,0.8559459637342403,-0.14351164711098094,1.167886033630556,0.0,3.5146682759711636,0.09728503562633493,-0.10048077310033124,0.13583024195557145,0.10358532801921153,0.14211689946164457,0.11076113531577733,0.09936630517900057,0.0756118049977354,0.07470810784553346,0.04718154212139927,0.03664298386583726,0.038962631595006125,0.05673000616639133,0.07850301347689154,upstream,US,False,7060047060.0,1980,1989,1990,1999,10,10,0.09541409218373659,0.1114805255977537,0.027978887819717302,0.19962007654323016,0.8892064316378391,-0.09730590690272152,1.4201434934340753,0.04204451772464963,3.196106073097005,0.09720550783501931,-0.2779645557558144,0.06828856218450766,0.11884506686224222,0.12218142955282735,0.14422778473737025,0.10356162993750126,0.09136444027537632,0.06620561396932068,0.05770125951904584,0.03084725419001379,0.028740833471617624,0.08593188847035803,0.08210423682981921,0.22759896436294746,0.8554741118744543,-0.12678885097659093,1.2183634118956013,0.0,3.516082025873933,0.09728997946495511,-0.09932886576085381,0.13560380731812596,0.10387323364797946,0.14215410360135167,0.11078262078549692,0.0993311688199853,0.0756181772150551,0.07441987686479472,0.04722823664392606,0.03663172935243244,0.038934701829335776,0.056523108087521395,0.07889923583399495
cars,US,1620,test,False,7060047060.0,2000,2009,2010,2019,10,8,0.03295170861559293,0.07317706528478249,0.02643298809520528,0.2867891046920065,0.8360053673790245,-0.25940501928073084,1.3024184185492091,0.0,3.9392709882794974,0.09144120304488096,0.10750630872940144,0.12353543882860032,0.09592582524322811,0.12917290683603969,0.10948051756073786,0.08911822508033196,0.06939206816963084,0.06209294603615998,0.055181648790233184,0.07504461141264432,0.04621593939471309,0.05841914569655267,0.08642072695112789,0.26035611659680125,0.6549315999104903,-0.1859794177033299,3.6004568977185567,-0.017111567419575632,4.071239043636977,0.09836345329748715,-0.12178737344096563,0.1650567111457622,0.09254600826946754,0.1266104993014775,0.1129681016243758,0.0871580373569405,0.0671336213315451,0.07504099055777005,0.06462313345580986,0.03609738905729154,0.051994619111509,0.043757917436260715,0.07701297135179007,upstream,US,False,7060047060.0,2000,2009,2010,2019,10,8,0.03296623015133732,0.0737522142351279,0.021290285128578224,0.29373950829282947,0.8363120962882966,-0.25154778495301766,1.3724182809157361,-0.0013717421124828531,3.939609327846365,0.09149844695238384,0.10876113875196008,0.12398700378749791,0.09575375163406705,0.12950070042387554,0.10938611169065807,0.08937235948276992,0.06936167136819288,0.06207261121196312,0.05488466613500005,0.07496917104298116,0.04625395093940923,0.05874793069243774,0.08571007159114746,0.27244922316425124,0.6548199999075425,-0.1756045776561261,4.34553317010308,-0.025325119780971937,4.071647843942505,0.0984190034835639,-0.12165977134214974,0.16551813407265734,0.09272170158829421,0.12639910299390075,0.11310194576861833,0.08663043172200881,0.06725141848755459,0.07480099568349435,0.06473606948771386,0.03608028843385778,0.052179412987172366,0.043725012828481624,0.07685548594624604
cars,US,1631,train,False,7060047060.0,1980,1989,1990,1999,10,10,0.08257509598346019,0.10619258349624422,0.007391251868842125,0.1813161446867694,1.0014548263817886,0.0006795454729703351,1.5439136101456647,0.00027570995312930797,25.16387891637997,0.10554187069969317,-0.21855080477720393,0.07780342446742065,0.14262854857745927,0.1354822254780068,0.14611894799243938,0.11245595920245259,0.08207784226513254,0.041893425411967625,0.03760117396063389,0.019032222693791977,0.02757578132827436,0.08409909680657432,0.09323135181584652,0.18870739655561153,0.9955199482596392,-0.008137580308908552,1.6442865403307163,-0.0005492996429552321,27.329991417292593,0.10649244501124544,0.08283681569215792,0.1447691823402928,0.11778608005537139,0.1354964015066191,0.129568532878525,0.10732980064473584,0.08933891186824512,0.07058864071789737,0.040857538646351346,0.01382943015536472,0.021696906399419194,0.0378038256086105,0.09093474917856754,upstream,US,False,7060047060.0,1980,1989,1990,1999,10,10,0.08081744492406322,0.10578621464827992,0.010019337726310723,0.20751469583986232,1.0013939793831175,0.0014296021558858247,1.6171503165131673,0.0005520287054926856,25.18183107921612,0.1054896631686229,-0.2169555907331433,0.07839636229451606,0.1421876836970484,0.1367356238052807,0.14505145868458758,0.11239163470317473,0.08187322164267807,0.04181635629805251,0.03756629644631384,0.01903127453655485,0.027492198229133874,0.08478054409981987,0.09267734556283948,0.21753403356617304,0.9962420921949756,-0.011252145378601615,1.7198788682282717,-0.0013747594171020072,27.301460269452846,0.10671483786812211,0.08587063647619027,0.14458602724349465,0.11829646387182988,0.1353629121893659,0.13059160407725187,0.10672850732245823,0.08961528947193743,0.07039458248478371,0.0408425521296246,0.013838242736111943,0.02174877950804796,0.03627457667706315,0.0917204622880306
cars,US,1631,test,False,7060047060.0,2000,2009,2010,2019,10,8,0.04277584741020782,0.10888528487484511,0.0669330418568217,0.18237004487820957,0.9992558150447364,-0.006687082226727743,1.7965246604349387,-0.0002737476047084588,25.407194683642985,0.11062726305558984,0.13796210219692154,0.15367883579248928,0.11180532966045045,0.16477213928392198,0.11986450226139869,0.0969777838280478,0.08441490644394543,0.028885509474391384,0.022188914698137975,0.03400220720206338,0.03534517167989955,0.044300267181607934,0.10376443249364606,0.11543700302138787,0.9985752175504237,0.0003751888360185801,1.5570482042946239,0.0,24.343297178707523,0.11245727842243869,-0.10785574331509266,0.10561728998697188,0.09576071319115352,0.17951445528249704,0.1419678798724831,0.11071430077035863,0.07535518997698022,0.07616861282520908,0.021190335999589825,0.014526257992182054,0.02495814009347501,0.039442420543396466,0.11478440346570327,upstream,US,False,7060047060.0,2000,2009,2010,2019,10,8,0.043132132023372835,0.10796974137847509,0.07245179631123691,0.20831804751261715,0.9992995962401777,-0.00706147236586989,1.8828902036692614,-0.0010961907371882709,25.433789257330776,0.11068071797641998,0.13795719640987644,0.1537468196267824,0.11164234224594055,0.1651782283139117,0.11944375811036857,0.09715827307238736,0.08416903358988945,0.028664715891579786,0.0224006799766188,0.03367513003769496,0.03530723253000766,0.04466987329752768,0.1039439133072911,0.13586625120138024,0.9987838753824665,-0.00020525369441153345,1.6345116930706005,0.0,24.360097460535343,0.11246859321531613,-0.10850988084657952,0.10564396381426673,0.09639155834521511,0.1794867485566453,0.14247450642051024,0.10965737086725137,0.07530435446064879,0.07592631400823076,0.020899334065165354,0.014505519478927784,0.025144789083444908,0.03975185067831767,0.11481369022137589
cars,US,1634,test,False,7060047060.0,2000,2009,2010,2019,10,10,0.11736228751789635,0.08618255909032846,0.027911897554906417,0.13342711254633016,0.9946190911507528,-0.012444641043612172,1.4604272420453568,-0.01834108951546674,26.47993880888053,0.10476861884289747,0.027262679356954304,0.12940001384177804,0.12387037396757088,0.1358783179341194,0.1234177955763187,0.12405486327362389,0.05628548051759303,0.0322541637942186,0.0313454981478846,0.038339865544107794,0.041667177588925755,0.05145319523889084,0.11203325457496847,0.16133901010123658,0.998552946334774,-0.009610196631703337,1.6527479599121726,-0.016976998904709748,29.7773997383804,0.1120706912244856,0.17198463904757122,0.09725627372754028,0.1478128283657257,0.14313901017270067,0.15401170760746954,0.1274355770482342,0.05550741742594954,0.05243674601474446,0.022274754655711333,0.016502535975577246,0.03134421944674585,0.05227539966619619,0.100003529893405,upstream,US,False,7060047060.0,2000,2009,2010,2019,10,10,0.11739410396844369,0.08548017360095572,0.03159276314086645,0.14422797835809964,0.994447105863691,-0.0034739997463726752,1.4980934031567046,-0.03887215986860115,26.48244292362442,0.10477106658927719,0.027257396867423546,0.129256253367002,0.12386151451735285,0.13592963119303542,0.12343789609888174,0.12417788711235363,0.05574841541840798,0.032381478324807624,0.031454326551841376,0.03808062992196308,0.04173469928229751,0.05186188879752406,0.11207537941453269,0.1758207414989661,0.9984445499889997,-0.0037943447422715063,1.6936938420638068,-0.0312157721796276,29.781163198247537,0.11206634903723013,0.172125302557433,0.09701839471439012,0.1482898968532856,0.14289495716140688,0.15428417008450324,0.1268081421388484,0.05543396661782799,0.052357950485252006,0.022191247420670135,0.016518459480367228,0.03155921754461405,0.052495352921614925,0.1001482445772194
cars,US,1636,train,False,7060047060.0,1980,1989,1990,1999,10,10,0.016813501496060167,0.1461636822173842,0.04326899582587673,0.41263267089453565,0.8665496511809576,-0.006225566058706069,1.9238243772612593,0.000550812448361333,4.497582988593259,0.10560153276540513,-0.044682031939408645,0.07549779407913439,0.13561052301411963,0.1423387459106154,0.1428321803344322,0.09571875172960788,0.07979793262315855,0.034827666297317955,0.0391632263167953,0.017624611721744017,0.030429284506400457,0.09651671237938622,0.10964257108728799,0.4559016667204124,0.8241376673504762,-0.007084829842464032,2.2425828820893416,0.0,4.422595041807806,0.1151724768494599,0.2528587476526968,0.16568791967329052,0.11731412422689441,0.16657299640330128,0.11549664079254887,0.11069469602337963,0.09200230771204866,0.03923282434920681,0.01869296792540585,0.01777844041773547,0.024227833657254248,0.048680210842147825,0.08361903797678633,upstream,US,False,7060047060.0,1980,1989,1990,1999,10,10,0.015919478603968747,0.14389861301467785,0.043132910788908796,0.4522353301764853,0.8658898209406306,0.0,2.088177646583234,0.0008269018743109151,4.498255512679162,0.10561904159147761,-0.04440286768415692,0.07557676867382927,0.135565723108021,0.14403329576925908,0.14140861050446424,0.09579310759389696,0.07958101606337531,0.03482466037458721,0.03916457629568636,0.017599251847662863,0.030400183925276436,0.09718345424978236,0.10886935159415899,0.4953682409653941,0.8241774026079537,-0.007228024220400494,2.4234949878113756,0.0,4.427212613605067,0.11523046760288258,0.2559232066349156,0.16529228329162005,0.11781395812645422,0.1665621268127836,0.115794575361353,0.11050829883455947,0.09211718491498305,0.03894431481419619,0.01859950934385985,0.017882504669146138,0.024228238649960942,0.047901274565077194,0.0843557306160063
cars,US,1636,test,False,7060047060.0,2000,2009,2010,2019,10,8,0.051720870392615664,0.12448330578109672,0.09084526189753978,0.4339507826290103,0.8403775163523791,-0.0360767266379826,2.2446739619548914,-0.0008212428141253764,4.4573981156048035,0.10163223961667055,-0.19395021499683118,0.13805271630470617,0.11434222849669091,0.14879411396148148,0.12382357313252712,0.10347046414951346,0.06235128298563274,0.037153747208735655,0.04731312201938052,0.07251094439594603,0.032888748532664686,0.04624831929484948,0.07305073951787179,0.34310552073147055,0.8261856995739542,-0.04879449390219183,1.817388522225937,-0.00034246575342465754,4.232718014194957,0.11268463585435064,0.03360551804637961,0.11014454550885319,0.1147195417370049,0.1764078592445188,0.1415802137054349,0.09947189280994868,0.05934212505836695,0.06601283092638999,0.01815397080828714,0.019659704175708413,0.03010327263858517,0.0414767809018467,0.12292726248505499,upstream,US,False,7060047060.0,2000,2009,2010,2019,10,8,0.05027018732165643,0.12484084567543187,0.1089214739264765,0.48578499594909874,0.8403559584145741,-0.025789478079619108,2.451276269807458,-0.0019167579408543264,4.45918291347207,0.10166534485697654,-0.19422896735928696,0.13865795972425068,0.11383980876559785,0.1488543154237757,0.12382075066183865,0.1034518649628098,0.062108073375296044,0.037383505836314,0.04716702601717317,0.07232192991117681,0.03290083547150569,0.04639883141082041,0.0730950984394412,0.37686352202262224,0.8263144439033986,-0.03466523210774158,1.9982323417505434,-0.001717032967032967,4.240560096153846,0.11277929749397418,0.031335369507892556,0.11099006187871559,0.1145673352843918,0.17675653364199134,0.14179110339700068,0.09870574679003809,0.05863079362361989,0.06583903111881263,0.017982896885300588,0.020069383264103666,0.029991794152347602,0.04179499860347535,0.12288032136020288
cars,US,1645,test,False,7060047060.0,2000,2009,2010,2019,10,10,0.0368567240436838,0.090420495615259,0.032031135613969475,0.40500646016277175,0.9842464248476146,0.07661589662923436,2.3168711424044877,-0.060498220640569395,7.43448846858052,0.10172144442873651,0.2599794527566089,0.1228540937469347,0.11332046284029096,0.12188552599670478,0.11609839481112144,0.12625778967325618,0.10522965502172932,0.05895527452320947,0.018644140468792862,0.031754800550213694,0.04546096615531912,0.0397393518870865,0.09979954432534088,0.43703759577674123,0.9867421978227968,0.08340467457814493,2.500992371295743,-0.06462212486308871,7.165465681103863,0.11512123274717781,0.17894030151440649,0.11238795467871494,0.10332454397876988,0.12247728333632793,0.20013340068329702,0.09464729576545411,0.10745332115650147,0.06252534079189759,0.012650181500556355,0.023051087727173427,0.026128885144985046,0.03736144357718444,0.09785926165913769,upstream,US,False,7060047060.0,2000,2009,2010,2019,10,10,0.036675052891854076,0.09061680516037929,0.033529598563353136,0.4352714907165549,0.9842272708125972,0.08285567087139241,2.4786646446559257,-0.09937038050917053,7.434614837120176,0.10166081601918969,0.26000868970515145,0.12272591772609595,0.11307105567257988,0.12225442886553116,0.1157650778492361,0.12663259231461008,0.10449025297577405,0.058848474342316305,0.018859885808748655,0.03156147537241177,0.045546560344241,0.040216508568467764,0.10002777015998736,0.46880108927990805,0.9864127735402397,0.08650893958312,2.6869716796106227,-0.11801752464403067,7.1668893756845575,0.11501217983528286,0.17901342617588117,0.1121140941135837,0.10614977450457488,0.12041910361174747,0.2002865877980307,0.09391024808317429,0.10715411171919059,0.06227991081048452,0.012599700154507542,0.023086039762385446,0.02632683922810418,0.03791230665543902,0.09776128355877783
cars,US,1650,train,False,7060047060.0,1980,1989,1990,1999,10,10,0.04367921431678395,0.1301756755526021,0.13796827297063946,0.18326550068947162,0.8929612767781062,-0.0977459516831703,1.8500190750809216,0.06033766952670911,1.4027861441373142,0.1094229975772452,-0.20551566733985438,0.05368679974820264,0.13580112093463723,0.15865897815638133,0.1472072247653014,0.12350252035468354,0.0712123520237873,0.04161002058110573,0.03976803635165504,0.023006321860939885,0.02566793218256296,0.07869491558006987,0.10118377746067307,0.3212337736601111,0.9124396956624904,-0.04550469331299276,2.188919101545507,0.07338444687842277,1.4654166082313442,0.11713628228984155,-0.02673783555984083,0.14533781268000398,0.10554073408856644,0.18131842588903715,0.13352144973610344,0.12899536207237974,0.07519390549862154,0.04800084027672026,0.033480255746358684,0.011633122763614907,0.0195732844806158,0.03589139236263442,0.0815134144053437,upstream,US,False,7060047060.0,1980,1989,1990,1999,10,10,0.04336573160212577,0.12781455670383635,0.1486101932890731,0.2172054224260972,0.8929271504568401,-0.09263895003795901,1.9935191193078965,0.04957075602326225,1.4032974245361398,0.10949552206011365,-0.20476075863102816,0.05362335457472776,0.13570028419434624,0.16024626098241138,0.1458178870946639,0.1235009049185297,0.07115850687554554,0.041473311169029234,0.03971182326233639,0.023014196692641674,0.025583806151867252,0.07922294820503277,0.1009467158788682,0.3658156157151703,0.9124504341762498,-0.03684771263836483,2.40047900263152,0.05613362541073384,1.4654912376779847,0.11705220462342104,-0.026769292012207378,0.14449808612672632,0.105625513128427,0.1816413906345584,0.13352848874078985,0.1284391516102283,0.07506407916032476,0.04817418769224215,0.03323670854903256,0.011669152353879149,0.01950812915010424,0.03602521237958182,0.08258990047410544
cars,US,1650,test,False,7060047060.0,2000,2009,2010,2019,10,8,0.03580606368731453,0.1547707397271093,0.08100709554643348,0.24036226984060827,0.9552683629587635,-0.01812992367569667,2.2026971916168043,0.020296215030170053,1.3697428504137945,0.10807826460154893,-0.12012271445980008,0.13602401959388993,0.11318332899538047,0.14950166984998564,0.14251958109151472,0.12456829492267164,0.062102232162127305,0.029088960510165712,0.018733905162593725,0.05668275146701279,0.03704102188197922,0.050709436968794264,0.07984479739388468,0.15935517429417478,0.86893992036192,-0.03644667599623932,2.0003251620906863,-0.04246575342465753,1.321565419892793,0.109182476816422,-0.05322864007729904,0.0869314313925198,0.09979776061111804,0.18543196392240338,0.144392765903976,0.0904692376041695,0.043216269882813935,0.10444731612182473,0.041936092697426756,0.023265571588835136,0.031815864687768036,0.0500442104975218,0.09825151508962285,upstream,US,False,7060047060.0,2000,2009,2010,2019,10,8,0.03702718661626485,0.15307216899829268,0.10761871186288263,0.29790227844638123,0.9551929479722413,-0.011687592763448194,2.4101855871763718,-0.019494783086216355,1.3689730917078529,0.108040799825534,-0.12173312747070383,0.13502747803762688,0.11304605078422722,0.14992659151991658,0.14256267800553574,0.12495427012716115,0.06184403706526536,0.029509005575835377,0.018351919451241528,0.0567407437121425,0.03718019174455454,0.05098238998756469,0.07987464398892856,0.1902835665834986,0.8685740999932954,-0.029563128973025394,2.2062386154640454,-0.07644840589646898,1.3192108330476517,0.10976864888688245,-0.04953505824897368,0.08746411901028497,0.10048885980700276,0.1877003891232591,0.14372275630447764,0.08946690581262938,0.043354474293801314,0.10458148850171173,0.0390004204630915,0.023317251096504333,0.03199391497914056,0.05061746746088627,0.0982919531472104
cars,US,1654,test,False,7060047060.0,2000,2009,2010,2019,10,10,0.0361674004642545,0.10347626905753245,0.006824248780446851,0.41501930654162267,0.9970326987654147,0.015980999331358662,1.9264089615183217,-0.010128661374212975,12.085184995556562,0.09739278663581888,0.2813546524733344,0.12259739531039317,0.10061278838134562,0.12162019178286741,0.10083844253155926,0.12490077096994463,0.10578265984136118,0.06323603587940983,0.017215570804014507,0.04140611606464654,0.05381790371548428,0.05615609190377577,0.09181603281519772,0.4218435553220695,0.9947747337749554,0.01910190580283522,1.9224861307194148,-0.012048192771084338,11.655905033672239,0.11465323911981275,0.1327204488259488,0.12486353439589831,0.10235013621991615,0.12720649554799973,0.19364777370100475,0.10464701023548507,0.09080262113285813,0.06252057153550723,0.013105438816851465,0.01946450439451036,0.02252122792220287,0.04597750608368912,0.09289318001407666,upstream,US,False,7060047060.0,2000,2009,2010,2019,10,10,0.036053732422252294,0.10432964240916945,0.010210388840387885,0.44796201049184103,0.9970893940943815,0.019362104852483793,1.9910302200702361,-0.02518477963317821,12.085462907199563,0.09732315990810379,0.2813947442381211,0.12231405786093728,0.1004224951796445,0.12196867568495892,0.1007767338896475,0.12487321112735841,0.10527438086031873,0.06316765468740784,0.01738841152195664,0.04124922794127307,0.053782310833267115,0.05685974122249526,0.09192309919073478,0.4581723993322289,0.9947420421912073,0.020733436821014774,1.986265217356072,-0.03669222343921139,11.65749808324206,0.11464782229116217,0.1328363723253405,0.12481883255005859,0.1028692169904233,0.12735277510258042,0.19382696849328837,0.1036421448685197,0.09081486812954531,0.06229137248206224,0.01306806211788299,0.01945248021506872,0.022762615611804267,0.04623375236002439,0.09286691107874176
cars,US,1655,test,False,7060047060.0,2000,2009,2010,2019,10,10,0.16725128016693647,0.11363158541559577,0.0005387075569807942,0.2431128891410848,0.9799897137384159,0.059395776993244116,2.397865638811001,-0.1489186969614016,7.492115138936828,0.11638888872377506,-0.06751815114032411,0.14264351648511545,0.11690706678995313,0.17739652821494073,0.11789197705208193,0.12256218172829686,0.0940612141936921,0.02511856312768752,0.009517314754984053,0.02602163256107234,0.030910066244133998,0.04199963709245398,0.09497030175558792,0.2436515966980656,0.9899267265955669,0.050473889437692473,2.0025077094722477,-0.10569550930996714,8.856064095314062,0.11263992093922413,0.2126099858201052,0.1067938993007612,0.13421007419978223,0.15208706379911693,0.15291416981208555,0.09836374658316792,0.09287967214663612,0.04590314804335372,0.015524007817866977,0.013634529345189023,0.016204642836784466,0.0644444436744514,0.10704060244080436,upstream,US,False,7060047060.0,2000,2009,2010,2019,10,10,0.16735439031433438,0.11300672158727874,0.0005167570856323689,0.2795508120545117,0.9800164498290627,0.059389231503340696,2.5604595049945345,-0.20339447029838487,7.492940870517383,0.1162988942317342,-0.06746312640910987,0.1417959847818074,0.11681157843500697,0.1776977933386924,0.11734716785902292,0.12279209562076003,0.09367152139875205,0.02520868898486551,0.00939225104398837,0.02601748016282357,0.03096770012165479,0.04244681361374789,0.0958509246388781,0.27903405496887934,0.989818464393266,0.050463123622726785,2.1473909898833106,-0.14978094194961664,8.857953450164294,0.11270042759186692,0.21252565939385332,0.10632269450731555,0.13455064764106092,0.15301203620016365,0.1521671633397576,0.09788419798099776,0.09299363577129431,0.04585083683248753,0.015471087023172039,0.013390172988885118,0.016333116388555082,0.06466444380187408,0.10735996752443627
cars,US,1656,test,False,7060047060.0,2000,2009,2010,2019,10,10,0.025247487860875044,0.09127801383365133,0.03675031324607378,0.13246232473135744,0.9961850012861077,0.045162411113829556,1.6772526351759325,-0.04681084040514646,16.05317302862051,0.10359454750172994,0.06518249376686713,0.14699314024945284,0.0907070815215792,0.14279744897595872,0.10940035536218139,0.12320265493614102,0.08715362478370817,0.055381281459895085,0.020736954046625115,0.02484338035739035,0.045688610165942264,0.05777633999498486,0.09531912814614087,0.16921263797743122,0.9960897682366173,0.048247749009595164,1.7174688193462029,-0.045180722891566265,16.463635084309573,0.1110562271960577,0.2262847383948315,0.11631402129940371,0.1151535337319847,0.14734211098334546,0.16167780046816344,0.11195739927811181,0.08487939161225458,0.04050595849851001,0.015144341653015718,0.023581334340804186,0.0203391854834036,0.06516486452918563,0.09794005812181726,upstream,US,False,7060047060.0,2000,2009,2010,2019,10,10,0.025404839640529874,0.09105276372905885,0.04322811642749039,0.1581455963637178,0.9961865248982568,0.046594050872435865,1.7874186042198548,-0.07637558171366,16.053551601423486,0.10351708629163993,0.06521247715550009,0.146247066859306,0.09060930477284283,0.14295494425787877,0.10938282054328702,0.12351037514325515,0.08652729237879297,0.055368048195657216,0.02069820923754644,0.02476859206381925,0.04591256161113099,0.05830679904775326,0.09571398588873022,0.2013737127912082,0.9958960075129613,0.04603253537913807,1.8202393991212018,-0.08433734939759036,16.466614184008762,0.11100998952320286,0.22607710197535702,0.11594300093579436,0.11571857657820202,0.14722608683722707,0.16144548841938888,0.1117278771519425,0.08494323914555449,0.04015744293254923,0.015119942563594316,0.02357398616387917,0.020513892867135078,0.06549757362780993,0.09813289277692301
cars,US,1683,test,False,7060047060.0,2000,2009,2010,2019,10,10,0.16218977562807033,0.11899060898961447,0.07327662533635315,0.31684031954774916,0.9763144939646814,0.07614313221615653,2.7245313081794515,-0.21680810292909938,11.530915191504304,0.10881570129297989,0.05686963588176037,0.14024636265382875,0.1425642427617755,0.15984198444791906,0.10842396900978665,0.10557518870745367,0.04283931854074745,0.036814290685374694,0.030382880006524834,0.035776696304297036,0.04323294292113594,0.05262039207853692,0.10168173188261953,0.3901169448841023,0.9913708869835566,0.06474296927579098,2.5362074548726983,-0.17606790799561883,13.561318083202375,0.11512784400117923,0.1744800416767759,0.092610518966081,0.14313267775118602,0.14893422575654292,0.17075127537884574,0.09917040034787397,0.07244344668842535,0.04693452828646433,0.018263350804801643,0.01828464268003752,0.018802307496207725,0.054880427119891856,0.1157921987236419,upstream,US,False,7060047060.0,2000,2009,2010,2019,10,10,0.16237917028418886,0.11744116982399114,0.060810666504370225,0.38006640718230245,0.9762694782445589,0.0761332549751236,2.9597943182615167,-0.27812756638379416,11.532411168902273,0.10873317169459475,0.056898657093991195,0.13986449074672563,0.1421591934162013,0.1600932949467358,0.10794120323781645,0.10562442493570413,0.04265482222730411,0.03862402534301617,0.029145460806043542,0.03519261749067091,0.04323894821431633,0.05353160511355207,0.10192991352191369,0.44087707368667267,0.9912305261940632,0.06472231163616152,2.7661194178638135,-0.23247535596933186,13.565646495071194,0.1151667774743301,0.1746991323145725,0.09226082708720308,0.14405038773263942,0.14951242831776945,0.1701343115898975,0.09820890226687834,0.0726440558477749,0.04668687360018292,0.018227558857893185,0.018232968437665524,0.019275382348795535,0.05467524849399216,0.11609105541930793
cars,US,169,test,False,7060013560.0,2000,2009,2010,2019,10,10,0.33858512321479733,0.06210855494041023,0.10076644861119466,0.6344242896002354,0.6016631963129283,-0.2534314178163253,1.4086296403260938,0.05365453052285792,7.7126388544952125,0.11530234842520268,-0.12564702375910158,0.1567801239028691,0.16617525058471805,0.129984622608688,0.09396912108061686,0.06547363725790736,0.04076045634719157,0.03567355298303578,0.03314739345278913,0.035672321362826075,0.04153789933112654,0.04610356295048859,0.15472205813774303,0.5336578409890408,0.7709980446889974,-0.23628138973362986,1.747683515311114,0.16319824753559695,5.497400090619395,0.11698860305678345,0.11309728962830583,0.16978595136839836,0.1441825148909359,0.16665200246691064,0.09178301683062261,0.05601358782311963,0.04506781031353462,0.03812380624389843,0.036829700281204865,0.03766775492386288,0.03388267133962481,0.04295065140617293,0.13706053211171423,upstream,US,False,7060013560.0,2000,2009,2010,2019,8,10,0.3714043528243941,0.07131754250605099,0.09019358717038106,0.6260428067800482,0.6344861288307763,-0.258909684942815,1.521022052352394,0.03498233215547703,8.04141413427562,0.11559734427948258,-0.2672754287024677,0.15240041372397184,0.17431453128552443,0.12953947501982008,0.10255509442681045,0.07004578155082508,0.04227250784169336,0.03774598476561397,0.0322899537473895,0.03738148477128251,0.041266320877232615,0.034448567095374895,0.14573988489446107,0.5358492196096671,0.7721111640790103,-0.22968670631096075,1.8921028140932117,0.1675,5.546685833333334,0.11716667107556136,0.11235854499617876,0.17026493648434407,0.14630418194167896,0.16627126038076087,0.0911742141916677,0.0562590203389221,0.044687295501633126,0.03795294377237979,0.03682649534113689,0.03770945503042883,0.033121229699276375,0.043683542960513605,0.13574542435725756
cars,US,1691,train,False,7060047060.0,1980,1989,1990,1999,10,10,0.15273624523506288,0.17436453754866402,0.06702866878328237,0.08702381677991297,0.9813047996455352,0.004941935607511672,1.6035937950581607,0.0,10.205178160693812,0.09967558068339398,-0.36567640746335656,0.07023928290552771,0.110125570783811,0.1586256999704172,0.143542012366964,0.08851537081408554,0.06831157658341867,0.04388412681791852,0.0589582004556961,0.05396015628684895,0.029916286029247667,0.08956543765297047,0.08435627933309411,0.15405248556319534,0.9755643991083973,-0.00746840720755747,1.7398303337896657,0.0,8.759676797903074,0.117206814922073,-0.14720787884885875,0.15962219282413795,0.12102670937841249,0.1888311785603788,0.09620392509362881,0.10045696191074502,0.04240238920555985,0.04726094447431825,0.03332186146812132,0.013960928142592194,0.0268019679467847,0.057198059969795094,0.11291288102552569,upstream,US,False,7060047060.0,1980,1989,1990,1999,10,10,0.15265335929086937,0.17614726080362225,0.07561437289443862,0.10771675281149631,0.9811625763791957,0.005486238717626289,1.6764891378383082,0.0,10.20735751437175,0.0998043950674075,-0.3658498962436474,0.07040084798443189,0.11006963544355657,0.15956609239075092,0.14317471788182398,0.08811220989824546,0.0683545845700421,0.04361579626317973,0.0593025374175893,0.053612718286088386,0.029792200743429222,0.0899614634693573,0.08403719565150519,0.18333112570593493,0.9755092027624405,-0.0055122678954380114,1.873434133844737,0.0,8.762273698630137,0.11715329808343643,-0.14663131236129615,0.15884611672225316,0.12116724316785357,0.1885804394487088,0.09586715451569007,0.10032093064979476,0.042476214733656266,0.048912712622691694,0.03148169554665223,0.013966631979771061,0.026866455097552557,0.057392809691385854,0.11412159582399002
cars,US,1691,test,False,7060047060.0,2000,2009,2010,2019,10,8,0.0696937863797214,0.14097332480882457,0.0498672675817963,0.1411589423780079,0.9904688962163037,0.016243674463171126,1.6663874564369043,0.0,8.15702138702754,0.10350002603770296,-0.11731736739043647,0.11513776894348196,0.12645744910399423,0.1149823654106602,0.15098298025642204,0.11150005136970378,0.06589175719529711,0.03752687127267617,0.03976765023775911,0.030125849944476833,0.027518950319127326,0.07292301914725353,0.10718528679914768,0.09129167479621161,0.9947968543316621,0.0055468762484227364,1.5149195946755227,0.0,7.607885611653865,0.11816876347777037,0.010451796517422517,0.12835628580822087,0.1328349018759947,0.1820405865671276,0.11375848232304414,0.09442053540370736,0.03414292400310415,0.04972761828300981,0.01934818025035546,0.008889162322302876,0.0347033698494102,0.059658699039573805,0.14211925427414898,upstream,US,False,7060047060.0,2000,2009,2010,2019,10,8,0.07042867085767145,0.14088599423967357,0.05289977441677135,0.16906698920481789,0.9902632475181229,0.017399015021677868,1.7928749751004749,0.0,8.1613815393043,0.10349896416941395,-0.11707273723305041,0.1155669505098532,0.1261621392396414,0.11528870292662358,0.151017625680584,0.11116734308359938,0.0656513946744802,0.03770175886301278,0.03941987308607882,0.03008681619926487,0.02759634763046895,0.07348676070412512,0.10685428740226767,0.11616721478804654,0.995774865529174,0.009202824538357813,1.592632975051636,0.0,7.60636038514443,0.11805439266623481,0.012899661825999845,0.1294663718049616,0.13291765705382305,0.1819296147580827,0.1137451662114382,0.09400837169501235,0.034273152273924086,0.04979380898921918,0.01915648671639459,0.00891470506113757,0.035102835099272596,0.059845937230551996,0.140845893106182
cars,US,1699,train,False,7060047060.0,1980,1989,1990,1999,10,10,0.027174336908971065,0.10907918942987227,0.03348507296982932,0.07538628582363756,0.994881491126561,0.04585086773900826,1.3156794251105912,0.0,34.77069781408571,0.10350614151193191,0.014562940028069078,0.07816613009320159,0.12900844641124518,0.14519408609593057,0.13260582640486135,0.11115606768284189,0.06195521925642826,0.04121546485048704,0.038855772951505656,0.018798678516381968,0.03911754353597567,0.09994481532654785,0.10398194887459289,0.10887135879346688,0.9893078701495781,0.0369914528839855,1.3606408200216746,0.0,35.728523671266096,0.10927768989143785,-0.06636070761801903,0.14095416506970948,0.11657131030554599,0.17497577625278793,0.09982781071631376,0.10566935493963203,0.04890517857123909,0.048032767697948786,0.03839297472622285,0.01978502518842692,0.03343999220407656,0.06075788067650336,0.11268776365159326,upstream,US,False,7060047060.0,1980,1989,1990,1999,10,10,0.02722484471499756,0.11033769468741286,0.03398203093245937,0.08772168544238883,0.9947759254343638,0.040686672044806034,1.374750714243051,0.0,34.77797344648234,0.103560991447278,0.014330016125829221,0.07822852656085427,0.1291229505899207,0.145482582140067,0.1326542328422961,0.11070735315767173,0.06179399966170758,0.04113031383780242,0.039116971005078334,0.01845996790858268,0.03921124547643702,0.10050746459470945,0.10358439222487255,0.1217037163748482,0.989326342166168,0.033675823389642034,1.4403294155714605,0.0,35.737804717498626,0.10937918006163659,-0.06677132889606696,0.14018969265672349,0.11692786485492608,0.17518832458342531,0.09954707917348543,0.10570373134816327,0.048666011112997704,0.04825933432589383,0.0372940111850775,0.019835873261002016,0.03351442665756439,0.06112339830819388,0.1137502525325473
cars,US,1699,test,False,7060047060.0,2000,2009,2010,2019,10,8,0.03461267557100262,0.1052123416382309,0.003725832298891993,0.08269951063557478,0.9974044280487498,0.0440358887908207,1.2325924229677678,0.0,35.8315692796669,0.10140472176954969,-0.09009555764181153,0.10760337687890335,0.11314000853717877,0.12774892343524683,0.14359575718509252,0.11553278162007653,0.060205695000344804,0.044899542293523526,0.02961660261647815,0.034505989543870144,0.03621541905931881,0.08238536983487323,0.10455053399509336,0.08642534293446677,0.994207837308475,-0.007355734328410503,1.2326417535099632,0.0,37.09350933817089,0.10940896940763196,0.12379421058752509,0.1228078507094831,0.11234200265978186,0.17021996839208287,0.11092136022872659,0.09317765227918369,0.05286866466151903,0.05485143949828522,0.023605820162225944,0.011992722484301738,0.041244576358332355,0.06886164022394438,0.13710630234213322,upstream,US,False,7060047060.0,2000,2009,2010,2019,10,8,0.033784939139286936,0.10453493529423838,0.00853039718809985,0.0932043910144893,0.9974317423042385,0.03950754665703554,1.2994004087118713,0.0,35.841253629142706,0.10139591320426528,-0.0906482355026487,0.10796940894385028,0.11264040646932891,0.12802523089104603,0.14366095626781528,0.11520619581078703,0.06008108872490373,0.045031631883975555,0.029339898554611964,0.03455671570160751,0.036371139521571956,0.08289627859824407,0.10422104863225777,0.10173478820258915,0.9953945087202664,-0.00992640554372636,1.2946342161537936,0.0,37.07283551724138,0.10938631022293435,0.11885195212179704,0.12043970516454826,0.11179148245760351,0.1708994883259769,0.11127125769930082,0.09303770081752301,0.05313683390988864,0.05508796974619105,0.023314793842499584,0.012042519505149707,0.04166612447520943,0.06925201660109474,0.13806010745501424
cars,US,1703,test,False,7060047060.0,2000,2009,2010,2019,10,10,0.19155242094118322,0.13112676030927184,0.12661050896615933,0.5453170994179828,0.8649388109083753,0.07774021830332191,2.8154029670390552,-0.2737476047084588,7.036255003372253,0.11411394453090208,0.2020431408535698,0.1243142461512675,0.12704797723780106,0.17734691787613074,0.12865552473960848,0.11948752345261311,0.03559944927581116,0.03191227737419579,0.016549064359573307,0.03760090482466832,0.03241750670947072,0.0630764736087878,0.10599213439007198,0.6719276083841421,0.877085468072254,0.06841271481958024,2.9052077824044047,-0.24780941949616647,8.521807701061162,0.11666008127070611,0.2038032991294222,0.08876054615434933,0.11643460035850792,0.1448144667046899,0.19920689665387567,0.10405089472323029,0.0773511892890365,0.04751701446541965,0.009172223920436935,0.017348061887285857,0.03563641800002622,0.05646539308248047,0.10324229476066134,upstream,US,False,7060047060.0,2000,2009,2010,2019,10,10,0.1916468393200372,0.13164824634455324,0.1160380332292541,0.6006220667118699,0.8650015513315679,0.07773935489894948,3.060852744740096,-0.38954284150013685,7.036333150834929,0.11409471986644194,0.20206332661113321,0.12360504168170179,0.12699882993612793,0.17764421304694167,0.12836415733517223,0.1194437382130411,0.03513121152673397,0.03215530044769776,0.016333157937225052,0.0375904270684502,0.032503032148064145,0.06399107522353278,0.10623981543531143,0.716660099941124,0.8771369930325296,0.0674668270697254,3.194738745551015,-0.3830777656078861,8.522707009857612,0.11658615799168176,0.20395103969100428,0.08822498084011508,0.117235716480097,0.14467793433468723,0.19890604719831298,0.1036424632784669,0.07742887485097956,0.04739153436059575,0.009150061915006641,0.01726606514662878,0.036075491392332945,0.05658445581525237,0.10341637438752463
cars,US,1706,train,False,7060047060.0,1980,1989,1990,1999,10,10,0.48254917826879873,0.11995927191027025,0.06086072936816206,0.15456968018575368,0.9884289654549073,0.00900743545880536,1.6970793128068202,0.0005514199062586159,7.923083878097742,0.10784683522274133,-0.3205334402142523,0.07517053434336406,0.15106269870364922,0.15006649984723786,0.14494934077485436,0.09655316250931056,0.0909706431379028,0.04744034879341542,0.039382834204479175,0.01753745082191525,0.02210570579269058,0.07617660316130082,0.0885841779098799,0.09370895081759162,0.9971094013817416,0.00344058209214572,1.2902908531194757,0.0,12.836975105896082,0.09925286637911494,0.16051762501244118,0.1378461531662186,0.10509896941762573,0.14098465089192222,0.11707737656161082,0.09997138099114773,0.07892942398438109,0.05782234707983935,0.04328797600249571,0.03254023676429069,0.04161250364940037,0.051176092859135006,0.09365288863193286,upstream,US,False,7060047060.0,1980,1989,1990,1999,10,10,0.4814318053283233,0.11948416935033704,0.0635650107180743,0.1698207604416016,0.9881902875534767,0.010457216585488524,1.778713680357287,0.0011037527593818985,7.927539735099337,0.10782489930217273,-0.31940261723529917,0.07573300163135999,0.15042021059678093,0.15122851138854115,0.14417545870425993,0.0965452676985572,0.09073063262990072,0.0472866753518451,0.03950910363472908,0.017389501014361455,0.02206150882907282,0.07662560629520891,0.08829452222538275,0.1062557497235273,0.9971102944045179,0.003904955794641009,1.351039472068132,0.0002748763056624519,12.829850742166027,0.09929625819390185,0.16151144714890328,0.13751274584977477,0.10571713587898034,0.14073410652816967,0.1176309877427523,0.09966488053550383,0.07902372227254775,0.05758172839304092,0.04316825130165514,0.032635117255604744,0.041669183181736465,0.05059029784190452,0.0940718432183295
cars,US,1706,test,False,7060047060.0,2000,2009,2010,2019,10,8,0.19888310775772622,0.09575928573462249,0.0047373294099653795,0.12638208602596696,0.9881953900855722,0.009396926643333185,1.5367653447641998,-0.0002738975623116954,10.51762316389395,0.10079046221210751,-0.06493048175446184,0.13286402047948154,0.11679558421057944,0.14937694741323154,0.118423814644122,0.08993329498389217,0.07880755481131613,0.04379865223995609,0.0352330484579044,0.04746595897969499,0.04325860054111193,0.047506290959700395,0.09653623227900943,0.13111941543593233,0.9941919675065991,0.016100734773249966,1.7477995874507415,0.0,8.620724579017642,0.10963418320782313,-0.15607007666035158,0.10377892740291095,0.10149341133820798,0.18616604113829827,0.1401591869758643,0.08904964382858305,0.08942900495931147,0.05972720366368969,0.04186305671496154,0.01597174538709496,0.030210941358980056,0.041559795104060944,0.10059104212803677,upstream,US,False,7060047060.0,2000,2009,2010,2019,10,8,0.19806131657308712,0.09417623373926828,0.00630361372196836,0.13765369183842868,0.9884677269342812,0.014061997675074168,1.6127769128708371,-0.0008225939128050452,10.52482040032904,0.1008386428982759,-0.06420294098031515,0.1328093566020443,0.11673600107544754,0.14974236674532787,0.11815060017163394,0.0900836077096667,0.07868855320521405,0.04369891428776872,0.03533136966894036,0.0471494387508135,0.042960013047096166,0.04787672057278003,0.09677305816326691,0.14395730556039704,0.9937632179621751,0.020964321832949308,1.8346576607232512,-0.0013788348845225785,8.633715960013788,0.10946448903991769,-0.15481341399614104,0.10401239139661132,0.10356027071344755,0.18499824925009212,0.14040243691610893,0.08758895985492532,0.08946567591922354,0.05961864394937237,0.041720510045152176,0.01590483426566921,0.030271124684136366,0.04210132310379012,0.1003555799014709
cars,US,1707,train,False,7060047060.0,1980,1989,1990,1999,10,10,0.18200019659255917,0.11516386698339467,0.01246616278399365,0.17664659813554107,0.9251456135947105,0.04012996336229949,2.3507313238106247,0.0,6.961340353372451,0.1195746430602032,0.2585100946471312,0.14627451382955053,0.16347775205909834,0.15203317963703303,0.1254529423251728,0.1073691119663111,0.047130680664083414,0.021864866598492457,0.018585725157610394,0.014239298145610967,0.021632163017947365,0.07089216507301455,0.11104760152607507,0.18911276091953472,0.9724465000396242,0.015271762522387294,2.142719497815577,0.0,8.350924338063717,0.1332771468659715,0.03007476376696702,0.15129303111453052,0.14526744560857202,0.22404598607367732,0.0975790659640002,0.1230720065225944,0.06297061729276429,0.028454578675298735,0.015111359608696358,0.008701265397673113,0.0215979746561391,0.034084945335270754,0.08782172375078327,upstream,US,False,7060047060.0,1980,1989,1990,1999,10,10,0.1815937314453404,0.11097161316011805,0.024370390275649162,0.2097073239083337,0.9250171224756588,0.04077166391299353,2.5717335151963883,0.0,6.96562202136401,0.11952521803340911,0.2595050437174034,0.15029770576520773,0.15989002766098684,0.15231614857267878,0.12451329033623909,0.1071713229812839,0.0470567862216152,0.021835019786102944,0.01878191467065668,0.014005630657996154,0.021514826148971395,0.07125777078067715,0.11135955641758409,0.23407771418398285,0.9725565726263002,0.016282228619874155,2.3358486825810423,0.0,8.35266493150685,0.13331444681916074,0.029813743207249034,0.1504252584205182,0.14543015014123784,0.22457483588126922,0.09651054849954048,0.12304274180134521,0.0631045257084221,0.028403239166356457,0.01483290034872637,0.008697872062946229,0.021612821658066834,0.034406933762785315,0.08895817254878577
cars,US,1707,test,False,7060047060.0,2000,2009,2010,2019,10,8,0.14590806479859025,0.13315850448708597,0.038779299014774116,0.24333614416725757,0.9684549105583644,0.04642886675506615,2.4953492487753532,-0.0002737476047084588,7.277799860646599,0.10788587842270606,-0.042326942447866577,0.11588751946437194,0.13451714929719572,0.15765492213931379,0.14855200903129392,0.09984901882492188,0.060287985530280405,0.028174567571747265,0.024089699401863986,0.04594767509351866,0.03809559889870402,0.06636472759180038,0.08057912715498805,0.20455684515248346,0.9802077562492466,0.028069479929992255,2.2627743910638594,0.0013740982480247338,8.42106802796276,0.12100982599262575,0.02953851442957279,0.09632531993948136,0.1340434423934106,0.17145719865509831,0.16924737289538594,0.11946123455232874,0.030077512854765332,0.07737562752659358,0.0200737581000633,0.021056955446514654,0.014148581783866403,0.03630628027254757,0.11042671557994437,upstream,US,False,7060047060.0,2000,2009,2010,2019,10,8,0.14611236804213618,0.1308022969456592,0.03885000340292283,0.29054549589074513,0.9683655023770055,0.04752326119650759,2.7720827640527,-0.0008214676889375684,7.2806451259583795,0.10803235592956784,-0.042786758489655116,0.11611112690716686,0.1344790062144692,0.1579871853369276,0.14875021606747713,0.10016711474811534,0.05906400998070023,0.028503192834186997,0.0237521153551352,0.045956668560688974,0.03817090550062289,0.06650605838914231,0.08055240010536721,0.2516954924878223,0.9788096091540244,0.027533557380683884,2.4819744857923833,0.0010323468685478321,8.426081555402614,0.12086489143004882,0.027845159705815196,0.09670952115749476,0.13481287189070182,0.1704523034675092,0.16949225222557054,0.11843547912899322,0.030126365499120254,0.07745859064330661,0.019947159609499113,0.02106097097249866,0.014189751751119495,0.036724818758065,0.11058991489612124
cars,US,1709,train,False,7060047060.0,1980,1989,1990,1999,10,10,0.04758270459216093,0.10305639867369307,0.012409775602666234,0.037074278808256186,0.992846623655603,0.007981179789937934,1.24071899976185,0.0,57.68570714074594,0.10131180632304876,-0.07298247499313161,0.08137314695573068,0.12624612506062619,0.15164512209145534,0.1269447091457589,0.10164231924452227,0.0649005509849079,0.043757854478223654,0.04751435187309762,0.022882046157344967,0.038970617290512766,0.09252683067525681,0.10159632604256305,0.04948405441092242,0.9880216016220793,0.03892999455943281,1.2826441220098699,0.0,55.00514511325937,0.11258482836028898,-0.06662423394864705,0.151332264464979,0.12494303844021791,0.17656863462217867,0.10091143358126463,0.10134640316199364,0.04723022194390817,0.03610695037377777,0.032867261238436106,0.019608779175953453,0.034466168138499995,0.0648487501825063,0.10977009467628442,upstream,US,False,7060047060.0,1980,1989,1990,1999,10,10,0.047654496124638485,0.1031215861809534,0.010773445822482935,0.04257095728977564,0.9929993354398313,0.008336838466156692,1.2904599990132497,-0.0002740476842970677,57.69573225541244,0.10137785901517768,-0.07318443216510302,0.08147540156738467,0.12661443659748253,0.15216740705309467,0.12620651708233982,0.10156427871795305,0.0641299684013897,0.0438039773454193,0.04785947535594006,0.022552885817537612,0.039107887050202184,0.09329124061191975,0.10122652439933674,0.053344403112258576,0.9878204937492134,0.03706547933470164,1.3369893728696864,0.0,55.010754928806136,0.1125567921999955,-0.0665401902586959,0.1508223596046092,0.1251343826389181,0.17652772339245404,0.10044648393632596,0.10123188248208578,0.047226650795761695,0.03604897990747871,0.03270865429744678,0.019666611343753117,0.03446245354083579,0.0650829818566246,0.1106408362037062
cars,US,1709,test,False,7060047060.0,2000,2009,2010,2019,10,8,0.004242902384424885,0.08679530407116334,0.016160318346514616,0.05910140801630302,0.9927007047823136,0.039649322341757665,1.2817508734557266,0.0,54.924856333289696,0.09813344336262171,-0.10907849962457995,0.10241383667638468,0.10307879007916217,0.12867982038268086,0.13591280994248645,0.11125992415635833,0.06274534048888576,0.05932775696994178,0.031697328442927775,0.03814174103894494,0.035140557166413754,0.08861634079474331,0.10298575386107024,0.07526172636281764,0.9843788888059136,0.003511402808014956,1.3352232593416782,0.004118050789293068,55.158392221832635,0.1066141101714572,0.09762309779427854,0.11596695008605133,0.09909610031561855,0.1647044990857887,0.11291164538747882,0.10632369298593967,0.0633814239991013,0.05551171954779162,0.024196208194796894,0.017278128747855982,0.039528347970786394,0.06592189217391987,0.13517939150487093,upstream,US,False,7060047060.0,2000,2009,2010,2019,10,8,0.004531407176786321,0.08843787729933639,0.023221978266771304,0.06746998050513128,0.9926631027690714,0.03653679669646854,1.3453569813538075,-0.0002738225629791895,54.936397864184,0.09817847991366004,-0.10958476208390786,0.10260784246045754,0.10298808402477773,0.12896744953869163,0.13597677987925147,0.11097428333995214,0.06249798725475255,0.059552043467571585,0.031265384682002455,0.03819458153154057,0.035249051445905594,0.08896514676623084,0.10276136560886587,0.09069195877190259,0.9844561987317959,0.0036059934340307814,1.3983068378245551,0.0041293874741913286,55.185901927047475,0.10672702215258961,0.098009664875166,0.11642322819875467,0.09859570508444301,0.16519277820333128,0.11307902275204679,0.10506456775010818,0.06356501413282868,0.05533129150384525,0.023707853859735353,0.017366851582323903,0.03971464005685694,0.06633313385948793,0.13562591301623803
cars,US,1712,train,False,7060047060.0,1980,1989,1990,1999,10,10,0.11220969843626664,0.15153349453525086,0.022284709714644885,0.11327803545271622,0.9535438546795829,-0.0005418619397557952,1.774957257094796,0.0,4.982819057594115,0.11657569529864019,0.07027183462565112,0.08366416482476703,0.17495258899614502,0.14821145422277612,0.1501850696296827,0.10672216047337856,0.0714068968931993,0.037258943983629104,0.01570755565296376,0.017448706016070344,0.01880943612572326,0.07685859647203797,0.0987744267096268,0.1355627451673611,0.9691050507661447,-0.009059829818007271,1.9347135991075106,0.0,5.574516042926647,0.1348752548558852,-0.23209096507766924,0.14698607891886234,0.152330536038996,0.2245740564234785,0.11175991521721022,0.11358798045860423,0.046207217806689245,0.01930746013267408,0.017091032219328627,0.010301247707875185,0.022409117814585964,0.03892384676630515,0.09652151049539051,upstream,US,False,7060047060.0,1980,1989,1990,1999,10,10,0.11289515479086011,0.15092722151782414,0.024688904045414378,0.13696472155186742,0.9538354367104435,0.0018474315107755285,1.886482828924977,0.0,4.979886911281489,0.11648276872364385,0.07180201561337135,0.08411294348509368,0.1753132136628245,0.14753317383448328,0.1497267733121631,0.10663596558489086,0.07122611015713978,0.03738015798161136,0.015648380091064014,0.017439649208835523,0.01882077999743437,0.0774198092689063,0.09874304341555327,0.1616536255972818,0.9691173483200283,-0.006098593602468834,2.0607326164790876,0.0,5.5750558598028475,0.13483731330212903,-0.23209105344254652,0.14641207137252343,0.15249278687378018,0.22471903876325972,0.11130620943782997,0.11326371417356217,0.046138615009039236,0.019424311388586225,0.01688306700201531,0.010316892290923464,0.022400573199429626,0.03920584099177489,0.09743687949727564
cars,US,1712,test,False,7060047060.0,2000,2009,2010,2019,10,8,0.19923590353398202,0.1112859344174627,0.027568414177462697,0.11476065023526918,0.9731772928680016,0.005340287172574174,2.1358892532728664,-0.0008216926869350862,4.21325656709101,0.10809966517621086,-0.05952774015653373,0.10642274848066559,0.131674922381117,0.1465819304370569,0.16702159858723553,0.09892967988044622,0.06582649777498945,0.028449504057553063,0.024371498099595705,0.04451121259362793,0.036828727593158826,0.07053741365540028,0.07884426645915336,0.08719223605780649,0.9895764030681901,-0.001330506348698363,1.9360313839659047,0.0,5.142152589771486,0.11532528217904826,-0.01632200362464271,0.10855967406808521,0.12597418391733933,0.16866564961208322,0.16075894357449413,0.10468492982950292,0.046182814655070466,0.05175778732409751,0.016598293774000603,0.01361281870120895,0.062402892285430445,0.029530154052389762,0.11127185820629741,upstream,US,False,7060047060.0,2000,2009,2010,2019,10,8,0.20234829859364242,0.11053740064034522,0.02138032584781932,0.14040051365660172,0.9733690594260628,0.007594049264287462,2.3199953315164312,-0.0013702384214853384,4.213825705672788,0.1083455371562119,-0.06066048796597974,0.1066427119746362,0.13197769287049832,0.14720305666206,0.16771638078205023,0.09775231282009592,0.06548066010893422,0.028621152751808793,0.024215852369726034,0.0439497926997805,0.036890204048451336,0.07069317941630761,0.07885700349565075,0.1190201878087824,0.9896612715616302,0.001163043431128534,2.0704431245309514,0.0,5.158878713736455,0.1155017191140064,-0.005327356985036805,0.10953096679357206,0.126854798844843,0.16878622061157414,0.16089275609449394,0.10461902908706175,0.04640445726265947,0.05169655555940994,0.01577798567327789,0.013648042975830162,0.061789206068043265,0.029918116755847334,0.11008186427338718
cars,US,1713,test,False,7060047060.0,2000,2009,2010,2019,10,8,0.24319199845258269,0.14202638409976398,0.06864092420594767,0.24864642535655,0.9460740417984685,0.003549386420659631,2.2861446829930157,0.0,6.98712314208691,0.10335641913809071,-0.1622354579163356,0.11384633417353035,0.13382606857169768,0.135513225080827,0.15310423982284888,0.09174782269070586,0.052403791943596414,0.03498705937529507,0.02904649104832391,0.05070688969000454,0.0438834098062028,0.07929836678469383,0.08163630101227358,0.18000550115060232,0.9465115430146,-0.0022220296509160836,2.3001017822346506,0.0010369858278603526,8.910772181566987,0.12116185809918877,0.25093800742930183,0.09139412164147956,0.13818184582837326,0.16585553067250602,0.18930322200789063,0.10283735446072072,0.03584214666132323,0.07571259087838608,0.026547855008533034,0.02038426395637343,0.020878900442512144,0.03211161163636645,0.1009505568055354,upstream,US,False,7060047060.0,2000,2009,2010,2019,10,8,0.24580514286866692,0.14021787881485376,0.07820135572741516,0.28784117898830874,0.9461149661847222,0.00729743774333754,2.4951845147674554,0.0,6.988754381161008,0.10355541965711013,-0.1620961966595598,0.11412090562796255,0.13392693809343448,0.13591291689814153,0.15349443996067694,0.09156828422252913,0.05147618038069373,0.035682814015365244,0.02817137263741378,0.05076811123299279,0.04393386480573097,0.07946869424988846,0.08147547787517037,0.2096398232608936,0.9450300787147354,0.0,2.502292432618527,0.0013884068031933356,8.9361735508504,0.12130276347570529,0.25214432879095033,0.09215965467003527,0.1383540474239852,0.16573372596184843,0.1898985811522465,0.1020192723155724,0.03557936969481901,0.07516136264447205,0.026111437990801824,0.020398703971658157,0.021070714927056453,0.032401368865457816,0.10111176038204682
cars,US,1714,test,False,7060047060.0,2000,2009,2010,2019,10,10,0.18680020887211812,0.09647666105172786,0.05833949209706346,0.3481205054128808,0.9933782073843318,0.04683657987376529,1.8520844171173045,-0.06131946345469477,28.716870523532375,0.10546762870687822,-0.23617674778827788,0.1141711125386744,0.13399255488052406,0.14073525861796052,0.14789211847605338,0.11041573673393551,0.0645920285175903,0.039401655653621866,0.025038324069489828,0.04174941315535173,0.03340633976887205,0.060958665984014934,0.08764679160391128,0.28978101331581735,0.9941839000342381,0.04666881248691047,1.5968535616284594,-0.07037239868565169,34.614926198370554,0.11606975281841408,0.19514976104273793,0.10673387495559929,0.16586360836685415,0.16185471812617253,0.14263067746932184,0.09828773941136774,0.03854575173559027,0.05853958381657226,0.022972530609125293,0.03231783681745325,0.022297257072642584,0.03796141012115417,0.1119950114981468,upstream,US,False,7060047060.0,2000,2009,2010,2019,10,10,0.1868894085164729,0.09700076583051213,0.062423283878192015,0.3715533410694491,0.9934045434443926,0.05259474033134173,1.9334183900078534,-0.09334793320558445,28.721503148097455,0.10559179938121964,-0.23604147655349542,0.11480258355033986,0.13352347121322392,0.14113347555835845,0.14805382835289832,0.11081950701494421,0.06333726748671704,0.03971632540028178,0.024643820059980944,0.04177291821147975,0.03360440076187443,0.060997810600799646,0.08759459178910153,0.3091300571912571,0.9939854822060644,0.05741748638949899,1.6511305838060901,-0.10350492880613363,34.62359857612267,0.11609101227714501,0.19522689059243187,0.10657871238033827,0.16615225220324772,0.16183541602175713,0.14263939666851574,0.0974941022361734,0.038537263464473545,0.05850737198136663,0.022963266463934606,0.03231002141303982,0.02240625917046144,0.03810234841158533,0.11247358958510639
cars,US,1718,test,False,7060047060.0,2000,2009,2010,2019,10,10,0.20362693800466788,0.08618049070493788,0.03386775009175208,0.4286073075539841,0.9907621611196612,0.05532035661695461,2.4462139390327886,-0.09252669039145907,13.313363200089661,0.10819425004869816,-0.0053634972447619686,0.12267573853958248,0.1394373296585855,0.154397824144267,0.11761025832488067,0.10349829852905836,0.03650405495915449,0.027950972800380215,0.019473616571139173,0.05306052517573952,0.04260499927256715,0.0640955273308737,0.11869085469377179,0.394739557462232,0.9963137673180321,0.08498741609772643,2.420942779323224,-0.0887185104052574,16.32006317741321,0.10744591111267122,0.1385252342207187,0.09262675219807394,0.1448512758590091,0.137076332940806,0.14039203731480832,0.1111582026604275,0.04941058686275942,0.0637345079111836,0.019568259979554234,0.02514356443339802,0.03266115594771513,0.06314631823809881,0.12023100565416589,upstream,US,False,7060047060.0,2000,2009,2010,2019,10,10,0.203718338090287,0.08759058479875007,0.039860537340321245,0.4887165938297443,0.9909932295221217,0.056556706481440684,2.6855703227669716,-0.14672871612373392,13.31407090062962,0.10830575481623354,-0.005337303170307722,0.1225397877194649,0.13945384127793764,0.15438803621188213,0.11767710295238117,0.10433899979359036,0.03524312015422389,0.02838381973168559,0.01916759664761512,0.05297806262034606,0.04268281010926385,0.06458085700226257,0.11856596577934655,0.44885605648942306,0.9962113245497314,0.08620043987293498,2.6297164950047898,-0.13143483023001096,16.32242250821468,0.1074996111455682,0.1387780669532627,0.09203732956131631,0.14581811448905777,0.13632066654088135,0.14031877174182023,0.11128991933783965,0.048980575860349214,0.0637619142738135,0.01948384491213622,0.025128768512971772,0.03337985445169156,0.06271234979760856,0.12076789052051397
cars,US,1723,test,False,7060047060.0,2000,2009,2010,2019,10,8,0.23102259189047794,0.10271395269314323,0.017999906840160368,0.17012289905439995,0.9693660132063304,0.0011697682727395747,1.8647518208309388,0.0,4.5878032356768506,0.10700580089369462,-0.0730328903388019,0.10857296830029124,0.13009132002800067,0.14164858718016657,0.1643931822603536,0.10607858389028853,0.04744235134495143,0.037978669384019274,0.028172479953846124,0.041065214511073055,0.038875175549392495,0.0692088780319397,0.08647258956567731,0.15212299221423958,0.9887180401420098,0.028225351976431022,1.5082833773917237,0.0,5.780116877534951,0.11370830613115783,-0.03356354804123542,0.11715496560472642,0.14039688208473095,0.17309532079429504,0.13676891843994723,0.1028126483207845,0.04273079499430048,0.06611909357095713,0.03282732150921426,0.01723290564004465,0.02487105563962177,0.03993310986015697,0.10605698354122067,upstream,US,False,7060047060.0,2000,2009,2010,2019,10,8,0.23133320481833358,0.1061369400640712,0.011898871787883347,0.2058555663805134,0.9693711269091841,0.004139033678926051,2.02178686116793,0.0,4.590443440153384,0.10725018128923601,-0.07217743930530199,0.10880176976819825,0.13013316639328287,0.14222245744242934,0.16488800611036863,0.10593179153647597,0.04608880738919752,0.038060863705927116,0.027936344240821843,0.041086214563749286,0.03906004573229762,0.06957262802116672,0.08621790509608492,0.19395669459263004,0.9899341036976762,0.03042224732788194,1.6171047142239316,-0.0003502626970227671,5.785239929947461,0.11470623809914798,-0.042169155928798704,0.1180685675122269,0.1415463956224125,0.17368089334171263,0.13782038474625322,0.10279308536852645,0.042928195795084535,0.06656925105619349,0.03279951516208286,0.016156158010663044,0.022336570026021896,0.03845615934263534,0.1068448240161871
cars,US,1726,train,False,7060047060.0,1980,1989,1990,1999,10,10,0.1954159798843241,0.12112951721917598,0.041052779258216404,0.08353403566670939,0.9884610199554901,0.0,2.0824655075315293,0.0,6.173882043545706,0.121162288145598,-0.07190250123392346,0.08206497769549463,0.16026114958607407,0.1849801533877702,0.16049503467346096,0.11204900694067643,0.0634590315844383,0.026242014440854666,0.02485226284484731,0.029650852077555016,0.016703145536181227,0.06594802599791806,0.07329434523472897,0.12458681492492579,0.9833128108167184,-0.023562403097045444,1.8789268855939782,0.0,7.506308500801624,0.12603410916466015,-0.2007345097629127,0.13434373502703445,0.14731123823859266,0.21472057790606017,0.11776544621981302,0.10815646421896952,0.05166752404500094,0.02925431496500875,0.020135898607096057,0.01525463869279514,0.03800217529670921,0.03529463646352697,0.08809335031939326,upstream,US,False,7060047060.0,1980,1989,1990,1999,10,10,0.19538385640527073,0.12176321534786941,0.04919528577186791,0.09568907251229905,0.9883952310062539,0.0,2.1571926052857378,-0.0002738225629791895,6.1760073932092,0.12111554731335787,-0.07144272968507652,0.08242532547093458,0.16082032991766404,0.18511881672615818,0.159501008633248,0.11197019487533,0.06321161470923746,0.026348562315773524,0.024908468400421928,0.02950416849573211,0.01667779586756315,0.0665559170409074,0.07295779754702986,0.14488435828416696,0.9833766845263416,-0.02224101142748293,1.963429313372459,-0.0005477951246233908,7.508651328403177,0.12609184580899208,-0.20022013017514145,0.1341806544270708,0.1472490091407753,0.21517354253576063,0.11703804387277401,0.10803493503303375,0.051661069422485946,0.02918433975876489,0.020007743464436498,0.015234576852206564,0.03797157417540749,0.03548310893895933,0.08878140237832477
cars,US,1726,test,False,7060047060.0,2000,2009,2010,2019,10,8,0.17719026290245432,0.1044603531128161,0.019997969230159188,0.11003319331536628,0.9899735102738592,-0.007522541484616284,1.938747538202022,-0.0002737476047084588,6.819503768096104,0.10569428487665353,-0.077001416170191,0.10528294143359043,0.12302052298739583,0.1341736100142626,0.17004928189703614,0.11179149671335613,0.072725653750295,0.05621944567173719,0.036310518678925895,0.03496632816257889,0.030334473347577575,0.04991504456181,0.0752106827814343,0.09003522408520709,0.9885836444960264,-0.02421742520672953,1.5776737851203737,0.0006858710562414266,8.14152061928855,0.10647605634174816,0.08239095594503078,0.1122542611556289,0.11748957303744377,0.1661231174137694,0.12923591176909802,0.10878232239644543,0.04277524794953814,0.06515685521257632,0.0607004386520139,0.024189554613705946,0.031177807451594784,0.03553536519342446,0.10657954515476067,upstream,US,False,7060047060.0,2000,2009,2010,2019,10,8,0.17777697413674787,0.10427163527655134,0.019592266145182946,0.12855630496026077,0.9897978617573742,-0.01080309226978711,2.0446032098846003,-0.000547645125958379,6.822120755750275,0.10584834089362227,-0.0774243889583614,0.10562869603243269,0.1229340800505411,0.13465020308548659,0.1700547695638484,0.11275060572436368,0.07101242916491819,0.05624754534378434,0.03616693729345517,0.034941460525716374,0.030426197556150798,0.04996478941784035,0.07522228624146253,0.10896403881507782,0.9889243017905883,-0.0257686895552675,1.6796681427569986,0.0010312822275696117,8.149424888277759,0.10660768303582004,0.08103440393930889,0.11308463855984541,0.11715539044126683,0.16644897131723696,0.12918014616725915,0.10866280415428956,0.042614618657857456,0.06527637762137647,0.059295615323902214,0.024193985517244786,0.03145624331912904,0.035579554232758985,0.10705165468783331
cars,US,1733,train,False,7060047060.0,1980,1989,1990,1999,9,10,0.23056496333291468,0.16563059329516713,0.020967634034589275,0.09914707512082031,0.9968968000072789,0.028228642849614738,1.6347901167499457,0.0,19.730550619590574,0.12161847596300691,-0.0013711068532968578,0.08808769487763222,0.1626930155685902,0.13593108843145743,0.16491522777968443,0.1619905379477779,0.06959024998219503,0.031794050166675546,0.022169445857230123,0.020320833456242134,0.01467366363048874,0.05106024518938025,0.07677394711264585,0.12011470915540959,0.9994523189167022,0.01747316897676839,1.5329891172344974,0.0,24.84690483128165,0.13247327912524576,-0.06580308235092092,0.15112933771621564,0.15672170495694188,0.2160386245518958,0.11702235643821109,0.11034671677722523,0.04516029516198182,0.023515899852873647,0.0214562864482129,0.013491301952157779,0.02670955943406025,0.031188451065004175,0.08721946564521978,upstream,US,False,7060047060.0,1980,1989,1990,1999,9,10,0.23058456729259813,0.1671639826409253,0.029247935301507377,0.1098345501080091,0.9968106593716595,0.02612694991828898,1.6918495768590638,0.0,19.73441222999696,0.12161573697044872,-0.0013581317834990435,0.08832392205264639,0.16332435409042187,0.13529752017408292,0.1649506044004215,0.16179339104145274,0.06921357701486885,0.03179503579115012,0.022160739850931626,0.02026782087222052,0.014669351277204638,0.051612920730603085,0.07659076270399563,0.13908248540951648,0.9994651051065601,0.015411076380034944,1.6074390634621925,0.0,24.85225499863051,0.13243905024265806,-0.06607914186079085,0.15062497587082235,0.15655917480576498,0.2163859133411861,0.11648643950411382,0.11013347431734691,0.04500825216497478,0.023500791304774005,0.02140625469943803,0.01350098780982098,0.02669003625622816,0.031359086544911485,0.08834461338061826
cars,US,1735,test,False,7060047060.0,2000,2009,2010,2019,8,8,0.28493088529272703,0.09472076816172205,0.009343588533751092,0.06818066653337751,0.9426010978263439,0.051740081045686226,1.4830194365705751,0.0,11.23492313087125,0.10805685617492314,0.2410891105839185,0.025275427763419116,0.04935998661612803,0.07054070801704686,0.1097325603853995,0.10624456297175604,0.147771059801082,0.18123403640575475,0.09994179218201457,0.0659440659176397,0.06776413890494506,0.04711969726350943,0.029071963771305064,0.05883707799962642,1.0297801869205245,0.011189028096374405,1.4059297362803018,0.0,14.9387416458595,0.10891068636106277,0.043721811190974416,0.02515324655922033,0.04116903728941233,0.09011923716405189,0.1124409594938789,0.13359287345574372,0.16651916030017117,0.12397788475106382,0.12627922110517534,0.061126928194019416,0.051578572608170364,0.04437163913638172,0.023671239942711118,upstream,US,False,7060047060.0,2000,2009,2010,2019,8,8,0.28529662886010015,0.09520853831265569,0.010430116230432177,0.08022106913608207,0.9428535081962257,0.05375257710216044,1.582084812238691,-0.00034246575342465754,11.236670547945206,0.1081141578938633,0.24089194112822188,0.025260767110425325,0.04942297232660262,0.07085603831730246,0.11019869569661807,0.10599414014986036,0.1479457944051701,0.1815373758826211,0.09902725536783642,0.06588433333400383,0.06767156507323532,0.047063555790516846,0.029137506545807487,0.06979095290564989,1.029858598397469,0.01170840264790099,1.4858560646512646,-0.0003453038674033149,14.946530732044199,0.10906344976696099,0.04494178992680301,0.0252858757366527,0.04153260125937408,0.08982560371220126,0.11281401731443572,0.13433428316633186,0.16681694529299687,0.12436851037583256,0.12541450413725,0.06117813653101791,0.051927759155662445,0.04281800736617472,0.02368375595206975
cars,US,1739,test,False,7060047060.0,2000,2009,2010,2019,10,10,0.2873119798677827,0.13844239936891056,0.008299304276510489,0.27782016159336365,0.9972347617283356,0.045528322232698794,2.2634570977094106,-0.005201204489460718,13.652307754496006,0.11783907629048807,-0.2323933828543197,0.13637181685724592,0.13101362538509587,0.14414384414727055,0.18407467286628285,0.10982088119366852,0.05861201048269178,0.02919819398627574,0.028659356605151877,0.04054142315850227,0.014056863075410712,0.04202824899426847,0.08147906324813534,0.26952085731685316,0.9988946238164508,0.0021423720524354688,1.7926229666865046,-0.0032858707557502738,18.1963414286593,0.11980683034065125,0.0666749453834467,0.12077483976893512,0.17731373080140217,0.1553779310739368,0.13601191382603509,0.08490681429993528,0.0332144554503472,0.04610420206757865,0.030949806070421297,0.020149913716754116,0.026025491515422727,0.037948717121742435,0.131222184287489,upstream,US,False,7060047060.0,2000,2009,2010,2019,10,10,0.28720394529115034,0.13784471198829085,0.008242418859953526,0.30490781245337906,0.9970849525952985,0.04825791057117437,2.441118375334128,-0.015056118258965233,13.655792225568025,0.11802153103964523,-0.23223817917652062,0.13671613623352247,0.1309091146730247,0.1445825104091725,0.18434184780319718,0.10984730781391912,0.05756308523937715,0.029213639822254597,0.028566325938326993,0.04053983865043425,0.014063796711326335,0.04219555975671775,0.08146083694872701,0.29666539359342553,0.9989810242626034,0.0010440122920455672,1.919428330786506,-0.009309967141292444,18.19901944140197,0.11971584602678792,0.06671811690412524,0.12126061038729037,0.1769255378710313,0.15519105501679065,0.1359533967405144,0.08448129472209115,0.03317970909419295,0.04608345005648947,0.03090896580838679,0.020149040021910595,0.02613169327048857,0.03833501254287754,0.1314002344679361
cars,US,1740,test,False,7060047060.0,2000,2009,2010,2019,10,10,0.11736858302313118,0.08635622558324668,0.026966514368290395,0.1319573906882313,0.9946158404181332,-0.014631878082138545,1.4543404653542356,-0.01834108951546674,26.479854317059235,0.10476650396199182,0.02725786108472926,0.1294267342478443,0.12387019847130668,0.13586642215030667,0.12341351791288471,0.12402156727365349,0.05641860882917675,0.032221672423388144,0.03131764734353265,0.03840389670043229,0.0416451861572561,0.05137148115645758,0.11202306733376058,0.1589239050565217,0.9985570233179016,-0.008902697323161565,1.64583696024176,-0.016976998904709748,29.77749218883439,0.1120731304470153,0.17198443217146414,0.09730109507551309,0.14771320769348412,0.1431991489077894,0.1539382391960915,0.12758803294285642,0.05552385621644372,0.05245462770636335,0.022294861076946292,0.01649798195041774,0.031289375613190916,0.052227828524659244,0.09997174509624432,upstream,US,False,7060047060.0,2000,2009,2010,2019,10,10,0.11739410396844369,0.08548017360095572,0.03159276314086645,0.14422797835809964,0.994447105863691,-0.0034739997463726752,1.4980934031567046,-0.03887215986860115,26.48244292362442,0.10477106658927719,0.027257396867423546,0.129256253367002,0.12386151451735285,0.13592963119303542,0.12343789609888174,0.12417788711235363,0.05574841541840798,0.032381478324807624,0.031454326551841376,0.03808062992196308,0.04173469928229751,0.05186188879752406,0.11207537941453269,0.1758207414989661,0.9984445499889997,-0.0037943447422715063,1.6936938420638068,-0.0312157721796276,29.781163198247537,0.11206634903723013,0.172125302557433,0.09701839471439012,0.1482898968532856,0.14289495716140688,0.15428417008450324,0.1268081421388484,0.05543396661782799,0.052357950485252006,0.022191247420670135,0.016518459480367228,0.03155921754461405,0.052495352921614925,0.1001482445772194
cars,US,1741,test,False,7060047060.0,2000,2009,2010,2019,10,10,0.25865430600912703,0.07089658846970327,0.04148124049540036,0.2731331402455893,0.9884678273641654,0.052145602421723,2.0265076384947105,-0.10977278948809198,27.960171755396598,0.11619903141609152,0.02908181818340548,0.14524486241973988,0.14423990598763303,0.13748693841064835,0.15332635960050903,0.09705270078990628,0.04722877252729852,0.017533682563612575,0.016559371609027585,0.030737853716761007,0.03238462448498491,0.05924718064432068,0.11895774724555805,0.3146143807409897,0.9944967344811642,0.023923317661886274,2.0198925137096477,-0.04791894852135816,36.213622719236625,0.11135598591981297,0.1138577221376541,0.11686276383199655,0.15371404118648885,0.13183860500430652,0.13474199834941047,0.11067226240012133,0.03765221329287452,0.04975580352764824,0.01970624671611831,0.022694524533580715,0.03369256122427467,0.058585273837405506,0.13008370609577438,upstream,US,False,7060047060.0,2000,2009,2010,2019,10,10,0.2584341090542767,0.07184696048851874,0.05072537684138356,0.30269984489098456,0.9886643574531365,0.05212608765988628,2.152977379171879,-0.15005476451259583,27.970639375684556,0.11622001309578742,0.02854033125903319,0.14550244973569187,0.14425269417083075,0.13764703492528424,0.15364338926237736,0.09635544821756307,0.04687986713497053,0.0179562016284581,0.016202367576116306,0.030689521239975714,0.03247825536821171,0.05994315644020205,0.11844961430031835,0.3534252217323681,0.9943503841421106,0.031833940913492606,2.1402512411278063,-0.07365826944140197,36.219203997809416,0.11129703915168514,0.11397571879792164,0.11667231019156486,0.15408781806575067,0.1314421793071733,0.13486276852353013,0.11009979675825819,0.03762303395218114,0.049762621541389856,0.01970880076818367,0.02271479143746344,0.03381801874165364,0.059143374838070126,0.13006448587478098
cars,US,1742,train,False,7060047060.0,1980,1989,1990,1999,10,10,0.19914117681911547,0.13600457346989958,0.007966282499977086,0.047970293357507764,0.9667178271336438,0.06965057316363156,1.5366815911895861,0.0,7.121740867343498,0.10896400297786393,-0.0665587020816223,0.10201659883816759,0.1670828884940948,0.13619941135457472,0.1333523034007884,0.12482740856978213,0.06449408432456252,0.04018162959068024,0.027015218101043677,0.03832730198411149,0.023832824842416462,0.06951074648375556,0.07315958401602227,0.05593657585748485,0.9927395311254192,0.026517231930692633,1.581925639218791,0.0,8.691046659860787,0.1222952340035034,-0.2266207261971261,0.12787017340680393,0.14836070238005436,0.20373755666649151,0.12739365014485693,0.09818577672472005,0.047459418940467325,0.028184464008992764,0.030760034261619565,0.014801078705341605,0.03863716808499981,0.03738669847344264,0.09722327820220955,upstream,US,False,7060047060.0,1980,1989,1990,1999,10,10,0.19884342144057157,0.1366008875615538,0.008917666343833307,0.05854016061998483,0.9665333017164605,0.07245899461033764,1.6197724357598329,0.0,7.124029290993704,0.10900449960542005,-0.06653854760201917,0.10217787150123546,0.16780586164067518,0.13564991099204704,0.13323883623316699,0.12451691373977156,0.0645081810580117,0.03997013688745719,0.027029044908755465,0.03833837885290773,0.023823014063245045,0.06998983518302417,0.07295201493970258,0.06745782696381813,0.9925721277603856,0.024392345552515654,1.6750440595875873,0.0,8.691251095290252,0.1222868965140564,-0.22646338707572874,0.12770471520424934,0.148614816381457,0.20380915216416756,0.1269659732916822,0.09797633927610792,0.04735808872773035,0.028281483982788024,0.030559177029915365,0.014798939989790316,0.03856530195902396,0.0377716143839049,0.09759439760918318
cars,US,1742,test,False,7060047060.0,2000,2009,2010,2019,10,8,0.20004070620914666,0.09346107265588431,6.939392853252957e-05,0.07144875562479625,0.9792432838865158,0.06702240578003398,1.6925856458323467,0.0,7.514899842892678,0.10546684133239916,-0.171625775882985,0.12232824122885273,0.11262248131268932,0.13560013525602602,0.16234140151249812,0.10958424158521574,0.08585527168266038,0.052221970512484714,0.03746315952064367,0.034578341008633266,0.027692067219577107,0.04505499878177907,0.07465769037893982,0.07137936169626372,0.9958599373739886,0.004038162216010161,1.3615734195979365,0.0,9.179093033882603,0.10940141585196357,-0.04486998551875722,0.11372714177607866,0.12233409495554604,0.16659674232820967,0.13824583751634942,0.10273206231306482,0.04344808169457819,0.048664826792129544,0.037349286147643865,0.02674431815525987,0.03127757509698748,0.049248319431261525,0.11963171379289098,upstream,US,False,7060047060.0,2000,2009,2010,2019,10,8,0.20042250002758677,0.0927882190360543,5.7310515262490314e-05,0.08475095118718173,0.9789387142335282,0.06224368214976443,1.799247646570646,0.0,7.51883538756505,0.1055327328693059,-0.17087612418086887,0.12267160118068135,0.1126301342437078,0.13572050660829219,0.16249092755933897,0.10985885970731843,0.08488456708083575,0.05232140824970271,0.03735058795826845,0.03451297768831662,0.027751468529614003,0.04523364822346276,0.07457331297046096,0.08480826170244422,0.9944941352992275,0.005899379353902318,1.4240950760942561,0.0,9.187407140405082,0.10940691088660687,-0.0480385266122811,0.11445561035069533,0.1222080537782933,0.16659929110119048,0.13845351760422828,0.10256426831200799,0.04342172417154677,0.048772374102568856,0.03685353132470574,0.026781684522654982,0.031474072874791634,0.049453914160403366,0.11896195769691321
cars,US,1744,test,False,7060047060.0,2000,2009,2010,2019,10,10,0.13886708705647952,0.11211278919394527,0.02810220005392855,0.1851406018086097,0.9808482486851527,0.05248288569080265,2.277433404454118,-0.07254311524774158,2.038759846979056,0.10922943549430884,-0.3205800800217264,0.12007973275030426,0.11821219902180756,0.1377674958835031,0.1734444050363161,0.1101849990945641,0.07803473183099847,0.05464745623472582,0.03344757735921589,0.026342952196522888,0.026789943566622135,0.04181511558313646,0.0792333914422833,0.21324280186253824,0.991622657957668,-0.004724344378033277,1.7605588082590997,-0.019715224534501644,2.342476708117053,0.11418694991177748,0.054833873259846296,0.12501654634278214,0.1691887731223405,0.14432375640190376,0.1364610210678485,0.08861011571460697,0.037659558781833656,0.05172928838019926,0.037977394833804,0.022430372461578193,0.03134345856922324,0.03546651437625194,0.11979319994762776,upstream,US,False,7060047060.0,2000,2009,2010,2019,10,10,0.13876636252842497,0.11135264021959065,0.02543982300192535,0.21328782928822254,0.9807693133801966,0.06963524078060589,2.4900811020589635,-0.10730906104571585,2.039197372022995,0.10934369780413283,-0.32057010189239943,0.12022384184692347,0.11841585955408832,0.13845898371741994,0.17347528348056193,0.11007736682172609,0.07700637975575325,0.05480046952768544,0.03326443096885191,0.026262996718568524,0.026748821482287737,0.042078680253471924,0.07918688587266157,0.2387276522901479,0.9916295559252377,0.0,1.9088825668943303,-0.041894852135815994,2.3427434282584887,0.1140855684328363,0.054887842768644016,0.125163122265054,0.16921329280050645,0.14399361174347064,0.13634771396235423,0.08823954652916145,0.03760464223905025,0.05170354871063137,0.03795072734559737,0.022371988542373926,0.03153441933850174,0.03608109635460528,0.11979629016869343
cars,US,1752,train,False,7060047060.0,1980,1989,1990,1999,10,10,0.1586881294566474,0.04661796317111355,0.001518198086994299,0.036135970017884544,0.9989971078781148,-0.02332240572362478,0.7637643052564413,0.0,859.5168199005344,0.09212180190342907,-0.24781262458587816,0.11623792801458227,0.12343638574843224,0.1072092483717363,0.08905167460332333,0.09290858575164794,0.0673979512520841,0.061550877199912556,0.05803401063203401,0.0464771373338205,0.04440118255091322,0.0765731031155856,0.11672191542592784,0.034617771930890245,0.998946710414258,-0.012878533959660045,0.6424508243084088,0.0002738225629791895,1007.3299782389043,0.093716480185678,-0.10416467815175447,0.12065417834985089,0.1172166799711314,0.13568802235836228,0.08919930465246953,0.0768685826182318,0.06741561733135629,0.05594070100718849,0.0546480194573089,0.04363576553128094,0.0579588252717138,0.06942108820902464,0.11135321524208097,upstream,US,False,7060047060.0,1980,1989,1990,1999,10,10,0.15782977009968893,0.04769829960005976,0.00399760170305815,0.042773851720133205,0.999729587953871,-0.023927671152936186,0.7722827890273363,0.0002770083102493075,861.187027700831,0.09211244604787272,-0.24609897505480324,0.11647963536716925,0.12371217171716896,0.1065441982857154,0.08892205304578683,0.09318033287154187,0.06702740391019332,0.06164939954987145,0.05830003332030433,0.04630832408647631,0.04439892355368018,0.07706453661008007,0.11641298768201207,0.038776250017075055,0.9988759768941815,-0.0216021782052692,0.6496456520085858,0.0005491488193300384,1008.4214560680945,0.09376960130983707,-0.10526369711938369,0.12097637629279982,0.11735555749188173,0.13584795935800772,0.08903408284459531,0.07669352832625931,0.06732848595415263,0.0559960418975112,0.05464780676377627,0.04358682944495961,0.0578836093130492,0.0693987049086962,0.11125101740431091
cars,US,1752,test,False,7060047060.0,2000,2009,2010,2019,10,10,0.1470401292772927,0.055434315603708574,0.008135524547084036,0.035459805641893875,0.9991209771813873,-0.007266941817592592,0.7529394823524576,0.0,810.3259685402905,0.09225503953725636,-0.20371287174862834,0.1128581513183464,0.12307026052586752,0.11787795539243932,0.1027331690870601,0.09656217482418265,0.05304526081341704,0.05059624841204593,0.057680163496374434,0.0598862954493189,0.053204102292408295,0.068855696679331,0.10363052170920833,0.02732428109480984,0.9996039850357081,0.0017785177114993357,0.8299975019858894,0.0,938.6819648777124,0.09954967168271135,0.14020901201550864,0.12530617237803982,0.13509371650831203,0.14120352584838214,0.0994012889718991,0.09798603344099616,0.0465412422727475,0.05302234847651416,0.04262707025037474,0.041121855202899175,0.04911587564348274,0.061163039872797954,0.10741783113355445,upstream,US,False,7060047060.0,2000,2009,2010,2019,10,10,0.14682876509519494,0.05549791315609612,0.01144823500676891,0.04174413093244561,0.9993298376399704,-0.005124247103988996,0.7621248808954028,0.0,811.2020977216579,0.09225923117534458,-0.2030664608896246,0.11348520072068725,0.12321357751086784,0.11778994226629451,0.10279351413858362,0.09564160770176693,0.05297065560544156,0.05068456570561849,0.05783374069456162,0.05993684219805915,0.05313771822590963,0.06901455710864347,0.10349807812356591,0.0302958959256767,0.9997099326045273,0.0026433257658152656,0.8365671205164085,0.0,939.4982760416667,0.09955069866740443,0.13978582286341953,0.12521806943329047,0.1354962224260008,0.14077575159504804,0.09964732858849937,0.09732891384389886,0.04644175760489131,0.05305979136118615,0.04260487128687908,0.04111197473261985,0.049172030149394044,0.0612111524528193,0.10793213652547273
cars,US,1753,train,False,7060047060.0,1980,1989,1990,1999,10,10,0.24271341524334578,0.07126168489966608,0.013689557574132039,0.09670953365517937,1.1346108398785844,0.10825123545686867,0.8384955972177011,0.0005474952094169176,1385.6340702897958,0.0910949772407404,-0.3436766018556196,0.12200895933970078,0.11647574725270933,0.11557378381643932,0.07466143298400951,0.08430683490536843,0.06432458370314813,0.06449420281545688,0.06054940480356658,0.0528745684654924,0.0519126344320385,0.07968271010010523,0.1131351373819648,0.11039909122931141,1.0810260675677397,0.08080237358025213,0.8109421377643637,0.0002738225629791895,1766.2722682882516,0.09895913133606402,-0.13939156791568996,0.14104987179600942,0.13369690888794822,0.13747643554653355,0.07535256104951644,0.06388257920596402,0.05734044543086177,0.04908691576177215,0.05015343210317462,0.04490488933758862,0.0594710994153353,0.06960235805411041,0.11798250341118541,upstream,US,False,7060047060.0,1980,1989,1990,1999,10,10,0.24243857923179987,0.07189053517899477,0.017640862860205775,0.09966795220085856,1.1345221075935212,0.11605150335648871,0.8451883263591516,0.0010949904188338351,1385.8295269641392,0.09106576663128647,-0.34321953332133415,0.12198489225836148,0.11683695304506989,0.11506392000159071,0.07437569934499243,0.08435181170717754,0.06429884159573476,0.0645284609271118,0.06046768327049473,0.05302412912119922,0.05183336821503042,0.08041057197424364,0.11282366853899337,0.11730881506106433,1.0811581557472312,0.09242388139134751,0.8187901151265369,0.000547645125958379,1766.035980558598,0.09899714003248512,-0.13930183088215653,0.14137159251099515,0.13367908684583532,0.13733782613295378,0.07493331004778815,0.06380689922920878,0.057366006812590443,0.04897900747064848,0.05015341766387576,0.04493601287105171,0.059376143498430276,0.0699496193695918,0.11811107754703039
cars,US,1753,test,False,7060047060.0,2000,2009,2010,2019,10,10,0.2819829324106651,0.07033120788501603,0.081779581668631,0.11562318353919038,1.1168129791606987,0.10988834926901601,0.942205114142189,0.0,1259.561645258295,0.09123497916839567,-0.2018448796203376,0.12056061155375423,0.11779322783372657,0.09853045218100828,0.0711292075434309,0.08253388250958298,0.054233352820447604,0.054715325118420824,0.06407087193023077,0.06792072473997644,0.059851774962393245,0.07942806203094657,0.12923250677608156,0.03384360187055937,1.157246267693468,0.05548799380870169,0.8281629111336185,0.0,1669.871524870351,0.09903361214160604,0.050157794630153504,0.13897960542564802,0.1379721025707696,0.12380619599752946,0.07749709541674697,0.06378828292609529,0.049078469617679074,0.05327350375908819,0.046989904316233,0.04597692048929698,0.05959396998140212,0.07372173513718783,0.12932221436232358,upstream,US,False,7060047060.0,2000,2009,2010,2019,10,10,0.28195391632499217,0.07098421666294037,0.09261573484219682,0.12688018325062994,1.1168508617081907,0.12532479486932088,0.9537333650425814,-0.0016424856282507528,1259.6980522857925,0.09121857022162752,-0.2019041569347568,0.12064936452726699,0.11811328756270797,0.09805446850589838,0.0709589204249633,0.0825747303078032,0.0542933491017297,0.05472293683821008,0.06395662319614118,0.06801935903373713,0.059951243187922276,0.07975124399132504,0.1289544733222947,0.034264448408433124,1.1572806703154352,0.061708538168814386,0.8317298243643263,0.0,1670.0039096385544,0.09902983327421953,0.05030330395487256,0.1387328564402863,0.13820604716537221,0.12303331212662891,0.07785873237091304,0.06341503196676312,0.04903050661149113,0.053198524708217336,0.04702535147208841,0.04599451834943481,0.05962070290999663,0.0740006329759368,0.1298837829028713
cars,US,1755,test,False,7060047060.0,2000,2009,2010,2019,10,10,0.20280292329806057,0.0722210625693879,0.08629916934013915,0.44655062100773546,0.9985126348310044,-0.03084963345706327,1.7992580867988675,-0.012592389816589104,36.635227284185724,0.11112268666886867,-0.06347091620444013,0.14145392299651635,0.14785464365234213,0.13408932912812616,0.1423034317733471,0.10014249095062688,0.049150890062296275,0.03305017450337167,0.02773189779094116,0.03752397199471017,0.025957065739884624,0.05108183540237334,0.10966034600546411,0.5328497903478746,0.9969519190140002,-0.040521775637077644,2.0478111653411477,-0.0038335158817086527,44.87196422367335,0.11096928060233376,0.04315137057318117,0.11544669791484437,0.1695397637888773,0.13460548543804635,0.12320604363008374,0.11307093857426902,0.04417334255501929,0.06461229903728896,0.031130296353976464,0.01983930348804336,0.02607189995838799,0.04662760207186449,0.11167632718929847,upstream,US,False,7060047060.0,2000,2009,2010,2019,10,10,0.2028492496135985,0.07336552015483694,0.0886615293057631,0.4676057793716548,0.9984186389512547,-0.027936380873977523,1.9283864683497214,-0.03367095537914043,36.64039392280318,0.11109777774805643,-0.06339735404166352,0.14170922864454874,0.14768973514075837,0.1343564425503532,0.14249933762234337,0.09969233685066585,0.04856595638917314,0.03356267193886134,0.02756801499535004,0.037145917836152446,0.026031271935668152,0.05216559409289503,0.10901349200323034,0.5562673086774179,0.9966429192435675,-0.03686689619209621,2.205784145264777,-0.018072289156626505,44.880371577217964,0.11094679283091124,0.043359780837397485,0.11478092268373394,0.1701747075377462,0.13414077415013406,0.12330012003371478,0.11252719495261336,0.04414840384030035,0.06453534376652519,0.031131970479853655,0.019778153456349458,0.026390291284088267,0.046928582816396336,0.11216353499854428
cars,US,1761,train,False,7060042310.0,1980,1989,1990,1999,10,10,0.16528798642288023,0.09528962948721752,0.017180398846742995,0.29594218307387776,1.0098829027725857,-0.11738730032430364,1.333780669135654,0.0,203.71006858438767,0.09826370853978422,-0.0566708234417997,0.08981637453978963,0.11683671357340636,0.14500373544014675,0.1518381270082064,0.08545876010579646,0.06014390905033257,0.05286291212748176,0.04855945009646994,0.04943422643659784,0.04704383605017777,0.07260559232920313,0.08039636324239136,0.31312258192062076,0.9988984557777586,-0.12625319661666168,1.318495004305886,0.0,240.3234530274259,0.10177811764848545,-0.0665218865026282,0.13938924345212875,0.1152495530848922,0.1664119641442029,0.11405917574021898,0.08090929782201557,0.06399412545270189,0.04644888709869012,0.036619553937576314,0.05791889939341223,0.059017478561816376,0.05028715427172049,0.0696946670406243,upstream,US,False,7060042310.0,1980,1989,1990,1999,10,10,0.16564540722232773,0.09724662401343354,0.011287777682919053,0.3239834700246856,1.0099901044521036,-0.1919681852955978,1.3580647895012818,0.0,203.70562934574323,0.09827772151385336,-0.056389027449440174,0.08980413307521155,0.11738258874447824,0.1451139518103357,0.15148269458202637,0.08534540370396262,0.05987393197440947,0.05294159111611788,0.04849434619445118,0.049417856664028044,0.04695580756923972,0.07300534918946017,0.08018234537627889,0.33527124770760464,0.9986896778658099,-0.21826164498339062,1.3459798311675373,0.0,240.40412599287868,0.10194369068806475,-0.06595341158424875,0.13986336692821444,0.11492595167492685,0.16750539329679623,0.11302941108942338,0.08074546924013179,0.06394570484632592,0.0461893046924829,0.03653891188591386,0.05805032734389649,0.05904751269142502,0.050401435105625524,0.06975721120483756
cars,US,1761,test,False,7060042310.0,2000,2009,2010,2019,10,10,0.1677503813184319,0.09663112614060629,0.059860685910443634,0.19908684144981176,0.9937053094046263,-0.0746819821925473,1.2264290037716379,0.013961127840131399,181.6956549396565,0.09050283938888581,-0.13576553120144733,0.09215125420262309,0.08897456371267755,0.1291258861529657,0.12129759220269823,0.09405164936118122,0.08260922579454535,0.052441566556022876,0.04985381014863756,0.06138862511350645,0.05836801338577528,0.07434407285718998,0.09539374051217678,0.2589475273602554,0.995677003498112,-0.09235238522490258,1.3704241134214117,0.007667031763417305,214.88079726733017,0.09386650663886856,0.2872375211331883,0.10740250391588321,0.10952074745859014,0.110211594832132,0.10745158867095453,0.11077479165358682,0.058053609109066005,0.04316647924909273,0.037023375947250976,0.04417893201927364,0.07283785911577442,0.08186237832919492,0.11751613969920068,upstream,US,False,7060042310.0,2000,2009,2010,2019,9,10,0.0894601610729332,0.09690592345961879,0.05631745435997998,0.22092728935311007,0.9935857176882701,-0.16781827211430012,1.2020760732974474,0.03108486167236556,197.55774852346906,0.09062958350814691,-0.2861610118321668,0.09127102606420932,0.08949420292585364,0.12890084116175776,0.12250311319082684,0.09219584113388396,0.08342626366890198,0.05151234099200456,0.05000954010563785,0.06093506201938787,0.05776532350919669,0.07566224164463943,0.09632420358370027,0.27724474371309005,0.9921122742631518,-0.17796584766318851,1.3941691349532686,0.01572413793103448,216.0459464827586,0.09397541958119636,0.28242967073780634,0.10704099575978321,0.10988085144943295,0.110652113954672,0.10756721843469527,0.1106985753359979,0.05797386348045231,0.04320973328181803,0.036813276536287645,0.04416503199097282,0.07209657839372806,0.08174400133603255,0.11815776004612744
cars,US,1768,train,False,7060047060.0,1980,1989,1990,1999,10,10,0.19458885811163323,0.09275865156959301,0.0020265275615006916,0.011419006675807888,0.9982570630643803,-0.0038239759951301214,0.8304465968736515,0.0,460.6178670864622,0.09002957781828987,-0.22131511714390423,0.11597210635415331,0.10224561300468839,0.1085176340757941,0.09114915376652206,0.09531884850426263,0.08768347081755028,0.06991528963255503,0.06221600035796247,0.04883290496942719,0.043103469949296744,0.06577926415963246,0.10926624440815536,0.009392479114307196,0.9998978796680738,-0.005817626265075699,0.787439448861813,0.0,559.5638470067622,0.09817719273714538,-0.1353436356579915,0.1287279668731487,0.11704297603520193,0.14808473117012433,0.11450544574070949,0.08142862605926714,0.07357458969033694,0.05475539313808561,0.05261566232979327,0.0399434052973928,0.04538550890086312,0.04914027870054524,0.09479541606453135,upstream,US,False,7060047060.0,1980,1989,1990,1999,10,10,0.1309490225940606,0.12168896100429438,0.11608811378049841,0.12714192623762646,0.9346598456953087,0.0015039765138554287,3.9522245335007673,0.0,491.6965080154782,0.09618159171731624,-0.3370327008716321,0.10910744644317244,0.09545062460458383,0.10142163583869636,0.08530730399506246,0.08973366715287526,0.08045346080987728,0.06555013284670268,0.05845268184374852,0.04523309574364614,0.04051373240822262,0.06191168600101707,0.1668645323123953,0.011053812457128057,0.9998949716983543,0.0012531900585268532,0.7972582064917045,0.0,560.489604286892,0.09817599908482291,-0.13656885059167523,0.12865238434145485,0.11711235446915017,0.14798939207191303,0.11425427196995804,0.08141297449541218,0.07351295350769636,0.05435909690055411,0.05263218889020727,0.03976375579496564,0.04548130144155607,0.049397242381720725,0.09543208373541158
cars,US,1768,test,False,7060047060.0,2000,2009,2010,2019,10,10,0.3313962876792499,0.08826429437607998,0.004804907485352087,0.015619856613700082,0.9998307679755669,0.022014446045780355,0.8503306855462381,0.0,426.6119156698088,0.09607556466072127,-0.15136077496587275,0.10887752431127529,0.11797674208344869,0.12805913744083933,0.13094496650777374,0.11063850546485951,0.055075498239838434,0.053271195058785956,0.061170314997605106,0.05147605811842876,0.044584678553643835,0.04954735474144791,0.08837802448205358,0.010814949128347994,0.9999876195469625,0.002637932553820156,0.8144084257891205,0.0,594.2327187491072,0.10169183822016065,0.14272290407113494,0.1268216267092078,0.13398086556664165,0.1460720671739803,0.10288255323309357,0.09264459138255984,0.048188290339945004,0.06103712699359047,0.045554702963167125,0.03590177396462116,0.04173984742605155,0.048261322938079,0.11691523130906252,upstream,US,False,7060047060.0,2000,2009,2010,2019,10,10,0.3312581419200989,0.08815671859875537,0.006926672030752826,0.019045252163574136,0.9998836190926651,0.026616288161115737,0.8645801112296795,0.0,426.7274208652793,0.09606378884696118,-0.15158015856918305,0.10919409931545028,0.11799778694873052,0.12800532065359102,0.13085458635201355,0.11039259569869103,0.05500732044563402,0.0533390659850086,0.06112123842627219,0.05142934082520534,0.04460335282518192,0.04964447573571146,0.08841081678850987,0.01211858013282131,0.9999831609063062,0.005140233698994557,0.8230414601601351,0.0,594.3115,0.10167385711300629,0.1429146632297963,0.12662787347018747,0.13428023345677476,0.14567977602704257,0.10281033600304966,0.09230576905497775,0.0481437871430781,0.061076129088300575,0.04546353217126035,0.0358209933902558,0.041775963241288676,0.04857581070604384,0.11743979624774033
cars,US,1776,train,False,7060043090.0,1980,1989,1990,1999,10,10,0.26245458135554395,0.07755052093427692,0.010528831767736231,0.05274874156491627,1.0002222854280094,0.03837658114622805,0.9961640925843691,0.0,15.798914734564008,0.09018467918521887,-0.37217019420130254,0.07354920339940524,0.0935729810428649,0.11579240138511426,0.13505290471350292,0.10389244050515263,0.08113253220922809,0.0735608348620024,0.05815191851687867,0.05604696094109986,0.05257586220109679,0.07482741298778174,0.08184454723587253,0.04221990979718004,1.002537484138153,0.012390189680036048,1.0089140636863145,0.0,20.54044422016128,0.08766042798741168,-0.193389315260063,0.10387072366237043,0.09316706141400474,0.11965028744648963,0.1038593183064838,0.08976415589318511,0.08153323521512462,0.06375333688657987,0.07887188365889639,0.04839021479749555,0.07482630866311885,0.06724750395638981,0.07506597009986114,upstream,US,False,7060043090.0,1980,1989,1990,1999,10,10,0.26192171881059584,0.07821940927571963,0.001705992289080402,0.05738326756807735,1.000075012972582,0.03765112197863283,1.062998817669908,0.0,15.802981922760887,0.0901811568523209,-0.372413863690597,0.07361318683688026,0.09405207269526586,0.11573645467719836,0.13482288853084406,0.10390369554494525,0.08104860509581772,0.07352297368478021,0.058089695860699946,0.05612048400630005,0.05228019418168672,0.07508417251063307,0.08172557637494854,0.05567727527899695,1.0023921969155971,0.015193729616111111,1.1023227574233498,0.0,20.534786907696525,0.08768189298867227,-0.19395213328147068,0.10402151818132481,0.09333462731878503,0.11971288355076616,0.10399850974704637,0.08958339888514068,0.08150218319363392,0.06377087003373118,0.07887700754091098,0.048382055571384336,0.07487395346136687,0.06734772788110181,0.07459526463480808
cars,US,1776,test,False,7060043090.0,2000,2009,2010,2019,10,10,0.4643794450785035,0.06316746820834164,0.03291174898082463,0.03782487161987965,1.001709963261468,0.008825608133221094,1.0538902459924626,0.0,12.751718064961496,0.08587511997871101,-0.04114994771629653,0.09162404078276158,0.07416552938741576,0.10561387114863295,0.1049464011850052,0.08478225397336042,0.09310480237232405,0.07731683875108043,0.06857821785320897,0.07954918762164073,0.05422236812361766,0.07275183980528113,0.09334464899567117,0.07073662060070428,0.9995340973114488,0.02275775507073791,1.0758528412598416,0.0002738225629791895,20.28832216673016,0.08655947309942028,0.19069012332163385,0.09908422682204836,0.08512470360115594,0.08717050032462971,0.10338124031249281,0.10817403532332467,0.08308492402078674,0.0762957875464705,0.06590727140812662,0.05525893973623041,0.06788655996770497,0.067595027180095,0.10103678375693424,upstream,US,False,7060043090.0,2000,2009,2010,2019,10,10,0.4646873079692002,0.06319015266448785,0.03880759200005961,0.04673633933514659,1.0018826471863769,0.01333496089342733,1.1236944660165264,0.0,12.748443835616438,0.08584677724453457,-0.0408919552265411,0.09159231252936163,0.07406744460027569,0.10504955533654174,0.10495355651251123,0.08485040989155378,0.0931940981461718,0.07737978011605821,0.06864519806016614,0.07955530215667472,0.054203897461994825,0.0730852564975967,0.09342318869109353,0.0855439313352062,0.9994797476639187,0.02651636368975822,1.1589259008174109,0.000547645125958379,20.28935815991238,0.08656335250002965,0.19061593847819466,0.09926834024106003,0.08488261885111917,0.08719590563341414,0.1033715034357249,0.10824838492211049,0.08282119201579946,0.07633915210516157,0.06580836435224355,0.05539605685195095,0.06782080117537162,0.06774041976693819,0.10110726064910606
cars,US,1777,test,False,7060047060.0,2000,2009,2010,2019,10,10,0.3027838895399721,0.10054328314348177,0.00042785955883029025,0.28866603465925067,0.9894407430786789,0.12116603221008508,2.1932050876156004,0.0,87.75213303463106,0.12333553164796199,-0.33059639915100614,0.12882836390975153,0.1606746366282617,0.1542348292534238,0.1576830382370027,0.12159094537447943,0.030517127562347462,0.02845996379874059,0.019528219150721098,0.0275707587813598,0.018307693110870094,0.04008222535313084,0.11252219883991105,0.28909389421808096,1.0010166147853112,0.05567706116257391,1.6051813880487409,0.000547645125958379,118.78320913327222,0.11584048976940431,0.2086960620396206,0.13851964978578762,0.1624065766304789,0.13434849770802815,0.1298467015788688,0.06877033043452715,0.032859399193234384,0.044477415783532905,0.02061986121317402,0.028213902537969935,0.036376373703011215,0.05532188274774946,0.14823940868363744,upstream,US,False,7060047060.0,2000,2009,2010,2019,10,10,0.26055905794716305,0.10352681292564661,0.009387659338652654,0.292893701696213,0.9670155365601965,0.10513865145807033,2.2402670086953496,0.00028851702250432774,91.84063012117716,0.1243385087586117,-0.3402609573858626,0.12946752538260095,0.1620435754221675,0.15555076177144517,0.15769546460635428,0.12213065129782887,0.030279606638389345,0.027501163421831634,0.018581003350267845,0.026700763506807862,0.017322975350083977,0.03999966398552921,0.11272684526669333,0.30228136103486564,0.9972588501693934,0.05370141857203429,1.6708936799852785,0.0013743815283122594,119.17748488180317,0.115836557085131,0.20546220942489699,0.13858533369956602,0.1625566817490482,0.13397135750590639,0.12994494815792199,0.0679337590861533,0.032786119279321756,0.0443754007592217,0.020620957710202066,0.028256268358004256,0.03638590550877995,0.05625827422703015,0.1483249939588441
cars,US,182,test,False,7060013550.0,2000,2009,2010,2019,10,9,0.17019184212787805,0.06140719995319915,0.006594945258506596,0.18785658629328353,0.9993560227734105,0.14166097202318761,1.2217035255678654,0.0,91.44361697974449,0.11004661573856006,0.2824122056049349,0.09858132635530893,0.11683357686804446,0.14608913739362533,0.1485304243007392,0.15730114817562002,0.07677862484523565,0.04342873726713908,0.04175330612436081,0.03590699487627653,0.024153294705337214,0.03281338528995507,0.0778300437983577,0.18126164103477693,0.9868752204400374,0.060812554399683035,1.6298687930736628,0.0,108.4093583155646,0.10891344836734601,0.37874193436764225,0.11159671892492881,0.13242346069020003,0.1508160699857721,0.14353491075409427,0.11614251106633978,0.08344273918346554,0.04575555860177558,0.03516351001585239,0.02907178291869523,0.023301586166604066,0.03183705259750397,0.09691409909476827,upstream,US,False,7060013550.0,2000,2009,2010,2019,10,9,0.17088638480639182,0.06156166065212954,0.006048307698756916,0.18876530730899535,0.9992565389036718,0.145612443877413,1.2901298358462165,0.0,91.45852954168967,0.10985886135258247,0.28246451251629984,0.09473036685188375,0.11832837768071228,0.14467638040872163,0.14893267186534687,0.1570194629222381,0.07621322846175112,0.043429404873038646,0.04170095842396354,0.035855511742136664,0.02407237439408906,0.03302344603179311,0.08201781634432509,0.18271699961023843,0.9866844466137314,0.0660280502060109,1.6735122447775446,0.0,108.5023710021322,0.10894568739022976,0.37786984144645236,0.11189949895299243,0.1325439115291388,0.1513243734054567,0.14345694362145123,0.11570097425114555,0.08321865110454442,0.04532808776440802,0.03515653559961003,0.02899273121998448,0.02333768383550794,0.032397896199738575,0.0966427125160217
cars,US,1848,train,False,7060047060.0,1980,1989,1990,1999,10,10,0.08910077893817939,0.0946406403947517,0.06804594553693916,0.545399858814601,0.9002337452631628,-0.08596605111617123,1.7899555816989965,-0.021352313167259787,75.29716575270673,0.10198663748252534,-0.26410765842951206,0.10448417127157958,0.1026469893985702,0.13442039660428293,0.12145129342261235,0.10204957926313832,0.06229314118907042,0.04385028219075568,0.033965047250116856,0.02469395300378257,0.04099671878443378,0.08459101560191805,0.14455741201973932,0.4773539132776618,0.9561130061608042,-0.07848132299153182,1.580042533201372,-0.01095290251916758,82.31417047718541,0.10711521955396082,-0.17207909675642166,0.12694764910250395,0.14390250955644462,0.14597834933691348,0.11723026518362208,0.0903633309443583,0.07525426586903906,0.039015056935142324,0.034417151292787544,0.030644413954465606,0.03173718590967154,0.04209618075123028,0.12241364116382127,upstream,US,False,7060047060.0,1980,1989,1990,1999,10,10,0.08902071712609971,0.09508753509366386,0.059324898087000866,0.5331258872105022,0.8999860367965035,0.018802680509046935,1.859383795520431,-0.1010128661374213,75.30841144264987,0.1019065026598035,-0.26402815843892247,0.1037479142208054,0.10347982420329344,0.13421826109374482,0.1210758524521558,0.10166174698777773,0.0623336335266385,0.043750751790355646,0.033920602730568364,0.024703132708117356,0.04095403623330807,0.08590006630531488,0.14425417774792007,0.4738009891235014,0.9559760863521937,-0.013763383684641313,1.6349959271765329,-0.05941949616648412,82.31987322015335,0.10723091006003478,-0.1720495371084566,0.12737166188301924,0.14347762914280462,0.14625787378707633,0.11822090487672582,0.08880812182656017,0.07527234518213265,0.03872740807781197,0.03438305607586376,0.03072833750593503,0.031633683043847956,0.0422971157874428,0.12282186281077954
cars,US,1848,test,False,7060047060.0,2000,2009,2010,2019,10,10,0.11869253839409577,0.12867041965347054,0.016561263062440656,0.49658658164455693,0.9028173293747714,-0.09717172345015929,1.5928769945415826,0.04379961675335341,71.53830099108534,0.10228204893869772,-0.23797818413790675,0.11841197316114697,0.12771663759690083,0.10961813848152877,0.11275273026579663,0.11819551216566253,0.047501218702384315,0.04297204808949635,0.031248138183119032,0.0443762703635598,0.05033027023051953,0.05213770395425177,0.14473935880563357,0.4800253185821163,0.8672843324591842,-0.008239969020218372,1.846706006503946,0.029299014238773277,63.53179225740909,0.11483906411468948,0.22752760825727825,0.11352158902949588,0.17738949592970568,0.13609782021085978,0.1570642037070143,0.09521914199674265,0.05226874798439499,0.04641092495760265,0.024516474481112476,0.028332302231983256,0.03262439148629288,0.040450590096083226,0.09610431788871232,upstream,US,False,7060047060.0,2000,2009,2010,2019,10,10,0.11882958628233495,0.13027116873518074,0.0027068736991273656,0.5055296456992726,0.9025441341114359,-0.0811316365567866,1.6384685323204355,0.03230221735559814,71.55038707911307,0.10206495407869749,-0.237698614721106,0.11817101747902858,0.12815539371074267,0.10920623938846394,0.11232539951898118,0.11819671632897043,0.047595440830427674,0.0426952972183522,0.031247238148384433,0.044833003845790614,0.05004381774432245,0.05362557247755936,0.14390486330897642,0.5028227720001452,0.8673270929187471,0.04457468625765677,1.9278148450932004,-0.047645125958378984,63.53381790799561,0.1149410641565969,0.22800885839354262,0.11325863174618353,0.17779176627838195,0.13644927213022787,0.15735367245384232,0.0939951286303213,0.05230717676754698,0.04634705177214938,0.02446766379814723,0.028457712254156824,0.032528135495519216,0.0406939361316674,0.09634985254185616
cars,US,1851,train,False,7060043500.0,1980,1989,1990,1999,10,10,0.28198715780940314,0.06488461752793737,0.00042712681135487207,0.1521930882867202,0.9901758087565,-0.21979587846808443,1.0112457566548703,0.11661647960580344,96.07990292562793,0.08911529634844839,-0.37488320712828527,0.10413834008274268,0.10386641721107152,0.11873067513260302,0.10674878012161017,0.0902650621465253,0.06505453669556158,0.06951738575106074,0.055666380854451476,0.04941537582789092,0.06151198173700253,0.07961428065646521,0.09547078378301468,0.15176596147536534,1.0029763871447628,-0.22127638404201835,1.030445226136241,0.0914567360350493,127.37905488058956,0.09170180450344897,-0.060939498330252084,0.11691914492493316,0.11196922133133545,0.1347945593347232,0.10119922707590213,0.07813868457518496,0.0660011331841583,0.046241531355077845,0.07470918325759626,0.04674585167529724,0.06945970720862384,0.07135129390745547,0.08247046216971206,upstream,US,False,7060043500.0,1980,1989,1990,1999,10,10,0.27581010743837625,0.06583385521908391,0.0005166873232309577,0.20251596373084924,0.9805100086443832,-0.18901333402747902,1.0876074182384492,0.2440922991381707,97.01855212677232,0.08939019710028018,-0.35923761559114686,0.10468092090713059,0.10504533593184066,0.1188908602962684,0.10717137201964519,0.09054637931098315,0.0649369767637596,0.06830819685765427,0.05393332049805686,0.04914085544492819,0.061357292317392426,0.0802143399472832,0.09577414970505742,0.2030326510540802,1.000670431472226,-0.23500639466748427,1.1046133712690267,0.20303030303030303,127.83141515151516,0.09189176814390322,-0.05629744716863993,0.11729502025757982,0.11289004504699789,0.13472057077447672,0.101510135690357,0.07786804701199553,0.06571406804886662,0.045523578998740544,0.07454367676494512,0.046112927008330744,0.0695151810406663,0.07165028909664785,0.08265646026039586
cars,US,1851,test,False,7060043500.0,2000,2009,2010,2019,10,10,0.24342705255660116,0.10968092157185547,0.02636668910676765,0.15029361790353898,0.9716803831228912,-0.16349970485518403,1.1602428578372805,0.12181768409526417,84.90372105337285,0.08666155573041594,-0.011453652368025148,0.09143307362618003,0.07645791221501089,0.11683183893631621,0.08886428978842831,0.07363052297523005,0.08199972934893106,0.08204729776214026,0.06584349081689472,0.09851510749303807,0.056969952783571524,0.06455470631147579,0.10285207794278306,0.12392692879677134,0.9777194959779699,-0.1978733532986289,1.0678765364210911,0.09665936473165389,108.30431254509143,0.09124683638475752,0.059006724941523064,0.12021770720457103,0.10910697556334693,0.1016082805068364,0.1041215710138504,0.0856908805004014,0.06338977874417624,0.06806235617630994,0.06534320792627972,0.04305445550571297,0.051068416709721016,0.06902569872534951,0.11931067142344427,upstream,US,False,7060043500.0,2000,2009,2010,2019,9,10,0.1834398241077885,0.11688476782548707,0.0515453378616407,0.21430080920704023,0.9323186574597349,-0.16621168364067435,1.2085975669749012,0.24473104749921357,91.28239163258887,0.08654264632536417,0.106947876072489,0.09112072298359426,0.07286914019150352,0.11247394319966872,0.08640045533716578,0.0740440974620331,0.08391484540800305,0.0842693654182104,0.06391887198781317,0.10167835969531934,0.057931861341568,0.06667223365694784,0.10470610331817283,0.16275547134539953,0.966772450452815,-0.1820165904932864,1.1248084323589818,0.20784313725490194,109.66143221288515,0.09148284433385134,0.06673970104585862,0.12105914850784952,0.10920140391467638,0.09957599748835294,0.10512543096965218,0.08653197625358292,0.06330302149003239,0.06771647063341096,0.06432990251306035,0.04221023417702246,0.05057788344846364,0.07011418667162099,0.1202543439322752
cars,US,1864,train,False,7060047060.0,1980,1989,1990,1999,10,10,0.16835118851636535,0.11126350822261659,0.10431039807225084,0.5072388098280598,0.7984121355646204,-0.08916607482409353,1.9238042886435165,-0.015056118258965233,34.303405258493115,0.0977347634964827,-0.32701551504433857,0.09837465374455397,0.09985557902873099,0.12708127537655742,0.11935320390517579,0.10156971897397347,0.053746996843327864,0.045198359342890494,0.0396092335508638,0.042118699927028255,0.046145806700863344,0.08879009555357122,0.1381563770524633,0.40292841175580896,0.8815860009902294,-0.11800061944328304,1.6030080151167014,-0.009309967141292442,40.593007245206124,0.10380141078491092,0.03111136359737167,0.1287090221288171,0.13267160181077245,0.14799078864108217,0.12108643467211709,0.0771383482791028,0.07176354515312454,0.04264084259504454,0.04706305826591315,0.03976229715958128,0.029712139893942762,0.045815959383336956,0.11564596201716526,upstream,US,False,7060047060.0,1980,1989,1990,1999,10,10,0.16817579737806398,0.11179635656140276,0.10326641425757943,0.5171119998576393,0.7982128344154565,-0.0029729151682983145,2.0735211593800136,-0.09553791404325213,34.30975800711744,0.09765116934343311,-0.3266916241576294,0.098035900141212,0.10131422436575759,0.12592385282069654,0.11922782428895772,0.1013169849993712,0.05366794616981475,0.04513379043787687,0.039709312940048785,0.04237236693199441,0.045973262417708986,0.08919780343564203,0.13812673105091913,0.4138455856000599,0.8814968018972485,-0.05448668400038255,1.7109194508898153,-0.06544359255202628,40.593404435925514,0.10393670241084475,0.03134295336214057,0.12840739772112797,0.13305280353081816,0.14762116817748752,0.12188515940947868,0.07611066935246151,0.07173108996733042,0.0425150336654448,0.04697779848164733,0.03968749124982959,0.029538308783119437,0.04589387180848506,0.11657920785276943
cars,US,1864,test,False,7060047060.0,2000,2009,2010,2019,10,10,0.07224198901153696,0.1190246103825921,0.028776915693680905,0.5031150877157544,0.8220005623622744,-0.14163207304693015,1.794645053659882,0.04900082124281412,31.78658550389396,0.09819635764003813,-0.3687835695944046,0.1117003657737728,0.12682577052030033,0.10393222746966321,0.10947980612092598,0.11013637692350486,0.05856563522808843,0.04511296940511471,0.04493440719888686,0.04970763129461663,0.04378376265631766,0.05506294438468946,0.14075810302411904,0.5318920034094353,0.7907213965445072,-0.09814870334202831,1.9160975788358106,0.055585980284775474,29.571243101933426,0.1065597831261103,0.3045127307254314,0.1069486408481109,0.16469184989022442,0.12313037303062489,0.15348152122112893,0.09242298690899614,0.05498368417207784,0.0579126101465602,0.03638343757947076,0.03181427737834307,0.04894279226637568,0.039418483439490906,0.0898693431185965,upstream,US,False,7060047060.0,2000,2009,2010,2019,10,10,0.0722556040438635,0.11966248118958456,0.021640408255013788,0.5237262413583994,0.8218140344597783,-0.13806094151434548,1.9311187267685368,0.048453326033397214,31.79030906104571,0.09791135779576914,-0.36878833120085536,0.1115027564927474,0.1276424018569052,0.10388664517253633,0.10853678729472821,0.11017874890363169,0.0583913894634581,0.045180737494021676,0.045035822311511424,0.049507448975350456,0.04375604102089073,0.057285628668609555,0.13909559234560914,0.5453666496134132,0.7906274096026344,-0.008622349853748002,2.063627190167201,0.001642935377875132,29.574304490690032,0.10653829589511764,0.3048171016599729,0.10679861629089521,0.1649251851945126,0.12320178368925395,0.15338424870765674,0.09215550043071938,0.05475497697521679,0.05776717007378153,0.0364964479540645,0.03179459797180437,0.04938670636346197,0.03963577363197531,0.08969899271665778
cars,US,1869,train,False,7060047060.0,1980,1989,1990,1999,10,10,0.06527097395585398,0.1015791224965421,0.07874600498598405,0.7065411305347361,0.830080058739058,-0.01074995827819573,2.618865770447003,-0.0637831918970709,63.08551615890453,0.11096172616196566,-0.5319483322856272,0.10608025056363904,0.12054989638505546,0.14668707215208845,0.13730523537269804,0.08165386182677271,0.06125533173233579,0.0389225081455586,0.020974268827722072,0.019535823214933714,0.025834829656181238,0.0867321525123539,0.15446876961066114,0.627795125548752,0.8894841545668335,0.03140382503582397,2.340120534459789,-0.08461117196056955,67.34052293271903,0.1186413005252658,-0.034942810177290035,0.13048671982100038,0.14900856503009258,0.16359056151792575,0.1400721729253746,0.09737754406754237,0.07092892980292155,0.03281446180233012,0.02462054619199632,0.01687351347692826,0.020076746309811627,0.030903267127193247,0.1232469719268831,upstream,US,False,7060047060.0,1980,1989,1990,1999,10,10,0.06498860473045073,0.1021642620794575,0.07464300439402749,0.7289762588151554,0.8297176442509518,0.011219929150989077,2.821258540344044,-0.20832192718313713,63.10200273747604,0.11082736146562758,-0.5318205885471287,0.10582785554720156,0.12243546112660975,0.14518378110715252,0.1370101973516163,0.0815435956164569,0.061267658632873395,0.03875074998389668,0.020965641922357607,0.019865081332820982,0.02570928573074599,0.08724942954718602,0.1541912621010821,0.6543332544211279,0.8894981099506065,0.04205580142962897,2.4705817326229185,-0.1955093099671413,67.3391043263965,0.11894276137100682,-0.03477555296834488,0.1311597878825268,0.14906659848147472,0.16341360335324304,0.14174111721555235,0.09525202316963316,0.07120039231561041,0.03208088694349119,0.024564930965685197,0.016911411273626557,0.01990559957470163,0.03098066187209479,0.12372298695236025
cars,US,1869,test,False,7060047060.0,2000,2009,2010,2019,10,10,0.08521202913273106,0.11676713614997258,0.03782518536965218,0.6560245547725599,0.8431531034336353,0.048724458673171205,2.278080064187224,-0.07281686285245004,56.95804685313242,0.10751051264450187,-0.3350401559936331,0.13061176771931385,0.12787196175094176,0.13259261110104995,0.12285468091768491,0.11197592251040094,0.05223815321269321,0.029303697835558914,0.022795749351466697,0.043364295412377324,0.03643197640286912,0.05296777515171094,0.13699140863393225,0.6181993694029078,0.8694903321661945,0.050690343009916664,2.3243293570030694,-0.021905805038335155,52.305574248753906,0.11813002725658658,0.2489955164784639,0.12553316604694048,0.17330644526784358,0.1349322396821914,0.16842989241685674,0.0858286720092402,0.051205356256688365,0.032219434511543174,0.02403303029173395,0.016113879778954173,0.05569677133937519,0.0348054970484299,0.09789561535020293,upstream,US,False,7060047060.0,2000,2009,2010,2019,10,10,0.08524106225757609,0.11779480783753936,0.03276111453345676,0.6825118324280082,0.84292868767561,0.04971120920327522,2.4015128395264544,-0.16370106761565836,56.96904270462633,0.10725132882940441,-0.3351384113113768,0.13044466982858072,0.12931732682360808,0.1317776417276358,0.12196549681414565,0.11208740054012267,0.0522021043957132,0.029175949691062443,0.0229724614075583,0.04323964365545293,0.03621856993011121,0.05493471072385412,0.13566402446215486,0.6497507178945514,0.8693608695763457,0.05413449007543194,2.4243139261473194,-0.13417305585980283,52.31415306681271,0.118150115898246,0.24945313001844238,0.1255166210945232,0.17342479352154275,0.13523849750355257,0.1681395896589799,0.08536442363772195,0.05097296727448898,0.03218753506748165,0.024100324432779145,0.01609919539563217,0.056131514047324894,0.0345857026338692,0.09823883573210371
cars,US,1879,train,False,7060043160.0,1980,1989,1990,1999,9,10,0.18522695043263213,0.0567653490851715,0.20081661608905782,0.10799138568132878,1.673144781603894,0.27540021730366027,0.8660951806062743,0.001524390243902439,153.9384527303707,0.09438109093963509,-0.33022113553073995,0.1287821729461238,0.1151743653397067,0.13884977403359858,0.10618256966149134,0.07366432297632979,0.06116739884520523,0.06363211164745622,0.05780759471825075,0.04768284231319621,0.048367158838171505,0.06899545697577993,0.08969423170469007,0.3088080017703866,0.8431730982617094,0.23210065188954337,0.8276756385956394,0.0,185.2636258591679,0.09727771646436555,-0.17766021627676448,0.13248331498726715,0.13281685603766838,0.13842947600373873,0.09962452039795984,0.07092570422157911,0.05761193142479228,0.042131398575692654,0.05711281559475062,0.035489305514100254,0.08378887518423793,0.06632931835721087,0.0832564837010022,upstream,US,False,7060043160.0,1980,1989,1990,1999,9,10,0.18160405744286762,0.05930426003306585,0.17395413936421902,0.10243802679092737,1.6849727604958336,0.25559930431159283,0.8821641146106444,0.006828057107386716,154.214034761018,0.09437589724578455,-0.33192951280560656,0.12904960782898614,0.11226539444461194,0.1401337939108628,0.10741793120004077,0.07454784137792321,0.06090990373041957,0.06422661982642729,0.057958027974775755,0.04745994395964141,0.048839645866923936,0.06863100213690446,0.08856028774248274,0.2763921661551464,0.8451597427097488,0.19140824728397124,0.8391890964248194,0.0024704913532802636,184.9241111721109,0.09734214787806358,-0.17594710575434577,0.13276871250538297,0.13328907493456335,0.13834986255469794,0.09992127150103938,0.07083754399021325,0.057961806492879256,0.04226545961638674,0.05746601661439008,0.03544374904139183,0.08340112073364153,0.06549647283775645,0.08279890917765723
cars,US,1879,test,False,7060043160.0,2000,2009,2010,2019,9,10,0.19571819710029362,0.11441308104587287,0.009237677387737286,0.5690889313730689,1.1134521442840235,0.5674484491085543,1.0123680547972618,0.0,122.70922308929022,0.08976910862961981,-0.208838332949999,0.10321511639934498,0.0763346037559717,0.1330619944270554,0.11308459289463596,0.073919381830202,0.08030587496019904,0.06671282351419146,0.06827742268920584,0.073870031765972,0.04875692262267118,0.062010891471510586,0.10045034366903989,0.5783266087608062,0.9625930956797436,0.5192646245218502,0.9588947423297874,0.0,149.23701007238392,0.09271441561160629,0.2042820120892,0.14301495575031467,0.10090477653937698,0.09587237914917815,0.09446047618644192,0.08597077114348552,0.07181567396102116,0.06215900916199253,0.053554188752896345,0.04303793199385668,0.04924750161412967,0.08558041207710651,0.11438192367019982,upstream,US,False,7060043160.0,2000,2009,2010,2019,9,10,0.20116039729120688,0.11762516816224439,0.01896304725337361,0.5557630083151025,1.1158703825518097,0.5458016125545864,1.0255803736257592,0.0,122.44009263222256,0.08969135498708483,-0.21434113963938078,0.10017463028850304,0.07683281759541187,0.13390681493579165,0.11308082775601194,0.0742590397460716,0.0805289856274037,0.06702827359643906,0.06876184494500187,0.07402527785017798,0.048640284514459425,0.06236375473839311,0.10039744840633487,0.5747260555684761,0.9594369540736493,0.5030846992606638,0.9688639781186755,0.0,149.7223034425319,0.09289915155690592,0.19950229344639106,0.14285052395640238,0.10101119889847082,0.09629555039074682,0.09415957679207992,0.08604520050044083,0.07195085466915405,0.06179346421598571,0.05272261239763965,0.04313249831976091,0.04829258427767415,0.08623307932375276,0.11551285625789208
cars,US,1883,test,False,7060043640.0,2000,2009,2010,2019,10,9,0.03258071307375283,0.07708987396576068,0.03332172814162826,0.21750201795834728,0.789273422808907,-0.0974117660963703,1.150895521079422,0.0,23.731133920513138,0.08775454437251859,0.07613428347269248,0.08691901212084892,0.10455632850608676,0.11837951642325321,0.091158215257108,0.10917349852276095,0.08229961378928459,0.08334006283169564,0.06689082422741802,0.06055589179605721,0.05703808968041302,0.06103579965208426,0.07865314719298949,0.25082374609997554,0.7982026396611046,-0.126856984836294,1.4536054831336098,0.0,24.517044428786633,0.08829984547226408,0.2079034219491775,0.08595186144498183,0.07983029489014166,0.13575367987279424,0.09588276908348997,0.09685912151680193,0.0713493294455025,0.062208888572500835,0.065596817627723,0.05484904433073964,0.07760609144116319,0.08062408464341972,0.09348801713074156,upstream,US,False,7060043640.0,2000,2009,2010,2019,9,9,0.029252913344467474,0.07659987420797026,0.029148712317241726,0.23033722735379167,0.7913088569960687,-0.09153974195406134,1.2262906914901688,0.0,23.81479293544458,0.0876250739104897,0.09198504300273494,0.08862022422833127,0.10970104253055134,0.11414292797979947,0.09649887773313603,0.10233915347040923,0.0823024895988609,0.08258096573000795,0.06533991886740681,0.059958663959007674,0.05660482882905001,0.061153775238218,0.08075713183522153,0.2594859396710334,0.797802117301325,-0.12474647669450326,1.5600055857185369,0.0,24.521734649799445,0.08836011285741971,0.20739783349528987,0.08538622148349602,0.07970046709817039,0.13643915587884292,0.09498742383479815,0.09734685934089767,0.07062064921041403,0.062424568991821354,0.06554263355108834,0.05493535308273645,0.07965903265459445,0.07934051716577535,0.09361711770736493
cars,US,191,test,False,7060013550.0,2000,2009,2010,2019,10,10,0.3667282219061986,0.10126064322556437,0.08510538973074469,0.3085108444008708,0.97446402738314,0.383776820943998,1.4092010191278883,0.020595602560534373,16.28431245872095,0.11235081135789618,0.5694904836628231,0.08617331238377335,0.06972843661680515,0.13097566048760154,0.1439695096439209,0.18165046811792598,0.1297237912836269,0.04086140142893342,0.03565207733805499,0.029971182967268348,0.07235427851143174,0.030358733726533124,0.048581147494124524,0.2234054546701261,0.9641237981508696,0.2591245160607209,1.544624116145089,-0.002465753424657534,23.498355510958906,0.11243809424565546,0.54530678628848,0.08242940957604117,0.10898863723028794,0.11717756352685883,0.13994003904390856,0.1535774195760179,0.16178785374122,0.06184383515603011,0.025652070517088787,0.02655738695417576,0.039696755855963065,0.02481393490089156,0.05753509392151631,upstream,US,False,7060013550.0,2000,2009,2010,2019,10,10,0.3640406922380179,0.10079118155245567,0.08335060838573055,0.3272170127162451,0.9717463892383267,0.3821464571383613,1.4222524763695967,0.017197631801522412,16.375920496193967,0.11241375033098974,0.570264627204315,0.08539309110259913,0.07012315833637339,0.13159105930079837,0.14358775933156342,0.18232777639953868,0.1288876256146339,0.04046533904653132,0.03538282173882279,0.029597563173803257,0.0724654857271338,0.030484688146193043,0.04969363208200892,0.24386640433051454,0.9637870173854569,0.258368395998523,1.5603052904287982,-0.004129955947136564,23.567123898678414,0.11262518139816254,0.550891934223308,0.08160425499411804,0.10923731836636737,0.11802746990114958,0.14037440905098678,0.15373563799174522,0.16170731473090838,0.06092710583419554,0.025673586251212292,0.026787017128435068,0.03943728823871883,0.024399399811630928,0.058089197700531864
cars,US,1910,train,False,7060045890.0,1980,1989,1990,1999,10,10,0.23532717716392185,0.0785085857052702,0.05619797966738907,0.13212928002796215,0.9953799930839182,-0.22477778683037056,0.9645202295055885,0.017793594306049824,228.56588303409546,0.09640916766778658,-0.4579026787891701,0.10016372091459327,0.12858286649700776,0.14857891576960394,0.12322017228591703,0.07386596685235404,0.06008419145819753,0.06392844400758332,0.0613635968144105,0.049245252626811564,0.044930146484882576,0.056313060350488886,0.08972366593814946,0.07593130036057308,0.9999744752237426,-0.04925114628057215,1.0928964499959695,0.0065717415115005475,289.20959698120544,0.1012125600244496,-0.06621229982189465,0.1132850649093095,0.14030352592068854,0.1732422257962664,0.08240414320001703,0.06578569511740649,0.04993939045079412,0.06765703002303498,0.0471295298722606,0.04401183569194228,0.055382100931465034,0.06761967476858972,0.0932397833182253,upstream,US,False,7060045890.0,1980,1989,1990,1999,10,10,0.23542787311531466,0.07867861144440366,0.07440015137398188,0.16105925003621818,0.9953726150449902,-0.25157210177219175,0.9949032001084421,0.06827529476281875,228.74237482862625,0.09642349776225097,-0.45716795581182706,0.0997071287043827,0.1291145533753948,0.1488057418420109,0.12269477692607776,0.07391200003453272,0.06019208707418712,0.06401405951382275,0.061364734535192714,0.048980385819678736,0.0448788683702308,0.05666774952203723,0.08966791428245181,0.0866590986622363,0.9999924247027175,-0.051085105541704506,1.123492191555279,0.023581025500411298,289.4620622429394,0.10126366298580446,-0.06522405576412205,0.11381987893106267,0.14033415734197097,0.17326995662361283,0.08199221198245861,0.06541922818148208,0.04995572372776569,0.06768456319266719,0.047097966746350826,0.04400024230720817,0.055210571141030576,0.06804378877244151,0.09317171105194885
cars,US,198,test,False,7060013550.0,2000,2009,2010,2019,10,10,0.16662774726103183,0.064781412049389,0.05712464282956575,0.36013161974906516,1.0146767485806134,-0.3348751066620448,1.0712453342579211,0.03888280394304491,38.06135405837447,0.10351856611228497,0.3904793496656046,0.07740546019428318,0.07525582930534946,0.11327469109555215,0.1319681271952931,0.17192277169656364,0.12766924783305322,0.06211667253189759,0.051309478246740974,0.04688506110175901,0.044442158899171906,0.03626842394568932,0.061482077954646455,0.3030069769194994,0.8803355654819364,-0.1828257068966945,1.2623081834130998,0.0,44.96242699963888,0.10232211745411725,0.39414250834910103,0.08425282068903572,0.10156888018416509,0.11985239468252816,0.12234111256852981,0.14160298433946647,0.14370524316143454,0.0707586089644626,0.04554904035939265,0.0411594522635214,0.03496015189902235,0.03240186760589625,0.061847443282544934,upstream,US,False,7060013550.0,2000,2009,2010,2019,10,10,0.17448926295321507,0.07009306922691283,0.054062561876469684,0.36301238201428054,1.0202278573371562,-0.33752208329442773,1.0815838026735385,0.07842597688497523,37.83752421574023,0.10326348446950602,0.38178405261353715,0.07630151084173495,0.07704017153608649,0.11409401942580102,0.1335701689441887,0.1735814741247705,0.1200713769340935,0.06234653492629754,0.0516443002178819,0.04715545669833587,0.044145883636246386,0.03644800750374017,0.06360109521082319,0.30894982013781086,0.8783123456774691,-0.20490205545468412,1.287266517678686,0.0,45.050792582417586,0.10240929583687608,0.39369606973890753,0.08445922317779471,0.10174957893222902,0.1203231627110023,0.1226586523507944,0.14172383021764473,0.14345578252532237,0.06995893554457779,0.04557304778425158,0.04107512103935676,0.03483697903011,0.03247202325994862,0.06171366342696767
cars,US,204,test,False,7060013550.0,2000,2009,2010,2019,10,9,0.03116346983458007,0.05135467853752835,0.06177761937484205,0.3639947327359355,0.47479977399481016,0.0675385150841319,0.7500946029131652,0.0,40.370174903464296,0.10915138910055429,0.17719979914540104,0.047322014035384025,0.03509828258869145,0.07848607783626288,0.12929625277466436,0.16320893654601426,0.129339504365841,0.12779528925646202,0.11501061187629495,0.08278127329633532,0.04192494241694195,0.020977089944758113,0.02875972506234973,0.30221711336109347,0.5330053811332831,0.0296870799008837,0.8319812066711363,0.0,39.1315011068306,0.11358009335706809,-0.06355362043892655,0.026793958861592953,0.03973517433724362,0.05687781063511695,0.1360316899732393,0.17673748443125722,0.13125884188954104,0.1281188656660593,0.11719021067235641,0.0775961002073066,0.0610567742951366,0.02387654704236287,0.024726541988787005,upstream,US,False,7060013550.0,2000,2009,2010,2019,10,9,0.04382602637277047,0.05097820658021884,0.07119632077836302,0.3778348677466956,0.47252087803381787,0.1131558746872738,0.7563680271967769,-0.0025195968645016797,41.040732642777165,0.109971865368983,0.18115097866955826,0.04698539975754156,0.03570236946132852,0.07882907441455157,0.13058885991757416,0.164014471543126,0.12990547171484107,0.12857227023460024,0.11539395519147233,0.08256751477823664,0.04026287706672099,0.018691424178954433,0.02848631174105244,0.3066385469683326,0.5326143158995614,0.0691938903136868,0.8422087172225778,-0.0006116207951070336,39.28092477064221,0.11380181881788753,-0.06827526552854973,0.026843362681720905,0.039554000983303646,0.05715576992089849,0.13723562348164975,0.1766832473036068,0.13121408758726757,0.12833984893446582,0.11700310623802401,0.07746244911117148,0.06059976944556448,0.023247800614820135,0.02466093369750695
cars,US,292,train,False,7060022240.0,1980,1989,1990,1999,10,10,0.022776526622361383,0.06868115583909801,0.008504030998224443,0.36064989196151126,0.9579478982806757,-0.1448733383301926,1.1541172654240401,0.5130602144624691,5.525519380053255,0.15313173799744248,-0.019351870654317663,0.022373552574364006,0.016313372516500394,0.034680977889325816,0.08811408056064197,0.2307685173876323,0.24758262901599423,0.13263708468905833,0.061581691095596094,0.05814905393550368,0.04448889731942565,0.03863165075461141,0.024678492261346212,0.3691539229597357,0.9856475436662943,-0.1445887105955801,1.2471912987911724,0.4589041095890411,5.652815700248164,0.15749160108785099,0.11404838738007456,0.019934781952448827,0.01962807538359918,0.024768559628359964,0.07154037844030951,0.21344740384220706,0.2678449036726705,0.14618447653853484,0.07062673766090098,0.03571390264504434,0.049181402441454705,0.05347654153104141,0.027652836263428675,upstream,US,False,7060022240.0,1980,1989,1990,1999,10,9,0.014003952298005972,0.07192824317085697,0.005607811668264406,0.3655856199552733,0.9400488003527901,-0.1433428720283776,1.1472904795114751,0.5181584215041464,5.675901344009151,0.15556067205191404,-0.020731567302347313,0.022016938501590054,0.01617552690168443,0.032509301524987086,0.088071734130527,0.23493655253836945,0.2501262681796579,0.13135875846727332,0.061560580487506754,0.05651937537039715,0.04406788439321268,0.03833776512602105,0.024319314378772893,0.3711934316235377,0.9683204009452678,-0.13551205314884707,1.2642107625405337,0.4573977237772993,5.755945555213781,0.15657397208093266,0.13835176760042062,0.019238128533752615,0.0198508179978826,0.025384689090691345,0.0724894200847462,0.20890231111382349,0.26820119236370354,0.14744573690243337,0.07222040318440338,0.03611111007200023,0.046082477460749796,0.05654244666114703,0.027531266534666334
cars,US,292,test,False,7060022240.0,2000,2009,2010,2019,10,10,0.08794884531693617,0.03209206025971073,0.027973989294032386,0.4192605790690127,1.009333085489066,-0.1494290383946415,1.3017454323028421,0.44018614837120174,5.253329663587998,0.15894078154719476,0.008197114842616877,0.024227248800807354,0.01538194467122593,0.028319157191477966,0.08030251748156078,0.22741126992034422,0.26945194872302175,0.12197140927372724,0.05968368082632558,0.04395413420879211,0.047187430915633606,0.058051088835014523,0.02405816915206875,0.4472345683630451,1.0053751111633733,-0.1465823631713038,1.2485591930132585,0.47261774370208104,5.73628014863803,0.1633889225674527,-0.16380925107076305,0.0156692273453466,0.017541537705430557,0.028872082267694006,0.06914828886629829,0.2190561710999702,0.2821839634493431,0.1343923384112127,0.05791625257774686,0.04180745551023588,0.047076826494155136,0.058988644298474696,0.027347211974091862,upstream,US,False,7060022240.0,2000,2009,2010,2019,10,10,0.08674112875690324,0.03180266653667034,0.026937256110944885,0.42200139136783466,1.002258713704002,-0.14887511010661142,1.3181850109091136,0.4484848484848485,5.272876033057852,0.15958092213099168,0.0017319329252691508,0.024296075241346377,0.015378092781081413,0.028526206679644353,0.08133187464930457,0.22962722054863657,0.2692778782625777,0.12098253236324574,0.059167557446132654,0.04245993059756935,0.04732348199162615,0.057765872854161904,0.023863276584673156,0.44893864747877954,1.0054416178797174,-0.14641761787589783,1.25493555738283,0.47501372872048325,5.750674080175728,0.16357688049821537,-0.15868285628016715,0.01561133033374069,0.017523003654276375,0.02909550751040097,0.06975478127220956,0.22026775745077756,0.28212870969212833,0.13311444758165303,0.05760616846245133,0.04194179179624861,0.04722164462251757,0.05863419779120036,0.02710065983239555
cars,US,297,train,False,7060014930.0,1980,1989,1990,1999,10,10,0.1488661524938492,0.042130991812126053,0.040366643027142546,0.33837266673520694,1.0067219379726478,0.03746105841312279,1.0913246450773717,0.0,292.9097254094014,0.15256260053672768,-0.1268245305247382,0.026028867443036785,0.023135545142319,0.03135900139532687,0.06603329877681952,0.22265753119809648,0.2533720241838381,0.14121294104562965,0.07300512681192875,0.052861151743804166,0.043887269697831716,0.03731310208036699,0.029134140481002015,0.3787393097623495,0.9998572492226533,0.07254206603453892,1.0884348879357364,0.0,339.9269051457576,0.15359865439730144,0.10037895702567093,0.02686617359496673,0.02424791529504951,0.030201081591957484,0.06800081767656385,0.19691089219256408,0.2657017484895224,0.16140873843281686,0.07379022150585739,0.04257943653542539,0.038942551902986317,0.0377508747417983,0.03359954804049192,upstream,US,False,7060014930.0,1980,1989,1990,1999,10,10,0.14873159917068418,0.04168965510116619,0.038630993457123675,0.3382001350506419,1.0037409329311346,0.04824644240197638,1.0936720884428819,-0.0002745744096650192,293.45168876990664,0.15279253894880848,-0.1279368752550894,0.026018308928904305,0.023215113555577274,0.03143658196572692,0.06708723557881546,0.2243165168238588,0.2527644458207716,0.14047238683860364,0.07277973197182837,0.05286327341953804,0.042652017959349836,0.037241690645711326,0.029152696491314467,0.37683112850776557,0.9980755178446236,0.07484360739952478,1.0914896123883688,0.0,340.51004334889683,0.15386014951966617,0.10053482441128454,0.026843920560452546,0.024255938959877144,0.03031991926363655,0.0684352794781244,0.19877810521901446,0.2653629336089276,0.1606540248946416,0.07352199191703013,0.042505776442991465,0.03797493414166483,0.03780089275570068,0.033546282757938445
cars,US,300,train,False,7060047060.0,1980,1989,1990,1999,10,10,0.25966180868645716,0.07855364410623686,0.022260620709479984,0.36472893475508983,0.9248164312977717,0.18611336528252076,1.412669512283669,0.0,19.581076267510074,0.15188621306936528,0.09089411315541977,0.031519346205915975,0.0476469644489298,0.08001627368201013,0.11146237520359585,0.25925613867715613,0.22747869901511336,0.06830064884749469,0.028582092875033143,0.03520670474896783,0.04085838329351649,0.0378184327108091,0.031853940291457425,0.3869895554645698,0.9913697911437591,0.37910270709587207,1.3534960386188533,0.0,25.386699927291183,0.15501885096810689,0.11904325511289476,0.027676431273682887,0.04248762085367675,0.07959007220300762,0.0984087156515742,0.2295217212486293,0.26063656953849684,0.10170801929903268,0.02953565654260841,0.019308742542767415,0.030419238380517195,0.045113359780569115,0.03559385268543758,upstream,US,False,7060047060.0,1980,1989,1990,1999,9,10,0.19607636887841212,0.081603040617506,0.042066479775778265,0.3457817146329376,0.9090863343504252,0.15980228774021954,1.434445398065555,0.0,20.957146780303027,0.15212780022646213,-0.020434681401664562,0.02964903685055607,0.04746628450152782,0.08162410122592487,0.11318798532497192,0.26330194216519964,0.22223976443271432,0.0677472085932451,0.028220089754162684,0.034572533859792434,0.04143811021531868,0.038100777468861154,0.03245216560772515,0.3878481944087159,0.9886586436901348,0.38427446792510883,1.3635254995869415,0.0,25.49688001105889,0.15510537501854757,0.11054186884578679,0.027706838314390955,0.0426512744244974,0.07973793516019975,0.09894785112242209,0.230856784344206,0.25978065046474974,0.10065644161767315,0.029251184218466234,0.019216693071186806,0.030519577088882546,0.04516604811541341,0.03550872205791197
cars,US,307,train,False,7060047060.0,1980,1989,1990,1999,10,10,0.030132818080406423,0.031934527368011,0.06647569540875181,0.21519984956162452,0.967676263839532,0.10483318448721454,0.6649491992540103,0.0,277.9940354054043,0.09120777796307745,-0.31883396346775056,0.06646398052125962,0.07239287082192802,0.09434710194076124,0.07630554668302371,0.12087494751886645,0.14714612619322548,0.09583136264996248,0.06458003682075356,0.06978393854739837,0.06595714729373046,0.065458758046396,0.060858182962694594,0.1487241541528727,0.8690073529150101,-0.05683105992690686,0.6325058454492742,0.0,286.4982638180786,0.09388710565850565,0.2704382709154726,0.06220212873852381,0.07016344574606222,0.09448833902809473,0.07902748762489263,0.11700446848898564,0.1577222710870108,0.11001180785385195,0.06889479606188734,0.06418567365282038,0.06277051707902236,0.05773605095380538,0.05579301368504273,upstream,US,False,7060047060.0,1980,1989,1990,1999,10,10,0.03010301068596219,0.03245139580390001,0.06633312323977675,0.21689299886301044,0.9676608381286769,0.10185870551273792,0.6841924026116436,0.0,278.0027476047085,0.09120363074692536,-0.3189887978778445,0.06657168821523,0.07271997501768601,0.09421808953027214,0.07618868624207184,0.12152990564997035,0.1469010201081019,0.09529160378497699,0.06455012940024776,0.0698061496273647,0.0659582406666231,0.06542287441937882,0.06084163733807636,0.1505598756232337,0.868927578929587,-0.06819856362603603,0.6373628624364895,0.0,286.49870262869655,0.09388655696228551,0.2704632044645684,0.06223360826727756,0.07025806212254858,0.0943855767657615,0.07921622551746874,0.11740348281053921,0.15778292377075442,0.1094331466697336,0.0687830521458524,0.06418219197133662,0.06273426809089018,0.05772743760630277,0.05586002426153443
cars,US,307,test,False,7060047060.0,2000,2009,2010,2019,10,10,0.43849067178886214,0.06369121965279678,0.01671227270622458,0.15199896504099472,0.9506526235647658,0.018098670542409684,0.5525309739589966,0.0,195.5944770476321,0.09179831181653081,0.24665719811286435,0.06497223699278565,0.06587714322834672,0.09451749588370671,0.08100065352541004,0.11489119892994339,0.15491886279353534,0.0921130840204302,0.06699671612298048,0.06786860132110695,0.07046115111152272,0.06564127106959468,0.06074158500063711,0.13528669233477014,0.8525667066125187,-0.04178663130627187,0.8625936117527255,0.0,303.24291774384096,0.10119484598830718,-0.10751278826908942,0.05436197950608263,0.05969217425249958,0.09416992003894105,0.0893400864743729,0.15032350998295696,0.1748383384443557,0.08926976683673502,0.06394309985189596,0.058643799092026494,0.060510390191423305,0.05223893599012059,0.0526679993385898,upstream,US,False,7060047060.0,2000,2009,2010,2019,10,10,0.43927609110291593,0.06366820525514835,0.017600841892111113,0.15470541289290046,0.9506250199203561,0.014478403881934063,0.5613694679805465,0.0,195.60167150287438,0.09176881616042486,0.24665542418994735,0.06499296478866434,0.0659440728402227,0.09455687965194985,0.08112230733289699,0.11544179184380349,0.15455649568083013,0.09162422954947859,0.06701406694907344,0.06790573477101697,0.07054112214672448,0.0654685146158965,0.06083181982944254,0.13710457100078935,0.8521034932656533,-0.01865944909984194,0.871338887116348,0.0,303.4923469443683,0.10119613770129272,-0.10610756327323184,0.05448874002857323,0.0596026574623476,0.0945818211050453,0.08934005155914156,0.15139737133008999,0.17402643577035196,0.08862409995798125,0.0639750364382899,0.05868213020124491,0.0605231513131702,0.05221304756065161,0.0525454572731125
cars,US,310,train,False,7060014930.0,1980,1989,1990,1999,10,10,0.0810527166611016,0.019734908752014186,0.025770556068907543,0.024936700515259345,0.9678776923686789,-0.04491548591782021,0.3353311690696251,0.0,2973.6091521835137,0.08732361610935441,-0.19138680676028033,0.09065503097609269,0.07591452047741443,0.0734802742835802,0.07768174539177743,0.11647941312350184,0.11833544520795125,0.09638450118048911,0.08203476301488759,0.06056283092709278,0.06397644785228382,0.06457261238945339,0.0799224151754754,0.05070725658416689,0.9672340229675119,-0.05146951748924735,0.38686476539341386,0.0,3224.6652114948133,0.08885655778013223,0.18937318185970073,0.0821306200254589,0.07564081448233013,0.07463668648099044,0.07697062950245817,0.11576551661332925,0.13325154108439624,0.09960173740364799,0.08247992746988772,0.06036819240897313,0.060306232014267096,0.06261072548414025,0.0762373770301207,upstream,US,False,7060014930.0,1980,1989,1990,1999,10,10,0.08109571904206954,0.019685868931867547,0.024915851539041925,0.0300181119220548,0.9678561554530554,-0.057231240155496875,0.33724043820421745,0.0,2973.606714403067,0.08733027620119278,-0.19140569295751006,0.0907085246054535,0.07584558381652289,0.07342162063291321,0.07796916001726355,0.11696064874435852,0.1180406888324695,0.09627247988786539,0.08181970348735268,0.0604689589159207,0.06408143613958957,0.0646793436124179,0.07973185130787236,0.054933963461096726,0.9672462462848453,-0.06243271602670692,0.38829402975254795,0.0,3224.8012390470976,0.08884539015670485,0.18942780513544485,0.08220858530586268,0.07555266765095317,0.07460484541057782,0.0772025816945573,0.11615588015058154,0.13301014678080564,0.09930593992877607,0.08231942965230893,0.060302389685347124,0.06031994164715039,0.06269166215052714,0.0763259299425522
cars,US,310,test,False,7060014930.0,2000,2009,2010,2019,10,8,0.13797487344417875,0.04117628700151735,0.0015387374063673756,0.05871740866891358,0.9595968986156079,-0.08721306320150307,0.3615389990459634,0.0,2844.2443050097795,0.08963635144228267,0.056729034835018025,0.07627684940527707,0.06149682232624358,0.06635200295957315,0.0787560251686664,0.1215053820048164,0.13461116007958557,0.10208132418586385,0.07955480400824118,0.06534022662140243,0.06368373563149976,0.06590592790395806,0.08443573970487252,0.06025614607528096,0.9642840020766658,-0.05720758641224829,0.43763312525778303,0.0,3265.040880895158,0.09281620448673844,-0.03281633689842512,0.0750005658313254,0.05927885411076323,0.07294191666172785,0.08684277656818465,0.12789982075475995,0.1419443764581425,0.11485329095720782,0.07762093432520689,0.05750337395666965,0.054001116070967047,0.05761816892277162,0.07449480538227347,upstream,US,False,7060014930.0,2000,2009,2010,2019,10,8,0.13803643937266957,0.041248656610442365,0.0032471728048043685,0.06604083258205336,0.9596118164479706,-0.10653177328871712,0.36327505686712036,0.0,2844.128006569942,0.08963966241256206,0.05681954730574254,0.07630486119884362,0.06138959046206972,0.0663915562702597,0.07902436012719924,0.12198524522774853,0.1343821582811471,0.10173127491709592,0.07946997816588044,0.06522000130575195,0.0636806415995622,0.06598640937732661,0.08443392306711499,0.06279365977724899,0.9644269705461281,-0.06174842484078058,0.4386870319627377,0.0,3265.1083897260273,0.09280527411759594,-0.03307312489012888,0.0750198917907118,0.059198437644263836,0.07322568432496619,0.08706314561754373,0.12841782280055378,0.1415754392431801,0.11448115944764913,0.07742266272442187,0.05714910271070196,0.054052232119054196,0.0577092542466225,0.07468516733033108
cars,US,316,test,False,7060014930.0,2000,2009,2010,2019,10,10,0.17478629712459584,0.053469007369446084,0.017212098534905768,0.23929690396615416,1.0317622037728411,0.0036920322162386932,0.9198160396699597,0.0,278.8279208775198,0.1322553012936673,0.1346365593749024,0.04114909860887229,0.03990132311105581,0.046224395299053055,0.09888126141089691,0.21321685440267663,0.22007926311144407,0.11020056955477071,0.06378300627741175,0.04181881786113934,0.040128266561533656,0.04429232116160725,0.040324822639538495,0.2220848054312484,1.0680520771135218,0.05756425509425292,0.9638042192880842,0.0,332.0817314269132,0.13522194683771405,-0.17173900843701173,0.037015145894538026,0.04080745101513697,0.06341946023509759,0.12430982846352794,0.223156101879366,0.2101919329112681,0.10437387514579224,0.04633539792809753,0.035229431436800726,0.03561215518233278,0.04278038385362402,0.03676883605441808,upstream,US,False,7060014930.0,2000,2009,2010,2019,10,10,0.17479441770946236,0.05328078944883566,0.017315637591553135,0.23956559273349093,1.0317670481495687,0.0036137046771952796,0.9215216031102572,0.0,278.8274333424583,0.1322950548554775,0.13459391462253445,0.041201993510397064,0.039876360765548964,0.04636324515585542,0.09961882982775468,0.21419112791701928,0.2193394141565115,0.10938681215023753,0.0636122402126977,0.041694661265043835,0.04012005855965116,0.04429918217584713,0.040296074303435826,0.2222499551419378,1.0680610574462732,0.0573334118609877,0.9650198015913738,0.0,332.08384748083245,0.13526051671181588,-0.17173438129078356,0.037041300645864896,0.040900832284707235,0.0637747384446599,0.12496097168732322,0.22369381069832364,0.20971760412080243,0.10341691679298677,0.04616244981300914,0.03522012959469038,0.035663777529905044,0.04275535260488023,0.03669211578284718
cars,US,319,train,False,7060047060.0,1980,1989,1990,1999,10,10,0.1176087844577858,0.054916309716660394,0.04686018962264832,0.21245137045040396,0.9898627189061171,-0.09954730557974689,1.4076001024250282,0.0,20.8993602376645,0.17878306142169006,-0.04566855677082315,0.026501987768047026,0.023114903099803016,0.03007057440049988,0.07359369468627382,0.28312678288882126,0.26989933905984453,0.10413061374002731,0.047589606096518175,0.039971330702441986,0.03869406079063113,0.034195180416808114,0.029111926350283625,0.16559118082775565,0.9994942326125438,-0.0714456114444991,1.483548417447879,0.0,23.507683668408813,0.19205598935930623,-0.020688401309536458,0.021356998086727794,0.021234725313622735,0.02639791084614287,0.08072330464982516,0.26851761136479557,0.3044562434728385,0.11736040908014236,0.04577963853890709,0.029706091382016825,0.02693594451701073,0.03081349702422987,0.026717625723740313,upstream,US,False,7060047060.0,1980,1989,1990,1999,10,10,0.11721854993235922,0.05461016218065893,0.04707446484593292,0.2114716547118516,0.9897029210552432,-0.09331518269813532,1.4183089272842935,0.0,20.907637359627504,0.17891749357377806,-0.046036701874676456,0.026476284733899742,0.023161815219326743,0.030149926800432172,0.07473879455523914,0.2849528722433045,0.26838039366684613,0.10309174506533046,0.04720493091237297,0.03995680339913452,0.038678195227423814,0.03410877679010385,0.029099461386586055,0.16439718986591867,0.9994739929048564,-0.060362895973424896,1.4934498729666508,0.0,23.50781845564074,0.1920983653121644,-0.020621518120367856,0.021331918502609994,0.021247632499233872,0.02649236283894409,0.08160193213898109,0.27045377331465764,0.3030688223988493,0.1161503409302442,0.04561276384556311,0.029576268425434607,0.026971509432210643,0.030847489124502202,0.02664518654876923
cars,US,319,test,False,7060047060.0,2000,2009,2010,2019,10,10,0.17995685049348936,0.01993922604952658,0.01726508908540808,0.25446752643635245,0.9932432025563718,-0.10288107366763169,1.4737484826372802,0.0,17.577982054396426,0.2044473064840004,0.1164946098838401,0.020393959113877657,0.016875969945464163,0.02629883098132005,0.08398811803237181,0.303008349034085,0.2986136855629349,0.10129956124575654,0.04408040566884243,0.029562972772675913,0.026052711321087368,0.027919862275085187,0.02190557404649889,0.23720243735094437,0.999157377595217,-0.07959130006901208,1.5590582381519715,0.0,21.043757276834608,0.20614023016082322,-0.06818944877750532,0.01894246907900155,0.017470138597723565,0.03137410835641819,0.09355357457669335,0.30771267251193263,0.2951094155921224,0.10067558393474137,0.038055008992155824,0.02478165717613498,0.024920287628273474,0.026897549235060554,0.020507534319742244,upstream,US,False,7060047060.0,2000,2009,2010,2019,10,10,0.17994051587377471,0.019160931030363114,0.015770863968425086,0.25458913624304513,0.9932228042484086,-0.10244558868769583,1.4786375025489082,0.0,17.578111689022723,0.20462196658598178,0.11645867247664725,0.02039752422108961,0.016864399180463,0.02648166545875668,0.0849446127925626,0.305281535428692,0.2967478530229203,0.10008834369922455,0.04387994538537946,0.02950148196212839,0.02604416730223528,0.027910538518136296,0.021857933028411984,0.23881827227462005,0.999162276283494,-0.08028581186586067,1.5660539386338308,0.0,21.043568729463306,0.2062914544403934,-0.06819831522129098,0.018949823146998536,0.017467983840390184,0.03162820816921676,0.09448213196339784,0.30915481991783256,0.29397458433685925,0.09946524782276088,0.03786961419804031,0.024733734175066534,0.024981759210175654,0.026862590786421014,0.020429502432840498
cars,US,355,train,False,7060047060.0,1980,1989,1990,1999,10,10,0.11641632455468075,0.07861304282684722,0.02196178370223653,0.14694369268442994,1.0029631207953422,0.10568860911165946,0.6293490541262613,0.0,88.94604075451187,0.09388112066303132,-0.28149185134302607,0.05904428376003898,0.058952934319149546,0.07428797097357874,0.06466785163025648,0.10676394674855336,0.16391709280105626,0.11415111154500761,0.07188410110735069,0.07695533656123861,0.08066587466728539,0.06890902418620524,0.05980047170027913,0.12498190898219341,0.9933267177934023,0.10832506121312967,0.773160866930241,0.0,99.92763027725526,0.10638775844015284,0.40080741368096906,0.04464372283197421,0.04757021070305234,0.0672576114872282,0.0722853772877421,0.12072903405473147,0.19668893894076672,0.13517309068339553,0.07512070569243569,0.07622107760356431,0.07054190940429853,0.05034995815980652,0.0434183631510042,upstream,US,False,7060047060.0,1980,1989,1990,1999,10,10,0.1164538240875063,0.07858218165214177,0.022721975474067735,0.14977916369002248,1.0029469852274522,0.11166345087202181,0.6385714069787783,0.0,88.94584505885574,0.09388912692568778,-0.28168518194905073,0.059064449419439,0.059156496927180405,0.07418149520582923,0.06466713512368548,0.10741314458353969,0.16400359102232356,0.11354105629691806,0.07170560560212189,0.07715905726855662,0.08058601417339573,0.06882688350566153,0.0596950708713489,0.12705718821595474,0.9933559929268724,0.11235835004792516,0.7786240772233235,0.0,99.93115772179627,0.1063767136158163,0.4009110333803799,0.0446003040844756,0.04766085024556939,0.06740965387705516,0.07239925805658962,0.121378496743218,0.19673867870945155,0.13451220970335692,0.07488407106811441,0.07634832389048729,0.07029309564009056,0.050292188005396546,0.043482869976195125
cars,US,355,test,False,7060047060.0,2000,2009,2010,2019,10,10,0.5993540131911596,0.09554907069520659,0.02891223920059821,0.15163693108827428,0.9995188347807233,0.1481901996696605,0.8536635005720736,0.0,62.18596115358828,0.10202997310561678,0.3956750792853766,0.05094869578831833,0.05002744122828381,0.06538503345875334,0.06037440556389493,0.12297863943469645,0.19342877801735578,0.102344091958007,0.06680138284718076,0.08536802001045994,0.08630239974023692,0.06382738278143009,0.05221372917138261,0.12272469188767607,1.000765417360952,0.11254180157603419,0.8866982559084782,0.0,113.23703567505197,0.11689853801205446,0.24506515803274426,0.04336414165096088,0.04612968007129218,0.06411173855294255,0.08143406450361514,0.14682933537841653,0.22593224898100306,0.12047933680612612,0.058146083352975886,0.05925031794523047,0.06227316035311428,0.049394625636046685,0.042655266768276315,upstream,US,False,7060047060.0,2000,2009,2010,2019,10,10,0.5994710094754171,0.09553386739328837,0.027749708237438248,0.1511515807310599,0.9995220205006132,0.14113268898789597,0.8574402415713098,0.0,62.184034492198194,0.10205108863556892,0.3957754909224273,0.050958098916386405,0.05016915562284727,0.06541180066526127,0.06033180089523307,0.12395058303796443,0.1933313872013064,0.10148421269507953,0.06688066194972653,0.08545801707477287,0.08617478602298614,0.06367917175353831,0.05217032416489793,0.12340187249362164,1.000695178510627,0.11207383068041558,0.8885639985166223,0.0,113.24677601314349,0.11686813524352381,0.245079431617436,0.04343359564000751,0.04615166841899558,0.06428304396045251,0.08163922449637012,0.14792078033813205,0.2255896822519913,0.11948216413637823,0.05806718912515748,0.05930151240967993,0.062232964926361774,0.04934851997870888,0.042549654317764585
cars,US,361,test,False,7060014930.0,2000,2009,2010,2019,10,9,0.2418776097023461,0.06973195249300046,0.00813555724037493,0.1131674530361099,0.9880187597221117,-0.08562998640159589,1.3497599897375814,0.0,3.285015508633676,0.12955281896047335,0.26010313139167457,0.06702509977830996,0.08855880145808404,0.16166038165269073,0.13671201049883533,0.18197434242736288,0.17942464461974478,0.024497565702371847,0.014125400371725811,0.01902508065250507,0.025618901158584537,0.0426573639362319,0.058720407743553034,0.10503189579573496,0.97424440422711,-0.06863377531197527,1.5286782185351593,0.003346516580468512,4.183921575464169,0.133232509914059,-0.3601908309306971,0.05554381947548089,0.09304662139006417,0.1285577671380458,0.13598255501325798,0.18796068430371504,0.20994549010544186,0.05172405368669839,0.01563585758637043,0.016461880141179455,0.024677553346351737,0.03649020087365908,0.04397351693973526,upstream,US,False,7060014930.0,2000,2009,2010,2019,9,9,0.19550429577404058,0.06705425245544613,0.00928333836770634,0.11765121509929247,0.9736586878905595,-0.10436724437404776,1.3048215825324303,0.0,3.503972938955318,0.1315849842097702,0.34774766900659726,0.0667809784559934,0.08723784365602795,0.15918063340130137,0.14054935034635682,0.192960862730124,0.1752891126192636,0.023721881464050607,0.014694997838469072,0.019704774567680345,0.02391863735366112,0.0402738921009021,0.05568703546616957,0.10836787673158613,0.9648547246854878,-0.07590542832104272,1.5191631484847798,0.0027993779160186624,4.2605648522550545,0.13363076271944424,-0.33574926536038596,0.05598458896359072,0.09378016013764633,0.1294757461754938,0.13618839812418365,0.1895545213523189,0.20894352021899126,0.04915585926880073,0.015114709634803351,0.016326736515781173,0.024922476126676887,0.03671648616455474,0.043836797317158574
cars,US,362,train,False,7060047060.0,1980,1989,1990,1999,10,10,0.15679931119543355,0.05096717260092145,0.10938783542079805,0.18660787035216692,1.021844975352698,-0.14456302422795858,0.8086162775109564,0.0,11.836071792709586,0.09050239045067564,-0.6450683551935997,0.05539877172036385,0.04706406037878955,0.06285844796042166,0.0714092071387425,0.1123781741709763,0.13561674399380697,0.1089874400150964,0.08387440085222922,0.08370660541241251,0.08979857859405826,0.08064394904041863,0.06826362072268416,0.29599570577296497,0.966560709590321,-0.31080807791153775,0.7130896536856305,0.0,10.118369041323396,0.09106725965464879,0.8441235289907152,0.05758892824330925,0.05351957330449711,0.07324246233663531,0.07585609440861843,0.08669008856485437,0.14862638906987216,0.1202463772305593,0.07884173737635675,0.0722259690052517,0.08146137614304173,0.08386596825506945,0.06783503606193445,upstream,US,False,7060047060.0,1980,1989,1990,1999,10,10,0.15677277546101173,0.05111393922751673,0.10742652110406684,0.18301344895435032,1.0218105911332611,-0.13139483923625495,0.8132636470747033,0.0,11.836081303038599,0.09050549535626572,-0.6457310231235274,0.05537608177956923,0.047061668301639756,0.06291118956463536,0.07162706285015417,0.11284189160700836,0.13543195033073946,0.10889806591337252,0.08365630942148088,0.08380310429409116,0.08978549839195202,0.08051709170377687,0.06809008584158019,0.29043997005841715,0.966589771401705,-0.28977198081448435,0.7213003444342873,0.0,10.118645673603506,0.09106822231089366,0.8441850801044347,0.057497770022883476,0.05355481976789403,0.07363982220367148,0.07568811051052715,0.08698031087566915,0.14873412908738257,0.1199977192831578,0.07858216915655745,0.0723031348707371,0.08153871208342076,0.08382467879588758,0.06765862334221139
cars,US,362,test,False,7060047060.0,2000,2009,2010,2019,10,10,0.3432245866090692,0.06165612687664964,0.29703134129708264,0.6834958479568398,0.9909066992495372,-0.3962494960994228,0.4910932181647418,0.0,5.499796689002885,0.08519387427349721,0.18205870732214594,0.07817325613113972,0.07106262737292816,0.07824118231157606,0.07015501258262913,0.06332114467820399,0.10557502725294358,0.0980812330810796,0.07806528774379902,0.07908958960000394,0.09437842948815144,0.09719888895648461,0.08665832080106084,0.3864645066597572,1.016239058687711,-0.44939944362865886,0.5735025670072189,0.0,7.75188246460149,0.08696380800343341,-0.0945276061464143,0.06765717850003562,0.06083164936459504,0.07622512558945475,0.08124688008832172,0.08651460914966294,0.13068696104345814,0.1003400941900631,0.07130309713699105,0.07657996611866705,0.08793712515654653,0.08545456536916908,0.07522274829303498,upstream,US,False,7060047060.0,2000,2009,2010,2019,10,10,0.3432662792571804,0.061412053442638274,0.2980098587408727,0.6821706073259356,0.9909649235285616,-0.3948011288631446,0.4966123390190456,0.0,5.499477689570217,0.08519503921383575,0.18235183282180123,0.07809123251482658,0.07109044325041543,0.07816764023878633,0.07013925419689956,0.06349317596892957,0.1056692440543342,0.09805455481624514,0.07790163184996489,0.07914934260486724,0.09450684712760717,0.0971966478960847,0.08653998548103914,0.3841607485850629,1.016205281261042,-0.4438994196029427,0.5770570122826065,0.0,7.751756024096386,0.08695259213916649,-0.09444942972866043,0.06761902834226907,0.06082234908932941,0.07634902214327088,0.0812133405945224,0.0869107388415295,0.1306414230489343,0.10000277999406064,0.0712766810106589,0.07665259608173437,0.08804707466029058,0.08533794042285513,0.07512702577054496
cars,US,364,test,False,7060047060.0,2000,2009,2010,2019,10,9,0.05489612765421153,0.02013247723496428,0.02335866840699466,0.1383190194230687,0.9971944658293135,0.038659068828214856,0.4906567314972369,0.0,26.726372310152065,0.09494241416566929,0.0437506346403076,0.07018529809931992,0.06275778322476186,0.07130005141421314,0.08697563233189357,0.16719244667696068,0.13172052985174307,0.07517804609533012,0.06368139068975441,0.06147850395267602,0.07131095371663784,0.06821090736495472,0.07000845658175461,0.16167768783006337,1.0028053509791346,0.04613494152534048,0.5464731387215753,0.0,28.23456488580398,0.09613587809707276,-0.024142283281971544,0.06582225238582175,0.05972111201033977,0.06925012114186051,0.08674803320757594,0.16405314604883192,0.14418826294298617,0.0792819784955993,0.06512708672239438,0.06359361966348813,0.06957950339565067,0.06498027953654731,0.06765460444890428,upstream,US,False,7060047060.0,2000,2009,2010,2019,10,9,0.05505313116801382,0.01993849257730614,0.02395105913346074,0.13855064487215552,0.9972772028037741,0.04041546708211113,0.49717907508164577,0.0,26.722442618460697,0.09500157062492631,0.04412619235005555,0.07018082905026564,0.06284484799552063,0.0709779600469593,0.08736993796807783,0.16783928249990024,0.13110814912416446,0.07500557738529595,0.06373974082434278,0.061489496732378926,0.07111418907933713,0.06826269639514673,0.07006729289861044,0.16250170400561625,1.0028005255024572,0.04865618877712616,0.5492106704999244,0.0,28.2348460602373,0.09616145989015991,-0.02414244054741169,0.06581923988205363,0.05969028145318473,0.0693112902765786,0.08705200316968574,0.16464499874304933,0.14356799799206832,0.07897437524175599,0.06512584015037765,0.06361324325928626,0.06962541211048766,0.06492222610395432,0.06765309161751776
cars,US,368,test,False,7060047060.0,2000,2009,2010,2019,10,8,0.09744052654240949,0.09127810383945294,0.030524263501489513,0.379082216342184,0.9545358404593625,-0.15354635811678063,1.3718798253165199,0.22587779928117224,3.3110521554235324,0.16782114069095191,0.5802960026809804,0.02402698932172861,0.02418257381549081,0.03330306103974242,0.25279948074469166,0.2433291034640968,0.17804565415980309,0.052170044758022754,0.029522954636145543,0.02789536488164428,0.052812787094891886,0.05138723664711526,0.030524749436626777,0.4096064798436735,0.984116125615725,-0.12995816051899992,1.2357714325376161,0.049623545516769334,3.6499246996547927,0.13616636849124705,-0.07038066934410617,0.025205956482517732,0.03008194742379085,0.0796586588746241,0.20023077703384415,0.20461970333549145,0.1795151564691666,0.06330845970795809,0.03639784842594818,0.03496314617098858,0.05865753014693354,0.05554371977208075,0.03181709615665598,upstream,US,False,7060047060.0,2000,2009,2010,2019,8,8,0.11709289505406535,0.10968629937399202,0.017968771834715624,0.3949308315381802,0.911926474200773,-0.15163126408749797,1.413611695313501,0.28122843340234643,3.264498274672188,0.17457524262493485,0.6372727601537682,0.022552681058834425,0.021227066261502014,0.031053485877514504,0.24324476593031502,0.25868145035640766,0.1921442762741483,0.056228328349109076,0.02510962404164847,0.028874746366900076,0.04346211136897818,0.04696646567692502,0.030454998437717352,0.41289960337289583,0.9745646643207645,-0.13950851611997944,1.2352239858120735,0.05163511187607573,3.6700268502581754,0.1362459674568886,-0.07151066518345782,0.02523311136181757,0.030157498601500656,0.08049803459724156,0.20074749836513456,0.20477153717119317,0.1788651576505511,0.06268531757659479,0.036072935070236366,0.035026546162484046,0.059015827898476626,0.05524503846951833,0.03168149707525108
cars,US,372,train,False,7060014930.0,1980,1989,1990,1999,10,10,0.14698634550858897,0.058909967951784534,0.04697326059809176,0.22511329529632335,0.9815658587301822,-0.09561130098085047,1.4670715950058968,0.0,2.998163714880804,0.16853858419834408,-0.5003629663685258,0.043883180940611465,0.07086981174463378,0.21284755435776628,0.28274067996339364,0.16736778865470336,0.056470909743129336,0.026930043787961405,0.015764186776119533,0.01654967033407756,0.02725130699821403,0.0378558923618042,0.041468974337585236,0.2720865558944151,0.9988573904206764,-0.06291052772398442,1.5722164179680609,0.0,2.58833202048079,0.15890350647858248,0.7369083802520816,0.07012874626092801,0.08942722908380799,0.2164963973792464,0.25777759922116106,0.1579597716759588,0.04817565150318823,0.019147503990204713,0.015119330357004754,0.012796078644171375,0.023188682914125392,0.03902198715321493,0.05076102181698813,upstream,US,False,7060014930.0,1980,1989,1990,1999,9,9,0.14718905212581151,0.06114801672451518,0.034317257339743584,0.21078641615956703,0.9706126563864225,-0.09659503120040323,1.4251845340990292,0.0,3.2537905531385953,0.17045989684791618,-0.379367227850349,0.042480644556838525,0.07062499558291147,0.21393654940673487,0.2842106610275647,0.17032914138102348,0.056411043466252205,0.026330049820938395,0.014773513666424147,0.015725885705040868,0.027789837888553368,0.03744898382132691,0.03993869367639101,0.24510367349931061,0.9756503959297824,-0.0612438164360603,1.537854776627401,-0.00031113876789047915,2.8084467952706906,0.16202807489428905,0.6260449859421217,0.06908774179767942,0.09050249336719568,0.21811822455770594,0.26139907302488224,0.16067926917951755,0.04798928647554914,0.018182658147015824,0.013181853835017217,0.011044555339545962,0.02194542022975405,0.03802069231099887,0.04984873173513806
cars,US,372,test,False,7060014930.0,2000,2009,2010,2019,10,10,0.10545302799749741,0.06453535337821517,0.022410072783985047,0.3273465216358815,0.9885634618052884,-0.0392042197071523,1.713041321024961,0.0010967918837400603,1.9821420733226949,0.19391939302334138,0.2244651197683884,0.05341377268544881,0.0563146401499432,0.18881454706945097,0.34135178781392145,0.17068112667246185,0.045646119457476,0.011343431062767284,0.012227831030100108,0.013326189179156215,0.02320320823828169,0.03935743148233218,0.04431991515866035,0.30493644885189647,0.9853750745638944,-0.024135479314793182,1.7503219858907608,0.0,2.202583838228705,0.18241127497589835,0.07527549835328637,0.04751333611494506,0.07526308746847667,0.22097586554263887,0.30917122773323485,0.14996875747191776,0.058460516255479864,0.011954621851257174,0.012016486582630551,0.012665156036439104,0.02166474278464899,0.03709480191131658,0.0432514002470145,upstream,US,False,7060014930.0,2000,2009,2010,2019,10,10,0.10441058935336552,0.06547758098196566,0.021352779540891986,0.3156344414759076,0.9517730268048399,-0.045764804212659105,1.6922712238093958,0.0011344299489506522,2.0430547362450366,0.19530849694502578,0.22020785898382497,0.05362022962568008,0.0569379179992368,0.19150960512428772,0.34239349144501435,0.16967421827141219,0.04479628907532417,0.009929327685026718,0.010720575539808028,0.01282279615609016,0.023316686126273998,0.0395816880814891,0.04469717487035683,0.2942816619350156,0.9607582437847437,-0.0291017422961171,1.7340400227227466,-0.00028392958546280523,2.267905451448041,0.18349825896057143,0.07465325291562025,0.047850389411639056,0.07596684996412546,0.22464599027262755,0.3084833258905125,0.14965002466960195,0.05728968898273478,0.009587655208478478,0.011539439501134448,0.012405035177813306,0.021864491084452164,0.037361332862100735,0.043355776974779416
cars,US,373,train,False,7060047060.0,1980,1989,1990,1999,10,10,0.1335153005611856,0.026381201279696814,0.10799476899552912,0.3254509700098153,1.001009866367106,-0.05751728279607177,1.5222689419151105,0.0,32.37823907530836,0.2014887742536037,-0.26064108238588907,0.017546214652809266,0.016369808480194255,0.02223087033125174,0.053943526063740456,0.17252677160014895,0.35074684767104075,0.1946200811402286,0.05888010434508195,0.03650333268222858,0.03234502083531307,0.02503819572779732,0.019249226470164926,0.43344573900534444,0.969980293794721,-0.05025524027501616,1.555858578797818,0.0,37.00310633923044,0.21307330233849486,0.4012308187960502,0.017583324602559538,0.014771437797579333,0.02231109742470518,0.04520749548201812,0.17835849581601265,0.36131605491177193,0.20448301392012688,0.05797593729186058,0.029477338213290072,0.02615809783379286,0.024230646362199692,0.018127060344083134,upstream,US,False,7060047060.0,1980,1989,1990,1999,10,10,0.13345507459941144,0.02645440643140376,0.1052847165153773,0.32487999600198836,1.0010197506961016,-0.04807261910666744,1.5336574935183294,0.0,32.380178757185874,0.20153509331005173,-0.2607300488085395,0.017521711349657604,0.016376762818530698,0.0223444276560555,0.054460787702439485,0.17442177034540696,0.35105551564857546,0.1925189825542494,0.058313015773718266,0.036516173300485046,0.03225468721072201,0.024972330974109246,0.01924383466605044,0.43016471251736565,0.970028164587431,-0.038599474463005025,1.5619156403524188,0.0,37.00309446878423,0.21314453467308775,0.4012569077006316,0.017509288709099038,0.014774947665229235,0.022409274094856976,0.045609636818731765,0.1799696217052863,0.36160154037026937,0.20281466646527835,0.05739913954829611,0.029440146065164718,0.026166782282891425,0.024134056577858953,0.018170899697037713
cars,US,373,test,False,7060047060.0,2000,2009,2010,2019,10,10,0.39661921310835274,0.04376747875478948,0.09793222779004324,0.4735180279084399,1.0026884827338935,-0.06556502658954107,1.6119896931454147,0.0,29.056903745244128,0.2098499237211466,0.29081802620861474,0.01735259016664094,0.01581352614072899,0.022622429379667255,0.04915356922280036,0.22770041916166797,0.3470231059181337,0.17138682826615986,0.042260584766304544,0.02808032802123307,0.03242863137641762,0.027129598303868397,0.019048389276377104,0.37558580011839665,0.9993582480275633,-0.002843265183758352,1.5507931997553892,0.0,43.20150439536803,0.21349991592543363,0.15348326057931405,0.01570474005033183,0.013178358778631723,0.024101179457436134,0.05461098474970809,0.1953836529962853,0.35906384714739065,0.19476583541486014,0.04367214953846033,0.026389557690362792,0.030912004506938102,0.025023465113300523,0.017194224556294508,upstream,US,False,7060047060.0,2000,2009,2010,2019,10,10,0.39669686816653643,0.04464557420967538,0.0951235823515067,0.47070628348938015,1.0027284362372992,-0.05691084348364827,1.617320125706879,0.0,29.06300273822563,0.20992880123555088,0.2902769510032294,0.01732066282031881,0.015859010308514516,0.02269291910916879,0.049665131515561727,0.23033701587571498,0.3464898358917081,0.16907061052523598,0.04206612506654775,0.0280119899656001,0.03251809157365058,0.02700064706273298,0.018967960285245774,0.37558270113787345,0.9991703451919351,0.00326283692874185,1.5560598982051919,0.0,43.213927964941114,0.21363365714450325,0.15303367594360048,0.015679498525394398,0.013189298156513712,0.024284088389161032,0.05496710609275033,0.19711166571998587,0.35948971735535906,0.1925314638717111,0.04335782060891623,0.02639103815620479,0.030950140210318874,0.024909970778401326,0.01713819213528339
cars,US,384,train,False,7060014930.0,1980,1989,1990,1999,10,10,0.0820798215108054,0.03362671560563456,0.1160161229767546,0.21376127474572473,0.9844603022885828,-0.06699777672621945,1.3558331047798218,0.0,41.36990512376168,0.1781689683987987,-0.13120490496867215,0.03282067251268437,0.029063819627764022,0.03182508839359816,0.062404972242868194,0.241675717215552,0.30148221880328596,0.12556012893593857,0.04539975312279073,0.03404145954909476,0.030967097170118734,0.03224816458856276,0.032510907837741805,0.3297773977224793,0.9908149194916978,-0.029998025945657033,1.4380799101011215,0.0,44.908788412960135,0.19006635438328348,0.5223178108037261,0.03295372855494994,0.025940560258942154,0.028561054502525246,0.05971274010866573,0.2609109203967752,0.3108986357656746,0.11536070765331247,0.04980591203710445,0.03447734005453819,0.02565493372119499,0.02619717762002172,0.029526289326295398,upstream,US,False,7060014930.0,1980,1989,1990,1999,10,10,0.076889332853989,0.03297550466055398,0.1233757186488263,0.19942395741363522,0.9807258469011121,-0.04500999272635186,1.3601219969831038,0.0,41.76850263962211,0.1796912341342724,-0.1290450808123488,0.03242296461168384,0.028589313458844773,0.03167857666318769,0.06296609354138616,0.2450071109671089,0.30187888906531424,0.12491194984866141,0.04486492688191169,0.03284812388392947,0.030332072661231023,0.032330770933594405,0.03216920748314645,0.3227996760624615,0.987094217248415,-0.006185327275582321,1.4430014490040224,0.0,45.106748207391064,0.19094894860167294,0.5175084090464609,0.03287709930776517,0.025889911245597093,0.028669430362560477,0.06046130601667849,0.26382851724984135,0.3103071442298834,0.11443443022325131,0.04901805253064298,0.033966706752369104,0.025158178886172135,0.02602443921271296,0.02936478398252539
cars,US,384,test,False,7060014930.0,2000,2009,2010,2019,10,10,0.14042032076102878,0.04966070056421221,0.021183975561571367,0.28816864438865275,0.9959838902854723,-0.03730646609108042,1.3558482183973681,0.0,35.82779269604693,0.18490371047487314,0.14251203905567922,0.03586324871145824,0.030537978052480822,0.03365152443395153,0.07216695149174468,0.3053734260513455,0.26253604847984463,0.09189606036313312,0.041269428436029015,0.03140885895891083,0.031002338936928706,0.03077072372766616,0.03352341235650689,0.3093526199502241,1.0060408328641095,-0.0335719617197974,1.3614366048851165,0.0,41.22909701313157,0.1783644887839964,-0.018001731421201803,0.03204686133367099,0.029276232514567204,0.03473454601384591,0.07324285201270017,0.26216672778468814,0.2882435052510823,0.11063840739780496,0.04265121242525022,0.03241700447956192,0.03160029568951133,0.030834812122664073,0.03214754297465287,upstream,US,False,7060014930.0,2000,2009,2010,2019,10,10,0.13983357056387857,0.050662673365670166,0.02104276649129455,0.2819591444181446,0.9948907253054967,-0.0062920083823166245,1.364481919073047,0.0,35.918578976334615,0.18587839397220612,0.14397941414487486,0.035726241540175147,0.030224698868709633,0.03365021372100399,0.07325845414025589,0.30798597445472975,0.2615615090927996,0.09106089449724379,0.041031971992915306,0.031084889021151585,0.03026989985820373,0.0306544223774746,0.033490830435337016,0.3030019109094392,1.0058673509634863,-0.018300952794342993,1.368861958540406,0.0,41.30932462891699,0.17904341531116771,-0.018182521474009394,0.0318622579299767,0.0294270642391904,0.034823631095780336,0.0739914301735263,0.2643038176631215,0.2878383518309613,0.1096198811094961,0.042322174363951214,0.032411833214521076,0.0315732039010077,0.0301749649227546,0.031651389555712714
cars,US,386,train,False,7060014930.0,1980,1989,1990,1999,10,10,0.37450116111953924,0.1058689614372803,0.013326190717540931,0.3861207390441238,0.5758703478710361,-0.14324077238134292,1.8909243636309931,0.0,40.988329666146946,0.1568787665021221,-0.5169887413573208,0.04278584280531001,0.12825738395732839,0.2375204767686107,0.21880101161529267,0.1577663671228971,0.0774087340055558,0.025540531918634913,0.018493509579824926,0.015712478885718084,0.01814786885288929,0.023403805857678765,0.036161988630259295,0.39944692976166474,0.35094786037352566,-0.18332381094091865,1.9991826713492216,0.0,28.18489575075003,0.14802704965131958,0.6902840258361219,0.07524413478076807,0.09011430978640612,0.25033507191116994,0.15834103740486663,0.19189529716955595,0.07226078109913076,0.03023848757402634,0.023517403626844784,0.02281299648567027,0.024497846872622717,0.026698604808186158,0.0340440284807524,upstream,US,False,7060014930.0,1980,1989,1990,1999,10,10,0.3693959519562355,0.10573362775384978,0.010957047270652887,0.38646284914186746,0.5763380328827896,-0.13205342532964118,1.899517630522958,0.0,41.349930805424854,0.1575253586427064,-0.516444427892713,0.04257823936577166,0.1297730614944179,0.23824102577489684,0.21900753226463932,0.15783348828927965,0.07658552731542002,0.025212276259343372,0.017619080130631543,0.015574498334307244,0.01781863527654114,0.02355460239241271,0.03620203310233852,0.39741989641252035,0.3500535938434167,-0.1593123657113974,2.0338757213148324,0.0,28.579074698118507,0.15067734926024295,0.6912767335732272,0.07619221306536199,0.09130465991062109,0.2542006720344196,0.1586833105229302,0.19366872888039743,0.07162302163744877,0.028201774617757275,0.021412598800521782,0.02018475271981939,0.0241650972385451,0.026139636220211475,0.034223534351966005
cars,US,386,test,False,7060014930.0,2000,2009,2010,2019,10,10,0.04524619365627814,0.08181402981832409,0.03704184888737827,0.5397176969141498,0.28809581604823414,-0.23573166278665256,1.7922773055269763,0.0,23.267133210543648,0.14928592305506228,0.47151882502695464,0.06226024846484828,0.06498205739838316,0.19075571681860495,0.25477663692179875,0.17117661387118144,0.06155004111549667,0.03146216670258139,0.0245890551540338,0.02485242703198923,0.030958006043720385,0.030993119921421324,0.05164391055594049,0.5767595458015281,0.296935012972094,-0.20509929543511748,1.587301141420191,0.0,24.3440621744091,0.13195283514729472,0.05917073284687883,0.06399682752632495,0.1087658689404573,0.18517751344038713,0.20874879343617614,0.15105995450055712,0.0950303057635336,0.03427554126931775,0.02271682853919838,0.022851368950242753,0.028463316776042108,0.030137751176041817,0.04877592968172084,upstream,US,False,7060014930.0,2000,2009,2010,2019,10,10,0.04572243137364655,0.08195368825065598,0.044053122928044974,0.528810898347174,0.2879627698895947,-0.2062865376436909,1.8165347266624312,0.0,23.384948213791198,0.15075811329569824,0.47377273059683217,0.06173501695485933,0.06494615163583389,0.1933422156907458,0.256240643990018,0.17118524665286836,0.061357815980304264,0.030200982323612954,0.023968947686492794,0.024329273381984037,0.029990177521777756,0.030830898003586987,0.05187263017791589,0.572864021275219,0.2965763649886699,-0.18456647357745715,1.6028006486659563,0.0,24.478985334809074,0.13304048958128825,0.06184100066502663,0.06440736756541443,0.1094446087177788,0.18691357335029568,0.20981181547892183,0.15175390775139755,0.0939642919946706,0.032377386867402484,0.02228343697624922,0.02248565915267913,0.027873190259881265,0.02999284942836289,0.04869191245694597
cars,US,391,test,False,7060014930.0,2000,2009,2010,2019,10,10,0.2042850793570908,0.06979547852603454,0.026177620290609313,0.14183148823740693,0.9970788002649755,0.005798532136504968,0.9811887482834951,0.0,61.94240051526044,0.1410931687870791,0.16977179674623188,0.015256959875059718,0.03328541826163314,0.06727099456751497,0.1422638628654694,0.21608514620738775,0.17084317471801508,0.15784343616057475,0.11031650210808586,0.03126776524456794,0.020579914588020557,0.019770995499241596,0.015215829904429299,0.11565386794679762,1.0003626327319766,0.010197108170192457,1.0389201088555928,0.0,75.98150904503389,0.14603889656311525,0.14776471111183778,0.012971590007447879,0.037368170110872824,0.09720277548783936,0.1669463991178818,0.21945397529246136,0.1785727551369996,0.13108602839884492,0.0938441082958962,0.0249432192520433,0.016317138336257687,0.009902651458088945,0.011391189105366307,upstream,US,False,7060014930.0,2000,2009,2010,2019,10,10,0.20278489457659007,0.06931307139823153,0.02410124310472747,0.14040808614001055,0.9948934156636248,0.007790643542858483,0.9810768356055645,0.0,62.074461158385944,0.1412665849945903,0.16561654720028063,0.015336278370611914,0.033622061807752845,0.06757809334403278,0.14326085278241316,0.2161850885061127,0.17074222380918364,0.15770166174559944,0.11000423716105663,0.030243569500722087,0.020333853692807158,0.019783196985908493,0.015208882293799063,0.11630684303528308,0.9997581503790708,0.01699212049863045,1.0394128601582455,0.0,76.02935726027398,0.14604423396756974,0.14875182004750997,0.012993848800020486,0.037880064886543434,0.09766899558920922,0.16754018528834036,0.21954507882704893,0.17806706705658482,0.13073933221916145,0.09346365895850023,0.024560646101397444,0.016270265234315365,0.009852463118842695,0.011418393920035663
cars,US,393,train,False,7060047060.0,1980,1989,1990,1999,10,10,0.09169906876804691,0.052015188072457294,0.049576568124484466,0.3241559659288293,0.996897518606655,0.24805172817632268,1.1446278300404924,0.0,40.389626552188595,0.12904298627080915,-0.29526515736964737,0.03593494757189994,0.037411563474549964,0.05181924187475801,0.05123482759455479,0.1298815076477064,0.25367428768314615,0.148573433283622,0.069175759584586,0.0628697245870252,0.07103648461163566,0.049559508301148206,0.0388287137853677,0.2745793978043448,0.9973700210227535,0.0692941901048923,1.3155650009549464,0.0,44.268441967355585,0.1502728709154391,0.5630114232227841,0.03548046122015524,0.037154202554755184,0.05102603233736063,0.048435383652055825,0.12408950943064094,0.3021520877798642,0.15211082125936135,0.062127305659860035,0.05031606060642294,0.05416669583022451,0.048064580669126555,0.03487685900017281,upstream,US,False,7060047060.0,1980,1989,1990,1999,10,10,0.09170293859145141,0.05214900254249344,0.05140106308400094,0.3269394592987679,0.9968763678975532,0.26917191125106427,1.154365451974163,0.0,40.389801259238986,0.12903445357774534,-0.29547313736992975,0.03592085758531709,0.0375579901808779,0.05165705750688079,0.051602300938898574,0.13120143379114224,0.25367925639835137,0.14754116238074805,0.0687655265606835,0.0630159513697153,0.0708439649681589,0.04946653723720439,0.03874796108202177,0.27553839621476695,0.9973952690880337,0.08774124399025357,1.322589739579855,0.0,44.2688047645126,0.15032515289363663,0.5630828051031376,0.03546110301761911,0.037202852050021135,0.051073925892409944,0.048710767804784665,0.1251116760146886,0.30245735942748697,0.150912061894106,0.06169094482314015,0.050435061491896985,0.05409381815111585,0.048012467396869575,0.03483796203586109
cars,US,393,test,False,7060047060.0,2000,2009,2010,2019,10,10,0.6268726348564517,0.12807207334522042,0.007879362964762271,0.23145213098747397,0.996715806945024,0.029548832149291333,1.1877355988748197,0.0,24.964325592961114,0.11517503455489166,0.4110569172268104,0.05152862639559529,0.04937909085971598,0.0687621204748366,0.056419745784044156,0.14125981420731246,0.2272955059857898,0.11734861712062446,0.049686373491106425,0.055767188638887605,0.06573248350189285,0.06383526569605004,0.05298516784414424,0.2235727680227117,1.0004562874482081,0.022694358592804068,1.408499545143002,0.0,46.72692095101752,0.16207001535991772,0.4118773461760596,0.03356878047426275,0.034797701237735235,0.04719539407290463,0.05146388246551267,0.15900610627173606,0.3178194766332634,0.13715042775394776,0.043675722010379364,0.04180203080329509,0.05319779805513937,0.04480266773748465,0.03552001248433907,upstream,US,False,7060047060.0,2000,2009,2010,2019,10,10,0.6276813106961083,0.12843444305065377,0.0076034952663138755,0.2318804158587709,0.9967221646431377,0.06510981302761831,1.2005415453041808,0.0,24.96397892143444,0.11521869554357138,0.4109303616274813,0.051502501578650176,0.04948622660967352,0.06875931776433639,0.05655802011581648,0.14267055357012345,0.2272517593512646,0.11585734562084335,0.049639099489804175,0.055858835860023444,0.06568920573925212,0.06372737549087289,0.05299975880933947,0.22427692059245702,1.000197410031747,0.03982544398479504,1.415008903496056,0.0,46.76407375925418,0.16218447620372625,0.41356748494368484,0.033611415004652895,0.03479166525089212,0.04748739123164891,0.05159803238932916,0.16059010565652504,0.31779679991114784,0.1358271960252122,0.04322811207038098,0.04166552500757599,0.05317821561184881,0.04475967571397561,0.03546586612681031
cars,US,398,train,False,7060047060.0,1980,1989,1990,1999,10,10,0.025322091200551983,0.018259208481072126,0.008553241127997546,0.22278977315070986,0.9619487468758674,-0.012318031467884578,1.5183776702999783,0.0,7.866516679441555,0.20942221654193394,-0.22297298552857894,0.011008566732836539,0.008998722216818484,0.009930736035973796,0.02040067958772039,0.13982484887627009,0.3223507710308436,0.2599168489089965,0.11697320138568311,0.05200809801359906,0.029642601899543538,0.015546510923868826,0.013398414387845992,0.2142365320227123,0.9978530853635309,0.004227988879600509,1.525748277841649,0.0,8.068256793339366,0.2104961153257982,0.382367950337427,0.012272244405644627,0.007913500476616403,0.009318783248963562,0.020145940657162156,0.13533800078737743,0.3331276951144476,0.24907299512994036,0.11898950176720673,0.05497241466292132,0.028666008744190907,0.01662123747783282,0.013561677527696256,upstream,US,False,7060047060.0,1980,1989,1990,1999,10,10,0.02039096361675257,0.01908142743518898,0.006961626935559656,0.22356854878692925,0.9503375830441544,-0.0035262846428762012,1.535332142836177,-0.00027948574622694243,7.9403686416992745,0.2122353539021577,-0.21284123131051144,0.010996584765305703,0.008780935902216068,0.0099226560866864,0.020843459381536616,0.14123892109572053,0.3263152229698178,0.26142773487072923,0.1145195291102041,0.0492006885167208,0.02778944887512034,0.01565139031191801,0.013313428114024469,0.2166069218513696,0.9969169843402009,0.004565679013780178,1.5300158896643143,0.0,8.103942455947136,0.21085325499731025,0.3815092619537047,0.01220149721139358,0.0077963154864357205,0.009268548555135387,0.020382306308668018,0.13714523907250098,0.33370678511121965,0.24853987047895973,0.11824919745409986,0.05440796936309246,0.028396196866572427,0.016456170259492246,0.013449903832429957
cars,US,398,test,False,7060047060.0,2000,2009,2010,2019,10,10,0.2790833582428999,0.058329656929354844,0.03794037873705447,0.22566580312075163,1.0149840514000403,-0.0002738701128450777,1.4685607940969818,0.0,6.207322085421155,0.20360316069320106,0.22221209095708577,0.011555822496868463,0.009610444378708382,0.009886346945258707,0.017938882379462066,0.18619266961482628,0.31388499009787274,0.2359662947429745,0.09922853408336343,0.050609389604735586,0.034601248513005806,0.018035066949212017,0.012490310193712037,0.2636061818578061,0.9950030519103513,0.0020402812929054756,1.540072229579357,0.0,8.205567891486897,0.21440169635093337,0.20644509308591896,0.010309242707426041,0.009660177145622341,0.011964365400362772,0.02748247445507122,0.13843292893867248,0.3535316284822486,0.2375579372220654,0.09031125165140959,0.05020333557293069,0.03924074616759433,0.01841333691697836,0.01289257533961797,upstream,US,False,7060047060.0,2000,2009,2010,2019,10,10,0.2781517917544354,0.05947941533992559,0.03126058097706441,0.2315010968717211,1.0144918644642338,0.0001603537404396863,1.4763171344952732,0.0,6.236212496559317,0.20387694710421753,0.2249550598598197,0.011536862380915391,0.009608027132576752,0.009804662396452005,0.018021456416268254,0.18866078805940642,0.314273733942557,0.23435604268331447,0.09876413302165948,0.05038197117251998,0.03440397666683146,0.01783307497828406,0.012355271149215053,0.2627616778487855,0.9909371542943289,0.004795969385278541,1.5460405001363158,0.0,8.236082599118943,0.21509162759622094,0.20234509488931338,0.010176257825409117,0.009622326436948835,0.012035922834984074,0.0277253858899334,0.1401282272604312,0.3551809065700609,0.23598533529329885,0.08958050043839809,0.04997935377033718,0.03853383420943862,0.018160057221079,0.012891892249680847
cars,US,41,test,False,7060016090.0,2000,2009,2010,2019,10,10,0.140044319021497,0.03922830545866937,0.0263648539649467,0.2799836461082167,0.9949397405554259,0.07211258490546514,1.0387689006301808,0.0016424856282507528,82.1411178242818,0.11949826812492612,-0.01506014064242452,0.06644832844801782,0.03748572388914131,0.05441695650765235,0.0864327307781475,0.19328827009512212,0.20170341878281892,0.10016391428611768,0.04315051448708371,0.02839668641186654,0.04565071350118271,0.08170862676885197,0.06115411604399749,0.3063485000731634,1.0138933501224023,0.1388666152591356,0.8899185383260438,0.0024644030668127055,94.48896320771227,0.11403576084708011,-0.06869262755316298,0.05688699359618089,0.05537094545057131,0.054047224685429905,0.08669823772971391,0.1981146491636015,0.17551236202260317,0.10812665568719525,0.043961451654628426,0.03232151432889213,0.047640390695046116,0.08327164096653421,0.05804793401960316,upstream,US,False,7060016090.0,2000,2009,2010,2019,10,10,0.1400989209245302,0.039150575284255515,0.024996754948144906,0.28046628020470366,0.994864973042364,0.05246433935000381,1.0574588075890965,0.0032849712565015056,82.14341500136874,0.11956768381855917,-0.015027704275596689,0.06662652379706402,0.037199623107809596,0.05477249558806958,0.08701080126681818,0.19460951256039863,0.20080311622063918,0.09910571335388375,0.042907729880733284,0.02839713060852039,0.04572370380574166,0.08183562699617034,0.06100802281415134,0.30546303515284856,1.0139475934579893,0.1243534629619415,0.9017701128344838,0.003286770747740345,94.4967652697891,0.11414848834309912,-0.06854979642583002,0.057127578808460776,0.055160480625808674,0.05418318646752484,0.0871029425460053,0.19910531559455968,0.17519853832823265,0.10713248159772903,0.0436837915120095,0.03247271966604571,0.04814379354848584,0.08313889177368773,0.057550279531450456
cars,US,413,test,False,7060014930.0,2000,2009,2010,2019,10,10,0.2682029506364684,0.07955898987656278,0.011033650549311842,0.025991079403934348,1.0108991449793356,0.0006909563531142628,0.9097928103249533,0.0,152.0597736645906,0.13769225339256005,0.07796410383883241,0.022825991944632473,0.015756315192824093,0.022514644274918803,0.09112832987831584,0.15277242617330533,0.16892682259707073,0.1953875803565148,0.16096830884615557,0.10163694496914913,0.03602730351225659,0.014145067309980618,0.01791026494487607,0.014957428854622506,0.9989075533153313,-0.0044028072986217704,0.8466165393465135,0.0,198.83525985963,0.12153971338085033,0.08006888339516033,0.02716475703312502,0.027202591843739608,0.05750379102319222,0.111206050871611,0.15442024894273138,0.16696036191239433,0.15855702733952873,0.13125540617750947,0.09058787146289489,0.03644465885826826,0.0165616187170687,0.022135615817936414,upstream,US,False,7060014930.0,2000,2009,2010,2019,10,10,0.27034230918018215,0.07945679509449043,0.011501264764129547,0.026689603366676348,1.0108885724886776,0.0032528450541770117,0.907657371072053,0.0,152.78932495164412,0.13803190575429727,0.08123130619086712,0.022852887530044216,0.015708498678494113,0.02249429100548518,0.09221768879411016,0.1530757386029258,0.16983281797938346,0.19551910345472295,0.16099399887945728,0.10032476365754761,0.035509592049215305,0.013561082697101533,0.017909536671512318,0.015188338602546802,0.9991809485077301,-0.002262543911706968,0.8415695426378245,0.0,200.2171085635359,0.12173780145128807,0.08875975791194046,0.027210925463698257,0.027237144239663377,0.05785052812276366,0.11188690937245328,0.15463637868369057,0.16720614802550257,0.15854378895623517,0.13115623478856894,0.09030771710631419,0.03578378500345425,0.01618261539852485,0.02199782483913081
cars,US,415,train,False,7060047060.0,1980,1989,1990,1999,10,10,0.29040670688758674,0.06309458928173894,0.051798634826919675,0.04176134685472984,0.9332021828567034,-0.005590728367936513,0.807097954903245,0.0,48.83233728525691,0.10949725954933866,-0.11617866306839594,0.04117492486469375,0.037497019245242555,0.05055697288270669,0.07718762463762063,0.10848709641915306,0.14002077431049273,0.1745658372457735,0.14887060712272004,0.08982092741106189,0.042631762000534826,0.046665341851796924,0.04252111200820329,0.09355998168164952,0.9187150045111238,0.13260286281456055,0.8899699009971674,-0.008214676889375685,36.52460108225392,0.11632510361994167,0.3130371173132011,0.03710620541842535,0.03412556366274619,0.06307149863016465,0.09227287423534582,0.11898864150511201,0.15918890356253076,0.16734495042773936,0.15469574672127887,0.08273658032982559,0.01641994537561475,0.037399556764459406,0.036649533366757144,upstream,US,False,7060047060.0,1980,1989,1990,1999,10,10,0.28677892116177767,0.06265717774057633,0.05724089656497018,0.04100448997536518,0.9331700393095981,-0.00579931505462078,0.8097301182300448,0.0,48.833353134410075,0.1094960108150968,-0.11623226981850221,0.041191616898017584,0.03746160642350418,0.0506845409242478,0.07775805780559332,0.10848127157082366,0.14049506369082995,0.17436568786353676,0.14881588129809384,0.08906446461417222,0.04254862900462849,0.04666610336346219,0.04246707654308981,0.09824538654033536,0.9171322491271175,0.1761138367800371,0.8935697544599868,-0.00989282769991756,36.65810772190162,0.11633726088454341,0.30607221283314245,0.03707769483536942,0.03414602797112484,0.06346965319507167,0.09218762104208181,0.11974512164849631,0.1591466295505057,0.16740803485463224,0.15434296759400942,0.08211772194084964,0.016204202174030666,0.037589910629966874,0.03656441456386124
cars,US,415,test,False,7060047060.0,2000,2009,2010,2019,10,9,0.309394566468622,0.08573375869928651,0.0006483258473824194,0.07504639719742881,0.9112988882419646,0.04117446326901345,0.7652020526565466,0.0,31.952450512939535,0.11693231717150619,-0.027600987471842996,0.04091053127362749,0.038177004101687194,0.0549469405923924,0.10815816349608143,0.1071077618875832,0.15174437736771704,0.18684041676638008,0.14726181497584245,0.06726845370631647,0.018783853579144617,0.0374841781480714,0.04131650410515609,0.07439807135004639,0.9350092870525094,0.04438954436320184,1.0737926134535987,0.0,43.538405895468756,0.1370166537041605,-0.24907238515358932,0.02711164674640393,0.025158437879492877,0.052809956906920676,0.09553345355461289,0.12637015207562224,0.20574740731054478,0.19930875533479994,0.14050121936993526,0.06717437306253678,0.007358198613795547,0.026399453448591757,0.026526945696743468,upstream,US,False,7060047060.0,2000,2009,2010,2019,10,9,0.30937962105853506,0.08568933828881367,0.0011163973406731614,0.07569707632721556,0.9112564277144677,0.046097454361381074,0.7687308198501036,-0.0002737476047084588,31.954042157131127,0.11694477861577786,-0.02764973929432339,0.04088422878340639,0.03824967071343806,0.05510067514496679,0.1085178912679444,0.10722772223960164,0.15217353460926245,0.18684973035973612,0.14662927481841653,0.06675233240293196,0.01859118500636128,0.03769720741487852,0.04132654723905593,0.0745806789865424,0.9350048873034433,0.04968313685714348,1.074587372405342,0.0,43.53992394280498,0.1370399516001567,-0.24908721384024923,0.02714573024223124,0.02514515350618692,0.05312864630603499,0.0958268598427301,0.12681503284090437,0.2061530692677877,0.19897222338872186,0.14005128576712012,0.06651741216706229,0.007287703455098891,0.026497520573035546,0.02645936264308613
cars,US,416,train,False,7060047060.0,1980,1989,1990,1999,10,10,0.21353155160738166,0.0953553364356666,0.041297469067160586,0.1960284693729651,0.9686292992396829,-0.06355924533492952,0.8771950836287825,0.0,50.41385639149081,0.09368501444325866,-0.2597495096224253,0.07692834844101766,0.0717314405611881,0.08395597307724825,0.10180168877019205,0.11679331146859133,0.14758918479416605,0.11259185830673785,0.0655604316930656,0.04197333143867573,0.05334190727185539,0.05906030172450904,0.06867222245275284,0.1547310003058045,0.8972141200842985,-0.16389353584880573,0.7561427155371724,0.014786418400876232,40.72061658057129,0.10244216982690249,0.45612712703858166,0.05052443475113092,0.0509382107804955,0.08362516689262808,0.10091401241166827,0.1273310038833175,0.1694815532190278,0.12592000857065858,0.10025621270477401,0.05687467575912529,0.040178899663256704,0.04466658174888477,0.049289239615032565,upstream,US,False,7060047060.0,1980,1989,1990,1999,10,10,0.21296440939880082,0.09569394237781848,0.032487942579536966,0.18411212675980476,0.9685818679938214,-0.04762643930828987,0.8868623829525908,0.0,50.417373939228035,0.09369567126537025,-0.25982217175040034,0.07713258414633103,0.07157356228584899,0.08405083202892391,0.10223004231086785,0.11668464697156203,0.147959034995839,0.11172546330706815,0.06547264179389013,0.04181192845593688,0.05344432630357354,0.059168984407611265,0.068745952992547,0.1516241841802678,0.8973198381154895,-0.21056992120035245,0.7664592214484736,0.015359297860669226,40.74656034009874,0.1025488205642692,0.4555243512807694,0.05057563221820465,0.051094304700168895,0.08391581589200771,0.10103948615809513,0.1278979701661042,0.16964774946189284,0.1257431385917575,0.10009479613822268,0.055964003544137414,0.04016067127924719,0.044631196603970455,0.04923523524619111
cars,US,416,test,False,7060047060.0,2000,2009,2010,2019,10,9,0.3360280610759849,0.1660320237029262,0.028325834936129446,0.15424140646912998,0.9826239277783338,-0.11839158219150583,0.6299105700403722,0.0,32.517514579480036,0.0978611451160484,0.24620783899584667,0.053479741208068476,0.05357627435948503,0.06673108523041406,0.10060322251398454,0.1311224446628856,0.14129021790007795,0.13560575157287977,0.10139372488399628,0.059822535818926804,0.05254975337644863,0.05123544264285913,0.052589805829973704,0.18256724140525943,0.9565703404959414,-0.07167801823104947,1.109489558985452,0.0,45.504304022742204,0.13363694471796433,-0.22425561932970972,0.03506730292748803,0.04143236571608948,0.05861289079036023,0.12868068189277848,0.17117315871767144,0.23919406816942437,0.1235710394302041,0.06275095525819571,0.043719417400491685,0.03138511675781428,0.030804355748221237,0.033608647191260985,upstream,US,False,7060047060.0,2000,2009,2010,2019,10,9,0.33605629083299776,0.16590247977880968,0.03150749055562019,0.14739472370243467,0.9826769880752682,-0.1116510674495997,0.6406012253594627,0.0002737476047084588,32.51737831918971,0.09786656499805747,0.24623667403653748,0.053562776005313686,0.053669042752291736,0.06670849371175384,0.10120231105045449,0.13126626228281496,0.14128872427649986,0.1354054796179108,0.10100516657760873,0.05957838476615544,0.052565385597726624,0.05126182270175766,0.05248615065971209,0.17890221425805486,0.9565807051324318,-0.0644494968362055,1.1147514746183935,0.000608457560085184,45.5053979312443,0.13357603062424453,-0.22426560078240615,0.035132992342908356,0.041566600920709046,0.058961301762339345,0.12913146909298956,0.1716611173339873,0.2388671909616021,0.12272965032287912,0.0625090175583565,0.04368367508735996,0.03139008512200697,0.031092237020554123,0.0332746624743075
cars,US,419,test,False,7060008710.0,2000,2009,2010,2019,10,10,0.27312157101185913,0.12284171899944434,0.07074888778410504,0.5123694735582704,0.9731779616045748,-0.09497589070099118,1.5548394665442866,0.5482720789906748,1.8427922290757393,0.1983534653889277,0.1099574634985931,0.019929927406181797,0.015029955541972988,0.04051144157465366,0.060308109778544436,0.2746505891928134,0.31277785442488615,0.11569335403343017,0.0513643344618145,0.03073429284814297,0.035869850148474804,0.023079334994899982,0.02005095559418521,0.4416205857741654,0.9907992630405739,-0.0825920854695994,1.7629136141644925,0.6467688937568455,2.4215395320610504,0.21551817910259946,0.3158428006152405,0.01042866426406974,0.011132150041353072,0.03800716227607782,0.05205090842077309,0.195305320193013,0.3771451282366976,0.15345839028353295,0.06919566390655511,0.03361237234093244,0.027179371598372866,0.01901546452550021,0.013469403913122095,upstream,US,False,7060008710.0,2000,2009,2010,2019,9,10,0.26705042492888464,0.12103425773623895,0.05924383325584337,0.5000644879242638,0.8833196874535177,-0.08346956879466456,1.5422421578127483,0.5403276622558286,1.8809250157529933,0.1966024747231623,0.15600512654136725,0.019963464329312824,0.014961166193415943,0.04362186887359181,0.060610151730570036,0.26793819019453086,0.3149742648980177,0.11706992363220714,0.049015788126610546,0.02930592275851349,0.03787301157644083,0.02396493433227427,0.0207013133545146,0.44082065466842046,0.9864337134375947,-0.08710914778712195,1.769883892830675,0.6192200557103065,2.4566880222841228,0.21666670627159798,0.3160432740109109,0.010341731003196325,0.011014784268060246,0.03838195092471124,0.052385109830364734,0.19764794189246343,0.3781611450069222,0.1520774963688459,0.06872195847615119,0.03243955729966858,0.02702213615042106,0.018340814852525825,0.013465373926669397
cars,US,42,test,False,7060016090.0,2000,2009,2010,2019,10,10,0.11384452762914575,0.03763271315620739,0.02587176540495295,0.33794968808086145,0.9586161835460318,0.2462971210637109,0.9671500100287183,0.0,103.5288525631504,0.11329471378937848,0.003626223899345497,0.06357521144537116,0.03611952779398329,0.0530794252286869,0.08102193007269308,0.17930286131383172,0.19242767115411769,0.1111610289752035,0.05835960393090465,0.0369574919491133,0.04942927927871424,0.0796846981549387,0.05888127070244195,0.3638214534858144,0.9324248271039156,0.2897566640704344,0.8344537214635749,0.0052026286966046,116.01214341180929,0.10956966530462835,-0.08138508197447149,0.05517469437389839,0.05168660570775028,0.05209166524398118,0.08358235001922772,0.18587220951814903,0.16972201394669312,0.1160706698930165,0.05595562765020305,0.039735590539347575,0.051629269390072285,0.08273283562712165,0.05574646809053905,upstream,US,False,7060016090.0,2000,2009,2010,2019,10,10,0.11384178200596724,0.037585995184963514,0.027805527768922922,0.33841626142315506,0.9585682950437429,0.24331425443094626,0.9882155123635261,0.0,103.5319531891596,0.11335195560513203,0.003648944296363024,0.06374411467304299,0.035861483892645006,0.05340866252175012,0.08152780698209802,0.18052282743709402,0.19175284333665676,0.11023219654511553,0.058092659290938875,0.036950729203139944,0.04938173750828675,0.07978147140726104,0.05874346720197113,0.366221789192078,0.9323976334612862,0.28947044210855005,0.8474933467706554,0.005751848808545604,116.0152993700356,0.10966921236819638,-0.08137630423684206,0.05539679409013051,0.05146900717847029,0.052217489387597606,0.08393159821302387,0.1868194439867627,0.16954738999681135,0.11518029368230596,0.05568098908025188,0.0398050169801413,0.052191944725468516,0.08244694339443108,0.055313089284604926
cars,US,421,train,False,7060047060.0,1980,1989,1990,1999,10,10,0.16682738338355682,0.053470687139978254,0.041061746901047025,0.4451925713611003,0.986260680766853,0.19403249954628565,1.474036545153828,0.0,44.954281819092515,0.1694301679306444,-0.33795636951156327,0.02420035079018426,0.02768675116257256,0.051936486005786923,0.10986224472310802,0.235510862118287,0.2802019184004112,0.12093586592061388,0.04131244505334057,0.020677210635030578,0.031389957692097945,0.029414205073688793,0.02687170242487822,0.4041308244600533,0.9125367103871347,0.2099189724079727,1.3999429108809447,0.0,38.04686275717495,0.1790363777009081,0.5680285464918959,0.025403756151275245,0.027487792048095677,0.06315318658006405,0.09016498864998432,0.2219955958129778,0.316279490299925,0.10835615218688707,0.036923817913862636,0.022184275891706393,0.02882208393260938,0.03288014912210926,0.026348711410503045,upstream,US,False,7060047060.0,1980,1989,1990,1999,10,10,0.16667747857458998,0.053307356934980746,0.041516055239157745,0.4455121024404503,0.9861486561051058,0.2248402743941746,1.4807942390385251,-0.0005474952094169176,44.96080618669587,0.1694809427125689,-0.33811211473414915,0.024246576656098407,0.027839419100463596,0.05207015326333593,0.11056343291363206,0.23692556996368008,0.27934201291297145,0.11977545914385691,0.040808746493166397,0.020696189901689168,0.03158382464393585,0.029306256186571233,0.026842358820598832,0.40399604720129256,0.9124972245428798,0.24331226744706397,1.407176822676083,-0.0005477951246233908,38.05808929060531,0.1788797408040993,0.5676321965624882,0.025416652500908174,0.027586294946032566,0.06347971693201712,0.09056925075338566,0.22383418638307556,0.31491829828616735,0.10737999265981014,0.036521158202394474,0.02229599227878121,0.028937513992434872,0.03285788585777322,0.02620305720721983
cars,US,421,test,False,7060047060.0,2000,2009,2010,2019,10,9,0.4046794936819497,0.07973495878848735,0.1501854431192705,0.4033623249586614,0.9814841438520797,0.3390100505943146,1.4162097025869957,0.0,29.240185207750624,0.16904116910038242,0.6303553851502042,0.03170055005622694,0.030639826545994193,0.06787245920743268,0.11960437234742392,0.257690406307077,0.26684985279999046,0.07866662425951333,0.02995095795055813,0.022469618583332993,0.032059420766229,0.03206093763416577,0.030434973542055654,0.2531768818393909,0.9586370963335793,0.17934285030015623,1.621727019079147,0.0,43.82583407615861,0.18403359599319563,-0.2793518825467403,0.02623168892777691,0.027960408735690147,0.05254425119018407,0.0998908100765339,0.23554922122320926,0.3137420614920448,0.1108686038273948,0.030591728479109626,0.019940348815727548,0.028224972536489396,0.028330327925559735,0.026125576770279827,upstream,US,False,7060047060.0,2000,2009,2010,2019,10,9,0.4038733032505732,0.07977453099162174,0.14857605138673213,0.4035093113691528,0.9810530256015091,0.3715797247576254,1.4232378751598942,0.0,29.264244724582074,0.16911393446652445,0.6307953710951666,0.03154787447241416,0.030754777891612704,0.06828373238774438,0.12028451051034408,0.2593305671517546,0.26526963762001204,0.07778193742507214,0.029806004349159563,0.022397264325761758,0.03213414469523683,0.032014137460902946,0.030395411709984718,0.25493325998242067,0.9586458049940266,0.19823144538641777,1.6261910044955408,0.0,43.826548220261635,0.1838689022993919,-0.2795242059170935,0.026256893549386515,0.027988385278293452,0.05288552661033486,0.10036059537853484,0.23725761337124918,0.3123159801952915,0.10996185532780078,0.030354274862773197,0.019894026750250857,0.02829601166375756,0.02860656742765532,0.025822269584671893
cars,US,423,train,False,7060008710.0,1980,1989,1990,1999,10,10,0.09805952582727549,0.04730157470057869,0.20657988150455353,0.1017046910685604,0.9916868463121791,-0.00017055123150810987,1.2151432704392306,0.0,50.91334290906423,0.14631835448319375,-0.1926425616771446,0.025787849771192653,0.02402197037648017,0.038530516767140824,0.08379838778646857,0.15917104622183895,0.26299056838178136,0.17304799728960105,0.07543511707505436,0.04532800308104891,0.04810457751174848,0.03583615945863901,0.02794780627900558,0.3082845725731139,0.9860167407254582,0.1871193265977264,1.2824098014422927,0.0,46.15777887320031,0.1606250200755872,0.6057708652588382,0.024637386135734532,0.022319029596630593,0.04820457516848288,0.06492044004550754,0.15145135453190034,0.29911398605433326,0.17201712302396216,0.0769392157017391,0.04146588235398864,0.03762331978356805,0.035706702164422593,0.025600985439730224,upstream,US,False,7060008710.0,1980,1989,1990,1999,10,10,0.09786541942482886,0.04765988554182288,0.20727858343070882,0.10134642672992833,0.9916997879455364,-0.005220219139146507,1.2165425961189185,0.0,50.917402682726525,0.1463519978815453,-0.19280603901748072,0.025806495559879832,0.024067416055090208,0.038727509347355436,0.08428176770748107,0.16028634470843836,0.2630811309720506,0.17204038798186286,0.07474251573935474,0.045342593140975954,0.04803974673893629,0.03570208917711058,0.027882002871464237,0.30862501016063715,0.9860519308350388,0.18670178650524843,1.2842550252036513,0.0,46.170420547945206,0.1606566605738797,0.6056248326211116,0.02454572780348872,0.022369181573199014,0.04850247624887748,0.06522825931932283,0.1523942907525416,0.2993181514809027,0.17099846913194464,0.0763904138708033,0.04140639531204331,0.03765343802073123,0.03562896685884429,0.025564229627300664
cars,US,423,test,False,7060008710.0,2000,2009,2010,2019,10,10,0.406323514241831,0.05176700753768915,0.0671620497069183,0.3281289426471836,0.9858451211314578,0.1990465687625178,1.157789881956303,0.0,31.653438552113215,0.13766261484075168,0.37880373049118266,0.0348284022959362,0.03163978192786496,0.060011622428655334,0.09079949144570111,0.15873691947586044,0.26106309020364177,0.1426272954829794,0.05397016911408893,0.03879954658831844,0.046717084764651015,0.0450489355104304,0.03575766076187184,0.2609668929402653,0.9880440517998883,0.23542414661125025,1.274428591959591,0.0,47.52093258502389,0.15498991385641095,0.29559429167487433,0.027458065205655004,0.026884520856335678,0.05197023906523328,0.08399895303391682,0.16938980291069766,0.2864810268552021,0.158323482934271,0.05171971231446426,0.03429775656046655,0.04235953214766736,0.037294593493279224,0.029822314622810937,upstream,US,False,7060008710.0,2000,2009,2010,2019,10,10,0.4065277264463346,0.051790145275725195,0.06743481226330206,0.3286078843081458,0.9858212070405677,0.20111749156169698,1.160238805396418,0.0,31.654133862578703,0.1376544519128466,0.37876208757737045,0.0348044643588292,0.031655351095730824,0.06039997336044243,0.0909085798859527,0.16024968609401347,0.2608144742910671,0.14126942507737292,0.053638892737045994,0.03879311630857301,0.04679217878709603,0.04489930348418933,0.03577455451968711,0.26117307204484375,0.9879503973797211,0.2364317761537316,1.2760966671830938,0.0,47.53168200493016,0.15505349399504745,0.2948008264964568,0.027396353047883622,0.02691354284239863,0.052297456794102075,0.08420984222543176,0.1704075756336051,0.2866212644363988,0.15709489066817464,0.05134934838053582,0.034413339529779874,0.042317819518796235,0.03723643024911216,0.029742136673781117
cars,US,442,test,False,7060073620.0,2000,2009,2010,2019,10,10,0.23089299248257608,0.07563626220399762,0.008415763544047938,0.29649115154811123,0.936921036857683,-0.026192299582189996,1.2366862375800292,0.0,0.6223203101679382,0.14633025188828616,0.3855228798512707,0.04726546681569431,0.0449834681196481,0.08030666172386508,0.21213414736335373,0.2684694321563862,0.08289079013729278,0.049936797883685755,0.04572426634059164,0.0401899988653603,0.04379329361137977,0.040614142778623824,0.04369153420411869,0.2880753880040633,0.980959925368162,-0.015641899561591444,1.823018427767052,0.0,0.7839520994055272,0.16449876678252473,0.03340241952966607,0.03715163554705287,0.0418025811442834,0.08534345979021485,0.21367175388755721,0.2912429336985042,0.12917914620861903,0.04359825437144038,0.03139983153828917,0.02791196071002953,0.031793562844516114,0.03152276523917255,0.03538211502032059,upstream,US,False,7060073620.0,2000,2009,2010,2019,9,10,0.18512656179411655,0.06331326792347523,0.010444639090557928,0.2857415201534098,0.899604792034589,0.00305586530767226,1.2570778854070774,-0.0006283380458686773,0.6544791077599749,0.15562192213092882,0.4924556042464563,0.045732373211111524,0.04362648551008133,0.0777186328578965,0.22040968564333743,0.2823641625628178,0.08455184722401568,0.04767457098598459,0.0421964787944741,0.038076868981335034,0.03826120015917766,0.03749459367216028,0.041893100397608116,0.2752968810628519,0.9789697797609315,0.0025394213340225167,1.8305310376323753,0.0,0.7875810024923844,0.16628505597457868,0.02325535514848229,0.03692147027642843,0.042024223308737306,0.08615537165672453,0.21598689149441533,0.2930447211717485,0.12874781773973218,0.043148010429138295,0.03077931964464979,0.02740760666044294,0.030506460193638788,0.03040554439152518,0.034872563032818736
cars,US,445,train,False,7060008710.0,1980,1989,1990,1999,9,9,0.00933152172204088,0.052954068508273305,0.05710151463606705,0.16593482699961593,0.975169271109752,-0.08257122918662217,1.5757980907245928,0.0,4.783445806617496,0.21913008625654753,-0.15544458146807344,0.012422045540485366,0.011331105001467548,0.022301524795189594,0.04023788938262457,0.25140944350454664,0.3557350947845416,0.14136377838146083,0.0642056665685937,0.03567627172246771,0.0321024063947868,0.019410642590166536,0.01380413133366899,0.22303634163568298,0.9800438718781315,-0.07228229622149251,1.6473910925879434,0.0,4.8282915491584495,0.2206728397969042,0.24821786646770766,0.01397282873899245,0.011631187556661223,0.013491034505947179,0.029120755337406885,0.2235251508040258,0.36022077282080306,0.17958420377622558,0.06561531178840414,0.04061491680175211,0.02856680885600951,0.0178040886556515,0.01585294035812051,upstream,US,False,7060008710.0,1980,1989,1990,1999,8,9,0.026924835047954683,0.039287110384802544,0.07113253014755322,0.1540386696804235,0.972587989532444,-0.09115436060416977,1.5690370220356056,0.0,4.96959220598469,0.22104072445151424,-0.08405596168763085,0.01282545876775446,0.011689601787012567,0.0202240375147172,0.04022003544450705,0.24528328439735936,0.3611727634056749,0.14612821411887802,0.06260796347557814,0.038161377809991,0.028505368207262988,0.018902850235755265,0.014279044835509033,0.22517119982797673,0.9813558290917203,-0.07214362845497131,1.6608027390221671,0.0,4.837572041692213,0.22148645932218733,0.24664436013581104,0.014027867905014904,0.011720096627664104,0.013571978991341027,0.029512184920811955,0.22476457779895767,0.3613203541662442,0.17842087786182145,0.06543089550422809,0.03931265589195547,0.028174048932330217,0.017825674771358463,0.015918786628272463
cars,US,445,test,False,7060008710.0,2000,2009,2010,2019,10,10,0.23959882835853402,0.1054479146664773,0.03236844362235741,0.25651928053680195,1.0024505349824646,-0.09490887136183676,1.6206183035434094,0.0,3.5372088529017254,0.21263147320192172,0.19121685489564383,0.017300520690730382,0.014515319255197544,0.01835065151299187,0.04965436605974141,0.3193866834397779,0.2951555915806309,0.11902807959557969,0.045354419202578655,0.03662698550158325,0.0405858119514813,0.02438828888182188,0.019653282327885404,0.22415083691444454,0.9978923422594886,-0.11660978253214142,1.7469402209886873,0.0,4.494870172567741,0.21876662020115634,0.04234298386207347,0.014420862478758727,0.012423793596301903,0.01756413212129755,0.05363370334423591,0.2278509699185559,0.3705454756621281,0.14162087098557685,0.047048720142951424,0.03484935940257324,0.042377412921596955,0.021015288922361604,0.016649410503661893,upstream,US,False,7060008710.0,2000,2009,2010,2019,10,10,0.2432356681031401,0.10809811298544232,0.03440402645234622,0.2585428572103122,1.0030370788018885,-0.08890055895446863,1.6344596411350982,-0.00027570995312930797,3.543284808381583,0.21403075192173704,0.1918525346932201,0.017406147487599496,0.014565388273145519,0.01850539711569721,0.05070001977980148,0.32381005663621676,0.2933371015074201,0.1179049688697672,0.044665779714016134,0.03635623998268216,0.03883112733819118,0.02445349933634175,0.019464273959121016,0.224138830757966,0.9974389714285995,-0.10243425427378618,1.7508426557852474,0.0,4.518996143250688,0.21926767508099712,0.031209845412018145,0.014341296696967489,0.012465590617287685,0.017673297831328004,0.054221798692949436,0.22966246678545105,0.3709133333447127,0.13939491181273592,0.04691660962758009,0.03497735546230434,0.042090456716660306,0.02071299142718988,0.01662989098483317
cars,US,448,test,False,7060008710.0,2000,2009,2010,2019,10,8,0.3471971847806439,0.14933665425328715,0.00744374973606049,0.23171789053343483,1.0049134120200416,-0.015753495023415835,1.6219766989671138,0.0,1.0910277353979345,0.21612032325911973,0.18230913391559914,0.01439062745946916,0.012314472938884559,0.015962567488494946,0.03662412743580057,0.2997206589971436,0.31270363171600357,0.1423556607950697,0.05197683936051717,0.03998674297967721,0.03462664283790779,0.022015462971427174,0.01732256501960435,0.22427414079737434,0.9986946349777827,-0.018567591978412158,2.0550777601531545,0.051765512512855674,1.5439086931679857,0.2509249718981517,-0.21425505910341391,0.011150860873393138,0.010668337517901819,0.013945182095941474,0.03533770720429208,0.18699738651556166,0.4186446240322915,0.1857513227320689,0.047298465127857334,0.030834624649076083,0.02950618198846373,0.016381011959542623,0.0134842953036094,upstream,US,False,7060008710.0,2000,2009,2010,2019,10,8,0.34607132552235764,0.14866642681558734,0.00981291121729605,0.2339789882123406,1.0053026163572756,0.0,1.629684581388513,-0.00027948574622694243,1.1043200111794298,0.2177235949960368,0.19745176337981132,0.01405957648414163,0.012094632163891138,0.015525945287790697,0.03697329735828371,0.303334862804419,0.31221709952048177,0.1418710552110379,0.05148994357997974,0.039663327391764196,0.034267829199669884,0.021772565034367544,0.016729865964172922,0.22416607699504454,0.998783822236794,-0.026265885558449942,2.052881489239632,0.032246879334257975,1.5609601248266298,0.25158784229008596,-0.24303127207776484,0.01099335844768181,0.010559532845573856,0.014001482515140025,0.03572830388850349,0.18899358013634074,0.4197805815395544,0.1829740000075525,0.046994441567823064,0.030894247179300588,0.0293028869061304,0.016336765953420058,0.013440819012979005
cars,US,449,train,False,7060073620.0,1980,1989,1990,1999,10,10,0.2002324488368115,0.06029848755065287,0.00039411400044198075,0.30569274693066417,0.9721187032599881,-0.29476666908531907,1.0332693522591823,0.05929844097995546,11.028058826168582,0.12110082143959104,-0.21900671983278205,0.036706777966970416,0.04398436595687618,0.06385029844736428,0.1033468951277095,0.20194957662758245,0.2036501038963082,0.07991430837063322,0.05651033800887576,0.05454681927428431,0.061819784258847134,0.05109284571389377,0.04262788635065459,0.3052986329302222,0.9627613185223413,-0.21602763163967245,0.9892643770593111,0.10788608981380066,9.02691236856517,0.11656823315519123,0.6012859107151769,0.03456372150923182,0.03879598373388235,0.06405732728591389,0.0799826486580293,0.17324656625531093,0.21175453855680657,0.1041108167703501,0.06852812109656772,0.06727032843671764,0.060919992230878454,0.05384442556366577,0.04292552990264536,upstream,US,False,7060073620.0,1980,1989,1990,1999,8,10,0.06242647106581428,0.060093555834210804,0.02624943988065459,0.32238792390423626,1.0067730816905167,-0.2969102613452919,1.0335750874642888,0.060824742268041236,9.587071821305843,0.11245314598603896,-0.38074596194100935,0.04553296806240965,0.04514305293508271,0.06141933909493451,0.09390631620568349,0.18556805755631894,0.19272227250192564,0.08197723602507515,0.06295053916931877,0.055718255171743135,0.06852143631714229,0.05607196747882735,0.05046855948153833,0.29613848402358167,0.9629725913352484,-0.19831500537192218,1.0232944340394883,0.11669908307863296,9.006882745207003,0.1178448952292913,0.598082293321515,0.03451443434740453,0.03765583733917666,0.06356717537275297,0.08057105906874773,0.17470563942471087,0.21476873093655552,0.10420745506870713,0.06768273381496925,0.0646551026042231,0.06030502868495708,0.05408086699526597,0.043285936342529065
cars,US,449,test,False,7060073620.0,2000,2009,2010,2019,10,10,0.14110870133187392,0.07398999291122252,0.08482994881749706,0.5108964331804531,0.9696799406485894,-0.33689552646232085,0.9568956537529651,0.38835484756934907,5.8697722132596155,0.10735702820570839,0.593178823768765,0.041816558941697814,0.03665324021224044,0.050093290901840955,0.1001345357178295,0.1729174531217312,0.17419127882880314,0.0924597714511733,0.08517202760601016,0.0762925982064137,0.06691928489120968,0.056322094850176106,0.04702786527087399,0.426066484362956,0.9827172645343734,-0.24957891149761155,1.2284199076384137,0.0,6.759335113199836,0.11652097951239127,-0.3654232590385546,0.03352628807643437,0.03796186336504478,0.06749455938763903,0.10253699954134543,0.16466933878281506,0.20429295074265966,0.11523573698642105,0.08000823992589978,0.07257796576537243,0.05014810187275718,0.038260946514089775,0.03328700903952162,upstream,US,False,7060073620.0,2000,2009,2010,2019,10,10,0.142440876418288,0.0729294013534113,0.08066461047088569,0.5045444976662925,0.9727398019456455,-0.2987726469012658,0.9735807253938441,0.3913645170218655,5.862651812897869,0.10770058474263279,0.5991353038200571,0.042221607542451266,0.036856047993365615,0.050739785044312424,0.10155751450504989,0.1740017744511422,0.17503110341014613,0.09025878443251248,0.08542141515051559,0.07506330564300108,0.06597293775526974,0.055709343524365136,0.04716638054786852,0.4238798871954068,0.9827245001408761,-0.24836780983656664,1.2332063275379168,0.0,6.7601353053957824,0.11652904227386039,-0.3652702210429052,0.03359375500126533,0.0380353850740323,0.06785696545240368,0.10280109754552991,0.165157532109187,0.20411292716326326,0.11456626150356866,0.08001279027394637,0.07252398925921673,0.0499108756791693,0.038241209299981274,0.033187211638436194
cars,US,451,train,False,7060008710.0,1980,1989,1990,1999,10,10,0.13776919801505666,0.09264181661193632,0.08225760448581076,0.3237178312207538,0.9350720153096027,0.16924808203047575,1.1568943541827401,0.0,71.63498213911933,0.12924235175125154,-0.32556481267799864,0.028771657132681202,0.031347705150624815,0.06022645783633074,0.10707267754746079,0.1651267315513335,0.21938711629201132,0.15901181671690368,0.07286817310968523,0.0456042977914939,0.04778908838278626,0.03393662260835996,0.02885765588032864,0.24146022673494305,0.9201582674133303,0.028177543231690316,0.9574616408821446,0.0,62.41554319358462,0.11465838825101682,0.650666311425186,0.05182921800660107,0.05173930278302308,0.07943026984355757,0.07488859071742712,0.12911599914786298,0.21941464482710982,0.13749317362470906,0.07196763275914772,0.04483875201244499,0.04652682022613513,0.04764204316233751,0.04511355288964393,upstream,US,False,7060008710.0,1980,1989,1990,1999,10,10,0.13784831376874407,0.09308421289192695,0.08039146230554944,0.3246750176915947,0.934949193863641,0.1683354243134545,1.1637725521915736,0.0,71.64505064330687,0.1292402483680282,-0.3257093267192358,0.028809464885996023,0.03148896850852117,0.06044511722613424,0.10757707769203328,0.16594172223477385,0.21918947382457787,0.15827619866271267,0.07229613536055815,0.04561005935479671,0.047782714745186805,0.03371183798891156,0.028871229515797785,0.24428355538604524,0.9201405944174225,0.04067647113297507,0.9653006331545204,0.0,62.41937732749178,0.1146699168610953,0.6507793378560013,0.051999870887118424,0.05178482459164871,0.07960139477357618,0.07487155632778013,0.12988218940879032,0.21950851158422693,0.13671116501713323,0.07158363046945738,0.04478868043959059,0.046562473495382874,0.047644776526316546,0.04506092647897881
cars,US,451,test,False,7060008710.0,2000,2009,2010,2019,10,10,0.487099481986538,0.09592993372917427,0.08444577770437783,0.12979874877594105,0.9262510682177284,0.17726987843336317,0.8686424712243862,0.0,38.217058606942075,0.09893683777914887,0.4183264091248917,0.0600769064903179,0.06011674095455655,0.09021606427948498,0.08887513407913673,0.13209959182865605,0.17333826182033024,0.10711412282289556,0.0658018282547218,0.05559183973753937,0.0583305130075347,0.05557455382206908,0.05286444290275718,0.2142445264803189,0.9490221955880126,0.006408994412088977,1.0659061179816054,0.0,62.201645744618794,0.12120930367941184,0.3299818209125144,0.04631227713926477,0.048232843423248434,0.07685230630379805,0.09365526645118624,0.15084708405341468,0.23222689943979435,0.12062779433579754,0.05591344893900733,0.04444381940705949,0.046443940156450966,0.04300163202080102,0.041442688330177176,upstream,US,False,7060008710.0,2000,2009,2010,2019,10,10,0.48728121569506616,0.09626933486099307,0.0819166733997728,0.13899259893238797,0.9266630788760967,0.20836068036942,0.8860368074112506,0.0,38.21258399561523,0.09894962680781001,0.41945686829900386,0.06014106556060344,0.06030880353113062,0.09041621657623358,0.08828892274119889,0.1323445057215831,0.17355475386111271,0.10659076400984441,0.06582348066092503,0.05546639069734065,0.05844485307451135,0.05560603727317139,0.053014206292344754,0.22090927233216076,0.9489665009274014,0.03639700557845039,1.0772016883246043,0.0,62.205666757940854,0.12122401821442702,0.3295649432997942,0.04634644039655844,0.04830766770450784,0.07731887599738871,0.0936100808057327,0.1516764414690792,0.23214366874150535,0.11961809017841504,0.055689233892474,0.04450402892975571,0.04637360006386264,0.043022506494384875,0.04138936532633562
cars,US,456,train,False,7060073620.0,1980,1989,1990,1999,10,10,0.19397852372617264,0.10004898735402348,0.0877753475648016,0.18164272735736248,0.9978190510600973,-0.03716871748056077,1.4330299227032486,0.0,7.5507044370519365,0.16558845271165717,-0.27783048163923824,0.030398361102850397,0.03137806857037311,0.05246998820518967,0.10119565880642256,0.23859962725144696,0.2840209852509892,0.07989610834825837,0.03353348179776232,0.0387409987783453,0.04298162573499318,0.034430274863598995,0.03235482128977005,0.2694180749221641,0.9839723658696103,-0.18157499696440824,1.3646278506722334,0.0,6.219330958994079,0.15382917893809842,0.6054385463905922,0.04002270580369236,0.035784660522184666,0.06937173196902287,0.0644273806757848,0.1753189180280612,0.30482254732631364,0.09498282116097634,0.04331662019901404,0.04524890595824858,0.04668961230008172,0.04131280512886739,0.038701290927752416,upstream,US,False,7060073620.0,1980,1989,1990,1999,10,10,0.19060118003344248,0.10024561185054644,0.08188825909191383,0.18165544725280658,0.9975258614203181,-0.07356248215242443,1.4409230451309871,0.0,7.559560032894737,0.16569111925206015,-0.276850135491928,0.030245700490712013,0.031498471114350494,0.052763335028569724,0.10184447158031387,0.24053021917502726,0.28266164804173,0.07865958474867442,0.033444856317384516,0.03883030502469878,0.0429047104907936,0.034336931404571336,0.03227976658317401,0.2635437063447204,0.9796956113518348,-0.15176809100927385,1.3719455804379623,0.0,6.247690102012682,0.15409218811617723,0.6017646517989719,0.04009956235493398,0.03594217252920649,0.06971897901764366,0.0648708238329009,0.1772582550718938,0.30456057826411675,0.09350221611542829,0.04229462781987869,0.045312495311197895,0.04647659800112725,0.04137584325623604,0.038587848425436264
cars,US,456,test,False,7060073620.0,2000,2009,2010,2019,9,10,0.05831101399992027,0.08529400676474115,0.04324152021624361,0.2208278974905376,1.0153872349115038,-0.1837776212878215,1.2118976497707954,0.0,3.974980712455272,0.1267994268440707,0.5254313198564357,0.054065673072402336,0.047709006944073776,0.07841321467571538,0.09152957683727123,0.22445143056074698,0.20315619276400387,0.06454451197212847,0.042490781858217336,0.04117611714681606,0.05307809213268938,0.04952632871144892,0.04985907332448624,0.2640694177067812,0.9939574519108053,-0.1071792672623858,1.559111760647753,0.0,4.213656971185136,0.1297561011972431,-0.42077348427223377,0.04962930838517318,0.05092501077317402,0.07044177762225007,0.07369809032716691,0.17857768033062774,0.24983649469159352,0.09469355567770443,0.03443491821463687,0.04395695674956038,0.05554590983242045,0.04879590894408294,0.04946438845160965,upstream,US,False,7060073620.0,2000,2009,2010,2019,8,10,0.10569638896977038,0.10573606956587225,0.03522021176267251,0.22083893395156676,1.0158513915581604,-0.1711214692223489,1.213449313232842,0.0,3.8206778084079946,0.1220105280982556,0.5141193654704396,0.055933530111592154,0.048665866313623844,0.08346544028842293,0.0953060475538139,0.22745602364874587,0.1800797052060016,0.06228133807412186,0.04168609150739199,0.04156108707676959,0.059493811423871716,0.051961618047970136,0.05210944074767441,0.25605914571423927,0.9828694102253496,-0.10653169128526335,1.5602544315365086,0.0,4.246623652942802,0.1300856687257791,-0.41920848826623325,0.04977769183014304,0.0510598573149249,0.07070994618809047,0.07381915682116919,0.17997191794062817,0.2499183558923101,0.09347165321135768,0.03360021852446405,0.043874199817796514,0.055507452208672384,0.048884307810551315,0.04940524243989228
cars,US,467,test,False,7060073620.0,2000,2009,2010,2019,10,10,0.09120895039698482,0.11106252278477445,0.0597743917785139,0.4468360595360856,0.9693267967361094,0.3028675451147182,1.5273312854001904,0.0,8.075257229713914,0.20430037618885427,0.3844564086539522,0.03759778157189159,0.03490867416187645,0.05204473086427171,0.10981073676289337,0.37235655536982504,0.20523060999866138,0.03774923629663224,0.020931392972034394,0.024474252131568182,0.033841415461139605,0.035096977925952615,0.035957636483253196,0.5066104513145995,0.9581307709649596,0.2801441686104416,1.547601356180838,0.000547645125958379,8.846427224570217,0.18679403271336936,0.15681232918670812,0.03126297291674043,0.032199385792856985,0.05267135645357559,0.11227544058466239,0.28219108223319683,0.28610486730229867,0.062096071980667945,0.022509783436029038,0.02564596205360223,0.03299518610011723,0.030274605136386093,0.029773286009866604,upstream,US,False,7060073620.0,2000,2009,2010,2019,10,10,0.0908073021602415,0.11151367100236022,0.05924544174078106,0.44718494903775585,0.9666072378207502,0.31727809289674846,1.5345179170132326,-0.0002754062241806665,8.100149545579729,0.20511125701542723,0.39005706153670766,0.037655971820411395,0.0347605198390311,0.052372966719336285,0.1113213906479145,0.3744939716560547,0.20259320433067954,0.03724837813378872,0.020449758621101176,0.024281098475185493,0.03394740647436799,0.034898560410242974,0.035976772871886144,0.5064303907785369,0.9555350408566341,0.28656840993574584,1.5503232125546706,0.0008246289169873557,8.870133315008246,0.1870262967144657,0.15685097413013113,0.03134032413534186,0.03221755993150818,0.05301168640586659,0.11322558158164302,0.2839407868936485,0.2845921130899119,0.06119689633058044,0.022386463769476766,0.025367726752887287,0.03275342122115451,0.03032146874088247,0.029645971147098608
cars,US,469,test,False,7060008710.0,2000,2009,2010,2019,10,10,0.04802624494837366,0.09702932291768734,0.012213394859888926,0.4514458862548698,0.9805789130087681,-0.17754256640928423,1.4776283333603695,0.0010979961570134504,0.9873688521314118,0.19081039444799294,0.27776546561872933,0.03640902539908538,0.032145303747464084,0.03870044141231342,0.10924542640993928,0.3684440858387872,0.1672285271600689,0.06891554604481397,0.03522072107675855,0.02537959954501244,0.03907190854245854,0.040784289086690795,0.03845512573660749,0.46365928111475874,0.8947583946959263,-0.16935511116039959,1.4668121777698093,0.004654983570646221,0.9410699146189501,0.1726258614549857,0.20500062856434373,0.033455990732079624,0.029742275339999267,0.04129538518653396,0.09551132894016685,0.30073587664931584,0.23826656170535937,0.07413715213338685,0.04549732353745109,0.03327773559392334,0.038933162637832204,0.0352876422326061,0.03385956531134552,upstream,US,False,7060008710.0,2000,2009,2010,2019,8,10,0.1508048427383685,0.0838354532011198,0.03743149401524154,0.4130908565376275,0.9252589607653996,-0.1926862348760934,1.4335888708770743,-0.0017568517217146872,1.110613843991567,0.19880461593307627,0.23810405761554246,0.03394228119590978,0.030062259416661633,0.034533902259771,0.10478273428273223,0.376818008818634,0.17698486494113685,0.07329204219049124,0.03580351473531918,0.02355252946478542,0.036257829092380525,0.03812127725609315,0.03584875634608504,0.45052235055286904,0.8768309698324068,-0.15924281360414813,1.4671496048459494,0.004772599663110612,0.9551451431779898,0.17503816989226123,0.2057442457231516,0.033675295622543705,0.030064719373516232,0.04106751254398957,0.09709287475527059,0.30540584152674116,0.23776779150832678,0.07380636271477477,0.04188050944278556,0.030898878881391513,0.038836620836881254,0.035336854360393945,0.034166738433384955
cars,US,470,test,False,7060008710.0,2000,2009,2010,2019,10,10,0.23466139134052758,0.16416391726790366,0.014837509121056747,0.2951550807046913,0.41332205619290874,-0.023180268407345564,1.7999240379557593,0.026641032683328757,3.435033563924035,0.2308020220093691,0.3834017982536202,0.020709686808337745,0.016065551624842737,0.0166120076252023,0.039242773901506114,0.3479785832981051,0.303284624619474,0.10097633894270938,0.04031244304155383,0.031749888758046234,0.03550276692758382,0.025702349542921617,0.02186298490971726,0.30999258982574807,0.5073795397408399,-0.00432155874845137,2.0228813739051588,0.0,4.343533068955665,0.22898079981873348,0.20644602372992707,0.016781354518125628,0.013881923889046776,0.01571320760355468,0.03932283658529868,0.1932222542105007,0.4001201502237978,0.1519091364419867,0.047541186138337195,0.03940116556981437,0.03693827849954227,0.02467928042130455,0.020489225898690677,upstream,US,False,7060008710.0,2000,2009,2010,2019,10,10,0.23675975242776198,0.1686348561358487,0.019164736692788065,0.295631999210478,0.4130052370092731,-0.02063293996815673,1.8137446932675294,0.028278347657332965,3.441099528694205,0.2317951194748991,0.38875957477023726,0.021267243128167586,0.015682184871051878,0.01653772472322452,0.040127630851513114,0.3538490753256957,0.2983695033034844,0.10014746964360267,0.03984975563255244,0.03140465318932914,0.035168174529807576,0.025580472389483567,0.022016112412087417,0.31479673590326607,0.5051082914562386,-0.004128115282368474,2.027434479020057,0.0,4.360343345274179,0.23030166057582727,0.20154907319543228,0.016809168230461604,0.01390801106644811,0.015727941011974077,0.03956574972481128,0.19552922119410107,0.40168352683439246,0.14958474277105854,0.046531067413749246,0.03930133598454874,0.03647373943087597,0.02450585786396419,0.02037963847361481
cars,US,477,test,False,7060073620.0,2000,2009,2010,2019,8,10,0.16129518191816783,0.08290095299732264,0.050863834702293886,0.3127136822483656,1.0120246521870793,-0.29454720321232475,0.6775665369023748,0.0,9.067632638182106,0.09141889932584125,0.3296614192564198,0.07294269534463167,0.06567867781995816,0.07273914558760165,0.07640914907295225,0.1350821627501167,0.14660812328217748,0.07448633240746524,0.07068516677194937,0.07328005767596774,0.07245117660540601,0.06908926447185233,0.07054804820992135,0.2618498475460717,0.9748682503509897,-0.32837134314231037,0.677268286490606,0.0,10.654756390086037,0.09339424009117937,-0.012849810395901523,0.05877764611590412,0.0585157493843183,0.06752608883769484,0.07226941455819844,0.11565527227968489,0.147735796694702,0.11681137988608327,0.10319381209214631,0.08021964446195097,0.06729580419577778,0.0553007306484512,0.056698660845087914,upstream,US,False,7060073620.0,2000,2009,2010,2019,8,10,0.1612731393955612,0.08382518675585258,0.052887475934209505,0.3057173466462336,1.0117044471092682,-0.2891412316709697,0.6878436860313049,0.0,9.068232796987331,0.0914180927682551,0.32971466668404237,0.07295547152351144,0.06569173840775334,0.07278045090686804,0.07656782003591925,0.1361997149836826,0.1456515455800348,0.07393095851950982,0.07079421607450351,0.07330075594107407,0.07247442909528233,0.06904869121878227,0.07060420771307853,0.2528298707120241,0.9748520592971666,-0.31161232751472984,0.6840753699174812,0.0,10.655226725082148,0.09341910568608464,-0.013099394957295157,0.05886499609075533,0.058514058375723745,0.06753793241971658,0.0722888776592475,0.11616868426727926,0.147826781707901,0.11651024205656492,0.10312190141220051,0.08004373769430838,0.06716330075526648,0.055268141495948594,0.05669134606508774
cars,US,488,train,False,7060008710.0,1980,1989,1990,1999,10,10,0.06563524954376375,0.1120257761892356,0.11813887302660742,0.18971329810181348,0.9565550108965482,-0.11912515956005221,1.1237044761525332,0.0041062140706268815,6.174178508690495,0.10748027807622905,-0.5711483354543516,0.06146040373532604,0.058871964188957765,0.06730379360137251,0.10088993175334805,0.20932433829129626,0.14096110118626956,0.05614267088894291,0.059318911995484544,0.06627284894590577,0.06520859449158402,0.05771625515453159,0.056529185766980905,0.3078521711284209,0.9459857841513497,-0.2791115436930152,0.6979121653015539,0.0,5.781947647096615,0.09328518328460407,0.43325369637802646,0.07520559644757803,0.07343095601189385,0.08629349849569733,0.0792009611324036,0.13822242302481955,0.14971436279455858,0.07352328172569969,0.05108731613079837,0.055269554508777505,0.06854279222930997,0.07990601592970989,0.06960324156875361,upstream,US,False,7060008710.0,1980,1989,1990,1999,10,10,0.07266537949546947,0.11488388972928879,0.11768892732474795,0.18719380374653122,0.9553962951980411,-0.11794528260887836,1.1215923542991524,0.0011083402604599602,6.231703241895261,0.10774448976861001,-0.5954758992269733,0.06160571950017201,0.059148295456642325,0.06754390142167148,0.10192280492447005,0.21082980213130004,0.13934111885181008,0.05614383356105456,0.05939604762372901,0.06652141239899997,0.06301731103795041,0.05764043984102065,0.05688931325117939,0.30488273107127917,0.9429483053133062,-0.26744043264249945,0.7070774431829199,0.0,5.794935285913528,0.09329149262058145,0.43061991040805636,0.07563566184350948,0.07385437281042269,0.0865066465243564,0.07924632691568355,0.13908759743695776,0.14869248350035666,0.07319617289045216,0.05054151311757205,0.05491073987899692,0.06827396962759237,0.08008931764249674,0.0699651978116032
cars,US,488,test,False,7060008710.0,2000,2009,2010,2019,10,10,0.24112938072008314,0.0903211158106636,0.1068485735936065,0.3940022152372216,0.9727130898824928,-0.28922811462367026,0.6772365156965107,0.0,4.691798381238502,0.09347338205512741,0.2243600451060676,0.08572592254574206,0.08110880672218972,0.0896080268644719,0.08295411086101809,0.15336257282173654,0.12069499820529368,0.056615942374220025,0.03910839910388678,0.050982245414300235,0.07837947291052698,0.08494383789218254,0.07651566428443127,0.2871536416436151,0.9511025671047619,-0.30065223373778327,0.7439102251019091,0.0,5.97118463974475,0.09060942378580158,-0.0642885113055557,0.06780565357697531,0.0635225315237966,0.07955262356659511,0.11753094036179937,0.13547177095262367,0.12110609217073381,0.07223238549064225,0.0649169954977576,0.06489039824844951,0.07651680110256964,0.06620976129683191,0.07024404621122533,upstream,US,False,7060008710.0,2000,2009,2010,2019,10,10,0.23790299756759675,0.09376519990140154,0.10831186822500477,0.390309253085163,0.9634935032883928,-0.2726696748352238,0.6925615514293025,0.0,4.712661944444444,0.09386933718221681,0.22388798550727954,0.08644495152332814,0.08190210734284817,0.09008025247349295,0.08375031969134218,0.15468705083697978,0.1197217920539483,0.05518065603757914,0.037228487815597025,0.05062578751346181,0.07760364026393905,0.0855522029511158,0.07722275149636768,0.28199738486015824,0.9494206725290236,-0.29298722878633043,0.7546687624641203,0.0,5.978417582417583,0.09057471552710689,-0.06646635283467868,0.06806902484394416,0.06343293458521128,0.079646429648038,0.11809034696233338,0.1353074061275357,0.1204864659691638,0.07158317648096817,0.06487144233102221,0.06524081126984244,0.07656552139931916,0.06632879074178916,0.0703776496408326
cars,US,497,train,False,7060008710.0,1980,1989,1990,1999,10,10,0.010514603242059347,0.03330928898283356,0.049777127707475166,0.4786282147657819,0.9963163272394652,-0.12313690108154107,1.432922018615701,0.0,3.9177262252784093,0.17918592656981155,-0.2140947908010343,0.027011626387441156,0.02535867879056728,0.030991642177189162,0.0591027820650949,0.17113139007063355,0.33491162275864256,0.15376433905538764,0.056383928955456075,0.04140800467246675,0.038506715819911136,0.03144967775102898,0.029979591496180905,0.4288510870583067,0.9784047135290982,-0.14625452034218897,1.4349353307319899,0.0,3.9591368889788394,0.18538374250833153,0.32976828004944736,0.02912921089629166,0.025598711827890863,0.033892136897635865,0.0521726092292335,0.188292928231252,0.3421288575808221,0.14277608310950207,0.04856162391950056,0.034111032335418824,0.038344622316586155,0.035122081484443776,0.029870102171422785,upstream,US,False,7060008710.0,1980,1989,1990,1999,10,10,0.01073181252126943,0.03303917640563846,0.05122161713451484,0.4764693052461867,0.9961150289851983,-0.10838027265420228,1.4380975952783093,-0.0008225939128050452,3.9213778448039482,0.17948275570605657,-0.21391373651885545,0.026946357542497114,0.025370413036888695,0.03110612942281679,0.05949977152370786,0.17290715191977774,0.3351923064148521,0.15227205425534032,0.05591771077593485,0.040899388970136556,0.038536660917757974,0.03137302888940244,0.02997902633088751,0.42524768811167185,0.9779168860169473,-0.14279630619892536,1.4376740247049962,-0.00027419797093501506,3.9636879627090758,0.18558991524702223,0.33098778186103883,0.02915332982372884,0.025550704676467268,0.0340275755297093,0.05243888687889857,0.19013480616814138,0.3420644775681622,0.1412831870344787,0.04809488660772283,0.03398288687336438,0.0383665950218497,0.03500366986566423,0.02989899395181234
cars,US,497,test,False,7060008710.0,2000,2009,2010,2019,10,10,0.1117978972061238,0.10792166599030209,0.09592122285851173,0.3445191078284952,1.006474514072977,-0.0025199370886710456,1.4113733900966206,0.0,3.783163229031528,0.1779588241261239,0.47155219926654723,0.032398077752115055,0.027789477344541097,0.036855117493384826,0.07863010004879542,0.2602098227426906,0.29246730307145974,0.09521814194340203,0.03747418049631785,0.02889008867552063,0.0381570253957742,0.03711499916865044,0.03479566586734793,0.24859788496998347,1.002118963736275,0.04403369586393196,1.4833114280449164,0.0,4.230661610652095,0.1946751155914499,-0.10454627423033173,0.027663239570516116,0.024754372967823266,0.03237783386142245,0.0655258640150329,0.19458018113443085,0.3555702578460702,0.13423508093724681,0.04327595271816474,0.025779679717172536,0.035279124784408984,0.031966831435437146,0.028991581012273927,upstream,US,False,7060008710.0,2000,2009,2010,2019,10,10,0.11271219538020485,0.10838153701327806,0.09364342516201152,0.3400521138301063,1.0045229091418788,-0.014786425379202986,1.4162698278692105,0.0,3.787257471894708,0.17813977622672997,0.4706030130072,0.0323756049755693,0.0277895629116672,0.03703078917310931,0.07942440151148325,0.2623437894580763,0.29109366782584123,0.09393751636243164,0.03726717562999706,0.02866133299662442,0.038321466467730395,0.03700877953056908,0.034745913156900954,0.2464086886680948,1.0000837267508524,0.06015407664772854,1.4864687831025245,-0.001372495196266813,4.239114191600329,0.19471246681264498,-0.10071544534438236,0.027666672731945605,0.024761231445022056,0.03253577505490642,0.06597525508652963,0.19668300903193425,0.35497655812860807,0.13278564080395036,0.04291769789898954,0.025452673243630666,0.035364483008682265,0.03191374940240275,0.028967254163398487
cars,US,500,test,False,7060047060.0,2000,2009,2010,2019,8,10,0.1312707645166871,0.042469365874450826,0.03129100880741886,0.38839135679092923,1.0038372931584572,-0.07165816177305742,1.4893646805943848,0.0,3.7800416118848514,0.20206164813283836,-0.03237738487333443,0.012758521110212624,0.010630421600756156,0.016390393107901243,0.045321084266213216,0.26426462976387993,0.31563921404948736,0.14655742244509132,0.06273878075068126,0.046369890693149826,0.04109310625578878,0.021787498553782498,0.016449037403055644,0.35710034798351037,0.9983923094577102,-0.0650925800080276,1.3959513414862494,0.0,3.3150219780307,0.19113430188584585,-0.06748792925571638,0.013810123247478052,0.011740446580027895,0.01727437948101141,0.04857092718999097,0.22283990871170736,0.32352530505732807,0.15036432700712551,0.07100258715361728,0.059513080975144406,0.04339497165594155,0.022559550359850022,0.015404392580777459,upstream,US,False,7060047060.0,2000,2009,2010,2019,8,10,0.1301443807730583,0.04316275672879761,0.030079203402925525,0.3863352444733229,1.0040856800161917,-0.07483304603985523,1.4915396801197731,-0.0006849315068493151,3.7817517123287674,0.20217394523568394,-0.031148955676618413,0.012731561033676956,0.010552477357244123,0.016471130514551905,0.04591932328236309,0.2673448513341149,0.3137111661398488,0.145518289659744,0.062448229443574345,0.04634476213503654,0.04087056489278226,0.02166315077406236,0.016424493433000856,0.3562560410703974,0.9972204892018481,-0.06604905463186672,1.3982607722946931,-0.0010995052226498076,3.3202594832325456,0.19121246853050813,-0.07102597379340726,0.0136754348666921,0.011741682164504918,0.017440780375762972,0.0486408594544761,0.22533542222999323,0.32233880923618174,0.14961258715878265,0.0708309159354866,0.05935092536664971,0.043372173962572064,0.022389243440573078,0.015271165808324856
cars,US,502,train,False,7060008710.0,1980,1989,1990,1999,10,10,0.07392213390722384,0.049210668915683486,0.09932763517712451,0.3791958479881675,1.0000017558830407,0.13608016719848678,1.3380054058027475,0.0,14.2322355995866,0.167885436928728,-0.17503745982608077,0.01954636604245593,0.020232094973109394,0.02548009946097087,0.04461944137288428,0.14077385638905912,0.2982079802948342,0.1954850265663789,0.1058002647977283,0.058850582058417075,0.03716382651849047,0.02873687099051708,0.0251035905351544,0.279868212811043,0.9784457669076642,0.010703754352396191,1.2154046640773863,0.0,13.218103543422703,0.1558156286615056,0.5632277183020994,0.026950343409598725,0.025285323267924206,0.03357809709157199,0.057251668258489465,0.13987847681469265,0.29073306000033133,0.17627867330917957,0.09088071292959835,0.05213611813693234,0.04173008434572652,0.0363963943998595,0.028901048036095642,upstream,US,False,7060008710.0,1980,1989,1990,1999,10,10,0.07408203375947224,0.04926284964901934,0.10064538892895508,0.37914119733273033,0.9997861171876989,0.1352998164212602,1.3401392480759613,0.0,14.23505257393209,0.16795833593276463,-0.17491162521927103,0.01951273344273115,0.020259370852522,0.02544984254731794,0.045001701598486925,0.14210692209341164,0.2986253792625657,0.1943219508974768,0.1054460731007941,0.058470221026217385,0.03704854645479284,0.028698941561883514,0.025058317161799893,0.27849580840377525,0.9784328940406838,0.003616115051080574,1.21795632086545,0.0,13.218605969331874,0.15594945552944744,0.5632533490883941,0.02692759253988076,0.025286410387429566,0.033738331717326736,0.05749020043750358,0.14090362979312265,0.2914052346930665,0.17493134915190675,0.09038218205697605,0.05208530103637442,0.041630742653826366,0.03635398584038907,0.028865039692197614
cars,US,502,test,False,7060008710.0,2000,2009,2010,2019,9,10,0.2801152058414193,0.08778303641349514,0.0768897575528199,0.22734719598441233,0.9933334049743603,-0.17558482843623688,1.1256076117205311,0.0,9.90039030601447,0.13902218716442255,0.457873434038527,0.03502803036807792,0.030734822185781555,0.03820185588389523,0.059938262060338046,0.17281083714474768,0.26210345739331165,0.1340981448399401,0.07561631646908014,0.05918978538968055,0.05561080698172234,0.03925880117908948,0.03740888010433533,0.30423695353723224,0.9814249876159351,0.01807875771798611,1.2963362857196745,0.0,13.101010793698741,0.16517223828806843,0.02994081694679821,0.02796789552495127,0.026812879793608125,0.036021529537502775,0.06011069748377714,0.15897519335986465,0.3002989400684011,0.1835132631549067,0.06963188438897293,0.04074750610068499,0.037853295986311784,0.030229471412774527,0.027837443188244063,upstream,US,False,7060008710.0,2000,2009,2010,2019,9,10,0.2814997783417293,0.08825369894919863,0.07572645772328052,0.22638360625180481,0.9935786320990024,-0.17166344078345397,1.1291899154411202,0.0,9.897273363774733,0.13911224149209855,0.458864656884744,0.03502786601466394,0.030764403756421022,0.03827612008079466,0.060478443657883046,0.17453654732575055,0.2617745711247502,0.133192442067666,0.07454316938542765,0.059191094341651464,0.05556670851615636,0.03920283934726361,0.037445794381571446,0.30211006397508533,0.9792143789987712,0.016652646689492127,1.2974681725746326,0.0,13.115032347249102,0.1653945701135474,0.02776724046627369,0.028033370187772126,0.0268317783188642,0.036180900878536516,0.06053052768518259,0.16058248704726127,0.30043173828266634,0.18273688983164899,0.06913034177151574,0.04074439923273511,0.03673182021015125,0.03022992228525403,0.027835824268411847
cars,US,505,train,False,7060047060.0,1980,1989,1990,1999,8,10,1.6298726436036406,0.43495286178773407,0.5124809246250149,0.7575121462286086,9.426098110841224,0.501193986026175,2.4708231877491404,-0.003080082135523614,0.2833234315636501,0.262682457010038,-0.8205048370927956,0.016864039046687915,0.014687019292712667,0.03569270567623154,0.14700666791719685,0.451210055378009,0.17710638267162257,0.0354070835029843,0.032132720974857566,0.01977028869813969,0.026216592411211093,0.02440300485336243,0.01950343957698429,0.2450312216035937,1.020314433389794,0.01936559489813849,1.479778990777827,-0.03420467185761958,1.445863147880445,0.12616094544182807,1.434682890006034,0.01788165996510973,0.021859268492332832,0.042411804579241826,0.036610807143775084,0.12665305436369678,0.17797338103882382,0.19265251322307575,0.14416975952448152,0.09097327093617966,0.03092571496819244,0.07356293828015803,0.04432582748493255,upstream,US,False,7060047060.0,1980,1989,1990,1999,8,10,1.6319330783185455,0.4365037325442299,0.5061652152799498,0.75695619354522,9.432791987174063,0.5011619274696099,2.4756840696361335,-0.003083247687564234,0.2833415553271668,0.26217551506660025,-0.8229325378357,0.016840089278589345,0.01477135056838929,0.03607657839564538,0.14983665306852836,0.45059208728602285,0.17485497065558828,0.03506457705114658,0.03210353608020565,0.019772112289831386,0.026327753018472358,0.024326722880903043,0.019433569426677667,0.2507909782652702,1.020518451149211,0.0193244982747911,1.4896589732450112,-0.03937447640323931,1.4489380061435353,0.1263673981712667,1.4340721782931483,0.01799814094117407,0.022135057559321342,0.04213487639455912,0.03678897408129711,0.12713603372902416,0.17850337477188177,0.19223431464888632,0.14496033358985494,0.09025454998191243,0.030800515047564425,0.07409638774809695,0.0429574415064274
cars,US,505,test,False,7060047060.0,2000,2009,2010,2019,10,10,0.13729777138056576,0.09254348305972918,0.02915990490961856,0.20885385109238397,0.9971444216129272,0.17106441998098557,0.8813195654953467,-0.09282584884994524,2.4433777640403513,0.10209783255747427,0.10027797337427959,0.044486513388141066,0.04081859984424655,0.05960441661006403,0.07593242394898979,0.1099343324876443,0.16070907789339994,0.16000156949205072,0.094229736031418,0.08428435826233958,0.05592248067914023,0.05569759257923962,0.058378898783326284,0.23801375600200253,0.9982001670176605,0.2327945275755555,0.9659629670189073,-0.01259928786633799,2.129918338275398,0.09797784813812707,0.013859599691610599,0.05516862574463848,0.04687146183505716,0.05252573931117458,0.05890617950167859,0.09162485133927789,0.14521274571867046,0.13792540882629992,0.12542057340547846,0.10104394524938837,0.07805003843328219,0.043141005254557725,0.0641094253804962,upstream,US,False,7060047060.0,2000,2009,2010,2019,10,10,0.13762951929579398,0.09341483883877014,0.025079540392974636,0.21416520673928122,0.9974400043085483,0.17338540243691036,0.8879216960481103,-0.11056105610561057,2.4511867436743673,0.10217337766572748,0.10007974728289587,0.04441170645996108,0.04064329765503901,0.059671933230967915,0.07582147126821105,0.11060862169656939,0.160934371498954,0.1598919048102584,0.09383557839734352,0.0843811202561791,0.05572299177056084,0.055858980321491745,0.05821802263446402,0.23924474713225585,0.9977738855171647,0.23276970785175838,0.9848961678768624,-0.015947209238383282,2.1360167720648886,0.09806186901561584,0.009084077425325956,0.05480316959364979,0.047267667804610114,0.052173512326977,0.058981221165516504,0.09156417945721369,0.14586919575789645,0.1376778564940074,0.1258292739846973,0.10070844606679656,0.07765450378847509,0.04310647878607121,0.06436449477408876
cars,US,509,train,False,7060008710.0,1980,1989,1990,1999,10,10,0.08040344146107246,0.026761846785037173,0.021271205782740388,0.1088587151204575,0.8246108889719711,-0.04979369862726141,1.3463632426040735,0.0,8.535216537767251,0.18564800157755174,-0.14684042686596216,0.02242577591404065,0.019040679458080134,0.022690633766894147,0.039955983623341254,0.1653958786407602,0.3329690459081192,0.18088278452993928,0.08315878019762081,0.04725074892721813,0.03692100149909467,0.025543040360426723,0.023765647174464746,0.1301299209031979,0.7361866514264088,0.07617625132848975,1.405816961880382,0.0,9.24982070367568,0.19238009272986942,0.4140710147087582,0.023092376652583887,0.02065161833915538,0.025041033368080143,0.03860536206973578,0.1770322682577066,0.3434665638554055,0.17371004676395074,0.07539208344470087,0.044849699707041585,0.03349654688809421,0.023593713776238492,0.0210686868773068,upstream,US,False,7060008710.0,1980,1989,1990,1999,10,10,0.08235510732173498,0.02711852048854673,0.019697106264650904,0.11126444871223001,0.8246181778470747,-0.04311462899094975,1.3487465114833084,0.0,8.53538598412264,0.18568613862291206,-0.14693878931118748,0.022425601988982278,0.01901989960475969,0.022746066238793012,0.04032762915307412,0.16718214521501365,0.3329937861943475,0.17951261018163545,0.08266306689611035,0.04703524866207298,0.036887834144997564,0.025449935238447116,0.0237561764817663,0.13096155497688092,0.7357280068076351,0.0885836606202355,1.4066166237834947,0.0,9.268074882564244,0.19273677514068402,0.4121113574131066,0.023124332331589097,0.020623077381067556,0.02500998549155854,0.03892125028580553,0.17901836021607243,0.3437102643101552,0.17243096191983562,0.07501651031003308,0.04473309407905743,0.03351067462985705,0.02344206132625753,0.020459427718710885
cars,US,509,test,False,7060008710.0,2000,2009,2010,2019,10,10,0.1524550121083171,0.10019575276707413,0.12866725777422927,0.2271385713786674,0.5772523704903072,-0.07685556356212771,1.2814827949836458,0.0,7.5943320120845685,0.17242604904094547,0.2956216948721376,0.026963579780483957,0.021868012086812137,0.029217916919859678,0.052568475279712354,0.23122108431111146,0.293634792071003,0.13336352288170147,0.06982044835334725,0.046788292574131335,0.039159996854116134,0.028556421372102177,0.02683745751561915,0.0984713136044381,0.7220673768976803,-0.06385921443701953,1.4621871928295294,0.0,8.84504303693033,0.19286955233388506,0.0014419319793507995,0.024266225012790164,0.020475454627647487,0.025491923631060384,0.052749554958822234,0.1542405505018756,0.3555600256926234,0.1714529623480453,0.0665466312799818,0.042716104242431004,0.03559154360531109,0.026897610973595627,0.02401141312581596,upstream,US,False,7060008710.0,2000,2009,2010,2019,10,10,0.14870766939591581,0.10083790795668288,0.12746832414478595,0.22663711791862462,0.5759490835491896,-0.0705788392108814,1.280941935687923,0.0,7.622681330767117,0.17257673011391045,0.2886379577421094,0.02694020695367702,0.021542585309344803,0.02928946115834789,0.053183500956510414,0.23379948817783722,0.29229458327556085,0.13240292815257074,0.06963672082347475,0.04650401541035732,0.03911524482381351,0.028418581478974737,0.026872683479530795,0.09916879377383866,0.7220953340485962,-0.052018946047181616,1.4645910546891179,0.0,8.844854326396495,0.1928678680586174,0.0013526347415460025,0.02428349253382391,0.020454247690998482,0.025562910446504373,0.053153286692642,0.15585255602480236,0.3556190182174102,0.1699164011674042,0.06618665043951025,0.04262334323011554,0.03550928801617564,0.026826013280907134,0.02401279225970583
cars,US,511,train,False,7060047060.0,1980,1989,1990,1999,10,10,0.5622711937573648,0.18488100930354745,0.07798722008715508,0.06300718847173692,0.9834085340616254,-0.11437987366697733,1.5927459020645174,0.0,9.16245110613869,0.15969091879836272,-0.3630948940024309,0.01704965946551836,0.01726965711152161,0.024737351111227983,0.08213498395927485,0.2799219538231435,0.20002619391962273,0.11835677908847789,0.11731037048456357,0.04971498891925403,0.041249405107032976,0.03203278297796777,0.02019587403239462,0.140994408558892,0.9616035403370687,-0.21458508981423888,1.85929403242532,0.0,5.22180191691483,0.1629332780091959,0.9262558449715186,0.024138153752242836,0.02189294608889046,0.030299065666504622,0.055420831493436795,0.1562842134696705,0.26581721886413295,0.2167174932951915,0.10961548361526813,0.04250906251165051,0.029113718006172747,0.024540166871490493,0.023651646365348233,upstream,US,False,7060047060.0,1980,1989,1990,1999,10,10,0.5621687397667888,0.18510528241294688,0.07495738681063355,0.06555095543736236,0.9834533583657915,-0.12058660577875527,1.5976817000288297,0.0,9.163538461538462,0.15980102694949164,-0.36340645371335645,0.017009891079172546,0.01727400330867708,0.024831628080271236,0.08340912755852933,0.2806263985685063,0.19934982565486,0.11772627122942823,0.11720635162278906,0.04915226875123639,0.04151849625053839,0.031646984266128574,0.020248753629862767,0.1405083422479959,0.9616950779463032,-0.2113745265974586,1.8660347562480082,0.0,5.222956700465882,0.1628335678902757,0.9266342248123176,0.024132084628179583,0.02192053348811235,0.030455067219369924,0.055927808640827116,0.157693581296686,0.26593565340608727,0.2154797666078707,0.10917036845735897,0.04212797928322949,0.029087283520604294,0.024447323406075236,0.023622550045598906
cars,US,511,test,False,7060047060.0,2000,2009,2010,2019,10,10,0.17967210046941726,0.0891672696965378,0.03464442852907096,0.11800132900555574,0.9638647759623309,-0.17254988556638967,1.5325583773413194,0.0,4.18733978077316,0.13690708148014147,0.8086842109870972,0.03228726117088731,0.02973826715631313,0.051160495306424074,0.08986095480681902,0.2170361001268702,0.208694223325403,0.14465662949837302,0.08850052599727846,0.04156433276085877,0.036594395744156724,0.03228517899070971,0.02762163511590671,0.08335690047648478,0.9717689013060363,-0.10178065312317572,2.0101889576592327,0.0,5.011512348842008,0.1572997903851686,0.716404989833249,0.024910549925646085,0.02438363470922038,0.03077240775558283,0.0729922333178256,0.19719439139557618,0.25427163924206436,0.1882464832782494,0.0824086547019008,0.0415068823701009,0.029599209066448782,0.02624870872403265,0.02746520551335203,upstream,US,False,7060047060.0,2000,2009,2010,2019,10,10,0.1787959622642219,0.089104844376356,0.03122112014645312,0.11562480452300766,0.9639467392814867,-0.16893310657424868,1.538519010337969,0.0,4.191007993384785,0.1368677124334748,0.8105087323027431,0.03233040076285548,0.02972980491848163,0.051510173280761955,0.09092549104151884,0.21721374520987438,0.20850028250618205,0.14410367079147834,0.08808523682738884,0.04128970402257103,0.036699036111662656,0.032077391501480076,0.027535063025744797,0.08440368437655454,0.9717797486334034,-0.09991001000216694,2.014855361167455,0.0,5.011509857612267,0.15723153789278,0.7162010958676576,0.02491641093006384,0.02436516072475879,0.03091262971099278,0.07377513340866922,0.19778861737444048,0.25429572472655226,0.18728016787642293,0.08202672992520942,0.04142260909361222,0.02952688209408856,0.02620621292693479,0.027483721208254777
cars,US,517,train,False,7060008710.0,1980,1989,1990,1999,10,10,0.00979089939179792,0.04469606705057687,0.08123044041033689,0.5477265816759423,1.0085778179765754,0.3977771498031348,1.4251598205161846,0.0,5.090873958787099,0.192089959403674,0.013096571385245963,0.02120080533681515,0.016397245365298883,0.02180622454385375,0.05983773858269843,0.22460169148334694,0.3301353770225685,0.14308445477462892,0.05812602438957103,0.0386670402350528,0.03485416068222766,0.02691364632317632,0.02437559126076181,0.46649614126560546,0.9542086783765178,0.25035760152690933,1.366107690075214,0.0,5.1409630017897685,0.1794484145223378,0.364169913565679,0.0206827470587018,0.017350471771885746,0.025044713911341526,0.0537460525147682,0.2445016331585414,0.29393343291682617,0.14120007617583794,0.06163154558951949,0.04639098124199477,0.03905898101524161,0.03125839294055014,0.02520097170479133,upstream,US,False,7060008710.0,1980,1989,1990,1999,10,10,0.009796222440761648,0.044683504796931145,0.08120698899218082,0.5484004428020901,1.0085900017141933,0.40168396381739907,1.429006633877259,0.0,5.091067068163153,0.19216783293645695,0.012983623277085868,0.02115743758841162,0.01637264414011477,0.02194549338121317,0.060520491063718304,0.22621868505234097,0.32972816806924393,0.1416031300268399,0.05783762781441199,0.03857526653341698,0.034835012647822294,0.026836536709871364,0.024369506972594625,0.4671934538099093,0.9541717128855849,0.25194578775048,1.3732590885090246,0.0,5.141185377875136,0.17962570822967125,0.3642015628824924,0.020659622811702142,0.017335895735792115,0.025155881761278694,0.05431365768215562,0.24614455914585784,0.2934672851357312,0.13988515632169377,0.06130363068383029,0.04635482130033706,0.039106161616382196,0.031134542693129163,0.025138785112110082
cars,US,517,test,False,7060008710.0,2000,2009,2010,2019,10,10,0.08269897577879996,0.10215044551774696,0.028966538306095968,0.3768690160204692,0.9881558737017342,0.1794728565794016,1.2238817706426144,0.0228021978021978,4.07259820378444,0.1673610993557487,0.34990181372383244,0.02251533795384405,0.019188420335170497,0.029521492570551172,0.08466645491845383,0.2652580077038861,0.2574202711225028,0.1093062294471201,0.0640364772028394,0.0458102034284738,0.044580895650530125,0.03201434717548159,0.025681862491146457,0.3479024777143732,0.9763900959713779,0.16551882440590368,1.3305270245855867,0.0,4.4237163716057495,0.17505872298212466,-0.016523071143194522,0.021737939105558303,0.02035506967015831,0.030728206515369602,0.07600239735272826,0.18242878137330762,0.32587046622978916,0.13437954777347663,0.06741413586044764,0.0486861135751635,0.040845110510633185,0.02794895011085988,0.023603281922508004,upstream,US,False,7060008710.0,2000,2009,2010,2019,10,10,0.08494963896479611,0.1044954730884095,0.028036255461557635,0.37667294299469406,0.9860770037663202,0.1785990527553799,1.2287831535781621,0.023809523809523808,4.076169435215947,0.1677536020110659,0.3493661461726915,0.021968843025434004,0.019255899766924465,0.029878577399742066,0.08629656314787541,0.2685864086996754,0.2547523202276908,0.10881766668541269,0.06273600629866324,0.04556954081212656,0.04479966344099255,0.03170373352829196,0.025634776967170824,0.3486366875331364,0.9759850304320118,0.16932683982508676,1.3327618805610866,0.0,4.437571744539674,0.17522522887754452,-0.012944460746273645,0.021568284542409586,0.020352698702118668,0.030919841051139398,0.076425839949505,0.18436015582376264,0.3255142128718771,0.133359193061834,0.06685510292792891,0.04850443566407115,0.04082265087927334,0.027949502753681035,0.02336808177239904
cars,US,518,test,False,7060008710.0,2000,2009,2010,2019,10,10,0.06520985532248907,0.14843571583560955,0.00477665965031937,0.5176159493796735,0.9846043585581831,-0.09854546041896713,1.5462688468219858,0.0,2.622309191798437,0.19882347537599218,0.3503449224666028,0.02713532851378373,0.02516371043153981,0.033615284557364365,0.056766010015017125,0.3514108174839322,0.23766621411765768,0.07167002399513157,0.04828605065591573,0.0453424329759187,0.0411090330270551,0.031611982891644574,0.03022311133503939,0.5128392897293541,0.9887096271612902,-0.0553607419326366,1.872395046004646,0.0,2.45676500323694,0.21346652278898584,-0.11432422250629617,0.023421675416377626,0.02015460560967966,0.02469709900795979,0.059893038694891036,0.25499985479917875,0.3583978859323533,0.09624703933617167,0.043740665872346485,0.03832502923507289,0.03272779214783855,0.024343351057144944,0.023051962890985354,upstream,US,False,7060008710.0,2000,2009,2010,2019,10,10,0.07637709806369393,0.1486332595984547,0.012174067022235446,0.49206455984819475,0.9788799436756057,-0.021802149319694743,1.5568409390332334,0.0,2.6602881738639574,0.20363559375756202,0.34503114560304887,0.026485663580785586,0.025170494072347695,0.032901305737549,0.05775499631262374,0.35862686372707125,0.2385490017878285,0.06861299588208504,0.048100871252056025,0.04467343087047438,0.03987565091395051,0.030377593483821016,0.028871132379407527,0.5042386268704302,0.9859525627861435,-0.04122258064985243,1.8775894633298171,0.0,2.4646685966363386,0.2144222376936169,-0.11341600684731327,0.023482012624403574,0.020121814184986316,0.024956615987756607,0.06030402871438234,0.2579808628208327,0.35797691398918907,0.09526931087742031,0.04352932477328057,0.03740796453613589,0.03238836188704037,0.023818949760681784,0.022763839843890264
cars,US,522,train,False,7060047060.0,1980,1989,1990,1999,10,10,0.10602644131536675,0.08051339166880664,0.01306109137733398,0.10182267023143081,1.005193326154937,-0.09588139576756866,1.0292608458013919,0.0,6.879593217427011,0.12212756139456506,0.051270746077402146,0.022824384605222865,0.02276263190316906,0.04478079607055423,0.08851246516051986,0.15894371568861626,0.18510554651387218,0.1465985404645561,0.14096657665306556,0.07580842679316001,0.05171624770846981,0.03386521496567961,0.02811545347311456,0.08876157885409683,1.0039188306230782,-0.09104763339369079,1.010652582745362,0.0,6.187512100368025,0.11147611452075575,0.47613540516615094,0.037029047187092066,0.03259663735312838,0.0492211835013109,0.08108335199058535,0.12499685001365773,0.1597192262251508,0.17269725996630547,0.12721548411787334,0.0832169768790896,0.05399455550677743,0.03806046159085936,0.04016896566816966,upstream,US,False,7060047060.0,1980,1989,1990,1999,10,10,0.10670439531110518,0.08067042720813367,0.012530129588424782,0.10157178886402969,1.005314324063144,-0.09460539402897589,1.033021155840244,0.0,6.881214403066813,0.12218676207152938,0.05125256866556633,0.022812755730705632,0.022693496807326807,0.04506284173282381,0.08910002489037591,0.15929963933825422,0.18534977543946635,0.14624753210231756,0.14068151878646384,0.07538313968514769,0.05166386492424751,0.03366117931038737,0.028044231252483315,0.08904165927560491,1.0037373603809403,-0.0869877937450554,1.0147907400433203,0.0,6.184775781034006,0.11136981426382743,0.47559486493604836,0.036904858014189676,0.032644215325528886,0.049543024257036127,0.08152614082561306,0.12555042763331115,0.15945765494605488,0.17212872190464387,0.1272263078414475,0.08287292447220501,0.053892981660443685,0.03799210150371469,0.04026064161581137
cars,US,522,test,False,7060047060.0,2000,2009,2010,2019,10,10,0.07569034154316379,0.09029511347506915,0.04550509827479865,0.11691254428100045,0.9960058399399804,-0.12931981945998344,0.6898952403578583,0.0,5.443996671248963,0.10042449697616257,0.23988430647929215,0.04214328681397315,0.03511628106729082,0.05598792446975399,0.09003811526353381,0.11970957640222107,0.1474107867671336,0.13825207835654363,0.12422139878203475,0.07415536251262059,0.062073116564080016,0.06128752306213813,0.04960454993867663,0.0714074460062018,1.004439851385521,-0.1267544259534332,1.0128517262441894,0.0,5.872050050597648,0.11625611234024837,0.18643851490467966,0.04383338661451401,0.03844966021756159,0.049472876032883605,0.07095410985043356,0.11183354183378148,0.18577942447031212,0.18515507517762256,0.11908631551380654,0.06196321656767008,0.05310391740724359,0.04074044560082544,0.03962803071334543,upstream,US,False,7060047060.0,2000,2009,2010,2019,10,10,0.07502045499509363,0.0910230029642432,0.047595972947494736,0.1178565130813419,0.9949998181431922,-0.12996559007604133,0.6925642767117642,0.0,5.447595779665662,0.10037056968777677,0.23865764448914825,0.042157677951665536,0.03513483588139958,0.056269313482250005,0.09045467069404457,0.12009521750803655,0.14696535318428253,0.1381776197202605,0.12399525371338774,0.0739034877117368,0.062189243061659724,0.06121325303998934,0.04944407405128725,0.07026054013384717,1.0044296136255513,-0.12261586099282924,1.0142595791047284,0.0,5.8719972617743705,0.11627241403156599,0.1863202477363443,0.04393660407822338,0.03839640441708829,0.049626818656912756,0.07118625193720694,0.11221521530847907,0.18624149165470325,0.18488398955183638,0.11842705465178212,0.06181038953795871,0.05299863359119858,0.04068957618757302,0.03958757042703749
cars,US,524,test,True,7060073920.0,2000,2009,2010,2019,10,9,0.5932556532755087,0.14980602157415537,0.3278096082062587,0.6078183713614831,0.022553824367952086,-0.14723075502394586,2.4483105073956164,0.05557076375581713,2.253876915499272,0.14185587758953588,1.1962936124591788,0.05504181978344986,0.06318044610708126,0.06554293816957144,0.06276162311664078,0.2080305434182462,0.2451194383815703,0.13171501085576914,0.02858596039611626,0.027556957116526216,0.029941423902052244,0.04375137695573492,0.03877246179724137,0.2800087631552244,0.011033416909382244,-0.03439173000185789,2.3270897836049174,0.0737905695039804,4.079226798392751,0.13696571030347604,0.9166710579988675,0.03654416898776634,0.07091663995959196,0.11780938060126271,0.09775307875063635,0.148048486037202,0.2234766304051441,0.178607597130569,0.03650530377727415,0.01867093531542336,0.02308418989778072,0.02665969481312636,0.02192389432422283,upstream,US,True,7060073920.0,2000,2009,2010,2019,10,9,0.5810937966806785,0.15727104103212428,0.32099600094314995,0.6056334554122743,0.02255908041397889,-0.14641691575765156,2.4510271812190716,0.06323569668765398,2.2538379414180127,0.14184250547189403,1.1964547458834787,0.055247550487230464,0.06333328070134953,0.06516778874007532,0.06324631646964086,0.21037072754810662,0.2437719156544119,0.13021411905597655,0.028519288205050966,0.027592681887026658,0.029897719861002977,0.043840782580918634,0.03879782880920946,0.28463745446912436,0.011215499228741332,-0.03325188603847513,2.32452661357395,0.085152167230249,4.029846603135568,0.1344484517275247,0.9013399046881725,0.03738169183507842,0.07254179561344108,0.12017888959654029,0.09889350832944863,0.15164552599413642,0.21186427037542113,0.17948773107151364,0.036649909593273855,0.018475422895454764,0.023542669739648612,0.02703726749627415,0.02230131745976895
cars,US,530,test,False,7060047060.0,2000,2009,2010,2019,10,10,0.23098438395600374,0.0959961851123069,0.026151435830852804,0.22267387259007465,0.777807423639462,0.13071485694405935,0.9619574058060902,0.0,4.113342680167581,0.13106316656372854,0.13721018353409234,0.03353819255187603,0.026952001535421266,0.036185229760921686,0.06317960555842089,0.16525314494285778,0.2284824754080373,0.15704572679764864,0.10465879001773751,0.04555060502130322,0.058327845818530476,0.04476054760367767,0.03606583498356758,0.24882530842092745,0.6868980594931688,0.06433620806767171,1.2402041352072422,0.0,5.18215185528676,0.15341385720682393,0.11335887863114662,0.03169282418625508,0.029491979944105188,0.03514392402851036,0.04906568166149234,0.12163023326869574,0.28897482627111054,0.18668423753754745,0.08519555499806347,0.039540520867138426,0.04842848954918529,0.04643072785804174,0.037720999829854426,upstream,US,False,7060047060.0,2000,2009,2010,2019,10,10,0.2309653018264444,0.09669329981384249,0.027360420679322317,0.22146285246209962,0.7777881007739762,0.13176856528750847,0.9645752229943402,0.0,4.113272378866685,0.13109906659389078,0.13711991805587226,0.03353422357196137,0.026913271214333973,0.03641673539297516,0.06335017194443897,0.1666241841357496,0.2282449288503016,0.15634758226259607,0.10414870864641737,0.045379196187034225,0.058432292118667475,0.04462888592036195,0.03597981975516219,0.24882327314142194,0.686929358471918,0.06416485605405128,1.2426542314404683,0.0,5.181964403066813,0.15351982139766765,0.1132574342529079,0.031695311493535314,0.02949076579639953,0.035177986416997105,0.04924866313749125,0.1227243957499825,0.289439835083918,0.1858917107285178,0.0843270434030238,0.03947415561196909,0.048544656370402554,0.04632605484499644,0.03765942136276644
cars,US,531,test,False,7060008710.0,2000,2009,2010,2019,10,10,0.010921481231610323,0.10052738899045117,0.05429687249824905,0.24868947074154224,1.0052726228648867,-0.06595075145508854,1.7526663006707455,0.005474952094169176,3.4356444518700138,0.2285974879666776,0.820932923941889,0.017963152705631914,0.01836674512451414,0.054053028625371834,0.2277097578470377,0.38094353581694373,0.15548935270516082,0.04044764538039973,0.021591845815987075,0.019933911823785972,0.024793962130685163,0.021035231161836473,0.017671830862645413,0.1943925982432932,0.9841144030974391,-0.09642001372079327,1.7045546087596375,0.009038619556285949,3.398326281258394,0.1949209854112507,0.10087881457946456,0.016447572673409693,0.019607653885958462,0.055994522506831235,0.19620701995288967,0.316306642008109,0.21451867493001248,0.057882627330028795,0.027882319251955473,0.034524120560884324,0.023657665588154034,0.01958361908991326,0.01738756222185359,upstream,US,False,7060008710.0,2000,2009,2010,2019,10,10,0.011637633114233919,0.10109991230505563,0.0517884993991202,0.24304869606496618,1.0015602743306873,-0.07295367349281362,1.7551883000706274,0.006602475928473178,3.448763961485557,0.22893910483320518,0.8193767198858225,0.0180021835863767,0.018374703071259626,0.05458934034297478,0.23060487671878457,0.38038020439434195,0.15376639135588877,0.039550720761388346,0.021348397691591678,0.01983518685042912,0.024885657656826914,0.020982818077198002,0.01767951949293956,0.19126019666584598,0.9806676513393902,-0.09563311197554965,1.755013626132504,0.010723123453395655,3.408861149298873,0.1951610155261569,0.106017852437321,0.01645616544824709,0.01965740035431441,0.05657020616504496,0.19793510709929032,0.31653275827413846,0.21325633399117988,0.05728620712906923,0.027588984312666497,0.03420552042631296,0.023646905782113092,0.01955093180947809,0.017313479208145036
cars,US,533,test,False,7060047060.0,2000,2009,2010,2019,10,10,0.09073060417608056,0.09724468231892917,0.02104039072573495,0.07136324217767923,0.9944835097896096,0.009035113193039452,0.6884053924858059,0.0,3.078729183835402,0.0950263849174528,0.021576402155364244,0.05358451645708048,0.04860676661212634,0.059041846605243094,0.07154857904565531,0.07350511874106405,0.12747786371961822,0.14440682792140921,0.1315338681382095,0.08522295140612009,0.07556834123151478,0.06792567151982798,0.06157764860213086,0.050322851451944275,0.9951601769762516,0.07420611338091877,1.0344137647179479,0.0,3.371128360398114,0.11136496006849299,0.12118454442091232,0.06154313258740966,0.04373206327851471,0.05096324894147262,0.05728345249974108,0.06512667566466093,0.16612972666861814,0.19504103116100932,0.12634352763958034,0.07109441565373337,0.06002437615752789,0.04922250319961946,0.05349584654811244,upstream,US,False,7060047060.0,2000,2009,2010,2019,10,10,0.08822672460185056,0.0986471154084125,0.009701878379666545,0.0717785558395135,0.9888155618017536,0.027450659488675217,0.7020482330325845,0.0,3.09646476927328,0.09504987511240831,0.02254579585930364,0.05373847079440441,0.048819099158976365,0.059258764819822334,0.0714596131787438,0.07386740764365426,0.12765968838774147,0.14447177279957907,0.13195038490622882,0.08388176945675865,0.07531028173390471,0.06800453252896234,0.06157821459122375,0.06207667745984695,0.9951270351425263,0.10020492010365317,1.0449090844764541,0.0,3.3820694597574423,0.11165336965102665,0.11884473681654655,0.061749295933512784,0.04377143617175604,0.0510517884543854,0.057392706265645695,0.06546147609629485,0.1675337575390289,0.1952339939175958,0.12570744867951064,0.0707925446376034,0.059800175189410915,0.04815540937240529,0.05334996774285037
cars,US,536,train,False,7060008710.0,1980,1989,1990,1999,10,10,0.046424315007389756,0.017166371425664684,0.03370523036864981,0.3797459357380617,1.0023460103293729,0.11310140950201321,1.2357711020353013,0.0,6.40030337836283,0.1650129105136207,0.002089337116871795,0.027616359602279605,0.02474268954739179,0.0285276963183552,0.053810543678430904,0.18001393337452798,0.30624542782524633,0.14912896844798385,0.0706793290727827,0.048236917510548316,0.04301565272905601,0.03667376471212909,0.03130871718126815,0.3460407053694119,0.9998646361111037,0.20574176111613757,1.2889885119330473,0.0,6.109965197053034,0.16739423290784677,0.3642450011051548,0.028212847784375505,0.025106043844501755,0.027866976770473242,0.052350486012047934,0.17359367079171262,0.3097679083368163,0.1581814060996565,0.072873382933611,0.04967447443293625,0.04080321999666776,0.031052384964768157,0.030517198032432972,upstream,US,False,7060008710.0,1980,1989,1990,1999,10,10,0.046431680180783926,0.01739100397846831,0.03686756840420202,0.38510225732196884,1.0023440274005622,0.15936187162243598,1.2487657763666857,0.0,6.400527237886669,0.16502439551373269,0.001939900587143667,0.027582461169748627,0.02476069800915491,0.02850025272521093,0.05455515700997463,0.18140067334652749,0.3060655419247132,0.14785977373373724,0.0701972180467271,0.048182238956327436,0.04303590853579935,0.03651718912083191,0.031342887421247384,0.3482346889177668,0.999850902176277,0.20472546438908049,1.297604773050786,0.0,6.110133899233297,0.16742614208440895,0.3642315453661441,0.028271358397691806,0.025063536870161975,0.027913380214373725,0.052769022643823056,0.17506387970104612,0.3097045922622667,0.15681743412907895,0.07261749677077957,0.04956451738889782,0.04071441654059977,0.031072264313738395,0.03042810076754234
cars,US,536,test,False,7060008710.0,2000,2009,2010,2019,10,10,0.1315869747664058,0.09124972747032792,0.008336297374360008,0.24417167838446155,1.0090277508661536,0.024695204013992583,1.1363484488696003,0.0,4.755140577098704,0.14859848456030134,0.3434958931577558,0.03274500743985506,0.029308697411973773,0.03628752938905071,0.0696360655180157,0.23454479069908243,0.24783024807697507,0.10856602380871487,0.06570300641695338,0.0524136225389806,0.051836930928038503,0.03676167212792604,0.0343664056444339,0.25250797575882156,0.9947278935077319,0.015226618341734242,1.2558153682367943,0.0,5.423889805764561,0.15921447772125127,0.160990063025217,0.032517222494394385,0.028127411141064065,0.03566220864475976,0.0690746972042104,0.15835822816600692,0.3102686218122251,0.13687908987937222,0.06620129408137389,0.04797327159868368,0.04839745529565825,0.034461798493203126,0.03207870118904816,upstream,US,False,7060008710.0,2000,2009,2010,2019,10,10,0.1297014645269483,0.09197915098926372,0.008616767132037961,0.246914396231868,1.0085988573916789,0.04258999308823315,1.142167031461892,0.0,4.766377857339576,0.14886044095337306,0.33954923812133797,0.032309881053126314,0.0292896665907424,0.03627337083784459,0.07024000737748198,0.2364361053320451,0.24685760754869876,0.10773660263026186,0.0655990927915969,0.05243160488314423,0.05181976155155473,0.03668147825601597,0.034324821147487354,0.25553116336390597,0.9946554686779953,0.03667211667994451,1.26212275627821,0.0,5.426466155110989,0.1592725857822488,0.16049202705638807,0.032572561981801584,0.028035912010272113,0.035661621090667596,0.06934477373186186,0.15964714215191772,0.3101664926450071,0.13586123045728346,0.06588204992885521,0.04806502644413778,0.04835339316984976,0.03433255854766194,0.03207723784068369
cars,US,541,train,False,7060008710.0,1980,1989,1990,1999,10,10,0.07114103382150021,0.015715062303927267,0.08903528928131949,0.46587959991807515,1.00429293969416,0.10108940865083309,1.2060522684090662,0.007938680536545305,43.026268113045866,0.15261453316530274,-0.10507268171965778,0.02514066001102265,0.022594873572929223,0.037791730190044365,0.08154117528802038,0.2069213364806125,0.2675429657566009,0.13184815724190116,0.07356370690355674,0.05037376583469547,0.043904728505998386,0.03173758850421363,0.027039311710404666,0.37684431063675566,0.9764292162002435,0.01300950037056897,1.1759872221718517,0.007119386637458927,40.07167724744829,0.15328067555640573,0.39014662205540884,0.025502854229526247,0.024400650656079256,0.03818542326758916,0.0694236025716069,0.20880853928305124,0.2662483257467915,0.13897224730917287,0.07649494815416465,0.04958370554533102,0.04333803122892296,0.03294845230862414,0.02609321969914017,upstream,US,False,7060008710.0,1980,1989,1990,1999,10,10,0.07112258126415576,0.015619727520959203,0.08506030179638102,0.45811380475919117,1.0042550788508073,0.06943879142975376,1.2099215416699458,0.027101012866137423,43.027822611552146,0.1526281282698986,-0.10524699007778854,0.025158938789381156,0.022651282566384323,0.037954783437827544,0.08227698607861594,0.20816999366257813,0.2669793052625134,0.13083128127818494,0.07323167975984014,0.050317966648258126,0.04377304466435675,0.03171926343395124,0.026935474418108347,0.37305350296281015,0.9765038756163805,-0.002812306762143978,1.1789961016932398,0.023822562979189485,40.07386445783133,0.15334204516212302,0.39005964259580955,0.02550337751509563,0.02442887621409241,0.03832732126305672,0.06997484990630629,0.21000592327613968,0.2658617401287995,0.1381028910926826,0.07608655137258755,0.049505426907006794,0.04326715877682417,0.03288200971545199,0.026053873831956516
cars,US,541,test,False,7060008710.0,2000,2009,2010,2019,10,10,0.12975481390961366,0.09095238501321709,0.030726794783439426,0.36800955082426423,1.0015072592597134,-0.08853211705597146,1.1108245908308259,0.012866137421297564,30.75155198512638,0.14544483904210814,0.418524520610017,0.029376474498517543,0.026884706602358213,0.04628792571932035,0.09353288985240929,0.24604291457864028,0.22261126217532937,0.10687566365040763,0.07138937605534074,0.04688846606043697,0.045254297045495426,0.03426225176499909,0.03059377199674517,0.3372827560408248,0.9816351980184085,-0.05546669008926581,1.2193525029391026,0.009583789704271631,35.01215468613585,0.15270119657843836,0.20736641751551693,0.026322496724269114,0.0261233081525615,0.042780909734952556,0.09315895810547589,0.1742318204408292,0.2872231749746037,0.13006535980253092,0.07454015211716014,0.046559971080102326,0.03881805983796907,0.031629117843963876,0.028546671185581622,upstream,US,False,7060008710.0,2000,2009,2010,2019,10,10,0.12976462562895394,0.0914430595453771,0.05041239186226587,0.3855330714681625,1.0014822690186118,-0.13410730379288296,1.1134434569898861,0.06405693950177936,30.751494388174105,0.1455204049250433,0.4185274062445325,0.029391666507693058,0.02686796087235659,0.046516573445819644,0.09430514345684798,0.2473568816701093,0.22135125061279765,0.1062846555971601,0.07113353926283254,0.046824517858866495,0.04518616242570929,0.03419756845781094,0.030584079831996396,0.33512067960589664,0.9815967030456496,-0.04848563415949477,1.2215702669373136,0.01725082146768894,35.012432639649504,0.15264778003349133,0.20715431286700675,0.026336427952004908,0.026119222991701493,0.043035299837632386,0.09366107348317611,0.1752896741326528,0.28677501382625753,0.12922017592811894,0.07421731526379098,0.04653599655462708,0.03873603684073919,0.03154930789566817,0.02852445529363048
cars,US,542,train,False,7060008710.0,1980,1989,1990,1999,10,10,0.0956655686427061,0.11254638401221066,0.0005505150598834052,0.021431478897278186,0.9995034255140707,0.0500457513572013,0.5807729676804216,0.0,47.25659226867336,0.08638638032831795,-0.05751556873544713,0.08031846100563897,0.07827386807305202,0.08527422053990304,0.08020850096007959,0.08644742937246316,0.10819699224042258,0.11943951965460872,0.09000556635066558,0.0722380989695711,0.06761889912866186,0.06064744574201969,0.07133099796291388,0.02088096383739478,1.0000256635847569,0.021343540119397895,0.6923720021892102,0.0,42.945273442882204,0.09595178183757844,0.3629351206365728,0.04938440465194732,0.04259465043619089,0.0657330144557988,0.08251303113439216,0.12591053263990565,0.13025230938868487,0.1384733658454382,0.10229391256275591,0.0877117137773255,0.06954652534018078,0.05091415637533504,0.05467238339204477,upstream,US,False,7060008710.0,1980,1989,1990,1999,10,10,0.09280493230713627,0.11316431271696052,0.002165454559391638,0.025315057131223232,0.9994737817236787,0.05040622282987797,0.5956231124349303,0.0,47.26995728368018,0.08637651659554169,-0.05700445557242415,0.08049617874967697,0.0782550488187781,0.08527451133547655,0.08021364945133139,0.08654889092087903,0.10860323001781083,0.11903958065568765,0.08988681820582119,0.07204847568570456,0.0675227297262159,0.060826756971000456,0.07128412946161744,0.023149602571831594,0.9995865213104184,0.028551213498813396,0.7003381302440491,0.0,43.08048062654576,0.09598564576058954,0.35721234597726176,0.04919131494585863,0.04267165650307457,0.06578466937418949,0.08276433528180084,0.126165621787947,0.13056515981396907,0.1381503674025523,0.10213836435622714,0.0877841328042444,0.0694597059336702,0.05075320309159663,0.05457146870486954
cars,US,542,test,False,7060008710.0,2000,2009,2010,2019,10,10,0.10050634569067694,0.08233420560793075,0.024320957259858236,0.043111933667354774,1.0000643607882571,0.03684278608009912,0.664848985834187,0.0005474952094169176,33.0148303846749,0.0961896176520023,0.31119905491445754,0.050273523590604996,0.04582624260836145,0.0501490897529979,0.09404830948541136,0.12291077081033336,0.11472583084697692,0.12381980160194175,0.12214382375693372,0.10387430272003262,0.08303329149930865,0.041409561663426804,0.04778545166367048,0.018790976407496537,0.9987455183577582,0.011594939095492581,0.8756018196341171,0.004107338444687842,36.50551013512548,0.10720716174722451,0.16913934066055974,0.04208655800006584,0.03611293029415508,0.04232953979488393,0.0671829853102154,0.14407915117480358,0.1701989739812494,0.12782958246627185,0.11296055562136502,0.09512016231070057,0.08041494665294788,0.03221626148481288,0.0494683529085283,upstream,US,False,7060008710.0,2000,2009,2010,2019,10,10,0.10005758148351383,0.08268394031447404,0.04035584180279991,0.062185232801962954,1.0000318191922872,0.0837454770121097,0.6869909553899127,0.0008216926869350862,33.028649411120234,0.09619033792059353,0.3107469040446213,0.050306541056514435,0.0459188510752254,0.05040977721100492,0.09422858647347311,0.1231133476668691,0.11472532926043247,0.12377462627811336,0.12222501419901392,0.10361618527623224,0.08267327720821441,0.041300399388497645,0.04770806490640882,0.021829390999163038,0.9987783136434658,0.012850504034509927,0.8803613496933385,0.00547645125958379,36.50440470974809,0.10720911091719651,0.16929773890651836,0.041986313434275814,0.03610154893909711,0.04248079981585742,0.06743901765939424,0.1450020367690178,0.16964290630173923,0.1278322157195002,0.1127885840960572,0.0950446451697535,0.08003409332154145,0.03211968913772548,0.04952814963604072
cars,US,549,test,False,7060008710.0,2000,2009,2010,2019,10,9,0.2703904970898788,0.10247615462115411,0.043534588675280095,0.1265932506455483,2.33442283514735,0.16445613205561319,1.6206632387200157,0.0,1.0932500018051472,0.2166680876539033,0.18925888022445306,0.01453417405397926,0.012266069046565627,0.01590732533986251,0.03648239766267594,0.30227231745826877,0.31146999908319367,0.1417936218661008,0.05177172533634095,0.03982949392559041,0.03449003887096605,0.021928610786823715,0.01725422656963213,0.1701278393208284,1.7780872844486546,0.11967681158597031,2.044399248123484,-0.02375875723423698,1.432677985494003,0.22463145226597303,-0.1086181942159532,0.012337721743617726,0.011987529043655958,0.014509126549777181,0.04288546388524736,0.21314470577475655,0.3769001487490769,0.17005370266650668,0.050810337707649963,0.03704447182571961,0.03687289680325979,0.01896629675128389,0.014487598499448504,upstream,US,False,7060008710.0,2000,2009,2010,2019,10,8,0.32158452300690016,0.11078932361466619,0.04376495944706643,0.1289048748424131,2.331962806989128,0.17838928144803712,1.6296640113206236,-0.00027948574622694243,1.104326439351593,0.21772091424676757,0.19743794823825453,0.014059494644773338,0.012094814844809782,0.01553344738920046,0.03697131056265311,0.30333284404041216,0.31221528213642163,0.14186972322892835,0.051489643862242106,0.03966360268065032,0.03426762973011278,0.02177243829847543,0.016729768581320484,0.17266983428947952,1.7909135879110931,0.12998862098257852,2.0506277424631056,-0.04776847977684798,1.523210251046025,0.2345714359390709,-0.23576988048796343,0.010801253591852892,0.010347100090258432,0.013612701831058106,0.03729758522645985,0.20995946725779877,0.3911987615160762,0.17334929280013336,0.050382425175120364,0.03734451136951775,0.03400016527158678,0.018110973232183462,0.013595762637954279
cars,US,55,train,False,7060014930.0,1980,1989,1990,1999,10,10,0.13588768468188092,0.06920398505417447,0.0010481279774017804,0.2912385396257221,0.9972833406031761,-0.18637907976856222,1.1023336614379051,0.032302217355598135,8.938637330266566,0.10858665330772062,-0.10353263173963394,0.07799723283724043,0.07511221598275454,0.08811606613732892,0.14005737129025095,0.18201006728663643,0.12224655476731444,0.04678585839986192,0.01975637873598228,0.022081828425085548,0.045382733425369325,0.08965738005242048,0.09079631265975482,0.2901904116483203,0.9830428914657785,-0.07486721332655472,1.1769547208144464,0.0208105147864184,10.239684804653395,0.10550144937058714,0.23870902849477343,0.0864785726245186,0.08492203240852736,0.07816600144457857,0.12733548081601512,0.16353690898869466,0.11049215002192582,0.04637255308895571,0.0220794298595157,0.01672924627108576,0.051102446416233724,0.13252744477914602,0.08025773328080281,upstream,US,False,7060014930.0,1980,1989,1990,1999,10,10,0.13585097338493696,0.0701183385917376,0.006030227734994786,0.29502483584586464,0.9972824487621628,-0.18188800559329582,1.1399300880016985,0.036955926635641935,8.939566931289352,0.10860353905845153,-0.10360618625439118,0.07812712535963268,0.07516677211869904,0.08825189845811389,0.14103271785317098,0.1818805338202153,0.12123533641566431,0.046366700291687005,0.01973944457411169,0.022080559309985433,0.045694516312626096,0.0895231716525339,0.09090122383355978,0.3010550635808594,0.9829896615700717,-0.07206768197472342,1.2400325309408495,0.02190580503833516,10.240373767798467,0.10562893752549765,0.23861457340105255,0.08658859888851886,0.08429242380142493,0.07839360797393541,0.12830423785113823,0.16336933317949207,0.10961995270048316,0.045938716522302296,0.022015466399200278,0.01676075185615642,0.051767849190240786,0.1337050303299562,0.07924403130715153
cars,US,55,test,False,7060014930.0,2000,2009,2010,2019,10,10,0.11063562413670225,0.057607118353477864,0.011609415004856294,0.2907503018645895,1.0032271011377991,0.0747973868980237,1.1725977978056037,0.0,8.997640531447253,0.11385384899423161,0.02088926824527961,0.08775017989165768,0.04757205229937924,0.07478030135073953,0.12139133059661483,0.20041996271278226,0.1406680449061319,0.04912591395389967,0.027125389253587148,0.020064342722409007,0.044965209357281315,0.1119089334573504,0.07422833949816701,0.2791408868597332,1.007483181169364,0.046352887057255154,1.0226156809079692,0.0,10.050254965950758,0.10582904278539844,-0.07915831058902717,0.08168270846346898,0.06981685196798074,0.07926920055454977,0.12980296498063393,0.1816241767137414,0.11415554567527988,0.0542511959128412,0.029398413448160465,0.016834835710574675,0.05798406676824458,0.1089070787737884,0.07627296103073589,upstream,US,False,7060014930.0,2000,2009,2010,2019,10,10,0.11064645034720105,0.06040871963098322,0.01304638846477918,0.29859361974404636,1.0031200094792803,0.07919055588706334,1.23472070532178,0.0,8.99854776895702,0.11397604354287438,0.02087601832661536,0.08905728773645533,0.04625255862224324,0.07538160110088633,0.12203669448746102,0.20083978024254606,0.1395667305869077,0.048463640222994285,0.027001832427564203,0.020488599690402336,0.04513524477517816,0.11190840630518141,0.07386762380217995,0.2855472312792672,1.0075579919742932,0.044173051420450686,1.0673542348497838,0.0,10.051377156943303,0.10565603655703029,-0.07916198300997024,0.0815804519851419,0.06967345365408038,0.08031208490107984,0.129722130435965,0.18172376389526307,0.11359583458069085,0.05378117869250117,0.029254001449359954,0.01711578894934156,0.05966671696971391,0.1074362455200722,0.07613834896679011
cars,US,567,test,False,7060008710.0,2000,2009,2010,2019,10,10,0.08470676318519667,0.11733344291717622,0.09153766790429108,0.5645647910752323,0.268524394455213,-0.05497543345956685,1.560243649387302,0.0,11.949125127252962,0.20518384735309908,0.5175356900826912,0.015345217879899217,0.015595649412798219,0.05767219115916435,0.20848566170750454,0.3571622214186727,0.1516525230672325,0.049315633469901164,0.03967575913786998,0.0378660604862366,0.038766078729451245,0.015108479273080223,0.013354524258189214,0.6561024589795234,0.26363646552357045,-0.03865613403090722,1.6172427062699448,0.0,10.978637085833451,0.19154300402835128,0.32334895278896186,0.012610542573726798,0.01474480298815723,0.05691149283995005,0.1844954657382453,0.29003303575869427,0.24740648963945075,0.06866289076076042,0.041907978191968606,0.035711823964878465,0.02217830623214559,0.013328971826825863,0.012008199485196418,upstream,US,False,7060008710.0,2000,2009,2010,2019,10,10,0.07561226458918939,0.1173204231100016,0.09167828369186892,0.568167901667212,0.2684298524671449,-0.050458857699579945,1.5663419608131204,0.0,11.970148107515087,0.2053060625119929,0.515736558169992,0.015269517605966204,0.015643138581165984,0.05836754258857517,0.21024996815079386,0.35690149384233405,0.15011626105900674,0.049089066877833785,0.039598576271745685,0.03780063130167477,0.038654739940920876,0.014944266180542383,0.013364797599440556,0.6598461853590809,0.2630073067777154,-0.03423907804277845,1.6128912680086194,0.0,11.098429680998613,0.19216400652564566,0.3302516150634045,0.012429417673987643,0.014750196820337121,0.05741322778129651,0.1860240927237923,0.2912190423960467,0.24626819917970683,0.06811639506972274,0.04173973306915832,0.035743133082839953,0.02170663571028117,0.013008750172676277,0.011581176320154651
cars,US,57,train,False,7060014930.0,1980,1989,1990,1999,10,10,0.17103750082663816,0.07217875325520923,0.004024961832244767,0.43366761398859066,0.9660829318834206,-0.12652195859382317,1.0879431915485265,0.0544757733369833,7.739894936423111,0.11413194264863477,-0.14291800361283594,0.07989158777282142,0.077010443544078,0.0956645564685197,0.1480095710304094,0.18881485825683872,0.13168130564129343,0.045522362940193524,0.016641455665674487,0.01588701406177017,0.03375544118442089,0.07793581685195566,0.08918558658202468,0.4296426521563459,0.975399009347923,-0.09937534192465751,1.1296932198645295,0.024917853231106242,9.183658128779939,0.10738336809927164,0.28957127139072203,0.08548112084315125,0.08802367468259709,0.08266316392308276,0.1316682106713793,0.17386138586421418,0.11348508579427385,0.0511172082474233,0.016770125701917285,0.017446342882558145,0.04300845253167846,0.11697595038679781,0.07949927847092655,upstream,US,False,7060014930.0,1980,1989,1990,1999,10,10,0.17098718359323925,0.07324328125495294,0.0027490222578405166,0.4276210972123272,0.9661647805845482,-0.11732310259898436,1.1183406894140757,0.05693950177935943,7.7410158773610735,0.11416255186659742,-0.14301463882124144,0.08016954988680042,0.07699159461135965,0.09590991646453907,0.14903742427265984,0.18859229835450125,0.13070036842511568,0.04485908109755271,0.01657925397724466,0.015933273194562926,0.03393002833198794,0.078140476401898,0.08915673498177784,0.4248720749544867,0.975413817629651,-0.08689615543119827,1.1880959239157332,0.028477546549835708,9.184526013143484,0.10749270963253499,0.2894295141810224,0.08568065441991057,0.08771992537450707,0.08281528210888778,0.13239433235259945,0.17410462481704592,0.11238451716300175,0.05067851127883704,0.016737906442895925,0.017386677297751476,0.04369121846417177,0.11795164547828536,0.0784547048021058
cars,US,57,test,False,7060014930.0,2000,2009,2010,2019,10,10,0.11155155174318346,0.058907191022174524,0.05208791109697608,0.3920447207419912,1.0110070628679273,-0.11699045215344524,1.144822625461938,0.0,7.805409044283635,0.11535753597478866,0.04112739105642606,0.09129968066792883,0.05229294262042703,0.08400705315175518,0.12861633141723505,0.20511228813191335,0.1353319813150262,0.03836959802215871,0.01924085134653903,0.029883998514439854,0.038444588250895834,0.10199005544474021,0.07541063111694074,0.3399568096450151,1.0283074077243695,-0.10176957053847396,0.9939934542976976,0.0,8.726536121104973,0.1072083128792644,-0.05738950243028059,0.0825706771523557,0.07532232963699703,0.0842546179955384,0.1375076697127883,0.1854710186979083,0.10963631785768817,0.03787171547631684,0.01679535700458453,0.03517819739478634,0.05857287036821542,0.10009217771727823,0.07672705098554268,upstream,US,False,7060014930.0,2000,2009,2010,2019,10,10,0.11909464360068671,0.06079468653394756,0.04666373949312724,0.39010191957263496,1.0108260049243543,-0.09853223526862241,1.195114161976882,0.0,7.8065822611552145,0.11550108153997103,0.04111763268136726,0.09243545485929752,0.05101017990917489,0.08462637518894135,0.12918937864174015,0.20542233008602276,0.13422194730278253,0.03769440074312408,0.019326030084392203,0.030240472104005104,0.03838457477519462,0.10219797040022344,0.07525088590510125,0.3434381800795077,1.018082442931931,-0.07637084582059496,1.0300528943386895,-0.00027662517289073305,8.793931673582296,0.10737958068784123,-0.04215917707775372,0.0821363581443673,0.07533328889596726,0.08542068633207804,0.1376595887840801,0.18608229873592888,0.10919342940591215,0.0370696969049731,0.016469140058011207,0.035394173330200694,0.05927594418419365,0.09955252369270233,0.0764128715315852
cars,US,574,train,False,7060008710.0,1980,1989,1990,1999,10,10,0.11937019992060441,0.05374158077539734,0.017737703619411294,0.33479150399728164,1.006674317329764,-0.03106815358384386,1.5437725842399301,0.0,3.350161542508242,0.2067621481437306,0.1402552291640157,0.010894847208491458,0.009633799789908758,0.018166250991966938,0.07354364181766271,0.24756927699661485,0.3464634707751357,0.10134740559979541,0.06623116277455678,0.05144447964274541,0.0387118627141503,0.022101392515241517,0.013892409173730077,0.35252920761669293,0.9624672328129426,-0.018734032330196628,1.5776725507972247,0.0,2.973198669579504,0.1967150749482851,0.16626847149020388,0.01154148758818792,0.010173379552481696,0.019833249472676645,0.055664905358796354,0.26404033046544806,0.3147698233988852,0.11037735628956954,0.07567874395899318,0.0660105431011688,0.03454266577386992,0.02255078705236639,0.014816727987556417,upstream,US,False,7060008710.0,1980,1989,1990,1999,10,10,0.11915358500582816,0.053635763050409416,0.02006103332843756,0.33455734220324207,1.0067115404554925,-0.027459614693095023,1.5544288164635176,0.0,3.3503747604708463,0.20657932573028628,0.14013454097204933,0.010888053103382743,0.009631732998641465,0.018289850598733434,0.07447152808185102,0.2494645973226884,0.34498144811645537,0.10030640777996816,0.06618983261511903,0.05127675083069019,0.03868478907328335,0.021972528782975034,0.013842480696211815,0.35461837553167963,0.9624246801331822,-0.013113510344402682,1.5964779508883038,0.0,2.974032046014791,0.19688083761913638,0.16578585730113968,0.01152457163444629,0.010211001077435458,0.01997699248429135,0.056371728955587536,0.2659262486725459,0.31377537934265476,0.10945257824254519,0.07524107837115776,0.06597756477114833,0.03435489392293799,0.022420861817590055,0.014767100707659313
cars,US,574,test,False,7060008710.0,2000,2009,2010,2019,10,10,0.07422721799219092,0.1426615362413129,0.05151661917605266,0.4512779774649619,1.0296794601494914,-0.02891865854967293,1.633515139254015,0.0,2.3911897531907464,0.20424078622695363,0.47089972015513387,0.013694365035369084,0.011689861018154932,0.026961616263211734,0.10022243338866439,0.3642221077400299,0.21619479158269927,0.06025887529594176,0.055256709397492776,0.05175382521158012,0.05959158174002567,0.023750128715697136,0.016403704611133055,0.39976135828890924,0.9698112592134065,-0.018703895669374172,1.6797933233336864,0.0,2.2201257285664395,0.18828179884836418,0.26109203993603225,0.012649896267847358,0.01269438991445652,0.029619834842211746,0.10926181152958798,0.24559216395360725,0.31330665313466555,0.09310642436906326,0.05451372066157978,0.05077511348367663,0.04195747791831146,0.021618514429616365,0.014903999495376062,upstream,US,False,7060008710.0,2000,2009,2010,2019,10,10,0.07367537505752739,0.141558877484235,0.050677273581498095,0.4532693325676319,1.0281483057948222,-0.027586123160836345,1.6441552317165768,0.0,2.3925072622636345,0.20449905212948724,0.4717930656224593,0.013686191898774137,0.011700340161729453,0.027228172726605247,0.10150809958788164,0.3652448340879692,0.2146850396992804,0.05970933966563879,0.05520374595988504,0.05175172924422975,0.05932825131533898,0.02366539182858149,0.01628886382408586,0.4025920589861338,0.9694938804649041,-0.014847641881114265,1.692503403403728,0.0,2.2225751580104425,0.18867656605199631,0.2598632510085531,0.012646095407848045,0.012754404669365577,0.030030597366378704,0.10890298420452844,0.24772318724482878,0.31275758223559963,0.09194430084949821,0.05415796905792332,0.051029488185573825,0.04161610276817948,0.02150507588386725,0.014932212126408778
cars,US,575,train,False,7060008710.0,1980,1989,1990,1999,10,10,0.15011177720856625,0.043804252226192025,0.01578530210343193,0.3127056493714246,0.9641828004955616,-0.07433085644112378,1.3482080133638301,0.0035587188612099642,13.01747411946504,0.16058783564121606,0.04749839412595194,0.017968860654717818,0.01559885858568066,0.025809252719114516,0.07477619296659051,0.21268774898956236,0.28324451798237404,0.1138054646446332,0.06639235359040621,0.0813220319256799,0.05240379619120402,0.03063633305733072,0.025354588692706008,0.3284909514748565,0.973101035971925,-0.09195944078670532,1.2725242435531445,0.0,11.202991498424527,0.1640788169204257,0.21311806171673087,0.017680497959470205,0.016270463248268717,0.028908521890618443,0.06811472001275302,0.2399252141315158,0.26979510374391946,0.11526660948491471,0.07772712200027135,0.07070875450422569,0.04500876671555453,0.029733506294584534,0.02086072001390358,upstream,US,False,7060008710.0,1980,1989,1990,1999,10,10,0.13979416837847256,0.03976694361453617,0.015328332800614408,0.3113920631424697,0.9738878031628182,-0.07067037772078594,1.3275978506738908,0.0044004400440044,12.904982673267327,0.16299868984067525,0.07055495185640263,0.01795417325971665,0.015829670859301943,0.026078460369037746,0.07660916825923896,0.21683668418725277,0.2861944937864267,0.1137947480524116,0.06677165250960429,0.07271306439081263,0.05218349646503405,0.030589258457725105,0.02444512940343759,0.3267203959430841,0.9713552849719201,-0.09047029766565214,1.2806494968313387,0.0002745744096650192,11.221362438220758,0.16438319045197528,0.2110621603443274,0.017703837325654795,0.016360494645690553,0.02904128251103388,0.06881609325509352,0.24188817995956854,0.26902561066914565,0.11457837073429361,0.07720983174155789,0.07040830912991963,0.04445106246660912,0.02970869626219426,0.02080823129923846
cars,US,575,test,False,7060008710.0,2000,2009,2010,2019,10,10,0.05538823903144396,0.10048780401617492,0.10695113221141422,0.4519429074049217,0.9995241297992955,-0.17198284508721362,1.3009173124706426,0.0038324664659184233,9.740070291025441,0.16142074076580418,0.46604880329332227,0.021650718170872267,0.01844947289078103,0.0369636142455987,0.09770284456371633,0.2953336689951206,0.20678782066122553,0.08011508721979292,0.06133552576925971,0.05737114662674698,0.0680815731366752,0.03194798645472034,0.02426054126549034,0.3449917751935075,0.9727905894148225,-0.15769190076646777,1.3471361347163902,0.0,9.215253454807373,0.15730121530777932,0.29003610958980586,0.020606643794368128,0.01998935283924814,0.04007550799221499,0.11099849279957842,0.22048898979687262,0.2713975555897121,0.0980457343765358,0.05691300407148403,0.05652731561647841,0.05368086499050384,0.02979743639841095,0.0214791017345926,upstream,US,False,7060008710.0,2000,2009,2010,2019,10,10,0.055220166440861806,0.10060560135982471,0.10854122419670725,0.45090363592699056,0.999175698092804,-0.16472217294238692,1.3097697267895818,0.004657534246575342,9.74307205479452,0.1616412785392076,0.46659046290444967,0.021628743970461006,0.01842944925840245,0.03725189993097448,0.0985149321275366,0.2966477086226327,0.20526655638669056,0.07970204216481128,0.06131224173253784,0.05741644930814625,0.06782626266818659,0.031865030446783495,0.024138683382836718,0.3423624117302833,0.9725693503483704,-0.15087352218446937,1.353462176643291,0.0,9.219642915867361,0.15728057167886675,0.2889791396109138,0.02060832203288717,0.02000316445189217,0.04044577335967264,0.11155682740007518,0.22169208884351763,0.27042351845852486,0.09734119755807515,0.05665421128176738,0.05688647717586311,0.0532730690430434,0.02963230085584958,0.021483049538831518
cars,US,595,test,False,7060013550.0,2000,2009,2010,2019,10,10,0.09870905251404571,0.0610061213925141,0.091867652077079,0.1992841916893307,0.9817031940171475,-0.17520147661353652,1.008631170047626,0.0,62.115153804735925,0.11750433619134674,0.3520050859751718,0.04853568567566591,0.052633663742123006,0.08508341118867364,0.11069344365480951,0.20107390474366002,0.1741818327406842,0.10382985180089148,0.07254068529096869,0.0526361088998981,0.038527396522162076,0.029017488235235464,0.031246527505227856,0.1074165396122517,0.9891668530638704,0.005621897318914448,1.2012485206672268,0.0,68.55929795027937,0.11507890857987813,0.25379415356053914,0.0502815970426534,0.06645789716004753,0.08386495693541383,0.11484514533874876,0.15533485017074122,0.20026481278912842,0.11529542318368988,0.0684699414733384,0.05388224002764882,0.028549527773456845,0.029399220800826614,0.03335438730430618,upstream,US,False,7060013550.0,2000,2009,2010,2019,10,10,0.0978007026532368,0.06154927971845633,0.08373318825070797,0.19201996238898328,0.9836997879554302,-0.16018371711793492,1.0164393892743608,0.0,62.2223043598234,0.11785352879531373,0.35009722314681685,0.04823688346213202,0.05199676349173694,0.0844817652521636,0.11151620951990436,0.20226779708913376,0.17398531313729212,0.1036720411850568,0.07249885918063913,0.0525727442829638,0.0383661168682853,0.02905336160026622,0.031352144930426,0.10828677413827531,0.9889824461083173,0.013218643520154442,1.2090887363707346,0.0,68.61520992052617,0.11512661836998332,0.25347129502280824,0.0504006437878229,0.06673693113567213,0.08398833485042616,0.1153053611762692,0.15559821950188607,0.2003287435848565,0.11456460993580234,0.06807122355108948,0.05380936878038921,0.02840748076836369,0.02934656100723924,0.033442521920183044
cars,US,597,train,False,7060008710.0,1980,1989,1990,1999,10,10,0.21006350806877772,0.03660834552145345,0.1557559138040659,0.2852379244914313,0.9689977253711418,0.13094976435542593,0.9564028519934036,0.0,528.3220020074824,0.11799337237019997,-0.11008412391160657,0.04476397335411819,0.0504036547897371,0.06613364646942767,0.09558828976034085,0.18565916392213405,0.20591043653382143,0.10342800754316736,0.05299252996972742,0.04370271457072928,0.05283346065489479,0.05062245339965391,0.04796166903224788,0.4409938382954972,0.9122690782646306,0.25462641613373116,0.971869611744018,0.0,428.2222951921322,0.12606012682603324,0.4930655125416812,0.04359981280428827,0.04282679462911938,0.06302809745859317,0.08519122478825263,0.19771630513909366,0.22327804594176465,0.10146059781308837,0.05164505637560299,0.05088630946727994,0.04914766119725954,0.049016892126635854,0.04220320225902156,upstream,US,False,7060008710.0,1980,1989,1990,1999,10,10,0.20999103715630787,0.03656932693113599,0.15560965480340067,0.2882370029133727,0.9690209404315228,0.1458640205252631,0.9717795307637908,0.0,528.3098581987408,0.11804011625586626,-0.11015760765305951,0.044786254397181216,0.05054309796270544,0.06616480759914062,0.09628095340560101,0.18651608226130836,0.2054678152215784,0.10236388319907277,0.05276895711713267,0.04371065882998948,0.05292362914099855,0.05058170948952723,0.047892151375764185,0.44384665771677334,0.9122789897322822,0.26281870851112654,0.9792991657191646,0.0,428.24348630887187,0.1260823654257469,0.4930810732138875,0.0436102054449718,0.042838759622737976,0.06332922294211416,0.08560487028109522,0.199023912482172,0.22239383792429163,0.10050027251210382,0.05153657582219701,0.050846132837548526,0.04922412461083067,0.04897268741406524,0.042119398105871744
cars,US,597,test,False,7060008710.0,2000,2009,2010,2019,10,10,0.1415098815063266,0.09998188011289291,0.025852475407932674,0.4783413138687872,1.0480886977841386,0.3619874085920725,0.961386955395382,0.0,314.0283721712748,0.1217991392562819,0.5313603061073099,0.047361483091424565,0.048171496265047874,0.06425116243808165,0.09450287029259483,0.21568601479940422,0.1964545426457128,0.06944512722962987,0.046158607894682784,0.05235911419631205,0.06681574822823795,0.0527519803964648,0.04604185252240663,0.5041937892767199,0.9825941808215481,0.3152537333829298,1.0447539068200313,0.0,361.7644178532311,0.12846244550238375,0.07371754571470768,0.040934635951113844,0.04399345887167435,0.05865427771978353,0.08228493426043543,0.16845732667271815,0.24871435710366074,0.10956393909773723,0.05376186168152034,0.05110948295130741,0.05644639385328817,0.04473447929487167,0.041344852541889056,upstream,US,False,7060008710.0,2000,2009,2010,2019,10,10,0.14156622540459923,0.10054135414483839,0.023373795560068966,0.481298882047343,1.0480711661460824,0.3933648676810731,0.9707858471622989,0.0,314.0132994798796,0.12187475402454574,0.5313291194883515,0.047433262731265934,0.04820922934906528,0.06442648304785187,0.09511019061342954,0.2170792208482458,0.19501949132468818,0.06867194201349311,0.04606667754328518,0.05252560947926464,0.06680035224384716,0.05265618155632615,0.046001359249237254,0.504672677607412,0.9825977523143252,0.32894419981538264,1.0494903065621353,0.0,361.7674367469879,0.12837775757131012,0.07344154855418485,0.04091694524520933,0.04406165129054824,0.05873477234572402,0.08288144765450808,0.16951088569871087,0.2480678325201236,0.10856775813215538,0.053663874374025915,0.05111343418352026,0.056424593344783606,0.044680678443429364,0.04137612676726149
cars,US,60,train,False,7060014930.0,1980,1989,1990,1999,10,10,0.09896713730913534,0.0750604702992245,0.013612026818717995,0.13458598700415922,0.9959169628988384,0.06719892828244436,1.1161289532453682,0.0,7.63628249907759,0.12713857532457898,-0.26663103969809493,0.06341940990709306,0.0669531901051149,0.07399980315533018,0.10736520242370536,0.21682107740432052,0.19706763917378525,0.06473527186494289,0.022789341064499077,0.020905270401627533,0.026462381320687095,0.059525453899140796,0.07995595927975326,0.12097396018544122,0.998746978620707,0.04088635690294057,1.127083592296349,0.0,8.43068510159214,0.11348406561465606,0.46214682893767933,0.0685802872680461,0.08366661946621433,0.0668942771339761,0.10353920806204242,0.19326342217747128,0.1690986311279093,0.0842132998427602,0.03026804656194526,0.019696107968426357,0.031136584022271145,0.08108068129946529,0.06856283506947215,upstream,US,False,7060014930.0,1980,1989,1990,1999,10,10,0.0989262906784466,0.07606628356053839,0.012642438605868236,0.13522917513726457,0.9959380266522487,0.07070700444959267,1.1315735920756511,0.0,7.637150013687379,0.12711884734398463,-0.26670641920509325,0.06320459634599111,0.06729108713300772,0.07373490819885752,0.1085894231838698,0.21761098415689528,0.19565533054114112,0.06387886176999638,0.022652034916991443,0.020928143507597488,0.026607622651088632,0.05958623093442019,0.08026077666014338,0.12258673653139633,0.9986816645925826,0.0431606117897307,1.1548115150618505,-0.0002738225629791895,8.431298466593647,0.11348811574826918,0.4621083768075201,0.0686987753799783,0.08338503116906956,0.06688724554255968,0.10440912442821956,0.1938457090623129,0.16822246245035338,0.08347840229946951,0.03001282643277919,0.019651423973068585,0.0317389744608686,0.08197270756986874,0.06769731723145213
cars,US,60,test,False,7060014930.0,2000,2009,2010,2019,10,10,0.1397583586007589,0.07252713764947344,0.06252903204189092,0.26513391957387267,0.9952164891052565,0.2205818582550476,1.1892356473479915,0.0,7.372244237117,0.12867132560047145,0.1059330718638606,0.08348776551575034,0.048576645888456275,0.06242024947537327,0.09795786839382159,0.2209036548236054,0.1987111657505567,0.06487260440940609,0.026640856315442073,0.01999556435033232,0.025075347536188182,0.08471779698836299,0.0666404805527049,0.20260488753198175,1.0049392552453842,0.25531911329005136,0.992025827448872,0.0,8.478050489209803,0.1136979980611836,-0.0737365947670794,0.06730033832987355,0.06566993352502254,0.07183948425399807,0.10576799674838569,0.20170964366739466,0.16175687354064647,0.07155981408088334,0.02644944921796625,0.020142941565472923,0.04466022743053863,0.08956392902925356,0.07357936861056413,upstream,US,False,7060014930.0,2000,2009,2010,2019,10,10,0.13965329127421952,0.07374546403958845,0.06221350088059596,0.2663200574555232,0.9951338623203723,0.22325286743601927,1.2186877857550997,0.0,7.372805639200657,0.128869480932139,0.10594644270223999,0.08481316446946831,0.0471447906811527,0.0627261294465619,0.09872631791522762,0.22221060898139328,0.19732424248016148,0.06381279462384591,0.026528746910975915,0.020035897414381443,0.02516869820615776,0.08496123638415068,0.06654737248652286,0.2041065565749272,1.0049476203003493,0.25516037704921474,1.0115147125633308,0.0,8.477805312157722,0.1137199743483185,-0.07386121682002238,0.06739813658788515,0.0655180583150805,0.07213978772288765,0.10624339793245974,0.2023262532845816,0.16112453931880955,0.07074981076966481,0.026282369611134282,0.020332809609009028,0.04541783204614717,0.08916275003879888,0.0733042547635416
cars,US,600,test,False,7060013550.0,2000,2009,2010,2019,10,10,0.1375971120836367,0.08583071346225422,0.00264995351790015,0.2914841171161893,0.9854995592726085,-0.11584832884950155,1.2744097431755645,0.0,57.845748832847036,0.1493503315634606,0.35399718452005935,0.05586639760596979,0.048364139374340094,0.07949980830679212,0.13085271441339036,0.26160561536955806,0.19958742397062823,0.09178295013896573,0.03790432485299124,0.02135631801009543,0.018133568371424148,0.024872063966735955,0.030174675619108773,0.2941340706340895,0.970119358392357,-0.08389380787539102,1.3646481226461635,0.0,66.37875676042809,0.13363881824722074,0.2726127533153754,0.05214227389437316,0.06032949082790514,0.08063061685055498,0.12844241599756814,0.18690384860024645,0.2254779890697533,0.11628464655934684,0.04654984847083513,0.024261436883722846,0.02287569521740809,0.019877539401212216,0.036224198227073734,upstream,US,False,7060013550.0,2000,2009,2010,2019,8,10,0.10369370618536923,0.0873977841323561,0.0052006681098061835,0.29213311975886014,0.9720062285568837,-0.12105723734899852,1.3640184589522963,0.0,59.95015381920112,0.15024884864024332,-0.0009489377331192598,0.05836814126456691,0.04542251139858722,0.07952684284156437,0.12684767856575824,0.2630020084602053,0.20101505841640607,0.09554488034467831,0.0367981192317217,0.020289391433746532,0.01653432720113268,0.02566071314361436,0.030990327698018266,0.2973337878686663,0.9699801779369229,-0.08387926258955125,1.3769463429844668,0.0,66.5003461856238,0.13376726152254076,0.2779025594825795,0.05235416077022595,0.060545726312567535,0.08089168798813973,0.12945294499391474,0.18740391918907812,0.22556503817273982,0.11452998111837182,0.04627174450758052,0.024208317144328806,0.02292266546099281,0.01987499877672647,0.03597881556533375
cars,US,601,train,False,7060008710.0,1980,1989,1990,1999,10,10,0.18289011063461694,0.06410099864748295,0.04833027785509192,0.2461852990799549,0.8763036005536423,0.17704145000905558,1.0390603739554203,0.0,47.92036930466125,0.13135415697998615,0.19187922539268393,0.021131701228581504,0.02923548379417224,0.08350352712574484,0.1532354713898787,0.2060027122145813,0.19962796539672142,0.08013830816564431,0.055264484026590406,0.05035481258706928,0.05509301590190064,0.038592977045048014,0.027819541124067176,0.2945155769350468,0.7890583449320354,0.1762684897307028,1.0726048921898041,0.0,39.91094311532692,0.1336643218103431,0.06449328077555416,0.01756855951193351,0.02793530926702631,0.09467413543559335,0.12703844562617247,0.21031272566784195,0.20736382377643192,0.08693827481098142,0.07761302903306784,0.06209081943991799,0.039937788480992914,0.02828520801826037,0.02024188093177969,upstream,US,False,7060008710.0,1980,1989,1990,1999,10,10,0.18292841602870688,0.0646274572383478,0.048001965063122265,0.24891391003121333,0.8762048640854537,0.1799553373038001,1.047273987410048,0.0,47.92855899260882,0.13141598828955,0.1918429963996338,0.02115743647245393,0.029461565280462995,0.08386730761667324,0.15415223632244052,0.20608505475567918,0.19920153767504564,0.07928901685763644,0.055195299171948285,0.05035782280802023,0.055175422887653314,0.03832663938536223,0.027730660766623942,0.2969158750943356,0.7890229326761705,0.18261742398803524,1.0813718278803068,0.0,39.91623493975903,0.13370137965160936,0.06441137063014908,0.01751159619655317,0.028220207034048362,0.09516986866458914,0.12749400116303244,0.21097079734814325,0.2065861567031562,0.08635269134590377,0.0776332954642351,0.06191068659732329,0.039735669075348014,0.02822135950222704,0.02019367090544005
cars,US,601,test,False,7060008710.0,2000,2009,2010,2019,10,10,0.07745256499404292,0.0799537267455567,0.050643232661404414,0.3470926370857538,0.760275414529583,0.18585282664613295,1.2104541953791959,0.0,29.596805705157955,0.14092040691152657,0.6502319001929352,0.02531457096810424,0.03639790973147029,0.09413611940038709,0.15853576958757934,0.2587672409440101,0.15830985389222457,0.05410004231396991,0.04992670854326091,0.048494004278709146,0.05977709163651276,0.030477255782805426,0.025763432920966427,0.3977358697471582,0.6613152620028266,0.12142286587560583,1.2047163561558183,0.0,27.3909830960006,0.13786610083163223,0.30419121049723497,0.023307832148423635,0.032936827528592304,0.09631420752123693,0.1579006741341994,0.20924762722336188,0.21065476376519465,0.07132292169471312,0.052681177868168456,0.05394738432479509,0.04441021884485908,0.02545228159000296,0.021824083356452556,upstream,US,False,7060008710.0,2000,2009,2010,2019,10,10,0.082360522786988,0.08023664404441244,0.05075635190192229,0.3477240963723892,0.7557997151054627,0.19858781533743405,1.2131414981986273,0.0,29.764666024229076,0.14101015536034342,0.6388150735722771,0.025338293646691608,0.03663649431622975,0.09480017287224311,0.15921123436104181,0.25912363733397004,0.157089626354653,0.0538339542697767,0.04977580787067479,0.048470441315315374,0.05969347450943347,0.030301280325222266,0.025725582824748027,0.3984804482743115,0.6609143561106586,0.12907371503565077,1.212752651456367,0.0,27.41146792763158,0.1379023412119343,0.3047969365569299,0.023379563204049002,0.0329940382732348,0.09703790717394771,0.15837552583434097,0.20983263153752507,0.20971042791418762,0.07079988921671528,0.05262854043622393,0.05402988198600089,0.044031475533249556,0.025379312496615528,0.02180080639390958
cars,US,612,test,False,7060013550.0,2000,2009,2010,2019,10,10,0.20631731248148283,0.09086129282148486,0.04431522194400864,0.1516502613470948,0.9406399400377489,0.06689315757683946,1.5692873822112205,0.0,22.488598054372325,0.1455860439691526,0.4905711394269214,0.05206890780552933,0.05060990341894479,0.08977274486043836,0.13473017344408247,0.2694961868666617,0.17544587401759246,0.0771599995402322,0.03754745542507807,0.02290342058176634,0.02256437770926803,0.035227283484609406,0.03247367284579673,0.10733503940308617,0.9355185214362766,0.013457924492715797,1.4861885637256471,0.0,27.64170657974398,0.1274378774854091,0.2819176310528148,0.06315472472539338,0.06765012281091114,0.08949556162117696,0.14863759346937072,0.19327020951925092,0.19174715674137918,0.10021112769538669,0.04198657584235716,0.02372032321287066,0.022889193232456126,0.02086915124979674,0.03636825987965025,upstream,US,False,7060013550.0,2000,2009,2010,2019,8,10,0.13597748436433352,0.0940848038268426,0.039946705297180585,0.14999185935931425,0.9340384444102336,0.0643106370391317,1.6936242477708456,0.0,24.22616338028169,0.1468740522303241,-0.005183515525937561,0.05144848056251139,0.04907901049360207,0.08984556679962345,0.13310676340141167,0.2728068670491035,0.17474304348877617,0.0801120991529586,0.0386156835678061,0.023199673662091316,0.021778471255846317,0.03568498229361621,0.02957935827265319,0.11004515406213367,0.935161605222485,0.013698505853696597,1.539649190583639,0.0,27.754851810893005,0.127688280847299,0.28705750691197224,0.06345587690576462,0.06789902975614961,0.089993526102817,0.14989476119362086,0.19350398093725107,0.19168006143762395,0.09889257220533036,0.0417333524761439,0.02368856067019653,0.022977668167600215,0.020903064578626056,0.035377545568875825
cars,US,63,train,False,7060014930.0,1980,1989,1990,1999,10,10,0.11358045822020597,0.05753834252789011,0.02463311873282198,0.30441039329100594,0.9814779622278116,-0.32599868175028923,0.846288821543631,0.11415275116342732,13.547677482275835,0.10618579101910619,-0.27314506572120467,0.06285044120557083,0.06807671748491528,0.08397785536085885,0.10748138917165755,0.1733482439328859,0.16776575608156036,0.08979299868622317,0.052925729484394696,0.042955259051884194,0.034852734888406796,0.04923872028305755,0.06673415436858482,0.3290435120238279,0.9902781989408588,-0.27148088599256415,0.8825025632650957,0.04737130339539978,15.177219511921203,0.09911223580057299,0.4909423823408074,0.0693698931367749,0.08437477488753996,0.07083574368861402,0.09824216263364625,0.16117619907686384,0.1475790458487205,0.09618856351171237,0.050820217104287795,0.042635714964017024,0.04244049037701203,0.06997623316302451,0.06636096160778683,upstream,US,False,7060014930.0,1980,1989,1990,1999,10,10,0.113530959730845,0.0582859050614652,0.027016201401905082,0.2992416905942454,0.9816933463220173,-0.3085485574091422,0.8682480131707132,0.11552148918696961,13.549245004106215,0.10615948059180465,-0.27324774686538406,0.06283964777973675,0.06826799149302626,0.0839344802037329,0.10825573419036665,0.17387244857056594,0.1668533103041188,0.08926194583932177,0.05277002352057339,0.042857807854112966,0.03482138296833774,0.04936643395005337,0.06689879332605347,0.32625789199615046,0.990256639463115,-0.2585480312190634,0.9062524653722043,0.050109529025191675,15.17822426067908,0.09910601841786672,0.4910183328258044,0.06929008427162658,0.08430619217178151,0.07087789972646111,0.09874587041968937,0.16169638310778964,0.1469551761540838,0.0957293385680814,0.05054782194940995,0.04266006986178731,0.04286293514219286,0.07065475693825868,0.06567347168883766
cars,US,63,test,False,7060014930.0,2000,2009,2010,2019,10,10,0.16645324313666257,0.060046030552387816,0.08999614446505,0.3599866442466242,1.0099280930667902,-0.26746628976017467,0.8878963046953716,0.0,13.062082215292573,0.10786588126377401,0.08794226949973229,0.0763045582992492,0.05492802700008801,0.06802547315081388,0.09996865461950392,0.1821834091642254,0.17078383716772255,0.08586006728370017,0.046470378822156454,0.042120622533524214,0.03710253051260826,0.07455821906008409,0.06169422238632389,0.2699904997815742,1.001416817126566,-0.2591239823848871,0.7596273052689779,0.0,15.427733845937109,0.09827396071717914,-0.026322675353678455,0.06834108821688006,0.06804773733553128,0.07728888882801244,0.10437812715223002,0.16428733580602095,0.14217033575182694,0.09009309097471248,0.050680500205285896,0.04652202265155594,0.049898914514162444,0.06898523336416545,0.06930672519961613,upstream,US,False,7060014930.0,2000,2009,2010,2019,10,10,0.16658732320258898,0.0614651571854446,0.0940410383087964,0.3629869753237469,1.0098732686174858,-0.26173820678245596,0.9103170031150144,0.0,13.062670681631536,0.10797680060405546,0.08801823651232675,0.07717511084301719,0.054084506085929615,0.06830416973609252,0.10047266084601815,0.18319189245737705,0.16995705765647534,0.08498125317071552,0.04631298386418055,0.04216385218338027,0.03707662460505417,0.07467854435279848,0.06160134419896116,0.2689459370149505,1.000922470727676,-0.253718323494965,0.7840053458044229,0.0,15.430497671870722,0.09830987466857284,-0.025994912129504062,0.06840922142700215,0.06794107228093946,0.07766396238675263,0.10462205068389907,0.16472223715721462,0.14198549660668194,0.08943382904234778,0.05052091488349513,0.04650220574503529,0.05052805054576544,0.06842049293332467,0.06925046630754167
cars,US,7308,test,False,7060043500.0,2000,2009,2010,2019,10,10,0.3797232626718053,0.0712401639902245,0.0292175951242713,0.12064089507313541,0.9818066130975722,-0.17393461485074266,0.6892331097270148,0.07966055297016152,130.3010713888955,0.08572928735279293,0.2645467683495373,0.07331106550218866,0.06870037010889551,0.07632506572328926,0.05951942311305869,0.07550624833259609,0.09161348727899864,0.10752495750521378,0.0982099262343651,0.10513376400266254,0.0851805000999152,0.07628257490716989,0.08269261719164667,0.1498584901974067,0.9880345668570696,-0.2545033046936254,0.5802170636093785,0.0755750273822563,190.4845272049661,0.08637869960207763,0.17156925763040146,0.1118550855378836,0.07958983383500437,0.06420812423644966,0.06308865947489299,0.057881915942968314,0.07906087647906163,0.10039371000390793,0.09671038021716216,0.08933409414824346,0.08066468415902295,0.07842123659922944,0.09879139936617351,upstream,US,False,7060043500.0,2000,2009,2010,2019,10,10,0.37293232061161585,0.07133483914571047,0.04139801343247762,0.13151636261207936,0.992567489894455,-0.16574041015217614,0.7244383152273273,0.16361071932299012,131.9666095909732,0.08564364425851767,0.2454365716904408,0.07228845303221987,0.06976747725459492,0.0774053434053373,0.05940519667847508,0.07590925396948991,0.09182165627565861,0.10692329230924338,0.09741208396582243,0.10504764368195706,0.08432852049972865,0.07685428081456114,0.08283679811291153,0.17291437604455698,0.9906784950666534,-0.28729942690079663,0.6153003192873013,0.1556420233463035,191.61367843246248,0.08642448625403253,0.17835045729535123,0.11181308555639577,0.07981914346530714,0.06377759185661132,0.06282678497416433,0.05759617730700225,0.07924572298015181,0.09957925216964722,0.09693328587259648,0.0895443697464767,0.08083655502904107,0.07835071323788091,0.09967731780472483
cars,US,7311,train,False,7060047060.0,1980,1989,1990,1999,10,10,0.012735690779385831,0.1418858335042366,0.015098903801406383,0.4474633442800421,0.9521401130346037,0.016163928005500705,4.056050710336622,-0.026006022447303587,14.349338019059182,0.10860876868729939,0.796990969587322,0.02862644468509673,0.07931822173980987,0.13420282754521623,0.12591593921231578,0.15497048871432542,0.1266549017950223,0.02656452696078425,0.02731498134227666,0.051776700624698795,0.12963113622049405,0.06092472168185423,0.054099109478105645,0.46256224808144847,0.9632334439154656,0.009770694580843843,3.1258380306277447,-0.1278751369112815,14.533255422639174,0.11100962859996791,0.18182359166190998,0.040452356944729144,0.06246672095559792,0.12148195437543721,0.14807137001474077,0.1495987192885748,0.1559628317476269,0.04461380785996899,0.0220731678785143,0.02612346649139346,0.05358449369306672,0.10567422652924297,0.06989688422110678,upstream,US,False,7060047060.0,1980,1989,1990,1999,10,10,0.012358320408035011,0.1448792770168725,0.0010801769098724434,0.49309985791664523,0.9517784720903376,0.015814673752158847,4.32873288534824,-0.02764850807555434,14.353758007117436,0.10804409749016908,0.7970552437938637,0.02828010714670277,0.08064768241874141,0.13467413435157816,0.12472289596511654,0.1557975300050856,0.12532879731842592,0.026664351133050785,0.027017307266059807,0.05540402406227467,0.12595899575464736,0.06094419761057833,0.054559976967738545,0.4941800348265177,0.9633889326388725,0.009771372597625637,3.3003294608813363,-0.13745892661555312,14.532246987951806,0.11090546549266526,0.18186497194666215,0.04077731274289986,0.0625437450112363,0.12168313750855775,0.1499521986888471,0.148134037974165,0.15514774842804363,0.0444646217350295,0.022027456180749666,0.026459304180682434,0.05377271598612339,0.10556017676140642,0.06947754480225889
cars,US,7313,train,False,7060047060.0,1980,1989,1990,1999,10,10,0.016795091542185142,0.040630725158858086,0.02589408935582002,0.13745454750845662,1.005712246827166,0.15012767313362205,0.7271757656173921,0.0,151.30055322833724,0.10046498064382085,-0.45299160294512253,0.058078216582111306,0.05728557323426636,0.07039593601594718,0.08756579006092104,0.1445311414782707,0.17960909913196416,0.08294436649711719,0.04448736164224815,0.05932248573795031,0.07708985735111254,0.07641088811275305,0.062279284155338024,0.16334863686427664,0.9940190882910276,0.14929292454699172,0.8042434022879195,0.0,153.86311889663398,0.10801456976465942,0.47288899698271747,0.05589978713464857,0.05464667009966538,0.06776448359572841,0.08340552961518291,0.14364035868740652,0.20820424927871484,0.09260525084876588,0.04686205230270693,0.04902151348141357,0.06771183213701289,0.07326364564823741,0.056974627170516844,upstream,US,False,7060047060.0,1980,1989,1990,1999,10,10,0.016772098535109074,0.04069421567716461,0.024858161333499745,0.1392726252011918,1.0056922213521087,0.15495033097596506,0.7298366517386095,0.0,151.30396851902546,0.10045316028069358,-0.45322061943039604,0.058104356026673264,0.0574310450448517,0.07038286426771741,0.08788012786308488,0.14538922782796235,0.1790318192703406,0.08215541408344043,0.04452768493324579,0.05948226907190382,0.07714092915319727,0.07641292617338168,0.06206133628420083,0.16413078653469154,0.9940619874638024,0.1503076883382488,0.8067035078716442,0.0,153.86305421686748,0.1079889854293189,0.4729319959754806,0.05584288893591835,0.05466326318111001,0.06787947769530633,0.08368078323102482,0.14447541804690925,0.2077522889455007,0.09184534580841272,0.046811499210278024,0.04908681703221693,0.0678557478267336,0.0732257188479975,0.05688075123859183
cars,US,7313,test,False,7060047060.0,2000,2009,2010,2019,10,9,0.26716559064649253,0.05583824104602891,0.017691802615917768,0.20520852725963823,0.9978945476022505,0.3253599624368361,0.6950788343308575,0.0,108.95801294814268,0.10266773736836539,0.2515432771990054,0.06822010879993383,0.06582157789059663,0.0799025895989971,0.09227130723526786,0.1431580073412649,0.18714630806782565,0.06832998230406712,0.03585005069149042,0.046043054405072864,0.06902122485503687,0.07564025243870509,0.06859553637174169,0.18751672464372046,1.001452177632477,0.2439238491863416,0.8563315140941108,0.0,142.32713795366465,0.11192389256603835,-0.0617043958149242,0.06116207827640025,0.05785420412183828,0.07451392021447673,0.09105714686227107,0.16540060465250306,0.20634825831491135,0.08252716332111616,0.03604656316214633,0.04255578668454722,0.060822003561472764,0.06459477478182193,0.05711749604649469,upstream,US,False,7060047060.0,2000,2009,2010,2019,10,9,0.26718807298086106,0.05569351818344026,0.0175736825793128,0.20539925152870275,0.9978849690321092,0.32719276276520637,0.6966318738840939,0.0,108.9590114973994,0.10264237033596797,0.2514988477382038,0.06822851878522926,0.06590787878907864,0.0799315536343315,0.0924298204302178,0.14409661967155318,0.18643342499229618,0.06760174514575784,0.03583716521693894,0.04619386014981803,0.06920555234621374,0.07559849373033785,0.06853536710822694,0.18782556894938995,1.001441046255519,0.24689239476325733,0.8573915628317867,0.0,142.33164222695467,0.11192070326876792,-0.06174796849285389,0.06125053091402832,0.05783092174797679,0.07466691447570824,0.09140015075278024,0.1662807774422159,0.2057614563353655,0.0815793986658479,0.036040840766557225,0.042645303550557914,0.060985929954257334,0.06453776051402149,0.05702001488068329
cars,US,7318,train,False,7060047060.0,1980,1989,1990,1999,10,10,0.19646777087752398,0.08838579536439375,0.0022495971301402552,0.009482138580244128,1.0004304124306604,0.004538690295254893,0.731501112242488,0.0,321.0636193566285,0.08780293631001823,-0.22078325783359481,0.10850758890696371,0.09240157626872017,0.10616440231101425,0.08979432258084495,0.08971658753646249,0.09635450631368028,0.08076187329486118,0.07450274375063096,0.0571254731820937,0.04565962980122501,0.060008547087315706,0.09900274896618762,0.007232541450103873,1.0000271899616804,-0.004024325493206773,0.7073015402430136,0.0,390.7652771430187,0.09464357788293899,-0.12975836962209564,0.11725611977258585,0.11108282297089989,0.14225488556736596,0.11465985712108516,0.08471413172153272,0.08092952375648502,0.0608184451127107,0.061845031782460855,0.0472135168248211,0.044369020138968776,0.04966312144327145,0.08519352378781259,upstream,US,False,7060047060.0,1980,1989,1990,1999,10,10,0.19587976610210459,0.08835348666198338,0.003679855487024864,0.012117197563045422,0.9999164811968809,-0.0002819672278821887,0.7461220867239449,0.00027419797093501506,321.31393666026867,0.08781754588059065,-0.2220361766915986,0.10848457707194727,0.09243315402516762,0.10633475597392558,0.08951045587956573,0.08984568398775158,0.09632517291876105,0.08053899439454339,0.07455851729835997,0.056914752417391676,0.04560811390147419,0.0602499781523703,0.0991958439787415,0.008437342076020558,1.0000200980122431,-0.000941561634416595,0.7165353031086413,0.0,390.8400539578198,0.09466013595455154,-0.12999946453515518,0.11720337099399301,0.11118909741919583,0.14251442385927982,0.11420953734012107,0.08460675820613373,0.08093182415834711,0.06078764093862485,0.06175625594535683,0.04715095146904553,0.04438824460557323,0.04963572284482171,0.08562617221950743
cars,US,7318,test,False,7060047060.0,2000,2009,2010,2019,10,10,0.3014800868433598,0.09838435948630993,0.0014272464761127777,0.009990941399178617,0.9998464458244897,-0.0030309732918615793,0.7615813945106766,0.0,306.7771450939591,0.09245654801208715,-0.10809888385089683,0.10291945085220648,0.10543710712965179,0.11973251493352616,0.13175133617910528,0.10643176476909413,0.06459128811915216,0.06099390769243038,0.0724619319531994,0.05590701965470382,0.048106827467512596,0.05043575687511397,0.08123109437430381,0.011418187875291395,0.9999767548097795,-9.80281764032554e-05,0.7426145345695488,0.0,414.7191976665159,0.09819473102245771,0.12395263645740105,0.1216743877807542,0.12461864001526696,0.14322096831886602,0.10132713104133627,0.09166854140022969,0.05548822475093999,0.06636060508407957,0.05347825643122708,0.04121189124782512,0.04058166175760791,0.0475458589024054,0.1128238332694618,upstream,US,False,7060047060.0,2000,2009,2010,2019,10,10,0.30105879999087265,0.0986052229559432,0.002379618619958092,0.011668990812269998,0.9998346442251866,0.0019387959884185767,0.7727849009471215,0.0,306.8914953168044,0.09244117460065665,-0.10751861575276993,0.10309507027172948,0.10547407712215814,0.11977042580123219,0.13168651091557626,0.10619218252466808,0.06447060791565129,0.06112441219522453,0.0723757178854775,0.05582829856481216,0.04802761796281642,0.05074093146342671,0.0812141473772272,0.01404860943222809,0.9999516223263981,0.0014323640623450328,0.7513965549295029,0.0,414.69903889345386,0.09818432496726621,0.12384725245281086,0.12153457695166249,0.12498483562004327,0.14296988420105342,0.10084396832027273,0.0914214344278955,0.055477521722166245,0.06641804142894306,0.05343792000702564,0.04106183228286616,0.040634886615733175,0.04783908090052584,0.11337601752181257
cars,US,753,train,False,7060047060.0,1980,1989,1990,1999,10,10,0.10173026538558334,0.0450203929290161,0.035316677920449874,0.17427081067419065,0.9770814130868407,0.1328233166008785,0.5027576820838915,0.0,592.1410764271375,0.09119656342189213,-0.19964921866365093,0.06555330392767779,0.07167794653462574,0.10227692625395471,0.07571599538209123,0.09894278033310068,0.14851676348527573,0.11057307219504588,0.06934486705716349,0.0615950417975688,0.07358677588087112,0.06319368137105158,0.05902284578157321,0.13895413275374077,0.9105544959891098,-0.0021596356530806703,0.616111231947644,0.0,655.5503924842452,0.09710246513479119,0.39517072962326627,0.05514467646203156,0.06432411996988344,0.09719930495272226,0.07099287595517668,0.10537485975158992,0.16882863684819122,0.12778282766925278,0.07041155173056816,0.05975164521385568,0.06803528226793247,0.0613065231475868,0.05084769603120938,upstream,US,False,7060047060.0,1980,1989,1990,1999,10,10,0.10172436680288684,0.045086146919405795,0.035065814371942894,0.17552988592544305,0.9770449872154522,0.1338961234733281,0.5066256246425737,0.0,592.153065699425,0.09120495106888304,-0.19963023366062987,0.06566270168817825,0.07188076393279486,0.10232830856746437,0.0755055577898152,0.09943004028177807,0.1486953887965324,0.1099719363859313,0.06913957598494926,0.06170931994781247,0.07354719194200474,0.06313619981772116,0.05899301486501804,0.14046407155350016,0.9105573481500474,-0.017276837325537118,0.6200819771743901,0.0,655.5597987404161,0.0971164136420362,0.39526414015202527,0.0552473780294254,0.06446118722596969,0.09740144601088478,0.0707772008863348,0.10594107908958199,0.16900067371122585,0.1271718655659202,0.07020947000186878,0.05969460600607855,0.06808047385953893,0.06118490192732344,0.05082971768584769
cars,US,753,test,False,7060047060.0,2000,2009,2010,2019,10,10,0.4626151809929313,0.06468286466874956,0.09002097389019387,0.2411793974574633,0.9439444965561102,0.1345145733906928,0.5956438032176127,0.0,474.70296382834044,0.09838797351846866,0.10118538114762932,0.06374498939616423,0.06152417213999359,0.09394621144237661,0.0766562110320133,0.11336764804084631,0.17986551845894838,0.11380038280758166,0.062370575957116765,0.05758603170052225,0.06217421225183365,0.05863675001397639,0.05632729675862707,0.15115842356726944,0.9434401600781777,0.04917111659762991,0.8220608268122673,0.0,753.9337128208882,0.10571233066696135,-0.08951050257959627,0.04610217833337344,0.050273375274478053,0.08459719828039075,0.08609497184401067,0.12562452298606347,0.19509681849763286,0.12553024984331798,0.06986610071768591,0.06611656877706723,0.05630649480732525,0.04947290738366358,0.04491861325499078,upstream,US,False,7060047060.0,2000,2009,2010,2019,10,10,0.4628419539788224,0.06438264367482137,0.09211829145506614,0.2442817547925933,0.9443142828046205,0.12528938899263473,0.6030503935063762,0.0,474.62119879518065,0.09839062424721084,0.10084868610780755,0.06381154824882664,0.061589739515207256,0.09377323122162555,0.07655424094018581,0.1141125400552757,0.17988450163234976,0.11318134549841372,0.062177855378987665,0.05766073374137581,0.06229221128946679,0.058485738235736454,0.05647631424254885,0.15216346333752714,0.9434668809166639,0.05295548244275537,0.8244414094103275,0.0,753.9748135268347,0.10569736938690469,-0.08947806349744118,0.046215787423025706,0.05026763528699849,0.08496547083280288,0.08592188001358418,0.12629641142465423,0.19502362299494583,0.12484124247980269,0.06976588066837029,0.06610482334005263,0.05628371468718882,0.049403793572046766,0.044909737276527535
cars,US,758,train,False,7060047060.0,1980,1989,1990,1999,10,10,0.06392512032981265,0.0252376401695716,0.12282177495933533,0.32163198737047977,0.6994676223504814,-0.2081225309067403,0.6538382336839933,0.0,18.467966842678443,0.08344692308547333,0.004589437082880522,0.08257355701919496,0.07673953788440403,0.08195959153395689,0.0868440929054896,0.08306346156099376,0.08477020218210553,0.08542877389783103,0.08249067576114331,0.08543206333171742,0.0867278210948757,0.07820881897950763,0.08576140384878013,0.19881021241114444,0.7065222646867698,-0.17690570443204753,0.673129511438636,0.0,17.32434242207962,0.08378266796996653,-0.029497953529286542,0.08389823725413786,0.07849523642486142,0.07682685875729965,0.08240625801594027,0.08888669397466184,0.09109766130585428,0.09540300753684096,0.07772954995430517,0.07878429088470947,0.08676015731262017,0.074489909984277,0.08522213859449175,upstream,US,False,7060047060.0,1980,1989,1990,1999,10,10,0.06385039293208512,0.025385834282675684,0.12150502016273085,0.20052686657390717,0.6993759285233861,-0.06595287390610727,0.7863963459229258,0.0,18.46773200109499,0.08345628112537581,0.004541563912265796,0.08267377677640027,0.07636578031169111,0.0822045095339827,0.08692654636548755,0.08309022959008784,0.08469720826902304,0.08546668618364613,0.08244536882458992,0.08531221546745327,0.08684104717241584,0.07794582555896691,0.08603080594625544,0.07902184641117632,0.7063530458815059,-0.052293114368215585,0.8171108806369717,0.0,17.325416757940854,0.08377418068890505,-0.02963574285071601,0.08375372448995233,0.07864668117177497,0.07677186752863673,0.08235343037761379,0.08881667276779762,0.09100688448436507,0.09545555249963403,0.07779288107542334,0.07884476115044244,0.08662173545371789,0.07474848995032939,0.08518731905031231
cars,US,768,train,False,7060047060.0,1980,1989,1990,1999,10,10,0.304593637337424,0.10949723203202849,0.049806996549907556,0.21365432451167743,0.7220143872968805,0.002924328924243681,0.8868983280856775,0.0,14.21408731489306,0.08507034601026954,0.7321477175722864,0.07422378813691283,0.062145110383503045,0.07737945425713617,0.07679227495853752,0.09365286282128996,0.0897703788706689,0.09224577671039334,0.06764791973707553,0.08349361233316298,0.09129612448583511,0.10762059566497406,0.08373210164051052,0.16384732796176987,1.1851332173077747,-0.09108053925679317,0.9180450241764552,0.0,10.48179455007778,0.08940565531092977,0.36279593774660307,0.05236016752645297,0.05576993524277128,0.06403716409280132,0.09011725373176632,0.11648885685895326,0.1126727556107315,0.08666250703362607,0.08001480415661572,0.11534642572255945,0.09751030915797232,0.06752873796853945,0.06149108289721045,upstream,US,False,7060047060.0,1980,1989,1990,1999,10,10,0.304594318381082,0.10947771588364126,0.058050293548839005,0.23519661223509897,0.7221104620872041,0.03384152185801037,0.9665023681807013,0.0,14.21330878729811,0.08505734917028362,0.7316246047773324,0.07404664647980036,0.06217333079846723,0.07769482753071834,0.07648274114992337,0.09381286266845403,0.09001083314360679,0.09183157243791108,0.0676892261597027,0.08367816185818604,0.09135277010167156,0.10731609006776557,0.08391093760379308,0.17714631868625996,1.185378204068297,-0.05676823689472463,0.9851908485057175,0.0,10.481213307776562,0.08942847746495353,0.3626954813737751,0.052536182520903786,0.05575489719244449,0.06395323547521825,0.09020243830098032,0.11681574640236059,0.11243963832331204,0.08657468321182078,0.08015888543709784,0.11562668939479182,0.09726091310664302,0.06717090514345661,0.06150578549097037
cars,US,789,train,False,7060047060.0,1980,1989,1990,1999,10,10,0.042310534672277564,0.04112447745047476,0.1376875835992175,0.1918400424045077,0.7203964513996931,-0.12492540258016331,0.6025660749765698,0.0,14.632332273870594,0.08387348939638142,-0.020466247135061583,0.0814908581674167,0.07612110615868556,0.08563221159787365,0.08261826911204766,0.08496375715344444,0.07677888511926073,0.08606006971221276,0.09901168521051104,0.08975622389552174,0.07742826001466699,0.08649791873867022,0.0736407551196885,0.054152458805290196,0.8778394283281307,-0.08076167782032191,0.6491035603574169,0.0,14.026144956029652,0.08392245728077,-0.04447203764364636,0.08236534078480373,0.08011904188239785,0.0710084545612578,0.09209545828817724,0.09006577893109641,0.08128043469934985,0.0918725935177074,0.09471321213794938,0.07505372822130331,0.0805477831759463,0.0789981670715915,0.08188000672841944,upstream,US,False,7060047060.0,1980,1989,1990,1999,10,10,0.04217768048290225,0.04201887127905115,0.10532575899642987,0.15018843315201666,0.7203722824780393,-0.019409471998646982,0.6977188303280645,0.0,14.632031207226936,0.0838739519198886,-0.020424181018487902,0.08138048796641249,0.07604996070218581,0.08605289611139663,0.08216298312410981,0.0848548038841694,0.07715583730162369,0.08573271387281128,0.0992356710777629,0.08984769360838497,0.07732303776126125,0.0862837812934921,0.0739201332963897,0.044862674155586785,0.8777291083003331,0.0,0.7413201522410451,0.0,14.027719879518072,0.08392514867969728,-0.04422731162828122,0.08237765339957363,0.08005878206296783,0.07097808784293139,0.0922964823619358,0.08988615933406614,0.08138773032186523,0.09197340510641647,0.09458845499404607,0.07499520830225975,0.08052740122031496,0.07883941967274816,0.08209121538087442
cars,US,870,train,False,7060047060.0,1980,1989,1990,1999,10,10,0.08175820923762325,0.07394621553291456,0.0025304916539591604,0.12669204423514033,0.9947996914775833,-0.1935185522264874,0.412529354441,0.0,672.7386005225646,0.08578722803742378,-0.11105686558824582,0.08529776551102727,0.10032614075097987,0.12043850499284871,0.08427861233407516,0.08543654187009017,0.08057625017259783,0.08111104348479696,0.08253134119328637,0.06920109755059167,0.06508485207764796,0.07022904690530175,0.07548880315675625,0.12416155258118117,0.9098368995015396,-0.22593660064428692,0.5193573465092846,0.0,730.051481387422,0.08519089650115225,0.5281847874758063,0.07342178845320724,0.07816785743582541,0.09738078952174492,0.07977609783053775,0.10251061496287198,0.09724651152107873,0.0971219932782594,0.09015311362440478,0.07946626119219725,0.07138884730311344,0.06919185850156019,0.06417426637519903,upstream,US,False,7060047060.0,1980,1989,1990,1999,10,10,0.08268931097848367,0.0736417223996664,0.00972010837322504,0.14003209415324866,0.9960833294850078,-0.21470919854566725,0.41978149283958305,0.0,672.6120770707626,0.08574747284247619,-0.11075643958405065,0.08561990382364983,0.10022089591878987,0.12000988566189248,0.08393290411270841,0.08556677586953819,0.08042381350884686,0.08128867272819103,0.08270892923430687,0.06918873265425442,0.06521661477121383,0.0702048553405158,0.07561801637609243,0.13031198578002362,0.9126129400127765,-0.23255183060936535,0.5231726987279411,0.0,730.5941198347108,0.08516496878569993,0.5297922569245932,0.07381228324475594,0.07832878969925325,0.09671512994129458,0.07975954533294087,0.10295067848013226,0.09754261603434713,0.09688596603529197,0.0894118402610068,0.07966344746130621,0.07158071289393327,0.06892207134994258,0.06442691926579525
cars,US,870,test,False,7060047060.0,2000,2009,2010,2019,10,10,0.47791237978025686,0.10794879139683182,0.1355543447164511,0.19284397334157782,0.9608815863519427,-0.25317897605466894,0.5013183936368081,0.0,523.9931038798177,0.08528192945613607,-0.08932122043182773,0.0784886262749974,0.08192925186018417,0.10560612934370898,0.09741389972951023,0.08165274129535409,0.10120592079294016,0.08853709373896103,0.08715823708444512,0.07492242136256763,0.06305480728024382,0.06626336565194034,0.07376750558514701,0.05728962862512674,0.9457461938825408,-0.06812183012425156,0.7054343504976915,0.0,845.0458645684517,0.0907936803267915,-0.10942520920605558,0.05706526308566447,0.06175170118354864,0.0866643928084059,0.08037393029363103,0.10280251337924667,0.12576479721131573,0.12205518242646776,0.10696592986559449,0.08358080326116647,0.06331078680755257,0.05813231676988321,0.05153238290752309,upstream,US,False,7060047060.0,2000,2009,2010,2019,10,10,0.4774913507764192,0.10880529462218143,0.13798416630545965,0.1978266320944444,0.9626424219355411,-0.2700949155855563,0.5083882964464006,0.0,524.2009080143212,0.08524487083544856,-0.08977589188409586,0.07867057739114877,0.08216671464980475,0.10565779933206666,0.09702902046870308,0.08127408479934298,0.10085246290470964,0.0884746484415297,0.08729934311993837,0.07495127794143075,0.06315365753986854,0.0664563966028576,0.07401401680859906,0.05984246578898476,0.9462968968464308,-0.06702049155255292,0.7078899715070222,0.0,845.0251361643836,0.09080086501728032,-0.10921364015004174,0.05728843477603132,0.06180541510531907,0.08618971787369838,0.08029561971882229,0.10320182266106065,0.12593816796657326,0.12194909152523299,0.10692005687137626,0.08348137629380536,0.06332025405095293,0.05816980468344969,0.0514402384736778
cars,US,882,train,False,7060047060.0,1980,1989,1990,1999,10,10,0.7245534192242024,0.10495471114556304,0.03434334813760587,0.11070731366390146,1.1038495860792226,0.053553672216113506,0.8524362183586064,0.0,1.0806915306656828,0.10473008176767809,-0.35994874582001934,0.03629052333352371,0.038333408601638114,0.0767175526466819,0.1270357554127329,0.1815854766138616,0.127185597995616,0.08951638358027249,0.091101393873179,0.0732753000467723,0.07263031503605462,0.04976473537064931,0.03656355748901799,0.0763639655262956,0.9376126626883755,0.03278646388990498,1.132951637287245,0.0,2.2303411629125196,0.12247579129009478,0.9984886130494235,0.0343452489118994,0.033672271246776714,0.06435234783509704,0.1100718389847826,0.17647211904648422,0.21695384571575765,0.10470284700569392,0.08095872663177665,0.053174254142133726,0.04827511895048236,0.04364987002027184,0.03337151150884393,upstream,US,False,7060047060.0,1980,1989,1990,1999,10,10,0.7248336923884998,0.10507228327043286,0.032472624871391575,0.11052995585016678,1.1002180235323362,0.06557473108528533,0.8604619237116904,0.0,1.0827341389728098,0.10479804295834873,-0.3570418888564776,0.036345879938664234,0.0385517352466304,0.07724120961840175,0.1277001497881278,0.18186485584953713,0.12655891898884772,0.08900408017279539,0.09106585477527342,0.07339313866372757,0.07254438155005981,0.04944175068203697,0.03628804472589788,0.07805733097877521,0.9365774947401208,0.03355429821687259,1.1380230092537547,-0.0002744990392533626,2.2351830908591817,0.12244022808172607,0.9950700478350548,0.03436765759866542,0.03362810600616105,0.0648496605332926,0.1105832264491748,0.17721016872386947,0.21620217292096597,0.10443310951110997,0.08058668473094911,0.0531109062122825,0.048309961276086326,0.04332554073723297,0.033392805300209806
cars,US,882,test,False,7060047060.0,2000,2009,2010,2019,10,9,0.6505177975078721,0.1339031632194943,0.04506141395447863,0.11993547006105995,0.9939268940698923,0.10374573129130835,0.8632369639829068,0.0,1.0678350998583654,0.0993873164877168,-0.15629036246778436,0.061025127619777034,0.0600601443419186,0.09090659297990392,0.13635175360032523,0.1640396801403248,0.1225743569155528,0.08819065503238073,0.04973923155077363,0.048010356140704494,0.06247828107023352,0.06005258521188821,0.05657123539621704,0.07487405610658132,1.002571553296354,-0.08826681373450104,1.1474350469146868,0.0,2.046541152035026,0.11158532051148251,0.14579949482033058,0.04776708320451498,0.04373937856164881,0.06209417387828777,0.07898461708514123,0.17307300115328983,0.19208056255917463,0.11660673297572685,0.0723040197178643,0.04927619261808642,0.06559521504532226,0.053827255379858975,0.04465176782108401,upstream,US,False,7060047060.0,2000,2009,2010,2019,10,9,0.6472394477689161,0.13486181199999359,0.04844135512870193,0.12314076028634954,0.9868378763616068,0.10731257876202575,0.8757091205302343,0.0002748763056624519,1.0716357888949972,0.09942071814352607,-0.15414597654818785,0.06115383145433079,0.06021247054399631,0.09115733783134558,0.13713781651978105,0.16383142611560889,0.12227380469608279,0.08766942893250955,0.049653838251623464,0.04788885067014893,0.06261948165641558,0.06002727638125476,0.056374436946902376,0.07469940515764761,1.002552335210556,-0.07767073136467502,1.151724743960389,0.0,2.0471031649421794,0.1116222760770762,0.1446013468241798,0.04777188375836824,0.0438096617089214,0.06223303538497835,0.0791329463527949,0.1745255271429232,0.1912595340921609,0.11592082453702597,0.07212320424880787,0.049411300888196015,0.06555825141326885,0.05364527253079892,0.04460855794175551
cars,US,884,test,False,7060047060.0,2000,2009,2010,2019,10,10,0.46460679455377984,0.0740348346253366,0.000896241524768096,0.0597863332871911,1.0139569119771528,-0.10855568751477758,0.47528177015689405,0.0,478.7728954897753,0.08647681748725627,-0.39589722635013824,0.07676795512670341,0.06675564007152907,0.07559199674777839,0.07560664729558966,0.06973946340989622,0.0938855192746289,0.1073209406058185,0.12120386466818742,0.09302272369817376,0.0755717079666569,0.07151146631253295,0.07302207482250471,0.058890091762423005,0.9957339216084011,-0.14293172566905038,0.768858416002807,0.0,761.913595391376,0.09214019796649109,-0.12339706741149885,0.06375335761354084,0.04951138201489977,0.055588987323034876,0.06897746317218109,0.07999472937006101,0.11164047081379709,0.12706439568918398,0.12787631740950617,0.10974145087388992,0.07645230991517396,0.07352084648961912,0.055878289315112135,upstream,US,False,7060047060.0,2000,2009,2010,2019,9,10,0.44208228871689,0.07180330740740681,0.0066596591493417595,0.08297545924434035,1.0095857638552477,-0.16099887955439235,0.46448339732808047,0.0,492.4692657455012,0.08711057696186218,-0.4238430712742045,0.07453531046009482,0.06505672644330814,0.07374081527558428,0.07939469987216292,0.07616126893411923,0.09918332271273526,0.11089759881567907,0.12268578111357677,0.08992646184831825,0.07178226522174332,0.06520453557071015,0.07143121373196754,0.0763158000949986,0.9951826709850126,-0.2069469121881183,0.7685066305981806,0.0,766.2544868311616,0.09233425209302826,-0.125575021287436,0.06395643451275913,0.049320998109608924,0.05502763818683306,0.06895103352923002,0.08005695879841358,0.11204286741639627,0.12749281568466284,0.12827146202654116,0.11002453480672798,0.07620471837761099,0.07355118451393629,0.05509935403727999
cars,US,885,train,False,7060047060.0,1980,1989,1990,1999,10,10,0.49004064487259963,0.07841842968872603,0.24422760951488712,0.4051061253678785,0.9946598515175425,-0.35719392925973187,0.5010892564604325,0.017793594306049824,0.36478783463660996,0.08900204366189907,-0.13938827394533093,0.06830957803642566,0.06180035130849336,0.08685741598109216,0.11873849630339393,0.13140510837383887,0.10215561215818086,0.08114208128020525,0.07706799874551024,0.06504855475258774,0.07555437339950863,0.06427832752435089,0.06764210213641236,0.16087851585299137,0.9720417741379069,-0.24511314428516456,0.727161652479002,0.0002738225629791895,0.5954733017643697,0.09655956770607896,0.8034894632245684,0.05338683425594254,0.04758004883338529,0.08294817891966368,0.10808461377980821,0.14046083358213665,0.15163023711276818,0.0964087170934907,0.08108569198415572,0.06565230522649781,0.062141619188509925,0.05632626541020095,0.05429465461344048,upstream,US,False,7060047060.0,1980,1989,1990,1999,10,10,0.49119127948009156,0.08057053892902222,0.2313226821794231,0.39104946063623847,0.9936693126390835,-0.32331087846032364,0.5282932828854058,0.017926089354660783,0.3649738003309432,0.08899008610268691,-0.13759807578187772,0.06798726003951958,0.061980738932820516,0.08782940845325848,0.1193815905304161,0.13122688237449892,0.10155244654846059,0.08024361585165427,0.07532218271944506,0.06560475141586601,0.07604758972188953,0.06466398920957085,0.06815954420260013,0.15972677845681538,0.9716266500162773,-0.2145984682194444,0.7442736431639496,0.0005492996429552321,0.5964627849491898,0.09662316980060091,0.8021934192456686,0.05343780347475574,0.04766450202397085,0.08339422973761362,0.1085438691249935,0.14073861237239957,0.1516769419276233,0.09614863051008854,0.08035148161296962,0.06547664271791818,0.06198079771757053,0.05619598465917123,0.05439050412092529
cars,US,885,test,False,7060047060.0,2000,2009,2010,2019,10,9,0.4103148379712225,0.09405202685471453,0.09886075717227491,0.15907445473164122,0.9889698587208292,0.20330268403672472,0.6411602375615936,0.0,0.34205975684071466,0.09035884777127681,-0.4693311288072287,0.07174455566935277,0.06584193710505368,0.10299916889828344,0.13599377734093357,0.12449618715274585,0.08840042784418642,0.07799983613573884,0.05616657645830146,0.06019144379053522,0.07372722648492816,0.06825751907891525,0.07418134404102554,0.060213697559366314,0.9982812948642632,0.02763855997754183,0.6473982824946946,0.0,0.5155840250569877,0.09249663841739571,-0.0276286878732838,0.06336845385215563,0.0588491849052748,0.07932071570490866,0.1010385350339068,0.14504243751086698,0.13091492161630516,0.09369884731310026,0.07014723434198882,0.061503057453961035,0.07039004664202796,0.0625581934357338,0.0631683721897702,upstream,US,False,7060047060.0,2000,2009,2010,2019,10,9,0.4102296595515395,0.09652013756259722,0.11468453608893256,0.18094667801319542,0.989623827576117,0.251362535811782,0.6804790959128223,0.0,0.3421353135313531,0.0905526352024933,-0.4677457995763445,0.07167661840315627,0.06625943324941079,0.1036403419924695,0.1365767312645297,0.12474156031652635,0.08852141954527479,0.07734058732930121,0.055680689129616955,0.05847006922807323,0.07412435972874687,0.06842341342953882,0.0745447763833557,0.06626214192426286,0.9982607812969363,0.0562392626704177,0.6633211763318091,0.0,0.5156539866098601,0.09252703755851646,-0.028656681234128505,0.0633891217093091,0.05882950050134588,0.07954668182212521,0.10116858736136268,0.14568538613665055,0.13040363211658845,0.09334534910964633,0.07017071726984567,0.06166937847865873,0.07022737318959255,0.062348069183960006,0.06321620312091496
cars,US,895,train,False,7060047060.0,1980,1989,1990,1999,10,10,0.04548468421823961,0.02209310570427973,0.0023758250965697503,0.01803764537299367,0.995850834420202,0.013771531974168376,0.32057116004460184,0.0,771.101575330818,0.0882163719602315,0.02050276064891048,0.057095686638903555,0.04792106736836795,0.062277109547268686,0.0751791498063976,0.08849347177630483,0.08601526456820655,0.1009881225172013,0.10633348980994796,0.10216647129242096,0.10892716637431138,0.09879939964417683,0.06580360065649245,0.01566182027642392,0.9957852752842958,0.013904831833597612,0.5246793780523626,0.0,806.984768624617,0.08838797778129076,0.6448680062057824,0.0546042466962438,0.05035495547364757,0.06382586134074845,0.07685561504134385,0.09046340611417782,0.09097825590316502,0.0975940044954509,0.1066410677459991,0.11135996825411244,0.10805673196634721,0.08718635036233066,0.0620795366064332,upstream,US,False,7060047060.0,1980,1989,1990,1999,10,10,0.045548135172441336,0.02218416562841065,0.0024059055874132707,0.020330798675467363,0.9958539871995802,0.018363234570125328,0.3222185904549805,0.0,771.0515239529153,0.08821904161965534,0.02041157684360538,0.05705189056781963,0.04789426933153718,0.06252092518134453,0.0751841536935313,0.08854005795776879,0.08604179265692874,0.10110777837212068,0.1063445811792891,0.10215634767391221,0.10896851912211747,0.09860348889622565,0.06558619536740462,0.017924893088054093,0.9957880649285736,0.017545586018246313,0.5258451524843363,0.0,806.9835903614457,0.08839297503695312,0.6448441005262404,0.054613934923164124,0.05030938927765154,0.06401571963217728,0.0768957272846522,0.0905396044663332,0.09098639561039566,0.09764018710228975,0.10673930893336976,0.11138014809814288,0.10791153119481692,0.0871190269252222,0.061849026551784425
cars,US,895,test,False,7060047060.0,2000,2009,2010,2019,10,10,0.49315321521193545,0.053507428469085114,0.004945801340030727,0.016954826822974316,0.9931636567867258,0.014704394696813672,0.40549122622084643,0.0,569.7049650389198,0.08847025088718112,-0.3382000902179747,0.059681341855482045,0.04928600422993993,0.06233797957475034,0.0760770519119897,0.08755474803666848,0.09515622323362896,0.104158030718203,0.1114136752960875,0.11096863443880525,0.10097371340384283,0.08056483489578332,0.061827762404818624,0.01200902548294359,0.9958666555892591,7.503680182465471e-07,0.7143558630037422,0.0,932.8755796796474,0.09342857872307284,-0.06155894917414304,0.048881165929812176,0.04092270648878728,0.053612655469828754,0.06917940355760373,0.08505130549525075,0.1085301501136407,0.124372969481226,0.12419288082662958,0.11379493263681423,0.09453392842370283,0.08487789399328256,0.05205000758342123,upstream,US,False,7060047060.0,2000,2009,2010,2019,10,10,0.4932090326954071,0.053419046051980584,0.0062403033884172315,0.020511690869501536,0.9931502630022631,0.014913589487654004,0.40675850930834323,0.0,569.6817662195456,0.08846801264333877,-0.3379381961554168,0.059666763241749216,0.04921657453457097,0.06263309343062315,0.07600878721320407,0.0876972186850986,0.09517427197668202,0.1042161333817364,0.11145506476504766,0.11097882287061231,0.10078716838817822,0.08039024945039552,0.06177585206210181,0.014271387481084304,0.9958681446207158,0.0,0.7152018231395485,0.0,932.8896623767799,0.09343537197960596,-0.061491875988435536,0.04890951858801579,0.04090130980087793,0.05375101990385491,0.06923550138965433,0.08519374283872058,0.10865318541838323,0.1244576709620966,0.12412520606370496,0.11372741471672787,0.0945359645393967,0.08467011133554181,0.051839354443025204
cars,US,898,train,False,7060047060.0,1980,1989,1990,1999,10,10,0.21983946368612148,0.06580529573968669,0.0196857461898462,0.5662502738108114,0.9737073462061074,-0.43513911504034924,0.7509315310078873,0.0,54.13073471415196,0.09898402577387037,-0.17992935751580355,0.045134385967808936,0.04447624001641375,0.056139004518848075,0.08409214070606337,0.13890998628524995,0.12537494523571596,0.13955408471977704,0.11741990887708798,0.0853671633155991,0.06665178154616062,0.05319138090897015,0.04368897790230489,0.5859360200006576,0.9735179877525879,-0.40518762719488755,0.7810420660654508,0.0,43.447906562554564,0.10496074063335302,0.4112027507728532,0.04167649571952431,0.03983040549741038,0.06612227245764632,0.09162131280294655,0.15592831431414603,0.15664947291082523,0.12318023474794762,0.11550880638445807,0.07065080370794756,0.05317091721261149,0.04555033585302132,0.040110628391515135,upstream,US,False,7060047060.0,1980,1989,1990,1999,10,10,0.21982759489073922,0.06595917560782008,0.02067498553354441,0.5627392629229941,0.9737732701480224,-0.4247591954146247,0.7564207479762777,0.0,54.131847522584174,0.0989879246574548,-0.17993875437577433,0.045183911073872776,0.044434642977314684,0.0562467802061638,0.08460887583847893,0.13892990004093128,0.1254356606636535,0.1395565497811032,0.11732527588409558,0.08493799388409151,0.06656031044315919,0.05311945837104778,0.043660640836087776,0.5834142484565386,0.9735433639048909,-0.39167475543068964,0.7887043039208478,0.0002738225629791895,43.44931544359255,0.10496670883508519,0.4112264471512807,0.04164854493628247,0.03984348068307359,0.06634180526592087,0.09212674308610769,0.156173721568798,0.15653812243622103,0.12290047889768455,0.11536251968623032,0.07034415847549329,0.05316107763637933,0.04542326576836326,0.04013608155944564
cars,US,898,test,False,7060047060.0,2000,2009,2010,2019,10,9,0.38540435893730546,0.0950717363745119,0.29985515370304505,0.7808173582640034,0.9641949020889449,-0.42698566778263414,0.6923905772120128,0.0,34.188774397219674,0.10275308995342616,0.01897677466559467,0.044312425595311435,0.04426339674136054,0.06321091145425056,0.10579242651395217,0.13690037981483988,0.12927420195859143,0.15038315084260415,0.12218349449279578,0.06428588238250361,0.05125078983370767,0.04486361774056638,0.043279322629516455,0.4809622045609584,0.9721832727341545,-0.32741145365724805,0.945806448406967,0.0,50.26463333165787,0.12259500889910911,-0.21534885155846464,0.03245733643840089,0.030372753126138168,0.056735970201988076,0.09580272602161047,0.1626277232356893,0.18322780249323695,0.16577394326162107,0.11859999890041356,0.06123334765541191,0.03363031141858731,0.03072215624013114,0.028815931006771163,upstream,US,False,7060047060.0,2000,2009,2010,2019,10,9,0.3858458745771098,0.0955110705311388,0.2984828163363874,0.7789655626985532,0.9634543234023334,-0.4134671104467143,0.702230356678386,0.0,34.17442317173377,0.10272819422645607,0.019814352021736533,0.04439246327300297,0.0443508509790258,0.06335617625464174,0.10653013346013224,0.13685286461091517,0.12908903803861385,0.15035646275592696,0.12180683850444232,0.06383667322084342,0.051292025261130976,0.0448302258879939,0.043306247753330855,0.4804827463621658,0.9721856819712897,-0.3174887237087907,0.9498231714331642,0.0,50.265722239123825,0.12262127810505591,-0.21533289900870814,0.03251977054658513,0.030347651240188213,0.05700517812156046,0.09625216651326124,0.16313629467162308,0.18325074224188867,0.1654223990230828,0.11823036308004475,0.060766926705049795,0.0335679269796537,0.030707920969247036,0.028792659907814884
cars,US,920,train,False,7060047060.0,1980,1989,1990,1999,10,10,0.04149527222642394,0.03048695887645926,0.0008139641615943771,0.003831682372704391,0.9848146440920219,-0.015266473498567922,0.2890771122472753,0.0,46.376132645592065,0.08470590819183194,0.1348053780929139,0.07843009654192906,0.08134937890297972,0.09124509393949279,0.08231210857341659,0.09078240882357445,0.08723566161082545,0.09943440499098388,0.1024930854264524,0.07617415753911448,0.06974962640981117,0.06780548567248099,0.07298849156893897,0.004645646534298768,0.9802949976996709,-0.01591328701642826,0.3427150716434504,0.0,44.4911223727122,0.08531385433167095,0.3626643398480268,0.07071747195851605,0.07628951283909204,0.09088048995769837,0.07984168091070178,0.0811353106230959,0.09076303382228948,0.10758154089088864,0.10685202511563145,0.0838002840080857,0.0744605584821175,0.06992193820711486,0.06775615318476819,upstream,US,False,7060047060.0,1980,1989,1990,1999,10,10,0.04147061425391508,0.03047899127630556,0.0011765581942023017,0.0038530041837366367,0.9848150564107543,-0.01526605723102791,0.29097875264261824,0.0,46.37739720777443,0.08470499626915819,0.13459820093918834,0.07855160289103139,0.08144861479715876,0.09115460399425246,0.08228033951235672,0.09080357588504061,0.08729561451794177,0.09950404987392264,0.10239766778033928,0.07604438742472462,0.06973090457848317,0.0677934855888293,0.07299515315591919,0.005029562377938938,0.9802923091594749,-0.015912460738510895,0.34396002243515894,0.0,44.493432639649505,0.08531353284088289,0.3627584650738573,0.07079853447734291,0.07631762433945481,0.09091615819645192,0.07975520169805389,0.08121590682839247,0.09086822909784194,0.10756025773300437,0.10684783857735605,0.08361394339452834,0.07448391167614878,0.06987092056166701,0.0677514734197577
cars,US,920,test,False,7060047060.0,2000,2009,2010,2019,10,9,0.5362438771521204,0.1252786684520713,0.03670843031013325,0.04641114759935739,1.0092884755436426,0.05121483940367458,0.6857123533272765,0.0035587188612099642,27.465021525885017,0.1014635249206564,-0.4567119910444214,0.06404941892831653,0.061576515176434,0.06604092732763812,0.07523281567687072,0.07787518170418903,0.1094830215194363,0.17946439057289637,0.14495679693134392,0.05083583930656784,0.057087654843185905,0.05522219553673634,0.05817524247638482,0.009702717289224134,1.000845321933376,-0.020636209651981447,0.3413849924713863,0.0,46.95347076848631,0.0851918881903934,0.17003064307238702,0.07329884290232824,0.07158243260444472,0.0808402929775302,0.08575931997038273,0.08516249357557455,0.09713893545379695,0.10929869833915822,0.1021879067786502,0.07659545882964378,0.07295624554988404,0.07235608975382032,0.07282328326478611,upstream,US,False,7060047060.0,2000,2009,2010,2019,10,9,0.5363225471608098,0.12533184437327202,0.036907952386911524,0.04751129309744815,1.0093036859673536,0.05192365846320832,0.6871666520675909,0.009581166164796059,27.46339611278401,0.10146336426299485,-0.4564095883815974,0.06408255964343292,0.061606237627435625,0.06602587745243187,0.07534018901559397,0.07792572740426681,0.10994101638070158,0.17966133176034643,0.14434583838373083,0.0505478132573665,0.057100875359707814,0.05519263397814751,0.05822989973683808,0.010603340710536624,1.0008354074139598,-0.02303086245189541,0.34262517611653115,0.0009126863401277761,46.95438576209309,0.08519301025743128,0.17010593066040017,0.07340380691431682,0.07158209056416086,0.08080504387657755,0.08579587361245272,0.08524901919517901,0.0971980418748938,0.10934249142080461,0.1020758088558084,0.07646321379189892,0.07293681562126338,0.07240123508328085,0.07274655918936297
cars,US,929,train,False,7060047060.0,1980,1989,1990,1999,10,10,0.021329299216753323,0.07118767736957557,0.002767042171136845,0.036037552122846386,0.9129804761578436,-0.08746696662925384,0.48933429285992114,0.0016424856282507526,32.377937741959165,0.08606564700175907,0.13460798314225947,0.09326205806676785,0.0987157189275124,0.11635129421552363,0.09122349275832693,0.08960481753088083,0.07782258554888963,0.07499363433275814,0.07281024963125769,0.07129961595500171,0.05937261247370027,0.06721504125333866,0.08732887930604216,0.03880459429398323,0.9059239741470457,-0.08533906005224598,0.43778451615421915,0.0002738225629791895,33.07595410126673,0.08401265926019066,0.5416195328685877,0.0868267335501967,0.09017343380271657,0.0974452351892273,0.08157507154534967,0.07615250279679443,0.08166375695277014,0.09253006845175996,0.08882313323915407,0.07664057519389078,0.08155263272410643,0.07349125000284029,0.07312560655119354,upstream,US,False,7060047060.0,1980,1989,1990,1999,10,10,0.021368247682071056,0.0711718958140226,0.004063636110627031,0.03636994076537857,0.9129844579335427,-0.08746296425663816,0.5187432076624422,0.002737476047084588,32.379419381330415,0.08606267787864633,0.13432473767075526,0.09343902051587402,0.09885932873702469,0.1161596506058964,0.09102739445122256,0.08967956490495821,0.0778634662974429,0.07492117631167591,0.07273614428242048,0.07131460953503001,0.05920764676835623,0.06741761822648631,0.08737437936361231,0.0404335768760056,0.90592198079632,-0.08561083729802563,0.4413620968794936,0.000547645125958379,33.078756024096386,0.08401447621579643,0.5416617290126889,0.08697256142587188,0.0901455210567081,0.09742701660994141,0.08143558317463293,0.07622756030558257,0.08166992218453195,0.09249708144086448,0.08886844836773389,0.07658105137696332,0.08165617259622285,0.07335988126911795,0.0731592001918287
cars,US,931,test,False,7060047060.0,2000,2009,2010,2019,10,10,0.3860422891707009,0.2523388229180634,0.2587003094663184,0.9465393297640908,0.3842734317529319,0.0,2.1992247864993444,0.12729263618943332,0.8885479950963473,0.21247987291817763,-1.507693413893183,0.010508598268561396,0.02823768908232886,0.19560998020840265,0.2782537719709471,0.2673032804868902,0.15176460397949604,0.009996241394996002,0.029736749813950625,0.016395715201457915,6.540370983929244e-05,0.0,0.012127965883129943,1.2052396392304092,0.09540972915926756,0.0,1.8116253596729706,0.18592552026286968,1.307184613453815,0.1579007897774913,-0.1365407418008738,0.06689418159219314,0.0189739358660886,0.14527830536639202,0.25786503534712546,0.20853676815625213,0.057920410076737934,0.026390897533995983,0.009992797811355793,0.031216102954613287,0.043074703769329835,0.011981239728685467,0.12187562179723009,upstream,US,False,7060047060.0,2000,2009,2010,2019,10,10,0.38915762669723536,0.2518757115918252,0.29327986814659734,0.9539932496405352,0.3840141967951917,0.0,2.20748754755324,0.12209143169997261,0.8891478237065426,0.21260638562558237,-1.506375750537071,0.01068331005274846,0.027878821092117537,0.1973887773521216,0.27847756366344556,0.26712462250508534,0.1497877038487933,0.010106041858255569,0.0297497857950153,0.016525572057386927,0.0,0.0,0.012277801775030427,1.2472731177871326,0.09293558388394321,0.0,1.817607248761023,0.18586747319219132,1.3121484740170468,0.15813866686702308,-0.14404480673245693,0.06708360189795913,0.018686230744021103,0.14625491693285647,0.25846575769589575,0.20786399132993763,0.057264613757270114,0.026044342708858068,0.00999605220477239,0.03154150088301535,0.042557190644982576,0.01228971285028301,0.1219520883501485
cars,US,938,test,False,7060047060.0,2000,2009,2010,2019,10,9,0.02648730152533227,0.13889800784148013,0.46661736329029513,0.8634668302365714,0.8056596115798611,-0.25658909769196514,3.909658527090258,0.0,1.656604549804211,0.09760979418711846,0.5555167206909112,0.06053094674026808,0.09588650290205046,0.07338432899903687,0.07473414347170872,0.1355168515370765,0.11109958435453349,0.07342141988540085,0.056997400517866795,0.03219262411396652,0.04746079424255179,0.15570603996971447,0.08306936326582534,0.3968494669462763,0.9847311660888703,-0.36016721124464884,0.706609558373962,0.0,1.6133015865751337,0.08674475469884167,0.1909297173526405,0.0948782520479229,0.0940921288968914,0.11040233012813117,0.09578029398803153,0.09982888714561516,0.08979927576533357,0.07156082579625993,0.067926398929671,0.04937740477970562,0.0635090939781313,0.07745127320319561,0.0853938353411108,upstream,US,False,7060047060.0,2000,2009,2010,2019,8,9,0.17002448771928466,0.07594216060927976,0.42893132665181577,0.8131914182348002,0.8787865832218498,-0.2782282460860303,2.393499631074059,-0.00035435861091424523,1.367582211197732,0.08990802414435846,0.35756408849424864,0.07555222854199331,0.11948202233711303,0.09406794000078253,0.09752917420362205,0.10442417660948815,0.1179656918568752,0.08562732732242519,0.06761455459605936,0.038277757437391126,0.05919363452134147,0.0660795679650052,0.07418592460790342,0.38426009158298446,0.9695496225364411,-0.33250227820108996,0.7457414860922723,0.0,1.621041524635885,0.08703467514971007,0.195486807129049,0.0963451097579649,0.09538374426339692,0.11148303196592838,0.09608780254864127,0.10089730632232104,0.08873791578484146,0.06800231920584213,0.0675916981912603,0.04868975001629675,0.06395919329410768,0.07765114839113219,0.08517098025826685
cars,US,982,train,False,7060047060.0,1980,1989,1990,1999,10,10,0.06609152287136455,0.193269710323336,0.06510023750424249,0.4883897830894643,0.8574531470965114,0.05962343442623997,3.3532070998144206,-0.010676156583629894,7.111297832474402,0.10982863444015435,-0.05415868375751777,0.03287695761050301,0.07490570428413539,0.12163248450695635,0.15134297113775977,0.16971475937389527,0.13013332260120192,0.060693055857970024,0.04474312349952756,0.04505472724180714,0.09686193011427846,0.03792204054341714,0.03411892322854787,0.5534900205937068,0.8800925223286761,0.06254518987290497,3.8323861099786862,-0.003559693318729463,7.5971736217002395,0.12222905161746009,0.2769697595385508,0.019712827668231115,0.03628111097079419,0.0832455361479115,0.13815714503900503,0.22047724095294685,0.11825565877331774,0.11953759058002755,0.026661475074006968,0.02761204692142454,0.054355710078142556,0.10101919508484944,0.05468446270934249,upstream,US,False,7060047060.0,1980,1989,1990,1999,10,10,0.06598437756643331,0.1921105763767682,0.06232020355439871,0.5489448607236201,0.857203569371019,0.05960774171897688,3.6656871794663557,-0.010949904188338352,7.113169997262523,0.10945675260998242,-0.05385607084364123,0.03370771166249301,0.07478218670348875,0.12375682187896513,0.14913623207146132,0.17039205431256665,0.1290513042243407,0.06047911035886518,0.04479151152556476,0.04686571678941334,0.09496440365588443,0.037936324126659024,0.03413662269029776,0.6112650642780189,0.8799338748718929,0.0633031377579087,4.163528838044377,-0.0024644030668127042,7.598359529025191,0.12218472343020118,0.2769459744311636,0.01994114498903374,0.036223410908757796,0.08407926150255311,0.13822797615600504,0.22006122769121095,0.11798527302165623,0.11962841895781606,0.026191737573492635,0.027762088641878045,0.05453441934146664,0.10156058862794973,0.053804452588180084
cars,US,989,train,False,7060047060.0,1980,1989,1990,1999,10,10,0.10702602354718396,0.17623160016639203,0.007546270714843817,0.25255283657771027,0.9615475507366306,-0.05050452538493497,1.8155443103816056,0.10539282781275663,299.86966285832176,0.10096474097644989,0.28059455355680774,0.050149323090494656,0.08518088211155515,0.14085372227994952,0.14831864850245105,0.0919000743910527,0.11884219857515955,0.039525794210420295,0.035477353157272296,0.026689271987994,0.09668912830586521,0.07750368789873698,0.08886991548904855,0.24500656586286645,0.9694570873962505,-0.057632013825337704,1.5721670042503468,0.10788608981380066,333.7439047614371,0.10474221281973213,0.013846181831904269,0.04877636142330126,0.058526300941794604,0.08994212834570048,0.12857774577789624,0.19007999756864558,0.10735956622842327,0.08482287595697624,0.027384536709686137,0.046643089634427835,0.05271363464663413,0.09030446549454636,0.07486929727196782,upstream,US,False,7060047060.0,1980,1989,1990,1999,10,10,0.10698159934372374,0.17552742437674348,0.00955293347487629,0.27054819737824765,0.9614852766769709,-0.047206776000170064,1.8435801376286274,0.16233232959211608,299.9145715849986,0.10088499839638473,0.2805697793982787,0.04983388873223531,0.08573086415802336,0.14082735832987864,0.14810100363190384,0.09181932845864778,0.11855361075399946,0.039276312582231535,0.03550509177296249,0.02715389991563708,0.0962293332311538,0.07801807747188308,0.0889512309614437,0.26099526390337136,0.9693619514547259,-0.055144262472338536,1.6081677337028546,0.15772179627601315,333.77905832420583,0.10467617923083357,0.013979484015673291,0.04908312576115378,0.0586004555595666,0.08992623809861446,0.12957022195296083,0.18934833361268458,0.10712745037583522,0.08458863307749417,0.027021007013725742,0.04712341928746388,0.05245697906061435,0.09073465682750022,0.07441947937238598
