scenario,task,model,ID,MAIN_BAS,fold,n_train,observed,predicted
cars,US,mean,1017,7060047060,0,45,0.3767102226800422,0.316469790499904
cars,US,mean,1026,7060047060,0,45,0.25625519090176824,0.316469790499904
cars,US,mean,1033,7060047060,0,45,0.3421777595752804,0.316469790499904
cars,US,mean,1036,7060047060,0,45,0.19946345325612022,0.316469790499904
cars,US,mean,1042,7060047060,0,45,0.3086252424534333,0.316469790499904
cars,US,mean,1067,7060047060,0,45,0.5998478490301629,0.316469790499904
cars,US,mean,1092,7060047060,0,45,0.5538973189418028,0.316469790499904
cars,US,mean,1101,7060047060,0,45,0.5732890822190375,0.316469790499904
cars,US,mean,1112,7060047060,0,45,0.4529900451763571,0.316469790499904
cars,US,mean,1121,7060047060,0,45,0.29573686102470564,0.316469790499904
cars,US,mean,1122,7060047060,0,45,0.4731408184743925,0.316469790499904
cars,US,mean,1125,7060047060,0,45,0.29573686102470564,0.316469790499904
cars,US,mean,1127,7060047060,0,45,0.5284257833617235,0.316469790499904
cars,US,mean,1192,7060047060,0,45,0.15622551667530427,0.316469790499904
cars,US,mean,1586,7060047060,0,45,0.10090961354906708,0.316469790499904
cars,US,mean,1587,7060047060,0,45,0.2531868046723131,0.316469790499904
cars,US,mean,1592,7060047060,0,45,0.3257712611764545,0.316469790499904
cars,US,mean,1595,7060047060,0,45,0.0973436812701083,0.316469790499904
cars,US,mean,1600,7060047060,0,45,0.14853021419039886,0.316469790499904
cars,US,mean,1617,7060047060,0,45,0.24687425297109888,0.316469790499904
cars,US,mean,1619,7060047060,0,45,0.13245760053603373,0.316469790499904
cars,US,mean,1620,7060047060,0,45,0.26035611659680125,0.316469790499904
cars,US,mean,1631,7060047060,0,45,0.11543700302138787,0.316469790499904
cars,US,mean,1634,7060047060,0,45,0.16133901010123658,0.316469790499904
cars,US,mean,1636,7060047060,0,45,0.34310552073147055,0.316469790499904
cars,US,mean,1645,7060047060,0,45,0.43703759577674123,0.316469790499904
cars,US,mean,1650,7060047060,0,45,0.15935517429417478,0.316469790499904
cars,US,mean,1654,7060047060,0,45,0.4218435553220695,0.316469790499904
cars,US,mean,1655,7060047060,0,45,0.2436515966980656,0.316469790499904
cars,US,mean,1656,7060047060,0,45,0.16921263797743122,0.316469790499904
cars,US,mean,1683,7060047060,0,45,0.3901169448841023,0.316469790499904
cars,US,mean,1691,7060047060,0,45,0.09129167479621161,0.316469790499904
cars,US,mean,1699,7060047060,0,45,0.08642534293446677,0.316469790499904
cars,US,mean,1703,7060047060,0,45,0.6719276083841421,0.316469790499904
cars,US,mean,1706,7060047060,0,45,0.13111941543593233,0.316469790499904
cars,US,mean,1707,7060047060,0,45,0.20455684515248346,0.316469790499904
cars,US,mean,1709,7060047060,0,45,0.07526172636281764,0.316469790499904
cars,US,mean,1712,7060047060,0,45,0.08719223605780649,0.316469790499904
cars,US,mean,1713,7060047060,0,45,0.18000550115060232,0.316469790499904
cars,US,mean,1714,7060047060,0,45,0.28978101331581735,0.316469790499904
cars,US,mean,1718,7060047060,0,45,0.394739557462232,0.316469790499904
cars,US,mean,1723,7060047060,0,45,0.15212299221423958,0.316469790499904
cars,US,mean,1726,7060047060,0,45,0.09003522408520709,0.316469790499904
cars,US,mean,1735,7060047060,0,45,0.05883707799962642,0.316469790499904
cars,US,mean,1739,7060047060,0,45,0.26952085731685316,0.316469790499904
cars,US,mean,1740,7060047060,0,45,0.1589239050565217,0.316469790499904
cars,US,mean,1741,7060047060,0,45,0.3146143807409897,0.316469790499904
cars,US,mean,1742,7060047060,0,45,0.07137936169626372,0.316469790499904
cars,US,mean,1744,7060047060,0,45,0.21324280186253824,0.316469790499904
cars,US,mean,1752,7060047060,0,45,0.02732428109480984,0.316469790499904
cars,US,mean,1753,7060047060,0,45,0.03384360187055937,0.316469790499904
cars,US,mean,1754,7060047060,0,45,0.09361807153219688,0.316469790499904
cars,US,mean,1755,7060047060,0,45,0.5328497903478746,0.316469790499904
cars,US,mean,1756,7060047060,0,45,0.3989681966623302,0.316469790499904
cars,US,mean,1762,7060047060,0,45,0.45114957503417075,0.316469790499904
cars,US,mean,1768,7060047060,0,45,0.010814949128347994,0.316469790499904
cars,US,mean,1775,7060047060,0,45,0.32364286594823655,0.316469790499904
cars,US,mean,1777,7060047060,0,45,0.28909389421808096,0.316469790499904
cars,US,mean,1848,7060047060,0,45,0.4800253185821163,0.316469790499904
cars,US,mean,1864,7060047060,0,45,0.5318920034094353,0.316469790499904
cars,US,mean,1869,7060047060,0,45,0.6181993694029078,0.316469790499904
cars,US,mean,300,7060047060,0,45,0.5006788204045888,0.316469790499904
cars,US,mean,307,7060047060,0,45,0.13528669233477014,0.316469790499904
cars,US,mean,319,7060047060,0,45,0.23720243735094437,0.316469790499904
cars,US,mean,355,7060047060,0,45,0.12272469188767607,0.316469790499904
cars,US,mean,362,7060047060,0,45,0.3864645066597572,0.316469790499904
cars,US,mean,364,7060047060,0,45,0.16167768783006337,0.316469790499904
cars,US,mean,368,7060047060,0,45,0.4096064798436735,0.316469790499904
cars,US,mean,373,7060047060,0,45,0.37558580011839665,0.316469790499904
cars,US,mean,393,7060047060,0,45,0.2235727680227117,0.316469790499904
cars,US,mean,398,7060047060,0,45,0.2636061818578061,0.316469790499904
cars,US,mean,399,7060047060,0,45,0.13580253516247803,0.316469790499904
cars,US,mean,415,7060047060,0,45,0.07439807135004639,0.316469790499904
cars,US,mean,416,7060047060,0,45,0.18256724140525943,0.316469790499904
cars,US,mean,421,7060047060,0,45,0.2531768818393909,0.316469790499904
cars,US,mean,500,7060047060,0,45,0.35710034798351037,0.316469790499904
cars,US,mean,505,7060047060,0,45,0.23801375600200253,0.316469790499904
cars,US,mean,511,7060047060,0,45,0.08335690047648478,0.316469790499904
cars,US,mean,522,7060047060,0,45,0.0714074460062018,0.316469790499904
cars,US,mean,529,7060047060,0,45,0.21800836345775654,0.316469790499904
cars,US,mean,530,7060047060,0,45,0.24882530842092745,0.316469790499904
cars,US,mean,533,7060047060,0,45,0.050322851451944275,0.316469790499904
cars,US,mean,7313,7060047060,0,45,0.18751672464372046,0.316469790499904
cars,US,mean,7318,7060047060,0,45,0.011418187875291395,0.316469790499904
cars,US,mean,753,7060047060,0,45,0.15115842356726944,0.316469790499904
cars,US,mean,777,7060047060,0,45,0.27879708871674164,0.316469790499904
cars,US,mean,780,7060047060,0,45,0.44557927107970197,0.316469790499904
cars,US,mean,784,7060047060,0,45,0.21568170232054204,0.316469790499904
cars,US,mean,798,7060047060,0,45,0.22989713112567728,0.316469790499904
cars,US,mean,837,7060047060,0,45,0.1446783707599708,0.316469790499904
cars,US,mean,868,7060047060,0,45,0.6617214722807061,0.316469790499904
cars,US,mean,870,7060047060,0,45,0.05728962862512674,0.316469790499904
cars,US,mean,882,7060047060,0,45,0.07487405610658132,0.316469790499904
cars,US,mean,884,7060047060,0,45,0.058890091762423005,0.316469790499904
cars,US,mean,885,7060047060,0,45,0.060213697559366314,0.316469790499904
cars,US,mean,893,7060047060,0,45,0.3039675883467522,0.316469790499904
cars,US,mean,895,7060047060,0,45,0.01200902548294359,0.316469790499904
cars,US,mean,898,7060047060,0,45,0.4809622045609584,0.316469790499904
cars,US,mean,920,7060047060,0,45,0.009702717289224134,0.316469790499904
cars,US,mean,931,7060047060,0,45,1.2052396392304092,0.316469790499904
cars,US,mean,938,7060047060,0,45,0.3968494669462763,0.316469790499904
cars,US,mean,939,7060047060,0,45,0.4656358493251691,0.316469790499904
cars,US,mean,948,7060047060,0,45,0.5744564251171721,0.316469790499904
cars,US,mean,952,7060047060,0,45,0.6166240176032683,0.316469790499904
cars,US,mean,956,7060047060,0,45,1.1283610390792411,0.316469790499904
cars,US,mean,419,7060008710,1,128,0.4416205857741654,0.2728839735711935
cars,US,mean,423,7060008710,1,128,0.2609668929402653,0.2728839735711935
cars,US,mean,445,7060008710,1,128,0.22415083691444454,0.2728839735711935
cars,US,mean,448,7060008710,1,128,0.22427414079737434,0.2728839735711935
cars,US,mean,451,7060008710,1,128,0.2142445264803189,0.2728839735711935
cars,US,mean,469,7060008710,1,128,0.46365928111475874,0.2728839735711935
cars,US,mean,470,7060008710,1,128,0.30999258982574807,0.2728839735711935
cars,US,mean,471,7060008710,1,128,0.4998953490670137,0.2728839735711935
cars,US,mean,473,7060008710,1,128,0.6126285989726578,0.2728839735711935
cars,US,mean,488,7060008710,1,128,0.2871536416436151,0.2728839735711935
cars,US,mean,492,7060008710,1,128,0.4407826505245222,0.2728839735711935
cars,US,mean,493,7060008710,1,128,0.37871473040641057,0.2728839735711935
cars,US,mean,497,7060008710,1,128,0.24859788496998347,0.2728839735711935
cars,US,mean,502,7060008710,1,128,0.30423695353723224,0.2728839735711935
cars,US,mean,506,7060008710,1,128,0.4850553440011199,0.2728839735711935
cars,US,mean,509,7060008710,1,128,0.0984713136044381,0.2728839735711935
cars,US,mean,517,7060008710,1,128,0.3479024777143732,0.2728839735711935
cars,US,mean,518,7060008710,1,128,0.5128392897293541,0.2728839735711935
cars,US,mean,531,7060008710,1,128,0.1943925982432932,0.2728839735711935
cars,US,mean,536,7060008710,1,128,0.25250797575882156,0.2728839735711935
cars,US,mean,541,7060008710,1,128,0.3372827560408248,0.2728839735711935
cars,US,mean,542,7060008710,1,128,0.018790976407496537,0.2728839735711935
cars,US,mean,549,7060008710,1,128,0.1701278393208284,0.2728839735711935
cars,US,mean,567,7060008710,1,128,0.6561024589795234,0.2728839735711935
cars,US,mean,572,7060008710,1,128,0.25457938347916664,0.2728839735711935
cars,US,mean,574,7060008710,1,128,0.39976135828890924,0.2728839735711935
cars,US,mean,575,7060008710,1,128,0.3449917751935075,0.2728839735711935
cars,US,mean,597,7060008710,1,128,0.5041937892767199,0.2728839735711935
cars,US,mean,601,7060008710,1,128,0.3977358697471582,0.2728839735711935
cars,US,mean,1249,7060048410,2,145,1.146030395254913,0.2817222883067987
cars,US,mean,132,7060013550,2,145,0.21980128669475302,0.2817222883067987
cars,US,mean,133,7060013550,2,145,0.07419048047485194,0.2817222883067987
cars,US,mean,144,7060013550,2,145,0.24764945974233324,0.2817222883067987
cars,US,mean,148,7060013550,2,145,0.21978420333248716,0.2817222883067987
cars,US,mean,168,7060013550,2,145,0.06938960549224474,0.2817222883067987
cars,US,mean,1776,7060043090,2,145,0.07073662060070428,0.2817222883067987
cars,US,mean,182,7060013550,2,145,0.18126164103477693,0.2817222883067987
cars,US,mean,185,7060013550,2,145,0.7485088847580723,0.2817222883067987
cars,US,mean,191,7060013550,2,145,0.2234054546701261,0.2817222883067987
cars,US,mean,193,7060013550,2,145,0.4154316045619325,0.2817222883067987
cars,US,mean,198,7060013550,2,145,0.3030069769194994,0.2817222883067987
cars,US,mean,204,7060013550,2,145,0.30221711336109347,0.2817222883067987
cars,US,mean,524,7060073920,2,145,0.2800087631552244,0.2817222883067987
cars,US,mean,585,7060013550,2,145,0.37822571214119727,0.2817222883067987
cars,US,mean,592,7060013550,2,145,0.3000093946332669,0.2817222883067987
cars,US,mean,595,7060013550,2,145,0.1074165396122517,0.2817222883067987
cars,US,mean,600,7060013550,2,145,0.2941340706340895,0.2817222883067987
cars,US,mean,605,7060013550,2,145,0.298616468183024,0.2817222883067987
cars,US,mean,609,7060013550,2,145,0.21927506271712457,0.2817222883067987
cars,US,mean,612,7060013550,2,145,0.10733503940308617,0.2817222883067987
cars,US,mean,1086,7060049270,3,132,1.0688908847059717,0.27651890957555814
cars,US,mean,131,7060014200,3,132,0.30696206638849055,0.27651890957555814
cars,US,mean,1761,7060042310,3,132,0.2589475273602554,0.27651890957555814
cars,US,mean,1879,7060043160,3,132,0.5783266087608062,0.27651890957555814
cars,US,mean,310,7060014930,3,132,0.06025614607528096,0.27651890957555814
cars,US,mean,316,7060014930,3,132,0.2220848054312484,0.27651890957555814
cars,US,mean,361,7060014930,3,132,0.10503189579573496,0.27651890957555814
cars,US,mean,367,7060014930,3,132,0.26860972192798926,0.27651890957555814
cars,US,mean,372,7060014930,3,132,0.30493644885189647,0.27651890957555814
cars,US,mean,378,7060014930,3,132,0.6498951178353334,0.27651890957555814
cars,US,mean,384,7060014930,3,132,0.3093526199502241,0.27651890957555814
cars,US,mean,386,7060014930,3,132,0.5767595458015281,0.27651890957555814
cars,US,mean,390,7060014930,3,132,0.3071239489001133,0.27651890957555814
cars,US,mean,391,7060014930,3,132,0.11565386794679762,0.27651890957555814
cars,US,mean,41,7060016090,3,132,0.3063485000731634,0.27651890957555814
cars,US,mean,413,7060014930,3,132,0.014957428854622506,0.27651890957555814
cars,US,mean,42,7060016090,3,132,0.3638214534858144,0.27651890957555814
cars,US,mean,55,7060014930,3,132,0.2791408868597332,0.27651890957555814
cars,US,mean,57,7060014930,3,132,0.3399568096450151,0.27651890957555814
cars,US,mean,60,7060014930,3,132,0.20260488753198175,0.27651890957555814
cars,US,mean,63,7060014930,3,132,0.2699904997815742,0.27651890957555814
cars,US,mean,114,7060014340,4,140,0.28535177249533317,0.27740389010987415
cars,US,mean,1151,7060047970,4,140,0.537804254533716,0.27740389010987415
cars,US,mean,1237,7060047970,4,140,0.6223175503941138,0.27740389010987415
cars,US,mean,169,7060013560,4,140,0.5336578409890408,0.27740389010987415
cars,US,mean,1782,7060042740,4,140,0.37375842239399404,0.27740389010987415
cars,US,mean,1796,7060042940,4,140,0.2959980432599221,0.27740389010987415
cars,US,mean,180,7060013560,4,140,0.5874000740573897,0.27740389010987415
cars,US,mean,1851,7060043500,4,140,0.12392692879677134,0.27740389010987415
cars,US,mean,1872,7060043500,4,140,0.18369572271036105,0.27740389010987415
cars,US,mean,1883,7060043640,4,140,0.25082374609997554,0.27740389010987415
cars,US,mean,223,7060013180,4,140,0.28503840193604846,0.27740389010987415
cars,US,mean,292,7060022240,4,140,0.4472345683630451,0.27740389010987415
cars,US,mean,431,7060073620,4,140,0.15755469955653975,0.27740389010987415
cars,US,mean,438,7060073620,4,140,0.3205574500397978,0.27740389010987415
cars,US,mean,442,7060073620,4,140,0.2880753880040633,0.27740389010987415
cars,US,mean,449,7060073620,4,140,0.426066484362956,0.27740389010987415
cars,US,mean,450,7060073620,4,140,0.3659586584769955,0.27740389010987415
cars,US,mean,456,7060073620,4,140,0.2640694177067812,0.27740389010987415
cars,US,mean,467,7060073620,4,140,0.5066104513145995,0.27740389010987415
cars,US,mean,477,7060073620,4,140,0.2618498475460717,0.27740389010987415
cars,US,mean,7308,7060043500,4,140,0.1498584901974067,0.27740389010987415
cars,BR,mean,1131,6060007000,-1,147,0.0390069704748579,0.2808978371232723
cars,BR,mean,1145,6060011780,-1,147,0.9429708577848884,0.2808978371232723
cars,BR,mean,1146,6060011780,-1,147,0.0139588343760545,0.2808978371232723
cars,BR,mean,1147,6060011780,-1,147,0.0155383998299051,0.2808978371232723
cars,BR,mean,1154,6060016970,-1,147,0.4825847875493023,0.2808978371232723
cars,BR,mean,1165,6060016970,-1,147,0.0547998237636922,0.2808978371232723
cars,BR,mean,1166,6060016970,-1,147,0.0145229343356155,0.2808978371232723
cars,BR,mean,1167,6060016970,-1,147,0.0326411043303537,0.2808978371232723
cars,BR,mean,1168,6060016970,-1,147,0.0048962466331128,0.2808978371232723
cars,BR,mean,1169,6060016970,-1,147,0.0130415300561963,0.2808978371232723
cars,BR,mean,1170,6060016970,-1,147,0.0380463633921466,0.2808978371232723
cars,BR,mean,1174,6060016970,-1,147,0.0639880778333452,0.2808978371232723
cars,BR,mean,1175,6060016970,-1,147,0.2278760279754066,0.2808978371232723
cars,BR,mean,1176,6060016970,-1,147,0.0096236151736861,0.2808978371232723
cars,BR,mean,1177,6060016970,-1,147,0.0107750395620475,0.2808978371232723
cars,BR,mean,1178,6060013750,-1,147,0.0696826154728397,0.2808978371232723
cars,BR,mean,1179,6060016970,-1,147,0.0090022031832229,0.2808978371232723
cars,BR,mean,1182,6060016970,-1,147,0.0032266821323722,0.2808978371232723
cars,BR,mean,1183,6060016970,-1,147,0.0061949884092648,0.2808978371232723
cars,BR,mean,1186,6060013750,-1,147,0.2202870865187361,0.2808978371232723
cars,BR,mean,1187,6060013750,-1,147,0.0558600848218432,0.2808978371232723
cars,BR,mean,1191,6060016970,-1,147,0.453581512388476,0.2808978371232723
cars,BR,mean,1192,6060016970,-1,147,0.2503726875185316,0.2808978371232723
cars,BR,mean,1195,6060016970,-1,147,0.017870733285531,0.2808978371232723
cars,BR,mean,1196,6060016970,-1,147,0.0285317239706438,0.2808978371232723
cars,BR,mean,1198,6060016970,-1,147,0.1793764263003081,0.2808978371232723
cars,BR,mean,1199,6060016760,-1,147,0.0463493410700394,0.2808978371232723
cars,BR,mean,1200,6060016760,-1,147,0.0717300944791795,0.2808978371232723
cars,BR,mean,1201,6060015560,-1,147,0.1973575345701719,0.2808978371232723
cars,BR,mean,1202,6060015560,-1,147,0.0462549910200803,0.2808978371232723
cars,BR,mean,13435,6060013420,-1,147,0.0082857432417853,0.2808978371232723
cars,BR,mean,13477,6060016970,-1,147,0.0030196517971885,0.2808978371232723
cars,BR,mean,197,6060009760,-1,147,0.1494897777211895,0.2808978371232723
cars,BR,mean,198,6060011780,-1,147,0.0165135046711468,0.2808978371232723
cars,BR,mean,201,6060007950,-1,147,0.0258143608677011,0.2808978371232723
cars,BR,mean,202,6060007950,-1,147,0.3440314527118721,0.2808978371232723
cars,BR,mean,203,6060011780,-1,147,0.367381248821139,0.2808978371232723
cars,BR,mean,204,6060016970,-1,147,0.201860303416369,0.2808978371232723
cars,BR,mean,205,6060016970,-1,147,0.126467830862241,0.2808978371232723
cars,BR,mean,206,6060016970,-1,147,0.0531391459024513,0.2808978371232723
cars,BR,mean,207,6060016970,-1,147,0.2090450087283482,0.2808978371232723
cars,BR,mean,208,6060016970,-1,147,0.0355714826805463,0.2808978371232723
cars,BR,mean,209,6060016970,-1,147,0.0144028771681114,0.2808978371232723
cars,BR,mean,210,6060016970,-1,147,0.0246088546523943,0.2808978371232723
cars,BR,mean,211,6060016970,-1,147,0.0375761424301017,0.2808978371232723
cars,BR,mean,212,6060016970,-1,147,0.0317800847168669,0.2808978371232723
cars,BR,mean,213,6060016970,-1,147,0.1315362853370682,0.2808978371232723
cars,BR,mean,214,6060016970,-1,147,0.2184430138933118,0.2808978371232723
cars,BR,mean,215,6060016970,-1,147,0.0064473546862729,0.2808978371232723
cars,BR,mean,216,6060016970,-1,147,0.0134168828736038,0.2808978371232723
cars,BR,mean,217,6060016970,-1,147,0.0569943517910319,0.2808978371232723
cars,BR,mean,218,6060016970,-1,147,0.1284025733050957,0.2808978371232723
cars,BR,mean,219,6060016970,-1,147,0.0153734568227492,0.2808978371232723
cars,BR,mean,220,6060016970,-1,147,0.0662670354688832,0.2808978371232723
cars,BR,mean,221,6060016970,-1,147,0.0852393222064124,0.2808978371232723
cars,BR,mean,222,6060016970,-1,147,0.1468871124305796,0.2808978371232723
cars,BR,mean,223,6060013750,-1,147,0.2093873097513461,0.2808978371232723
cars,BR,mean,225,6060016970,-1,147,0.0259738684729026,0.2808978371232723
cars,BR,mean,226,6060016970,-1,147,0.0339030273856548,0.2808978371232723
cars,BR,mean,228,6060016760,-1,147,0.2405008092347565,0.2808978371232723
cars,BR,mean,229,6060015560,-1,147,0.1344295002452387,0.2808978371232723
cars,BR,mean,26,6060007950,-1,147,0.1610421735228621,0.2808978371232723
cars,BR,mean,27,6060011780,-1,147,0.2193514668254769,0.2808978371232723
cars,BR,mean,28,6060016970,-1,147,0.0157601793772504,0.2808978371232723
cars,BR,mean,28512,6060016970,-1,147,0.005104449711395,0.2808978371232723
cars,BR,mean,29,6060016970,-1,147,0.0093943956875154,0.2808978371232723
cars,BR,mean,30,6060016970,-1,147,0.0145609957353346,0.2808978371232723
cars,BR,mean,3464,6060013420,-1,147,0.0025825778702569,0.2808978371232723
cars,BR,mean,3472,6060016970,-1,147,0.0044035648738334,0.2808978371232723
cars,BR,mean,3481,6060014460,-1,147,0.198100391080738,0.2808978371232723
cars,BR,mean,3483,6060016970,-1,147,0.6851183600961861,0.2808978371232723
cars,BR,mean,3486,6060016760,-1,147,0.0390585441286255,0.2808978371232723
cars,BR,mean,3491,6060015560,-1,147,0.0693921885438663,0.2808978371232723
cars,BR,mean,40670,6060013420,-1,147,0.0416545111432612,0.2808978371232723
cars,BR,mean,40862,6060013430,-1,147,0.0085255338352187,0.2808978371232723
cars,BR,mean,41066,6060015560,-1,147,0.004850844396302,0.2808978371232723
cars,BR,mean,6874,6060016760,-1,147,0.3314226222254867,0.2808978371232723
cars,BR,mean,6875,6060016970,-1,147,0.020580097384573,0.2808978371232723
cars,BR,mean,6878,6060007950,-1,147,0.1869219645099048,0.2808978371232723
cars,BR,mean,6879,6060016760,-1,147,0.0151105669364328,0.2808978371232723
cars,BR,mean,6883,6060007950,-1,147,0.0200774969459172,0.2808978371232723
cars,BR,mean,7256,6060016970,-1,147,0.0296251511125645,0.2808978371232723
cars,BR,mean,7257,6060016970,-1,147,0.0331956746743684,0.2808978371232723
cars,BR,mean,7259,6060016970,-1,147,0.0218010705573437,0.2808978371232723
cars,BR,mean,7263,6060015560,-1,147,0.0151376875110565,0.2808978371232723
cars,BR,mean,7270,6060016970,-1,147,2.9466869428392814e-05,0.2808978371232723
cars,BR,mean,7274,6060016760,-1,147,0.0725384640486719,0.2808978371232723
cars,BR,mean,7424,6060015560,-1,147,0.0099914835892373,0.2808978371232723
cars,BR,mean,8393,6060016970,-1,147,0.0023328943737665,0.2808978371232723
cars,BR,mean,8396,6060016970,-1,147,0.0074185628142692,0.2808978371232723
cars,BR,mean,8448,6060015560,-1,147,0.0091361958418698,0.2808978371232723
cars,US,persistence,1017,7060047060,0,45,0.3767102226800422,0.3063632691613325
cars,US,persistence,1026,7060047060,0,45,0.25625519090176824,0.25703940688098237
cars,US,persistence,1033,7060047060,0,45,0.3421777595752804,0.32473007300849493
cars,US,persistence,1036,7060047060,0,45,0.19946345325612022,0.19938486125213073
cars,US,persistence,1042,7060047060,0,45,0.3086252424534333,0.35479328489218975
cars,US,persistence,1067,7060047060,0,45,0.5998478490301629,0.5325281058862181
cars,US,persistence,1092,7060047060,0,45,0.5538973189418028,0.4770320849549008
cars,US,persistence,1101,7060047060,0,45,0.5732890822190375,0.45531807330083274
cars,US,persistence,1112,7060047060,0,45,0.4529900451763571,0.3423355702806719
cars,US,persistence,1121,7060047060,0,45,0.29573686102470564,0.22891617481856585
cars,US,persistence,1122,7060047060,0,45,0.4731408184743925,0.4134959440304958
cars,US,persistence,1125,7060047060,0,45,0.29573686102470564,0.22891617481856585
cars,US,persistence,1127,7060047060,0,45,0.5284257833617235,0.449194919462514
cars,US,persistence,1192,7060047060,0,45,0.15622551667530427,0.11184784992534776
cars,US,persistence,1586,7060047060,0,45,0.10090961354906708,0.13120551636747765
cars,US,persistence,1587,7060047060,0,45,0.2531868046723131,0.26044997089284855
cars,US,persistence,1592,7060047060,0,45,0.3257712611764545,0.20533204043906847
cars,US,persistence,1595,7060047060,0,45,0.0973436812701083,0.034416816662003864
cars,US,persistence,1600,7060047060,0,45,0.14853021419039886,0.1296322465659805
cars,US,persistence,1617,7060047060,0,45,0.24687425297109888,0.30142176336420584
cars,US,persistence,1619,7060047060,0,45,0.13245760053603373,0.22437098640261194
cars,US,persistence,1620,7060047060,0,45,0.26035611659680125,0.2867891046920065
cars,US,persistence,1631,7060047060,0,45,0.11543700302138787,0.18237004487820957
cars,US,persistence,1634,7060047060,0,45,0.16133901010123658,0.13342711254633016
cars,US,persistence,1636,7060047060,0,45,0.34310552073147055,0.4339507826290103
cars,US,persistence,1645,7060047060,0,45,0.43703759577674123,0.40500646016277175
cars,US,persistence,1650,7060047060,0,45,0.15935517429417478,0.24036226984060827
cars,US,persistence,1654,7060047060,0,45,0.4218435553220695,0.41501930654162267
cars,US,persistence,1655,7060047060,0,45,0.2436515966980656,0.2431128891410848
cars,US,persistence,1656,7060047060,0,45,0.16921263797743122,0.13246232473135744
cars,US,persistence,1683,7060047060,0,45,0.3901169448841023,0.31684031954774916
cars,US,persistence,1691,7060047060,0,45,0.09129167479621161,0.1411589423780079
cars,US,persistence,1699,7060047060,0,45,0.08642534293446677,0.08269951063557478
cars,US,persistence,1703,7060047060,0,45,0.6719276083841421,0.5453170994179828
cars,US,persistence,1706,7060047060,0,45,0.13111941543593233,0.12638208602596696
cars,US,persistence,1707,7060047060,0,45,0.20455684515248346,0.24333614416725757
cars,US,persistence,1709,7060047060,0,45,0.07526172636281764,0.05910140801630302
cars,US,persistence,1712,7060047060,0,45,0.08719223605780649,0.11476065023526918
cars,US,persistence,1713,7060047060,0,45,0.18000550115060232,0.24864642535655
cars,US,persistence,1714,7060047060,0,45,0.28978101331581735,0.3481205054128808
cars,US,persistence,1718,7060047060,0,45,0.394739557462232,0.4286073075539841
cars,US,persistence,1723,7060047060,0,45,0.15212299221423958,0.17012289905439995
cars,US,persistence,1726,7060047060,0,45,0.09003522408520709,0.11003319331536628
cars,US,persistence,1735,7060047060,0,45,0.05883707799962642,0.06818066653337751
cars,US,persistence,1739,7060047060,0,45,0.26952085731685316,0.27782016159336365
cars,US,persistence,1740,7060047060,0,45,0.1589239050565217,0.1319573906882313
cars,US,persistence,1741,7060047060,0,45,0.3146143807409897,0.2731331402455893
cars,US,persistence,1742,7060047060,0,45,0.07137936169626372,0.07144875562479625
cars,US,persistence,1744,7060047060,0,45,0.21324280186253824,0.1851406018086097
cars,US,persistence,1752,7060047060,0,45,0.02732428109480984,0.035459805641893875
cars,US,persistence,1753,7060047060,0,45,0.03384360187055937,0.11562318353919038
cars,US,persistence,1754,7060047060,0,45,0.09361807153219688,0.18057231688009193
cars,US,persistence,1755,7060047060,0,45,0.5328497903478746,0.44655062100773546
cars,US,persistence,1756,7060047060,0,45,0.3989681966623302,0.41979724992743306
cars,US,persistence,1762,7060047060,0,45,0.45114957503417075,0.41215406538421895
cars,US,persistence,1768,7060047060,0,45,0.010814949128347994,0.015619856613700082
cars,US,persistence,1775,7060047060,0,45,0.32364286594823655,0.30753681030478985
cars,US,persistence,1777,7060047060,0,45,0.28909389421808096,0.28866603465925067
cars,US,persistence,1848,7060047060,0,45,0.4800253185821163,0.49658658164455693
cars,US,persistence,1864,7060047060,0,45,0.5318920034094353,0.5031150877157544
cars,US,persistence,1869,7060047060,0,45,0.6181993694029078,0.6560245547725599
cars,US,persistence,300,7060047060,0,45,0.5006788204045888,0.5772129020618625
cars,US,persistence,307,7060047060,0,45,0.13528669233477014,0.15199896504099472
cars,US,persistence,319,7060047060,0,45,0.23720243735094437,0.25446752643635245
cars,US,persistence,355,7060047060,0,45,0.12272469188767607,0.15163693108827428
cars,US,persistence,362,7060047060,0,45,0.3864645066597572,0.6834958479568398
cars,US,persistence,364,7060047060,0,45,0.16167768783006337,0.1383190194230687
cars,US,persistence,368,7060047060,0,45,0.4096064798436735,0.379082216342184
cars,US,persistence,373,7060047060,0,45,0.37558580011839665,0.4735180279084399
cars,US,persistence,393,7060047060,0,45,0.2235727680227117,0.23145213098747397
cars,US,persistence,398,7060047060,0,45,0.2636061818578061,0.22566580312075163
cars,US,persistence,399,7060047060,0,45,0.13580253516247803,0.17167226445145
cars,US,persistence,415,7060047060,0,45,0.07439807135004639,0.07504639719742881
cars,US,persistence,416,7060047060,0,45,0.18256724140525943,0.15424140646912998
cars,US,persistence,421,7060047060,0,45,0.2531768818393909,0.4033623249586614
cars,US,persistence,500,7060047060,0,45,0.35710034798351037,0.38839135679092923
cars,US,persistence,505,7060047060,0,45,0.23801375600200253,0.20885385109238397
cars,US,persistence,511,7060047060,0,45,0.08335690047648478,0.11800132900555574
cars,US,persistence,522,7060047060,0,45,0.0714074460062018,0.11691254428100045
cars,US,persistence,529,7060047060,0,45,0.21800836345775654,0.2302628819214546
cars,US,persistence,530,7060047060,0,45,0.24882530842092745,0.22267387259007465
cars,US,persistence,533,7060047060,0,45,0.050322851451944275,0.07136324217767923
cars,US,persistence,7313,7060047060,0,45,0.18751672464372046,0.20520852725963823
cars,US,persistence,7318,7060047060,0,45,0.011418187875291395,0.009990941399178617
cars,US,persistence,753,7060047060,0,45,0.15115842356726944,0.2411793974574633
cars,US,persistence,777,7060047060,0,45,0.27879708871674164,0.2140993852279181
cars,US,persistence,780,7060047060,0,45,0.44557927107970197,0.4442817632653582
cars,US,persistence,784,7060047060,0,45,0.21568170232054204,0.3129427696607423
cars,US,persistence,798,7060047060,0,45,0.22989713112567728,0.39160346153042036
cars,US,persistence,837,7060047060,0,45,0.1446783707599708,0.5838143499999546
cars,US,persistence,868,7060047060,0,45,0.6617214722807061,0.8731623129809849
cars,US,persistence,870,7060047060,0,45,0.05728962862512674,0.19284397334157782
cars,US,persistence,882,7060047060,0,45,0.07487405610658132,0.11993547006105995
cars,US,persistence,884,7060047060,0,45,0.058890091762423005,0.0597863332871911
cars,US,persistence,885,7060047060,0,45,0.060213697559366314,0.15907445473164122
cars,US,persistence,893,7060047060,0,45,0.3039675883467522,0.6684285946386119
cars,US,persistence,895,7060047060,0,45,0.01200902548294359,0.016954826822974316
cars,US,persistence,898,7060047060,0,45,0.4809622045609584,0.7808173582640034
cars,US,persistence,920,7060047060,0,45,0.009702717289224134,0.04641114759935739
cars,US,persistence,931,7060047060,0,45,1.2052396392304092,0.9465393297640908
cars,US,persistence,938,7060047060,0,45,0.3968494669462763,0.8634668302365714
cars,US,persistence,939,7060047060,0,45,0.4656358493251691,1.0472790728315737
cars,US,persistence,948,7060047060,0,45,0.5744564251171721,0.920617734924412
cars,US,persistence,952,7060047060,0,45,0.6166240176032683,0.8211088482287083
cars,US,persistence,956,7060047060,0,45,1.1283610390792411,0.9696378515559538
cars,US,persistence,419,7060008710,1,128,0.4416205857741654,0.5123694735582704
cars,US,persistence,423,7060008710,1,128,0.2609668929402653,0.3281289426471836
cars,US,persistence,445,7060008710,1,128,0.22415083691444454,0.25651928053680195
cars,US,persistence,448,7060008710,1,128,0.22427414079737434,0.23171789053343483
cars,US,persistence,451,7060008710,1,128,0.2142445264803189,0.12979874877594105
cars,US,persistence,469,7060008710,1,128,0.46365928111475874,0.4514458862548698
cars,US,persistence,470,7060008710,1,128,0.30999258982574807,0.2951550807046913
cars,US,persistence,471,7060008710,1,128,0.4998953490670137,0.552258455356849
cars,US,persistence,473,7060008710,1,128,0.6126285989726578,0.6419219353079901
cars,US,persistence,488,7060008710,1,128,0.2871536416436151,0.3940022152372216
cars,US,persistence,492,7060008710,1,128,0.4407826505245222,0.4454325172037523
cars,US,persistence,493,7060008710,1,128,0.37871473040641057,0.4983734540480982
cars,US,persistence,497,7060008710,1,128,0.24859788496998347,0.3445191078284952
cars,US,persistence,502,7060008710,1,128,0.30423695353723224,0.22734719598441233
cars,US,persistence,506,7060008710,1,128,0.4850553440011199,0.45319724137057826
cars,US,persistence,509,7060008710,1,128,0.0984713136044381,0.2271385713786674
cars,US,persistence,517,7060008710,1,128,0.3479024777143732,0.3768690160204692
cars,US,persistence,518,7060008710,1,128,0.5128392897293541,0.5176159493796735
cars,US,persistence,531,7060008710,1,128,0.1943925982432932,0.24868947074154224
cars,US,persistence,536,7060008710,1,128,0.25250797575882156,0.24417167838446155
cars,US,persistence,541,7060008710,1,128,0.3372827560408248,0.36800955082426423
cars,US,persistence,542,7060008710,1,128,0.018790976407496537,0.043111933667354774
cars,US,persistence,549,7060008710,1,128,0.1701278393208284,0.1265932506455483
cars,US,persistence,567,7060008710,1,128,0.6561024589795234,0.5645647910752323
cars,US,persistence,572,7060008710,1,128,0.25457938347916664,0.3397319438274165
cars,US,persistence,574,7060008710,1,128,0.39976135828890924,0.4512779774649619
cars,US,persistence,575,7060008710,1,128,0.3449917751935075,0.4519429074049217
cars,US,persistence,597,7060008710,1,128,0.5041937892767199,0.4783413138687872
cars,US,persistence,601,7060008710,1,128,0.3977358697471582,0.3470926370857538
cars,US,persistence,1249,7060048410,2,145,1.146030395254913,0.8239127479792422
cars,US,persistence,132,7060013550,2,145,0.21980128669475302,0.15137980082646524
cars,US,persistence,133,7060013550,2,145,0.07419048047485194,0.03933931630922641
cars,US,persistence,144,7060013550,2,145,0.24764945974233324,1.934865963520902
cars,US,persistence,148,7060013550,2,145,0.21978420333248716,0.17213369635377504
cars,US,persistence,168,7060013550,2,145,0.06938960549224474,0.047323335903193584
cars,US,persistence,1776,7060043090,2,145,0.07073662060070428,0.03782487161987965
cars,US,persistence,182,7060013550,2,145,0.18126164103477693,0.18785658629328353
cars,US,persistence,185,7060013550,2,145,0.7485088847580723,0.5889894278477281
cars,US,persistence,191,7060013550,2,145,0.2234054546701261,0.3085108444008708
cars,US,persistence,193,7060013550,2,145,0.4154316045619325,0.5575534844502066
cars,US,persistence,198,7060013550,2,145,0.3030069769194994,0.36013161974906516
cars,US,persistence,204,7060013550,2,145,0.30221711336109347,0.3639947327359355
cars,US,persistence,524,7060073920,2,145,0.2800087631552244,0.6078183713614831
cars,US,persistence,585,7060013550,2,145,0.37822571214119727,0.3180967080847229
cars,US,persistence,592,7060013550,2,145,0.3000093946332669,0.5038349664652603
cars,US,persistence,595,7060013550,2,145,0.1074165396122517,0.1992841916893307
cars,US,persistence,600,7060013550,2,145,0.2941340706340895,0.2914841171161893
cars,US,persistence,605,7060013550,2,145,0.298616468183024,0.2780292342899207
cars,US,persistence,609,7060013550,2,145,0.21927506271712457,0.33710053895103864
cars,US,persistence,612,7060013550,2,145,0.10733503940308617,0.1516502613470948
cars,US,persistence,1086,7060049270,3,132,1.0688908847059717,0.886849700889463
cars,US,persistence,131,7060014200,3,132,0.30696206638849055,0.28560746610525284
cars,US,persistence,1761,7060042310,3,132,0.2589475273602554,0.19908684144981176
cars,US,persistence,1879,7060043160,3,132,0.5783266087608062,0.5690889313730689
cars,US,persistence,310,7060014930,3,132,0.06025614607528096,0.05871740866891358
cars,US,persistence,316,7060014930,3,132,0.2220848054312484,0.23929690396615416
cars,US,persistence,361,7060014930,3,132,0.10503189579573496,0.1131674530361099
cars,US,persistence,367,7060014930,3,132,0.26860972192798926,0.3459403401148665
cars,US,persistence,372,7060014930,3,132,0.30493644885189647,0.3273465216358815
cars,US,persistence,378,7060014930,3,132,0.6498951178353334,0.7762356282647203
cars,US,persistence,384,7060014930,3,132,0.3093526199502241,0.28816864438865275
cars,US,persistence,386,7060014930,3,132,0.5767595458015281,0.5397176969141498
cars,US,persistence,390,7060014930,3,132,0.3071239489001133,0.368840963562169
cars,US,persistence,391,7060014930,3,132,0.11565386794679762,0.14183148823740693
cars,US,persistence,41,7060016090,3,132,0.3063485000731634,0.2799836461082167
cars,US,persistence,413,7060014930,3,132,0.014957428854622506,0.025991079403934348
cars,US,persistence,42,7060016090,3,132,0.3638214534858144,0.33794968808086145
cars,US,persistence,55,7060014930,3,132,0.2791408868597332,0.2907503018645895
cars,US,persistence,57,7060014930,3,132,0.3399568096450151,0.3920447207419912
cars,US,persistence,60,7060014930,3,132,0.20260488753198175,0.26513391957387267
cars,US,persistence,63,7060014930,3,132,0.2699904997815742,0.3599866442466242
cars,US,persistence,114,7060014340,4,140,0.28535177249533317,0.42774699232497143
cars,US,persistence,1151,7060047970,4,140,0.537804254533716,0.36127600247276914
cars,US,persistence,1237,7060047970,4,140,0.6223175503941138,0.5113976516533948
cars,US,persistence,169,7060013560,4,140,0.5336578409890408,0.6344242896002354
cars,US,persistence,1782,7060042740,4,140,0.37375842239399404,0.30546900694776724
cars,US,persistence,1796,7060042940,4,140,0.2959980432599221,0.1556509886739072
cars,US,persistence,180,7060013560,4,140,0.5874000740573897,0.4832904433748937
cars,US,persistence,1851,7060043500,4,140,0.12392692879677134,0.15029361790353898
cars,US,persistence,1872,7060043500,4,140,0.18369572271036105,0.2263076301159665
cars,US,persistence,1883,7060043640,4,140,0.25082374609997554,0.21750201795834728
cars,US,persistence,223,7060013180,4,140,0.28503840193604846,0.25817807956025235
cars,US,persistence,292,7060022240,4,140,0.4472345683630451,0.4192605790690127
cars,US,persistence,431,7060073620,4,140,0.15755469955653975,0.1502796653715764
cars,US,persistence,438,7060073620,4,140,0.3205574500397978,0.28302003156937616
cars,US,persistence,442,7060073620,4,140,0.2880753880040633,0.29649115154811123
cars,US,persistence,449,7060073620,4,140,0.426066484362956,0.5108964331804531
cars,US,persistence,450,7060073620,4,140,0.3659586584769955,0.3468154854913096
cars,US,persistence,456,7060073620,4,140,0.2640694177067812,0.2208278974905376
cars,US,persistence,467,7060073620,4,140,0.5066104513145995,0.4468360595360856
cars,US,persistence,477,7060073620,4,140,0.2618498475460717,0.3127136822483656
cars,US,persistence,7308,7060043500,4,140,0.1498584901974067,0.12064089507313541
cars,BR,persistence,1131,6060007000,-1,147,0.0390069704748579,0.0511849428749088
cars,BR,persistence,1145,6060011780,-1,147,0.9429708577848884,0.1261187456482915
cars,BR,persistence,1146,6060011780,-1,147,0.0139588343760545,0.1984659949462975
cars,BR,persistence,1147,6060011780,-1,147,0.0155383998299051,0.0718716290844506
cars,BR,persistence,1154,6060016970,-1,147,0.4825847875493023,0.8976085268524354
cars,BR,persistence,1165,6060016970,-1,147,0.0547998237636922,0.0482139529675232
cars,BR,persistence,1166,6060016970,-1,147,0.0145229343356155,0.013770615059198
cars,BR,persistence,1167,6060016970,-1,147,0.0326411043303537,0.0278447070896925
cars,BR,persistence,1168,6060016970,-1,147,0.0048962466331128,0.003456719602558
cars,BR,persistence,1169,6060016970,-1,147,0.0130415300561963,0.0165025934226782
cars,BR,persistence,1170,6060016970,-1,147,0.0380463633921466,0.0368424623098167
cars,BR,persistence,1174,6060016970,-1,147,0.0639880778333452,0.1362977802277893
cars,BR,persistence,1175,6060016970,-1,147,0.2278760279754066,0.2274968998401518
cars,BR,persistence,1176,6060016970,-1,147,0.0096236151736861,0.0063760298991103
cars,BR,persistence,1177,6060016970,-1,147,0.0107750395620475,0.0109432677548711
cars,BR,persistence,1178,6060013750,-1,147,0.0696826154728397,0.0859295097460575
cars,BR,persistence,1179,6060016970,-1,147,0.0090022031832229,0.0150346212823955
cars,BR,persistence,1182,6060016970,-1,147,0.0032266821323722,0.0066182805123742
cars,BR,persistence,1183,6060016970,-1,147,0.0061949884092648,0.0060678168670463
cars,BR,persistence,1186,6060013750,-1,147,0.2202870865187361,0.2139527917793242
cars,BR,persistence,1187,6060013750,-1,147,0.0558600848218432,0.0628283099922405
cars,BR,persistence,1191,6060016970,-1,147,0.453581512388476,0.519298175840785
cars,BR,persistence,1192,6060016970,-1,147,0.2503726875185316,0.324350814902949
cars,BR,persistence,1195,6060016970,-1,147,0.017870733285531,0.0104863930378775
cars,BR,persistence,1196,6060016970,-1,147,0.0285317239706438,0.0230335348003749
cars,BR,persistence,1198,6060016970,-1,147,0.1793764263003081,0.1686101298400941
cars,BR,persistence,1199,6060016760,-1,147,0.0463493410700394,0.0634488750318726
cars,BR,persistence,1200,6060016760,-1,147,0.0717300944791795,0.0581784043575581
cars,BR,persistence,1201,6060015560,-1,147,0.1973575345701719,0.156718713700257
cars,BR,persistence,1202,6060015560,-1,147,0.0462549910200803,0.0267948997850818
cars,BR,persistence,13435,6060013420,-1,147,0.0082857432417853,0.0056250040039462
cars,BR,persistence,13477,6060016970,-1,147,0.0030196517971885,0.0038017025895498
cars,BR,persistence,197,6060009760,-1,147,0.1494897777211895,0.1446751137264372
cars,BR,persistence,198,6060011780,-1,147,0.0165135046711468,0.077719340207502
cars,BR,persistence,201,6060007950,-1,147,0.0258143608677011,0.2272560800448885
cars,BR,persistence,202,6060007950,-1,147,0.3440314527118721,0.4014392858865913
cars,BR,persistence,203,6060011780,-1,147,0.367381248821139,0.4527719341245744
cars,BR,persistence,204,6060016970,-1,147,0.201860303416369,0.1265138890414468
cars,BR,persistence,205,6060016970,-1,147,0.126467830862241,0.268362004210275
cars,BR,persistence,206,6060016970,-1,147,0.0531391459024513,0.0453064073945587
cars,BR,persistence,207,6060016970,-1,147,0.2090450087283482,0.2303808173591815
cars,BR,persistence,208,6060016970,-1,147,0.0355714826805463,0.0734284959166731
cars,BR,persistence,209,6060016970,-1,147,0.0144028771681114,0.0114737765540872
cars,BR,persistence,210,6060016970,-1,147,0.0246088546523943,0.0067810635064418
cars,BR,persistence,211,6060016970,-1,147,0.0375761424301017,0.047112188353544
cars,BR,persistence,212,6060016970,-1,147,0.0317800847168669,0.0499811062243773
cars,BR,persistence,213,6060016970,-1,147,0.1315362853370682,0.04782436482965
cars,BR,persistence,214,6060016970,-1,147,0.2184430138933118,0.2615854934711834
cars,BR,persistence,215,6060016970,-1,147,0.0064473546862729,0.0025824287647536
cars,BR,persistence,216,6060016970,-1,147,0.0134168828736038,0.0074696296807933
cars,BR,persistence,217,6060016970,-1,147,0.0569943517910319,0.0771762975161642
cars,BR,persistence,218,6060016970,-1,147,0.1284025733050957,0.1716602756911978
cars,BR,persistence,219,6060016970,-1,147,0.0153734568227492,0.0086099945544658
cars,BR,persistence,220,6060016970,-1,147,0.0662670354688832,0.1032210591795113
cars,BR,persistence,221,6060016970,-1,147,0.0852393222064124,0.0698066175256278
cars,BR,persistence,222,6060016970,-1,147,0.1468871124305796,0.1620009479071822
cars,BR,persistence,223,6060013750,-1,147,0.2093873097513461,0.1596789087901738
cars,BR,persistence,225,6060016970,-1,147,0.0259738684729026,0.0270645747866426
cars,BR,persistence,226,6060016970,-1,147,0.0339030273856548,0.0465096298369704
cars,BR,persistence,228,6060016760,-1,147,0.2405008092347565,0.3740382655190293
cars,BR,persistence,229,6060015560,-1,147,0.1344295002452387,0.2620405476638671
cars,BR,persistence,26,6060007950,-1,147,0.1610421735228621,0.1802686831626447
cars,BR,persistence,27,6060011780,-1,147,0.2193514668254769,0.3309035037277781
cars,BR,persistence,28,6060016970,-1,147,0.0157601793772504,0.0117501277314334
cars,BR,persistence,28512,6060016970,-1,147,0.005104449711395,0.00834994238426
cars,BR,persistence,29,6060016970,-1,147,0.0093943956875154,0.007443544021113
cars,BR,persistence,30,6060016970,-1,147,0.0145609957353346,0.0122196315107902
cars,BR,persistence,3464,6060013420,-1,147,0.0025825778702569,0.0020883209792057
cars,BR,persistence,3472,6060016970,-1,147,0.0044035648738334,0.0047153802853207
cars,BR,persistence,3481,6060014460,-1,147,0.198100391080738,0.1734218487463786
cars,BR,persistence,3483,6060016970,-1,147,0.6851183600961861,0.2353949882674611
cars,BR,persistence,3486,6060016760,-1,147,0.0390585441286255,0.0169500981245576
cars,BR,persistence,3491,6060015560,-1,147,0.0693921885438663,0.0315990930959417
cars,BR,persistence,40670,6060013420,-1,147,0.0416545111432612,0.0209650250679067
cars,BR,persistence,40862,6060013430,-1,147,0.0085255338352187,0.0131969054294908
cars,BR,persistence,41066,6060015560,-1,147,0.004850844396302,0.0022682000193956
cars,BR,persistence,6874,6060016760,-1,147,0.3314226222254867,0.1162214833401699
cars,BR,persistence,6875,6060016970,-1,147,0.020580097384573,0.0
cars,BR,persistence,6878,6060007950,-1,147,0.1869219645099048,0.0
cars,BR,persistence,6879,6060016760,-1,147,0.0151105669364328,0.0
cars,BR,persistence,6883,6060007950,-1,147,0.0200774969459172,0.1146652125761683
cars,BR,persistence,7256,6060016970,-1,147,0.0296251511125645,0.0
cars,BR,persistence,7257,6060016970,-1,147,0.0331956746743684,0.0
cars,BR,persistence,7259,6060016970,-1,147,0.0218010705573437,0.0
cars,BR,persistence,7263,6060015560,-1,147,0.0151376875110565,0.0050854997182282
cars,BR,persistence,7270,6060016970,-1,147,2.9466869428392814e-05,0.0021416724666478
cars,BR,persistence,7274,6060016760,-1,147,0.0725384640486719,0.0262926963333531
cars,BR,persistence,7424,6060015560,-1,147,0.0099914835892373,0.0033094081278767
cars,BR,persistence,8393,6060016970,-1,147,0.0023328943737665,0.0150101803424096
cars,BR,persistence,8396,6060016970,-1,147,0.0074185628142692,0.0048352666083336
cars,BR,persistence,8448,6060015560,-1,147,0.0091361958418698,0.0056852181584494
cars,US,ridge,1017,7060047060,0,45,0.3767102226800422,0.31403426390611316
cars,US,ridge,1026,7060047060,0,45,0.25625519090176824,0.2826764292080235
cars,US,ridge,1033,7060047060,0,45,0.3421777595752804,0.32343740998250803
cars,US,ridge,1036,7060047060,0,45,0.19946345325612022,0.24977986467590563
cars,US,ridge,1042,7060047060,0,45,0.3086252424534333,0.3397987659751794
cars,US,ridge,1067,7060047060,0,45,0.5998478490301629,0.44696408536725074
cars,US,ridge,1092,7060047060,0,45,0.5538973189418028,0.4101394029695778
cars,US,ridge,1101,7060047060,0,45,0.5732890822190375,0.3846047841217939
cars,US,ridge,1112,7060047060,0,45,0.4529900451763571,0.32873754805558725
cars,US,ridge,1121,7060047060,0,45,0.29573686102470564,0.2570649710736188
cars,US,ridge,1122,7060047060,0,45,0.4731408184743925,0.37057755018418076
cars,US,ridge,1125,7060047060,0,45,0.29573686102470564,0.2570649710736188
cars,US,ridge,1127,7060047060,0,45,0.5284257833617235,0.3933049541673267
cars,US,ridge,1192,7060047060,0,45,0.15622551667530427,0.19101681687545652
cars,US,ridge,1586,7060047060,0,45,0.10090961354906708,0.21455183301776998
cars,US,ridge,1587,7060047060,0,45,0.2531868046723131,0.28258842021401126
cars,US,ridge,1592,7060047060,0,45,0.3257712611764545,0.2539264379865366
cars,US,ridge,1595,7060047060,0,45,0.0973436812701083,0.15995790733273332
cars,US,ridge,1600,7060047060,0,45,0.14853021419039886,0.21422123779808483
cars,US,ridge,1617,7060047060,0,45,0.24687425297109888,0.3049509558967853
cars,US,ridge,1619,7060047060,0,45,0.13245760053603373,0.2599205265204169
cars,US,ridge,1620,7060047060,0,45,0.26035611659680125,0.2878846724086346
cars,US,ridge,1631,7060047060,0,45,0.11543700302138787,0.24270119060299328
cars,US,ridge,1634,7060047060,0,45,0.16133901010123658,0.2108114441458862
cars,US,ridge,1636,7060047060,0,45,0.34310552073147055,0.37208046800795636
cars,US,ridge,1645,7060047060,0,45,0.43703759577674123,0.36480461923725294
cars,US,ridge,1650,7060047060,0,45,0.15935517429417478,0.27005031801616325
cars,US,ridge,1654,7060047060,0,45,0.4218435553220695,0.3711659211120998
cars,US,ridge,1655,7060047060,0,45,0.2436515966980656,0.2690747877143469
cars,US,ridge,1656,7060047060,0,45,0.16921263797743122,0.2100150335726731
cars,US,ridge,1683,7060047060,0,45,0.3901169448841023,0.3069477379727127
cars,US,ridge,1691,7060047060,0,45,0.09129167479621161,0.21354889537617344
cars,US,ridge,1699,7060047060,0,45,0.08642534293446677,0.18130979321650456
cars,US,ridge,1703,7060047060,0,45,0.6719276083841421,0.4345167490539431
cars,US,ridge,1706,7060047060,0,45,0.13111941543593233,0.20511628349469044
cars,US,ridge,1707,7060047060,0,45,0.20455684515248346,0.2730483921521761
cars,US,ridge,1709,7060047060,0,45,0.07526172636281764,0.16651650535004292
cars,US,ridge,1712,7060047060,0,45,0.08719223605780649,0.20026974732887756
cars,US,ridge,1713,7060047060,0,45,0.18000550115060232,0.2717290725037754
cars,US,ridge,1714,7060047060,0,45,0.28978101331581735,0.3262354237474674
cars,US,ridge,1718,7060047060,0,45,0.394739557462232,0.3742510431906909
cars,US,ridge,1723,7060047060,0,45,0.15212299221423958,0.23086826437627878
cars,US,ridge,1726,7060047060,0,45,0.09003522408520709,0.1968363614551424
cars,US,ridge,1735,7060047060,0,45,0.05883707799962642,0.17939017385577397
cars,US,ridge,1739,7060047060,0,45,0.26952085731685316,0.2930984054797006
cars,US,ridge,1740,7060047060,0,45,0.1589239050565217,0.2099543323365059
cars,US,ridge,1741,7060047060,0,45,0.3146143807409897,0.2894267552168903
cars,US,ridge,1742,7060047060,0,45,0.07137936169626372,0.17474352653094646
cars,US,ridge,1744,7060047060,0,45,0.21324280186253824,0.23365711152136762
cars,US,ridge,1752,7060047060,0,45,0.02732428109480984,0.14957735146622725
cars,US,ridge,1753,7060047060,0,45,0.03384360187055937,0.1983127719162578
cars,US,ridge,1754,7060047060,0,45,0.09361807153219688,0.23357145265518642
cars,US,ridge,1755,7060047060,0,45,0.5328497903478746,0.3871364744904357
cars,US,ridge,1756,7060047060,0,45,0.3989681966623302,0.37431046365161885
cars,US,ridge,1762,7060047060,0,45,0.45114957503417075,0.36632125830531825
cars,US,ridge,1768,7060047060,0,45,0.010814949128347994,0.14089709442110587
cars,US,ridge,1775,7060047060,0,45,0.32364286594823655,0.31805892003462166
cars,US,ridge,1777,7060047060,0,45,0.28909389421808096,0.3007374036319094
cars,US,ridge,1848,7060047060,0,45,0.4800253185821163,0.4094285818145766
cars,US,ridge,1864,7060047060,0,45,0.5318920034094353,0.40757724012348584
cars,US,ridge,1869,7060047060,0,45,0.6181993694029078,0.49463175014041405
cars,US,ridge,300,7060047060,0,45,0.5006788204045888,0.48940767401019986
cars,US,ridge,307,7060047060,0,45,0.13528669233477014,0.22153731423241768
cars,US,ridge,319,7060047060,0,45,0.23720243735094437,0.3115631219113839
cars,US,ridge,355,7060047060,0,45,0.12272469188767607,0.22976828887518919
cars,US,ridge,362,7060047060,0,45,0.3864645066597572,0.5112034310758107
cars,US,ridge,364,7060047060,0,45,0.16167768783006337,0.2129448029463168
cars,US,ridge,368,7060047060,0,45,0.4096064798436735,0.38571983095912127
cars,US,ridge,373,7060047060,0,45,0.37558580011839665,0.43975314952257094
cars,US,ridge,393,7060047060,0,45,0.2235727680227117,0.2769247564762746
cars,US,ridge,398,7060047060,0,45,0.2636061818578061,0.29881657778437903
cars,US,ridge,399,7060047060,0,45,0.13580253516247803,0.26759242776992587
cars,US,ridge,415,7060047060,0,45,0.07439807135004639,0.18155820984877005
cars,US,ridge,416,7060047060,0,45,0.18256724140525943,0.22314962044483258
cars,US,ridge,421,7060047060,0,45,0.2531768818393909,0.3986714568547728
cars,US,ridge,500,7060047060,0,45,0.35710034798351037,0.3843738514295811
cars,US,ridge,505,7060047060,0,45,0.23801375600200253,0.25342873170830105
cars,US,ridge,511,7060047060,0,45,0.08335690047648478,0.2223714194408576
cars,US,ridge,522,7060047060,0,45,0.0714074460062018,0.2029553906884948
cars,US,ridge,529,7060047060,0,45,0.21800836345775654,0.279604728361614
cars,US,ridge,530,7060047060,0,45,0.24882530842092745,0.27031221180249554
cars,US,ridge,533,7060047060,0,45,0.050322851451944275,0.17437326626456695
cars,US,ridge,7313,7060047060,0,45,0.18751672464372046,0.2606701582141462
cars,US,ridge,7318,7060047060,0,45,0.011418187875291395,0.13691120538923812
cars,US,ridge,753,7060047060,0,45,0.15115842356726944,0.2731467207891925
cars,US,ridge,777,7060047060,0,45,0.27879708871674164,0.24887850010036122
cars,US,ridge,780,7060047060,0,45,0.44557927107970197,0.43515099292617854
cars,US,ridge,784,7060047060,0,45,0.21568170232054204,0.3730075078011609
cars,US,ridge,798,7060047060,0,45,0.22989713112567728,0.3971500315738871
cars,US,ridge,837,7060047060,0,45,0.1446783707599708,0.5285493848374703
cars,US,ridge,868,7060047060,0,45,0.6617214722807061,0.6487455926480108
cars,US,ridge,870,7060047060,0,45,0.05728962862512674,0.23306264567688373
cars,US,ridge,882,7060047060,0,45,0.07487405610658132,0.20164451023529673
cars,US,ridge,884,7060047060,0,45,0.058890091762423005,0.15723138034976844
cars,US,ridge,885,7060047060,0,45,0.060213697559366314,0.2174367421673474
cars,US,ridge,893,7060047060,0,45,0.3039675883467522,0.5213272696378913
cars,US,ridge,895,7060047060,0,45,0.01200902548294359,0.13630761906467034
cars,US,ridge,898,7060047060,0,45,0.4809622045609584,0.5678220245950838
cars,US,ridge,920,7060047060,0,45,0.009702717289224134,0.15604123253905297
cars,US,ridge,931,7060047060,0,45,1.2052396392304092,0.6725262178087215
cars,US,ridge,938,7060047060,0,45,0.3968494669462763,0.6186363558488637
cars,US,ridge,939,7060047060,0,45,0.4656358493251691,0.7389217312544767
cars,US,ridge,948,7060047060,0,45,0.5744564251171721,0.6677434087091256
cars,US,ridge,952,7060047060,0,45,0.6166240176032683,0.5922300741796137
cars,US,ridge,956,7060047060,0,45,1.1283610390792411,0.7116941108144782
cars,US,ridge,419,7060008710,1,128,0.4416205857741654,0.40293021904352955
cars,US,ridge,423,7060008710,1,128,0.2609668929402653,0.2974733151954364
cars,US,ridge,445,7060008710,1,128,0.22415083691444454,0.2877514493638577
cars,US,ridge,448,7060008710,1,128,0.22427414079737434,0.2700362202347829
cars,US,ridge,451,7060008710,1,128,0.2142445264803189,0.13387101492739623
cars,US,ridge,469,7060008710,1,128,0.46365928111475874,0.41923675428480706
cars,US,ridge,470,7060008710,1,128,0.30999258982574807,0.3493025781959781
cars,US,ridge,471,7060008710,1,128,0.4998953490670137,0.43690933874963656
cars,US,ridge,473,7060008710,1,128,0.6126285989726578,0.48487704005517496
cars,US,ridge,488,7060008710,1,128,0.2871536416436151,0.3236748559840842
cars,US,ridge,492,7060008710,1,128,0.4407826505245222,0.30928896698262226
cars,US,ridge,493,7060008710,1,128,0.37871473040641057,0.47003632321539746
cars,US,ridge,497,7060008710,1,128,0.24859788496998347,0.32960839149350046
cars,US,ridge,502,7060008710,1,128,0.30423695353723224,0.22520078658956746
cars,US,ridge,506,7060008710,1,128,0.4850553440011199,0.403509381793443
cars,US,ridge,509,7060008710,1,128,0.0984713136044381,0.2619206780535766
cars,US,ridge,517,7060008710,1,128,0.3479024777143732,0.3420055652056535
cars,US,ridge,518,7060008710,1,128,0.5128392897293541,0.4704565951715909
cars,US,ridge,531,7060008710,1,128,0.1943925982432932,0.28133712571639247
cars,US,ridge,536,7060008710,1,128,0.25250797575882156,0.2397898965102504
cars,US,ridge,541,7060008710,1,128,0.3372827560408248,0.3271988177050209
cars,US,ridge,542,7060008710,1,128,0.018790976407496537,0.0622446845586771
cars,US,ridge,549,7060008710,1,128,0.1701278393208284,0.12717278945421365
cars,US,ridge,567,7060008710,1,128,0.6561024589795234,0.5391391259513825
cars,US,ridge,572,7060008710,1,128,0.25457938347916664,0.2648934925420527
cars,US,ridge,574,7060008710,1,128,0.39976135828890924,0.4219924092702173
cars,US,ridge,575,7060008710,1,128,0.3449917751935075,0.40088741966684965
cars,US,ridge,597,7060008710,1,128,0.5041937892767199,0.38928964906516283
cars,US,ridge,601,7060008710,1,128,0.3977358697471582,0.3212934802063294
cars,US,ridge,1249,7060048410,2,145,1.146030395254913,0.8396428085061272
cars,US,ridge,132,7060013550,2,145,0.21980128669475302,0.1623983404024154
cars,US,ridge,133,7060013550,2,145,0.07419048047485194,0.07437569196937244
cars,US,ridge,144,7060013550,2,145,0.24764945974233324,-92.08032292103675
cars,US,ridge,148,7060013550,2,145,0.21978420333248716,0.18007885657556583
cars,US,ridge,168,7060013550,2,145,0.06938960549224474,0.09014947713056107
cars,US,ridge,1776,7060043090,2,145,0.07073662060070428,0.07675059009779675
cars,US,ridge,182,7060013550,2,145,0.18126164103477693,0.19587379665255963
cars,US,ridge,185,7060013550,2,145,0.7485088847580723,0.5651639500096932
cars,US,ridge,191,7060013550,2,145,0.2234054546701261,0.28769534510155104
cars,US,ridge,193,7060013550,2,145,0.4154316045619325,0.5464467643018304
cars,US,ridge,198,7060013550,2,145,0.3030069769194994,0.30623945310060097
cars,US,ridge,204,7060013550,2,145,0.30221711336109347,0.34085681185400524
cars,US,ridge,524,7060073920,2,145,0.2800087631552244,0.5729715205040355
cars,US,ridge,585,7060013550,2,145,0.37822571214119727,0.7507072975103517
cars,US,ridge,592,7060013550,2,145,0.3000093946332669,0.4297663609706403
cars,US,ridge,595,7060013550,2,145,0.1074165396122517,0.19721961336013216
cars,US,ridge,600,7060013550,2,145,0.2941340706340895,0.28263579883445966
cars,US,ridge,605,7060013550,2,145,0.298616468183024,0.28302049283081177
cars,US,ridge,609,7060013550,2,145,0.21927506271712457,0.3276313685506026
cars,US,ridge,612,7060013550,2,145,0.10733503940308617,0.18684942418440897
cars,US,ridge,1086,7060049270,3,132,1.0688908847059717,0.6700251927070635
cars,US,ridge,131,7060014200,3,132,0.30696206638849055,0.2742563868345303
cars,US,ridge,1761,7060042310,3,132,0.2589475273602554,0.19756466331836364
cars,US,ridge,1879,7060043160,3,132,0.5783266087608062,0.46089139912957683
cars,US,ridge,310,7060014930,3,132,0.06025614607528096,0.06955820897956205
cars,US,ridge,316,7060014930,3,132,0.2220848054312484,0.22757332791538767
cars,US,ridge,361,7060014930,3,132,0.10503189579573496,0.14636455182230335
cars,US,ridge,367,7060014930,3,132,0.26860972192798926,0.34721072194762936
cars,US,ridge,372,7060014930,3,132,0.30493644885189647,0.3348329358852029
cars,US,ridge,378,7060014930,3,132,0.6498951178353334,0.5966016529369524
cars,US,ridge,384,7060014930,3,132,0.3093526199502241,0.29347230855456485
cars,US,ridge,386,7060014930,3,132,0.5767595458015281,0.5148930502588362
cars,US,ridge,390,7060014930,3,132,0.3071239489001133,0.32442731383005186
cars,US,ridge,391,7060014930,3,132,0.11565386794679762,0.1606673377900013
cars,US,ridge,41,7060016090,3,132,0.3063485000731634,0.2604743000153468
cars,US,ridge,413,7060014930,3,132,0.014957428854622506,0.07171649096185989
cars,US,ridge,42,7060016090,3,132,0.3638214534858144,0.30092822295776483
cars,US,ridge,55,7060014930,3,132,0.2791408868597332,0.27009146969168146
cars,US,ridge,57,7060014930,3,132,0.3399568096450151,0.3452402963902323
cars,US,ridge,60,7060014930,3,132,0.20260488753198175,0.2547615941674363
cars,US,ridge,63,7060014930,3,132,0.2699904997815742,0.31198600836466506
cars,US,ridge,114,7060014340,4,140,0.28535177249533317,0.39673199547048815
cars,US,ridge,1151,7060047970,4,140,0.537804254533716,0.45899314331563923
cars,US,ridge,1237,7060047970,4,140,0.6223175503941138,0.438106712952284
cars,US,ridge,169,7060013560,4,140,0.5336578409890408,0.5564120739066933
cars,US,ridge,1782,7060042740,4,140,0.37375842239399404,0.32409479350351766
cars,US,ridge,1796,7060042940,4,140,0.2959980432599221,0.19808112271755962
cars,US,ridge,180,7060013560,4,140,0.5874000740573897,0.48542696129948293
cars,US,ridge,1851,7060043500,4,140,0.12392692879677134,0.1423540279811597
cars,US,ridge,1872,7060043500,4,140,0.18369572271036105,0.2247691036406966
cars,US,ridge,1883,7060043640,4,140,0.25082374609997554,0.2216793543257476
cars,US,ridge,223,7060013180,4,140,0.28503840193604846,0.2470573367453076
cars,US,ridge,292,7060022240,4,140,0.4472345683630451,0.31868380939852176
cars,US,ridge,431,7060073620,4,140,0.15755469955653975,0.14646574989787803
cars,US,ridge,438,7060073620,4,140,0.3205574500397978,0.2660337719671102
cars,US,ridge,442,7060073620,4,140,0.2880753880040633,0.2869084003353808
cars,US,ridge,449,7060073620,4,140,0.426066484362956,0.3619781038367664
cars,US,ridge,450,7060073620,4,140,0.3659586584769955,0.31090350345430606
cars,US,ridge,456,7060073620,4,140,0.2640694177067812,0.2134596020621075
cars,US,ridge,467,7060073620,4,140,0.5066104513145995,0.4289440193673282
cars,US,ridge,477,7060073620,4,140,0.2618498475460717,0.2634202962595544
cars,US,ridge,7308,7060043500,4,140,0.1498584901974067,0.10807102742250782
cars,BR,ridge,1131,6060007000,-1,147,0.0390069704748579,0.0821392919777072
cars,BR,ridge,1145,6060011780,-1,147,0.9429708577848884,0.1458136137972542
cars,BR,ridge,1146,6060011780,-1,147,0.0139588343760545,0.18804145307608
cars,BR,ridge,1147,6060011780,-1,147,0.0155383998299051,0.08242158915653316
cars,BR,ridge,1154,6060016970,-1,147,0.4825847875493023,1.0172955968096082
cars,BR,ridge,1165,6060016970,-1,147,0.0547998237636922,0.08037516560773597
cars,BR,ridge,1166,6060016970,-1,147,0.0145229343356155,0.036475609280582716
cars,BR,ridge,1167,6060016970,-1,147,0.0326411043303537,0.048454082206995985
cars,BR,ridge,1168,6060016970,-1,147,0.0048962466331128,0.027253881346332776
cars,BR,ridge,1169,6060016970,-1,147,0.0130415300561963,0.037661855806628924
cars,BR,ridge,1170,6060016970,-1,147,0.0380463633921466,0.052754626176789776
cars,BR,ridge,1174,6060016970,-1,147,0.0639880778333452,0.1480149498704052
cars,BR,ridge,1175,6060016970,-1,147,0.2278760279754066,0.21588179204785055
cars,BR,ridge,1176,6060016970,-1,147,0.0096236151736861,0.039946537612411515
cars,BR,ridge,1177,6060016970,-1,147,0.0107750395620475,0.04505033960185359
cars,BR,ridge,1178,6060013750,-1,147,0.0696826154728397,0.09685776525595416
cars,BR,ridge,1179,6060016970,-1,147,0.0090022031832229,0.043301460255357443
cars,BR,ridge,1182,6060016970,-1,147,0.0032266821323722,0.036407332787266045
cars,BR,ridge,1183,6060016970,-1,147,0.0061949884092648,0.03439079189298694
cars,BR,ridge,1186,6060013750,-1,147,0.2202870865187361,0.204347450222918
cars,BR,ridge,1187,6060013750,-1,147,0.0558600848218432,0.08435293821371184
cars,BR,ridge,1191,6060016970,-1,147,0.453581512388476,0.49856265434667885
cars,BR,ridge,1192,6060016970,-1,147,0.2503726875185316,0.31140474317204536
cars,BR,ridge,1195,6060016970,-1,147,0.017870733285531,0.04967578009001983
cars,BR,ridge,1196,6060016970,-1,147,0.0285317239706438,0.05738792636955786
cars,BR,ridge,1198,6060016970,-1,147,0.1793764263003081,0.16940334340915775
cars,BR,ridge,1199,6060016760,-1,147,0.0463493410700394,0.09910490540671807
cars,BR,ridge,1200,6060016760,-1,147,0.0717300944791795,0.0980749830753912
cars,BR,ridge,1201,6060015560,-1,147,0.1973575345701719,0.18894507821458012
cars,BR,ridge,1202,6060015560,-1,147,0.0462549910200803,0.06698780566065596
cars,BR,ridge,13435,6060013420,-1,147,0.0082857432417853,0.05273996026693742
cars,BR,ridge,13477,6060016970,-1,147,0.0030196517971885,0.031539837652500735
cars,BR,ridge,197,6060009760,-1,147,0.1494897777211895,0.15266131976975267
cars,BR,ridge,198,6060011780,-1,147,0.0165135046711468,0.08861129071343851
cars,BR,ridge,201,6060007950,-1,147,0.0258143608677011,0.2197360481802458
cars,BR,ridge,202,6060007950,-1,147,0.3440314527118721,0.3661021275904981
cars,BR,ridge,203,6060011780,-1,147,0.367381248821139,0.3997743218143699
cars,BR,ridge,204,6060016970,-1,147,0.201860303416369,0.12098021601140072
cars,BR,ridge,205,6060016970,-1,147,0.126467830862241,0.2507798616376248
cars,BR,ridge,206,6060016970,-1,147,0.0531391459024513,0.05919514144273649
cars,BR,ridge,207,6060016970,-1,147,0.2090450087283482,0.2235515137072171
cars,BR,ridge,208,6060016970,-1,147,0.0355714826805463,0.08100226379712314
cars,BR,ridge,209,6060016970,-1,147,0.0144028771681114,0.0339001411224055
cars,BR,ridge,210,6060016970,-1,147,0.0246088546523943,0.03097581872471017
cars,BR,ridge,211,6060016970,-1,147,0.0375761424301017,0.06107630263537095
cars,BR,ridge,212,6060016970,-1,147,0.0317800847168669,0.0665790566743873
cars,BR,ridge,213,6060016970,-1,147,0.1315362853370682,0.07259694876372419
cars,BR,ridge,214,6060016970,-1,147,0.2184430138933118,0.24210346226991802
cars,BR,ridge,215,6060016970,-1,147,0.0064473546862729,0.025786757269008254
cars,BR,ridge,216,6060016970,-1,147,0.0134168828736038,0.03854604937044012
cars,BR,ridge,217,6060016970,-1,147,0.0569943517910319,0.09650873861384482
cars,BR,ridge,218,6060016970,-1,147,0.1284025733050957,0.17328525584520602
cars,BR,ridge,219,6060016970,-1,147,0.0153734568227492,0.03633723517592807
cars,BR,ridge,220,6060016970,-1,147,0.0662670354688832,0.1100788682924341
cars,BR,ridge,221,6060016970,-1,147,0.0852393222064124,0.08699473006247585
cars,BR,ridge,222,6060016970,-1,147,0.1468871124305796,0.164485963471064
cars,BR,ridge,223,6060013750,-1,147,0.2093873097513461,0.16198174787099737
cars,BR,ridge,225,6060016970,-1,147,0.0259738684729026,0.06166780538218708
cars,BR,ridge,226,6060016970,-1,147,0.0339030273856548,0.07739957148244583
cars,BR,ridge,228,6060016760,-1,147,0.2405008092347565,0.3382123948125232
cars,BR,ridge,229,6060015560,-1,147,0.1344295002452387,0.2530439085404619
cars,BR,ridge,26,6060007950,-1,147,0.1610421735228621,0.19596389890265686
cars,BR,ridge,27,6060011780,-1,147,0.2193514668254769,0.29187663539794734
cars,BR,ridge,28,6060016970,-1,147,0.0157601793772504,0.03262299937053026
cars,BR,ridge,28512,6060016970,-1,147,0.005104449711395,0.04239617311083613
cars,BR,ridge,29,6060016970,-1,147,0.0093943956875154,0.02980641864823219
cars,BR,ridge,30,6060016970,-1,147,0.0145609957353346,0.03278909461970861
cars,BR,ridge,3464,6060013420,-1,147,0.0025825778702569,0.04805430471553529
cars,BR,ridge,3472,6060016970,-1,147,0.0044035648738334,0.033893610459994256
cars,BR,ridge,3481,6060014460,-1,147,0.198100391080738,0.18707409026781807
cars,BR,ridge,3483,6060016970,-1,147,0.6851183600961861,0.23513390875745305
cars,BR,ridge,3486,6060016760,-1,147,0.0390585441286255,0.06708988940389571
cars,BR,ridge,3491,6060015560,-1,147,0.0693921885438663,0.06597935128600216
cars,BR,ridge,40670,6060013420,-1,147,0.0416545111432612,0.07363473655783137
cars,BR,ridge,40862,6060013430,-1,147,0.0085255338352187,0.05615290525286004
cars,BR,ridge,41066,6060015560,-1,147,0.004850844396302,0.0718294553638448
cars,BR,ridge,6874,6060016760,-1,147,0.3314226222254867,0.15254361556557045
cars,BR,ridge,6875,6060016970,-1,147,0.020580097384573,0.036087986493644114
cars,BR,ridge,6878,6060007950,-1,147,0.1869219645099048,0.04605616955665956
cars,BR,ridge,6879,6060016760,-1,147,0.0151105669364328,0.047324314329226014
cars,BR,ridge,6883,6060007950,-1,147,0.0200774969459172,0.14568642438732524
cars,BR,ridge,7256,6060016970,-1,147,0.0296251511125645,0.030464810511096896
cars,BR,ridge,7257,6060016970,-1,147,0.0331956746743684,0.03045620338218119
cars,BR,ridge,7259,6060016970,-1,147,0.0218010705573437,0.0360703960412504
cars,BR,ridge,7263,6060015560,-1,147,0.0151376875110565,0.0707632745436588
cars,BR,ridge,7270,6060016970,-1,147,2.9466869428392814e-05,0.03149844152390727
cars,BR,ridge,7274,6060016760,-1,147,0.0725384640486719,0.06986716698447085
cars,BR,ridge,7424,6060015560,-1,147,0.0099914835892373,0.07321262148435886
cars,BR,ridge,8393,6060016970,-1,147,0.0023328943737665,0.04527081445281311
cars,BR,ridge,8396,6060016970,-1,147,0.0074185628142692,0.03398394212635744
cars,BR,ridge,8448,6060015560,-1,147,0.0091361958418698,0.046629399962056894
cars,US,rf,1017,7060047060,0,45,0.3767102226800422,0.33857447762602755
cars,US,rf,1026,7060047060,0,45,0.25625519090176824,0.33899403317790316
cars,US,rf,1033,7060047060,0,45,0.3421777595752804,0.35708359344803964
cars,US,rf,1036,7060047060,0,45,0.19946345325612022,0.2945906696501239
cars,US,rf,1042,7060047060,0,45,0.3086252424534333,0.3677046484578829
cars,US,rf,1067,7060047060,0,45,0.5998478490301629,0.4136103183716483
cars,US,rf,1092,7060047060,0,45,0.5538973189418028,0.4117265448574235
cars,US,rf,1101,7060047060,0,45,0.5732890822190375,0.40411382802930773
cars,US,rf,1112,7060047060,0,45,0.4529900451763571,0.3746610536630769
cars,US,rf,1121,7060047060,0,45,0.29573686102470564,0.3191970314365093
cars,US,rf,1122,7060047060,0,45,0.4731408184743925,0.38148722166937177
cars,US,rf,1125,7060047060,0,45,0.29573686102470564,0.3191970314365093
cars,US,rf,1127,7060047060,0,45,0.5284257833617235,0.4117265448574235
cars,US,rf,1192,7060047060,0,45,0.15622551667530427,0.20417836741081133
cars,US,rf,1586,7060047060,0,45,0.10090961354906708,0.20997162787167845
cars,US,rf,1587,7060047060,0,45,0.2531868046723131,0.3264588488788771
cars,US,rf,1592,7060047060,0,45,0.3257712611764545,0.29823766235522925
cars,US,rf,1595,7060047060,0,45,0.0973436812701083,0.20404162070033102
cars,US,rf,1600,7060047060,0,45,0.14853021419039886,0.2173348355181549
cars,US,rf,1617,7060047060,0,45,0.24687425297109888,0.343335507338421
cars,US,rf,1619,7060047060,0,45,0.13245760053603373,0.31917703082005433
cars,US,rf,1620,7060047060,0,45,0.26035611659680125,0.3301837467962757
cars,US,rf,1631,7060047060,0,45,0.11543700302138787,0.25768032523899803
cars,US,rf,1634,7060047060,0,45,0.16133901010123658,0.20847386488542
cars,US,rf,1636,7060047060,0,45,0.34310552073147055,0.3920362742226719
cars,US,rf,1645,7060047060,0,45,0.43703759577674123,0.38074779977856793
cars,US,rf,1650,7060047060,0,45,0.15935517429417478,0.3371713751879167
cars,US,rf,1654,7060047060,0,45,0.4218435553220695,0.3790279944232078
cars,US,rf,1655,7060047060,0,45,0.2436515966980656,0.32934195814640516
cars,US,rf,1656,7060047060,0,45,0.16921263797743122,0.20847386488542
cars,US,rf,1683,7060047060,0,45,0.3901169448841023,0.3367895520400985
cars,US,rf,1691,7060047060,0,45,0.09129167479621161,0.2081675961235262
cars,US,rf,1699,7060047060,0,45,0.08642534293446677,0.20311352279004777
cars,US,rf,1703,7060047060,0,45,0.6719276083841421,0.4122993356111544
cars,US,rf,1706,7060047060,0,45,0.13111941543593233,0.20841298574872053
cars,US,rf,1707,7060047060,0,45,0.20455684515248346,0.3249083891575563
cars,US,rf,1709,7060047060,0,45,0.07526172636281764,0.20417410111998455
cars,US,rf,1712,7060047060,0,45,0.08719223605780649,0.21255098380374246
cars,US,rf,1713,7060047060,0,45,0.18000550115060232,0.3243694355251685
cars,US,rf,1714,7060047060,0,45,0.28978101331581735,0.3412210033698053
cars,US,rf,1718,7060047060,0,45,0.394739557462232,0.38727253677263185
cars,US,rf,1723,7060047060,0,45,0.15212299221423958,0.21943452953551262
cars,US,rf,1726,7060047060,0,45,0.09003522408520709,0.20841298574872053
cars,US,rf,1735,7060047060,0,45,0.05883707799962642,0.21998419840769054
cars,US,rf,1739,7060047060,0,45,0.26952085731685316,0.3335914422367541
cars,US,rf,1740,7060047060,0,45,0.1589239050565217,0.20847386488542
cars,US,rf,1741,7060047060,0,45,0.3146143807409897,0.34046817136738894
cars,US,rf,1742,7060047060,0,45,0.07137936169626372,0.20559828355107718
cars,US,rf,1744,7060047060,0,45,0.21324280186253824,0.24984198888588696
cars,US,rf,1752,7060047060,0,45,0.02732428109480984,0.18846044287992808
cars,US,rf,1753,7060047060,0,45,0.03384360187055937,0.18846044287992808
cars,US,rf,1754,7060047060,0,45,0.09361807153219688,0.26235791772040024
cars,US,rf,1755,7060047060,0,45,0.5328497903478746,0.3879304120028014
cars,US,rf,1756,7060047060,0,45,0.3989681966623302,0.39953144376320593
cars,US,rf,1762,7060047060,0,45,0.45114957503417075,0.4016939784284471
cars,US,rf,1768,7060047060,0,45,0.010814949128347994,0.1892049183505014
cars,US,rf,1775,7060047060,0,45,0.32364286594823655,0.3635737423533352
cars,US,rf,1777,7060047060,0,45,0.28909389421808096,0.3298664968976505
cars,US,rf,1848,7060047060,0,45,0.4800253185821163,0.40899657174712845
cars,US,rf,1864,7060047060,0,45,0.5318920034094353,0.40196293417493584
cars,US,rf,1869,7060047060,0,45,0.6181993694029078,0.38617123019764144
cars,US,rf,300,7060047060,0,45,0.5006788204045888,0.4140035809538984
cars,US,rf,307,7060047060,0,45,0.13528669233477014,0.2063744476903153
cars,US,rf,319,7060047060,0,45,0.23720243735094437,0.3408277328312389
cars,US,rf,355,7060047060,0,45,0.12272469188767607,0.19620489722096765
cars,US,rf,362,7060047060,0,45,0.3864645066597572,0.36226598128170523
cars,US,rf,364,7060047060,0,45,0.16167768783006337,0.19620489722096765
cars,US,rf,368,7060047060,0,45,0.4096064798436735,0.39725276028382284
cars,US,rf,373,7060047060,0,45,0.37558580011839665,0.4062516406786782
cars,US,rf,393,7060047060,0,45,0.2235727680227117,0.3061418342517531
cars,US,rf,398,7060047060,0,45,0.2636061818578061,0.3193068683850957
cars,US,rf,399,7060047060,0,45,0.13580253516247803,0.24137842979945934
cars,US,rf,415,7060047060,0,45,0.07439807135004639,0.21483220966496808
cars,US,rf,416,7060047060,0,45,0.18256724140525943,0.1989509397684949
cars,US,rf,421,7060047060,0,45,0.2531768818393909,0.39379519118348066
cars,US,rf,500,7060047060,0,45,0.35710034798351037,0.3946768354955716
cars,US,rf,505,7060047060,0,45,0.23801375600200253,0.2814851772021855
cars,US,rf,511,7060047060,0,45,0.08335690047648478,0.2254798704745664
cars,US,rf,522,7060047060,0,45,0.0714074460062018,0.19667853343427225
cars,US,rf,529,7060047060,0,45,0.21800836345775654,0.32228542553101514
cars,US,rf,530,7060047060,0,45,0.24882530842092745,0.31103326486671184
cars,US,rf,533,7060047060,0,45,0.050322851451944275,0.19620489722096765
cars,US,rf,7313,7060047060,0,45,0.18751672464372046,0.28085933130666424
cars,US,rf,7318,7060047060,0,45,0.011418187875291395,0.19483805012913702
cars,US,rf,753,7060047060,0,45,0.15115842356726944,0.3102191269678289
cars,US,rf,777,7060047060,0,45,0.27879708871674164,0.32094749427069436
cars,US,rf,780,7060047060,0,45,0.44557927107970197,0.43208060851971974
cars,US,rf,784,7060047060,0,45,0.21568170232054204,0.37048207457041515
cars,US,rf,798,7060047060,0,45,0.22989713112567728,0.42048586826064244
cars,US,rf,837,7060047060,0,45,0.1446783707599708,0.41590103686367946
cars,US,rf,868,7060047060,0,45,0.6617214722807061,0.3881921666861096
cars,US,rf,870,7060047060,0,45,0.05728962862512674,0.2696836348326205
cars,US,rf,882,7060047060,0,45,0.07487405610658132,0.1892049183505014
cars,US,rf,884,7060047060,0,45,0.058890091762423005,0.1853945363856384
cars,US,rf,885,7060047060,0,45,0.060213697559366314,0.18675000096021863
cars,US,rf,893,7060047060,0,45,0.3039675883467522,0.4185157293413305
cars,US,rf,895,7060047060,0,45,0.01200902548294359,0.18539093370202145
cars,US,rf,898,7060047060,0,45,0.4809622045609584,0.36837929203771375
cars,US,rf,920,7060047060,0,45,0.009702717289224134,0.18891478086430283
cars,US,rf,931,7060047060,0,45,1.2052396392304092,0.41954665491315213
cars,US,rf,938,7060047060,0,45,0.3968494669462763,0.3968755206119629
cars,US,rf,939,7060047060,0,45,0.4656358493251691,0.4180153761248019
cars,US,rf,948,7060047060,0,45,0.5744564251171721,0.4131477472930532
cars,US,rf,952,7060047060,0,45,0.6166240176032683,0.40666461880582794
cars,US,rf,956,7060047060,0,45,1.1283610390792411,0.43170650943571104
cars,US,rf,419,7060008710,1,128,0.4416205857741654,0.4258867038864974
cars,US,rf,423,7060008710,1,128,0.2609668929402653,0.3431679042808723
cars,US,rf,445,7060008710,1,128,0.22415083691444454,0.2607231854368018
cars,US,rf,448,7060008710,1,128,0.22427414079737434,0.24046108667725818
cars,US,rf,451,7060008710,1,128,0.2142445264803189,0.13383929890176516
cars,US,rf,469,7060008710,1,128,0.46365928111475874,0.4106861640797847
cars,US,rf,470,7060008710,1,128,0.30999258982574807,0.3366443111681859
cars,US,rf,471,7060008710,1,128,0.4998953490670137,0.4344448748020701
cars,US,rf,473,7060008710,1,128,0.6126285989726578,0.44632601666472316
cars,US,rf,488,7060008710,1,128,0.2871536416436151,0.3408929295953286
cars,US,rf,492,7060008710,1,128,0.4407826505245222,0.3826272962457796
cars,US,rf,493,7060008710,1,128,0.37871473040641057,0.4762327623852744
cars,US,rf,497,7060008710,1,128,0.24859788496998347,0.3579644576677412
cars,US,rf,502,7060008710,1,128,0.30423695353723224,0.22272267716771194
cars,US,rf,506,7060008710,1,128,0.4850553440011199,0.47172470166408276
cars,US,rf,509,7060008710,1,128,0.0984713136044381,0.25642004029761273
cars,US,rf,517,7060008710,1,128,0.3479024777143732,0.34946582864665354
cars,US,rf,518,7060008710,1,128,0.5128392897293541,0.4319786719673817
cars,US,rf,531,7060008710,1,128,0.1943925982432932,0.25197414091216525
cars,US,rf,536,7060008710,1,128,0.25250797575882156,0.22192764538499912
cars,US,rf,541,7060008710,1,128,0.3372827560408248,0.33679367777708086
cars,US,rf,542,7060008710,1,128,0.018790976407496537,0.07295651161576928
cars,US,rf,549,7060008710,1,128,0.1701278393208284,0.1517375993725515
cars,US,rf,567,7060008710,1,128,0.6561024589795234,0.513776704744208
cars,US,rf,572,7060008710,1,128,0.25457938347916664,0.360543456393002
cars,US,rf,574,7060008710,1,128,0.39976135828890924,0.4095206305283434
cars,US,rf,575,7060008710,1,128,0.3449917751935075,0.3927874773359624
cars,US,rf,597,7060008710,1,128,0.5041937892767199,0.4013298059117634
cars,US,rf,601,7060008710,1,128,0.3977358697471582,0.4061045402966761
cars,US,rf,1249,7060048410,2,145,1.146030395254913,0.5430183104982853
cars,US,rf,132,7060013550,2,145,0.21980128669475302,0.14493161610980587
cars,US,rf,133,7060013550,2,145,0.07419048047485194,0.06657729854623182
cars,US,rf,144,7060013550,2,145,0.24764945974233324,0.4667534777420379
cars,US,rf,148,7060013550,2,145,0.21978420333248716,0.17983164695047626
cars,US,rf,168,7060013550,2,145,0.06938960549224474,0.093082703952732
cars,US,rf,1776,7060043090,2,145,0.07073662060070428,0.07302459717549953
cars,US,rf,182,7060013550,2,145,0.18126164103477693,0.2109504380833578
cars,US,rf,185,7060013550,2,145,0.7485088847580723,0.5433893659240555
cars,US,rf,191,7060013550,2,145,0.2234054546701261,0.32919283761403695
cars,US,rf,193,7060013550,2,145,0.4154316045619325,0.4984770519143747
cars,US,rf,198,7060013550,2,145,0.3030069769194994,0.33159355938636687
cars,US,rf,204,7060013550,2,145,0.30221711336109347,0.38339861762613103
cars,US,rf,524,7060073920,2,145,0.2800087631552244,0.5218701599926826
cars,US,rf,585,7060013550,2,145,0.37822571214119727,0.36328030477645584
cars,US,rf,592,7060013550,2,145,0.3000093946332669,0.5112520835988976
cars,US,rf,595,7060013550,2,145,0.1074165396122517,0.21067280857941573
cars,US,rf,600,7060013550,2,145,0.2941340706340895,0.3070840751331414
cars,US,rf,605,7060013550,2,145,0.298616468183024,0.30771973635695943
cars,US,rf,609,7060013550,2,145,0.21927506271712457,0.35576348780392947
cars,US,rf,612,7060013550,2,145,0.10733503940308617,0.16335494223930438
cars,US,rf,1086,7060049270,3,132,1.0688908847059717,0.4629935490411084
cars,US,rf,131,7060014200,3,132,0.30696206638849055,0.3120019275375072
cars,US,rf,1761,7060042310,3,132,0.2589475273602554,0.18923068940575455
cars,US,rf,1879,7060043160,3,132,0.5783266087608062,0.4202288171467003
cars,US,rf,310,7060014930,3,132,0.06025614607528096,0.08441021787859393
cars,US,rf,316,7060014930,3,132,0.2220848054312484,0.19939119134813674
cars,US,rf,361,7060014930,3,132,0.10503189579573496,0.157345358212872
cars,US,rf,367,7060014930,3,132,0.26860972192798926,0.36108159789059213
cars,US,rf,372,7060014930,3,132,0.30493644885189647,0.3489384486149129
cars,US,rf,378,7060014930,3,132,0.6498951178353334,0.5052775103759353
cars,US,rf,384,7060014930,3,132,0.3093526199502241,0.31587007000795475
cars,US,rf,386,7060014930,3,132,0.5767595458015281,0.49607793607605905
cars,US,rf,390,7060014930,3,132,0.3071239489001133,0.3594802596872042
cars,US,rf,391,7060014930,3,132,0.11565386794679762,0.13990630102667806
cars,US,rf,41,7060016090,3,132,0.3063485000731634,0.3034826880530855
cars,US,rf,413,7060014930,3,132,0.014957428854622506,0.08625613092633429
cars,US,rf,42,7060016090,3,132,0.3638214534858144,0.3552364760642293
cars,US,rf,55,7060014930,3,132,0.2791408868597332,0.3138013221022003
cars,US,rf,57,7060014930,3,132,0.3399568096450151,0.348860634941319
cars,US,rf,60,7060014930,3,132,0.20260488753198175,0.23492806495601443
cars,US,rf,63,7060014930,3,132,0.2699904997815742,0.33553153534411073
cars,US,rf,114,7060014340,4,140,0.28535177249533317,0.3869933927156793
cars,US,rf,1151,7060047970,4,140,0.537804254533716,0.4537044636606533
cars,US,rf,1237,7060047970,4,140,0.6223175503941138,0.5137253374739644
cars,US,rf,169,7060013560,4,140,0.5336578409890408,0.4968301204709348
cars,US,rf,1782,7060042740,4,140,0.37375842239399404,0.3545607984331879
cars,US,rf,1796,7060042940,4,140,0.2959980432599221,0.17871368976559157
cars,US,rf,180,7060013560,4,140,0.5874000740573897,0.4662041884389972
cars,US,rf,1851,7060043500,4,140,0.12392692879677134,0.15046702735511633
cars,US,rf,1872,7060043500,4,140,0.18369572271036105,0.1967183998020598
cars,US,rf,1883,7060043640,4,140,0.25082374609997554,0.21315759728377892
cars,US,rf,223,7060013180,4,140,0.28503840193604846,0.2374048802922586
cars,US,rf,292,7060022240,4,140,0.4472345683630451,0.3514270830042973
cars,US,rf,431,7060073620,4,140,0.15755469955653975,0.18475765516814313
cars,US,rf,438,7060073620,4,140,0.3205574500397978,0.3101709653887344
cars,US,rf,442,7060073620,4,140,0.2880753880040633,0.32704676096625507
cars,US,rf,449,7060073620,4,140,0.426066484362956,0.4239167891114966
cars,US,rf,450,7060073620,4,140,0.3659586584769955,0.36563777933211944
cars,US,rf,456,7060073620,4,140,0.2640694177067812,0.23356552980902837
cars,US,rf,467,7060073620,4,140,0.5066104513145995,0.4162979032355564
cars,US,rf,477,7060073620,4,140,0.2618498475460717,0.27076176878028624
cars,US,rf,7308,7060043500,4,140,0.1498584901974067,0.12335162547007497
cars,BR,rf,1131,6060007000,-1,147,0.0390069704748579,0.10141115270422732
cars,BR,rf,1145,6060011780,-1,147,0.9429708577848884,0.15681194217725494
cars,BR,rf,1146,6060011780,-1,147,0.0139588343760545,0.1521805893251326
cars,BR,rf,1147,6060011780,-1,147,0.0155383998299051,0.07759499007211035
cars,BR,rf,1154,6060016970,-1,147,0.4825847875493023,0.5426787107344352
cars,BR,rf,1165,6060016970,-1,147,0.0547998237636922,0.09047925929428263
cars,BR,rf,1166,6060016970,-1,147,0.0145229343356155,0.06087406492409652
cars,BR,rf,1167,6060016970,-1,147,0.0326411043303537,0.06230791200563989
cars,BR,rf,1168,6060016970,-1,147,0.0048962466331128,0.06087736644686556
cars,BR,rf,1169,6060016970,-1,147,0.0130415300561963,0.06184700285580441
cars,BR,rf,1170,6060016970,-1,147,0.0380463633921466,0.061310279234878653
cars,BR,rf,1174,6060016970,-1,147,0.0639880778333452,0.1398930686676162
cars,BR,rf,1175,6060016970,-1,147,0.2278760279754066,0.2165610553864375
cars,BR,rf,1176,6060016970,-1,147,0.0096236151736861,0.0675019497888159
cars,BR,rf,1177,6060016970,-1,147,0.0107750395620475,0.06674140871805882
cars,BR,rf,1178,6060013750,-1,147,0.0696826154728397,0.08376590102908887
cars,BR,rf,1179,6060016970,-1,147,0.0090022031832229,0.06038412483318681
cars,BR,rf,1182,6060016970,-1,147,0.0032266821323722,0.06320058687591751
cars,BR,rf,1183,6060016970,-1,147,0.0061949884092648,0.05995121204517372
cars,BR,rf,1186,6060013750,-1,147,0.2202870865187361,0.19116044855820713
cars,BR,rf,1187,6060013750,-1,147,0.0558600848218432,0.07093948902008024
cars,BR,rf,1191,6060016970,-1,147,0.453581512388476,0.4646491460380403
cars,BR,rf,1192,6060016970,-1,147,0.2503726875185316,0.33949897775914695
cars,BR,rf,1195,6060016970,-1,147,0.017870733285531,0.06107595876173212
cars,BR,rf,1196,6060016970,-1,147,0.0285317239706438,0.06083129535048767
cars,BR,rf,1198,6060016970,-1,147,0.1793764263003081,0.15618549948569171
cars,BR,rf,1199,6060016760,-1,147,0.0463493410700394,0.09798434567039516
cars,BR,rf,1200,6060016760,-1,147,0.0717300944791795,0.09868376526000062
cars,BR,rf,1201,6060015560,-1,147,0.1973575345701719,0.16999378988605846
cars,BR,rf,1202,6060015560,-1,147,0.0462549910200803,0.06466703911539552
cars,BR,rf,13435,6060013420,-1,147,0.0082857432417853,0.08773061008429721
cars,BR,rf,13477,6060016970,-1,147,0.0030196517971885,0.0613341608371641
cars,BR,rf,197,6060009760,-1,147,0.1494897777211895,0.13819984274683533
cars,BR,rf,198,6060011780,-1,147,0.0165135046711468,0.08236408968049082
cars,BR,rf,201,6060007950,-1,147,0.0258143608677011,0.20759735184624478
cars,BR,rf,202,6060007950,-1,147,0.3440314527118721,0.364690228313674
cars,BR,rf,203,6060011780,-1,147,0.367381248821139,0.40833605745528423
cars,BR,rf,204,6060016970,-1,147,0.201860303416369,0.1200386822730922
cars,BR,rf,205,6060016970,-1,147,0.126467830862241,0.25552025793054745
cars,BR,rf,206,6060016970,-1,147,0.0531391459024513,0.06346708481177235
cars,BR,rf,207,6060016970,-1,147,0.2090450087283482,0.2295280087534647
cars,BR,rf,208,6060016970,-1,147,0.0355714826805463,0.0792194519643777
cars,BR,rf,209,6060016970,-1,147,0.0144028771681114,0.06087736644686556
cars,BR,rf,210,6060016970,-1,147,0.0246088546523943,0.06087736644686556
cars,BR,rf,211,6060016970,-1,147,0.0375761424301017,0.06376413418048746
cars,BR,rf,212,6060016970,-1,147,0.0317800847168669,0.07039813391249602
cars,BR,rf,213,6060016970,-1,147,0.1315362853370682,0.06426257894808494
cars,BR,rf,214,6060016970,-1,147,0.2184430138933118,0.24110827649630256
cars,BR,rf,215,6060016970,-1,147,0.0064473546862729,0.06087736644686556
cars,BR,rf,216,6060016970,-1,147,0.0134168828736038,0.05994791052240469
cars,BR,rf,217,6060016970,-1,147,0.0569943517910319,0.08807435401079668
cars,BR,rf,218,6060016970,-1,147,0.1284025733050957,0.15481373412029678
cars,BR,rf,219,6060016970,-1,147,0.0153734568227492,0.05995121204517372
cars,BR,rf,220,6060016970,-1,147,0.0662670354688832,0.10270525543337337
cars,BR,rf,221,6060016970,-1,147,0.0852393222064124,0.07189611685333153
cars,BR,rf,222,6060016970,-1,147,0.1468871124305796,0.1411812451074302
cars,BR,rf,223,6060013750,-1,147,0.2093873097513461,0.14204396180285517
cars,BR,rf,225,6060016970,-1,147,0.0259738684729026,0.06069630084303783
cars,BR,rf,226,6060016970,-1,147,0.0339030273856548,0.06597391321238634
cars,BR,rf,228,6060016760,-1,147,0.2405008092347565,0.3453330647601276
cars,BR,rf,229,6060015560,-1,147,0.1344295002452387,0.24241144738092438
cars,BR,rf,26,6060007950,-1,147,0.1610421735228621,0.19311460788005858
cars,BR,rf,27,6060011780,-1,147,0.2193514668254769,0.34298956740172526
cars,BR,rf,28,6060016970,-1,147,0.0157601793772504,0.06087736644686556
cars,BR,rf,28512,6060016970,-1,147,0.005104449711395,0.06135223424718156
cars,BR,rf,29,6060016970,-1,147,0.0093943956875154,0.061012701523668646
cars,BR,rf,30,6060016970,-1,147,0.0145609957353346,0.05995121204517372
cars,BR,rf,3464,6060013420,-1,147,0.0025825778702569,0.08778644236230113
cars,BR,rf,3472,6060016970,-1,147,0.0044035648738334,0.05995121204517372
cars,BR,rf,3481,6060014460,-1,147,0.198100391080738,0.15996719181446672
cars,BR,rf,3483,6060016970,-1,147,0.6851183600961861,0.20781454753690334
cars,BR,rf,3486,6060016760,-1,147,0.0390585441286255,0.08630602816265207
cars,BR,rf,3491,6060015560,-1,147,0.0693921885438663,0.06598479291021135
cars,BR,rf,40670,6060013420,-1,147,0.0416545111432612,0.09529872589827416
cars,BR,rf,40862,6060013430,-1,147,0.0085255338352187,0.0950061242899878
cars,BR,rf,41066,6060015560,-1,147,0.004850844396302,0.10236267916538759
cars,BR,rf,6874,6060016760,-1,147,0.3314226222254867,0.1544068991112726
cars,BR,rf,6875,6060016970,-1,147,0.020580097384573,0.07745016168363794
cars,BR,rf,6878,6060007950,-1,147,0.1869219645099048,0.08047268964213991
cars,BR,rf,6879,6060016760,-1,147,0.0151105669364328,0.08065953527073004
cars,BR,rf,6883,6060007950,-1,147,0.0200774969459172,0.1611819970201533
cars,BR,rf,7256,6060016970,-1,147,0.0296251511125645,0.061379112737232094
cars,BR,rf,7257,6060016970,-1,147,0.0331956746743684,0.061379112737232094
cars,BR,rf,7259,6060016970,-1,147,0.0218010705573437,0.07745016168363794
cars,BR,rf,7263,6060015560,-1,147,0.0151376875110565,0.09617810808670894
cars,BR,rf,7270,6060016970,-1,147,2.9466869428392814e-05,0.05995121204517372
cars,BR,rf,7274,6060016760,-1,147,0.0725384640486719,0.09310935328864899
cars,BR,rf,7424,6060015560,-1,147,0.0099914835892373,0.10160776572458234
cars,BR,rf,8393,6060016970,-1,147,0.0023328943737665,0.06872369917692041
cars,BR,rf,8396,6060016970,-1,147,0.0074185628142692,0.06495102754228049
cars,BR,rf,8448,6060015560,-1,147,0.0091361958418698,0.06455424735143701
upstream,US,mean,1017,7060047060,0,34,0.39350694741793457,0.30127679804664953
upstream,US,mean,1026,7060047060,0,34,0.27047730320991026,0.30127679804664953
upstream,US,mean,1033,7060047060,0,34,0.34903146806745766,0.30127679804664953
upstream,US,mean,1036,7060047060,0,34,0.20717264498721943,0.30127679804664953
upstream,US,mean,1042,7060047060,0,34,0.3236531161741061,0.30127679804664953
upstream,US,mean,1067,7060047060,0,34,0.6167405131405999,0.30127679804664953
upstream,US,mean,1092,7060047060,0,34,0.6010081256172075,0.30127679804664953
upstream,US,mean,1101,7060047060,0,34,0.5979508334437655,0.30127679804664953
upstream,US,mean,1112,7060047060,0,34,0.4993501914700653,0.30127679804664953
upstream,US,mean,1121,7060047060,0,34,0.32837844858050913,0.30127679804664953
upstream,US,mean,1122,7060047060,0,34,0.5217491049159911,0.30127679804664953
upstream,US,mean,1125,7060047060,0,34,0.32837844858050913,0.30127679804664953
upstream,US,mean,1127,7060047060,0,34,0.5663454133318315,0.30127679804664953
upstream,US,mean,1192,7060047060,0,34,0.16430907051601795,0.30127679804664953
upstream,US,mean,1586,7060047060,0,34,0.10904752528982808,0.30127679804664953
upstream,US,mean,1587,7060047060,0,34,0.2799957740271275,0.30127679804664953
upstream,US,mean,1592,7060047060,0,34,0.34382574108077185,0.30127679804664953
upstream,US,mean,1595,7060047060,0,34,0.10842850910012612,0.30127679804664953
upstream,US,mean,1600,7060047060,0,34,0.16390038915031843,0.30127679804664953
upstream,US,mean,1617,7060047060,0,34,0.26566128757157614,0.30127679804664953
upstream,US,mean,1619,7060047060,0,34,0.14994540981136933,0.30127679804664953
upstream,US,mean,1620,7060047060,0,34,0.27244922316425124,0.30127679804664953
upstream,US,mean,1631,7060047060,0,34,0.13586625120138024,0.30127679804664953
upstream,US,mean,1634,7060047060,0,34,0.1758207414989661,0.30127679804664953
upstream,US,mean,1636,7060047060,0,34,0.37686352202262224,0.30127679804664953
upstream,US,mean,1645,7060047060,0,34,0.46880108927990805,0.30127679804664953
upstream,US,mean,1650,7060047060,0,34,0.1902835665834986,0.30127679804664953
upstream,US,mean,1654,7060047060,0,34,0.4581723993322289,0.30127679804664953
upstream,US,mean,1655,7060047060,0,34,0.27903405496887934,0.30127679804664953
upstream,US,mean,1656,7060047060,0,34,0.2013737127912082,0.30127679804664953
upstream,US,mean,1683,7060047060,0,34,0.44087707368667267,0.30127679804664953
upstream,US,mean,1691,7060047060,0,34,0.11616721478804654,0.30127679804664953
upstream,US,mean,1699,7060047060,0,34,0.10173478820258915,0.30127679804664953
upstream,US,mean,1703,7060047060,0,34,0.716660099941124,0.30127679804664953
upstream,US,mean,1706,7060047060,0,34,0.14395730556039704,0.30127679804664953
upstream,US,mean,1707,7060047060,0,34,0.2516954924878223,0.30127679804664953
upstream,US,mean,1709,7060047060,0,34,0.09069195877190259,0.30127679804664953
upstream,US,mean,1712,7060047060,0,34,0.1190201878087824,0.30127679804664953
upstream,US,mean,1713,7060047060,0,34,0.2096398232608936,0.30127679804664953
upstream,US,mean,1714,7060047060,0,34,0.3091300571912571,0.30127679804664953
upstream,US,mean,1718,7060047060,0,34,0.44885605648942306,0.30127679804664953
upstream,US,mean,1723,7060047060,0,34,0.19395669459263004,0.30127679804664953
upstream,US,mean,1726,7060047060,0,34,0.10896403881507782,0.30127679804664953
upstream,US,mean,1735,7060047060,0,34,0.06979095290564989,0.30127679804664953
upstream,US,mean,1739,7060047060,0,34,0.29666539359342553,0.30127679804664953
upstream,US,mean,1740,7060047060,0,34,0.1758207414989661,0.30127679804664953
upstream,US,mean,1741,7060047060,0,34,0.3534252217323681,0.30127679804664953
upstream,US,mean,1742,7060047060,0,34,0.08480826170244422,0.30127679804664953
upstream,US,mean,1744,7060047060,0,34,0.2387276522901479,0.30127679804664953
upstream,US,mean,1752,7060047060,0,34,0.0302958959256767,0.30127679804664953
upstream,US,mean,1753,7060047060,0,34,0.034264448408433124,0.30127679804664953
upstream,US,mean,1755,7060047060,0,34,0.5562673086774179,0.30127679804664953
upstream,US,mean,1768,7060047060,0,34,0.01211858013282131,0.30127679804664953
upstream,US,mean,1777,7060047060,0,34,0.30228136103486564,0.30127679804664953
upstream,US,mean,1848,7060047060,0,34,0.5028227720001452,0.30127679804664953
upstream,US,mean,1864,7060047060,0,34,0.5453666496134132,0.30127679804664953
upstream,US,mean,1869,7060047060,0,34,0.6497507178945514,0.30127679804664953
upstream,US,mean,307,7060047060,0,34,0.13710457100078935,0.30127679804664953
upstream,US,mean,319,7060047060,0,34,0.23881827227462005,0.30127679804664953
upstream,US,mean,355,7060047060,0,34,0.12340187249362164,0.30127679804664953
upstream,US,mean,362,7060047060,0,34,0.3841607485850629,0.30127679804664953
upstream,US,mean,364,7060047060,0,34,0.16250170400561625,0.30127679804664953
upstream,US,mean,368,7060047060,0,34,0.41289960337289583,0.30127679804664953
upstream,US,mean,373,7060047060,0,34,0.37558270113787345,0.30127679804664953
upstream,US,mean,393,7060047060,0,34,0.22427692059245702,0.30127679804664953
upstream,US,mean,398,7060047060,0,34,0.2627616778487855,0.30127679804664953
upstream,US,mean,415,7060047060,0,34,0.0745806789865424,0.30127679804664953
upstream,US,mean,416,7060047060,0,34,0.17890221425805486,0.30127679804664953
upstream,US,mean,421,7060047060,0,34,0.25493325998242067,0.30127679804664953
upstream,US,mean,500,7060047060,0,34,0.3562560410703974,0.30127679804664953
upstream,US,mean,505,7060047060,0,34,0.23924474713225585,0.30127679804664953
upstream,US,mean,511,7060047060,0,34,0.08440368437655454,0.30127679804664953
upstream,US,mean,522,7060047060,0,34,0.07026054013384717,0.30127679804664953
upstream,US,mean,530,7060047060,0,34,0.24882327314142194,0.30127679804664953
upstream,US,mean,533,7060047060,0,34,0.06207667745984695,0.30127679804664953
upstream,US,mean,7313,7060047060,0,34,0.18782556894938995,0.30127679804664953
upstream,US,mean,7318,7060047060,0,34,0.01404860943222809,0.30127679804664953
upstream,US,mean,753,7060047060,0,34,0.15216346333752714,0.30127679804664953
upstream,US,mean,870,7060047060,0,34,0.05984246578898476,0.30127679804664953
upstream,US,mean,882,7060047060,0,34,0.07469940515764761,0.30127679804664953
upstream,US,mean,884,7060047060,0,34,0.0763158000949986,0.30127679804664953
upstream,US,mean,885,7060047060,0,34,0.06626214192426286,0.30127679804664953
upstream,US,mean,895,7060047060,0,34,0.014271387481084304,0.30127679804664953
upstream,US,mean,898,7060047060,0,34,0.4804827463621658,0.30127679804664953
upstream,US,mean,920,7060047060,0,34,0.010603340710536624,0.30127679804664953
upstream,US,mean,931,7060047060,0,34,1.2472731177871326,0.30127679804664953
upstream,US,mean,938,7060047060,0,34,0.38426009158298446,0.30127679804664953
upstream,US,mean,419,7060008710,1,103,0.44082065466842046,0.27446314928967364
upstream,US,mean,423,7060008710,1,103,0.26117307204484375,0.27446314928967364
upstream,US,mean,445,7060008710,1,103,0.224138830757966,0.27446314928967364
upstream,US,mean,448,7060008710,1,103,0.22416607699504454,0.27446314928967364
upstream,US,mean,451,7060008710,1,103,0.22090927233216076,0.27446314928967364
upstream,US,mean,469,7060008710,1,103,0.45052235055286904,0.27446314928967364
upstream,US,mean,470,7060008710,1,103,0.31479673590326607,0.27446314928967364
upstream,US,mean,488,7060008710,1,103,0.28199738486015824,0.27446314928967364
upstream,US,mean,497,7060008710,1,103,0.2464086886680948,0.27446314928967364
upstream,US,mean,502,7060008710,1,103,0.30211006397508533,0.27446314928967364
upstream,US,mean,509,7060008710,1,103,0.09916879377383866,0.27446314928967364
upstream,US,mean,517,7060008710,1,103,0.3486366875331364,0.27446314928967364
upstream,US,mean,518,7060008710,1,103,0.5042386268704302,0.27446314928967364
upstream,US,mean,531,7060008710,1,103,0.19126019666584598,0.27446314928967364
upstream,US,mean,536,7060008710,1,103,0.25553116336390597,0.27446314928967364
upstream,US,mean,541,7060008710,1,103,0.33512067960589664,0.27446314928967364
upstream,US,mean,542,7060008710,1,103,0.021829390999163038,0.27446314928967364
upstream,US,mean,549,7060008710,1,103,0.17266983428947952,0.27446314928967364
upstream,US,mean,567,7060008710,1,103,0.6598461853590809,0.27446314928967364
upstream,US,mean,574,7060008710,1,103,0.4025920589861338,0.27446314928967364
upstream,US,mean,575,7060008710,1,103,0.3423624117302833,0.27446314928967364
upstream,US,mean,597,7060008710,1,103,0.504672677607412,0.27446314928967364
upstream,US,mean,601,7060008710,1,103,0.3984804482743115,0.27446314928967364
upstream,US,mean,1249,7060048410,2,117,1.1752645856080293,0.28004638634225504
upstream,US,mean,132,7060013550,2,117,0.22046421488839568,0.28004638634225504
upstream,US,mean,133,7060013550,2,117,0.0872185410310191,0.28004638634225504
upstream,US,mean,148,7060013550,2,117,0.21833227848872927,0.28004638634225504
upstream,US,mean,1776,7060043090,2,117,0.0855439313352062,0.28004638634225504
upstream,US,mean,182,7060013550,2,117,0.18271699961023843,0.28004638634225504
upstream,US,mean,191,7060013550,2,117,0.24386640433051454,0.28004638634225504
upstream,US,mean,198,7060013550,2,117,0.30894982013781086,0.28004638634225504
upstream,US,mean,204,7060013550,2,117,0.3066385469683326,0.28004638634225504
upstream,US,mean,524,7060073920,2,117,0.28463745446912436,0.28004638634225504
upstream,US,mean,595,7060013550,2,117,0.10828677413827531,0.28004638634225504
upstream,US,mean,600,7060013550,2,117,0.2973337878686663,0.28004638634225504
upstream,US,mean,612,7060013550,2,117,0.11004515406213367,0.28004638634225504
upstream,US,mean,1086,7060049270,3,106,1.1065786202138204,0.27446582998975044
upstream,US,mean,131,7060014200,3,106,0.27333918635913207,0.27446582998975044
upstream,US,mean,1761,7060042310,3,106,0.27724474371309005,0.27446582998975044
upstream,US,mean,1879,7060043160,3,106,0.5747260555684761,0.27446582998975044
upstream,US,mean,310,7060014930,3,106,0.06279365977724899,0.27446582998975044
upstream,US,mean,316,7060014930,3,106,0.2222499551419378,0.27446582998975044
upstream,US,mean,361,7060014930,3,106,0.10836787673158613,0.27446582998975044
upstream,US,mean,372,7060014930,3,106,0.2942816619350156,0.27446582998975044
upstream,US,mean,384,7060014930,3,106,0.3030019109094392,0.27446582998975044
upstream,US,mean,386,7060014930,3,106,0.572864021275219,0.27446582998975044
upstream,US,mean,391,7060014930,3,106,0.11630684303528308,0.27446582998975044
upstream,US,mean,41,7060016090,3,106,0.30546303515284856,0.27446582998975044
upstream,US,mean,413,7060014930,3,106,0.015188338602546802,0.27446582998975044
upstream,US,mean,42,7060016090,3,106,0.366221789192078,0.27446582998975044
upstream,US,mean,55,7060014930,3,106,0.2855472312792672,0.27446582998975044
upstream,US,mean,57,7060014930,3,106,0.3434381800795077,0.27446582998975044
upstream,US,mean,60,7060014930,3,106,0.2041065565749272,0.27446582998975044
upstream,US,mean,63,7060014930,3,106,0.2689459370149505,0.27446582998975044
upstream,US,mean,114,7060014340,4,113,0.28504764230307755,0.27432881696082967
upstream,US,mean,1151,7060047970,4,113,0.5843168922743912,0.27432881696082967
upstream,US,mean,1237,7060047970,4,113,0.6706848696134027,0.27432881696082967
upstream,US,mean,169,7060013560,4,113,0.5358492196096671,0.27432881696082967
upstream,US,mean,1851,7060043500,4,113,0.16275547134539953,0.27432881696082967
upstream,US,mean,1883,7060043640,4,113,0.2594859396710334,0.27432881696082967
upstream,US,mean,292,7060022240,4,113,0.44893864747877954,0.27432881696082967
upstream,US,mean,442,7060073620,4,113,0.2752968810628519,0.27432881696082967
upstream,US,mean,449,7060073620,4,113,0.4238798871954068,0.27432881696082967
upstream,US,mean,456,7060073620,4,113,0.25605914571423927,0.27432881696082967
upstream,US,mean,467,7060073620,4,113,0.5064303907785369,0.27432881696082967
upstream,US,mean,477,7060073620,4,113,0.2528298707120241,0.27432881696082967
upstream,US,mean,7308,7060043500,4,113,0.17291437604455698,0.27432881696082967
upstream,BR,mean,1131,6060007000,-1,118,0.0390069704748579,0.2781449531976512
upstream,BR,mean,1145,6060011780,-1,118,0.9429708577848884,0.2781449531976512
upstream,BR,mean,1146,6060011780,-1,118,0.0139588343760545,0.2781449531976512
upstream,BR,mean,1147,6060011780,-1,118,0.0155383998299051,0.2781449531976512
upstream,BR,mean,1154,6060016970,-1,118,0.4825847875493023,0.2781449531976512
upstream,BR,mean,1165,6060016970,-1,118,0.0547998237636922,0.2781449531976512
upstream,BR,mean,1166,6060016970,-1,118,0.0145229343356155,0.2781449531976512
upstream,BR,mean,1167,6060016970,-1,118,0.0326411043303537,0.2781449531976512
upstream,BR,mean,1168,6060016970,-1,118,0.0048962466331128,0.2781449531976512
upstream,BR,mean,1169,6060016970,-1,118,0.0130415300561963,0.2781449531976512
upstream,BR,mean,1170,6060016970,-1,118,0.0380463633921466,0.2781449531976512
upstream,BR,mean,1174,6060016970,-1,118,0.0639880778333452,0.2781449531976512
upstream,BR,mean,1175,6060016970,-1,118,0.2278760279754066,0.2781449531976512
upstream,BR,mean,1176,6060016970,-1,118,0.0096236151736861,0.2781449531976512
upstream,BR,mean,1177,6060016970,-1,118,0.0107750395620475,0.2781449531976512
upstream,BR,mean,1178,6060013750,-1,118,0.0696826154728397,0.2781449531976512
upstream,BR,mean,1179,6060016970,-1,118,0.0090022031832229,0.2781449531976512
upstream,BR,mean,1182,6060016970,-1,118,0.0032266821323722,0.2781449531976512
upstream,BR,mean,1183,6060016970,-1,118,0.0061949884092648,0.2781449531976512
upstream,BR,mean,1186,6060013750,-1,118,0.2202870865187361,0.2781449531976512
upstream,BR,mean,1187,6060013750,-1,118,0.0558600848218432,0.2781449531976512
upstream,BR,mean,1191,6060016970,-1,118,0.453581512388476,0.2781449531976512
upstream,BR,mean,1192,6060016970,-1,118,0.2503726875185316,0.2781449531976512
upstream,BR,mean,1195,6060016970,-1,118,0.017870733285531,0.2781449531976512
upstream,BR,mean,1196,6060016970,-1,118,0.0285317239706438,0.2781449531976512
upstream,BR,mean,1198,6060016970,-1,118,0.1793764263003081,0.2781449531976512
upstream,BR,mean,1199,6060016760,-1,118,0.0463493410700394,0.2781449531976512
upstream,BR,mean,1200,6060016760,-1,118,0.0717300944791795,0.2781449531976512
upstream,BR,mean,1201,6060015560,-1,118,0.1973575345701719,0.2781449531976512
upstream,BR,mean,1202,6060015560,-1,118,0.0462549910200803,0.2781449531976512
upstream,BR,mean,13435,6060013420,-1,118,0.0082857432417853,0.2781449531976512
upstream,BR,mean,13477,6060016970,-1,118,0.0030196517971885,0.2781449531976512
upstream,BR,mean,197,6060009760,-1,118,0.1494897777211895,0.2781449531976512
upstream,BR,mean,198,6060011780,-1,118,0.0165135046711468,0.2781449531976512
upstream,BR,mean,201,6060007950,-1,118,0.0258143608677011,0.2781449531976512
upstream,BR,mean,202,6060007950,-1,118,0.3440314527118721,0.2781449531976512
upstream,BR,mean,203,6060011780,-1,118,0.367381248821139,0.2781449531976512
upstream,BR,mean,204,6060016970,-1,118,0.201860303416369,0.2781449531976512
upstream,BR,mean,205,6060016970,-1,118,0.126467830862241,0.2781449531976512
upstream,BR,mean,206,6060016970,-1,118,0.0531391459024513,0.2781449531976512
upstream,BR,mean,207,6060016970,-1,118,0.2090450087283482,0.2781449531976512
upstream,BR,mean,208,6060016970,-1,118,0.0355714826805463,0.2781449531976512
upstream,BR,mean,209,6060016970,-1,118,0.0144028771681114,0.2781449531976512
upstream,BR,mean,210,6060016970,-1,118,0.0246088546523943,0.2781449531976512
upstream,BR,mean,211,6060016970,-1,118,0.0375761424301017,0.2781449531976512
upstream,BR,mean,212,6060016970,-1,118,0.0317800847168669,0.2781449531976512
upstream,BR,mean,213,6060016970,-1,118,0.1315362853370682,0.2781449531976512
upstream,BR,mean,214,6060016970,-1,118,0.2184430138933118,0.2781449531976512
upstream,BR,mean,215,6060016970,-1,118,0.0064473546862729,0.2781449531976512
upstream,BR,mean,216,6060016970,-1,118,0.0134168828736038,0.2781449531976512
upstream,BR,mean,217,6060016970,-1,118,0.0569943517910319,0.2781449531976512
upstream,BR,mean,218,6060016970,-1,118,0.1284025733050957,0.2781449531976512
upstream,BR,mean,219,6060016970,-1,118,0.0153734568227492,0.2781449531976512
upstream,BR,mean,220,6060016970,-1,118,0.0662670354688832,0.2781449531976512
upstream,BR,mean,221,6060016970,-1,118,0.0852393222064124,0.2781449531976512
upstream,BR,mean,222,6060016970,-1,118,0.1468871124305796,0.2781449531976512
upstream,BR,mean,223,6060013750,-1,118,0.2093873097513461,0.2781449531976512
upstream,BR,mean,225,6060016970,-1,118,0.0259738684729026,0.2781449531976512
upstream,BR,mean,226,6060016970,-1,118,0.0339030273856548,0.2781449531976512
upstream,BR,mean,228,6060016760,-1,118,0.2405008092347565,0.2781449531976512
upstream,BR,mean,229,6060015560,-1,118,0.1344295002452387,0.2781449531976512
upstream,BR,mean,26,6060007950,-1,118,0.1610421735228621,0.2781449531976512
upstream,BR,mean,27,6060011780,-1,118,0.2193514668254769,0.2781449531976512
upstream,BR,mean,28,6060016970,-1,118,0.0157601793772504,0.2781449531976512
upstream,BR,mean,28512,6060016970,-1,118,0.005104449711395,0.2781449531976512
upstream,BR,mean,29,6060016970,-1,118,0.0093943956875154,0.2781449531976512
upstream,BR,mean,30,6060016970,-1,118,0.0145609957353346,0.2781449531976512
upstream,BR,mean,3464,6060013420,-1,118,0.0025825778702569,0.2781449531976512
upstream,BR,mean,3472,6060016970,-1,118,0.0044035648738334,0.2781449531976512
upstream,BR,mean,3481,6060014460,-1,118,0.198100391080738,0.2781449531976512
upstream,BR,mean,3483,6060016970,-1,118,0.6851183600961861,0.2781449531976512
upstream,BR,mean,3486,6060016760,-1,118,0.0390585441286255,0.2781449531976512
upstream,BR,mean,3491,6060015560,-1,118,0.0693921885438663,0.2781449531976512
upstream,BR,mean,40670,6060013420,-1,118,0.0416545111432612,0.2781449531976512
upstream,BR,mean,40862,6060013430,-1,118,0.0085255338352187,0.2781449531976512
upstream,BR,mean,41066,6060015560,-1,118,0.004850844396302,0.2781449531976512
upstream,BR,mean,6874,6060016760,-1,118,0.3314226222254867,0.2781449531976512
upstream,BR,mean,6875,6060016970,-1,118,0.020580097384573,0.2781449531976512
upstream,BR,mean,6878,6060007950,-1,118,0.1869219645099048,0.2781449531976512
upstream,BR,mean,6879,6060016760,-1,118,0.0151105669364328,0.2781449531976512
upstream,BR,mean,6883,6060007950,-1,118,0.0200774969459172,0.2781449531976512
upstream,BR,mean,7256,6060016970,-1,118,0.0296251511125645,0.2781449531976512
upstream,BR,mean,7257,6060016970,-1,118,0.0331956746743684,0.2781449531976512
upstream,BR,mean,7259,6060016970,-1,118,0.0218010705573437,0.2781449531976512
upstream,BR,mean,7263,6060015560,-1,118,0.0151376875110565,0.2781449531976512
upstream,BR,mean,7270,6060016970,-1,118,2.9466869428392814e-05,0.2781449531976512
upstream,BR,mean,7274,6060016760,-1,118,0.0725384640486719,0.2781449531976512
upstream,BR,mean,7424,6060015560,-1,118,0.0099914835892373,0.2781449531976512
upstream,BR,mean,8393,6060016970,-1,118,0.0023328943737665,0.2781449531976512
upstream,BR,mean,8396,6060016970,-1,118,0.0074185628142692,0.2781449531976512
upstream,BR,mean,8448,6060015560,-1,118,0.0091361958418698,0.2781449531976512
upstream,US,persistence,1017,7060047060,0,34,0.39350694741793457,0.32732625657686143
upstream,US,persistence,1026,7060047060,0,34,0.27047730320991026,0.2834168970340526
upstream,US,persistence,1033,7060047060,0,34,0.34903146806745766,0.33911868468061473
upstream,US,persistence,1036,7060047060,0,34,0.20717264498721943,0.21383819202015208
upstream,US,persistence,1042,7060047060,0,34,0.3236531161741061,0.3812739904689628
upstream,US,persistence,1067,7060047060,0,34,0.6167405131405999,0.5506501849189527
upstream,US,persistence,1092,7060047060,0,34,0.6010081256172075,0.5212600112783097
upstream,US,persistence,1101,7060047060,0,34,0.5979508334437655,0.48238399696401857
upstream,US,persistence,1112,7060047060,0,34,0.4993501914700653,0.38296951698055165
upstream,US,persistence,1121,7060047060,0,34,0.32837844858050913,0.25815139018932476
upstream,US,persistence,1122,7060047060,0,34,0.5217491049159911,0.45839296501237914
upstream,US,persistence,1125,7060047060,0,34,0.32837844858050913,0.25815139018932476
upstream,US,persistence,1127,7060047060,0,34,0.5663454133318315,0.4843791452026821
upstream,US,persistence,1192,7060047060,0,34,0.16430907051601795,0.12311908521187284
upstream,US,persistence,1586,7060047060,0,34,0.10904752528982808,0.13506777257551217
upstream,US,persistence,1587,7060047060,0,34,0.2799957740271275,0.27537901244813345
upstream,US,persistence,1592,7060047060,0,34,0.34382574108077185,0.21977552761039992
upstream,US,persistence,1595,7060047060,0,34,0.10842850910012612,0.04052037059224774
upstream,US,persistence,1600,7060047060,0,34,0.16390038915031843,0.14189920675046158
upstream,US,persistence,1617,7060047060,0,34,0.26566128757157614,0.31342708481125076
upstream,US,persistence,1619,7060047060,0,34,0.14994540981136933,0.2411145373293386
upstream,US,persistence,1620,7060047060,0,34,0.27244922316425124,0.29373950829282947
upstream,US,persistence,1631,7060047060,0,34,0.13586625120138024,0.20831804751261715
upstream,US,persistence,1634,7060047060,0,34,0.1758207414989661,0.14422797835809964
upstream,US,persistence,1636,7060047060,0,34,0.37686352202262224,0.48578499594909874
upstream,US,persistence,1645,7060047060,0,34,0.46880108927990805,0.4352714907165549
upstream,US,persistence,1650,7060047060,0,34,0.1902835665834986,0.29790227844638123
upstream,US,persistence,1654,7060047060,0,34,0.4581723993322289,0.44796201049184103
upstream,US,persistence,1655,7060047060,0,34,0.27903405496887934,0.2795508120545117
upstream,US,persistence,1656,7060047060,0,34,0.2013737127912082,0.1581455963637178
upstream,US,persistence,1683,7060047060,0,34,0.44087707368667267,0.38006640718230245
upstream,US,persistence,1691,7060047060,0,34,0.11616721478804654,0.16906698920481789
upstream,US,persistence,1699,7060047060,0,34,0.10173478820258915,0.0932043910144893
upstream,US,persistence,1703,7060047060,0,34,0.716660099941124,0.6006220667118699
upstream,US,persistence,1706,7060047060,0,34,0.14395730556039704,0.13765369183842868
upstream,US,persistence,1707,7060047060,0,34,0.2516954924878223,0.29054549589074513
upstream,US,persistence,1709,7060047060,0,34,0.09069195877190259,0.06746998050513128
upstream,US,persistence,1712,7060047060,0,34,0.1190201878087824,0.14040051365660172
upstream,US,persistence,1713,7060047060,0,34,0.2096398232608936,0.28784117898830874
upstream,US,persistence,1714,7060047060,0,34,0.3091300571912571,0.3715533410694491
upstream,US,persistence,1718,7060047060,0,34,0.44885605648942306,0.4887165938297443
upstream,US,persistence,1723,7060047060,0,34,0.19395669459263004,0.2058555663805134
upstream,US,persistence,1726,7060047060,0,34,0.10896403881507782,0.12855630496026077
upstream,US,persistence,1735,7060047060,0,34,0.06979095290564989,0.08022106913608207
upstream,US,persistence,1739,7060047060,0,34,0.29666539359342553,0.30490781245337906
upstream,US,persistence,1740,7060047060,0,34,0.1758207414989661,0.14422797835809964
upstream,US,persistence,1741,7060047060,0,34,0.3534252217323681,0.30269984489098456
upstream,US,persistence,1742,7060047060,0,34,0.08480826170244422,0.08475095118718173
upstream,US,persistence,1744,7060047060,0,34,0.2387276522901479,0.21328782928822254
upstream,US,persistence,1752,7060047060,0,34,0.0302958959256767,0.04174413093244561
upstream,US,persistence,1753,7060047060,0,34,0.034264448408433124,0.12688018325062994
upstream,US,persistence,1755,7060047060,0,34,0.5562673086774179,0.4676057793716548
upstream,US,persistence,1768,7060047060,0,34,0.01211858013282131,0.019045252163574136
upstream,US,persistence,1777,7060047060,0,34,0.30228136103486564,0.292893701696213
upstream,US,persistence,1848,7060047060,0,34,0.5028227720001452,0.5055296456992726
upstream,US,persistence,1864,7060047060,0,34,0.5453666496134132,0.5237262413583994
upstream,US,persistence,1869,7060047060,0,34,0.6497507178945514,0.6825118324280082
upstream,US,persistence,307,7060047060,0,34,0.13710457100078935,0.15470541289290046
upstream,US,persistence,319,7060047060,0,34,0.23881827227462005,0.25458913624304513
upstream,US,persistence,355,7060047060,0,34,0.12340187249362164,0.1511515807310599
upstream,US,persistence,362,7060047060,0,34,0.3841607485850629,0.6821706073259356
upstream,US,persistence,364,7060047060,0,34,0.16250170400561625,0.13855064487215552
upstream,US,persistence,368,7060047060,0,34,0.41289960337289583,0.3949308315381802
upstream,US,persistence,373,7060047060,0,34,0.37558270113787345,0.47070628348938015
upstream,US,persistence,393,7060047060,0,34,0.22427692059245702,0.2318804158587709
upstream,US,persistence,398,7060047060,0,34,0.2627616778487855,0.2315010968717211
upstream,US,persistence,415,7060047060,0,34,0.0745806789865424,0.07569707632721556
upstream,US,persistence,416,7060047060,0,34,0.17890221425805486,0.14739472370243467
upstream,US,persistence,421,7060047060,0,34,0.25493325998242067,0.4035093113691528
upstream,US,persistence,500,7060047060,0,34,0.3562560410703974,0.3863352444733229
upstream,US,persistence,505,7060047060,0,34,0.23924474713225585,0.21416520673928122
upstream,US,persistence,511,7060047060,0,34,0.08440368437655454,0.11562480452300766
upstream,US,persistence,522,7060047060,0,34,0.07026054013384717,0.1178565130813419
upstream,US,persistence,530,7060047060,0,34,0.24882327314142194,0.22146285246209962
upstream,US,persistence,533,7060047060,0,34,0.06207667745984695,0.0717785558395135
upstream,US,persistence,7313,7060047060,0,34,0.18782556894938995,0.20539925152870275
upstream,US,persistence,7318,7060047060,0,34,0.01404860943222809,0.011668990812269998
upstream,US,persistence,753,7060047060,0,34,0.15216346333752714,0.2442817547925933
upstream,US,persistence,870,7060047060,0,34,0.05984246578898476,0.1978266320944444
upstream,US,persistence,882,7060047060,0,34,0.07469940515764761,0.12314076028634954
upstream,US,persistence,884,7060047060,0,34,0.0763158000949986,0.08297545924434035
upstream,US,persistence,885,7060047060,0,34,0.06626214192426286,0.18094667801319542
upstream,US,persistence,895,7060047060,0,34,0.014271387481084304,0.020511690869501536
upstream,US,persistence,898,7060047060,0,34,0.4804827463621658,0.7789655626985532
upstream,US,persistence,920,7060047060,0,34,0.010603340710536624,0.04751129309744815
upstream,US,persistence,931,7060047060,0,34,1.2472731177871326,0.9539932496405352
upstream,US,persistence,938,7060047060,0,34,0.38426009158298446,0.8131914182348002
upstream,US,persistence,419,7060008710,1,103,0.44082065466842046,0.5000644879242638
upstream,US,persistence,423,7060008710,1,103,0.26117307204484375,0.3286078843081458
upstream,US,persistence,445,7060008710,1,103,0.224138830757966,0.2585428572103122
upstream,US,persistence,448,7060008710,1,103,0.22416607699504454,0.2339789882123406
upstream,US,persistence,451,7060008710,1,103,0.22090927233216076,0.13899259893238797
upstream,US,persistence,469,7060008710,1,103,0.45052235055286904,0.4130908565376275
upstream,US,persistence,470,7060008710,1,103,0.31479673590326607,0.295631999210478
upstream,US,persistence,488,7060008710,1,103,0.28199738486015824,0.390309253085163
upstream,US,persistence,497,7060008710,1,103,0.2464086886680948,0.3400521138301063
upstream,US,persistence,502,7060008710,1,103,0.30211006397508533,0.22638360625180481
upstream,US,persistence,509,7060008710,1,103,0.09916879377383866,0.22663711791862462
upstream,US,persistence,517,7060008710,1,103,0.3486366875331364,0.37667294299469406
upstream,US,persistence,518,7060008710,1,103,0.5042386268704302,0.49206455984819475
upstream,US,persistence,531,7060008710,1,103,0.19126019666584598,0.24304869606496618
upstream,US,persistence,536,7060008710,1,103,0.25553116336390597,0.246914396231868
upstream,US,persistence,541,7060008710,1,103,0.33512067960589664,0.3855330714681625
upstream,US,persistence,542,7060008710,1,103,0.021829390999163038,0.062185232801962954
upstream,US,persistence,549,7060008710,1,103,0.17266983428947952,0.1289048748424131
upstream,US,persistence,567,7060008710,1,103,0.6598461853590809,0.568167901667212
upstream,US,persistence,574,7060008710,1,103,0.4025920589861338,0.4532693325676319
upstream,US,persistence,575,7060008710,1,103,0.3423624117302833,0.45090363592699056
upstream,US,persistence,597,7060008710,1,103,0.504672677607412,0.481298882047343
upstream,US,persistence,601,7060008710,1,103,0.3984804482743115,0.3477240963723892
upstream,US,persistence,1249,7060048410,2,117,1.1752645856080293,0.8786082927534192
upstream,US,persistence,132,7060013550,2,117,0.22046421488839568,0.14926934675484932
upstream,US,persistence,133,7060013550,2,117,0.0872185410310191,0.046577233014649444
upstream,US,persistence,148,7060013550,2,117,0.21833227848872927,0.18173948436536902
upstream,US,persistence,1776,7060043090,2,117,0.0855439313352062,0.04673633933514659
upstream,US,persistence,182,7060013550,2,117,0.18271699961023843,0.18876530730899535
upstream,US,persistence,191,7060013550,2,117,0.24386640433051454,0.3272170127162451
upstream,US,persistence,198,7060013550,2,117,0.30894982013781086,0.36301238201428054
upstream,US,persistence,204,7060013550,2,117,0.3066385469683326,0.3778348677466956
upstream,US,persistence,524,7060073920,2,117,0.28463745446912436,0.6056334554122743
upstream,US,persistence,595,7060013550,2,117,0.10828677413827531,0.19201996238898328
upstream,US,persistence,600,7060013550,2,117,0.2973337878686663,0.29213311975886014
upstream,US,persistence,612,7060013550,2,117,0.11004515406213367,0.14999185935931425
upstream,US,persistence,1086,7060049270,3,106,1.1065786202138204,0.8848431516750894
upstream,US,persistence,131,7060014200,3,106,0.27333918635913207,0.24841927731797692
upstream,US,persistence,1761,7060042310,3,106,0.27724474371309005,0.22092728935311007
upstream,US,persistence,1879,7060043160,3,106,0.5747260555684761,0.5557630083151025
upstream,US,persistence,310,7060014930,3,106,0.06279365977724899,0.06604083258205336
upstream,US,persistence,316,7060014930,3,106,0.2222499551419378,0.23956559273349093
upstream,US,persistence,361,7060014930,3,106,0.10836787673158613,0.11765121509929247
upstream,US,persistence,372,7060014930,3,106,0.2942816619350156,0.3156344414759076
upstream,US,persistence,384,7060014930,3,106,0.3030019109094392,0.2819591444181446
upstream,US,persistence,386,7060014930,3,106,0.572864021275219,0.528810898347174
upstream,US,persistence,391,7060014930,3,106,0.11630684303528308,0.14040808614001055
upstream,US,persistence,41,7060016090,3,106,0.30546303515284856,0.28046628020470366
upstream,US,persistence,413,7060014930,3,106,0.015188338602546802,0.026689603366676348
upstream,US,persistence,42,7060016090,3,106,0.366221789192078,0.33841626142315506
upstream,US,persistence,55,7060014930,3,106,0.2855472312792672,0.29859361974404636
upstream,US,persistence,57,7060014930,3,106,0.3434381800795077,0.39010191957263496
upstream,US,persistence,60,7060014930,3,106,0.2041065565749272,0.2663200574555232
upstream,US,persistence,63,7060014930,3,106,0.2689459370149505,0.3629869753237469
upstream,US,persistence,114,7060014340,4,113,0.28504764230307755,0.419876774547364
upstream,US,persistence,1151,7060047970,4,113,0.5843168922743912,0.39937269564133215
upstream,US,persistence,1237,7060047970,4,113,0.6706848696134027,0.5579418713718229
upstream,US,persistence,169,7060013560,4,113,0.5358492196096671,0.6260428067800482
upstream,US,persistence,1851,7060043500,4,113,0.16275547134539953,0.21430080920704023
upstream,US,persistence,1883,7060043640,4,113,0.2594859396710334,0.23033722735379167
upstream,US,persistence,292,7060022240,4,113,0.44893864747877954,0.42200139136783466
upstream,US,persistence,442,7060073620,4,113,0.2752968810628519,0.2857415201534098
upstream,US,persistence,449,7060073620,4,113,0.4238798871954068,0.5045444976662925
upstream,US,persistence,456,7060073620,4,113,0.25605914571423927,0.22083893395156676
upstream,US,persistence,467,7060073620,4,113,0.5064303907785369,0.44718494903775585
upstream,US,persistence,477,7060073620,4,113,0.2528298707120241,0.3057173466462336
upstream,US,persistence,7308,7060043500,4,113,0.17291437604455698,0.13151636261207936
upstream,BR,persistence,1131,6060007000,-1,118,0.0390069704748579,0.0511849428749088
upstream,BR,persistence,1145,6060011780,-1,118,0.9429708577848884,0.1261187456482915
upstream,BR,persistence,1146,6060011780,-1,118,0.0139588343760545,0.1984659949462975
upstream,BR,persistence,1147,6060011780,-1,118,0.0155383998299051,0.0718716290844506
upstream,BR,persistence,1154,6060016970,-1,118,0.4825847875493023,0.8976085268524354
upstream,BR,persistence,1165,6060016970,-1,118,0.0547998237636922,0.0482139529675232
upstream,BR,persistence,1166,6060016970,-1,118,0.0145229343356155,0.013770615059198
upstream,BR,persistence,1167,6060016970,-1,118,0.0326411043303537,0.0278447070896925
upstream,BR,persistence,1168,6060016970,-1,118,0.0048962466331128,0.003456719602558
upstream,BR,persistence,1169,6060016970,-1,118,0.0130415300561963,0.0165025934226782
upstream,BR,persistence,1170,6060016970,-1,118,0.0380463633921466,0.0368424623098167
upstream,BR,persistence,1174,6060016970,-1,118,0.0639880778333452,0.1362977802277893
upstream,BR,persistence,1175,6060016970,-1,118,0.2278760279754066,0.2274968998401518
upstream,BR,persistence,1176,6060016970,-1,118,0.0096236151736861,0.0063760298991103
upstream,BR,persistence,1177,6060016970,-1,118,0.0107750395620475,0.0109432677548711
upstream,BR,persistence,1178,6060013750,-1,118,0.0696826154728397,0.0859295097460575
upstream,BR,persistence,1179,6060016970,-1,118,0.0090022031832229,0.0150346212823955
upstream,BR,persistence,1182,6060016970,-1,118,0.0032266821323722,0.0066182805123742
upstream,BR,persistence,1183,6060016970,-1,118,0.0061949884092648,0.0060678168670463
upstream,BR,persistence,1186,6060013750,-1,118,0.2202870865187361,0.2139527917793242
upstream,BR,persistence,1187,6060013750,-1,118,0.0558600848218432,0.0628283099922405
upstream,BR,persistence,1191,6060016970,-1,118,0.453581512388476,0.519298175840785
upstream,BR,persistence,1192,6060016970,-1,118,0.2503726875185316,0.324350814902949
upstream,BR,persistence,1195,6060016970,-1,118,0.017870733285531,0.0104863930378775
upstream,BR,persistence,1196,6060016970,-1,118,0.0285317239706438,0.0230335348003749
upstream,BR,persistence,1198,6060016970,-1,118,0.1793764263003081,0.1686101298400941
upstream,BR,persistence,1199,6060016760,-1,118,0.0463493410700394,0.0634488750318726
upstream,BR,persistence,1200,6060016760,-1,118,0.0717300944791795,0.0581784043575581
upstream,BR,persistence,1201,6060015560,-1,118,0.1973575345701719,0.156718713700257
upstream,BR,persistence,1202,6060015560,-1,118,0.0462549910200803,0.0267948997850818
upstream,BR,persistence,13435,6060013420,-1,118,0.0082857432417853,0.0056250040039462
upstream,BR,persistence,13477,6060016970,-1,118,0.0030196517971885,0.0038017025895498
upstream,BR,persistence,197,6060009760,-1,118,0.1494897777211895,0.1446751137264372
upstream,BR,persistence,198,6060011780,-1,118,0.0165135046711468,0.077719340207502
upstream,BR,persistence,201,6060007950,-1,118,0.0258143608677011,0.2272560800448885
upstream,BR,persistence,202,6060007950,-1,118,0.3440314527118721,0.4014392858865913
upstream,BR,persistence,203,6060011780,-1,118,0.367381248821139,0.4527719341245744
upstream,BR,persistence,204,6060016970,-1,118,0.201860303416369,0.1265138890414468
upstream,BR,persistence,205,6060016970,-1,118,0.126467830862241,0.268362004210275
upstream,BR,persistence,206,6060016970,-1,118,0.0531391459024513,0.0453064073945587
upstream,BR,persistence,207,6060016970,-1,118,0.2090450087283482,0.2303808173591815
upstream,BR,persistence,208,6060016970,-1,118,0.0355714826805463,0.0734284959166731
upstream,BR,persistence,209,6060016970,-1,118,0.0144028771681114,0.0114737765540872
upstream,BR,persistence,210,6060016970,-1,118,0.0246088546523943,0.0067810635064418
upstream,BR,persistence,211,6060016970,-1,118,0.0375761424301017,0.047112188353544
upstream,BR,persistence,212,6060016970,-1,118,0.0317800847168669,0.0499811062243773
upstream,BR,persistence,213,6060016970,-1,118,0.1315362853370682,0.04782436482965
upstream,BR,persistence,214,6060016970,-1,118,0.2184430138933118,0.2615854934711834
upstream,BR,persistence,215,6060016970,-1,118,0.0064473546862729,0.0025824287647536
upstream,BR,persistence,216,6060016970,-1,118,0.0134168828736038,0.0074696296807933
upstream,BR,persistence,217,6060016970,-1,118,0.0569943517910319,0.0771762975161642
upstream,BR,persistence,218,6060016970,-1,118,0.1284025733050957,0.1716602756911978
upstream,BR,persistence,219,6060016970,-1,118,0.0153734568227492,0.0086099945544658
upstream,BR,persistence,220,6060016970,-1,118,0.0662670354688832,0.1032210591795113
upstream,BR,persistence,221,6060016970,-1,118,0.0852393222064124,0.0698066175256278
upstream,BR,persistence,222,6060016970,-1,118,0.1468871124305796,0.1620009479071822
upstream,BR,persistence,223,6060013750,-1,118,0.2093873097513461,0.1596789087901738
upstream,BR,persistence,225,6060016970,-1,118,0.0259738684729026,0.0270645747866426
upstream,BR,persistence,226,6060016970,-1,118,0.0339030273856548,0.0465096298369704
upstream,BR,persistence,228,6060016760,-1,118,0.2405008092347565,0.3740382655190293
upstream,BR,persistence,229,6060015560,-1,118,0.1344295002452387,0.2620405476638671
upstream,BR,persistence,26,6060007950,-1,118,0.1610421735228621,0.1802686831626447
upstream,BR,persistence,27,6060011780,-1,118,0.2193514668254769,0.3309035037277781
upstream,BR,persistence,28,6060016970,-1,118,0.0157601793772504,0.0117501277314334
upstream,BR,persistence,28512,6060016970,-1,118,0.005104449711395,0.00834994238426
upstream,BR,persistence,29,6060016970,-1,118,0.0093943956875154,0.007443544021113
upstream,BR,persistence,30,6060016970,-1,118,0.0145609957353346,0.0122196315107902
upstream,BR,persistence,3464,6060013420,-1,118,0.0025825778702569,0.0020883209792057
upstream,BR,persistence,3472,6060016970,-1,118,0.0044035648738334,0.0047153802853207
upstream,BR,persistence,3481,6060014460,-1,118,0.198100391080738,0.1734218487463786
upstream,BR,persistence,3483,6060016970,-1,118,0.6851183600961861,0.2353949882674611
upstream,BR,persistence,3486,6060016760,-1,118,0.0390585441286255,0.0169500981245576
upstream,BR,persistence,3491,6060015560,-1,118,0.0693921885438663,0.0315990930959417
upstream,BR,persistence,40670,6060013420,-1,118,0.0416545111432612,0.0209650250679067
upstream,BR,persistence,40862,6060013430,-1,118,0.0085255338352187,0.0131969054294908
upstream,BR,persistence,41066,6060015560,-1,118,0.004850844396302,0.0022682000193956
upstream,BR,persistence,6874,6060016760,-1,118,0.3314226222254867,0.1162214833401699
upstream,BR,persistence,6875,6060016970,-1,118,0.020580097384573,0.0
upstream,BR,persistence,6878,6060007950,-1,118,0.1869219645099048,0.0
upstream,BR,persistence,6879,6060016760,-1,118,0.0151105669364328,0.0
upstream,BR,persistence,6883,6060007950,-1,118,0.0200774969459172,0.1146652125761683
upstream,BR,persistence,7256,6060016970,-1,118,0.0296251511125645,0.0
upstream,BR,persistence,7257,6060016970,-1,118,0.0331956746743684,0.0
upstream,BR,persistence,7259,6060016970,-1,118,0.0218010705573437,0.0
upstream,BR,persistence,7263,6060015560,-1,118,0.0151376875110565,0.0050854997182282
upstream,BR,persistence,7270,6060016970,-1,118,2.9466869428392814e-05,0.0021416724666478
upstream,BR,persistence,7274,6060016760,-1,118,0.0725384640486719,0.0262926963333531
upstream,BR,persistence,7424,6060015560,-1,118,0.0099914835892373,0.0033094081278767
upstream,BR,persistence,8393,6060016970,-1,118,0.0023328943737665,0.0150101803424096
upstream,BR,persistence,8396,6060016970,-1,118,0.0074185628142692,0.0048352666083336
upstream,BR,persistence,8448,6060015560,-1,118,0.0091361958418698,0.0056852181584494
upstream,US,ridge,1017,7060047060,0,34,0.39350694741793457,0.3897313108371438
upstream,US,ridge,1026,7060047060,0,34,0.27047730320991026,0.34907145702043435
upstream,US,ridge,1033,7060047060,0,34,0.34903146806745766,0.4191563832620049
upstream,US,ridge,1036,7060047060,0,34,0.20717264498721943,0.291785962258776
upstream,US,ridge,1042,7060047060,0,34,0.3236531161741061,0.4095911209330601
upstream,US,ridge,1067,7060047060,0,34,0.6167405131405999,0.5310105899954826
upstream,US,ridge,1092,7060047060,0,34,0.6010081256172075,0.5161748803435695
upstream,US,ridge,1101,7060047060,0,34,0.5979508334437655,0.4228561415380797
upstream,US,ridge,1112,7060047060,0,34,0.4993501914700653,0.3993724740403788
upstream,US,ridge,1121,7060047060,0,34,0.32837844858050913,0.3231750950978779
upstream,US,ridge,1122,7060047060,0,34,0.5217491049159911,0.46311633532930685
upstream,US,ridge,1125,7060047060,0,34,0.32837844858050913,0.3231750950978779
upstream,US,ridge,1127,7060047060,0,34,0.5663454133318315,0.4864948791393481
upstream,US,ridge,1192,7060047060,0,34,0.16430907051601795,0.1938794420956515
upstream,US,ridge,1586,7060047060,0,34,0.10904752528982808,0.27579011088640304
upstream,US,ridge,1587,7060047060,0,34,0.2799957740271275,0.3353285780691598
upstream,US,ridge,1592,7060047060,0,34,0.34382574108077185,0.309075753980574
upstream,US,ridge,1595,7060047060,0,34,0.10842850910012612,0.19130723044419465
upstream,US,ridge,1600,7060047060,0,34,0.16390038915031843,0.26183551858785054
upstream,US,ridge,1617,7060047060,0,34,0.26566128757157614,0.3371527818239338
upstream,US,ridge,1619,7060047060,0,34,0.14994540981136933,0.3049395542481972
upstream,US,ridge,1620,7060047060,0,34,0.27244922316425124,0.3040572562470915
upstream,US,ridge,1631,7060047060,0,34,0.13586625120138024,0.30216988900343167
upstream,US,ridge,1634,7060047060,0,34,0.1758207414989661,0.24386494342408174
upstream,US,ridge,1636,7060047060,0,34,0.37686352202262224,0.43213588762357236
upstream,US,ridge,1645,7060047060,0,34,0.46880108927990805,0.4393236230858909
upstream,US,ridge,1650,7060047060,0,34,0.1902835665834986,0.35106318648330137
upstream,US,ridge,1654,7060047060,0,34,0.4581723993322289,0.426881267770558
upstream,US,ridge,1655,7060047060,0,34,0.27903405496887934,0.347763789175491
upstream,US,ridge,1656,7060047060,0,34,0.2013737127912082,0.2644840047621909
upstream,US,ridge,1683,7060047060,0,34,0.44087707368667267,0.4168511776775441
upstream,US,ridge,1691,7060047060,0,34,0.11616721478804654,0.2624366575452275
upstream,US,ridge,1699,7060047060,0,34,0.10173478820258915,0.2044363086769942
upstream,US,ridge,1703,7060047060,0,34,0.716660099941124,0.526208692039518
upstream,US,ridge,1706,7060047060,0,34,0.14395730556039704,0.24123312716813633
upstream,US,ridge,1707,7060047060,0,34,0.2516954924878223,0.37049823779073565
upstream,US,ridge,1709,7060047060,0,34,0.09069195877190259,0.19208920615171377
upstream,US,ridge,1712,7060047060,0,34,0.1190201878087824,0.27637113597744106
upstream,US,ridge,1713,7060047060,0,34,0.2096398232608936,0.3472099903152607
upstream,US,ridge,1714,7060047060,0,34,0.3091300571912571,0.35643048668578303
upstream,US,ridge,1718,7060047060,0,34,0.44885605648942306,0.4592585543057538
upstream,US,ridge,1723,7060047060,0,34,0.19395669459263004,0.2929865330453303
upstream,US,ridge,1726,7060047060,0,34,0.10896403881507782,0.25730659030371617
upstream,US,ridge,1735,7060047060,0,34,0.06979095290564989,0.22867747302256136
upstream,US,ridge,1739,7060047060,0,34,0.29666539359342553,0.35439880974093435
upstream,US,ridge,1740,7060047060,0,34,0.1758207414989661,0.24386494342408174
upstream,US,ridge,1741,7060047060,0,34,0.3534252217323681,0.34824326506235453
upstream,US,ridge,1742,7060047060,0,34,0.08480826170244422,0.21886856838655086
upstream,US,ridge,1744,7060047060,0,34,0.2387276522901479,0.30069353436440815
upstream,US,ridge,1752,7060047060,0,34,0.0302958959256767,0.146264725430361
upstream,US,ridge,1753,7060047060,0,34,0.034264448408433124,0.20288556279386863
upstream,US,ridge,1755,7060047060,0,34,0.5562673086774179,0.41632743242779424
upstream,US,ridge,1768,7060047060,0,34,0.01211858013282131,0.14394706560570453
upstream,US,ridge,1777,7060047060,0,34,0.30228136103486564,0.3334792955879873
upstream,US,ridge,1848,7060047060,0,34,0.5028227720001452,0.4064237061734876
upstream,US,ridge,1864,7060047060,0,34,0.5453666496134132,0.41635700509809087
upstream,US,ridge,1869,7060047060,0,34,0.6497507178945514,0.5111089369224204
upstream,US,ridge,307,7060047060,0,34,0.13710457100078935,0.21430154605034496
upstream,US,ridge,319,7060047060,0,34,0.23881827227462005,0.3245783159286369
upstream,US,ridge,355,7060047060,0,34,0.12340187249362164,0.24012781445151538
upstream,US,ridge,362,7060047060,0,34,0.3841607485850629,0.46212761069837166
upstream,US,ridge,364,7060047060,0,34,0.16250170400561625,0.19533402747182474
upstream,US,ridge,368,7060047060,0,34,0.41289960337289583,0.41981258627065415
upstream,US,ridge,373,7060047060,0,34,0.37558270113787345,0.44692653069919563
upstream,US,ridge,393,7060047060,0,34,0.22427692059245702,0.2984653189863975
upstream,US,ridge,398,7060047060,0,34,0.2627616778487855,0.3207639186711165
upstream,US,ridge,415,7060047060,0,34,0.0745806789865424,0.1734168381988432
upstream,US,ridge,416,7060047060,0,34,0.17890221425805486,0.2174383876769585
upstream,US,ridge,421,7060047060,0,34,0.25493325998242067,0.4154787141191734
upstream,US,ridge,500,7060047060,0,34,0.3562560410703974,0.38030985297683323
upstream,US,ridge,505,7060047060,0,34,0.23924474713225585,0.2501767486440806
upstream,US,ridge,511,7060047060,0,34,0.08440368437655454,0.28358012265639637
upstream,US,ridge,522,7060047060,0,34,0.07026054013384717,0.2063973430829412
upstream,US,ridge,530,7060047060,0,34,0.24882327314142194,0.25781330860798585
upstream,US,ridge,533,7060047060,0,34,0.06207667745984695,0.1709413027954601
upstream,US,ridge,7313,7060047060,0,34,0.18782556894938995,0.25082813277073024
upstream,US,ridge,7318,7060047060,0,34,0.01404860943222809,0.1378218878653668
upstream,US,ridge,753,7060047060,0,34,0.15216346333752714,0.25229759397966134
upstream,US,ridge,870,7060047060,0,34,0.05984246578898476,0.21218822473710974
upstream,US,ridge,882,7060047060,0,34,0.07469940515764761,0.19460404165458697
upstream,US,ridge,884,7060047060,0,34,0.0763158000949986,0.13888553908872692
upstream,US,ridge,885,7060047060,0,34,0.06626214192426286,0.1938219025462295
upstream,US,ridge,895,7060047060,0,34,0.014271387481084304,0.11062775855073201
upstream,US,ridge,898,7060047060,0,34,0.4804827463621658,0.5112526516072623
upstream,US,ridge,920,7060047060,0,34,0.010603340710536624,0.13411079139814217
upstream,US,ridge,931,7060047060,0,34,1.2472731177871326,0.5747410257546544
upstream,US,ridge,938,7060047060,0,34,0.38426009158298446,0.618234111144327
upstream,US,ridge,419,7060008710,1,103,0.44082065466842046,0.45630227379312904
upstream,US,ridge,423,7060008710,1,103,0.26117307204484375,0.3005914452024694
upstream,US,ridge,445,7060008710,1,103,0.224138830757966,0.31939151916281483
upstream,US,ridge,448,7060008710,1,103,0.22416607699504454,0.3012891039594048
upstream,US,ridge,451,7060008710,1,103,0.22090927233216076,0.13822080054666963
upstream,US,ridge,469,7060008710,1,103,0.45052235055286904,0.4195020040658826
upstream,US,ridge,470,7060008710,1,103,0.31479673590326607,0.38581944670061497
upstream,US,ridge,488,7060008710,1,103,0.28199738486015824,0.3189790388372199
upstream,US,ridge,497,7060008710,1,103,0.2464086886680948,0.3457685098190415
upstream,US,ridge,502,7060008710,1,103,0.30211006397508533,0.23900592401524912
upstream,US,ridge,509,7060008710,1,103,0.09916879377383866,0.2808421750993361
upstream,US,ridge,517,7060008710,1,103,0.3486366875331364,0.35366033429221166
upstream,US,ridge,518,7060008710,1,103,0.5042386268704302,0.4739045379940019
upstream,US,ridge,531,7060008710,1,103,0.19126019666584598,0.31857432483662973
upstream,US,ridge,536,7060008710,1,103,0.25553116336390597,0.2527182693879263
upstream,US,ridge,541,7060008710,1,103,0.33512067960589664,0.3497804743228552
upstream,US,ridge,542,7060008710,1,103,0.021829390999163038,0.07648090276555441
upstream,US,ridge,549,7060008710,1,103,0.17266983428947952,0.15881081274512807
upstream,US,ridge,567,7060008710,1,103,0.6598461853590809,0.562960405930823
upstream,US,ridge,574,7060008710,1,103,0.4025920589861338,0.4474530866484597
upstream,US,ridge,575,7060008710,1,103,0.3423624117302833,0.4152916966419671
upstream,US,ridge,597,7060008710,1,103,0.504672677607412,0.3835594023296701
upstream,US,ridge,601,7060008710,1,103,0.3984804482743115,0.328029583335658
upstream,US,ridge,1249,7060048410,2,117,1.1752645856080293,0.8879088802845776
upstream,US,ridge,132,7060013550,2,117,0.22046421488839568,0.157966683904569
upstream,US,ridge,133,7060013550,2,117,0.0872185410310191,0.07583566745031003
upstream,US,ridge,148,7060013550,2,117,0.21833227848872927,0.1881258012223774
upstream,US,ridge,1776,7060043090,2,117,0.0855439313352062,0.08396512910320159
upstream,US,ridge,182,7060013550,2,117,0.18271699961023843,0.19389873068966207
upstream,US,ridge,191,7060013550,2,117,0.24386640433051454,0.2887475079074895
upstream,US,ridge,198,7060013550,2,117,0.30894982013781086,0.31172337073174194
upstream,US,ridge,204,7060013550,2,117,0.3066385469683326,0.33486337746197814
upstream,US,ridge,524,7060073920,2,117,0.28463745446912436,0.5806077560023071
upstream,US,ridge,595,7060013550,2,117,0.10828677413827531,0.19791241522551128
upstream,US,ridge,600,7060013550,2,117,0.2973337878686663,0.29699989983761665
upstream,US,ridge,612,7060013550,2,117,0.11004515406213367,0.20461815331773464
upstream,US,ridge,1086,7060049270,3,106,1.1065786202138204,0.69615913866152
upstream,US,ridge,131,7060014200,3,106,0.27333918635913207,0.2440768515148814
upstream,US,ridge,1761,7060042310,3,106,0.27724474371309005,0.20856812543498426
upstream,US,ridge,1879,7060043160,3,106,0.5747260555684761,0.4051660077063431
upstream,US,ridge,310,7060014930,3,106,0.06279365977724899,0.07041362925398281
upstream,US,ridge,316,7060014930,3,106,0.2222499551419378,0.2242465751319096
upstream,US,ridge,361,7060014930,3,106,0.10836787673158613,0.1591296674479053
upstream,US,ridge,372,7060014930,3,106,0.2942816619350156,0.3409967647494171
upstream,US,ridge,384,7060014930,3,106,0.3030019109094392,0.29822475148008526
upstream,US,ridge,386,7060014930,3,106,0.572864021275219,0.5060665436595668
upstream,US,ridge,391,7060014930,3,106,0.11630684303528308,0.16400915215513773
upstream,US,ridge,41,7060016090,3,106,0.30546303515284856,0.2518028621616848
upstream,US,ridge,413,7060014930,3,106,0.015188338602546802,0.08110583379435568
upstream,US,ridge,42,7060016090,3,106,0.366221789192078,0.28187146414528386
upstream,US,ridge,55,7060014930,3,106,0.2855472312792672,0.26677073521156147
upstream,US,ridge,57,7060014930,3,106,0.3434381800795077,0.3343524753631825
upstream,US,ridge,60,7060014930,3,106,0.2041065565749272,0.246727788624706
upstream,US,ridge,63,7060014930,3,106,0.2689459370149505,0.30656290067876024
upstream,US,ridge,114,7060014340,4,113,0.28504764230307755,0.38053941748339
upstream,US,ridge,1151,7060047970,4,113,0.5843168922743912,0.5096524404311769
upstream,US,ridge,1237,7060047970,4,113,0.6706848696134027,0.5115021308777155
upstream,US,ridge,169,7060013560,4,113,0.5358492196096671,0.5342868232015164
upstream,US,ridge,1851,7060043500,4,113,0.16275547134539953,0.18254498803295954
upstream,US,ridge,1883,7060043640,4,113,0.2594859396710334,0.2274178960595329
upstream,US,ridge,292,7060022240,4,113,0.44893864747877954,0.33695249333586547
upstream,US,ridge,442,7060073620,4,113,0.2752968810628519,0.2881213396439968
upstream,US,ridge,449,7060073620,4,113,0.4238798871954068,0.36898548503293105
upstream,US,ridge,456,7060073620,4,113,0.25605914571423927,0.22535095139450112
upstream,US,ridge,467,7060073620,4,113,0.5064303907785369,0.4211423478770631
upstream,US,ridge,477,7060073620,4,113,0.2528298707120241,0.25793620083430346
upstream,US,ridge,7308,7060043500,4,113,0.17291437604455698,0.1146475914538077
upstream,BR,ridge,1131,6060007000,-1,118,0.0390069704748579,0.08979904270148287
upstream,BR,ridge,1145,6060011780,-1,118,0.9429708577848884,0.1524511190124676
upstream,BR,ridge,1146,6060011780,-1,118,0.0139588343760545,0.1769619210880513
upstream,BR,ridge,1147,6060011780,-1,118,0.0155383998299051,0.07415670617937922
upstream,BR,ridge,1154,6060016970,-1,118,0.4825847875493023,1.0485761150081772
upstream,BR,ridge,1165,6060016970,-1,118,0.0547998237636922,0.0831923062502263
upstream,BR,ridge,1166,6060016970,-1,118,0.0145229343356155,0.03585783331240555
upstream,BR,ridge,1167,6060016970,-1,118,0.0326411043303537,0.046444848276361
upstream,BR,ridge,1168,6060016970,-1,118,0.0048962466331128,0.026582512392005653
upstream,BR,ridge,1169,6060016970,-1,118,0.0130415300561963,0.037194321563875976
upstream,BR,ridge,1170,6060016970,-1,118,0.0380463633921466,0.05049806085631833
upstream,BR,ridge,1174,6060016970,-1,118,0.0639880778333452,0.14188489119888953
upstream,BR,ridge,1175,6060016970,-1,118,0.2278760279754066,0.1996802084735988
upstream,BR,ridge,1176,6060016970,-1,118,0.0096236151736861,0.038597362892217824
upstream,BR,ridge,1177,6060016970,-1,118,0.0107750395620475,0.04359630999526118
upstream,BR,ridge,1178,6060013750,-1,118,0.0696826154728397,0.08804436473961785
upstream,BR,ridge,1179,6060016970,-1,118,0.0090022031832229,0.03823391004669238
upstream,BR,ridge,1182,6060016970,-1,118,0.0032266821323722,0.03122760900822033
upstream,BR,ridge,1183,6060016970,-1,118,0.0061949884092648,0.02927128079435687
upstream,BR,ridge,1186,6060013750,-1,118,0.2202870865187361,0.1928907429480117
upstream,BR,ridge,1187,6060013750,-1,118,0.0558600848218432,0.07561965396650072
upstream,BR,ridge,1191,6060016970,-1,118,0.453581512388476,0.4659605348202871
upstream,BR,ridge,1192,6060016970,-1,118,0.2503726875185316,0.2916815462828718
upstream,BR,ridge,1195,6060016970,-1,118,0.017870733285531,0.04781901388598489
upstream,BR,ridge,1196,6060016970,-1,118,0.0285317239706438,0.054272217703860925
upstream,BR,ridge,1198,6060016970,-1,118,0.1793764263003081,0.16686498540606973
upstream,BR,ridge,1199,6060016760,-1,118,0.0463493410700394,0.100357827480373
upstream,BR,ridge,1200,6060016760,-1,118,0.0717300944791795,0.09457677095529235
upstream,BR,ridge,1201,6060015560,-1,118,0.1973575345701719,0.17975992988050699
upstream,BR,ridge,1202,6060015560,-1,118,0.0462549910200803,0.0610248241936841
upstream,BR,ridge,13435,6060013420,-1,118,0.0082857432417853,0.05591793654360469
upstream,BR,ridge,13477,6060016970,-1,118,0.0030196517971885,0.031240702270396242
upstream,BR,ridge,197,6060009760,-1,118,0.1494897777211895,0.14181145591840794
upstream,BR,ridge,198,6060011780,-1,118,0.0165135046711468,0.08157188130132242
upstream,BR,ridge,201,6060007950,-1,118,0.0258143608677011,0.19934303070550102
upstream,BR,ridge,202,6060007950,-1,118,0.3440314527118721,0.34254662912792744
upstream,BR,ridge,203,6060011780,-1,118,0.367381248821139,0.37622316199760314
upstream,BR,ridge,204,6060016970,-1,118,0.201860303416369,0.12057867683600262
upstream,BR,ridge,205,6060016970,-1,118,0.126467830862241,0.24247266605423362
upstream,BR,ridge,206,6060016970,-1,118,0.0531391459024513,0.05558528436918744
upstream,BR,ridge,207,6060016970,-1,118,0.2090450087283482,0.21195037312350334
upstream,BR,ridge,208,6060016970,-1,118,0.0355714826805463,0.07951778742707499
upstream,BR,ridge,209,6060016970,-1,118,0.0144028771681114,0.03393380247463618
upstream,BR,ridge,210,6060016970,-1,118,0.0246088546523943,0.031005448639366773
upstream,BR,ridge,211,6060016970,-1,118,0.0375761424301017,0.05775902485571152
upstream,BR,ridge,212,6060016970,-1,118,0.0317800847168669,0.06305124154045524
upstream,BR,ridge,213,6060016970,-1,118,0.1315362853370682,0.06552600626908991
upstream,BR,ridge,214,6060016970,-1,118,0.2184430138933118,0.23219165508575693
upstream,BR,ridge,215,6060016970,-1,118,0.0064473546862729,0.022664391985478594
upstream,BR,ridge,216,6060016970,-1,118,0.0134168828736038,0.03552447945973847
upstream,BR,ridge,217,6060016970,-1,118,0.0569943517910319,0.08979978652556747
upstream,BR,ridge,218,6060016970,-1,118,0.1284025733050957,0.16177276524442788
upstream,BR,ridge,219,6060016970,-1,118,0.0153734568227492,0.03132511298685331
upstream,BR,ridge,220,6060016970,-1,118,0.0662670354688832,0.10137479853218467
upstream,BR,ridge,221,6060016970,-1,118,0.0852393222064124,0.0810524341152061
upstream,BR,ridge,222,6060016970,-1,118,0.1468871124305796,0.14626698463649426
upstream,BR,ridge,223,6060013750,-1,118,0.2093873097513461,0.15163979923789586
upstream,BR,ridge,225,6060016970,-1,118,0.0259738684729026,0.05847013399300577
upstream,BR,ridge,226,6060016970,-1,118,0.0339030273856548,0.07362757915913318
upstream,BR,ridge,228,6060016760,-1,118,0.2405008092347565,0.31966565912415135
upstream,BR,ridge,229,6060015560,-1,118,0.1344295002452387,0.23344557225107068
upstream,BR,ridge,26,6060007950,-1,118,0.1610421735228621,0.18649871653123404
upstream,BR,ridge,27,6060011780,-1,118,0.2193514668254769,0.2725749269787865
upstream,BR,ridge,28,6060016970,-1,118,0.0157601793772504,0.02942787961752852
upstream,BR,ridge,28512,6060016970,-1,118,0.005104449711395,0.041122546367380663
upstream,BR,ridge,29,6060016970,-1,118,0.0093943956875154,0.025905787342468956
upstream,BR,ridge,30,6060016970,-1,118,0.0145609957353346,0.027136181685500804
upstream,BR,ridge,3464,6060013420,-1,118,0.0025825778702569,0.05270645525289189
upstream,BR,ridge,3472,6060016970,-1,118,0.0044035648738334,0.028819215739926296
upstream,BR,ridge,3481,6060014460,-1,118,0.198100391080738,0.18271553375013516
upstream,BR,ridge,3483,6060016970,-1,118,0.6851183600961861,0.22634847592984647
upstream,BR,ridge,3486,6060016760,-1,118,0.0390585441286255,0.06882253553975565
upstream,BR,ridge,3491,6060015560,-1,118,0.0693921885438663,0.06155434118698205
upstream,BR,ridge,40670,6060013420,-1,118,0.0416545111432612,0.0779844711986532
upstream,BR,ridge,40862,6060013430,-1,118,0.0085255338352187,0.0638692235344906
upstream,BR,ridge,41066,6060015560,-1,118,0.004850844396302,0.07825250930085798
upstream,BR,ridge,6874,6060016760,-1,118,0.3314226222254867,0.15273393217512535
upstream,BR,ridge,6875,6060016970,-1,118,0.020580097384573,0.03685788415907426
upstream,BR,ridge,6878,6060007950,-1,118,0.1869219645099048,0.04663883762474516
upstream,BR,ridge,6879,6060016760,-1,118,0.0151105669364328,0.05104070027434113
upstream,BR,ridge,6883,6060007950,-1,118,0.0200774969459172,0.13785478868434917
upstream,BR,ridge,7256,6060016970,-1,118,0.0296251511125645,0.02760236470182964
upstream,BR,ridge,7257,6060016970,-1,118,0.0331956746743684,0.027601554863065703
upstream,BR,ridge,7259,6060016970,-1,118,0.0218010705573437,0.03686048979512213
upstream,BR,ridge,7263,6060015560,-1,118,0.0151376875110565,0.07719591479471913
upstream,BR,ridge,7270,6060016970,-1,118,2.9466869428392814e-05,0.027485304872203464
upstream,BR,ridge,7274,6060016760,-1,118,0.0725384640486719,0.07332349721881593
upstream,BR,ridge,7424,6060015560,-1,118,0.0099914835892373,0.0799384624817229
upstream,BR,ridge,8393,6060016970,-1,118,0.0023328943737665,0.045220652080037754
upstream,BR,ridge,8396,6060016970,-1,118,0.0074185628142692,0.03374809251604449
upstream,BR,ridge,8448,6060015560,-1,118,0.0091361958418698,0.04161568404817512
upstream,US,rf,1017,7060047060,0,34,0.39350694741793457,0.34672379641587747
upstream,US,rf,1026,7060047060,0,34,0.27047730320991026,0.33516993278484697
upstream,US,rf,1033,7060047060,0,34,0.34903146806745766,0.37432964221072834
upstream,US,rf,1036,7060047060,0,34,0.20717264498721943,0.2579829404625853
upstream,US,rf,1042,7060047060,0,34,0.3236531161741061,0.3712698554913116
upstream,US,rf,1067,7060047060,0,34,0.6167405131405999,0.37692813062355357
upstream,US,rf,1092,7060047060,0,34,0.6010081256172075,0.37744817043954365
upstream,US,rf,1101,7060047060,0,34,0.5979508334437655,0.3473879216659785
upstream,US,rf,1112,7060047060,0,34,0.4993501914700653,0.3698246789311769
upstream,US,rf,1121,7060047060,0,34,0.32837844858050913,0.3189407435123708
upstream,US,rf,1122,7060047060,0,34,0.5217491049159911,0.36848313685112916
upstream,US,rf,1125,7060047060,0,34,0.32837844858050913,0.3189407435123708
upstream,US,rf,1127,7060047060,0,34,0.5663454133318315,0.37393724425404945
upstream,US,rf,1192,7060047060,0,34,0.16430907051601795,0.21709489561875336
upstream,US,rf,1586,7060047060,0,34,0.10904752528982808,0.24452731647118647
upstream,US,rf,1587,7060047060,0,34,0.2799957740271275,0.33434843052078933
upstream,US,rf,1592,7060047060,0,34,0.34382574108077185,0.2571614381985277
upstream,US,rf,1595,7060047060,0,34,0.10842850910012612,0.24088222753952157
upstream,US,rf,1600,7060047060,0,34,0.16390038915031843,0.24562404561251905
upstream,US,rf,1617,7060047060,0,34,0.26566128757157614,0.34191786158910054
upstream,US,rf,1619,7060047060,0,34,0.14994540981136933,0.2920829589670749
upstream,US,rf,1620,7060047060,0,34,0.27244922316425124,0.33802668141260356
upstream,US,rf,1631,7060047060,0,34,0.13586625120138024,0.2579048205142514
upstream,US,rf,1634,7060047060,0,34,0.1758207414989661,0.24452731647118647
upstream,US,rf,1636,7060047060,0,34,0.37686352202262224,0.3467167974085259
upstream,US,rf,1645,7060047060,0,34,0.46880108927990805,0.36848313685112916
upstream,US,rf,1650,7060047060,0,34,0.1902835665834986,0.3368893393806423
upstream,US,rf,1654,7060047060,0,34,0.4581723993322289,0.36848313685112916
upstream,US,rf,1655,7060047060,0,34,0.27903405496887934,0.3400520020262085
upstream,US,rf,1656,7060047060,0,34,0.2013737127912082,0.2440072766551964
upstream,US,rf,1683,7060047060,0,34,0.44087707368667267,0.3677791891414486
upstream,US,rf,1691,7060047060,0,34,0.11616721478804654,0.24302184241948857
upstream,US,rf,1699,7060047060,0,34,0.10173478820258915,0.24128547930787075
upstream,US,rf,1703,7060047060,0,34,0.716660099941124,0.3734172044380594
upstream,US,rf,1706,7060047060,0,34,0.14395730556039704,0.24362515303952853
upstream,US,rf,1707,7060047060,0,34,0.2516954924878223,0.3346498929688569
upstream,US,rf,1709,7060047060,0,34,0.09069195877190259,0.24128547930787075
upstream,US,rf,1712,7060047060,0,34,0.1190201878087824,0.24362515303952853
upstream,US,rf,1713,7060047060,0,34,0.2096398232608936,0.31238250117622185
upstream,US,rf,1714,7060047060,0,34,0.3091300571912571,0.3439260826509898
upstream,US,rf,1718,7060047060,0,34,0.44885605648942306,0.36848313685112916
upstream,US,rf,1723,7060047060,0,34,0.19395669459263004,0.25607384480012846
upstream,US,rf,1726,7060047060,0,34,0.10896403881507782,0.24362515303952853
upstream,US,rf,1735,7060047060,0,34,0.06979095290564989,0.24482877891925406
upstream,US,rf,1739,7060047060,0,34,0.29666539359342553,0.32324122494681645
upstream,US,rf,1740,7060047060,0,34,0.1758207414989661,0.24452731647118647
upstream,US,rf,1741,7060047060,0,34,0.3534252217323681,0.3446767628606593
upstream,US,rf,1742,7060047060,0,34,0.08480826170244422,0.22041063539211433
upstream,US,rf,1744,7060047060,0,34,0.2387276522901479,0.231650364049227
upstream,US,rf,1752,7060047060,0,34,0.0302958959256767,0.21030909352212068
upstream,US,rf,1753,7060047060,0,34,0.034264448408433124,0.2097890537061306
upstream,US,rf,1755,7060047060,0,34,0.5562673086774179,0.368844395551185
upstream,US,rf,1768,7060047060,0,34,0.01211858013282131,0.2136242413624554
upstream,US,rf,1777,7060047060,0,34,0.30228136103486564,0.31883791265973443
upstream,US,rf,1848,7060047060,0,34,0.5028227720001452,0.34786586778711137
upstream,US,rf,1864,7060047060,0,34,0.5453666496134132,0.34795376421743723
upstream,US,rf,1869,7060047060,0,34,0.6497507178945514,0.344973586503595
upstream,US,rf,307,7060047060,0,34,0.13710457100078935,0.2347272370492604
upstream,US,rf,319,7060047060,0,34,0.23881827227462005,0.33072127736458556
upstream,US,rf,355,7060047060,0,34,0.12340187249362164,0.23338569496921274
upstream,US,rf,362,7060047060,0,34,0.3841607485850629,0.35774643178111937
upstream,US,rf,364,7060047060,0,34,0.16250170400561625,0.23338569496921274
upstream,US,rf,368,7060047060,0,34,0.41289960337289583,0.3865691189889918
upstream,US,rf,373,7060047060,0,34,0.37558270113787345,0.3832874788270821
upstream,US,rf,393,7060047060,0,34,0.22427692059245702,0.2908763519546636
upstream,US,rf,398,7060047060,0,34,0.2627616778487855,0.3042585913150254
upstream,US,rf,415,7060047060,0,34,0.0745806789865424,0.24188686383036853
upstream,US,rf,416,7060047060,0,34,0.17890221425805486,0.2344715773366616
upstream,US,rf,421,7060047060,0,34,0.25493325998242067,0.3825438307698958
upstream,US,rf,500,7060047060,0,34,0.3562560410703974,0.3832874788270821
upstream,US,rf,505,7060047060,0,34,0.23924474713225585,0.24601981669655398
upstream,US,rf,511,7060047060,0,34,0.08440368437655454,0.25970124669136596
upstream,US,rf,522,7060047060,0,34,0.07026054013384717,0.2344715773366616
upstream,US,rf,530,7060047060,0,34,0.24882327314142194,0.2579182004841974
upstream,US,rf,533,7060047060,0,34,0.06207667745984695,0.23338569496921274
upstream,US,rf,7313,7060047060,0,34,0.18782556894938995,0.24501288446575503
upstream,US,rf,7318,7060047060,0,34,0.01404860943222809,0.23300357135354488
upstream,US,rf,753,7060047060,0,34,0.15216346333752714,0.2800468842661305
upstream,US,rf,870,7060047060,0,34,0.05984246578898476,0.24545768050539163
upstream,US,rf,882,7060047060,0,34,0.07469940515764761,0.2136242413624554
upstream,US,rf,884,7060047060,0,34,0.0763158000949986,0.20965176498463867
upstream,US,rf,885,7060047060,0,34,0.06626214192426286,0.21164830954667851
upstream,US,rf,895,7060047060,0,34,0.014271387481084304,0.20908592243317994
upstream,US,rf,898,7060047060,0,34,0.4804827463621658,0.358567934045177
upstream,US,rf,920,7060047060,0,34,0.010603340710536624,0.20966261175852247
upstream,US,rf,931,7060047060,0,34,1.2472731177871326,0.36144861558474517
upstream,US,rf,938,7060047060,0,34,0.38426009158298446,0.37039052148263557
upstream,US,rf,419,7060008710,1,103,0.44082065466842046,0.4548797674668221
upstream,US,rf,423,7060008710,1,103,0.26117307204484375,0.31975474165747425
upstream,US,rf,445,7060008710,1,103,0.224138830757966,0.2777007413234681
upstream,US,rf,448,7060008710,1,103,0.22416607699504454,0.24920062823236336
upstream,US,rf,451,7060008710,1,103,0.22090927233216076,0.1369680280760845
upstream,US,rf,469,7060008710,1,103,0.45052235055286904,0.41913121025938793
upstream,US,rf,470,7060008710,1,103,0.31479673590326607,0.3162671474658717
upstream,US,rf,488,7060008710,1,103,0.28199738486015824,0.29818167228271536
upstream,US,rf,497,7060008710,1,103,0.2464086886680948,0.333059964750556
upstream,US,rf,502,7060008710,1,103,0.30211006397508533,0.24782009552966167
upstream,US,rf,509,7060008710,1,103,0.09916879377383866,0.2612114058582958
upstream,US,rf,517,7060008710,1,103,0.3486366875331364,0.34086593996980824
upstream,US,rf,518,7060008710,1,103,0.5042386268704302,0.42918250409746794
upstream,US,rf,531,7060008710,1,103,0.19126019666584598,0.2768337942296268
upstream,US,rf,536,7060008710,1,103,0.25553116336390597,0.2583142971269255
upstream,US,rf,541,7060008710,1,103,0.33512067960589664,0.35153559418084507
upstream,US,rf,542,7060008710,1,103,0.021829390999163038,0.09165436324089167
upstream,US,rf,549,7060008710,1,103,0.17266983428947952,0.1520401061096364
upstream,US,rf,567,7060008710,1,103,0.6598461853590809,0.46114788660638745
upstream,US,rf,574,7060008710,1,103,0.4025920589861338,0.41922633212107735
upstream,US,rf,575,7060008710,1,103,0.3423624117302833,0.41956551398662634
upstream,US,rf,597,7060008710,1,103,0.504672677607412,0.41516317272023395
upstream,US,rf,601,7060008710,1,103,0.3984804482743115,0.3500118739896327
upstream,US,rf,1249,7060048410,2,117,1.1752645856080293,0.537281022890146
upstream,US,rf,132,7060013550,2,117,0.22046421488839568,0.1500377255278952
upstream,US,rf,133,7060013550,2,117,0.0872185410310191,0.0815417519040053
upstream,US,rf,148,7060013550,2,117,0.21833227848872927,0.21571076644924722
upstream,US,rf,1776,7060043090,2,117,0.0855439313352062,0.09009008465437734
upstream,US,rf,182,7060013550,2,117,0.18271699961023843,0.21262015869565215
upstream,US,rf,191,7060013550,2,117,0.24386640433051454,0.32848257031887207
upstream,US,rf,198,7060013550,2,117,0.30894982013781086,0.3135157634437571
upstream,US,rf,204,7060013550,2,117,0.3066385469683326,0.3190951806715035
upstream,US,rf,524,7060073920,2,117,0.28463745446912436,0.4894487875698125
upstream,US,rf,595,7060013550,2,117,0.10828677413827531,0.21754477376760226
upstream,US,rf,600,7060013550,2,117,0.2973337878686663,0.32528427392032944
upstream,US,rf,612,7060013550,2,117,0.11004515406213367,0.16969450922007648
upstream,US,rf,1086,7060049270,3,106,1.1065786202138204,0.45643279934273195
upstream,US,rf,131,7060014200,3,106,0.27333918635913207,0.2878446922481043
upstream,US,rf,1761,7060042310,3,106,0.27724474371309005,0.21853235510427307
upstream,US,rf,1879,7060043160,3,106,0.5747260555684761,0.37924018336669696
upstream,US,rf,310,7060014930,3,106,0.06279365977724899,0.08797546059383012
upstream,US,rf,316,7060014930,3,106,0.2222499551419378,0.24616591301025342
upstream,US,rf,361,7060014930,3,106,0.10836787673158613,0.17198294436649295
upstream,US,rf,372,7060014930,3,106,0.2942816619350156,0.31754660955826697
upstream,US,rf,384,7060014930,3,106,0.3030019109094392,0.2976081149057752
upstream,US,rf,386,7060014930,3,106,0.572864021275219,0.448032773213774
upstream,US,rf,391,7060014930,3,106,0.11630684303528308,0.14567263714786516
upstream,US,rf,41,7060016090,3,106,0.30546303515284856,0.2895741247290705
upstream,US,rf,413,7060014930,3,106,0.015188338602546802,0.11360945402706761
upstream,US,rf,42,7060016090,3,106,0.366221789192078,0.330030932964836
upstream,US,rf,55,7060014930,3,106,0.2855472312792672,0.3198125708555496
upstream,US,rf,57,7060014930,3,106,0.3434381800795077,0.3441423934699814
upstream,US,rf,60,7060014930,3,106,0.2041065565749272,0.2896117801587413
upstream,US,rf,63,7060014930,3,106,0.2689459370149505,0.32028211380801413
upstream,US,rf,114,7060014340,4,113,0.28504764230307755,0.4296453497243884
upstream,US,rf,1151,7060047970,4,113,0.5843168922743912,0.4597308568331955
upstream,US,rf,1237,7060047970,4,113,0.6706848696134027,0.5213274642941231
upstream,US,rf,169,7060013560,4,113,0.5358492196096671,0.4559017762807786
upstream,US,rf,1851,7060043500,4,113,0.16275547134539953,0.17005207787660312
upstream,US,rf,1883,7060043640,4,113,0.2594859396710334,0.2029844453974078
upstream,US,rf,292,7060022240,4,113,0.44893864747877954,0.41101850094441394
upstream,US,rf,442,7060073620,4,113,0.2752968810628519,0.33435942105842015
upstream,US,rf,449,7060073620,4,113,0.4238798871954068,0.43391173360790375
upstream,US,rf,456,7060073620,4,113,0.25605914571423927,0.2499890552008822
upstream,US,rf,467,7060073620,4,113,0.5064303907785369,0.43140088532873244
upstream,US,rf,477,7060073620,4,113,0.2528298707120241,0.2574250879483765
upstream,US,rf,7308,7060043500,4,113,0.17291437604455698,0.11080893161006149
upstream,BR,rf,1131,6060007000,-1,118,0.0390069704748579,0.11937906936186553
upstream,BR,rf,1145,6060011780,-1,118,0.9429708577848884,0.1338110944765298
upstream,BR,rf,1146,6060011780,-1,118,0.0139588343760545,0.14897681470784094
upstream,BR,rf,1147,6060011780,-1,118,0.0155383998299051,0.07891625868544291
upstream,BR,rf,1154,6060016970,-1,118,0.4825847875493023,0.5314694644350587
upstream,BR,rf,1165,6060016970,-1,118,0.0547998237636922,0.10812584803315184
upstream,BR,rf,1166,6060016970,-1,118,0.0145229343356155,0.06920699685775815
upstream,BR,rf,1167,6060016970,-1,118,0.0326411043303537,0.07222341866670808
upstream,BR,rf,1168,6060016970,-1,118,0.0048962466331128,0.06955974539677444
upstream,BR,rf,1169,6060016970,-1,118,0.0130415300561963,0.07143898142343869
upstream,BR,rf,1170,6060016970,-1,118,0.0380463633921466,0.07179172996245498
upstream,BR,rf,1174,6060016970,-1,118,0.0639880778333452,0.1403255652515027
upstream,BR,rf,1175,6060016970,-1,118,0.2278760279754066,0.22054105013735792
upstream,BR,rf,1176,6060016970,-1,118,0.0096236151736861,0.07278599294846597
upstream,BR,rf,1177,6060016970,-1,118,0.0107750395620475,0.07307218358907987
upstream,BR,rf,1178,6060013750,-1,118,0.0696826154728397,0.08817232820619343
upstream,BR,rf,1179,6060016970,-1,118,0.0090022031832229,0.06864671664461909
upstream,BR,rf,1182,6060016970,-1,118,0.0032266821323722,0.06984833946386611
upstream,BR,rf,1183,6060016970,-1,118,0.0061949884092648,0.0683719574334489
upstream,BR,rf,1186,6060013750,-1,118,0.2202870865187361,0.1668941410673618
upstream,BR,rf,1187,6060013750,-1,118,0.0558600848218432,0.07913050905054413
upstream,BR,rf,1191,6060016970,-1,118,0.453581512388476,0.45524999075974726
upstream,BR,rf,1192,6060016970,-1,118,0.2503726875185316,0.31187772185384693
upstream,BR,rf,1195,6060016970,-1,118,0.017870733285531,0.06919178020465525
upstream,BR,rf,1196,6060016970,-1,118,0.0285317239706438,0.069234102768337
upstream,BR,rf,1198,6060016970,-1,118,0.1793764263003081,0.1410107065476872
upstream,BR,rf,1199,6060016760,-1,118,0.0463493410700394,0.11289895890929104
upstream,BR,rf,1200,6060016760,-1,118,0.0717300944791795,0.09930593224325861
upstream,BR,rf,1201,6060015560,-1,118,0.1973575345701719,0.1727324486478884
upstream,BR,rf,1202,6060015560,-1,118,0.0462549910200803,0.0724751222848678
upstream,BR,rf,13435,6060013420,-1,118,0.0082857432417853,0.11323448898440666
upstream,BR,rf,13477,6060016970,-1,118,0.0030196517971885,0.07164114942810355
upstream,BR,rf,197,6060009760,-1,118,0.1494897777211895,0.12970946360299138
upstream,BR,rf,198,6060011780,-1,118,0.0165135046711468,0.08216496080687694
upstream,BR,rf,201,6060007950,-1,118,0.0258143608677011,0.18807643776622376
upstream,BR,rf,202,6060007950,-1,118,0.3440314527118721,0.38129927042831496
upstream,BR,rf,203,6060011780,-1,118,0.367381248821139,0.43101330224281115
upstream,BR,rf,204,6060016970,-1,118,0.201860303416369,0.11221894617202757
upstream,BR,rf,205,6060016970,-1,118,0.126467830862241,0.2863658324123042
upstream,BR,rf,206,6060016970,-1,118,0.0531391459024513,0.06920699685775815
upstream,BR,rf,207,6060016970,-1,118,0.2090450087283482,0.23966201682864818
upstream,BR,rf,208,6060016970,-1,118,0.0355714826805463,0.08828488897842555
upstream,BR,rf,209,6060016970,-1,118,0.0144028771681114,0.06920699685775815
upstream,BR,rf,210,6060016970,-1,118,0.0246088546523943,0.06920699685775815
upstream,BR,rf,211,6060016970,-1,118,0.0375761424301017,0.0718023750839571
upstream,BR,rf,212,6060016970,-1,118,0.0317800847168669,0.07275652959850955
upstream,BR,rf,213,6060016970,-1,118,0.1315362853370682,0.06961686391084533
upstream,BR,rf,214,6060016970,-1,118,0.2184430138933118,0.2738147113090995
upstream,BR,rf,215,6060016970,-1,118,0.0064473546862729,0.06920699685775815
upstream,BR,rf,216,6060016970,-1,118,0.0134168828736038,0.06836052600400519
upstream,BR,rf,217,6060016970,-1,118,0.0569943517910319,0.08940414537549982
upstream,BR,rf,218,6060016970,-1,118,0.1284025733050957,0.14889913419932974
upstream,BR,rf,219,6060016970,-1,118,0.0153734568227492,0.06836052600400519
upstream,BR,rf,220,6060016970,-1,118,0.0662670354688832,0.09853853520680894
upstream,BR,rf,221,6060016970,-1,118,0.0852393222064124,0.07850374919426176
upstream,BR,rf,222,6060016970,-1,118,0.1468871124305796,0.12308255384008442
upstream,BR,rf,223,6060013750,-1,118,0.2093873097513461,0.12873805950940775
upstream,BR,rf,225,6060016970,-1,118,0.0259738684729026,0.06883463591931138
upstream,BR,rf,226,6060016970,-1,118,0.0339030273856548,0.06916647141196192
upstream,BR,rf,228,6060016760,-1,118,0.2405008092347565,0.3091338462218179
upstream,BR,rf,229,6060015560,-1,118,0.1344295002452387,0.25518564523896825
upstream,BR,rf,26,6060007950,-1,118,0.1610421735228621,0.20886702641011204
upstream,BR,rf,27,6060011780,-1,118,0.2193514668254769,0.30699884755066176
upstream,BR,rf,28,6060016970,-1,118,0.0157601793772504,0.06955974539677444
upstream,BR,rf,28512,6060016970,-1,118,0.005104449711395,0.07056596585150786
upstream,BR,rf,29,6060016970,-1,118,0.0093943956875154,0.06984593603738834
upstream,BR,rf,30,6060016970,-1,118,0.0145609957353346,0.06985658115889047
upstream,BR,rf,3464,6060013420,-1,118,0.0025825778702569,0.10748081159927138
upstream,BR,rf,3472,6060016970,-1,118,0.0044035648738334,0.0691127413920471
upstream,BR,rf,3481,6060014460,-1,118,0.198100391080738,0.15718273267204366
upstream,BR,rf,3483,6060016970,-1,118,0.6851183600961861,0.2133777535728492
upstream,BR,rf,3486,6060016760,-1,118,0.0390585441286255,0.1008910766993138
upstream,BR,rf,3491,6060015560,-1,118,0.0693921885438663,0.075266112718205
upstream,BR,rf,40670,6060013420,-1,118,0.0416545111432612,0.12297741219651045
upstream,BR,rf,40862,6060013430,-1,118,0.0085255338352187,0.11889181075530804
upstream,BR,rf,41066,6060015560,-1,118,0.004850844396302,0.11365090521164144
upstream,BR,rf,6874,6060016760,-1,118,0.3314226222254867,0.1519096659079493
upstream,BR,rf,6875,6060016970,-1,118,0.020580097384573,0.09121134571035171
upstream,BR,rf,6878,6060007950,-1,118,0.1869219645099048,0.09849719165400306
upstream,BR,rf,6879,6060016760,-1,118,0.0151105669364328,0.09077508458422445
upstream,BR,rf,6883,6060007950,-1,118,0.0200774969459172,0.15938203796515268
upstream,BR,rf,7256,6060016970,-1,118,0.0296251511125645,0.06981375046346595
upstream,BR,rf,7257,6060016970,-1,118,0.0331956746743684,0.06981375046346595
upstream,BR,rf,7259,6060016970,-1,118,0.0218010705573437,0.09121134571035171
upstream,BR,rf,7263,6060015560,-1,118,0.0151376875110565,0.11544339790814291
upstream,BR,rf,7270,6060016970,-1,118,2.9466869428392814e-05,0.06836052600400519
upstream,BR,rf,7274,6060016760,-1,118,0.0725384640486719,0.11075481386341787
upstream,BR,rf,7424,6060015560,-1,118,0.0099914835892373,0.1158171187939898
upstream,BR,rf,8393,6060016970,-1,118,0.0023328943737665,0.07593756101624247
upstream,BR,rf,8396,6060016970,-1,118,0.0074185628142692,0.07122018557845308
upstream,BR,rf,8448,6060015560,-1,118,0.0091361958418698,0.07117359892015879
cars_common_days,US,mean,1017,7060047060,0,34,0.3767102226800422,0.29732000434184325
cars_common_days,US,mean,1026,7060047060,0,34,0.25625519090176824,0.29732000434184325
cars_common_days,US,mean,1033,7060047060,0,34,0.3419889818378985,0.29732000434184325
cars_common_days,US,mean,1036,7060047060,0,34,0.19946345325612022,0.29732000434184325
cars_common_days,US,mean,1042,7060047060,0,34,0.3086252424534333,0.29732000434184325
cars_common_days,US,mean,1067,7060047060,0,34,0.5997219898221158,0.29732000434184325
cars_common_days,US,mean,1092,7060047060,0,34,0.5538951309363404,0.29732000434184325
cars_common_days,US,mean,1101,7060047060,0,34,0.5738270609277156,0.29732000434184325
cars_common_days,US,mean,1112,7060047060,0,34,0.45310297910342207,0.29732000434184325
cars_common_days,US,mean,1121,7060047060,0,34,0.29573686102470564,0.29732000434184325
cars_common_days,US,mean,1122,7060047060,0,34,0.4731408184743925,0.29732000434184325
cars_common_days,US,mean,1125,7060047060,0,34,0.29573686102470564,0.29732000434184325
cars_common_days,US,mean,1127,7060047060,0,34,0.5284249950190778,0.29732000434184325
cars_common_days,US,mean,1192,7060047060,0,34,0.15618192471142422,0.29732000434184325
cars_common_days,US,mean,1586,7060047060,0,34,0.10090961354906708,0.29732000434184325
cars_common_days,US,mean,1587,7060047060,0,34,0.2531868046723131,0.29732000434184325
cars_common_days,US,mean,1592,7060047060,0,34,0.3257712611764545,0.29732000434184325
cars_common_days,US,mean,1595,7060047060,0,34,0.0975405734842903,0.29732000434184325
cars_common_days,US,mean,1600,7060047060,0,34,0.14883822083471565,0.29732000434184325
cars_common_days,US,mean,1617,7060047060,0,34,0.24655818555606046,0.29732000434184325
cars_common_days,US,mean,1619,7060047060,0,34,0.13258570862928937,0.29732000434184325
cars_common_days,US,mean,1620,7060047060,0,34,0.26035611659680125,0.29732000434184325
cars_common_days,US,mean,1631,7060047060,0,34,0.11534823422923579,0.29732000434184325
cars_common_days,US,mean,1634,7060047060,0,34,0.16133901010123658,0.29732000434184325
cars_common_days,US,mean,1636,7060047060,0,34,0.34287818919919366,0.29732000434184325
cars_common_days,US,mean,1645,7060047060,0,34,0.43703759577674123,0.29732000434184325
cars_common_days,US,mean,1650,7060047060,0,34,0.15965303147579651,0.29732000434184325
cars_common_days,US,mean,1654,7060047060,0,34,0.4218435553220695,0.29732000434184325
cars_common_days,US,mean,1655,7060047060,0,34,0.2436515966980656,0.29732000434184325
cars_common_days,US,mean,1656,7060047060,0,34,0.16921263797743122,0.29732000434184325
cars_common_days,US,mean,1683,7060047060,0,34,0.3901169448841023,0.29732000434184325
cars_common_days,US,mean,1691,7060047060,0,34,0.09177046402249689,0.29732000434184325
cars_common_days,US,mean,1699,7060047060,0,34,0.08732681683988028,0.29732000434184325
cars_common_days,US,mean,1703,7060047060,0,34,0.6719276083841421,0.29732000434184325
cars_common_days,US,mean,1706,7060047060,0,34,0.13116253672690337,0.29732000434184325
cars_common_days,US,mean,1707,7060047060,0,34,0.20443585548523327,0.29732000434184325
cars_common_days,US,mean,1709,7060047060,0,34,0.07534219542091439,0.29732000434184325
cars_common_days,US,mean,1712,7060047060,0,34,0.08799399959393037,0.29732000434184325
cars_common_days,US,mean,1713,7060047060,0,34,0.17909900176350121,0.29732000434184325
cars_common_days,US,mean,1714,7060047060,0,34,0.28978101331581735,0.29732000434184325
cars_common_days,US,mean,1718,7060047060,0,34,0.394739557462232,0.29732000434184325
cars_common_days,US,mean,1723,7060047060,0,34,0.1509453554029413,0.29732000434184325
cars_common_days,US,mean,1726,7060047060,0,34,0.0900858278252727,0.29732000434184325
cars_common_days,US,mean,1735,7060047060,0,34,0.05911435732527298,0.29732000434184325
cars_common_days,US,mean,1739,7060047060,0,34,0.26952085731685316,0.29732000434184325
cars_common_days,US,mean,1740,7060047060,0,34,0.1589239050565217,0.29732000434184325
cars_common_days,US,mean,1741,7060047060,0,34,0.3146143807409897,0.29732000434184325
cars_common_days,US,mean,1742,7060047060,0,34,0.07033425606058544,0.29732000434184325
cars_common_days,US,mean,1744,7060047060,0,34,0.21324280186253824,0.29732000434184325
cars_common_days,US,mean,1752,7060047060,0,34,0.02740686979651305,0.29732000434184325
cars_common_days,US,mean,1753,7060047060,0,34,0.03384360187055937,0.29732000434184325
cars_common_days,US,mean,1755,7060047060,0,34,0.5328497903478746,0.29732000434184325
cars_common_days,US,mean,1768,7060047060,0,34,0.010814949128347994,0.29732000434184325
cars_common_days,US,mean,1777,7060047060,0,34,0.28775505039287586,0.29732000434184325
cars_common_days,US,mean,1848,7060047060,0,34,0.4800253185821163,0.29732000434184325
cars_common_days,US,mean,1864,7060047060,0,34,0.5318920034094353,0.29732000434184325
cars_common_days,US,mean,1869,7060047060,0,34,0.6181993694029078,0.29732000434184325
cars_common_days,US,mean,307,7060047060,0,34,0.134978539697019,0.29732000434184325
cars_common_days,US,mean,319,7060047060,0,34,0.23720243735094437,0.29732000434184325
cars_common_days,US,mean,355,7060047060,0,34,0.12272469188767607,0.29732000434184325
cars_common_days,US,mean,362,7060047060,0,34,0.3864645066597572,0.29732000434184325
cars_common_days,US,mean,364,7060047060,0,34,0.16167768783006337,0.29732000434184325
cars_common_days,US,mean,368,7060047060,0,34,0.41229477665358616,0.29732000434184325
cars_common_days,US,mean,373,7060047060,0,34,0.37544518353202505,0.29732000434184325
cars_common_days,US,mean,393,7060047060,0,34,0.22349104042854842,0.29732000434184325
cars_common_days,US,mean,398,7060047060,0,34,0.2624652961125885,0.29732000434184325
cars_common_days,US,mean,415,7060047060,0,34,0.07439807135004639,0.29732000434184325
cars_common_days,US,mean,416,7060047060,0,34,0.18256724140525943,0.29732000434184325
cars_common_days,US,mean,421,7060047060,0,34,0.2531768818393909,0.29732000434184325
cars_common_days,US,mean,500,7060047060,0,34,0.35703468883504086,0.29732000434184325
cars_common_days,US,mean,505,7060047060,0,34,0.23766253545933935,0.29732000434184325
cars_common_days,US,mean,511,7060047060,0,34,0.08335690047648478,0.29732000434184325
cars_common_days,US,mean,522,7060047060,0,34,0.0714074460062018,0.29732000434184325
cars_common_days,US,mean,530,7060047060,0,34,0.24882530842092745,0.29732000434184325
cars_common_days,US,mean,533,7060047060,0,34,0.04986390739623532,0.29732000434184325
cars_common_days,US,mean,7313,7060047060,0,34,0.18751672464372046,0.29732000434184325
cars_common_days,US,mean,7318,7060047060,0,34,0.011479663444358702,0.29732000434184325
cars_common_days,US,mean,753,7060047060,0,34,0.15115842356726944,0.29732000434184325
cars_common_days,US,mean,870,7060047060,0,34,0.05710235177177171,0.29732000434184325
cars_common_days,US,mean,882,7060047060,0,34,0.07484653405621544,0.29732000434184325
cars_common_days,US,mean,884,7060047060,0,34,0.05938908895560968,0.29732000434184325
cars_common_days,US,mean,885,7060047060,0,34,0.06023055305811354,0.29732000434184325
cars_common_days,US,mean,895,7060047060,0,34,0.01200902548294359,0.29732000434184325
cars_common_days,US,mean,898,7060047060,0,34,0.4809622045609584,0.29732000434184325
cars_common_days,US,mean,920,7060047060,0,34,0.009702717289224134,0.29732000434184325
cars_common_days,US,mean,931,7060047060,0,34,1.2272655235377825,0.29732000434184325
cars_common_days,US,mean,938,7060047060,0,34,0.4008198477457581,0.29732000434184325
cars_common_days,US,mean,419,7060008710,1,103,0.4412423640534341,0.260146472602651
cars_common_days,US,mean,423,7060008710,1,103,0.26088848903149753,0.260146472602651
cars_common_days,US,mean,445,7060008710,1,103,0.2240630628268474,0.260146472602651
cars_common_days,US,mean,448,7060008710,1,103,0.22422282087727372,0.260146472602651
cars_common_days,US,mean,451,7060008710,1,103,0.2142445264803189,0.260146472602651
cars_common_days,US,mean,469,7060008710,1,103,0.4575206222839564,0.260146472602651
cars_common_days,US,mean,470,7060008710,1,103,0.3144868168959465,0.260146472602651
cars_common_days,US,mean,488,7060008710,1,103,0.2869836835447155,0.260146472602651
cars_common_days,US,mean,497,7060008710,1,103,0.24700568440186396,0.260146472602651
cars_common_days,US,mean,502,7060008710,1,103,0.30256003126516606,0.260146472602651
cars_common_days,US,mean,509,7060008710,1,103,0.0984713136044381,0.260146472602651
cars_common_days,US,mean,517,7060008710,1,103,0.34854533932283976,0.260146472602651
cars_common_days,US,mean,518,7060008710,1,103,0.5118660138126203,0.260146472602651
cars_common_days,US,mean,531,7060008710,1,103,0.1908529417750354,0.260146472602651
cars_common_days,US,mean,536,7060008710,1,103,0.2525329620883653,0.260146472602651
cars_common_days,US,mean,541,7060008710,1,103,0.3372827560408248,0.260146472602651
cars_common_days,US,mean,542,7060008710,1,103,0.018790976407496537,0.260146472602651
cars_common_days,US,mean,549,7060008710,1,103,0.16803622947745633,0.260146472602651
cars_common_days,US,mean,567,7060008710,1,103,0.6564016418499928,0.260146472602651
cars_common_days,US,mean,574,7060008710,1,103,0.3999103497763954,0.260146472602651
cars_common_days,US,mean,575,7060008710,1,103,0.34504417352417793,0.260146472602651
cars_common_days,US,mean,597,7060008710,1,103,0.5041937892767199,0.260146472602651
cars_common_days,US,mean,601,7060008710,1,103,0.39797903403268053,0.260146472602651
cars_common_days,US,mean,1249,7060048410,2,117,1.146030395254913,0.2675215047664715
cars_common_days,US,mean,132,7060013550,2,117,0.21952366134744375,0.2675215047664715
cars_common_days,US,mean,133,7060013550,2,117,0.07508525614888842,0.2675215047664715
cars_common_days,US,mean,148,7060013550,2,117,0.21914332427677308,0.2675215047664715
cars_common_days,US,mean,1776,7060043090,2,117,0.07073662060070428,0.2675215047664715
cars_common_days,US,mean,182,7060013550,2,117,0.18125669757095927,0.2675215047664715
cars_common_days,US,mean,191,7060013550,2,117,0.22339334971132496,0.2675215047664715
cars_common_days,US,mean,198,7060013550,2,117,0.30217312603610824,0.2675215047664715
cars_common_days,US,mean,204,7060013550,2,117,0.302356984905138,0.2675215047664715
cars_common_days,US,mean,524,7060073920,2,117,0.28382595219092877,0.2675215047664715
cars_common_days,US,mean,595,7060013550,2,117,0.10754748413925601,0.2675215047664715
cars_common_days,US,mean,600,7060013550,2,117,0.2938719808940723,0.2675215047664715
cars_common_days,US,mean,612,7060013550,2,117,0.10755643283182167,0.2675215047664715
cars_common_days,US,mean,1086,7060049270,3,106,1.0688678998294057,0.2605295211898577
cars_common_days,US,mean,131,7060014200,3,106,0.26990540349536646,0.2605295211898577
cars_common_days,US,mean,1761,7060042310,3,106,0.2584525568854163,0.2605295211898577
cars_common_days,US,mean,1879,7060043160,3,106,0.5783930765925849,0.2605295211898577
cars_common_days,US,mean,310,7060014930,3,106,0.060354342763489846,0.2605295211898577
cars_common_days,US,mean,316,7060014930,3,106,0.2220848054312484,0.2605295211898577
cars_common_days,US,mean,361,7060014930,3,106,0.10915912753187924,0.2605295211898577
cars_common_days,US,mean,372,7060014930,3,106,0.2956372568515194,0.2605295211898577
cars_common_days,US,mean,384,7060014930,3,106,0.3089996186116165,0.2605295211898577
cars_common_days,US,mean,386,7060014930,3,106,0.5798606847784573,0.2605295211898577
cars_common_days,US,mean,391,7060014930,3,106,0.11505799930795353,0.2605295211898577
cars_common_days,US,mean,41,7060016090,3,106,0.306323173566667,0.2605295211898577
cars_common_days,US,mean,413,7060014930,3,106,0.014774542733168885,0.2605295211898577
cars_common_days,US,mean,42,7060016090,3,106,0.3638269001899866,0.2605295211898577
cars_common_days,US,mean,55,7060014930,3,106,0.2791762601383966,0.2605295211898577
cars_common_days,US,mean,57,7060014930,3,106,0.34732171078527063,0.2605295211898577
cars_common_days,US,mean,60,7060014930,3,106,0.20260488753198175,0.2605295211898577
cars_common_days,US,mean,63,7060014930,3,106,0.2701039034820447,0.2605295211898577
cars_common_days,US,mean,114,7060014340,4,113,0.28862184849678424,0.26215772530095005
cars_common_days,US,mean,1151,7060047970,4,113,0.537804254533716,0.26215772530095005
cars_common_days,US,mean,1237,7060047970,4,113,0.6223175503941138,0.26215772530095005
cars_common_days,US,mean,169,7060013560,4,113,0.5336342757834684,0.26215772530095005
cars_common_days,US,mean,1851,7060043500,4,113,0.12401478318079034,0.26215772530095005
cars_common_days,US,mean,1883,7060043640,4,113,0.2508640568304451,0.26215772530095005
cars_common_days,US,mean,292,7060022240,4,113,0.4473047180643278,0.26215772530095005
cars_common_days,US,mean,442,7060073620,4,113,0.28572417151052776,0.26215772530095005
cars_common_days,US,mean,449,7060073620,4,113,0.4261070602587242,0.26215772530095005
cars_common_days,US,mean,456,7060073620,4,113,0.2608338584507702,0.26215772530095005
cars_common_days,US,mean,467,7060073620,4,113,0.5057106387210879,0.26215772530095005
cars_common_days,US,mean,477,7060073620,4,113,0.2618498475460717,0.26215772530095005
cars_common_days,US,mean,7308,7060043500,4,113,0.14571550714960219,0.26215772530095005
cars_common_days,US,persistence,1017,7060047060,0,34,0.3767102226800422,0.3063632691613325
cars_common_days,US,persistence,1026,7060047060,0,34,0.25625519090176824,0.25703940688098237
cars_common_days,US,persistence,1033,7060047060,0,34,0.3419889818378985,0.32473007300849493
cars_common_days,US,persistence,1036,7060047060,0,34,0.19946345325612022,0.19938486125213073
cars_common_days,US,persistence,1042,7060047060,0,34,0.3086252424534333,0.35479328489218975
cars_common_days,US,persistence,1067,7060047060,0,34,0.5997219898221158,0.5325281058862181
cars_common_days,US,persistence,1092,7060047060,0,34,0.5538951309363404,0.4770320849549008
cars_common_days,US,persistence,1101,7060047060,0,34,0.5738270609277156,0.45531807330083274
cars_common_days,US,persistence,1112,7060047060,0,34,0.45310297910342207,0.3423355702806719
cars_common_days,US,persistence,1121,7060047060,0,34,0.29573686102470564,0.22891617481856585
cars_common_days,US,persistence,1122,7060047060,0,34,0.4731408184743925,0.4134959440304958
cars_common_days,US,persistence,1125,7060047060,0,34,0.29573686102470564,0.22891617481856585
cars_common_days,US,persistence,1127,7060047060,0,34,0.5284249950190778,0.449194919462514
cars_common_days,US,persistence,1192,7060047060,0,34,0.15618192471142422,0.11184784992534776
cars_common_days,US,persistence,1586,7060047060,0,34,0.10090961354906708,0.13120551636747765
cars_common_days,US,persistence,1587,7060047060,0,34,0.2531868046723131,0.26044997089284855
cars_common_days,US,persistence,1592,7060047060,0,34,0.3257712611764545,0.20533204043906847
cars_common_days,US,persistence,1595,7060047060,0,34,0.0975405734842903,0.034448451071541854
cars_common_days,US,persistence,1600,7060047060,0,34,0.14883822083471565,0.1296463731670602
cars_common_days,US,persistence,1617,7060047060,0,34,0.24655818555606046,0.30126648846879994
cars_common_days,US,persistence,1619,7060047060,0,34,0.13258570862928937,0.224336952367026
cars_common_days,US,persistence,1620,7060047060,0,34,0.26035611659680125,0.28713513375009836
cars_common_days,US,persistence,1631,7060047060,0,34,0.11534823422923579,0.18235354768134857
cars_common_days,US,persistence,1634,7060047060,0,34,0.16133901010123658,0.13342711254633016
cars_common_days,US,persistence,1636,7060047060,0,34,0.34287818919919366,0.4339273037015403
cars_common_days,US,persistence,1645,7060047060,0,34,0.43703759577674123,0.40500646016277175
cars_common_days,US,persistence,1650,7060047060,0,34,0.15965303147579651,0.24082666624889182
cars_common_days,US,persistence,1654,7060047060,0,34,0.4218435553220695,0.41501930654162267
cars_common_days,US,persistence,1655,7060047060,0,34,0.2436515966980656,0.2431128891410848
cars_common_days,US,persistence,1656,7060047060,0,34,0.16921263797743122,0.13246232473135744
cars_common_days,US,persistence,1683,7060047060,0,34,0.3901169448841023,0.31684031954774916
cars_common_days,US,persistence,1691,7060047060,0,34,0.09177046402249689,0.14120576592605077
cars_common_days,US,persistence,1699,7060047060,0,34,0.08732681683988028,0.08263922639986948
cars_common_days,US,persistence,1703,7060047060,0,34,0.6719276083841421,0.5453170994179828
cars_common_days,US,persistence,1706,7060047060,0,34,0.13116253672690337,0.1265082835036676
cars_common_days,US,persistence,1707,7060047060,0,34,0.20443585548523327,0.24333477270961584
cars_common_days,US,persistence,1709,7060047060,0,34,0.07534219542091439,0.059102624824382145
cars_common_days,US,persistence,1712,7060047060,0,34,0.08799399959393037,0.11504577437621813
cars_common_days,US,persistence,1713,7060047060,0,34,0.17909900176350121,0.24864577484999348
cars_common_days,US,persistence,1714,7060047060,0,34,0.28978101331581735,0.3481205054128808
cars_common_days,US,persistence,1718,7060047060,0,34,0.394739557462232,0.4286073075539841
cars_common_days,US,persistence,1723,7060047060,0,34,0.1509453554029413,0.17007989942918406
cars_common_days,US,persistence,1726,7060047060,0,34,0.0900858278252727,0.10999321439423354
cars_common_days,US,persistence,1735,7060047060,0,34,0.05911435732527298,0.06798803949179327
cars_common_days,US,persistence,1739,7060047060,0,34,0.26952085731685316,0.27782016159336365
cars_common_days,US,persistence,1740,7060047060,0,34,0.1589239050565217,0.1319573906882313
cars_common_days,US,persistence,1741,7060047060,0,34,0.3146143807409897,0.2731652291826051
cars_common_days,US,persistence,1742,7060047060,0,34,0.07033425606058544,0.07143411596140253
cars_common_days,US,persistence,1744,7060047060,0,34,0.21324280186253824,0.1851406018086097
cars_common_days,US,persistence,1752,7060047060,0,34,0.02740686979651305,0.03535049366965698
cars_common_days,US,persistence,1753,7060047060,0,34,0.03384360187055937,0.11562318353919038
cars_common_days,US,persistence,1755,7060047060,0,34,0.5328497903478746,0.44655062100773546
cars_common_days,US,persistence,1768,7060047060,0,34,0.010814949128347994,0.015563879488268234
cars_common_days,US,persistence,1777,7060047060,0,34,0.28775505039287586,0.2806424029956464
cars_common_days,US,persistence,1848,7060047060,0,34,0.4800253185821163,0.49658658164455693
cars_common_days,US,persistence,1864,7060047060,0,34,0.5318920034094353,0.5031150877157544
cars_common_days,US,persistence,1869,7060047060,0,34,0.6181993694029078,0.6560245547725599
cars_common_days,US,persistence,307,7060047060,0,34,0.134978539697019,0.15199896504099472
cars_common_days,US,persistence,319,7060047060,0,34,0.23720243735094437,0.25446752643635245
cars_common_days,US,persistence,355,7060047060,0,34,0.12272469188767607,0.15163693108827428
cars_common_days,US,persistence,362,7060047060,0,34,0.3864645066597572,0.6834958479568398
cars_common_days,US,persistence,364,7060047060,0,34,0.16167768783006337,0.13837744774689292
cars_common_days,US,persistence,368,7060047060,0,34,0.41229477665358616,0.39412058201942224
cars_common_days,US,persistence,373,7060047060,0,34,0.37544518353202505,0.4735090296364678
cars_common_days,US,persistence,393,7060047060,0,34,0.22349104042854842,0.23145213098747397
cars_common_days,US,persistence,398,7060047060,0,34,0.2624652961125885,0.2264539792881365
cars_common_days,US,persistence,415,7060047060,0,34,0.07439807135004639,0.07504639719742881
cars_common_days,US,persistence,416,7060047060,0,34,0.18256724140525943,0.15424140646912998
cars_common_days,US,persistence,421,7060047060,0,34,0.2531768818393909,0.4031860087015565
cars_common_days,US,persistence,500,7060047060,0,34,0.35703468883504086,0.38840866636993215
cars_common_days,US,persistence,505,7060047060,0,34,0.23766253545933935,0.2110682471302652
cars_common_days,US,persistence,511,7060047060,0,34,0.08335690047648478,0.11784424923188341
cars_common_days,US,persistence,522,7060047060,0,34,0.0714074460062018,0.11737136460727593
cars_common_days,US,persistence,530,7060047060,0,34,0.24882530842092745,0.22267387259007465
cars_common_days,US,persistence,533,7060047060,0,34,0.04986390739623532,0.07200049974404547
cars_common_days,US,persistence,7313,7060047060,0,34,0.18751672464372046,0.20520852725963823
cars_common_days,US,persistence,7318,7060047060,0,34,0.011479663444358702,0.009986295583044242
cars_common_days,US,persistence,753,7060047060,0,34,0.15115842356726944,0.24120280542180636
cars_common_days,US,persistence,870,7060047060,0,34,0.05710235177177171,0.19086680616031015
cars_common_days,US,persistence,882,7060047060,0,34,0.07484653405621544,0.11837662717666889
cars_common_days,US,persistence,884,7060047060,0,34,0.05938908895560968,0.05603047618211981
cars_common_days,US,persistence,885,7060047060,0,34,0.06023055305811354,0.15774089325436041
cars_common_days,US,persistence,895,7060047060,0,34,0.01200902548294359,0.016954826822974316
cars_common_days,US,persistence,898,7060047060,0,34,0.4809622045609584,0.7817923079816201
cars_common_days,US,persistence,920,7060047060,0,34,0.009702717289224134,0.04641114759935739
cars_common_days,US,persistence,931,7060047060,0,34,1.2272655235377825,0.9465393297640908
cars_common_days,US,persistence,938,7060047060,0,34,0.4008198477457581,0.8220257869878544
cars_common_days,US,persistence,419,7060008710,1,103,0.4412423640534341,0.501519324851601
cars_common_days,US,persistence,423,7060008710,1,103,0.26088848903149753,0.3281289426471836
cars_common_days,US,persistence,445,7060008710,1,103,0.2240630628268474,0.2576706465526396
cars_common_days,US,persistence,448,7060008710,1,103,0.22422282087727372,0.23254412222438334
cars_common_days,US,persistence,451,7060008710,1,103,0.2142445264803189,0.12980383284356745
cars_common_days,US,persistence,469,7060008710,1,103,0.4575206222839564,0.4171734871023463
cars_common_days,US,persistence,470,7060008710,1,103,0.3144868168959465,0.2970471909518309
cars_common_days,US,persistence,488,7060008710,1,103,0.2869836835447155,0.39715059942011977
cars_common_days,US,persistence,497,7060008710,1,103,0.24700568440186396,0.3442125035629527
cars_common_days,US,persistence,502,7060008710,1,103,0.30256003126516606,0.22770196203868248
cars_common_days,US,persistence,509,7060008710,1,103,0.0984713136044381,0.22553041732542
cars_common_days,US,persistence,517,7060008710,1,103,0.34854533932283976,0.3755875223417882
cars_common_days,US,persistence,518,7060008710,1,103,0.5118660138126203,0.5188361143446987
cars_common_days,US,persistence,531,7060008710,1,103,0.1908529417750354,0.24458461182959457
cars_common_days,US,persistence,536,7060008710,1,103,0.2525329620883653,0.24404898092880997
cars_common_days,US,persistence,541,7060008710,1,103,0.3372827560408248,0.36800955082426423
cars_common_days,US,persistence,542,7060008710,1,103,0.018790976407496537,0.04310319768810994
cars_common_days,US,persistence,549,7060008710,1,103,0.16803622947745633,0.1261988311374702
cars_common_days,US,persistence,567,7060008710,1,103,0.6564016418499928,0.5647238804793564
cars_common_days,US,persistence,574,7060008710,1,103,0.3999103497763954,0.4505253289251816
cars_common_days,US,persistence,575,7060008710,1,103,0.34504417352417793,0.45206584220205537
cars_common_days,US,persistence,597,7060008710,1,103,0.5041937892767199,0.4783413138687872
cars_common_days,US,persistence,601,7060008710,1,103,0.39797903403268053,0.34680601851581017
cars_common_days,US,persistence,1249,7060048410,2,117,1.146030395254913,0.8239127479792422
cars_common_days,US,persistence,132,7060013550,2,117,0.21952366134744375,0.1507691689569759
cars_common_days,US,persistence,133,7060013550,2,117,0.07508525614888842,0.038847166181686196
cars_common_days,US,persistence,148,7060013550,2,117,0.21914332427677308,0.17811631197547745
cars_common_days,US,persistence,1776,7060043090,2,117,0.07073662060070428,0.03780501370296484
cars_common_days,US,persistence,182,7060013550,2,117,0.18125669757095927,0.18777517490341292
cars_common_days,US,persistence,191,7060013550,2,117,0.22339334971132496,0.3079700218439936
cars_common_days,US,persistence,198,7060013550,2,117,0.30217312603610824,0.3546303679400641
cars_common_days,US,persistence,204,7060013550,2,117,0.302356984905138,0.3648291646411629
cars_common_days,US,persistence,524,7060073920,2,117,0.28382595219092877,0.6078183713614831
cars_common_days,US,persistence,595,7060013550,2,117,0.10754748413925601,0.1989199967750961
cars_common_days,US,persistence,600,7060013550,2,117,0.2938719808940723,0.2888848882760087
cars_common_days,US,persistence,612,7060013550,2,117,0.10755643283182167,0.1473004979784796
cars_common_days,US,persistence,1086,7060049270,3,106,1.0688678998294057,0.886849700889463
cars_common_days,US,persistence,131,7060014200,3,106,0.26990540349536646,0.24660276588144275
cars_common_days,US,persistence,1761,7060042310,3,106,0.2584525568854163,0.208087485644883
cars_common_days,US,persistence,1879,7060043160,3,106,0.5783930765925849,0.568472704610886
cars_common_days,US,persistence,310,7060014930,3,106,0.060354342763489846,0.05871740866891358
cars_common_days,US,persistence,316,7060014930,3,106,0.2220848054312484,0.23929690396615416
cars_common_days,US,persistence,361,7060014930,3,106,0.10915912753187924,0.11938009698617279
cars_common_days,US,persistence,372,7060014930,3,106,0.2956372568515194,0.3188079303583691
cars_common_days,US,persistence,384,7060014930,3,106,0.3089996186116165,0.2870656200709431
cars_common_days,US,persistence,386,7060014930,3,106,0.5798606847784573,0.540929670861958
cars_common_days,US,persistence,391,7060014930,3,106,0.11505799930795353,0.13979539074175035
cars_common_days,US,persistence,41,7060016090,3,106,0.306323173566667,0.2799836461082167
cars_common_days,US,persistence,413,7060014930,3,106,0.014774542733168885,0.02591913353407482
cars_common_days,US,persistence,42,7060016090,3,106,0.3638269001899866,0.33794968808086145
cars_common_days,US,persistence,55,7060014930,3,106,0.2791762601383966,0.2907503018645895
cars_common_days,US,persistence,57,7060014930,3,106,0.34732171078527063,0.3920447207419912
cars_common_days,US,persistence,60,7060014930,3,106,0.20260488753198175,0.26513391957387267
cars_common_days,US,persistence,63,7060014930,3,106,0.2701039034820447,0.3599866442466242
cars_common_days,US,persistence,114,7060014340,4,113,0.28862184849678424,0.42805328310807
cars_common_days,US,persistence,1151,7060047970,4,113,0.537804254533716,0.36127600247276914
cars_common_days,US,persistence,1237,7060047970,4,113,0.6223175503941138,0.5113976516533948
cars_common_days,US,persistence,169,7060013560,4,113,0.5336342757834684,0.6184704438686981
cars_common_days,US,persistence,1851,7060043500,4,113,0.12401478318079034,0.16768383869125034
cars_common_days,US,persistence,1883,7060043640,4,113,0.2508640568304451,0.22284904887747153
cars_common_days,US,persistence,292,7060022240,4,113,0.4473047180643278,0.4199217613014291
cars_common_days,US,persistence,442,7060073620,4,113,0.28572417151052776,0.28766378381891133
cars_common_days,US,persistence,449,7060073620,4,113,0.4261070602587242,0.5112022669908878
cars_common_days,US,persistence,456,7060073620,4,113,0.2608338584507702,0.22925734658422167
cars_common_days,US,persistence,467,7060073620,4,113,0.5057106387210879,0.44595361602431366
cars_common_days,US,persistence,477,7060073620,4,113,0.2618498475460717,0.31265026521862227
cars_common_days,US,persistence,7308,7060043500,4,113,0.14571550714960219,0.10999399146181904
cars_common_days,US,ridge,1017,7060047060,0,34,0.3767102226800422,0.3653341285450094
cars_common_days,US,ridge,1026,7060047060,0,34,0.25625519090176824,0.3216101409085515
cars_common_days,US,ridge,1033,7060047060,0,34,0.3419889818378985,0.39353249333960566
cars_common_days,US,ridge,1036,7060047060,0,34,0.19946345325612022,0.26985178215480216
cars_common_days,US,ridge,1042,7060047060,0,34,0.3086252424534333,0.3804879607526767
cars_common_days,US,ridge,1067,7060047060,0,34,0.5997219898221158,0.5023194863998601
cars_common_days,US,ridge,1092,7060047060,0,34,0.5538951309363404,0.4810738435580425
cars_common_days,US,ridge,1101,7060047060,0,34,0.5738270609277156,0.40330023490369415
cars_common_days,US,ridge,1112,7060047060,0,34,0.45310297910342207,0.36325161204945156
cars_common_days,US,ridge,1121,7060047060,0,34,0.29573686102470564,0.2928526123081257
cars_common_days,US,ridge,1122,7060047060,0,34,0.4731408184743925,0.4260123965784875
cars_common_days,US,ridge,1125,7060047060,0,34,0.29573686102470564,0.2928526123081257
cars_common_days,US,ridge,1127,7060047060,0,34,0.5284249950190778,0.4570324882332355
cars_common_days,US,ridge,1192,7060047060,0,34,0.15618192471142422,0.18587604552973278
cars_common_days,US,ridge,1586,7060047060,0,34,0.10090961354906708,0.26441510534611007
cars_common_days,US,ridge,1587,7060047060,0,34,0.2531868046723131,0.32154093573708836
cars_common_days,US,ridge,1592,7060047060,0,34,0.3257712611764545,0.2933956238785837
cars_common_days,US,ridge,1595,7060047060,0,34,0.0975405734842903,0.1778750299347713
cars_common_days,US,ridge,1600,7060047060,0,34,0.14883822083471565,0.24441718313274896
cars_common_days,US,ridge,1617,7060047060,0,34,0.24655818555606046,0.32081259875540946
cars_common_days,US,ridge,1619,7060047060,0,34,0.13258570862928937,0.2788483211642966
cars_common_days,US,ridge,1620,7060047060,0,34,0.26035611659680125,0.2882688656888703
cars_common_days,US,ridge,1631,7060047060,0,34,0.11534823422923579,0.2796858519447824
cars_common_days,US,ridge,1634,7060047060,0,34,0.16133901010123658,0.232471419961819
cars_common_days,US,ridge,1636,7060047060,0,34,0.34287818919919366,0.3947201830078442
cars_common_days,US,ridge,1645,7060047060,0,34,0.43703759577674123,0.41215711837891
cars_common_days,US,ridge,1650,7060047060,0,34,0.15965303147579651,0.31336527591405133
cars_common_days,US,ridge,1654,7060047060,0,34,0.4218435553220695,0.4023567522901859
cars_common_days,US,ridge,1655,7060047060,0,34,0.2436515966980656,0.3213739846781108
cars_common_days,US,ridge,1656,7060047060,0,34,0.16921263797743122,0.24205003222266266
cars_common_days,US,ridge,1683,7060047060,0,34,0.3901169448841023,0.37244901144043807
cars_common_days,US,ridge,1691,7060047060,0,34,0.09177046402249689,0.2401306493469727
cars_common_days,US,ridge,1699,7060047060,0,34,0.08732681683988028,0.19217110463949627
cars_common_days,US,ridge,1703,7060047060,0,34,0.6719276083841421,0.4841431904144071
cars_common_days,US,ridge,1706,7060047060,0,34,0.13116253672690337,0.22817371421346982
cars_common_days,US,ridge,1707,7060047060,0,34,0.20443585548523327,0.33146867084065323
cars_common_days,US,ridge,1709,7060047060,0,34,0.07534219542091439,0.18083793217019767
cars_common_days,US,ridge,1712,7060047060,0,34,0.08799399959393037,0.2512660745275325
cars_common_days,US,ridge,1713,7060047060,0,34,0.17909900176350121,0.31633686947985795
cars_common_days,US,ridge,1714,7060047060,0,34,0.28978101331581735,0.3434442447961608
cars_common_days,US,ridge,1718,7060047060,0,34,0.394739557462232,0.4193732640711047
cars_common_days,US,ridge,1723,7060047060,0,34,0.1509453554029413,0.26458360023636235
cars_common_days,US,ridge,1726,7060047060,0,34,0.0900858278252727,0.23966016286413405
cars_common_days,US,ridge,1735,7060047060,0,34,0.05911435732527298,0.20740560899483393
cars_common_days,US,ridge,1739,7060047060,0,34,0.26952085731685316,0.3345193091041407
cars_common_days,US,ridge,1740,7060047060,0,34,0.1589239050565217,0.2314633661920999
cars_common_days,US,ridge,1741,7060047060,0,34,0.3146143807409897,0.325502356853664
cars_common_days,US,ridge,1742,7060047060,0,34,0.07033425606058544,0.20419592449349577
cars_common_days,US,ridge,1744,7060047060,0,34,0.21324280186253824,0.27877312769484236
cars_common_days,US,ridge,1752,7060047060,0,34,0.02740686979651305,0.1395602379148527
cars_common_days,US,ridge,1753,7060047060,0,34,0.03384360187055937,0.19791337098137984
cars_common_days,US,ridge,1755,7060047060,0,34,0.5328497903478746,0.4011159063744788
cars_common_days,US,ridge,1768,7060047060,0,34,0.010814949128347994,0.13756497727928554
cars_common_days,US,ridge,1777,7060047060,0,34,0.28775505039287586,0.32507575814710715
cars_common_days,US,ridge,1848,7060047060,0,34,0.4800253185821163,0.4012365753290282
cars_common_days,US,ridge,1864,7060047060,0,34,0.5318920034094353,0.4006867238063176
cars_common_days,US,ridge,1869,7060047060,0,34,0.6181993694029078,0.49789358643148696
cars_common_days,US,ridge,307,7060047060,0,34,0.134978539697019,0.20213188032489204
cars_common_days,US,ridge,319,7060047060,0,34,0.23720243735094437,0.322708769068735
cars_common_days,US,ridge,355,7060047060,0,34,0.12272469188767607,0.22897012549439627
cars_common_days,US,ridge,362,7060047060,0,34,0.3864645066597572,0.4606835876278156
cars_common_days,US,ridge,364,7060047060,0,34,0.16167768783006337,0.18891987291840923
cars_common_days,US,ridge,368,7060047060,0,34,0.41229477665358616,0.409741177170774
cars_common_days,US,ridge,373,7060047060,0,34,0.37544518353202505,0.44654415022846616
cars_common_days,US,ridge,393,7060047060,0,34,0.22349104042854842,0.28776277414073176
cars_common_days,US,ridge,398,7060047060,0,34,0.2624652961125885,0.3145996881226591
cars_common_days,US,ridge,415,7060047060,0,34,0.07439807135004639,0.1656727050223415
cars_common_days,US,ridge,416,7060047060,0,34,0.18256724140525943,0.21126397433549243
cars_common_days,US,ridge,421,7060047060,0,34,0.2531768818393909,0.40433358209417214
cars_common_days,US,ridge,500,7060047060,0,34,0.35703468883504086,0.38359178878312017
cars_common_days,US,ridge,505,7060047060,0,34,0.23766253545933935,0.24238031253607356
cars_common_days,US,ridge,511,7060047060,0,34,0.08335690047648478,0.26737626498795736
cars_common_days,US,ridge,522,7060047060,0,34,0.0714074460062018,0.19729597235462273
cars_common_days,US,ridge,530,7060047060,0,34,0.24882530842092745,0.24643986573168492
cars_common_days,US,ridge,533,7060047060,0,34,0.04986390739623532,0.16368358612947193
cars_common_days,US,ridge,7313,7060047060,0,34,0.18751672464372046,0.24182710949816597
cars_common_days,US,ridge,7318,7060047060,0,34,0.011479663444358702,0.1315852305868351
cars_common_days,US,ridge,753,7060047060,0,34,0.15115842356726944,0.2430691979298017
cars_common_days,US,ridge,870,7060047060,0,34,0.05710235177177171,0.20448728648995654
cars_common_days,US,ridge,882,7060047060,0,34,0.07484653405621544,0.18822695878350293
cars_common_days,US,ridge,884,7060047060,0,34,0.05938908895560968,0.1266258921350794
cars_common_days,US,ridge,885,7060047060,0,34,0.06023055305811354,0.18220452941980403
cars_common_days,US,ridge,895,7060047060,0,34,0.01200902548294359,0.10716717838448309
cars_common_days,US,ridge,898,7060047060,0,34,0.4809622045609584,0.513879497389078
cars_common_days,US,ridge,920,7060047060,0,34,0.009702717289224134,0.13469614574760608
cars_common_days,US,ridge,931,7060047060,0,34,1.2272655235377825,0.5856423728973503
cars_common_days,US,ridge,938,7060047060,0,34,0.4008198477457581,0.6042694777153014
cars_common_days,US,ridge,419,7060008710,1,103,0.4412423640534341,0.4388718125688007
cars_common_days,US,ridge,423,7060008710,1,103,0.26088848903149753,0.28512868544686054
cars_common_days,US,ridge,445,7060008710,1,103,0.2240630628268474,0.30328724998122797
cars_common_days,US,ridge,448,7060008710,1,103,0.22422282087727372,0.2868500412209922
cars_common_days,US,ridge,451,7060008710,1,103,0.2142445264803189,0.12370176151812548
cars_common_days,US,ridge,469,7060008710,1,103,0.4575206222839564,0.39717140411009066
cars_common_days,US,ridge,470,7060008710,1,103,0.3144868168959465,0.3679125872521274
cars_common_days,US,ridge,488,7060008710,1,103,0.2869836835447155,0.2988378784074729
cars_common_days,US,ridge,497,7060008710,1,103,0.24700568440186396,0.32578961343731555
cars_common_days,US,ridge,502,7060008710,1,103,0.30256003126516606,0.2195074550847979
cars_common_days,US,ridge,509,7060008710,1,103,0.0984713136044381,0.2646434675370367
cars_common_days,US,ridge,517,7060008710,1,103,0.34854533932283976,0.33410984140331645
cars_common_days,US,ridge,518,7060008710,1,103,0.5118660138126203,0.46547101091314047
cars_common_days,US,ridge,531,7060008710,1,103,0.1908529417750354,0.2910356287617409
cars_common_days,US,ridge,536,7060008710,1,103,0.2525329620883653,0.23544643205425236
cars_common_days,US,ridge,541,7060008710,1,103,0.3372827560408248,0.3142902907261756
cars_common_days,US,ridge,542,7060008710,1,103,0.018790976407496537,0.05632754409468707
cars_common_days,US,ridge,549,7060008710,1,103,0.16803622947745633,0.1494784509427058
cars_common_days,US,ridge,567,7060008710,1,103,0.6564016418499928,0.5273325961736246
cars_common_days,US,ridge,574,7060008710,1,103,0.3999103497763954,0.41825898794776717
cars_common_days,US,ridge,575,7060008710,1,103,0.34504417352417793,0.38663883217401596
cars_common_days,US,ridge,597,7060008710,1,103,0.5041937892767199,0.3596028399215873
cars_common_days,US,ridge,601,7060008710,1,103,0.39797903403268053,0.30593213770445343
cars_common_days,US,ridge,1249,7060048410,2,117,1.146030395254913,0.8361043614890302
cars_common_days,US,ridge,132,7060013550,2,117,0.21952366134744375,0.15682000804491436
cars_common_days,US,ridge,133,7060013550,2,117,0.07508525614888842,0.07542909071051862
cars_common_days,US,ridge,148,7060013550,2,117,0.21914332427677308,0.17899064877597753
cars_common_days,US,ridge,1776,7060043090,2,117,0.07073662060070428,0.08114225512103493
cars_common_days,US,ridge,182,7060013550,2,117,0.18125669757095927,0.18743881539020413
cars_common_days,US,ridge,191,7060013550,2,117,0.22339334971132496,0.26754723066129604
cars_common_days,US,ridge,198,7060013550,2,117,0.30217312603610824,0.28257403297996275
cars_common_days,US,ridge,204,7060013550,2,117,0.302356984905138,0.311915333157031
cars_common_days,US,ridge,524,7060073920,2,117,0.28382595219092877,0.5513162517238225
cars_common_days,US,ridge,595,7060013550,2,117,0.10754748413925601,0.18753344857862958
cars_common_days,US,ridge,600,7060013550,2,117,0.2938719808940723,0.2850132508074893
cars_common_days,US,ridge,612,7060013550,2,117,0.10755643283182167,0.20505032670576429
cars_common_days,US,ridge,1086,7060049270,3,106,1.0688678998294057,0.6689286858151987
cars_common_days,US,ridge,131,7060014200,3,106,0.26990540349536646,0.238330690036175
cars_common_days,US,ridge,1761,7060042310,3,106,0.2584525568854163,0.20029282887571714
cars_common_days,US,ridge,1879,7060043160,3,106,0.5783930765925849,0.4061981113701987
cars_common_days,US,ridge,310,7060014930,3,106,0.060354342763489846,0.05631403440557656
cars_common_days,US,ridge,316,7060014930,3,106,0.2220848054312484,0.2133091836878835
cars_common_days,US,ridge,361,7060014930,3,106,0.10915912753187924,0.15296896125150744
cars_common_days,US,ridge,372,7060014930,3,106,0.2956372568515194,0.33423782565697524
cars_common_days,US,ridge,384,7060014930,3,106,0.3089996186116165,0.29280347853840605
cars_common_days,US,ridge,386,7060014930,3,106,0.5798606847784573,0.4929593565225076
cars_common_days,US,ridge,391,7060014930,3,106,0.11505799930795353,0.15675847394757444
cars_common_days,US,ridge,41,7060016090,3,106,0.306323173566667,0.24406364131339986
cars_common_days,US,ridge,413,7060014930,3,106,0.014774542733168885,0.07924822201353685
cars_common_days,US,ridge,42,7060016090,3,106,0.3638269001899866,0.2733641482955254
cars_common_days,US,ridge,55,7060014930,3,106,0.2791762601383966,0.2536668400990809
cars_common_days,US,ridge,57,7060014930,3,106,0.34732171078527063,0.32153629243167703
cars_common_days,US,ridge,60,7060014930,3,106,0.20260488753198175,0.24005695745094763
cars_common_days,US,ridge,63,7060014930,3,106,0.2701039034820447,0.28634813144025895
cars_common_days,US,ridge,114,7060014340,4,113,0.28862184849678424,0.3682735118794791
cars_common_days,US,ridge,1151,7060047970,4,113,0.537804254533716,0.49084306026152336
cars_common_days,US,ridge,1237,7060047970,4,113,0.6223175503941138,0.48126592599897433
cars_common_days,US,ridge,169,7060013560,4,113,0.5336342757834684,0.5153584835447831
cars_common_days,US,ridge,1851,7060043500,4,113,0.12401478318079034,0.1540308246198363
cars_common_days,US,ridge,1883,7060043640,4,113,0.2508640568304451,0.21556105644463505
cars_common_days,US,ridge,292,7060022240,4,113,0.4473047180643278,0.31913191436382193
cars_common_days,US,ridge,442,7060073620,4,113,0.28572417151052776,0.2714821842291061
cars_common_days,US,ridge,449,7060073620,4,113,0.4261070602587242,0.33659086158671286
cars_common_days,US,ridge,456,7060073620,4,113,0.2608338584507702,0.21190561943263053
cars_common_days,US,ridge,467,7060073620,4,113,0.5057106387210879,0.4072269446159563
cars_common_days,US,ridge,477,7060073620,4,113,0.2618498475460717,0.23797898572756326
cars_common_days,US,ridge,7308,7060043500,4,113,0.14571550714960219,0.0955568783681926
cars_common_days,US,rf,1017,7060047060,0,34,0.3767102226800422,0.3378197989444707
cars_common_days,US,rf,1026,7060047060,0,34,0.25625519090176824,0.3131180319205553
cars_common_days,US,rf,1033,7060047060,0,34,0.3419889818378985,0.34603763573067853
cars_common_days,US,rf,1036,7060047060,0,34,0.19946345325612022,0.2672035336076528
cars_common_days,US,rf,1042,7060047060,0,34,0.3086252424534333,0.3619199142138159
cars_common_days,US,rf,1067,7060047060,0,34,0.5997219898221158,0.36896235739058325
cars_common_days,US,rf,1092,7060047060,0,34,0.5538951309363404,0.3683623055796034
cars_common_days,US,rf,1101,7060047060,0,34,0.5738270609277156,0.33943782268593947
cars_common_days,US,rf,1112,7060047060,0,34,0.45310297910342207,0.35849586774448766
cars_common_days,US,rf,1121,7060047060,0,34,0.29573686102470564,0.28504243163585236
cars_common_days,US,rf,1122,7060047060,0,34,0.4731408184743925,0.35828818322590306
cars_common_days,US,rf,1125,7060047060,0,34,0.29573686102470564,0.28504243163585236
cars_common_days,US,rf,1127,7060047060,0,34,0.5284249950190778,0.36418704485612047
cars_common_days,US,rf,1192,7060047060,0,34,0.15618192471142422,0.20790673549321212
cars_common_days,US,rf,1586,7060047060,0,34,0.10090961354906708,0.2306122861902312
cars_common_days,US,rf,1587,7060047060,0,34,0.2531868046723131,0.31352183879242784
cars_common_days,US,rf,1592,7060047060,0,34,0.3257712611764545,0.2754573728101997
cars_common_days,US,rf,1595,7060047060,0,34,0.0975405734842903,0.22789512153421412
cars_common_days,US,rf,1600,7060047060,0,34,0.14883822083471565,0.23320166909312698
cars_common_days,US,rf,1617,7060047060,0,34,0.24655818555606046,0.3362605287167601
cars_common_days,US,rf,1619,7060047060,0,34,0.13258570862928937,0.2797907413974162
cars_common_days,US,rf,1620,7060047060,0,34,0.26035611659680125,0.3266430349000111
cars_common_days,US,rf,1631,7060047060,0,34,0.11534823422923579,0.25531211216627836
cars_common_days,US,rf,1634,7060047060,0,34,0.16133901010123658,0.2306122861902312
cars_common_days,US,rf,1636,7060047060,0,34,0.34287818919919366,0.3377091425737894
cars_common_days,US,rf,1645,7060047060,0,34,0.43703759577674123,0.3574308609475095
cars_common_days,US,rf,1650,7060047060,0,34,0.15965303147579651,0.2987088606841337
cars_common_days,US,rf,1654,7060047060,0,34,0.4218435553220695,0.35828818322590306
cars_common_days,US,rf,1655,7060047060,0,34,0.2436515966980656,0.30623224247639025
cars_common_days,US,rf,1656,7060047060,0,34,0.16921263797743122,0.23043805850965376
cars_common_days,US,rf,1683,7060047060,0,34,0.3901169448841023,0.3337267555927264
cars_common_days,US,rf,1691,7060047060,0,34,0.09177046402249689,0.22865643781784015
cars_common_days,US,rf,1699,7060047060,0,34,0.08732681683988028,0.22748476928088315
cars_common_days,US,rf,1703,7060047060,0,34,0.6719276083841421,0.36332972257772683
cars_common_days,US,rf,1706,7060047060,0,34,0.13116253672690337,0.22973122779239355
cars_common_days,US,rf,1707,7060047060,0,34,0.20443585548523327,0.2982714921020102
cars_common_days,US,rf,1709,7060047060,0,34,0.07534219542091439,0.22748476928088315
cars_common_days,US,rf,1712,7060047060,0,34,0.08799399959393037,0.22973122779239355
cars_common_days,US,rf,1713,7060047060,0,34,0.17909900176350121,0.2792253311674325
cars_common_days,US,rf,1714,7060047060,0,34,0.28978101331581735,0.3319764236714334
cars_common_days,US,rf,1718,7060047060,0,34,0.394739557462232,0.3574308609475095
cars_common_days,US,rf,1723,7060047060,0,34,0.1509453554029413,0.24045374050046328
cars_common_days,US,rf,1726,7060047060,0,34,0.0900858278252727,0.22865643781784015
cars_common_days,US,rf,1735,7060047060,0,34,0.05911435732527298,0.23124378181563712
cars_common_days,US,rf,1739,7060047060,0,34,0.26952085731685316,0.3118985871819684
cars_common_days,US,rf,1740,7060047060,0,34,0.1589239050565217,0.2306122861902312
cars_common_days,US,rf,1741,7060047060,0,34,0.3146143807409897,0.3336958543301201
cars_common_days,US,rf,1742,7060047060,0,34,0.07033425606058544,0.20968478611960678
cars_common_days,US,rf,1744,7060047060,0,34,0.21324280186253824,0.22967315996331153
cars_common_days,US,rf,1752,7060047060,0,34,0.02740686979651305,0.20198318600998263
cars_common_days,US,rf,1753,7060047060,0,34,0.03384360187055937,0.2018089583294052
cars_common_days,US,rf,1755,7060047060,0,34,0.5328497903478746,0.3597847633163053
cars_common_days,US,rf,1768,7060047060,0,34,0.010814949128347994,0.20472821055615142
cars_common_days,US,rf,1777,7060047060,0,34,0.28775505039287586,0.3128178586569864
cars_common_days,US,rf,1848,7060047060,0,34,0.4800253185821163,0.33992432632788466
cars_common_days,US,rf,1864,7060047060,0,34,0.5318920034094353,0.3400131364762637
cars_common_days,US,rf,1869,7060047060,0,34,0.6181993694029078,0.33564999340409835
cars_common_days,US,rf,307,7060047060,0,34,0.134978539697019,0.223542181706013
cars_common_days,US,rf,319,7060047060,0,34,0.23720243735094437,0.3291112398390842
cars_common_days,US,rf,355,7060047060,0,34,0.12272469188767607,0.22256223071945222
cars_common_days,US,rf,362,7060047060,0,34,0.3864645066597572,0.35067506303870055
cars_common_days,US,rf,364,7060047060,0,34,0.16167768783006337,0.22256223071945222
cars_common_days,US,rf,368,7060047060,0,34,0.41229477665358616,0.3796882289715255
cars_common_days,US,rf,373,7060047060,0,34,0.37544518353202505,0.37537668487177034
cars_common_days,US,rf,393,7060047060,0,34,0.22349104042854842,0.3012734805936737
cars_common_days,US,rf,398,7060047060,0,34,0.2624652961125885,0.29455641984980596
cars_common_days,US,rf,415,7060047060,0,34,0.07439807135004639,0.2321344277057989
cars_common_days,US,rf,416,7060047060,0,34,0.18256724140525943,0.2235241271363524
cars_common_days,US,rf,421,7060047060,0,34,0.2531768818393909,0.37429185680955895
cars_common_days,US,rf,500,7060047060,0,34,0.35703468883504086,0.37537668487177034
cars_common_days,US,rf,505,7060047060,0,34,0.23766253545933935,0.26712470482343015
cars_common_days,US,rf,511,7060047060,0,34,0.08335690047648478,0.24853573390873776
cars_common_days,US,rf,522,7060047060,0,34,0.0714074460062018,0.2235241271363524
cars_common_days,US,rf,530,7060047060,0,34,0.24882530842092745,0.2835458569613095
cars_common_days,US,rf,533,7060047060,0,34,0.04986390739623532,0.22273645840002965
cars_common_days,US,rf,7313,7060047060,0,34,0.18751672464372046,0.26712470482343015
cars_common_days,US,rf,7318,7060047060,0,34,0.011479663444358702,0.2207806100276386
cars_common_days,US,rf,753,7060047060,0,34,0.15115842356726944,0.29071649603848937
cars_common_days,US,rf,870,7060047060,0,34,0.05710235177177171,0.2525311791475479
cars_common_days,US,rf,882,7060047060,0,34,0.07484653405621544,0.204553982875574
cars_common_days,US,rf,884,7060047060,0,34,0.05938908895560968,0.20099371406468372
cars_common_days,US,rf,885,7060047060,0,34,0.06023055305811354,0.2006071314381078
cars_common_days,US,rf,895,7060047060,0,34,0.01200902548294359,0.20078135911868522
cars_common_days,US,rf,898,7060047060,0,34,0.4809622045609584,0.3514807863446838
cars_common_days,US,rf,920,7060047060,0,34,0.009702717289224134,0.20189373694484075
cars_common_days,US,rf,931,7060047060,0,34,1.2272655235377825,0.3564278151974786
cars_common_days,US,rf,938,7060047060,0,34,0.4008198477457581,0.3598815752682092
cars_common_days,US,rf,419,7060008710,1,103,0.4412423640534341,0.4373432476330722
cars_common_days,US,rf,423,7060008710,1,103,0.26088848903149753,0.35042387588565893
cars_common_days,US,rf,445,7060008710,1,103,0.2240630628268474,0.2530331396972939
cars_common_days,US,rf,448,7060008710,1,103,0.22422282087727372,0.23939583729197572
cars_common_days,US,rf,451,7060008710,1,103,0.2142445264803189,0.1374109231794206
cars_common_days,US,rf,469,7060008710,1,103,0.4575206222839564,0.3935215786089497
cars_common_days,US,rf,470,7060008710,1,103,0.3144868168959465,0.29930203016588863
cars_common_days,US,rf,488,7060008710,1,103,0.2869836835447155,0.34716445499034265
cars_common_days,US,rf,497,7060008710,1,103,0.24700568440186396,0.35852708470345773
cars_common_days,US,rf,502,7060008710,1,103,0.30256003126516606,0.23489280889404807
cars_common_days,US,rf,509,7060008710,1,103,0.0984713136044381,0.2425868030143143
cars_common_days,US,rf,517,7060008710,1,103,0.34854533932283976,0.3585505588697399
cars_common_days,US,rf,518,7060008710,1,103,0.5118660138126203,0.4158865829888473
cars_common_days,US,rf,531,7060008710,1,103,0.1908529417750354,0.25163838524085724
cars_common_days,US,rf,536,7060008710,1,103,0.2525329620883653,0.22533051367434037
cars_common_days,US,rf,541,7060008710,1,103,0.3372827560408248,0.35635703023581916
cars_common_days,US,rf,542,7060008710,1,103,0.018790976407496537,0.07664629632710014
cars_common_days,US,rf,549,7060008710,1,103,0.16803622947745633,0.153499119405759
cars_common_days,US,rf,567,7060008710,1,103,0.6564016418499928,0.4410748792073885
cars_common_days,US,rf,574,7060008710,1,103,0.3999103497763954,0.3984547738706968
cars_common_days,US,rf,575,7060008710,1,103,0.34504417352417793,0.39669218436541037
cars_common_days,US,rf,597,7060008710,1,103,0.5041937892767199,0.3926469817073264
cars_common_days,US,rf,601,7060008710,1,103,0.39797903403268053,0.39006455940085444
cars_common_days,US,rf,1249,7060048410,2,117,1.146030395254913,0.5010951458877864
cars_common_days,US,rf,132,7060013550,2,117,0.21952366134744375,0.15155729402693519
cars_common_days,US,rf,133,7060013550,2,117,0.07508525614888842,0.073583601819939
cars_common_days,US,rf,148,7060013550,2,117,0.21914332427677308,0.18562759515808214
cars_common_days,US,rf,1776,7060043090,2,117,0.07073662060070428,0.08034307150960827
cars_common_days,US,rf,182,7060013550,2,117,0.18125669757095927,0.22778242543783722
cars_common_days,US,rf,191,7060013550,2,117,0.22339334971132496,0.31848535016649504
cars_common_days,US,rf,198,7060013550,2,117,0.30217312603610824,0.3366946968631708
cars_common_days,US,rf,204,7060013550,2,117,0.302356984905138,0.36690702461207303
cars_common_days,US,rf,524,7060073920,2,117,0.28382595219092877,0.4680720085057902
cars_common_days,US,rf,595,7060013550,2,117,0.10754748413925601,0.23126662362451048
cars_common_days,US,rf,600,7060013550,2,117,0.2938719808940723,0.3131496002174958
cars_common_days,US,rf,612,7060013550,2,117,0.10755643283182167,0.17381185844760694
cars_common_days,US,rf,1086,7060049270,3,106,1.0688678998294057,0.43716405042741285
cars_common_days,US,rf,131,7060014200,3,106,0.26990540349536646,0.2521430142030185
cars_common_days,US,rf,1761,7060042310,3,106,0.2584525568854163,0.1968799498075392
cars_common_days,US,rf,1879,7060043160,3,106,0.5783930765925849,0.3562082357203947
cars_common_days,US,rf,310,7060014930,3,106,0.060354342763489846,0.08547123414039609
cars_common_days,US,rf,316,7060014930,3,106,0.2220848054312484,0.22518744026263302
cars_common_days,US,rf,361,7060014930,3,106,0.10915912753187924,0.1654257820245998
cars_common_days,US,rf,372,7060014930,3,106,0.2956372568515194,0.30848123494387414
cars_common_days,US,rf,384,7060014930,3,106,0.3089996186116165,0.29554678479313584
cars_common_days,US,rf,386,7060014930,3,106,0.5798606847784573,0.4390380917838842
cars_common_days,US,rf,391,7060014930,3,106,0.11505799930795353,0.14968642621687936
cars_common_days,US,rf,41,7060016090,3,106,0.306323173566667,0.29346862616553265
cars_common_days,US,rf,413,7060014930,3,106,0.014774542733168885,0.09755934997842214
cars_common_days,US,rf,42,7060016090,3,106,0.3638269001899866,0.36119750073948004
cars_common_days,US,rf,55,7060014930,3,106,0.2791762601383966,0.29751988054188244
cars_common_days,US,rf,57,7060014930,3,106,0.34732171078527063,0.35535260865997437
cars_common_days,US,rf,60,7060014930,3,106,0.20260488753198175,0.2619821780195509
cars_common_days,US,rf,63,7060014930,3,106,0.2701039034820447,0.3372327138853586
cars_common_days,US,rf,114,7060014340,4,113,0.28862184849678424,0.39990232020211364
cars_common_days,US,rf,1151,7060047970,4,113,0.537804254533716,0.4434014714396528
cars_common_days,US,rf,1237,7060047970,4,113,0.6223175503941138,0.4880529813967162
cars_common_days,US,rf,169,7060013560,4,113,0.5336342757834684,0.4405471660433099
cars_common_days,US,rf,1851,7060043500,4,113,0.12401478318079034,0.1481329768251439
cars_common_days,US,rf,1883,7060043640,4,113,0.2508640568304451,0.1862810535754241
cars_common_days,US,rf,292,7060022240,4,113,0.4473047180643278,0.38013012000234847
cars_common_days,US,rf,442,7060073620,4,113,0.28572417151052776,0.32500745132499914
cars_common_days,US,rf,449,7060073620,4,113,0.4261070602587242,0.4213114222861407
cars_common_days,US,rf,456,7060073620,4,113,0.2608338584507702,0.2378941255832804
cars_common_days,US,rf,467,7060073620,4,113,0.5057106387210879,0.41037010627785814
cars_common_days,US,rf,477,7060073620,4,113,0.2618498475460717,0.24706308640909963
cars_common_days,US,rf,7308,7060043500,4,113,0.14571550714960219,0.11319696043690776
upstream_common_days,US,mean,1017,7060047060,0,34,0.39350694741793457,0.30127679804664953
upstream_common_days,US,mean,1026,7060047060,0,34,0.27047730320991026,0.30127679804664953
upstream_common_days,US,mean,1033,7060047060,0,34,0.34903146806745766,0.30127679804664953
upstream_common_days,US,mean,1036,7060047060,0,34,0.20717264498721943,0.30127679804664953
upstream_common_days,US,mean,1042,7060047060,0,34,0.3236531161741061,0.30127679804664953
upstream_common_days,US,mean,1067,7060047060,0,34,0.6167405131405999,0.30127679804664953
upstream_common_days,US,mean,1092,7060047060,0,34,0.6010081256172075,0.30127679804664953
upstream_common_days,US,mean,1101,7060047060,0,34,0.5979508334437655,0.30127679804664953
upstream_common_days,US,mean,1112,7060047060,0,34,0.4993501914700653,0.30127679804664953
upstream_common_days,US,mean,1121,7060047060,0,34,0.32837844858050913,0.30127679804664953
upstream_common_days,US,mean,1122,7060047060,0,34,0.5217491049159911,0.30127679804664953
upstream_common_days,US,mean,1125,7060047060,0,34,0.32837844858050913,0.30127679804664953
upstream_common_days,US,mean,1127,7060047060,0,34,0.5663454133318315,0.30127679804664953
upstream_common_days,US,mean,1192,7060047060,0,34,0.16430907051601795,0.30127679804664953
upstream_common_days,US,mean,1586,7060047060,0,34,0.10904752528982808,0.30127679804664953
upstream_common_days,US,mean,1587,7060047060,0,34,0.2799957740271275,0.30127679804664953
upstream_common_days,US,mean,1592,7060047060,0,34,0.34382574108077185,0.30127679804664953
upstream_common_days,US,mean,1595,7060047060,0,34,0.10842850910012612,0.30127679804664953
upstream_common_days,US,mean,1600,7060047060,0,34,0.16390038915031843,0.30127679804664953
upstream_common_days,US,mean,1617,7060047060,0,34,0.26566128757157614,0.30127679804664953
upstream_common_days,US,mean,1619,7060047060,0,34,0.14994540981136933,0.30127679804664953
upstream_common_days,US,mean,1620,7060047060,0,34,0.27244922316425124,0.30127679804664953
upstream_common_days,US,mean,1631,7060047060,0,34,0.13586625120138024,0.30127679804664953
upstream_common_days,US,mean,1634,7060047060,0,34,0.1758207414989661,0.30127679804664953
upstream_common_days,US,mean,1636,7060047060,0,34,0.37686352202262224,0.30127679804664953
upstream_common_days,US,mean,1645,7060047060,0,34,0.46880108927990805,0.30127679804664953
upstream_common_days,US,mean,1650,7060047060,0,34,0.1902835665834986,0.30127679804664953
upstream_common_days,US,mean,1654,7060047060,0,34,0.4581723993322289,0.30127679804664953
upstream_common_days,US,mean,1655,7060047060,0,34,0.27903405496887934,0.30127679804664953
upstream_common_days,US,mean,1656,7060047060,0,34,0.2013737127912082,0.30127679804664953
upstream_common_days,US,mean,1683,7060047060,0,34,0.44087707368667267,0.30127679804664953
upstream_common_days,US,mean,1691,7060047060,0,34,0.11616721478804654,0.30127679804664953
upstream_common_days,US,mean,1699,7060047060,0,34,0.10173478820258915,0.30127679804664953
upstream_common_days,US,mean,1703,7060047060,0,34,0.716660099941124,0.30127679804664953
upstream_common_days,US,mean,1706,7060047060,0,34,0.14395730556039704,0.30127679804664953
upstream_common_days,US,mean,1707,7060047060,0,34,0.2516954924878223,0.30127679804664953
upstream_common_days,US,mean,1709,7060047060,0,34,0.09069195877190259,0.30127679804664953
upstream_common_days,US,mean,1712,7060047060,0,34,0.1190201878087824,0.30127679804664953
upstream_common_days,US,mean,1713,7060047060,0,34,0.2096398232608936,0.30127679804664953
upstream_common_days,US,mean,1714,7060047060,0,34,0.3091300571912571,0.30127679804664953
upstream_common_days,US,mean,1718,7060047060,0,34,0.44885605648942306,0.30127679804664953
upstream_common_days,US,mean,1723,7060047060,0,34,0.19395669459263004,0.30127679804664953
upstream_common_days,US,mean,1726,7060047060,0,34,0.10896403881507782,0.30127679804664953
upstream_common_days,US,mean,1735,7060047060,0,34,0.06979095290564989,0.30127679804664953
upstream_common_days,US,mean,1739,7060047060,0,34,0.29666539359342553,0.30127679804664953
upstream_common_days,US,mean,1740,7060047060,0,34,0.1758207414989661,0.30127679804664953
upstream_common_days,US,mean,1741,7060047060,0,34,0.3534252217323681,0.30127679804664953
upstream_common_days,US,mean,1742,7060047060,0,34,0.08480826170244422,0.30127679804664953
upstream_common_days,US,mean,1744,7060047060,0,34,0.2387276522901479,0.30127679804664953
upstream_common_days,US,mean,1752,7060047060,0,34,0.0302958959256767,0.30127679804664953
upstream_common_days,US,mean,1753,7060047060,0,34,0.034264448408433124,0.30127679804664953
upstream_common_days,US,mean,1755,7060047060,0,34,0.5562673086774179,0.30127679804664953
upstream_common_days,US,mean,1768,7060047060,0,34,0.01211858013282131,0.30127679804664953
upstream_common_days,US,mean,1777,7060047060,0,34,0.30228136103486564,0.30127679804664953
upstream_common_days,US,mean,1848,7060047060,0,34,0.5028227720001452,0.30127679804664953
upstream_common_days,US,mean,1864,7060047060,0,34,0.5453666496134132,0.30127679804664953
upstream_common_days,US,mean,1869,7060047060,0,34,0.6497507178945514,0.30127679804664953
upstream_common_days,US,mean,307,7060047060,0,34,0.13710457100078935,0.30127679804664953
upstream_common_days,US,mean,319,7060047060,0,34,0.23881827227462005,0.30127679804664953
upstream_common_days,US,mean,355,7060047060,0,34,0.12340187249362164,0.30127679804664953
upstream_common_days,US,mean,362,7060047060,0,34,0.3841607485850629,0.30127679804664953
upstream_common_days,US,mean,364,7060047060,0,34,0.16250170400561625,0.30127679804664953
upstream_common_days,US,mean,368,7060047060,0,34,0.41289960337289583,0.30127679804664953
upstream_common_days,US,mean,373,7060047060,0,34,0.37558270113787345,0.30127679804664953
upstream_common_days,US,mean,393,7060047060,0,34,0.22427692059245702,0.30127679804664953
upstream_common_days,US,mean,398,7060047060,0,34,0.2627616778487855,0.30127679804664953
upstream_common_days,US,mean,415,7060047060,0,34,0.0745806789865424,0.30127679804664953
upstream_common_days,US,mean,416,7060047060,0,34,0.17890221425805486,0.30127679804664953
upstream_common_days,US,mean,421,7060047060,0,34,0.25493325998242067,0.30127679804664953
upstream_common_days,US,mean,500,7060047060,0,34,0.3562560410703974,0.30127679804664953
upstream_common_days,US,mean,505,7060047060,0,34,0.23924474713225585,0.30127679804664953
upstream_common_days,US,mean,511,7060047060,0,34,0.08440368437655454,0.30127679804664953
upstream_common_days,US,mean,522,7060047060,0,34,0.07026054013384717,0.30127679804664953
upstream_common_days,US,mean,530,7060047060,0,34,0.24882327314142194,0.30127679804664953
upstream_common_days,US,mean,533,7060047060,0,34,0.06207667745984695,0.30127679804664953
upstream_common_days,US,mean,7313,7060047060,0,34,0.18782556894938995,0.30127679804664953
upstream_common_days,US,mean,7318,7060047060,0,34,0.01404860943222809,0.30127679804664953
upstream_common_days,US,mean,753,7060047060,0,34,0.15216346333752714,0.30127679804664953
upstream_common_days,US,mean,870,7060047060,0,34,0.05984246578898476,0.30127679804664953
upstream_common_days,US,mean,882,7060047060,0,34,0.07469940515764761,0.30127679804664953
upstream_common_days,US,mean,884,7060047060,0,34,0.0763158000949986,0.30127679804664953
upstream_common_days,US,mean,885,7060047060,0,34,0.06626214192426286,0.30127679804664953
upstream_common_days,US,mean,895,7060047060,0,34,0.014271387481084304,0.30127679804664953
upstream_common_days,US,mean,898,7060047060,0,34,0.4804827463621658,0.30127679804664953
upstream_common_days,US,mean,920,7060047060,0,34,0.010603340710536624,0.30127679804664953
upstream_common_days,US,mean,931,7060047060,0,34,1.2472731177871326,0.30127679804664953
upstream_common_days,US,mean,938,7060047060,0,34,0.38426009158298446,0.30127679804664953
upstream_common_days,US,mean,419,7060008710,1,103,0.44082065466842046,0.27446314928967364
upstream_common_days,US,mean,423,7060008710,1,103,0.26117307204484375,0.27446314928967364
upstream_common_days,US,mean,445,7060008710,1,103,0.224138830757966,0.27446314928967364
upstream_common_days,US,mean,448,7060008710,1,103,0.22416607699504454,0.27446314928967364
upstream_common_days,US,mean,451,7060008710,1,103,0.22090927233216076,0.27446314928967364
upstream_common_days,US,mean,469,7060008710,1,103,0.45052235055286904,0.27446314928967364
upstream_common_days,US,mean,470,7060008710,1,103,0.31479673590326607,0.27446314928967364
upstream_common_days,US,mean,488,7060008710,1,103,0.28199738486015824,0.27446314928967364
upstream_common_days,US,mean,497,7060008710,1,103,0.2464086886680948,0.27446314928967364
upstream_common_days,US,mean,502,7060008710,1,103,0.30211006397508533,0.27446314928967364
upstream_common_days,US,mean,509,7060008710,1,103,0.09916879377383866,0.27446314928967364
upstream_common_days,US,mean,517,7060008710,1,103,0.3486366875331364,0.27446314928967364
upstream_common_days,US,mean,518,7060008710,1,103,0.5042386268704302,0.27446314928967364
upstream_common_days,US,mean,531,7060008710,1,103,0.19126019666584598,0.27446314928967364
upstream_common_days,US,mean,536,7060008710,1,103,0.25553116336390597,0.27446314928967364
upstream_common_days,US,mean,541,7060008710,1,103,0.33512067960589664,0.27446314928967364
upstream_common_days,US,mean,542,7060008710,1,103,0.021829390999163038,0.27446314928967364
upstream_common_days,US,mean,549,7060008710,1,103,0.17266983428947952,0.27446314928967364
upstream_common_days,US,mean,567,7060008710,1,103,0.6598461853590809,0.27446314928967364
upstream_common_days,US,mean,574,7060008710,1,103,0.4025920589861338,0.27446314928967364
upstream_common_days,US,mean,575,7060008710,1,103,0.3423624117302833,0.27446314928967364
upstream_common_days,US,mean,597,7060008710,1,103,0.504672677607412,0.27446314928967364
upstream_common_days,US,mean,601,7060008710,1,103,0.3984804482743115,0.27446314928967364
upstream_common_days,US,mean,1249,7060048410,2,117,1.1752645856080293,0.28004638634225504
upstream_common_days,US,mean,132,7060013550,2,117,0.22046421488839568,0.28004638634225504
upstream_common_days,US,mean,133,7060013550,2,117,0.0872185410310191,0.28004638634225504
upstream_common_days,US,mean,148,7060013550,2,117,0.21833227848872927,0.28004638634225504
upstream_common_days,US,mean,1776,7060043090,2,117,0.0855439313352062,0.28004638634225504
upstream_common_days,US,mean,182,7060013550,2,117,0.18271699961023843,0.28004638634225504
upstream_common_days,US,mean,191,7060013550,2,117,0.24386640433051454,0.28004638634225504
upstream_common_days,US,mean,198,7060013550,2,117,0.30894982013781086,0.28004638634225504
upstream_common_days,US,mean,204,7060013550,2,117,0.3066385469683326,0.28004638634225504
upstream_common_days,US,mean,524,7060073920,2,117,0.28463745446912436,0.28004638634225504
upstream_common_days,US,mean,595,7060013550,2,117,0.10828677413827531,0.28004638634225504
upstream_common_days,US,mean,600,7060013550,2,117,0.2973337878686663,0.28004638634225504
upstream_common_days,US,mean,612,7060013550,2,117,0.11004515406213367,0.28004638634225504
upstream_common_days,US,mean,1086,7060049270,3,106,1.1065786202138204,0.27446582998975044
upstream_common_days,US,mean,131,7060014200,3,106,0.27333918635913207,0.27446582998975044
upstream_common_days,US,mean,1761,7060042310,3,106,0.27724474371309005,0.27446582998975044
upstream_common_days,US,mean,1879,7060043160,3,106,0.5747260555684761,0.27446582998975044
upstream_common_days,US,mean,310,7060014930,3,106,0.06279365977724899,0.27446582998975044
upstream_common_days,US,mean,316,7060014930,3,106,0.2222499551419378,0.27446582998975044
upstream_common_days,US,mean,361,7060014930,3,106,0.10836787673158613,0.27446582998975044
upstream_common_days,US,mean,372,7060014930,3,106,0.2942816619350156,0.27446582998975044
upstream_common_days,US,mean,384,7060014930,3,106,0.3030019109094392,0.27446582998975044
upstream_common_days,US,mean,386,7060014930,3,106,0.572864021275219,0.27446582998975044
upstream_common_days,US,mean,391,7060014930,3,106,0.11630684303528308,0.27446582998975044
upstream_common_days,US,mean,41,7060016090,3,106,0.30546303515284856,0.27446582998975044
upstream_common_days,US,mean,413,7060014930,3,106,0.015188338602546802,0.27446582998975044
upstream_common_days,US,mean,42,7060016090,3,106,0.366221789192078,0.27446582998975044
upstream_common_days,US,mean,55,7060014930,3,106,0.2855472312792672,0.27446582998975044
upstream_common_days,US,mean,57,7060014930,3,106,0.3434381800795077,0.27446582998975044
upstream_common_days,US,mean,60,7060014930,3,106,0.2041065565749272,0.27446582998975044
upstream_common_days,US,mean,63,7060014930,3,106,0.2689459370149505,0.27446582998975044
upstream_common_days,US,mean,114,7060014340,4,113,0.28504764230307755,0.27432881696082967
upstream_common_days,US,mean,1151,7060047970,4,113,0.5843168922743912,0.27432881696082967
upstream_common_days,US,mean,1237,7060047970,4,113,0.6706848696134027,0.27432881696082967
upstream_common_days,US,mean,169,7060013560,4,113,0.5358492196096671,0.27432881696082967
upstream_common_days,US,mean,1851,7060043500,4,113,0.16275547134539953,0.27432881696082967
upstream_common_days,US,mean,1883,7060043640,4,113,0.2594859396710334,0.27432881696082967
upstream_common_days,US,mean,292,7060022240,4,113,0.44893864747877954,0.27432881696082967
upstream_common_days,US,mean,442,7060073620,4,113,0.2752968810628519,0.27432881696082967
upstream_common_days,US,mean,449,7060073620,4,113,0.4238798871954068,0.27432881696082967
upstream_common_days,US,mean,456,7060073620,4,113,0.25605914571423927,0.27432881696082967
upstream_common_days,US,mean,467,7060073620,4,113,0.5064303907785369,0.27432881696082967
upstream_common_days,US,mean,477,7060073620,4,113,0.2528298707120241,0.27432881696082967
upstream_common_days,US,mean,7308,7060043500,4,113,0.17291437604455698,0.27432881696082967
upstream_common_days,US,persistence,1017,7060047060,0,34,0.39350694741793457,0.32732625657686143
upstream_common_days,US,persistence,1026,7060047060,0,34,0.27047730320991026,0.2834168970340526
upstream_common_days,US,persistence,1033,7060047060,0,34,0.34903146806745766,0.33911868468061473
upstream_common_days,US,persistence,1036,7060047060,0,34,0.20717264498721943,0.21383819202015208
upstream_common_days,US,persistence,1042,7060047060,0,34,0.3236531161741061,0.3812739904689628
upstream_common_days,US,persistence,1067,7060047060,0,34,0.6167405131405999,0.5506501849189527
upstream_common_days,US,persistence,1092,7060047060,0,34,0.6010081256172075,0.5212600112783097
upstream_common_days,US,persistence,1101,7060047060,0,34,0.5979508334437655,0.48238399696401857
upstream_common_days,US,persistence,1112,7060047060,0,34,0.4993501914700653,0.38296951698055165
upstream_common_days,US,persistence,1121,7060047060,0,34,0.32837844858050913,0.25815139018932476
upstream_common_days,US,persistence,1122,7060047060,0,34,0.5217491049159911,0.45839296501237914
upstream_common_days,US,persistence,1125,7060047060,0,34,0.32837844858050913,0.25815139018932476
upstream_common_days,US,persistence,1127,7060047060,0,34,0.5663454133318315,0.4843791452026821
upstream_common_days,US,persistence,1192,7060047060,0,34,0.16430907051601795,0.12311908521187284
upstream_common_days,US,persistence,1586,7060047060,0,34,0.10904752528982808,0.13506777257551217
upstream_common_days,US,persistence,1587,7060047060,0,34,0.2799957740271275,0.27537901244813345
upstream_common_days,US,persistence,1592,7060047060,0,34,0.34382574108077185,0.21977552761039992
upstream_common_days,US,persistence,1595,7060047060,0,34,0.10842850910012612,0.04052037059224774
upstream_common_days,US,persistence,1600,7060047060,0,34,0.16390038915031843,0.14189920675046158
upstream_common_days,US,persistence,1617,7060047060,0,34,0.26566128757157614,0.31342708481125076
upstream_common_days,US,persistence,1619,7060047060,0,34,0.14994540981136933,0.2411145373293386
upstream_common_days,US,persistence,1620,7060047060,0,34,0.27244922316425124,0.29373950829282947
upstream_common_days,US,persistence,1631,7060047060,0,34,0.13586625120138024,0.20831804751261715
upstream_common_days,US,persistence,1634,7060047060,0,34,0.1758207414989661,0.14422797835809964
upstream_common_days,US,persistence,1636,7060047060,0,34,0.37686352202262224,0.48578499594909874
upstream_common_days,US,persistence,1645,7060047060,0,34,0.46880108927990805,0.4352714907165549
upstream_common_days,US,persistence,1650,7060047060,0,34,0.1902835665834986,0.29790227844638123
upstream_common_days,US,persistence,1654,7060047060,0,34,0.4581723993322289,0.44796201049184103
upstream_common_days,US,persistence,1655,7060047060,0,34,0.27903405496887934,0.2795508120545117
upstream_common_days,US,persistence,1656,7060047060,0,34,0.2013737127912082,0.1581455963637178
upstream_common_days,US,persistence,1683,7060047060,0,34,0.44087707368667267,0.38006640718230245
upstream_common_days,US,persistence,1691,7060047060,0,34,0.11616721478804654,0.16906698920481789
upstream_common_days,US,persistence,1699,7060047060,0,34,0.10173478820258915,0.0932043910144893
upstream_common_days,US,persistence,1703,7060047060,0,34,0.716660099941124,0.6006220667118699
upstream_common_days,US,persistence,1706,7060047060,0,34,0.14395730556039704,0.13765369183842868
upstream_common_days,US,persistence,1707,7060047060,0,34,0.2516954924878223,0.29054549589074513
upstream_common_days,US,persistence,1709,7060047060,0,34,0.09069195877190259,0.06746998050513128
upstream_common_days,US,persistence,1712,7060047060,0,34,0.1190201878087824,0.14040051365660172
upstream_common_days,US,persistence,1713,7060047060,0,34,0.2096398232608936,0.28784117898830874
upstream_common_days,US,persistence,1714,7060047060,0,34,0.3091300571912571,0.3715533410694491
upstream_common_days,US,persistence,1718,7060047060,0,34,0.44885605648942306,0.4887165938297443
upstream_common_days,US,persistence,1723,7060047060,0,34,0.19395669459263004,0.2058555663805134
upstream_common_days,US,persistence,1726,7060047060,0,34,0.10896403881507782,0.12855630496026077
upstream_common_days,US,persistence,1735,7060047060,0,34,0.06979095290564989,0.08022106913608207
upstream_common_days,US,persistence,1739,7060047060,0,34,0.29666539359342553,0.30490781245337906
upstream_common_days,US,persistence,1740,7060047060,0,34,0.1758207414989661,0.14422797835809964
upstream_common_days,US,persistence,1741,7060047060,0,34,0.3534252217323681,0.30269984489098456
upstream_common_days,US,persistence,1742,7060047060,0,34,0.08480826170244422,0.08475095118718173
upstream_common_days,US,persistence,1744,7060047060,0,34,0.2387276522901479,0.21328782928822254
upstream_common_days,US,persistence,1752,7060047060,0,34,0.0302958959256767,0.04174413093244561
upstream_common_days,US,persistence,1753,7060047060,0,34,0.034264448408433124,0.12688018325062994
upstream_common_days,US,persistence,1755,7060047060,0,34,0.5562673086774179,0.4676057793716548
upstream_common_days,US,persistence,1768,7060047060,0,34,0.01211858013282131,0.019045252163574136
upstream_common_days,US,persistence,1777,7060047060,0,34,0.30228136103486564,0.292893701696213
upstream_common_days,US,persistence,1848,7060047060,0,34,0.5028227720001452,0.5055296456992726
upstream_common_days,US,persistence,1864,7060047060,0,34,0.5453666496134132,0.5237262413583994
upstream_common_days,US,persistence,1869,7060047060,0,34,0.6497507178945514,0.6825118324280082
upstream_common_days,US,persistence,307,7060047060,0,34,0.13710457100078935,0.15470541289290046
upstream_common_days,US,persistence,319,7060047060,0,34,0.23881827227462005,0.25458913624304513
upstream_common_days,US,persistence,355,7060047060,0,34,0.12340187249362164,0.1511515807310599
upstream_common_days,US,persistence,362,7060047060,0,34,0.3841607485850629,0.6821706073259356
upstream_common_days,US,persistence,364,7060047060,0,34,0.16250170400561625,0.13855064487215552
upstream_common_days,US,persistence,368,7060047060,0,34,0.41289960337289583,0.3949308315381802
upstream_common_days,US,persistence,373,7060047060,0,34,0.37558270113787345,0.47070628348938015
upstream_common_days,US,persistence,393,7060047060,0,34,0.22427692059245702,0.2318804158587709
upstream_common_days,US,persistence,398,7060047060,0,34,0.2627616778487855,0.2315010968717211
upstream_common_days,US,persistence,415,7060047060,0,34,0.0745806789865424,0.07569707632721556
upstream_common_days,US,persistence,416,7060047060,0,34,0.17890221425805486,0.14739472370243467
upstream_common_days,US,persistence,421,7060047060,0,34,0.25493325998242067,0.4035093113691528
upstream_common_days,US,persistence,500,7060047060,0,34,0.3562560410703974,0.3863352444733229
upstream_common_days,US,persistence,505,7060047060,0,34,0.23924474713225585,0.21416520673928122
upstream_common_days,US,persistence,511,7060047060,0,34,0.08440368437655454,0.11562480452300766
upstream_common_days,US,persistence,522,7060047060,0,34,0.07026054013384717,0.1178565130813419
upstream_common_days,US,persistence,530,7060047060,0,34,0.24882327314142194,0.22146285246209962
upstream_common_days,US,persistence,533,7060047060,0,34,0.06207667745984695,0.0717785558395135
upstream_common_days,US,persistence,7313,7060047060,0,34,0.18782556894938995,0.20539925152870275
upstream_common_days,US,persistence,7318,7060047060,0,34,0.01404860943222809,0.011668990812269998
upstream_common_days,US,persistence,753,7060047060,0,34,0.15216346333752714,0.2442817547925933
upstream_common_days,US,persistence,870,7060047060,0,34,0.05984246578898476,0.1978266320944444
upstream_common_days,US,persistence,882,7060047060,0,34,0.07469940515764761,0.12314076028634954
upstream_common_days,US,persistence,884,7060047060,0,34,0.0763158000949986,0.08297545924434035
upstream_common_days,US,persistence,885,7060047060,0,34,0.06626214192426286,0.18094667801319542
upstream_common_days,US,persistence,895,7060047060,0,34,0.014271387481084304,0.020511690869501536
upstream_common_days,US,persistence,898,7060047060,0,34,0.4804827463621658,0.7789655626985532
upstream_common_days,US,persistence,920,7060047060,0,34,0.010603340710536624,0.04751129309744815
upstream_common_days,US,persistence,931,7060047060,0,34,1.2472731177871326,0.9539932496405352
upstream_common_days,US,persistence,938,7060047060,0,34,0.38426009158298446,0.8131914182348002
upstream_common_days,US,persistence,419,7060008710,1,103,0.44082065466842046,0.5000644879242638
upstream_common_days,US,persistence,423,7060008710,1,103,0.26117307204484375,0.3286078843081458
upstream_common_days,US,persistence,445,7060008710,1,103,0.224138830757966,0.2585428572103122
upstream_common_days,US,persistence,448,7060008710,1,103,0.22416607699504454,0.2339789882123406
upstream_common_days,US,persistence,451,7060008710,1,103,0.22090927233216076,0.13899259893238797
upstream_common_days,US,persistence,469,7060008710,1,103,0.45052235055286904,0.4130908565376275
upstream_common_days,US,persistence,470,7060008710,1,103,0.31479673590326607,0.295631999210478
upstream_common_days,US,persistence,488,7060008710,1,103,0.28199738486015824,0.390309253085163
upstream_common_days,US,persistence,497,7060008710,1,103,0.2464086886680948,0.3400521138301063
upstream_common_days,US,persistence,502,7060008710,1,103,0.30211006397508533,0.22638360625180481
upstream_common_days,US,persistence,509,7060008710,1,103,0.09916879377383866,0.22663711791862462
upstream_common_days,US,persistence,517,7060008710,1,103,0.3486366875331364,0.37667294299469406
upstream_common_days,US,persistence,518,7060008710,1,103,0.5042386268704302,0.49206455984819475
upstream_common_days,US,persistence,531,7060008710,1,103,0.19126019666584598,0.24304869606496618
upstream_common_days,US,persistence,536,7060008710,1,103,0.25553116336390597,0.246914396231868
upstream_common_days,US,persistence,541,7060008710,1,103,0.33512067960589664,0.3855330714681625
upstream_common_days,US,persistence,542,7060008710,1,103,0.021829390999163038,0.062185232801962954
upstream_common_days,US,persistence,549,7060008710,1,103,0.17266983428947952,0.1289048748424131
upstream_common_days,US,persistence,567,7060008710,1,103,0.6598461853590809,0.568167901667212
upstream_common_days,US,persistence,574,7060008710,1,103,0.4025920589861338,0.4532693325676319
upstream_common_days,US,persistence,575,7060008710,1,103,0.3423624117302833,0.45090363592699056
upstream_common_days,US,persistence,597,7060008710,1,103,0.504672677607412,0.481298882047343
upstream_common_days,US,persistence,601,7060008710,1,103,0.3984804482743115,0.3477240963723892
upstream_common_days,US,persistence,1249,7060048410,2,117,1.1752645856080293,0.8786082927534192
upstream_common_days,US,persistence,132,7060013550,2,117,0.22046421488839568,0.14926934675484932
upstream_common_days,US,persistence,133,7060013550,2,117,0.0872185410310191,0.046577233014649444
upstream_common_days,US,persistence,148,7060013550,2,117,0.21833227848872927,0.18173948436536902
upstream_common_days,US,persistence,1776,7060043090,2,117,0.0855439313352062,0.04673633933514659
upstream_common_days,US,persistence,182,7060013550,2,117,0.18271699961023843,0.18876530730899535
upstream_common_days,US,persistence,191,7060013550,2,117,0.24386640433051454,0.3272170127162451
upstream_common_days,US,persistence,198,7060013550,2,117,0.30894982013781086,0.36301238201428054
upstream_common_days,US,persistence,204,7060013550,2,117,0.3066385469683326,0.3778348677466956
upstream_common_days,US,persistence,524,7060073920,2,117,0.28463745446912436,0.6056334554122743
upstream_common_days,US,persistence,595,7060013550,2,117,0.10828677413827531,0.19201996238898328
upstream_common_days,US,persistence,600,7060013550,2,117,0.2973337878686663,0.29213311975886014
upstream_common_days,US,persistence,612,7060013550,2,117,0.11004515406213367,0.14999185935931425
upstream_common_days,US,persistence,1086,7060049270,3,106,1.1065786202138204,0.8848431516750894
upstream_common_days,US,persistence,131,7060014200,3,106,0.27333918635913207,0.24841927731797692
upstream_common_days,US,persistence,1761,7060042310,3,106,0.27724474371309005,0.22092728935311007
upstream_common_days,US,persistence,1879,7060043160,3,106,0.5747260555684761,0.5557630083151025
upstream_common_days,US,persistence,310,7060014930,3,106,0.06279365977724899,0.06604083258205336
upstream_common_days,US,persistence,316,7060014930,3,106,0.2222499551419378,0.23956559273349093
upstream_common_days,US,persistence,361,7060014930,3,106,0.10836787673158613,0.11765121509929247
upstream_common_days,US,persistence,372,7060014930,3,106,0.2942816619350156,0.3156344414759076
upstream_common_days,US,persistence,384,7060014930,3,106,0.3030019109094392,0.2819591444181446
upstream_common_days,US,persistence,386,7060014930,3,106,0.572864021275219,0.528810898347174
upstream_common_days,US,persistence,391,7060014930,3,106,0.11630684303528308,0.14040808614001055
upstream_common_days,US,persistence,41,7060016090,3,106,0.30546303515284856,0.28046628020470366
upstream_common_days,US,persistence,413,7060014930,3,106,0.015188338602546802,0.026689603366676348
upstream_common_days,US,persistence,42,7060016090,3,106,0.366221789192078,0.33841626142315506
upstream_common_days,US,persistence,55,7060014930,3,106,0.2855472312792672,0.29859361974404636
upstream_common_days,US,persistence,57,7060014930,3,106,0.3434381800795077,0.39010191957263496
upstream_common_days,US,persistence,60,7060014930,3,106,0.2041065565749272,0.2663200574555232
upstream_common_days,US,persistence,63,7060014930,3,106,0.2689459370149505,0.3629869753237469
upstream_common_days,US,persistence,114,7060014340,4,113,0.28504764230307755,0.419876774547364
upstream_common_days,US,persistence,1151,7060047970,4,113,0.5843168922743912,0.39937269564133215
upstream_common_days,US,persistence,1237,7060047970,4,113,0.6706848696134027,0.5579418713718229
upstream_common_days,US,persistence,169,7060013560,4,113,0.5358492196096671,0.6260428067800482
upstream_common_days,US,persistence,1851,7060043500,4,113,0.16275547134539953,0.21430080920704023
upstream_common_days,US,persistence,1883,7060043640,4,113,0.2594859396710334,0.23033722735379167
upstream_common_days,US,persistence,292,7060022240,4,113,0.44893864747877954,0.42200139136783466
upstream_common_days,US,persistence,442,7060073620,4,113,0.2752968810628519,0.2857415201534098
upstream_common_days,US,persistence,449,7060073620,4,113,0.4238798871954068,0.5045444976662925
upstream_common_days,US,persistence,456,7060073620,4,113,0.25605914571423927,0.22083893395156676
upstream_common_days,US,persistence,467,7060073620,4,113,0.5064303907785369,0.44718494903775585
upstream_common_days,US,persistence,477,7060073620,4,113,0.2528298707120241,0.3057173466462336
upstream_common_days,US,persistence,7308,7060043500,4,113,0.17291437604455698,0.13151636261207936
upstream_common_days,US,ridge,1017,7060047060,0,34,0.39350694741793457,0.3897313108371438
upstream_common_days,US,ridge,1026,7060047060,0,34,0.27047730320991026,0.34907145702043435
upstream_common_days,US,ridge,1033,7060047060,0,34,0.34903146806745766,0.4191563832620049
upstream_common_days,US,ridge,1036,7060047060,0,34,0.20717264498721943,0.291785962258776
upstream_common_days,US,ridge,1042,7060047060,0,34,0.3236531161741061,0.4095911209330601
upstream_common_days,US,ridge,1067,7060047060,0,34,0.6167405131405999,0.5310105899954826
upstream_common_days,US,ridge,1092,7060047060,0,34,0.6010081256172075,0.5161748803435695
upstream_common_days,US,ridge,1101,7060047060,0,34,0.5979508334437655,0.4228561415380797
upstream_common_days,US,ridge,1112,7060047060,0,34,0.4993501914700653,0.3993724740403788
upstream_common_days,US,ridge,1121,7060047060,0,34,0.32837844858050913,0.3231750950978779
upstream_common_days,US,ridge,1122,7060047060,0,34,0.5217491049159911,0.46311633532930685
upstream_common_days,US,ridge,1125,7060047060,0,34,0.32837844858050913,0.3231750950978779
upstream_common_days,US,ridge,1127,7060047060,0,34,0.5663454133318315,0.4864948791393481
upstream_common_days,US,ridge,1192,7060047060,0,34,0.16430907051601795,0.1938794420956515
upstream_common_days,US,ridge,1586,7060047060,0,34,0.10904752528982808,0.27579011088640304
upstream_common_days,US,ridge,1587,7060047060,0,34,0.2799957740271275,0.3353285780691598
upstream_common_days,US,ridge,1592,7060047060,0,34,0.34382574108077185,0.309075753980574
upstream_common_days,US,ridge,1595,7060047060,0,34,0.10842850910012612,0.19130723044419465
upstream_common_days,US,ridge,1600,7060047060,0,34,0.16390038915031843,0.26183551858785054
upstream_common_days,US,ridge,1617,7060047060,0,34,0.26566128757157614,0.3371527818239338
upstream_common_days,US,ridge,1619,7060047060,0,34,0.14994540981136933,0.3049395542481972
upstream_common_days,US,ridge,1620,7060047060,0,34,0.27244922316425124,0.3040572562470915
upstream_common_days,US,ridge,1631,7060047060,0,34,0.13586625120138024,0.30216988900343167
upstream_common_days,US,ridge,1634,7060047060,0,34,0.1758207414989661,0.24386494342408174
upstream_common_days,US,ridge,1636,7060047060,0,34,0.37686352202262224,0.43213588762357236
upstream_common_days,US,ridge,1645,7060047060,0,34,0.46880108927990805,0.4393236230858909
upstream_common_days,US,ridge,1650,7060047060,0,34,0.1902835665834986,0.35106318648330137
upstream_common_days,US,ridge,1654,7060047060,0,34,0.4581723993322289,0.426881267770558
upstream_common_days,US,ridge,1655,7060047060,0,34,0.27903405496887934,0.347763789175491
upstream_common_days,US,ridge,1656,7060047060,0,34,0.2013737127912082,0.2644840047621909
upstream_common_days,US,ridge,1683,7060047060,0,34,0.44087707368667267,0.4168511776775441
upstream_common_days,US,ridge,1691,7060047060,0,34,0.11616721478804654,0.2624366575452275
upstream_common_days,US,ridge,1699,7060047060,0,34,0.10173478820258915,0.2044363086769942
upstream_common_days,US,ridge,1703,7060047060,0,34,0.716660099941124,0.526208692039518
upstream_common_days,US,ridge,1706,7060047060,0,34,0.14395730556039704,0.24123312716813633
upstream_common_days,US,ridge,1707,7060047060,0,34,0.2516954924878223,0.37049823779073565
upstream_common_days,US,ridge,1709,7060047060,0,34,0.09069195877190259,0.19208920615171377
upstream_common_days,US,ridge,1712,7060047060,0,34,0.1190201878087824,0.27637113597744106
upstream_common_days,US,ridge,1713,7060047060,0,34,0.2096398232608936,0.3472099903152607
upstream_common_days,US,ridge,1714,7060047060,0,34,0.3091300571912571,0.35643048668578303
upstream_common_days,US,ridge,1718,7060047060,0,34,0.44885605648942306,0.4592585543057538
upstream_common_days,US,ridge,1723,7060047060,0,34,0.19395669459263004,0.2929865330453303
upstream_common_days,US,ridge,1726,7060047060,0,34,0.10896403881507782,0.25730659030371617
upstream_common_days,US,ridge,1735,7060047060,0,34,0.06979095290564989,0.22867747302256136
upstream_common_days,US,ridge,1739,7060047060,0,34,0.29666539359342553,0.35439880974093435
upstream_common_days,US,ridge,1740,7060047060,0,34,0.1758207414989661,0.24386494342408174
upstream_common_days,US,ridge,1741,7060047060,0,34,0.3534252217323681,0.34824326506235453
upstream_common_days,US,ridge,1742,7060047060,0,34,0.08480826170244422,0.21886856838655086
upstream_common_days,US,ridge,1744,7060047060,0,34,0.2387276522901479,0.30069353436440815
upstream_common_days,US,ridge,1752,7060047060,0,34,0.0302958959256767,0.146264725430361
upstream_common_days,US,ridge,1753,7060047060,0,34,0.034264448408433124,0.20288556279386863
upstream_common_days,US,ridge,1755,7060047060,0,34,0.5562673086774179,0.41632743242779424
upstream_common_days,US,ridge,1768,7060047060,0,34,0.01211858013282131,0.14394706560570453
upstream_common_days,US,ridge,1777,7060047060,0,34,0.30228136103486564,0.3334792955879873
upstream_common_days,US,ridge,1848,7060047060,0,34,0.5028227720001452,0.4064237061734876
upstream_common_days,US,ridge,1864,7060047060,0,34,0.5453666496134132,0.41635700509809087
upstream_common_days,US,ridge,1869,7060047060,0,34,0.6497507178945514,0.5111089369224204
upstream_common_days,US,ridge,307,7060047060,0,34,0.13710457100078935,0.21430154605034496
upstream_common_days,US,ridge,319,7060047060,0,34,0.23881827227462005,0.3245783159286369
upstream_common_days,US,ridge,355,7060047060,0,34,0.12340187249362164,0.24012781445151538
upstream_common_days,US,ridge,362,7060047060,0,34,0.3841607485850629,0.46212761069837166
upstream_common_days,US,ridge,364,7060047060,0,34,0.16250170400561625,0.19533402747182474
upstream_common_days,US,ridge,368,7060047060,0,34,0.41289960337289583,0.41981258627065415
upstream_common_days,US,ridge,373,7060047060,0,34,0.37558270113787345,0.44692653069919563
upstream_common_days,US,ridge,393,7060047060,0,34,0.22427692059245702,0.2984653189863975
upstream_common_days,US,ridge,398,7060047060,0,34,0.2627616778487855,0.3207639186711165
upstream_common_days,US,ridge,415,7060047060,0,34,0.0745806789865424,0.1734168381988432
upstream_common_days,US,ridge,416,7060047060,0,34,0.17890221425805486,0.2174383876769585
upstream_common_days,US,ridge,421,7060047060,0,34,0.25493325998242067,0.4154787141191734
upstream_common_days,US,ridge,500,7060047060,0,34,0.3562560410703974,0.38030985297683323
upstream_common_days,US,ridge,505,7060047060,0,34,0.23924474713225585,0.2501767486440806
upstream_common_days,US,ridge,511,7060047060,0,34,0.08440368437655454,0.28358012265639637
upstream_common_days,US,ridge,522,7060047060,0,34,0.07026054013384717,0.2063973430829412
upstream_common_days,US,ridge,530,7060047060,0,34,0.24882327314142194,0.25781330860798585
upstream_common_days,US,ridge,533,7060047060,0,34,0.06207667745984695,0.1709413027954601
upstream_common_days,US,ridge,7313,7060047060,0,34,0.18782556894938995,0.25082813277073024
upstream_common_days,US,ridge,7318,7060047060,0,34,0.01404860943222809,0.1378218878653668
upstream_common_days,US,ridge,753,7060047060,0,34,0.15216346333752714,0.25229759397966134
upstream_common_days,US,ridge,870,7060047060,0,34,0.05984246578898476,0.21218822473710974
upstream_common_days,US,ridge,882,7060047060,0,34,0.07469940515764761,0.19460404165458697
upstream_common_days,US,ridge,884,7060047060,0,34,0.0763158000949986,0.13888553908872692
upstream_common_days,US,ridge,885,7060047060,0,34,0.06626214192426286,0.1938219025462295
upstream_common_days,US,ridge,895,7060047060,0,34,0.014271387481084304,0.11062775855073201
upstream_common_days,US,ridge,898,7060047060,0,34,0.4804827463621658,0.5112526516072623
upstream_common_days,US,ridge,920,7060047060,0,34,0.010603340710536624,0.13411079139814217
upstream_common_days,US,ridge,931,7060047060,0,34,1.2472731177871326,0.5747410257546544
upstream_common_days,US,ridge,938,7060047060,0,34,0.38426009158298446,0.618234111144327
upstream_common_days,US,ridge,419,7060008710,1,103,0.44082065466842046,0.45630227379312904
upstream_common_days,US,ridge,423,7060008710,1,103,0.26117307204484375,0.3005914452024694
upstream_common_days,US,ridge,445,7060008710,1,103,0.224138830757966,0.31939151916281483
upstream_common_days,US,ridge,448,7060008710,1,103,0.22416607699504454,0.3012891039594048
upstream_common_days,US,ridge,451,7060008710,1,103,0.22090927233216076,0.13822080054666963
upstream_common_days,US,ridge,469,7060008710,1,103,0.45052235055286904,0.4195020040658826
upstream_common_days,US,ridge,470,7060008710,1,103,0.31479673590326607,0.38581944670061497
upstream_common_days,US,ridge,488,7060008710,1,103,0.28199738486015824,0.3189790388372199
upstream_common_days,US,ridge,497,7060008710,1,103,0.2464086886680948,0.3457685098190415
upstream_common_days,US,ridge,502,7060008710,1,103,0.30211006397508533,0.23900592401524912
upstream_common_days,US,ridge,509,7060008710,1,103,0.09916879377383866,0.2808421750993361
upstream_common_days,US,ridge,517,7060008710,1,103,0.3486366875331364,0.35366033429221166
upstream_common_days,US,ridge,518,7060008710,1,103,0.5042386268704302,0.4739045379940019
upstream_common_days,US,ridge,531,7060008710,1,103,0.19126019666584598,0.31857432483662973
upstream_common_days,US,ridge,536,7060008710,1,103,0.25553116336390597,0.2527182693879263
upstream_common_days,US,ridge,541,7060008710,1,103,0.33512067960589664,0.3497804743228552
upstream_common_days,US,ridge,542,7060008710,1,103,0.021829390999163038,0.07648090276555441
upstream_common_days,US,ridge,549,7060008710,1,103,0.17266983428947952,0.15881081274512807
upstream_common_days,US,ridge,567,7060008710,1,103,0.6598461853590809,0.562960405930823
upstream_common_days,US,ridge,574,7060008710,1,103,0.4025920589861338,0.4474530866484597
upstream_common_days,US,ridge,575,7060008710,1,103,0.3423624117302833,0.4152916966419671
upstream_common_days,US,ridge,597,7060008710,1,103,0.504672677607412,0.3835594023296701
upstream_common_days,US,ridge,601,7060008710,1,103,0.3984804482743115,0.328029583335658
upstream_common_days,US,ridge,1249,7060048410,2,117,1.1752645856080293,0.8879088802845776
upstream_common_days,US,ridge,132,7060013550,2,117,0.22046421488839568,0.157966683904569
upstream_common_days,US,ridge,133,7060013550,2,117,0.0872185410310191,0.07583566745031003
upstream_common_days,US,ridge,148,7060013550,2,117,0.21833227848872927,0.1881258012223774
upstream_common_days,US,ridge,1776,7060043090,2,117,0.0855439313352062,0.08396512910320159
upstream_common_days,US,ridge,182,7060013550,2,117,0.18271699961023843,0.19389873068966207
upstream_common_days,US,ridge,191,7060013550,2,117,0.24386640433051454,0.2887475079074895
upstream_common_days,US,ridge,198,7060013550,2,117,0.30894982013781086,0.31172337073174194
upstream_common_days,US,ridge,204,7060013550,2,117,0.3066385469683326,0.33486337746197814
upstream_common_days,US,ridge,524,7060073920,2,117,0.28463745446912436,0.5806077560023071
upstream_common_days,US,ridge,595,7060013550,2,117,0.10828677413827531,0.19791241522551128
upstream_common_days,US,ridge,600,7060013550,2,117,0.2973337878686663,0.29699989983761665
upstream_common_days,US,ridge,612,7060013550,2,117,0.11004515406213367,0.20461815331773464
upstream_common_days,US,ridge,1086,7060049270,3,106,1.1065786202138204,0.69615913866152
upstream_common_days,US,ridge,131,7060014200,3,106,0.27333918635913207,0.2440768515148814
upstream_common_days,US,ridge,1761,7060042310,3,106,0.27724474371309005,0.20856812543498426
upstream_common_days,US,ridge,1879,7060043160,3,106,0.5747260555684761,0.4051660077063431
upstream_common_days,US,ridge,310,7060014930,3,106,0.06279365977724899,0.07041362925398281
upstream_common_days,US,ridge,316,7060014930,3,106,0.2222499551419378,0.2242465751319096
upstream_common_days,US,ridge,361,7060014930,3,106,0.10836787673158613,0.1591296674479053
upstream_common_days,US,ridge,372,7060014930,3,106,0.2942816619350156,0.3409967647494171
upstream_common_days,US,ridge,384,7060014930,3,106,0.3030019109094392,0.29822475148008526
upstream_common_days,US,ridge,386,7060014930,3,106,0.572864021275219,0.5060665436595668
upstream_common_days,US,ridge,391,7060014930,3,106,0.11630684303528308,0.16400915215513773
upstream_common_days,US,ridge,41,7060016090,3,106,0.30546303515284856,0.2518028621616848
upstream_common_days,US,ridge,413,7060014930,3,106,0.015188338602546802,0.08110583379435568
upstream_common_days,US,ridge,42,7060016090,3,106,0.366221789192078,0.28187146414528386
upstream_common_days,US,ridge,55,7060014930,3,106,0.2855472312792672,0.26677073521156147
upstream_common_days,US,ridge,57,7060014930,3,106,0.3434381800795077,0.3343524753631825
upstream_common_days,US,ridge,60,7060014930,3,106,0.2041065565749272,0.246727788624706
upstream_common_days,US,ridge,63,7060014930,3,106,0.2689459370149505,0.30656290067876024
upstream_common_days,US,ridge,114,7060014340,4,113,0.28504764230307755,0.38053941748339
upstream_common_days,US,ridge,1151,7060047970,4,113,0.5843168922743912,0.5096524404311769
upstream_common_days,US,ridge,1237,7060047970,4,113,0.6706848696134027,0.5115021308777155
upstream_common_days,US,ridge,169,7060013560,4,113,0.5358492196096671,0.5342868232015164
upstream_common_days,US,ridge,1851,7060043500,4,113,0.16275547134539953,0.18254498803295954
upstream_common_days,US,ridge,1883,7060043640,4,113,0.2594859396710334,0.2274178960595329
upstream_common_days,US,ridge,292,7060022240,4,113,0.44893864747877954,0.33695249333586547
upstream_common_days,US,ridge,442,7060073620,4,113,0.2752968810628519,0.2881213396439968
upstream_common_days,US,ridge,449,7060073620,4,113,0.4238798871954068,0.36898548503293105
upstream_common_days,US,ridge,456,7060073620,4,113,0.25605914571423927,0.22535095139450112
upstream_common_days,US,ridge,467,7060073620,4,113,0.5064303907785369,0.4211423478770631
upstream_common_days,US,ridge,477,7060073620,4,113,0.2528298707120241,0.25793620083430346
upstream_common_days,US,ridge,7308,7060043500,4,113,0.17291437604455698,0.1146475914538077
upstream_common_days,US,rf,1017,7060047060,0,34,0.39350694741793457,0.34672379641587747
upstream_common_days,US,rf,1026,7060047060,0,34,0.27047730320991026,0.335169932784847
upstream_common_days,US,rf,1033,7060047060,0,34,0.34903146806745766,0.37432964221072834
upstream_common_days,US,rf,1036,7060047060,0,34,0.20717264498721943,0.2579829404625853
upstream_common_days,US,rf,1042,7060047060,0,34,0.3236531161741061,0.3712698554913116
upstream_common_days,US,rf,1067,7060047060,0,34,0.6167405131405999,0.37692813062355357
upstream_common_days,US,rf,1092,7060047060,0,34,0.6010081256172075,0.37744817043954365
upstream_common_days,US,rf,1101,7060047060,0,34,0.5979508334437655,0.3473879216659785
upstream_common_days,US,rf,1112,7060047060,0,34,0.4993501914700653,0.3698246789311769
upstream_common_days,US,rf,1121,7060047060,0,34,0.32837844858050913,0.3189407435123708
upstream_common_days,US,rf,1122,7060047060,0,34,0.5217491049159911,0.36848313685112916
upstream_common_days,US,rf,1125,7060047060,0,34,0.32837844858050913,0.3189407435123708
upstream_common_days,US,rf,1127,7060047060,0,34,0.5663454133318315,0.37393724425404945
upstream_common_days,US,rf,1192,7060047060,0,34,0.16430907051601795,0.21709489561875336
upstream_common_days,US,rf,1586,7060047060,0,34,0.10904752528982808,0.24452731647118647
upstream_common_days,US,rf,1587,7060047060,0,34,0.2799957740271275,0.3343484305207894
upstream_common_days,US,rf,1592,7060047060,0,34,0.34382574108077185,0.2571614381985277
upstream_common_days,US,rf,1595,7060047060,0,34,0.10842850910012612,0.24088222753952157
upstream_common_days,US,rf,1600,7060047060,0,34,0.16390038915031843,0.24562404561251905
upstream_common_days,US,rf,1617,7060047060,0,34,0.26566128757157614,0.34191786158910054
upstream_common_days,US,rf,1619,7060047060,0,34,0.14994540981136933,0.2920829589670749
upstream_common_days,US,rf,1620,7060047060,0,34,0.27244922316425124,0.3380266814126036
upstream_common_days,US,rf,1631,7060047060,0,34,0.13586625120138024,0.2579048205142514
upstream_common_days,US,rf,1634,7060047060,0,34,0.1758207414989661,0.24452731647118647
upstream_common_days,US,rf,1636,7060047060,0,34,0.37686352202262224,0.3467167974085259
upstream_common_days,US,rf,1645,7060047060,0,34,0.46880108927990805,0.36848313685112916
upstream_common_days,US,rf,1650,7060047060,0,34,0.1902835665834986,0.33688933938064236
upstream_common_days,US,rf,1654,7060047060,0,34,0.4581723993322289,0.36848313685112916
upstream_common_days,US,rf,1655,7060047060,0,34,0.27903405496887934,0.3400520020262085
upstream_common_days,US,rf,1656,7060047060,0,34,0.2013737127912082,0.2440072766551964
upstream_common_days,US,rf,1683,7060047060,0,34,0.44087707368667267,0.3677791891414486
upstream_common_days,US,rf,1691,7060047060,0,34,0.11616721478804654,0.24302184241948857
upstream_common_days,US,rf,1699,7060047060,0,34,0.10173478820258915,0.24128547930787075
upstream_common_days,US,rf,1703,7060047060,0,34,0.716660099941124,0.3734172044380594
upstream_common_days,US,rf,1706,7060047060,0,34,0.14395730556039704,0.24362515303952853
upstream_common_days,US,rf,1707,7060047060,0,34,0.2516954924878223,0.334649892968857
upstream_common_days,US,rf,1709,7060047060,0,34,0.09069195877190259,0.24128547930787075
upstream_common_days,US,rf,1712,7060047060,0,34,0.1190201878087824,0.24362515303952853
upstream_common_days,US,rf,1713,7060047060,0,34,0.2096398232608936,0.31238250117622185
upstream_common_days,US,rf,1714,7060047060,0,34,0.3091300571912571,0.3439260826509898
upstream_common_days,US,rf,1718,7060047060,0,34,0.44885605648942306,0.36848313685112916
upstream_common_days,US,rf,1723,7060047060,0,34,0.19395669459263004,0.25607384480012846
upstream_common_days,US,rf,1726,7060047060,0,34,0.10896403881507782,0.24362515303952853
upstream_common_days,US,rf,1735,7060047060,0,34,0.06979095290564989,0.24482877891925406
upstream_common_days,US,rf,1739,7060047060,0,34,0.29666539359342553,0.32324122494681645
upstream_common_days,US,rf,1740,7060047060,0,34,0.1758207414989661,0.24452731647118647
upstream_common_days,US,rf,1741,7060047060,0,34,0.3534252217323681,0.34467676286065924
upstream_common_days,US,rf,1742,7060047060,0,34,0.08480826170244422,0.22041063539211433
upstream_common_days,US,rf,1744,7060047060,0,34,0.2387276522901479,0.231650364049227
upstream_common_days,US,rf,1752,7060047060,0,34,0.0302958959256767,0.21030909352212068
upstream_common_days,US,rf,1753,7060047060,0,34,0.034264448408433124,0.2097890537061306
upstream_common_days,US,rf,1755,7060047060,0,34,0.5562673086774179,0.368844395551185
upstream_common_days,US,rf,1768,7060047060,0,34,0.01211858013282131,0.2136242413624554
upstream_common_days,US,rf,1777,7060047060,0,34,0.30228136103486564,0.31883791265973443
upstream_common_days,US,rf,1848,7060047060,0,34,0.5028227720001452,0.34786586778711137
upstream_common_days,US,rf,1864,7060047060,0,34,0.5453666496134132,0.34795376421743723
upstream_common_days,US,rf,1869,7060047060,0,34,0.6497507178945514,0.344973586503595
upstream_common_days,US,rf,307,7060047060,0,34,0.13710457100078935,0.2347272370492604
upstream_common_days,US,rf,319,7060047060,0,34,0.23881827227462005,0.33072127736458556
upstream_common_days,US,rf,355,7060047060,0,34,0.12340187249362164,0.23338569496921274
upstream_common_days,US,rf,362,7060047060,0,34,0.3841607485850629,0.35774643178111937
upstream_common_days,US,rf,364,7060047060,0,34,0.16250170400561625,0.23338569496921274
upstream_common_days,US,rf,368,7060047060,0,34,0.41289960337289583,0.3865691189889918
upstream_common_days,US,rf,373,7060047060,0,34,0.37558270113787345,0.3832874788270821
upstream_common_days,US,rf,393,7060047060,0,34,0.22427692059245702,0.2908763519546636
upstream_common_days,US,rf,398,7060047060,0,34,0.2627616778487855,0.3042585913150254
upstream_common_days,US,rf,415,7060047060,0,34,0.0745806789865424,0.24188686383036853
upstream_common_days,US,rf,416,7060047060,0,34,0.17890221425805486,0.2344715773366616
upstream_common_days,US,rf,421,7060047060,0,34,0.25493325998242067,0.3825438307698958
upstream_common_days,US,rf,500,7060047060,0,34,0.3562560410703974,0.3832874788270821
upstream_common_days,US,rf,505,7060047060,0,34,0.23924474713225585,0.24601981669655398
upstream_common_days,US,rf,511,7060047060,0,34,0.08440368437655454,0.25970124669136596
upstream_common_days,US,rf,522,7060047060,0,34,0.07026054013384717,0.2344715773366616
upstream_common_days,US,rf,530,7060047060,0,34,0.24882327314142194,0.2579182004841974
upstream_common_days,US,rf,533,7060047060,0,34,0.06207667745984695,0.23338569496921274
upstream_common_days,US,rf,7313,7060047060,0,34,0.18782556894938995,0.24501288446575503
upstream_common_days,US,rf,7318,7060047060,0,34,0.01404860943222809,0.23300357135354488
upstream_common_days,US,rf,753,7060047060,0,34,0.15216346333752714,0.2800468842661305
upstream_common_days,US,rf,870,7060047060,0,34,0.05984246578898476,0.24545768050539163
upstream_common_days,US,rf,882,7060047060,0,34,0.07469940515764761,0.2136242413624554
upstream_common_days,US,rf,884,7060047060,0,34,0.0763158000949986,0.20965176498463867
upstream_common_days,US,rf,885,7060047060,0,34,0.06626214192426286,0.21164830954667851
upstream_common_days,US,rf,895,7060047060,0,34,0.014271387481084304,0.20908592243317994
upstream_common_days,US,rf,898,7060047060,0,34,0.4804827463621658,0.358567934045177
upstream_common_days,US,rf,920,7060047060,0,34,0.010603340710536624,0.20966261175852247
upstream_common_days,US,rf,931,7060047060,0,34,1.2472731177871326,0.3614486155847451
upstream_common_days,US,rf,938,7060047060,0,34,0.38426009158298446,0.37039052148263557
upstream_common_days,US,rf,419,7060008710,1,103,0.44082065466842046,0.4548797674668221
upstream_common_days,US,rf,423,7060008710,1,103,0.26117307204484375,0.31975474165747425
upstream_common_days,US,rf,445,7060008710,1,103,0.224138830757966,0.2777007413234681
upstream_common_days,US,rf,448,7060008710,1,103,0.22416607699504454,0.24920062823236336
upstream_common_days,US,rf,451,7060008710,1,103,0.22090927233216076,0.1369680280760845
upstream_common_days,US,rf,469,7060008710,1,103,0.45052235055286904,0.41913121025938793
upstream_common_days,US,rf,470,7060008710,1,103,0.31479673590326607,0.3162671474658717
upstream_common_days,US,rf,488,7060008710,1,103,0.28199738486015824,0.29818167228271536
upstream_common_days,US,rf,497,7060008710,1,103,0.2464086886680948,0.333059964750556
upstream_common_days,US,rf,502,7060008710,1,103,0.30211006397508533,0.24782009552966167
upstream_common_days,US,rf,509,7060008710,1,103,0.09916879377383866,0.2612114058582958
upstream_common_days,US,rf,517,7060008710,1,103,0.3486366875331364,0.34086593996980824
upstream_common_days,US,rf,518,7060008710,1,103,0.5042386268704302,0.42918250409746794
upstream_common_days,US,rf,531,7060008710,1,103,0.19126019666584598,0.2768337942296268
upstream_common_days,US,rf,536,7060008710,1,103,0.25553116336390597,0.2583142971269255
upstream_common_days,US,rf,541,7060008710,1,103,0.33512067960589664,0.35153559418084507
upstream_common_days,US,rf,542,7060008710,1,103,0.021829390999163038,0.09165436324089167
upstream_common_days,US,rf,549,7060008710,1,103,0.17266983428947952,0.1520401061096364
upstream_common_days,US,rf,567,7060008710,1,103,0.6598461853590809,0.46114788660638745
upstream_common_days,US,rf,574,7060008710,1,103,0.4025920589861338,0.41922633212107735
upstream_common_days,US,rf,575,7060008710,1,103,0.3423624117302833,0.41956551398662634
upstream_common_days,US,rf,597,7060008710,1,103,0.504672677607412,0.41516317272023395
upstream_common_days,US,rf,601,7060008710,1,103,0.3984804482743115,0.3500118739896327
upstream_common_days,US,rf,1249,7060048410,2,117,1.1752645856080293,0.5372810228901461
upstream_common_days,US,rf,132,7060013550,2,117,0.22046421488839568,0.1500377255278952
upstream_common_days,US,rf,133,7060013550,2,117,0.0872185410310191,0.0815417519040053
upstream_common_days,US,rf,148,7060013550,2,117,0.21833227848872927,0.21571076644924717
upstream_common_days,US,rf,1776,7060043090,2,117,0.0855439313352062,0.09009008465437734
upstream_common_days,US,rf,182,7060013550,2,117,0.18271699961023843,0.21262015869565215
upstream_common_days,US,rf,191,7060013550,2,117,0.24386640433051454,0.32848257031887207
upstream_common_days,US,rf,198,7060013550,2,117,0.30894982013781086,0.3135157634437571
upstream_common_days,US,rf,204,7060013550,2,117,0.3066385469683326,0.3190951806715035
upstream_common_days,US,rf,524,7060073920,2,117,0.28463745446912436,0.4894487875698125
upstream_common_days,US,rf,595,7060013550,2,117,0.10828677413827531,0.21754477376760226
upstream_common_days,US,rf,600,7060013550,2,117,0.2973337878686663,0.32528427392032944
upstream_common_days,US,rf,612,7060013550,2,117,0.11004515406213367,0.16969450922007648
upstream_common_days,US,rf,1086,7060049270,3,106,1.1065786202138204,0.45643279934273195
upstream_common_days,US,rf,131,7060014200,3,106,0.27333918635913207,0.2878446922481043
upstream_common_days,US,rf,1761,7060042310,3,106,0.27724474371309005,0.21853235510427307
upstream_common_days,US,rf,1879,7060043160,3,106,0.5747260555684761,0.37924018336669696
upstream_common_days,US,rf,310,7060014930,3,106,0.06279365977724899,0.08797546059383012
upstream_common_days,US,rf,316,7060014930,3,106,0.2222499551419378,0.24616591301025342
upstream_common_days,US,rf,361,7060014930,3,106,0.10836787673158613,0.17198294436649295
upstream_common_days,US,rf,372,7060014930,3,106,0.2942816619350156,0.31754660955826697
upstream_common_days,US,rf,384,7060014930,3,106,0.3030019109094392,0.2976081149057752
upstream_common_days,US,rf,386,7060014930,3,106,0.572864021275219,0.448032773213774
upstream_common_days,US,rf,391,7060014930,3,106,0.11630684303528308,0.14567263714786516
upstream_common_days,US,rf,41,7060016090,3,106,0.30546303515284856,0.2895741247290705
upstream_common_days,US,rf,413,7060014930,3,106,0.015188338602546802,0.11360945402706761
upstream_common_days,US,rf,42,7060016090,3,106,0.366221789192078,0.33003093296483593
upstream_common_days,US,rf,55,7060014930,3,106,0.2855472312792672,0.3198125708555496
upstream_common_days,US,rf,57,7060014930,3,106,0.3434381800795077,0.34414239346998143
upstream_common_days,US,rf,60,7060014930,3,106,0.2041065565749272,0.2896117801587413
upstream_common_days,US,rf,63,7060014930,3,106,0.2689459370149505,0.32028211380801413
upstream_common_days,US,rf,114,7060014340,4,113,0.28504764230307755,0.4296453497243884
upstream_common_days,US,rf,1151,7060047970,4,113,0.5843168922743912,0.4597308568331955
upstream_common_days,US,rf,1237,7060047970,4,113,0.6706848696134027,0.5213274642941231
upstream_common_days,US,rf,169,7060013560,4,113,0.5358492196096671,0.4559017762807786
upstream_common_days,US,rf,1851,7060043500,4,113,0.16275547134539953,0.17005207787660312
upstream_common_days,US,rf,1883,7060043640,4,113,0.2594859396710334,0.2029844453974078
upstream_common_days,US,rf,292,7060022240,4,113,0.44893864747877954,0.41101850094441394
upstream_common_days,US,rf,442,7060073620,4,113,0.2752968810628519,0.33435942105842015
upstream_common_days,US,rf,449,7060073620,4,113,0.4238798871954068,0.43391173360790375
upstream_common_days,US,rf,456,7060073620,4,113,0.25605914571423927,0.2499890552008822
upstream_common_days,US,rf,467,7060073620,4,113,0.5064303907785369,0.43140088532873244
upstream_common_days,US,rf,477,7060073620,4,113,0.2528298707120241,0.2574250879483765
upstream_common_days,US,rf,7308,7060043500,4,113,0.17291437604455698,0.11080893161006149
cars_common_cohort,US,mean,1017,7060047060,0,34,0.3767102226800422,0.2977931935558069
cars_common_cohort,US,mean,1026,7060047060,0,34,0.25625519090176824,0.2977931935558069
cars_common_cohort,US,mean,1033,7060047060,0,34,0.3421777595752804,0.2977931935558069
cars_common_cohort,US,mean,1036,7060047060,0,34,0.19946345325612022,0.2977931935558069
cars_common_cohort,US,mean,1042,7060047060,0,34,0.3086252424534333,0.2977931935558069
cars_common_cohort,US,mean,1067,7060047060,0,34,0.5998478490301629,0.2977931935558069
cars_common_cohort,US,mean,1092,7060047060,0,34,0.5538973189418028,0.2977931935558069
cars_common_cohort,US,mean,1101,7060047060,0,34,0.5732890822190375,0.2977931935558069
cars_common_cohort,US,mean,1112,7060047060,0,34,0.4529900451763571,0.2977931935558069
cars_common_cohort,US,mean,1121,7060047060,0,34,0.29573686102470564,0.2977931935558069
cars_common_cohort,US,mean,1122,7060047060,0,34,0.4731408184743925,0.2977931935558069
cars_common_cohort,US,mean,1125,7060047060,0,34,0.29573686102470564,0.2977931935558069
cars_common_cohort,US,mean,1127,7060047060,0,34,0.5284257833617235,0.2977931935558069
cars_common_cohort,US,mean,1192,7060047060,0,34,0.15622551667530427,0.2977931935558069
cars_common_cohort,US,mean,1586,7060047060,0,34,0.10090961354906708,0.2977931935558069
cars_common_cohort,US,mean,1587,7060047060,0,34,0.2531868046723131,0.2977931935558069
cars_common_cohort,US,mean,1592,7060047060,0,34,0.3257712611764545,0.2977931935558069
cars_common_cohort,US,mean,1595,7060047060,0,34,0.0973436812701083,0.2977931935558069
cars_common_cohort,US,mean,1600,7060047060,0,34,0.14853021419039886,0.2977931935558069
cars_common_cohort,US,mean,1617,7060047060,0,34,0.24687425297109888,0.2977931935558069
cars_common_cohort,US,mean,1619,7060047060,0,34,0.13245760053603373,0.2977931935558069
cars_common_cohort,US,mean,1620,7060047060,0,34,0.26035611659680125,0.2977931935558069
cars_common_cohort,US,mean,1631,7060047060,0,34,0.11543700302138787,0.2977931935558069
cars_common_cohort,US,mean,1634,7060047060,0,34,0.16133901010123658,0.2977931935558069
cars_common_cohort,US,mean,1636,7060047060,0,34,0.34310552073147055,0.2977931935558069
cars_common_cohort,US,mean,1645,7060047060,0,34,0.43703759577674123,0.2977931935558069
cars_common_cohort,US,mean,1650,7060047060,0,34,0.15935517429417478,0.2977931935558069
cars_common_cohort,US,mean,1654,7060047060,0,34,0.4218435553220695,0.2977931935558069
cars_common_cohort,US,mean,1655,7060047060,0,34,0.2436515966980656,0.2977931935558069
cars_common_cohort,US,mean,1656,7060047060,0,34,0.16921263797743122,0.2977931935558069
cars_common_cohort,US,mean,1683,7060047060,0,34,0.3901169448841023,0.2977931935558069
cars_common_cohort,US,mean,1691,7060047060,0,34,0.09129167479621161,0.2977931935558069
cars_common_cohort,US,mean,1699,7060047060,0,34,0.08642534293446677,0.2977931935558069
cars_common_cohort,US,mean,1703,7060047060,0,34,0.6719276083841421,0.2977931935558069
cars_common_cohort,US,mean,1706,7060047060,0,34,0.13111941543593233,0.2977931935558069
cars_common_cohort,US,mean,1707,7060047060,0,34,0.20455684515248346,0.2977931935558069
cars_common_cohort,US,mean,1709,7060047060,0,34,0.07526172636281764,0.2977931935558069
cars_common_cohort,US,mean,1712,7060047060,0,34,0.08719223605780649,0.2977931935558069
cars_common_cohort,US,mean,1713,7060047060,0,34,0.18000550115060232,0.2977931935558069
cars_common_cohort,US,mean,1714,7060047060,0,34,0.28978101331581735,0.2977931935558069
cars_common_cohort,US,mean,1718,7060047060,0,34,0.394739557462232,0.2977931935558069
cars_common_cohort,US,mean,1723,7060047060,0,34,0.15212299221423958,0.2977931935558069
cars_common_cohort,US,mean,1726,7060047060,0,34,0.09003522408520709,0.2977931935558069
cars_common_cohort,US,mean,1735,7060047060,0,34,0.05883707799962642,0.2977931935558069
cars_common_cohort,US,mean,1739,7060047060,0,34,0.26952085731685316,0.2977931935558069
cars_common_cohort,US,mean,1740,7060047060,0,34,0.1589239050565217,0.2977931935558069
cars_common_cohort,US,mean,1741,7060047060,0,34,0.3146143807409897,0.2977931935558069
cars_common_cohort,US,mean,1742,7060047060,0,34,0.07137936169626372,0.2977931935558069
cars_common_cohort,US,mean,1744,7060047060,0,34,0.21324280186253824,0.2977931935558069
cars_common_cohort,US,mean,1752,7060047060,0,34,0.02732428109480984,0.2977931935558069
cars_common_cohort,US,mean,1753,7060047060,0,34,0.03384360187055937,0.2977931935558069
cars_common_cohort,US,mean,1755,7060047060,0,34,0.5328497903478746,0.2977931935558069
cars_common_cohort,US,mean,1768,7060047060,0,34,0.010814949128347994,0.2977931935558069
cars_common_cohort,US,mean,1777,7060047060,0,34,0.28909389421808096,0.2977931935558069
cars_common_cohort,US,mean,1848,7060047060,0,34,0.4800253185821163,0.2977931935558069
cars_common_cohort,US,mean,1864,7060047060,0,34,0.5318920034094353,0.2977931935558069
cars_common_cohort,US,mean,1869,7060047060,0,34,0.6181993694029078,0.2977931935558069
cars_common_cohort,US,mean,307,7060047060,0,34,0.13528669233477014,0.2977931935558069
cars_common_cohort,US,mean,319,7060047060,0,34,0.23720243735094437,0.2977931935558069
cars_common_cohort,US,mean,355,7060047060,0,34,0.12272469188767607,0.2977931935558069
cars_common_cohort,US,mean,362,7060047060,0,34,0.3864645066597572,0.2977931935558069
cars_common_cohort,US,mean,364,7060047060,0,34,0.16167768783006337,0.2977931935558069
cars_common_cohort,US,mean,368,7060047060,0,34,0.4096064798436735,0.2977931935558069
cars_common_cohort,US,mean,373,7060047060,0,34,0.37558580011839665,0.2977931935558069
cars_common_cohort,US,mean,393,7060047060,0,34,0.2235727680227117,0.2977931935558069
cars_common_cohort,US,mean,398,7060047060,0,34,0.2636061818578061,0.2977931935558069
cars_common_cohort,US,mean,415,7060047060,0,34,0.07439807135004639,0.2977931935558069
cars_common_cohort,US,mean,416,7060047060,0,34,0.18256724140525943,0.2977931935558069
cars_common_cohort,US,mean,421,7060047060,0,34,0.2531768818393909,0.2977931935558069
cars_common_cohort,US,mean,500,7060047060,0,34,0.35710034798351037,0.2977931935558069
cars_common_cohort,US,mean,505,7060047060,0,34,0.23801375600200253,0.2977931935558069
cars_common_cohort,US,mean,511,7060047060,0,34,0.08335690047648478,0.2977931935558069
cars_common_cohort,US,mean,522,7060047060,0,34,0.0714074460062018,0.2977931935558069
cars_common_cohort,US,mean,530,7060047060,0,34,0.24882530842092745,0.2977931935558069
cars_common_cohort,US,mean,533,7060047060,0,34,0.050322851451944275,0.2977931935558069
cars_common_cohort,US,mean,7313,7060047060,0,34,0.18751672464372046,0.2977931935558069
cars_common_cohort,US,mean,7318,7060047060,0,34,0.011418187875291395,0.2977931935558069
cars_common_cohort,US,mean,753,7060047060,0,34,0.15115842356726944,0.2977931935558069
cars_common_cohort,US,mean,870,7060047060,0,34,0.05728962862512674,0.2977931935558069
cars_common_cohort,US,mean,882,7060047060,0,34,0.07487405610658132,0.2977931935558069
cars_common_cohort,US,mean,884,7060047060,0,34,0.058890091762423005,0.2977931935558069
cars_common_cohort,US,mean,885,7060047060,0,34,0.060213697559366314,0.2977931935558069
cars_common_cohort,US,mean,895,7060047060,0,34,0.01200902548294359,0.2977931935558069
cars_common_cohort,US,mean,898,7060047060,0,34,0.4809622045609584,0.2977931935558069
cars_common_cohort,US,mean,920,7060047060,0,34,0.009702717289224134,0.2977931935558069
cars_common_cohort,US,mean,931,7060047060,0,34,1.2052396392304092,0.2977931935558069
cars_common_cohort,US,mean,938,7060047060,0,34,0.3968494669462763,0.2977931935558069
cars_common_cohort,US,mean,419,7060008710,1,103,0.4416205857741654,0.260365563703581
cars_common_cohort,US,mean,423,7060008710,1,103,0.2609668929402653,0.260365563703581
cars_common_cohort,US,mean,445,7060008710,1,103,0.22415083691444454,0.260365563703581
cars_common_cohort,US,mean,448,7060008710,1,103,0.22427414079737434,0.260365563703581
cars_common_cohort,US,mean,451,7060008710,1,103,0.2142445264803189,0.260365563703581
cars_common_cohort,US,mean,469,7060008710,1,103,0.46365928111475874,0.260365563703581
cars_common_cohort,US,mean,470,7060008710,1,103,0.30999258982574807,0.260365563703581
cars_common_cohort,US,mean,488,7060008710,1,103,0.2871536416436151,0.260365563703581
cars_common_cohort,US,mean,497,7060008710,1,103,0.24859788496998347,0.260365563703581
cars_common_cohort,US,mean,502,7060008710,1,103,0.30423695353723224,0.260365563703581
cars_common_cohort,US,mean,509,7060008710,1,103,0.0984713136044381,0.260365563703581
cars_common_cohort,US,mean,517,7060008710,1,103,0.3479024777143732,0.260365563703581
cars_common_cohort,US,mean,518,7060008710,1,103,0.5128392897293541,0.260365563703581
cars_common_cohort,US,mean,531,7060008710,1,103,0.1943925982432932,0.260365563703581
cars_common_cohort,US,mean,536,7060008710,1,103,0.25250797575882156,0.260365563703581
cars_common_cohort,US,mean,541,7060008710,1,103,0.3372827560408248,0.260365563703581
cars_common_cohort,US,mean,542,7060008710,1,103,0.018790976407496537,0.260365563703581
cars_common_cohort,US,mean,549,7060008710,1,103,0.1701278393208284,0.260365563703581
cars_common_cohort,US,mean,567,7060008710,1,103,0.6561024589795234,0.260365563703581
cars_common_cohort,US,mean,574,7060008710,1,103,0.39976135828890924,0.260365563703581
cars_common_cohort,US,mean,575,7060008710,1,103,0.3449917751935075,0.260365563703581
cars_common_cohort,US,mean,597,7060008710,1,103,0.5041937892767199,0.260365563703581
cars_common_cohort,US,mean,601,7060008710,1,103,0.3977358697471582,0.260365563703581
cars_common_cohort,US,mean,1249,7060048410,2,117,1.146030395254913,0.2677069006833131
cars_common_cohort,US,mean,132,7060013550,2,117,0.21980128669475302,0.2677069006833131
cars_common_cohort,US,mean,133,7060013550,2,117,0.07419048047485194,0.2677069006833131
cars_common_cohort,US,mean,148,7060013550,2,117,0.21978420333248716,0.2677069006833131
cars_common_cohort,US,mean,1776,7060043090,2,117,0.07073662060070428,0.2677069006833131
cars_common_cohort,US,mean,182,7060013550,2,117,0.18126164103477693,0.2677069006833131
cars_common_cohort,US,mean,191,7060013550,2,117,0.2234054546701261,0.2677069006833131
cars_common_cohort,US,mean,198,7060013550,2,117,0.3030069769194994,0.2677069006833131
cars_common_cohort,US,mean,204,7060013550,2,117,0.30221711336109347,0.2677069006833131
cars_common_cohort,US,mean,524,7060073920,2,117,0.2800087631552244,0.2677069006833131
cars_common_cohort,US,mean,595,7060013550,2,117,0.1074165396122517,0.2677069006833131
cars_common_cohort,US,mean,600,7060013550,2,117,0.2941340706340895,0.2677069006833131
cars_common_cohort,US,mean,612,7060013550,2,117,0.10733503940308617,0.2677069006833131
cars_common_cohort,US,mean,1086,7060049270,3,106,1.0688908847059717,0.2605134403358955
cars_common_cohort,US,mean,131,7060014200,3,106,0.30696206638849055,0.2605134403358955
cars_common_cohort,US,mean,1761,7060042310,3,106,0.2589475273602554,0.2605134403358955
cars_common_cohort,US,mean,1879,7060043160,3,106,0.5783266087608062,0.2605134403358955
cars_common_cohort,US,mean,310,7060014930,3,106,0.06025614607528096,0.2605134403358955
cars_common_cohort,US,mean,316,7060014930,3,106,0.2220848054312484,0.2605134403358955
cars_common_cohort,US,mean,361,7060014930,3,106,0.10503189579573496,0.2605134403358955
cars_common_cohort,US,mean,372,7060014930,3,106,0.30493644885189647,0.2605134403358955
cars_common_cohort,US,mean,384,7060014930,3,106,0.3093526199502241,0.2605134403358955
cars_common_cohort,US,mean,386,7060014930,3,106,0.5767595458015281,0.2605134403358955
cars_common_cohort,US,mean,391,7060014930,3,106,0.11565386794679762,0.2605134403358955
cars_common_cohort,US,mean,41,7060016090,3,106,0.3063485000731634,0.2605134403358955
cars_common_cohort,US,mean,413,7060014930,3,106,0.014957428854622506,0.2605134403358955
cars_common_cohort,US,mean,42,7060016090,3,106,0.3638214534858144,0.2605134403358955
cars_common_cohort,US,mean,55,7060014930,3,106,0.2791408868597332,0.2605134403358955
cars_common_cohort,US,mean,57,7060014930,3,106,0.3399568096450151,0.2605134403358955
cars_common_cohort,US,mean,60,7060014930,3,106,0.20260488753198175,0.2605134403358955
cars_common_cohort,US,mean,63,7060014930,3,106,0.2699904997815742,0.2605134403358955
cars_common_cohort,US,mean,114,7060014340,4,113,0.28535177249533317,0.26241492709222114
cars_common_cohort,US,mean,1151,7060047970,4,113,0.537804254533716,0.26241492709222114
cars_common_cohort,US,mean,1237,7060047970,4,113,0.6223175503941138,0.26241492709222114
cars_common_cohort,US,mean,169,7060013560,4,113,0.5336578409890408,0.26241492709222114
cars_common_cohort,US,mean,1851,7060043500,4,113,0.12392692879677134,0.26241492709222114
cars_common_cohort,US,mean,1883,7060043640,4,113,0.25082374609997554,0.26241492709222114
cars_common_cohort,US,mean,292,7060022240,4,113,0.4472345683630451,0.26241492709222114
cars_common_cohort,US,mean,442,7060073620,4,113,0.2880753880040633,0.26241492709222114
cars_common_cohort,US,mean,449,7060073620,4,113,0.426066484362956,0.26241492709222114
cars_common_cohort,US,mean,456,7060073620,4,113,0.2640694177067812,0.26241492709222114
cars_common_cohort,US,mean,467,7060073620,4,113,0.5066104513145995,0.26241492709222114
cars_common_cohort,US,mean,477,7060073620,4,113,0.2618498475460717,0.26241492709222114
cars_common_cohort,US,mean,7308,7060043500,4,113,0.1498584901974067,0.26241492709222114
cars_common_cohort,BR,mean,1131,6060007000,-1,118,0.0390069704748579,0.2657959939808882
cars_common_cohort,BR,mean,1145,6060011780,-1,118,0.9429708577848884,0.2657959939808882
cars_common_cohort,BR,mean,1146,6060011780,-1,118,0.0139588343760545,0.2657959939808882
cars_common_cohort,BR,mean,1147,6060011780,-1,118,0.0155383998299051,0.2657959939808882
cars_common_cohort,BR,mean,1154,6060016970,-1,118,0.4825847875493023,0.2657959939808882
cars_common_cohort,BR,mean,1165,6060016970,-1,118,0.0547998237636922,0.2657959939808882
cars_common_cohort,BR,mean,1166,6060016970,-1,118,0.0145229343356155,0.2657959939808882
cars_common_cohort,BR,mean,1167,6060016970,-1,118,0.0326411043303537,0.2657959939808882
cars_common_cohort,BR,mean,1168,6060016970,-1,118,0.0048962466331128,0.2657959939808882
cars_common_cohort,BR,mean,1169,6060016970,-1,118,0.0130415300561963,0.2657959939808882
cars_common_cohort,BR,mean,1170,6060016970,-1,118,0.0380463633921466,0.2657959939808882
cars_common_cohort,BR,mean,1174,6060016970,-1,118,0.0639880778333452,0.2657959939808882
cars_common_cohort,BR,mean,1175,6060016970,-1,118,0.2278760279754066,0.2657959939808882
cars_common_cohort,BR,mean,1176,6060016970,-1,118,0.0096236151736861,0.2657959939808882
cars_common_cohort,BR,mean,1177,6060016970,-1,118,0.0107750395620475,0.2657959939808882
cars_common_cohort,BR,mean,1178,6060013750,-1,118,0.0696826154728397,0.2657959939808882
cars_common_cohort,BR,mean,1179,6060016970,-1,118,0.0090022031832229,0.2657959939808882
cars_common_cohort,BR,mean,1182,6060016970,-1,118,0.0032266821323722,0.2657959939808882
cars_common_cohort,BR,mean,1183,6060016970,-1,118,0.0061949884092648,0.2657959939808882
cars_common_cohort,BR,mean,1186,6060013750,-1,118,0.2202870865187361,0.2657959939808882
cars_common_cohort,BR,mean,1187,6060013750,-1,118,0.0558600848218432,0.2657959939808882
cars_common_cohort,BR,mean,1191,6060016970,-1,118,0.453581512388476,0.2657959939808882
cars_common_cohort,BR,mean,1192,6060016970,-1,118,0.2503726875185316,0.2657959939808882
cars_common_cohort,BR,mean,1195,6060016970,-1,118,0.017870733285531,0.2657959939808882
cars_common_cohort,BR,mean,1196,6060016970,-1,118,0.0285317239706438,0.2657959939808882
cars_common_cohort,BR,mean,1198,6060016970,-1,118,0.1793764263003081,0.2657959939808882
cars_common_cohort,BR,mean,1199,6060016760,-1,118,0.0463493410700394,0.2657959939808882
cars_common_cohort,BR,mean,1200,6060016760,-1,118,0.0717300944791795,0.2657959939808882
cars_common_cohort,BR,mean,1201,6060015560,-1,118,0.1973575345701719,0.2657959939808882
cars_common_cohort,BR,mean,1202,6060015560,-1,118,0.0462549910200803,0.2657959939808882
cars_common_cohort,BR,mean,13435,6060013420,-1,118,0.0082857432417853,0.2657959939808882
cars_common_cohort,BR,mean,13477,6060016970,-1,118,0.0030196517971885,0.2657959939808882
cars_common_cohort,BR,mean,197,6060009760,-1,118,0.1494897777211895,0.2657959939808882
cars_common_cohort,BR,mean,198,6060011780,-1,118,0.0165135046711468,0.2657959939808882
cars_common_cohort,BR,mean,201,6060007950,-1,118,0.0258143608677011,0.2657959939808882
cars_common_cohort,BR,mean,202,6060007950,-1,118,0.3440314527118721,0.2657959939808882
cars_common_cohort,BR,mean,203,6060011780,-1,118,0.367381248821139,0.2657959939808882
cars_common_cohort,BR,mean,204,6060016970,-1,118,0.201860303416369,0.2657959939808882
cars_common_cohort,BR,mean,205,6060016970,-1,118,0.126467830862241,0.2657959939808882
cars_common_cohort,BR,mean,206,6060016970,-1,118,0.0531391459024513,0.2657959939808882
cars_common_cohort,BR,mean,207,6060016970,-1,118,0.2090450087283482,0.2657959939808882
cars_common_cohort,BR,mean,208,6060016970,-1,118,0.0355714826805463,0.2657959939808882
cars_common_cohort,BR,mean,209,6060016970,-1,118,0.0144028771681114,0.2657959939808882
cars_common_cohort,BR,mean,210,6060016970,-1,118,0.0246088546523943,0.2657959939808882
cars_common_cohort,BR,mean,211,6060016970,-1,118,0.0375761424301017,0.2657959939808882
cars_common_cohort,BR,mean,212,6060016970,-1,118,0.0317800847168669,0.2657959939808882
cars_common_cohort,BR,mean,213,6060016970,-1,118,0.1315362853370682,0.2657959939808882
cars_common_cohort,BR,mean,214,6060016970,-1,118,0.2184430138933118,0.2657959939808882
cars_common_cohort,BR,mean,215,6060016970,-1,118,0.0064473546862729,0.2657959939808882
cars_common_cohort,BR,mean,216,6060016970,-1,118,0.0134168828736038,0.2657959939808882
cars_common_cohort,BR,mean,217,6060016970,-1,118,0.0569943517910319,0.2657959939808882
cars_common_cohort,BR,mean,218,6060016970,-1,118,0.1284025733050957,0.2657959939808882
cars_common_cohort,BR,mean,219,6060016970,-1,118,0.0153734568227492,0.2657959939808882
cars_common_cohort,BR,mean,220,6060016970,-1,118,0.0662670354688832,0.2657959939808882
cars_common_cohort,BR,mean,221,6060016970,-1,118,0.0852393222064124,0.2657959939808882
cars_common_cohort,BR,mean,222,6060016970,-1,118,0.1468871124305796,0.2657959939808882
cars_common_cohort,BR,mean,223,6060013750,-1,118,0.2093873097513461,0.2657959939808882
cars_common_cohort,BR,mean,225,6060016970,-1,118,0.0259738684729026,0.2657959939808882
cars_common_cohort,BR,mean,226,6060016970,-1,118,0.0339030273856548,0.2657959939808882
cars_common_cohort,BR,mean,228,6060016760,-1,118,0.2405008092347565,0.2657959939808882
cars_common_cohort,BR,mean,229,6060015560,-1,118,0.1344295002452387,0.2657959939808882
cars_common_cohort,BR,mean,26,6060007950,-1,118,0.1610421735228621,0.2657959939808882
cars_common_cohort,BR,mean,27,6060011780,-1,118,0.2193514668254769,0.2657959939808882
cars_common_cohort,BR,mean,28,6060016970,-1,118,0.0157601793772504,0.2657959939808882
cars_common_cohort,BR,mean,28512,6060016970,-1,118,0.005104449711395,0.2657959939808882
cars_common_cohort,BR,mean,29,6060016970,-1,118,0.0093943956875154,0.2657959939808882
cars_common_cohort,BR,mean,30,6060016970,-1,118,0.0145609957353346,0.2657959939808882
cars_common_cohort,BR,mean,3464,6060013420,-1,118,0.0025825778702569,0.2657959939808882
cars_common_cohort,BR,mean,3472,6060016970,-1,118,0.0044035648738334,0.2657959939808882
cars_common_cohort,BR,mean,3481,6060014460,-1,118,0.198100391080738,0.2657959939808882
cars_common_cohort,BR,mean,3483,6060016970,-1,118,0.6851183600961861,0.2657959939808882
cars_common_cohort,BR,mean,3486,6060016760,-1,118,0.0390585441286255,0.2657959939808882
cars_common_cohort,BR,mean,3491,6060015560,-1,118,0.0693921885438663,0.2657959939808882
cars_common_cohort,BR,mean,40670,6060013420,-1,118,0.0416545111432612,0.2657959939808882
cars_common_cohort,BR,mean,40862,6060013430,-1,118,0.0085255338352187,0.2657959939808882
cars_common_cohort,BR,mean,41066,6060015560,-1,118,0.004850844396302,0.2657959939808882
cars_common_cohort,BR,mean,6874,6060016760,-1,118,0.3314226222254867,0.2657959939808882
cars_common_cohort,BR,mean,6875,6060016970,-1,118,0.020580097384573,0.2657959939808882
cars_common_cohort,BR,mean,6878,6060007950,-1,118,0.1869219645099048,0.2657959939808882
cars_common_cohort,BR,mean,6879,6060016760,-1,118,0.0151105669364328,0.2657959939808882
cars_common_cohort,BR,mean,6883,6060007950,-1,118,0.0200774969459172,0.2657959939808882
cars_common_cohort,BR,mean,7256,6060016970,-1,118,0.0296251511125645,0.2657959939808882
cars_common_cohort,BR,mean,7257,6060016970,-1,118,0.0331956746743684,0.2657959939808882
cars_common_cohort,BR,mean,7259,6060016970,-1,118,0.0218010705573437,0.2657959939808882
cars_common_cohort,BR,mean,7263,6060015560,-1,118,0.0151376875110565,0.2657959939808882
cars_common_cohort,BR,mean,7270,6060016970,-1,118,2.9466869428392814e-05,0.2657959939808882
cars_common_cohort,BR,mean,7274,6060016760,-1,118,0.0725384640486719,0.2657959939808882
cars_common_cohort,BR,mean,7424,6060015560,-1,118,0.0099914835892373,0.2657959939808882
cars_common_cohort,BR,mean,8393,6060016970,-1,118,0.0023328943737665,0.2657959939808882
cars_common_cohort,BR,mean,8396,6060016970,-1,118,0.0074185628142692,0.2657959939808882
cars_common_cohort,BR,mean,8448,6060015560,-1,118,0.0091361958418698,0.2657959939808882
cars_common_cohort,US,persistence,1017,7060047060,0,34,0.3767102226800422,0.3063632691613325
cars_common_cohort,US,persistence,1026,7060047060,0,34,0.25625519090176824,0.25703940688098237
cars_common_cohort,US,persistence,1033,7060047060,0,34,0.3421777595752804,0.32473007300849493
cars_common_cohort,US,persistence,1036,7060047060,0,34,0.19946345325612022,0.19938486125213073
cars_common_cohort,US,persistence,1042,7060047060,0,34,0.3086252424534333,0.35479328489218975
cars_common_cohort,US,persistence,1067,7060047060,0,34,0.5998478490301629,0.5325281058862181
cars_common_cohort,US,persistence,1092,7060047060,0,34,0.5538973189418028,0.4770320849549008
cars_common_cohort,US,persistence,1101,7060047060,0,34,0.5732890822190375,0.45531807330083274
cars_common_cohort,US,persistence,1112,7060047060,0,34,0.4529900451763571,0.3423355702806719
cars_common_cohort,US,persistence,1121,7060047060,0,34,0.29573686102470564,0.22891617481856585
cars_common_cohort,US,persistence,1122,7060047060,0,34,0.4731408184743925,0.4134959440304958
cars_common_cohort,US,persistence,1125,7060047060,0,34,0.29573686102470564,0.22891617481856585
cars_common_cohort,US,persistence,1127,7060047060,0,34,0.5284257833617235,0.449194919462514
cars_common_cohort,US,persistence,1192,7060047060,0,34,0.15622551667530427,0.11184784992534776
cars_common_cohort,US,persistence,1586,7060047060,0,34,0.10090961354906708,0.13120551636747765
cars_common_cohort,US,persistence,1587,7060047060,0,34,0.2531868046723131,0.26044997089284855
cars_common_cohort,US,persistence,1592,7060047060,0,34,0.3257712611764545,0.20533204043906847
cars_common_cohort,US,persistence,1595,7060047060,0,34,0.0973436812701083,0.034416816662003864
cars_common_cohort,US,persistence,1600,7060047060,0,34,0.14853021419039886,0.1296322465659805
cars_common_cohort,US,persistence,1617,7060047060,0,34,0.24687425297109888,0.30142176336420584
cars_common_cohort,US,persistence,1619,7060047060,0,34,0.13245760053603373,0.22437098640261194
cars_common_cohort,US,persistence,1620,7060047060,0,34,0.26035611659680125,0.2867891046920065
cars_common_cohort,US,persistence,1631,7060047060,0,34,0.11543700302138787,0.18237004487820957
cars_common_cohort,US,persistence,1634,7060047060,0,34,0.16133901010123658,0.13342711254633016
cars_common_cohort,US,persistence,1636,7060047060,0,34,0.34310552073147055,0.4339507826290103
cars_common_cohort,US,persistence,1645,7060047060,0,34,0.43703759577674123,0.40500646016277175
cars_common_cohort,US,persistence,1650,7060047060,0,34,0.15935517429417478,0.24036226984060827
cars_common_cohort,US,persistence,1654,7060047060,0,34,0.4218435553220695,0.41501930654162267
cars_common_cohort,US,persistence,1655,7060047060,0,34,0.2436515966980656,0.2431128891410848
cars_common_cohort,US,persistence,1656,7060047060,0,34,0.16921263797743122,0.13246232473135744
cars_common_cohort,US,persistence,1683,7060047060,0,34,0.3901169448841023,0.31684031954774916
cars_common_cohort,US,persistence,1691,7060047060,0,34,0.09129167479621161,0.1411589423780079
cars_common_cohort,US,persistence,1699,7060047060,0,34,0.08642534293446677,0.08269951063557478
cars_common_cohort,US,persistence,1703,7060047060,0,34,0.6719276083841421,0.5453170994179828
cars_common_cohort,US,persistence,1706,7060047060,0,34,0.13111941543593233,0.12638208602596696
cars_common_cohort,US,persistence,1707,7060047060,0,34,0.20455684515248346,0.24333614416725757
cars_common_cohort,US,persistence,1709,7060047060,0,34,0.07526172636281764,0.05910140801630302
cars_common_cohort,US,persistence,1712,7060047060,0,34,0.08719223605780649,0.11476065023526918
cars_common_cohort,US,persistence,1713,7060047060,0,34,0.18000550115060232,0.24864642535655
cars_common_cohort,US,persistence,1714,7060047060,0,34,0.28978101331581735,0.3481205054128808
cars_common_cohort,US,persistence,1718,7060047060,0,34,0.394739557462232,0.4286073075539841
cars_common_cohort,US,persistence,1723,7060047060,0,34,0.15212299221423958,0.17012289905439995
cars_common_cohort,US,persistence,1726,7060047060,0,34,0.09003522408520709,0.11003319331536628
cars_common_cohort,US,persistence,1735,7060047060,0,34,0.05883707799962642,0.06818066653337751
cars_common_cohort,US,persistence,1739,7060047060,0,34,0.26952085731685316,0.27782016159336365
cars_common_cohort,US,persistence,1740,7060047060,0,34,0.1589239050565217,0.1319573906882313
cars_common_cohort,US,persistence,1741,7060047060,0,34,0.3146143807409897,0.2731331402455893
cars_common_cohort,US,persistence,1742,7060047060,0,34,0.07137936169626372,0.07144875562479625
cars_common_cohort,US,persistence,1744,7060047060,0,34,0.21324280186253824,0.1851406018086097
cars_common_cohort,US,persistence,1752,7060047060,0,34,0.02732428109480984,0.035459805641893875
cars_common_cohort,US,persistence,1753,7060047060,0,34,0.03384360187055937,0.11562318353919038
cars_common_cohort,US,persistence,1755,7060047060,0,34,0.5328497903478746,0.44655062100773546
cars_common_cohort,US,persistence,1768,7060047060,0,34,0.010814949128347994,0.015619856613700082
cars_common_cohort,US,persistence,1777,7060047060,0,34,0.28909389421808096,0.28866603465925067
cars_common_cohort,US,persistence,1848,7060047060,0,34,0.4800253185821163,0.49658658164455693
cars_common_cohort,US,persistence,1864,7060047060,0,34,0.5318920034094353,0.5031150877157544
cars_common_cohort,US,persistence,1869,7060047060,0,34,0.6181993694029078,0.6560245547725599
cars_common_cohort,US,persistence,307,7060047060,0,34,0.13528669233477014,0.15199896504099472
cars_common_cohort,US,persistence,319,7060047060,0,34,0.23720243735094437,0.25446752643635245
cars_common_cohort,US,persistence,355,7060047060,0,34,0.12272469188767607,0.15163693108827428
cars_common_cohort,US,persistence,362,7060047060,0,34,0.3864645066597572,0.6834958479568398
cars_common_cohort,US,persistence,364,7060047060,0,34,0.16167768783006337,0.1383190194230687
cars_common_cohort,US,persistence,368,7060047060,0,34,0.4096064798436735,0.379082216342184
cars_common_cohort,US,persistence,373,7060047060,0,34,0.37558580011839665,0.4735180279084399
cars_common_cohort,US,persistence,393,7060047060,0,34,0.2235727680227117,0.23145213098747397
cars_common_cohort,US,persistence,398,7060047060,0,34,0.2636061818578061,0.22566580312075163
cars_common_cohort,US,persistence,415,7060047060,0,34,0.07439807135004639,0.07504639719742881
cars_common_cohort,US,persistence,416,7060047060,0,34,0.18256724140525943,0.15424140646912998
cars_common_cohort,US,persistence,421,7060047060,0,34,0.2531768818393909,0.4033623249586614
cars_common_cohort,US,persistence,500,7060047060,0,34,0.35710034798351037,0.38839135679092923
cars_common_cohort,US,persistence,505,7060047060,0,34,0.23801375600200253,0.20885385109238397
cars_common_cohort,US,persistence,511,7060047060,0,34,0.08335690047648478,0.11800132900555574
cars_common_cohort,US,persistence,522,7060047060,0,34,0.0714074460062018,0.11691254428100045
cars_common_cohort,US,persistence,530,7060047060,0,34,0.24882530842092745,0.22267387259007465
cars_common_cohort,US,persistence,533,7060047060,0,34,0.050322851451944275,0.07136324217767923
cars_common_cohort,US,persistence,7313,7060047060,0,34,0.18751672464372046,0.20520852725963823
cars_common_cohort,US,persistence,7318,7060047060,0,34,0.011418187875291395,0.009990941399178617
cars_common_cohort,US,persistence,753,7060047060,0,34,0.15115842356726944,0.2411793974574633
cars_common_cohort,US,persistence,870,7060047060,0,34,0.05728962862512674,0.19284397334157782
cars_common_cohort,US,persistence,882,7060047060,0,34,0.07487405610658132,0.11993547006105995
cars_common_cohort,US,persistence,884,7060047060,0,34,0.058890091762423005,0.0597863332871911
cars_common_cohort,US,persistence,885,7060047060,0,34,0.060213697559366314,0.15907445473164122
cars_common_cohort,US,persistence,895,7060047060,0,34,0.01200902548294359,0.016954826822974316
cars_common_cohort,US,persistence,898,7060047060,0,34,0.4809622045609584,0.7808173582640034
cars_common_cohort,US,persistence,920,7060047060,0,34,0.009702717289224134,0.04641114759935739
cars_common_cohort,US,persistence,931,7060047060,0,34,1.2052396392304092,0.9465393297640908
cars_common_cohort,US,persistence,938,7060047060,0,34,0.3968494669462763,0.8634668302365714
cars_common_cohort,US,persistence,419,7060008710,1,103,0.4416205857741654,0.5123694735582704
cars_common_cohort,US,persistence,423,7060008710,1,103,0.2609668929402653,0.3281289426471836
cars_common_cohort,US,persistence,445,7060008710,1,103,0.22415083691444454,0.25651928053680195
cars_common_cohort,US,persistence,448,7060008710,1,103,0.22427414079737434,0.23171789053343483
cars_common_cohort,US,persistence,451,7060008710,1,103,0.2142445264803189,0.12979874877594105
cars_common_cohort,US,persistence,469,7060008710,1,103,0.46365928111475874,0.4514458862548698
cars_common_cohort,US,persistence,470,7060008710,1,103,0.30999258982574807,0.2951550807046913
cars_common_cohort,US,persistence,488,7060008710,1,103,0.2871536416436151,0.3940022152372216
cars_common_cohort,US,persistence,497,7060008710,1,103,0.24859788496998347,0.3445191078284952
cars_common_cohort,US,persistence,502,7060008710,1,103,0.30423695353723224,0.22734719598441233
cars_common_cohort,US,persistence,509,7060008710,1,103,0.0984713136044381,0.2271385713786674
cars_common_cohort,US,persistence,517,7060008710,1,103,0.3479024777143732,0.3768690160204692
cars_common_cohort,US,persistence,518,7060008710,1,103,0.5128392897293541,0.5176159493796735
cars_common_cohort,US,persistence,531,7060008710,1,103,0.1943925982432932,0.24868947074154224
cars_common_cohort,US,persistence,536,7060008710,1,103,0.25250797575882156,0.24417167838446155
cars_common_cohort,US,persistence,541,7060008710,1,103,0.3372827560408248,0.36800955082426423
cars_common_cohort,US,persistence,542,7060008710,1,103,0.018790976407496537,0.043111933667354774
cars_common_cohort,US,persistence,549,7060008710,1,103,0.1701278393208284,0.1265932506455483
cars_common_cohort,US,persistence,567,7060008710,1,103,0.6561024589795234,0.5645647910752323
cars_common_cohort,US,persistence,574,7060008710,1,103,0.39976135828890924,0.4512779774649619
cars_common_cohort,US,persistence,575,7060008710,1,103,0.3449917751935075,0.4519429074049217
cars_common_cohort,US,persistence,597,7060008710,1,103,0.5041937892767199,0.4783413138687872
cars_common_cohort,US,persistence,601,7060008710,1,103,0.3977358697471582,0.3470926370857538
cars_common_cohort,US,persistence,1249,7060048410,2,117,1.146030395254913,0.8239127479792422
cars_common_cohort,US,persistence,132,7060013550,2,117,0.21980128669475302,0.15137980082646524
cars_common_cohort,US,persistence,133,7060013550,2,117,0.07419048047485194,0.03933931630922641
cars_common_cohort,US,persistence,148,7060013550,2,117,0.21978420333248716,0.17213369635377504
cars_common_cohort,US,persistence,1776,7060043090,2,117,0.07073662060070428,0.03782487161987965
cars_common_cohort,US,persistence,182,7060013550,2,117,0.18126164103477693,0.18785658629328353
cars_common_cohort,US,persistence,191,7060013550,2,117,0.2234054546701261,0.3085108444008708
cars_common_cohort,US,persistence,198,7060013550,2,117,0.3030069769194994,0.36013161974906516
cars_common_cohort,US,persistence,204,7060013550,2,117,0.30221711336109347,0.3639947327359355
cars_common_cohort,US,persistence,524,7060073920,2,117,0.2800087631552244,0.6078183713614831
cars_common_cohort,US,persistence,595,7060013550,2,117,0.1074165396122517,0.1992841916893307
cars_common_cohort,US,persistence,600,7060013550,2,117,0.2941340706340895,0.2914841171161893
cars_common_cohort,US,persistence,612,7060013550,2,117,0.10733503940308617,0.1516502613470948
cars_common_cohort,US,persistence,1086,7060049270,3,106,1.0688908847059717,0.886849700889463
cars_common_cohort,US,persistence,131,7060014200,3,106,0.30696206638849055,0.28560746610525284
cars_common_cohort,US,persistence,1761,7060042310,3,106,0.2589475273602554,0.19908684144981176
cars_common_cohort,US,persistence,1879,7060043160,3,106,0.5783266087608062,0.5690889313730689
cars_common_cohort,US,persistence,310,7060014930,3,106,0.06025614607528096,0.05871740866891358
cars_common_cohort,US,persistence,316,7060014930,3,106,0.2220848054312484,0.23929690396615416
cars_common_cohort,US,persistence,361,7060014930,3,106,0.10503189579573496,0.1131674530361099
cars_common_cohort,US,persistence,372,7060014930,3,106,0.30493644885189647,0.3273465216358815
cars_common_cohort,US,persistence,384,7060014930,3,106,0.3093526199502241,0.28816864438865275
cars_common_cohort,US,persistence,386,7060014930,3,106,0.5767595458015281,0.5397176969141498
cars_common_cohort,US,persistence,391,7060014930,3,106,0.11565386794679762,0.14183148823740693
cars_common_cohort,US,persistence,41,7060016090,3,106,0.3063485000731634,0.2799836461082167
cars_common_cohort,US,persistence,413,7060014930,3,106,0.014957428854622506,0.025991079403934348
cars_common_cohort,US,persistence,42,7060016090,3,106,0.3638214534858144,0.33794968808086145
cars_common_cohort,US,persistence,55,7060014930,3,106,0.2791408868597332,0.2907503018645895
cars_common_cohort,US,persistence,57,7060014930,3,106,0.3399568096450151,0.3920447207419912
cars_common_cohort,US,persistence,60,7060014930,3,106,0.20260488753198175,0.26513391957387267
cars_common_cohort,US,persistence,63,7060014930,3,106,0.2699904997815742,0.3599866442466242
cars_common_cohort,US,persistence,114,7060014340,4,113,0.28535177249533317,0.42774699232497143
cars_common_cohort,US,persistence,1151,7060047970,4,113,0.537804254533716,0.36127600247276914
cars_common_cohort,US,persistence,1237,7060047970,4,113,0.6223175503941138,0.5113976516533948
cars_common_cohort,US,persistence,169,7060013560,4,113,0.5336578409890408,0.6344242896002354
cars_common_cohort,US,persistence,1851,7060043500,4,113,0.12392692879677134,0.15029361790353898
cars_common_cohort,US,persistence,1883,7060043640,4,113,0.25082374609997554,0.21750201795834728
cars_common_cohort,US,persistence,292,7060022240,4,113,0.4472345683630451,0.4192605790690127
cars_common_cohort,US,persistence,442,7060073620,4,113,0.2880753880040633,0.29649115154811123
cars_common_cohort,US,persistence,449,7060073620,4,113,0.426066484362956,0.5108964331804531
cars_common_cohort,US,persistence,456,7060073620,4,113,0.2640694177067812,0.2208278974905376
cars_common_cohort,US,persistence,467,7060073620,4,113,0.5066104513145995,0.4468360595360856
cars_common_cohort,US,persistence,477,7060073620,4,113,0.2618498475460717,0.3127136822483656
cars_common_cohort,US,persistence,7308,7060043500,4,113,0.1498584901974067,0.12064089507313541
cars_common_cohort,BR,persistence,1131,6060007000,-1,118,0.0390069704748579,0.0511849428749088
cars_common_cohort,BR,persistence,1145,6060011780,-1,118,0.9429708577848884,0.1261187456482915
cars_common_cohort,BR,persistence,1146,6060011780,-1,118,0.0139588343760545,0.1984659949462975
cars_common_cohort,BR,persistence,1147,6060011780,-1,118,0.0155383998299051,0.0718716290844506
cars_common_cohort,BR,persistence,1154,6060016970,-1,118,0.4825847875493023,0.8976085268524354
cars_common_cohort,BR,persistence,1165,6060016970,-1,118,0.0547998237636922,0.0482139529675232
cars_common_cohort,BR,persistence,1166,6060016970,-1,118,0.0145229343356155,0.013770615059198
cars_common_cohort,BR,persistence,1167,6060016970,-1,118,0.0326411043303537,0.0278447070896925
cars_common_cohort,BR,persistence,1168,6060016970,-1,118,0.0048962466331128,0.003456719602558
cars_common_cohort,BR,persistence,1169,6060016970,-1,118,0.0130415300561963,0.0165025934226782
cars_common_cohort,BR,persistence,1170,6060016970,-1,118,0.0380463633921466,0.0368424623098167
cars_common_cohort,BR,persistence,1174,6060016970,-1,118,0.0639880778333452,0.1362977802277893
cars_common_cohort,BR,persistence,1175,6060016970,-1,118,0.2278760279754066,0.2274968998401518
cars_common_cohort,BR,persistence,1176,6060016970,-1,118,0.0096236151736861,0.0063760298991103
cars_common_cohort,BR,persistence,1177,6060016970,-1,118,0.0107750395620475,0.0109432677548711
cars_common_cohort,BR,persistence,1178,6060013750,-1,118,0.0696826154728397,0.0859295097460575
cars_common_cohort,BR,persistence,1179,6060016970,-1,118,0.0090022031832229,0.0150346212823955
cars_common_cohort,BR,persistence,1182,6060016970,-1,118,0.0032266821323722,0.0066182805123742
cars_common_cohort,BR,persistence,1183,6060016970,-1,118,0.0061949884092648,0.0060678168670463
cars_common_cohort,BR,persistence,1186,6060013750,-1,118,0.2202870865187361,0.2139527917793242
cars_common_cohort,BR,persistence,1187,6060013750,-1,118,0.0558600848218432,0.0628283099922405
cars_common_cohort,BR,persistence,1191,6060016970,-1,118,0.453581512388476,0.519298175840785
cars_common_cohort,BR,persistence,1192,6060016970,-1,118,0.2503726875185316,0.324350814902949
cars_common_cohort,BR,persistence,1195,6060016970,-1,118,0.017870733285531,0.0104863930378775
cars_common_cohort,BR,persistence,1196,6060016970,-1,118,0.0285317239706438,0.0230335348003749
cars_common_cohort,BR,persistence,1198,6060016970,-1,118,0.1793764263003081,0.1686101298400941
cars_common_cohort,BR,persistence,1199,6060016760,-1,118,0.0463493410700394,0.0634488750318726
cars_common_cohort,BR,persistence,1200,6060016760,-1,118,0.0717300944791795,0.0581784043575581
cars_common_cohort,BR,persistence,1201,6060015560,-1,118,0.1973575345701719,0.156718713700257
cars_common_cohort,BR,persistence,1202,6060015560,-1,118,0.0462549910200803,0.0267948997850818
cars_common_cohort,BR,persistence,13435,6060013420,-1,118,0.0082857432417853,0.0056250040039462
cars_common_cohort,BR,persistence,13477,6060016970,-1,118,0.0030196517971885,0.0038017025895498
cars_common_cohort,BR,persistence,197,6060009760,-1,118,0.1494897777211895,0.1446751137264372
cars_common_cohort,BR,persistence,198,6060011780,-1,118,0.0165135046711468,0.077719340207502
cars_common_cohort,BR,persistence,201,6060007950,-1,118,0.0258143608677011,0.2272560800448885
cars_common_cohort,BR,persistence,202,6060007950,-1,118,0.3440314527118721,0.4014392858865913
cars_common_cohort,BR,persistence,203,6060011780,-1,118,0.367381248821139,0.4527719341245744
cars_common_cohort,BR,persistence,204,6060016970,-1,118,0.201860303416369,0.1265138890414468
cars_common_cohort,BR,persistence,205,6060016970,-1,118,0.126467830862241,0.268362004210275
cars_common_cohort,BR,persistence,206,6060016970,-1,118,0.0531391459024513,0.0453064073945587
cars_common_cohort,BR,persistence,207,6060016970,-1,118,0.2090450087283482,0.2303808173591815
cars_common_cohort,BR,persistence,208,6060016970,-1,118,0.0355714826805463,0.0734284959166731
cars_common_cohort,BR,persistence,209,6060016970,-1,118,0.0144028771681114,0.0114737765540872
cars_common_cohort,BR,persistence,210,6060016970,-1,118,0.0246088546523943,0.0067810635064418
cars_common_cohort,BR,persistence,211,6060016970,-1,118,0.0375761424301017,0.047112188353544
cars_common_cohort,BR,persistence,212,6060016970,-1,118,0.0317800847168669,0.0499811062243773
cars_common_cohort,BR,persistence,213,6060016970,-1,118,0.1315362853370682,0.04782436482965
cars_common_cohort,BR,persistence,214,6060016970,-1,118,0.2184430138933118,0.2615854934711834
cars_common_cohort,BR,persistence,215,6060016970,-1,118,0.0064473546862729,0.0025824287647536
cars_common_cohort,BR,persistence,216,6060016970,-1,118,0.0134168828736038,0.0074696296807933
cars_common_cohort,BR,persistence,217,6060016970,-1,118,0.0569943517910319,0.0771762975161642
cars_common_cohort,BR,persistence,218,6060016970,-1,118,0.1284025733050957,0.1716602756911978
cars_common_cohort,BR,persistence,219,6060016970,-1,118,0.0153734568227492,0.0086099945544658
cars_common_cohort,BR,persistence,220,6060016970,-1,118,0.0662670354688832,0.1032210591795113
cars_common_cohort,BR,persistence,221,6060016970,-1,118,0.0852393222064124,0.0698066175256278
cars_common_cohort,BR,persistence,222,6060016970,-1,118,0.1468871124305796,0.1620009479071822
cars_common_cohort,BR,persistence,223,6060013750,-1,118,0.2093873097513461,0.1596789087901738
cars_common_cohort,BR,persistence,225,6060016970,-1,118,0.0259738684729026,0.0270645747866426
cars_common_cohort,BR,persistence,226,6060016970,-1,118,0.0339030273856548,0.0465096298369704
cars_common_cohort,BR,persistence,228,6060016760,-1,118,0.2405008092347565,0.3740382655190293
cars_common_cohort,BR,persistence,229,6060015560,-1,118,0.1344295002452387,0.2620405476638671
cars_common_cohort,BR,persistence,26,6060007950,-1,118,0.1610421735228621,0.1802686831626447
cars_common_cohort,BR,persistence,27,6060011780,-1,118,0.2193514668254769,0.3309035037277781
cars_common_cohort,BR,persistence,28,6060016970,-1,118,0.0157601793772504,0.0117501277314334
cars_common_cohort,BR,persistence,28512,6060016970,-1,118,0.005104449711395,0.00834994238426
cars_common_cohort,BR,persistence,29,6060016970,-1,118,0.0093943956875154,0.007443544021113
cars_common_cohort,BR,persistence,30,6060016970,-1,118,0.0145609957353346,0.0122196315107902
cars_common_cohort,BR,persistence,3464,6060013420,-1,118,0.0025825778702569,0.0020883209792057
cars_common_cohort,BR,persistence,3472,6060016970,-1,118,0.0044035648738334,0.0047153802853207
cars_common_cohort,BR,persistence,3481,6060014460,-1,118,0.198100391080738,0.1734218487463786
cars_common_cohort,BR,persistence,3483,6060016970,-1,118,0.6851183600961861,0.2353949882674611
cars_common_cohort,BR,persistence,3486,6060016760,-1,118,0.0390585441286255,0.0169500981245576
cars_common_cohort,BR,persistence,3491,6060015560,-1,118,0.0693921885438663,0.0315990930959417
cars_common_cohort,BR,persistence,40670,6060013420,-1,118,0.0416545111432612,0.0209650250679067
cars_common_cohort,BR,persistence,40862,6060013430,-1,118,0.0085255338352187,0.0131969054294908
cars_common_cohort,BR,persistence,41066,6060015560,-1,118,0.004850844396302,0.0022682000193956
cars_common_cohort,BR,persistence,6874,6060016760,-1,118,0.3314226222254867,0.1162214833401699
cars_common_cohort,BR,persistence,6875,6060016970,-1,118,0.020580097384573,0.0
cars_common_cohort,BR,persistence,6878,6060007950,-1,118,0.1869219645099048,0.0
cars_common_cohort,BR,persistence,6879,6060016760,-1,118,0.0151105669364328,0.0
cars_common_cohort,BR,persistence,6883,6060007950,-1,118,0.0200774969459172,0.1146652125761683
cars_common_cohort,BR,persistence,7256,6060016970,-1,118,0.0296251511125645,0.0
cars_common_cohort,BR,persistence,7257,6060016970,-1,118,0.0331956746743684,0.0
cars_common_cohort,BR,persistence,7259,6060016970,-1,118,0.0218010705573437,0.0
cars_common_cohort,BR,persistence,7263,6060015560,-1,118,0.0151376875110565,0.0050854997182282
cars_common_cohort,BR,persistence,7270,6060016970,-1,118,2.9466869428392814e-05,0.0021416724666478
cars_common_cohort,BR,persistence,7274,6060016760,-1,118,0.0725384640486719,0.0262926963333531
cars_common_cohort,BR,persistence,7424,6060015560,-1,118,0.0099914835892373,0.0033094081278767
cars_common_cohort,BR,persistence,8393,6060016970,-1,118,0.0023328943737665,0.0150101803424096
cars_common_cohort,BR,persistence,8396,6060016970,-1,118,0.0074185628142692,0.0048352666083336
cars_common_cohort,BR,persistence,8448,6060015560,-1,118,0.0091361958418698,0.0056852181584494
cars_common_cohort,US,ridge,1017,7060047060,0,34,0.3767102226800422,0.3672003777783599
cars_common_cohort,US,ridge,1026,7060047060,0,34,0.25625519090176824,0.32392725685944007
cars_common_cohort,US,ridge,1033,7060047060,0,34,0.3421777595752804,0.39496641867282634
cars_common_cohort,US,ridge,1036,7060047060,0,34,0.19946345325612022,0.2724669141108556
cars_common_cohort,US,ridge,1042,7060047060,0,34,0.3086252424534333,0.38281293440402564
cars_common_cohort,US,ridge,1067,7060047060,0,34,0.5998478490301629,0.5045224519084947
cars_common_cohort,US,ridge,1092,7060047060,0,34,0.5538973189418028,0.4824129434612604
cars_common_cohort,US,ridge,1101,7060047060,0,34,0.5732890822190375,0.40237771801353556
cars_common_cohort,US,ridge,1112,7060047060,0,34,0.4529900451763571,0.3644582670608665
cars_common_cohort,US,ridge,1121,7060047060,0,34,0.29573686102470564,0.29463105268142803
cars_common_cohort,US,ridge,1122,7060047060,0,34,0.4731408184743925,0.42696821997218537
cars_common_cohort,US,ridge,1125,7060047060,0,34,0.29573686102470564,0.29463105268142803
cars_common_cohort,US,ridge,1127,7060047060,0,34,0.5284257833617235,0.4581484117564081
cars_common_cohort,US,ridge,1192,7060047060,0,34,0.15622551667530427,0.18549441231658514
cars_common_cohort,US,ridge,1586,7060047060,0,34,0.10090961354906708,0.2667169270647884
cars_common_cohort,US,ridge,1587,7060047060,0,34,0.2531868046723131,0.322899649605148
cars_common_cohort,US,ridge,1592,7060047060,0,34,0.3257712611764545,0.29509720731647465
cars_common_cohort,US,ridge,1595,7060047060,0,34,0.0973436812701083,0.18025642026242786
cars_common_cohort,US,ridge,1600,7060047060,0,34,0.14853021419039886,0.24659587401590596
cars_common_cohort,US,ridge,1617,7060047060,0,34,0.24687425297109888,0.32212665865467616
cars_common_cohort,US,ridge,1619,7060047060,0,34,0.13245760053603373,0.2812344091843461
cars_common_cohort,US,ridge,1620,7060047060,0,34,0.26035611659680125,0.2895519056645565
cars_common_cohort,US,ridge,1631,7060047060,0,34,0.11543700302138787,0.28139206168843817
cars_common_cohort,US,ridge,1634,7060047060,0,34,0.16133901010123658,0.23378906230359958
cars_common_cohort,US,ridge,1636,7060047060,0,34,0.34310552073147055,0.3942462177599203
cars_common_cohort,US,ridge,1645,7060047060,0,34,0.43703759577674123,0.4138694583527524
cars_common_cohort,US,ridge,1650,7060047060,0,34,0.15935517429417478,0.31336847719164845
cars_common_cohort,US,ridge,1654,7060047060,0,34,0.4218435553220695,0.40401078176018834
cars_common_cohort,US,ridge,1655,7060047060,0,34,0.2436515966980656,0.3224813423746849
cars_common_cohort,US,ridge,1656,7060047060,0,34,0.16921263797743122,0.2435511055280738
cars_common_cohort,US,ridge,1683,7060047060,0,34,0.3901169448841023,0.3741327386180245
cars_common_cohort,US,ridge,1691,7060047060,0,34,0.09129167479621161,0.24060398000076785
cars_common_cohort,US,ridge,1699,7060047060,0,34,0.08642534293446677,0.19290698631675218
cars_common_cohort,US,ridge,1703,7060047060,0,34,0.6719276083841421,0.4862052591465056
cars_common_cohort,US,ridge,1706,7060047060,0,34,0.13111941543593233,0.22882144581216038
cars_common_cohort,US,ridge,1707,7060047060,0,34,0.20455684515248346,0.3320695619451044
cars_common_cohort,US,ridge,1709,7060047060,0,34,0.07526172636281764,0.18149579833629814
cars_common_cohort,US,ridge,1712,7060047060,0,34,0.08719223605780649,0.2519650853193634
cars_common_cohort,US,ridge,1713,7060047060,0,34,0.18000550115060232,0.31633799073354923
cars_common_cohort,US,ridge,1714,7060047060,0,34,0.28978101331581735,0.34309971630771424
cars_common_cohort,US,ridge,1718,7060047060,0,34,0.394739557462232,0.4200237261669688
cars_common_cohort,US,ridge,1723,7060047060,0,34,0.15212299221423958,0.26525391740815996
cars_common_cohort,US,ridge,1726,7060047060,0,34,0.09003522408520709,0.24051120062143203
cars_common_cohort,US,ridge,1735,7060047060,0,34,0.05883707799962642,0.2097884041222604
cars_common_cohort,US,ridge,1739,7060047060,0,34,0.26952085731685316,0.3342311998725814
cars_common_cohort,US,ridge,1740,7060047060,0,34,0.1589239050565217,0.23278834730585385
cars_common_cohort,US,ridge,1741,7060047060,0,34,0.3146143807409897,0.3268619062706594
cars_common_cohort,US,ridge,1742,7060047060,0,34,0.07137936169626372,0.20453939001395458
cars_common_cohort,US,ridge,1744,7060047060,0,34,0.21324280186253824,0.27849606681270245
cars_common_cohort,US,ridge,1752,7060047060,0,34,0.02732428109480984,0.13994537559740067
cars_common_cohort,US,ridge,1753,7060047060,0,34,0.03384360187055937,0.1978407140129944
cars_common_cohort,US,ridge,1755,7060047060,0,34,0.5328497903478746,0.4013076965386866
cars_common_cohort,US,ridge,1768,7060047060,0,34,0.010814949128347994,0.13817965799749438
cars_common_cohort,US,ridge,1777,7060047060,0,34,0.28909389421808096,0.33254052927951844
cars_common_cohort,US,ridge,1848,7060047060,0,34,0.4800253185821163,0.4003064570308198
cars_common_cohort,US,ridge,1864,7060047060,0,34,0.5318920034094353,0.3991488969009594
cars_common_cohort,US,ridge,1869,7060047060,0,34,0.6181993694029078,0.4963869344409324
cars_common_cohort,US,ridge,307,7060047060,0,34,0.13528669233477014,0.20419334381404822
cars_common_cohort,US,ridge,319,7060047060,0,34,0.23720243735094437,0.3250423043656097
cars_common_cohort,US,ridge,355,7060047060,0,34,0.12272469188767607,0.23158236999113124
cars_common_cohort,US,ridge,362,7060047060,0,34,0.3864645066597572,0.46180435764714356
cars_common_cohort,US,ridge,364,7060047060,0,34,0.16167768783006337,0.190013624363434
cars_common_cohort,US,ridge,368,7060047060,0,34,0.4096064798436735,0.40059449973997596
cars_common_cohort,US,ridge,373,7060047060,0,34,0.37558580011839665,0.4491441650277989
cars_common_cohort,US,ridge,393,7060047060,0,34,0.2235727680227117,0.2905554558065967
cars_common_cohort,US,ridge,398,7060047060,0,34,0.2636061818578061,0.31697415234900783
cars_common_cohort,US,ridge,415,7060047060,0,34,0.07439807135004639,0.16681869422377316
cars_common_cohort,US,ridge,416,7060047060,0,34,0.18256724140525943,0.21360010750276842
cars_common_cohort,US,ridge,421,7060047060,0,34,0.2531768818393909,0.407728998962394
cars_common_cohort,US,ridge,500,7060047060,0,34,0.35710034798351037,0.38477508053275433
cars_common_cohort,US,ridge,505,7060047060,0,34,0.23801375600200253,0.24266943304818425
cars_common_cohort,US,ridge,511,7060047060,0,34,0.08335690047648478,0.27279943475954166
cars_common_cohort,US,ridge,522,7060047060,0,34,0.0714074460062018,0.19966499417767047
cars_common_cohort,US,ridge,530,7060047060,0,34,0.24882530842092745,0.24793866525285813
cars_common_cohort,US,ridge,533,7060047060,0,34,0.050322851451944275,0.16525110599650655
cars_common_cohort,US,ridge,7313,7060047060,0,34,0.18751672464372046,0.24335181720698668
cars_common_cohort,US,ridge,7318,7060047060,0,34,0.011418187875291395,0.1323896870774417
cars_common_cohort,US,ridge,753,7060047060,0,34,0.15115842356726944,0.24406358701311187
cars_common_cohort,US,ridge,870,7060047060,0,34,0.05728962862512674,0.2061430710821221
cars_common_cohort,US,ridge,882,7060047060,0,34,0.07487405610658132,0.1898642702301218
cars_common_cohort,US,ridge,884,7060047060,0,34,0.058890091762423005,0.1300334379950356
cars_common_cohort,US,ridge,885,7060047060,0,34,0.060213697559366314,0.18113930663464575
cars_common_cohort,US,ridge,895,7060047060,0,34,0.01200902548294359,0.10684403863259356
cars_common_cohort,US,ridge,898,7060047060,0,34,0.4809622045609584,0.5137591669272596
cars_common_cohort,US,ridge,920,7060047060,0,34,0.009702717289224134,0.13378215805109145
cars_common_cohort,US,ridge,931,7060047060,0,34,1.2052396392304092,0.5781162795963768
cars_common_cohort,US,ridge,938,7060047060,0,34,0.3968494669462763,0.7139091043496177
cars_common_cohort,US,ridge,419,7060008710,1,103,0.4416205857741654,0.44691954220886526
cars_common_cohort,US,ridge,423,7060008710,1,103,0.2609668929402653,0.28501692983044535
cars_common_cohort,US,ridge,445,7060008710,1,103,0.22415083691444454,0.30344224333786884
cars_common_cohort,US,ridge,448,7060008710,1,103,0.22427414079737434,0.2876282834044754
cars_common_cohort,US,ridge,451,7060008710,1,103,0.2142445264803189,0.1233934071144491
cars_common_cohort,US,ridge,469,7060008710,1,103,0.46365928111475874,0.41596722963500316
cars_common_cohort,US,ridge,470,7060008710,1,103,0.30999258982574807,0.3679355964174166
cars_common_cohort,US,ridge,488,7060008710,1,103,0.2871536416436151,0.29738482204610406
cars_common_cohort,US,ridge,497,7060008710,1,103,0.24859788496998347,0.3268692465110244
cars_common_cohort,US,ridge,502,7060008710,1,103,0.30423695353723224,0.22061126469525244
cars_common_cohort,US,ridge,509,7060008710,1,103,0.0984713136044381,0.266706688765255
cars_common_cohort,US,ridge,517,7060008710,1,103,0.3479024777143732,0.33504398489945264
cars_common_cohort,US,ridge,518,7060008710,1,103,0.5128392897293541,0.4638026750429281
cars_common_cohort,US,ridge,531,7060008710,1,103,0.1943925982432932,0.2955049283323241
cars_common_cohort,US,ridge,536,7060008710,1,103,0.25250797575882156,0.2360237210840907
cars_common_cohort,US,ridge,541,7060008710,1,103,0.3372827560408248,0.31538098666390924
cars_common_cohort,US,ridge,542,7060008710,1,103,0.018790976407496537,0.05644268449037629
cars_common_cohort,US,ridge,549,7060008710,1,103,0.1701278393208284,0.15031517356566074
cars_common_cohort,US,ridge,567,7060008710,1,103,0.6561024589795234,0.5287807812337958
cars_common_cohort,US,ridge,574,7060008710,1,103,0.39976135828890924,0.4200326312515562
cars_common_cohort,US,ridge,575,7060008710,1,103,0.3449917751935075,0.3880907287099644
cars_common_cohort,US,ridge,597,7060008710,1,103,0.5041937892767199,0.3588918938928375
cars_common_cohort,US,ridge,601,7060008710,1,103,0.3977358697471582,0.30599206817594954
cars_common_cohort,US,ridge,1249,7060048410,2,117,1.146030395254913,0.835689233318667
cars_common_cohort,US,ridge,132,7060013550,2,117,0.21980128669475302,0.15744204825295693
cars_common_cohort,US,ridge,133,7060013550,2,117,0.07419048047485194,0.07609182284344793
cars_common_cohort,US,ridge,148,7060013550,2,117,0.21978420333248716,0.17605811718612863
cars_common_cohort,US,ridge,1776,7060043090,2,117,0.07073662060070428,0.08115257786851532
cars_common_cohort,US,ridge,182,7060013550,2,117,0.18126164103477693,0.18756677011957312
cars_common_cohort,US,ridge,191,7060013550,2,117,0.2234054546701261,0.26790392236296673
cars_common_cohort,US,ridge,198,7060013550,2,117,0.3030069769194994,0.28855509548856384
cars_common_cohort,US,ridge,204,7060013550,2,117,0.30221711336109347,0.3120138667564267
cars_common_cohort,US,ridge,524,7060073920,2,117,0.2800087631552244,0.5525441714839225
cars_common_cohort,US,ridge,595,7060013550,2,117,0.1074165396122517,0.18827984589940883
cars_common_cohort,US,ridge,600,7060013550,2,117,0.2941340706340895,0.27348698063670507
cars_common_cohort,US,ridge,612,7060013550,2,117,0.10733503940308617,0.18997548287114271
cars_common_cohort,US,ridge,1086,7060049270,3,106,1.0688908847059717,0.6701903474581552
cars_common_cohort,US,ridge,131,7060014200,3,106,0.30696206638849055,0.26497414186037566
cars_common_cohort,US,ridge,1761,7060042310,3,106,0.2589475273602554,0.1929059837120502
cars_common_cohort,US,ridge,1879,7060043160,3,106,0.5783266087608062,0.4073865564457231
cars_common_cohort,US,ridge,310,7060014930,3,106,0.06025614607528096,0.0567527205405538
cars_common_cohort,US,ridge,316,7060014930,3,106,0.2220848054312484,0.213365977481739
cars_common_cohort,US,ridge,361,7060014930,3,106,0.10503189579573496,0.15169760879818295
cars_common_cohort,US,ridge,372,7060014930,3,106,0.30493644885189647,0.337622750141488
cars_common_cohort,US,ridge,384,7060014930,3,106,0.3093526199502241,0.29238906087820254
cars_common_cohort,US,ridge,386,7060014930,3,106,0.5767595458015281,0.491720938432795
cars_common_cohort,US,ridge,391,7060014930,3,106,0.11565386794679762,0.1576919057268187
cars_common_cohort,US,ridge,41,7060016090,3,106,0.3063485000731634,0.24411953401739744
cars_common_cohort,US,ridge,413,7060014930,3,106,0.014957428854622506,0.07902595878756491
cars_common_cohort,US,ridge,42,7060016090,3,106,0.3638214534858144,0.27368713273965994
cars_common_cohort,US,ridge,55,7060014930,3,106,0.2791408868597332,0.25381485034442747
cars_common_cohort,US,ridge,57,7060014930,3,106,0.3399568096450151,0.32176322802090807
cars_common_cohort,US,ridge,60,7060014930,3,106,0.20260488753198175,0.24013564065594464
cars_common_cohort,US,ridge,63,7060014930,3,106,0.2699904997815742,0.2867320010194118
cars_common_cohort,US,ridge,114,7060014340,4,113,0.28535177249533317,0.36827155596108024
cars_common_cohort,US,ridge,1151,7060047970,4,113,0.537804254533716,0.4903656965454889
cars_common_cohort,US,ridge,1237,7060047970,4,113,0.6223175503941138,0.48099825044403677
cars_common_cohort,US,ridge,169,7060013560,4,113,0.5336578409890408,0.5202885240999328
cars_common_cohort,US,ridge,1851,7060043500,4,113,0.12392692879677134,0.14635198116645956
cars_common_cohort,US,ridge,1883,7060043640,4,113,0.25082374609997554,0.21220686471828765
cars_common_cohort,US,ridge,292,7060022240,4,113,0.4472345683630451,0.3178969095191136
cars_common_cohort,US,ridge,442,7060073620,4,113,0.2880753880040633,0.2745705342243136
cars_common_cohort,US,ridge,449,7060073620,4,113,0.426066484362956,0.33706210576370443
cars_common_cohort,US,ridge,456,7060073620,4,113,0.2640694177067812,0.20838670771590673
cars_common_cohort,US,ridge,467,7060073620,4,113,0.5066104513145995,0.40712783406956354
cars_common_cohort,US,ridge,477,7060073620,4,113,0.2618498475460717,0.23858066189389165
cars_common_cohort,US,ridge,7308,7060043500,4,113,0.1498584901974067,0.10234393888631241
cars_common_cohort,BR,ridge,1131,6060007000,-1,118,0.0390069704748579,0.0803150321898286
cars_common_cohort,BR,ridge,1145,6060011780,-1,118,0.9429708577848884,0.13301537778781308
cars_common_cohort,BR,ridge,1146,6060011780,-1,118,0.0139588343760545,0.16623945720615835
cars_common_cohort,BR,ridge,1147,6060011780,-1,118,0.0155383998299051,0.06904504128775352
cars_common_cohort,BR,ridge,1154,6060016970,-1,118,0.4825847875493023,1.1139298868499188
cars_common_cohort,BR,ridge,1165,6060016970,-1,118,0.0547998237636922,0.07890037972550018
cars_common_cohort,BR,ridge,1166,6060016970,-1,118,0.0145229343356155,0.02755550488002681
cars_common_cohort,BR,ridge,1167,6060016970,-1,118,0.0326411043303537,0.039592607530265084
cars_common_cohort,BR,ridge,1168,6060016970,-1,118,0.0048962466331128,0.017803514987192515
cars_common_cohort,BR,ridge,1169,6060016970,-1,118,0.0130415300561963,0.02762350392824922
cars_common_cohort,BR,ridge,1170,6060016970,-1,118,0.0380463633921466,0.04051477974939599
cars_common_cohort,BR,ridge,1174,6060016970,-1,118,0.0639880778333452,0.13777881827410604
cars_common_cohort,BR,ridge,1175,6060016970,-1,118,0.2278760279754066,0.19393899914936458
cars_common_cohort,BR,ridge,1176,6060016970,-1,118,0.0096236151736861,0.03675013801041549
cars_common_cohort,BR,ridge,1177,6060016970,-1,118,0.0107750395620475,0.04250765830744965
cars_common_cohort,BR,ridge,1178,6060013750,-1,118,0.0696826154728397,0.08349056287732415
cars_common_cohort,BR,ridge,1179,6060016970,-1,118,0.0090022031832229,0.03744465081394158
cars_common_cohort,BR,ridge,1182,6060016970,-1,118,0.0032266821323722,0.03034510083225253
cars_common_cohort,BR,ridge,1183,6060016970,-1,118,0.0061949884092648,0.02771542211306688
cars_common_cohort,BR,ridge,1186,6060013750,-1,118,0.2202870865187361,0.1850572749528125
cars_common_cohort,BR,ridge,1187,6060013750,-1,118,0.0558600848218432,0.07603691787329087
cars_common_cohort,BR,ridge,1191,6060016970,-1,118,0.453581512388476,0.4869948574024001
cars_common_cohort,BR,ridge,1192,6060016970,-1,118,0.2503726875185316,0.28930724115304823
cars_common_cohort,BR,ridge,1195,6060016970,-1,118,0.017870733285531,0.051209404754944204
cars_common_cohort,BR,ridge,1196,6060016970,-1,118,0.0285317239706438,0.05668524036172726
cars_common_cohort,BR,ridge,1198,6060016970,-1,118,0.1793764263003081,0.16169650368669508
cars_common_cohort,BR,ridge,1199,6060016760,-1,118,0.0463493410700394,0.10246452742474355
cars_common_cohort,BR,ridge,1200,6060016760,-1,118,0.0717300944791795,0.10080302161311813
cars_common_cohort,BR,ridge,1201,6060015560,-1,118,0.1973575345701719,0.1921678602711748
cars_common_cohort,BR,ridge,1202,6060015560,-1,118,0.0462549910200803,0.06931125408895866
cars_common_cohort,BR,ridge,13435,6060013420,-1,118,0.0082857432417853,0.057899899718729164
cars_common_cohort,BR,ridge,13477,6060016970,-1,118,0.0030196517971885,0.024548296690542787
cars_common_cohort,BR,ridge,197,6060009760,-1,118,0.1494897777211895,0.139735764853469
cars_common_cohort,BR,ridge,198,6060011780,-1,118,0.0165135046711468,0.0751919392708465
cars_common_cohort,BR,ridge,201,6060007950,-1,118,0.0258143608677011,0.20105333540866427
cars_common_cohort,BR,ridge,202,6060007950,-1,118,0.3440314527118721,0.33856038587017734
cars_common_cohort,BR,ridge,203,6060011780,-1,118,0.367381248821139,0.3635101317849023
cars_common_cohort,BR,ridge,204,6060016970,-1,118,0.201860303416369,0.10531577309823345
cars_common_cohort,BR,ridge,205,6060016970,-1,118,0.126467830862241,0.2307657019327957
cars_common_cohort,BR,ridge,206,6060016970,-1,118,0.0531391459024513,0.04636160260165101
cars_common_cohort,BR,ridge,207,6060016970,-1,118,0.2090450087283482,0.20505131422488837
cars_common_cohort,BR,ridge,208,6060016970,-1,118,0.0355714826805463,0.06795148457112549
cars_common_cohort,BR,ridge,209,6060016970,-1,118,0.0144028771681114,0.024633266225276174
cars_common_cohort,BR,ridge,210,6060016970,-1,118,0.0246088546523943,0.0221602030031611
cars_common_cohort,BR,ridge,211,6060016970,-1,118,0.0375761424301017,0.0481123126767482
cars_common_cohort,BR,ridge,212,6060016970,-1,118,0.0317800847168669,0.05496349888033786
cars_common_cohort,BR,ridge,213,6060016970,-1,118,0.1315362853370682,0.06529272572276162
cars_common_cohort,BR,ridge,214,6060016970,-1,118,0.2184430138933118,0.22017242106332724
cars_common_cohort,BR,ridge,215,6060016970,-1,118,0.0064473546862729,0.015677165041680874
cars_common_cohort,BR,ridge,216,6060016970,-1,118,0.0134168828736038,0.0339494808727232
cars_common_cohort,BR,ridge,217,6060016970,-1,118,0.0569943517910319,0.0878655500458844
cars_common_cohort,BR,ridge,218,6060016970,-1,118,0.1284025733050957,0.15846754236158614
cars_common_cohort,BR,ridge,219,6060016970,-1,118,0.0153734568227492,0.029784927891187113
cars_common_cohort,BR,ridge,220,6060016970,-1,118,0.0662670354688832,0.0966195705676319
cars_common_cohort,BR,ridge,221,6060016970,-1,118,0.0852393222064124,0.07838058857089744
cars_common_cohort,BR,ridge,222,6060016970,-1,118,0.1468871124305796,0.14658672174173532
cars_common_cohort,BR,ridge,223,6060013750,-1,118,0.2093873097513461,0.1468886393017329
cars_common_cohort,BR,ridge,225,6060016970,-1,118,0.0259738684729026,0.06134882627693064
cars_common_cohort,BR,ridge,226,6060016970,-1,118,0.0339030273856548,0.07572817329889886
cars_common_cohort,BR,ridge,228,6060016760,-1,118,0.2405008092347565,0.31604282508539616
cars_common_cohort,BR,ridge,229,6060015560,-1,118,0.1344295002452387,0.23723191253569237
cars_common_cohort,BR,ridge,26,6060007950,-1,118,0.1610421735228621,0.18716070468143137
cars_common_cohort,BR,ridge,27,6060011780,-1,118,0.2193514668254769,0.26072909336390565
cars_common_cohort,BR,ridge,28,6060016970,-1,118,0.0157601793772504,0.021582939836487375
cars_common_cohort,BR,ridge,28512,6060016970,-1,118,0.005104449711395,0.04004741926473976
cars_common_cohort,BR,ridge,29,6060016970,-1,118,0.0093943956875154,0.019196425579642296
cars_common_cohort,BR,ridge,30,6060016970,-1,118,0.0145609957353346,0.021236504287570235
cars_common_cohort,BR,ridge,3464,6060013420,-1,118,0.0025825778702569,0.052141801217593625
cars_common_cohort,BR,ridge,3472,6060016970,-1,118,0.0044035648738334,0.027679097343260822
cars_common_cohort,BR,ridge,3481,6060014460,-1,118,0.198100391080738,0.18529419582331447
cars_common_cohort,BR,ridge,3483,6060016970,-1,118,0.6851183600961861,0.22119619861974632
cars_common_cohort,BR,ridge,3486,6060016760,-1,118,0.0390585441286255,0.07572240648407538
cars_common_cohort,BR,ridge,3491,6060015560,-1,118,0.0693921885438663,0.06617863744847141
cars_common_cohort,BR,ridge,40670,6060013420,-1,118,0.0416545111432612,0.0831898874641522
cars_common_cohort,BR,ridge,40862,6060013430,-1,118,0.0085255338352187,0.06073487676297232
cars_common_cohort,BR,ridge,41066,6060015560,-1,118,0.004850844396302,0.09251630818908133
cars_common_cohort,BR,ridge,6874,6060016760,-1,118,0.3314226222254867,0.15871506878628494
cars_common_cohort,BR,ridge,6875,6060016970,-1,118,0.020580097384573,0.03368828984754607
cars_common_cohort,BR,ridge,6878,6060007950,-1,118,0.1869219645099048,0.0497313646954857
cars_common_cohort,BR,ridge,6879,6060016760,-1,118,0.0151105669364328,0.05310247450408298
cars_common_cohort,BR,ridge,6883,6060007950,-1,118,0.0200774969459172,0.1438532143641092
cars_common_cohort,BR,ridge,7256,6060016970,-1,118,0.0296251511125645,0.02454805785057862
cars_common_cohort,BR,ridge,7257,6060016970,-1,118,0.0331956746743684,0.02453430508616189
cars_common_cohort,BR,ridge,7259,6060016970,-1,118,0.0218010705573437,0.03366093396029038
cars_common_cohort,BR,ridge,7263,6060015560,-1,118,0.0151376875110565,0.0893877011035766
cars_common_cohort,BR,ridge,7270,6060016970,-1,118,2.9466869428392814e-05,0.02541957017324098
cars_common_cohort,BR,ridge,7274,6060016760,-1,118,0.0725384640486719,0.07607826903660586
cars_common_cohort,BR,ridge,7424,6060015560,-1,118,0.0099914835892373,0.0941702622417652
cars_common_cohort,BR,ridge,8393,6060016970,-1,118,0.0023328943737665,0.04019798715126452
cars_common_cohort,BR,ridge,8396,6060016970,-1,118,0.0074185628142692,0.02761041693045163
cars_common_cohort,BR,ridge,8448,6060015560,-1,118,0.0091361958418698,0.04829416014300553
cars_common_cohort,US,rf,1017,7060047060,0,34,0.3767102226800422,0.3421344846861198
cars_common_cohort,US,rf,1026,7060047060,0,34,0.25625519090176824,0.31883718285281276
cars_common_cohort,US,rf,1033,7060047060,0,34,0.3421777595752804,0.3489505560539287
cars_common_cohort,US,rf,1036,7060047060,0,34,0.19946345325612022,0.275690580258871
cars_common_cohort,US,rf,1042,7060047060,0,34,0.3086252424534333,0.3660654810964496
cars_common_cohort,US,rf,1067,7060047060,0,34,0.5998478490301629,0.3690290296894701
cars_common_cohort,US,rf,1092,7060047060,0,34,0.5538973189418028,0.36850712335247826
cars_common_cohort,US,rf,1101,7060047060,0,34,0.5732890822190375,0.3402858148272495
cars_common_cohort,US,rf,1112,7060047060,0,34,0.4529900451763571,0.36239423671779813
cars_common_cohort,US,rf,1121,7060047060,0,34,0.29573686102470564,0.2938459787032515
cars_common_cohort,US,rf,1122,7060047060,0,34,0.4731408184743925,0.36177433740682496
cars_common_cohort,US,rf,1125,7060047060,0,34,0.29573686102470564,0.2938459787032515
cars_common_cohort,US,rf,1127,7060047060,0,34,0.5284257833617235,0.3664758325308316
cars_common_cohort,US,rf,1192,7060047060,0,34,0.15622551667530427,0.2084527062587645
cars_common_cohort,US,rf,1586,7060047060,0,34,0.10090961354906708,0.23496714810797875
cars_common_cohort,US,rf,1587,7060047060,0,34,0.2531868046723131,0.3187786559175324
cars_common_cohort,US,rf,1592,7060047060,0,34,0.3257712611764545,0.2833635317752629
cars_common_cohort,US,rf,1595,7060047060,0,34,0.0973436812701083,0.22832736596501463
cars_common_cohort,US,rf,1600,7060047060,0,34,0.14853021419039886,0.23786558626742121
cars_common_cohort,US,rf,1617,7060047060,0,34,0.24687425297109888,0.33957143233545606
cars_common_cohort,US,rf,1619,7060047060,0,34,0.13245760053603373,0.2946219514187709
cars_common_cohort,US,rf,1620,7060047060,0,34,0.26035611659680125,0.32900105953634795
cars_common_cohort,US,rf,1631,7060047060,0,34,0.11543700302138787,0.25586573236242544
cars_common_cohort,US,rf,1634,7060047060,0,34,0.16133901010123658,0.23496714810797875
cars_common_cohort,US,rf,1636,7060047060,0,34,0.34310552073147055,0.3374879012380122
cars_common_cohort,US,rf,1645,7060047060,0,34,0.43703759577674123,0.3609195259001827
cars_common_cohort,US,rf,1650,7060047060,0,34,0.15935517429417478,0.31092034315935324
cars_common_cohort,US,rf,1654,7060047060,0,34,0.4218435553220695,0.3613209185872092
cars_common_cohort,US,rf,1655,7060047060,0,34,0.2436515966980656,0.3139485879683392
cars_common_cohort,US,rf,1656,7060047060,0,34,0.16921263797743122,0.23478377982561574
cars_common_cohort,US,rf,1683,7060047060,0,34,0.3901169448841023,0.3382748881837785
cars_common_cohort,US,rf,1691,7060047060,0,34,0.09129167479621161,0.23454282474300814
cars_common_cohort,US,rf,1699,7060047060,0,34,0.08642534293446677,0.2305466653744693
cars_common_cohort,US,rf,1703,7060047060,0,34,0.6719276083841421,0.3656210210241894
cars_common_cohort,US,rf,1706,7060047060,0,34,0.13111941543593233,0.23454282474300814
cars_common_cohort,US,rf,1707,7060047060,0,34,0.20455684515248346,0.30924447499444946
cars_common_cohort,US,rf,1709,7060047060,0,34,0.07526172636281764,0.23100008419408508
cars_common_cohort,US,rf,1712,7060047060,0,34,0.08719223605780649,0.23454282474300814
cars_common_cohort,US,rf,1713,7060047060,0,34,0.18000550115060232,0.2852574545165832
cars_common_cohort,US,rf,1714,7060047060,0,34,0.28978101331581735,0.33396253091894096
cars_common_cohort,US,rf,1718,7060047060,0,34,0.394739557462232,0.3609195259001827
cars_common_cohort,US,rf,1723,7060047060,0,34,0.15212299221423958,0.23669725653357288
cars_common_cohort,US,rf,1726,7060047060,0,34,0.09003522408520709,0.23454282474300814
cars_common_cohort,US,rf,1735,7060047060,0,34,0.05883707799962642,0.23601377512609276
cars_common_cohort,US,rf,1739,7060047060,0,34,0.26952085731685316,0.310025104295848
cars_common_cohort,US,rf,1740,7060047060,0,34,0.1589239050565217,0.23496714810797875
cars_common_cohort,US,rf,1741,7060047060,0,34,0.3146143807409897,0.33519139219356076
cars_common_cohort,US,rf,1742,7060047060,0,34,0.07137936169626372,0.21085213376210032
cars_common_cohort,US,rf,1744,7060047060,0,34,0.21324280186253824,0.23063814665409968
cars_common_cohort,US,rf,1752,7060047060,0,34,0.02732428109480984,0.20098168193730334
cars_common_cohort,US,rf,1753,7060047060,0,34,0.03384360187055937,0.20079831365494033
cars_common_cohort,US,rf,1755,7060047060,0,34,0.5328497903478746,0.361206767590764
cars_common_cohort,US,rf,1768,7060047060,0,34,0.010814949128347994,0.20156023165593898
cars_common_cohort,US,rf,1777,7060047060,0,34,0.28909389421808096,0.31301176472774017
cars_common_cohort,US,rf,1848,7060047060,0,34,0.4800253185821163,0.3402858148272495
cars_common_cohort,US,rf,1864,7060047060,0,34,0.5318920034094353,0.34084690486438574
cars_common_cohort,US,rf,1869,7060047060,0,34,0.6181993694029078,0.3366330897313699
cars_common_cohort,US,rf,307,7060047060,0,34,0.13528669233477014,0.22659674212091155
cars_common_cohort,US,rf,319,7060047060,0,34,0.23720243735094437,0.3264132800388517
cars_common_cohort,US,rf,355,7060047060,0,34,0.12272469188767607,0.2251833785380716
cars_common_cohort,US,rf,362,7060047060,0,34,0.3864645066597572,0.35358844299295233
cars_common_cohort,US,rf,364,7060047060,0,34,0.16167768783006337,0.2251833785380716
cars_common_cohort,US,rf,368,7060047060,0,34,0.4096064798436735,0.3801135958638979
cars_common_cohort,US,rf,373,7060047060,0,34,0.37558580011839665,0.37649556590637057
cars_common_cohort,US,rf,393,7060047060,0,34,0.2235727680227117,0.2984337503036254
cars_common_cohort,US,rf,398,7060047060,0,34,0.2636061818578061,0.30731511071189466
cars_common_cohort,US,rf,415,7060047060,0,34,0.07439807135004639,0.23189406329329948
cars_common_cohort,US,rf,416,7060047060,0,34,0.18256724140525943,0.22659613835556974
cars_common_cohort,US,rf,421,7060047060,0,34,0.2531768818393909,0.3760941732193441
cars_common_cohort,US,rf,500,7060047060,0,34,0.35710034798351037,0.37649556590637057
cars_common_cohort,US,rf,505,7060047060,0,34,0.23801375600200253,0.2743321584594605
cars_common_cohort,US,rf,511,7060047060,0,34,0.08335690047648478,0.25045207680884063
cars_common_cohort,US,rf,522,7060047060,0,34,0.0714074460062018,0.226142719535954
cars_common_cohort,US,rf,530,7060047060,0,34,0.24882530842092745,0.2939643026814585
cars_common_cohort,US,rf,533,7060047060,0,34,0.050322851451944275,0.22536674682043462
cars_common_cohort,US,rf,7313,7060047060,0,34,0.18751672464372046,0.2732922454788445
cars_common_cohort,US,rf,7318,7060047060,0,34,0.011418187875291395,0.22448900463584817
cars_common_cohort,US,rf,753,7060047060,0,34,0.15115842356726944,0.29995069833341964
cars_common_cohort,US,rf,870,7060047060,0,34,0.05728962862512674,0.2592355968799795
cars_common_cohort,US,rf,882,7060047060,0,34,0.07487405610658132,0.20137686337357596
cars_common_cohort,US,rf,884,7060047060,0,34,0.058890091762423005,0.20175765465282272
cars_common_cohort,US,rf,885,7060047060,0,34,0.060213697559366314,0.2012517324745561
cars_common_cohort,US,rf,895,7060047060,0,34,0.01200902548294359,0.20143510075691912
cars_common_cohort,US,rf,898,7060047060,0,34,0.4809622045609584,0.3543650194738135
cars_common_cohort,US,rf,920,7060047060,0,34,0.009702717289224134,0.2019827965511735
cars_common_cohort,US,rf,931,7060047060,0,34,1.2052396392304092,0.35524557946802765
cars_common_cohort,US,rf,938,7060047060,0,34,0.3968494669462763,0.3633268866032056
cars_common_cohort,US,rf,419,7060008710,1,103,0.4416205857741654,0.424719613550813
cars_common_cohort,US,rf,423,7060008710,1,103,0.2609668929402653,0.3546402255200431
cars_common_cohort,US,rf,445,7060008710,1,103,0.22415083691444454,0.25788418253997936
cars_common_cohort,US,rf,448,7060008710,1,103,0.22427414079737434,0.2451894599325028
cars_common_cohort,US,rf,451,7060008710,1,103,0.2142445264803189,0.13554859277380435
cars_common_cohort,US,rf,469,7060008710,1,103,0.46365928111475874,0.4126380861124811
cars_common_cohort,US,rf,470,7060008710,1,103,0.30999258982574807,0.2971872711936593
cars_common_cohort,US,rf,488,7060008710,1,103,0.2871536416436151,0.343523622821477
cars_common_cohort,US,rf,497,7060008710,1,103,0.24859788496998347,0.35858586263757725
cars_common_cohort,US,rf,502,7060008710,1,103,0.30423695353723224,0.24227794055383955
cars_common_cohort,US,rf,509,7060008710,1,103,0.0984713136044381,0.2519565180294606
cars_common_cohort,US,rf,517,7060008710,1,103,0.3479024777143732,0.3634310196665117
cars_common_cohort,US,rf,518,7060008710,1,103,0.5128392897293541,0.4134243199831856
cars_common_cohort,US,rf,531,7060008710,1,103,0.1943925982432932,0.2583159242660919
cars_common_cohort,US,rf,536,7060008710,1,103,0.25250797575882156,0.22926503486788516
cars_common_cohort,US,rf,541,7060008710,1,103,0.3372827560408248,0.3594164242021139
cars_common_cohort,US,rf,542,7060008710,1,103,0.018790976407496537,0.0760619817117421
cars_common_cohort,US,rf,549,7060008710,1,103,0.1701278393208284,0.15305849244609446
cars_common_cohort,US,rf,567,7060008710,1,103,0.6561024589795234,0.4430516628164915
cars_common_cohort,US,rf,574,7060008710,1,103,0.39976135828890924,0.4019777506901289
cars_common_cohort,US,rf,575,7060008710,1,103,0.3449917751935075,0.4000078933700162
cars_common_cohort,US,rf,597,7060008710,1,103,0.5041937892767199,0.39355422627068654
cars_common_cohort,US,rf,601,7060008710,1,103,0.3977358697471582,0.3845513761104595
cars_common_cohort,US,rf,1249,7060048410,2,117,1.146030395254913,0.500347811357878
cars_common_cohort,US,rf,132,7060013550,2,117,0.21980128669475302,0.14855873758429466
cars_common_cohort,US,rf,133,7060013550,2,117,0.07419048047485194,0.07474198509445641
cars_common_cohort,US,rf,148,7060013550,2,117,0.21978420333248716,0.17870970838430833
cars_common_cohort,US,rf,1776,7060043090,2,117,0.07073662060070428,0.07881897970828083
cars_common_cohort,US,rf,182,7060013550,2,117,0.18126164103477693,0.22483287746463365
cars_common_cohort,US,rf,191,7060013550,2,117,0.2234054546701261,0.3144476837899984
cars_common_cohort,US,rf,198,7060013550,2,117,0.3030069769194994,0.34137270745307746
cars_common_cohort,US,rf,204,7060013550,2,117,0.30221711336109347,0.37027072197867616
cars_common_cohort,US,rf,524,7060073920,2,117,0.2800087631552244,0.4686410730209454
cars_common_cohort,US,rf,595,7060013550,2,117,0.1074165396122517,0.2271571526720041
cars_common_cohort,US,rf,600,7060013550,2,117,0.2941340706340895,0.3083315175132873
cars_common_cohort,US,rf,612,7060013550,2,117,0.10733503940308617,0.1761692390230787
cars_common_cohort,US,rf,1086,7060049270,3,106,1.0688908847059717,0.4342982933645329
cars_common_cohort,US,rf,131,7060014200,3,106,0.30696206638849055,0.3004875386379587
cars_common_cohort,US,rf,1761,7060042310,3,106,0.2589475273602554,0.1954559115885415
cars_common_cohort,US,rf,1879,7060043160,3,106,0.5783266087608062,0.3548874185101089
cars_common_cohort,US,rf,310,7060014930,3,106,0.06025614607528096,0.0860424593232156
cars_common_cohort,US,rf,316,7060014930,3,106,0.2220848054312484,0.2254812414381046
cars_common_cohort,US,rf,361,7060014930,3,106,0.10503189579573496,0.1587281658011052
cars_common_cohort,US,rf,372,7060014930,3,106,0.30493644885189647,0.35347314202093666
cars_common_cohort,US,rf,384,7060014930,3,106,0.3093526199502241,0.2954689492164713
cars_common_cohort,US,rf,386,7060014930,3,106,0.5767595458015281,0.4350797355273417
cars_common_cohort,US,rf,391,7060014930,3,106,0.11565386794679762,0.1491378109250925
cars_common_cohort,US,rf,41,7060016090,3,106,0.3063485000731634,0.29534234397167497
cars_common_cohort,US,rf,413,7060014930,3,106,0.014957428854622506,0.09743583507986407
cars_common_cohort,US,rf,42,7060016090,3,106,0.3638214534858144,0.3584356421241104
cars_common_cohort,US,rf,55,7060014930,3,106,0.2791408868597332,0.2981956499797816
cars_common_cohort,US,rf,57,7060014930,3,106,0.3399568096450151,0.3592070038827017
cars_common_cohort,US,rf,60,7060014930,3,106,0.20260488753198175,0.26140251848855894
cars_common_cohort,US,rf,63,7060014930,3,106,0.2699904997815742,0.33797456173588913
cars_common_cohort,US,rf,114,7060014340,4,113,0.28535177249533317,0.39772115784270423
cars_common_cohort,US,rf,1151,7060047970,4,113,0.537804254533716,0.44065355938624734
cars_common_cohort,US,rf,1237,7060047970,4,113,0.6223175503941138,0.4885641492549066
cars_common_cohort,US,rf,169,7060013560,4,113,0.5336578409890408,0.4388874107970853
cars_common_cohort,US,rf,1851,7060043500,4,113,0.12392692879677134,0.14109532208563655
cars_common_cohort,US,rf,1883,7060043640,4,113,0.25082374609997554,0.1909626446900565
cars_common_cohort,US,rf,292,7060022240,4,113,0.4472345683630451,0.377632217742593
cars_common_cohort,US,rf,442,7060073620,4,113,0.2880753880040633,0.3229011502909458
cars_common_cohort,US,rf,449,7060073620,4,113,0.426066484362956,0.4192994481373602
cars_common_cohort,US,rf,456,7060073620,4,113,0.2640694177067812,0.23393642651902552
cars_common_cohort,US,rf,467,7060073620,4,113,0.5066104513145995,0.4136011466244618
cars_common_cohort,US,rf,477,7060073620,4,113,0.2618498475460717,0.24789792099558067
cars_common_cohort,US,rf,7308,7060043500,4,113,0.1498584901974067,0.11576377740275345
cars_common_cohort,BR,rf,1131,6060007000,-1,118,0.0390069704748579,0.11196686709785095
cars_common_cohort,BR,rf,1145,6060011780,-1,118,0.9429708577848884,0.13770257103631947
cars_common_cohort,BR,rf,1146,6060011780,-1,118,0.0139588343760545,0.147684660869703
cars_common_cohort,BR,rf,1147,6060011780,-1,118,0.0155383998299051,0.0789858647848683
cars_common_cohort,BR,rf,1154,6060016970,-1,118,0.4825847875493023,0.4896337927205297
cars_common_cohort,BR,rf,1165,6060016970,-1,118,0.0547998237636922,0.1013327451466144
cars_common_cohort,BR,rf,1166,6060016970,-1,118,0.0145229343356155,0.06428088926460948
cars_common_cohort,BR,rf,1167,6060016970,-1,118,0.0326411043303537,0.06704420815715129
cars_common_cohort,BR,rf,1168,6060016970,-1,118,0.0048962466331128,0.06450350391332091
cars_common_cohort,BR,rf,1169,6060016970,-1,118,0.0130415300561963,0.06598072723032106
cars_common_cohort,BR,rf,1170,6060016970,-1,118,0.0380463633921466,0.06538256101959679
cars_common_cohort,BR,rf,1174,6060016970,-1,118,0.0639880778333452,0.14340386410219602
cars_common_cohort,BR,rf,1175,6060016970,-1,118,0.2278760279754066,0.222146843995261
cars_common_cohort,BR,rf,1176,6060016970,-1,118,0.0096236151736861,0.06858806471622893
cars_common_cohort,BR,rf,1177,6060016970,-1,118,0.0107750395620475,0.0694671218225048
cars_common_cohort,BR,rf,1178,6060013750,-1,118,0.0696826154728397,0.08436354238773078
cars_common_cohort,BR,rf,1179,6060016970,-1,118,0.0090022031832229,0.06538256101959679
cars_common_cohort,BR,rf,1182,6060016970,-1,118,0.0032266821323722,0.06922236668784787
cars_common_cohort,BR,rf,1183,6060016970,-1,118,0.0061949884092648,0.06450350391332091
cars_common_cohort,BR,rf,1186,6060013750,-1,118,0.2202870865187361,0.2003272077722966
cars_common_cohort,BR,rf,1187,6060013750,-1,118,0.0558600848218432,0.0760609622058075
cars_common_cohort,BR,rf,1191,6060016970,-1,118,0.453581512388476,0.4406857234984479
cars_common_cohort,BR,rf,1192,6060016970,-1,118,0.2503726875185316,0.31126177689301754
cars_common_cohort,BR,rf,1195,6060016970,-1,118,0.017870733285531,0.06488678399603773
cars_common_cohort,BR,rf,1196,6060016970,-1,118,0.0285317239706438,0.06553597505946067
cars_common_cohort,BR,rf,1198,6060016970,-1,118,0.1793764263003081,0.14444607597502543
cars_common_cohort,BR,rf,1199,6060016760,-1,118,0.0463493410700394,0.10804498744539673
cars_common_cohort,BR,rf,1200,6060016760,-1,118,0.0717300944791795,0.10236254208523743
cars_common_cohort,BR,rf,1201,6060015560,-1,118,0.1973575345701719,0.1698834533744734
cars_common_cohort,BR,rf,1202,6060015560,-1,118,0.0462549910200803,0.06700939930520504
cars_common_cohort,BR,rf,13435,6060013420,-1,118,0.0082857432417853,0.10051898342979092
cars_common_cohort,BR,rf,13477,6060016970,-1,118,0.0030196517971885,0.06492531375939958
cars_common_cohort,BR,rf,197,6060009760,-1,118,0.1494897777211895,0.13736359089000194
cars_common_cohort,BR,rf,198,6060011780,-1,118,0.0165135046711468,0.08049444567864232
cars_common_cohort,BR,rf,201,6060007950,-1,118,0.0258143608677011,0.20062448928332266
cars_common_cohort,BR,rf,202,6060007950,-1,118,0.3440314527118721,0.37788069258790197
cars_common_cohort,BR,rf,203,6060011780,-1,118,0.367381248821139,0.41215911618555995
cars_common_cohort,BR,rf,204,6060016970,-1,118,0.201860303416369,0.12192725123480554
cars_common_cohort,BR,rf,205,6060016970,-1,118,0.126467830862241,0.259281397502437
cars_common_cohort,BR,rf,206,6060016970,-1,118,0.0531391459024513,0.06549211726819708
cars_common_cohort,BR,rf,207,6060016970,-1,118,0.2090450087283482,0.24238283015675766
cars_common_cohort,BR,rf,208,6060016970,-1,118,0.0355714826805463,0.08605176250052976
cars_common_cohort,BR,rf,209,6060016970,-1,118,0.0144028771681114,0.06450350391332091
cars_common_cohort,BR,rf,210,6060016970,-1,118,0.0246088546523943,0.06450350391332091
cars_common_cohort,BR,rf,211,6060016970,-1,118,0.0375761424301017,0.06549211726819708
cars_common_cohort,BR,rf,212,6060016970,-1,118,0.0317800847168669,0.06953128963486117
cars_common_cohort,BR,rf,213,6060016970,-1,118,0.1315362853370682,0.06648923123375514
cars_common_cohort,BR,rf,214,6060016970,-1,118,0.2184430138933118,0.24078599770878956
cars_common_cohort,BR,rf,215,6060016970,-1,118,0.0064473546862729,0.06450350391332091
cars_common_cohort,BR,rf,216,6060016970,-1,118,0.0134168828736038,0.06428088926460948
cars_common_cohort,BR,rf,217,6060016970,-1,118,0.0569943517910319,0.0915764255845447
cars_common_cohort,BR,rf,218,6060016970,-1,118,0.1284025733050957,0.14429610552945016
cars_common_cohort,BR,rf,219,6060016970,-1,118,0.0153734568227492,0.06450350391332091
cars_common_cohort,BR,rf,220,6060016970,-1,118,0.0662670354688832,0.10165109853127849
cars_common_cohort,BR,rf,221,6060016970,-1,118,0.0852393222064124,0.07714036307809594
cars_common_cohort,BR,rf,222,6060016970,-1,118,0.1468871124305796,0.13306962802897856
cars_common_cohort,BR,rf,223,6060013750,-1,118,0.2093873097513461,0.13701476490986558
cars_common_cohort,BR,rf,225,6060016970,-1,118,0.0259738684729026,0.06509974903299225
cars_common_cohort,BR,rf,226,6060016970,-1,118,0.0339030273856548,0.0675752353166255
cars_common_cohort,BR,rf,228,6060016760,-1,118,0.2405008092347565,0.3467638541340902
cars_common_cohort,BR,rf,229,6060015560,-1,118,0.1344295002452387,0.22786503212569986
cars_common_cohort,BR,rf,26,6060007950,-1,118,0.1610421735228621,0.18092161052853456
cars_common_cohort,BR,rf,27,6060011780,-1,118,0.2193514668254769,0.3570440829202542
cars_common_cohort,BR,rf,28,6060016970,-1,118,0.0157601793772504,0.06450350391332091
cars_common_cohort,BR,rf,28512,6060016970,-1,118,0.005104449711395,0.0652614182872332
cars_common_cohort,BR,rf,29,6060016970,-1,118,0.0093943956875154,0.06495912510548396
cars_common_cohort,BR,rf,30,6060016970,-1,118,0.0145609957353346,0.06450350391332091
cars_common_cohort,BR,rf,3464,6060013420,-1,118,0.0025825778702569,0.1007566788481714
cars_common_cohort,BR,rf,3472,6060016970,-1,118,0.0044035648738334,0.06450350391332091
cars_common_cohort,BR,rf,3481,6060014460,-1,118,0.198100391080738,0.14948407957182588
cars_common_cohort,BR,rf,3483,6060016970,-1,118,0.6851183600961861,0.19120489940670157
cars_common_cohort,BR,rf,3486,6060016760,-1,118,0.0390585441286255,0.08862731215824145
cars_common_cohort,BR,rf,3491,6060015560,-1,118,0.0693921885438663,0.07051493970052733
cars_common_cohort,BR,rf,40670,6060013420,-1,118,0.0416545111432612,0.10610594454682046
cars_common_cohort,BR,rf,40862,6060013430,-1,118,0.0085255338352187,0.10976434464038316
cars_common_cohort,BR,rf,41066,6060015560,-1,118,0.004850844396302,0.10229662723648648
cars_common_cohort,BR,rf,6874,6060016760,-1,118,0.3314226222254867,0.1556824678456686
cars_common_cohort,BR,rf,6875,6060016970,-1,118,0.020580097384573,0.0871637202286457
cars_common_cohort,BR,rf,6878,6060007950,-1,118,0.1869219645099048,0.09212506498694867
cars_common_cohort,BR,rf,6879,6060016760,-1,118,0.0151105669364328,0.08652733882070641
cars_common_cohort,BR,rf,6883,6060007950,-1,118,0.0200774969459172,0.16197277165980706
cars_common_cohort,BR,rf,7256,6060016970,-1,118,0.0296251511125645,0.06555460472559912
cars_common_cohort,BR,rf,7257,6060016970,-1,118,0.0331956746743684,0.06555460472559912
cars_common_cohort,BR,rf,7259,6060016970,-1,118,0.0218010705573437,0.0871637202286457
cars_common_cohort,BR,rf,7263,6060015560,-1,118,0.0151376875110565,0.10206178660168254
cars_common_cohort,BR,rf,7270,6060016970,-1,118,2.9466869428392814e-05,0.06450350391332091
cars_common_cohort,BR,rf,7274,6060016760,-1,118,0.0725384640486719,0.10155117924865881
cars_common_cohort,BR,rf,7424,6060015560,-1,118,0.0099914835892373,0.10544744939104507
cars_common_cohort,BR,rf,8393,6060016970,-1,118,0.0023328943737665,0.07021699641347372
cars_common_cohort,BR,rf,8396,6060016970,-1,118,0.0074185628142692,0.06922236668784787
cars_common_cohort,BR,rf,8448,6060015560,-1,118,0.0091361958418698,0.06635841772176453
upstream_common_cohort,US,mean,1017,7060047060,0,34,0.39350694741793457,0.30127679804664953
upstream_common_cohort,US,mean,1026,7060047060,0,34,0.27047730320991026,0.30127679804664953
upstream_common_cohort,US,mean,1033,7060047060,0,34,0.34903146806745766,0.30127679804664953
upstream_common_cohort,US,mean,1036,7060047060,0,34,0.20717264498721943,0.30127679804664953
upstream_common_cohort,US,mean,1042,7060047060,0,34,0.3236531161741061,0.30127679804664953
upstream_common_cohort,US,mean,1067,7060047060,0,34,0.6167405131405999,0.30127679804664953
upstream_common_cohort,US,mean,1092,7060047060,0,34,0.6010081256172075,0.30127679804664953
upstream_common_cohort,US,mean,1101,7060047060,0,34,0.5979508334437655,0.30127679804664953
upstream_common_cohort,US,mean,1112,7060047060,0,34,0.4993501914700653,0.30127679804664953
upstream_common_cohort,US,mean,1121,7060047060,0,34,0.32837844858050913,0.30127679804664953
upstream_common_cohort,US,mean,1122,7060047060,0,34,0.5217491049159911,0.30127679804664953
upstream_common_cohort,US,mean,1125,7060047060,0,34,0.32837844858050913,0.30127679804664953
upstream_common_cohort,US,mean,1127,7060047060,0,34,0.5663454133318315,0.30127679804664953
upstream_common_cohort,US,mean,1192,7060047060,0,34,0.16430907051601795,0.30127679804664953
upstream_common_cohort,US,mean,1586,7060047060,0,34,0.10904752528982808,0.30127679804664953
upstream_common_cohort,US,mean,1587,7060047060,0,34,0.2799957740271275,0.30127679804664953
upstream_common_cohort,US,mean,1592,7060047060,0,34,0.34382574108077185,0.30127679804664953
upstream_common_cohort,US,mean,1595,7060047060,0,34,0.10842850910012612,0.30127679804664953
upstream_common_cohort,US,mean,1600,7060047060,0,34,0.16390038915031843,0.30127679804664953
upstream_common_cohort,US,mean,1617,7060047060,0,34,0.26566128757157614,0.30127679804664953
upstream_common_cohort,US,mean,1619,7060047060,0,34,0.14994540981136933,0.30127679804664953
upstream_common_cohort,US,mean,1620,7060047060,0,34,0.27244922316425124,0.30127679804664953
upstream_common_cohort,US,mean,1631,7060047060,0,34,0.13586625120138024,0.30127679804664953
upstream_common_cohort,US,mean,1634,7060047060,0,34,0.1758207414989661,0.30127679804664953
upstream_common_cohort,US,mean,1636,7060047060,0,34,0.37686352202262224,0.30127679804664953
upstream_common_cohort,US,mean,1645,7060047060,0,34,0.46880108927990805,0.30127679804664953
upstream_common_cohort,US,mean,1650,7060047060,0,34,0.1902835665834986,0.30127679804664953
upstream_common_cohort,US,mean,1654,7060047060,0,34,0.4581723993322289,0.30127679804664953
upstream_common_cohort,US,mean,1655,7060047060,0,34,0.27903405496887934,0.30127679804664953
upstream_common_cohort,US,mean,1656,7060047060,0,34,0.2013737127912082,0.30127679804664953
upstream_common_cohort,US,mean,1683,7060047060,0,34,0.44087707368667267,0.30127679804664953
upstream_common_cohort,US,mean,1691,7060047060,0,34,0.11616721478804654,0.30127679804664953
upstream_common_cohort,US,mean,1699,7060047060,0,34,0.10173478820258915,0.30127679804664953
upstream_common_cohort,US,mean,1703,7060047060,0,34,0.716660099941124,0.30127679804664953
upstream_common_cohort,US,mean,1706,7060047060,0,34,0.14395730556039704,0.30127679804664953
upstream_common_cohort,US,mean,1707,7060047060,0,34,0.2516954924878223,0.30127679804664953
upstream_common_cohort,US,mean,1709,7060047060,0,34,0.09069195877190259,0.30127679804664953
upstream_common_cohort,US,mean,1712,7060047060,0,34,0.1190201878087824,0.30127679804664953
upstream_common_cohort,US,mean,1713,7060047060,0,34,0.2096398232608936,0.30127679804664953
upstream_common_cohort,US,mean,1714,7060047060,0,34,0.3091300571912571,0.30127679804664953
upstream_common_cohort,US,mean,1718,7060047060,0,34,0.44885605648942306,0.30127679804664953
upstream_common_cohort,US,mean,1723,7060047060,0,34,0.19395669459263004,0.30127679804664953
upstream_common_cohort,US,mean,1726,7060047060,0,34,0.10896403881507782,0.30127679804664953
upstream_common_cohort,US,mean,1735,7060047060,0,34,0.06979095290564989,0.30127679804664953
upstream_common_cohort,US,mean,1739,7060047060,0,34,0.29666539359342553,0.30127679804664953
upstream_common_cohort,US,mean,1740,7060047060,0,34,0.1758207414989661,0.30127679804664953
upstream_common_cohort,US,mean,1741,7060047060,0,34,0.3534252217323681,0.30127679804664953
upstream_common_cohort,US,mean,1742,7060047060,0,34,0.08480826170244422,0.30127679804664953
upstream_common_cohort,US,mean,1744,7060047060,0,34,0.2387276522901479,0.30127679804664953
upstream_common_cohort,US,mean,1752,7060047060,0,34,0.0302958959256767,0.30127679804664953
upstream_common_cohort,US,mean,1753,7060047060,0,34,0.034264448408433124,0.30127679804664953
upstream_common_cohort,US,mean,1755,7060047060,0,34,0.5562673086774179,0.30127679804664953
upstream_common_cohort,US,mean,1768,7060047060,0,34,0.01211858013282131,0.30127679804664953
upstream_common_cohort,US,mean,1777,7060047060,0,34,0.30228136103486564,0.30127679804664953
upstream_common_cohort,US,mean,1848,7060047060,0,34,0.5028227720001452,0.30127679804664953
upstream_common_cohort,US,mean,1864,7060047060,0,34,0.5453666496134132,0.30127679804664953
upstream_common_cohort,US,mean,1869,7060047060,0,34,0.6497507178945514,0.30127679804664953
upstream_common_cohort,US,mean,307,7060047060,0,34,0.13710457100078935,0.30127679804664953
upstream_common_cohort,US,mean,319,7060047060,0,34,0.23881827227462005,0.30127679804664953
upstream_common_cohort,US,mean,355,7060047060,0,34,0.12340187249362164,0.30127679804664953
upstream_common_cohort,US,mean,362,7060047060,0,34,0.3841607485850629,0.30127679804664953
upstream_common_cohort,US,mean,364,7060047060,0,34,0.16250170400561625,0.30127679804664953
upstream_common_cohort,US,mean,368,7060047060,0,34,0.41289960337289583,0.30127679804664953
upstream_common_cohort,US,mean,373,7060047060,0,34,0.37558270113787345,0.30127679804664953
upstream_common_cohort,US,mean,393,7060047060,0,34,0.22427692059245702,0.30127679804664953
upstream_common_cohort,US,mean,398,7060047060,0,34,0.2627616778487855,0.30127679804664953
upstream_common_cohort,US,mean,415,7060047060,0,34,0.0745806789865424,0.30127679804664953
upstream_common_cohort,US,mean,416,7060047060,0,34,0.17890221425805486,0.30127679804664953
upstream_common_cohort,US,mean,421,7060047060,0,34,0.25493325998242067,0.30127679804664953
upstream_common_cohort,US,mean,500,7060047060,0,34,0.3562560410703974,0.30127679804664953
upstream_common_cohort,US,mean,505,7060047060,0,34,0.23924474713225585,0.30127679804664953
upstream_common_cohort,US,mean,511,7060047060,0,34,0.08440368437655454,0.30127679804664953
upstream_common_cohort,US,mean,522,7060047060,0,34,0.07026054013384717,0.30127679804664953
upstream_common_cohort,US,mean,530,7060047060,0,34,0.24882327314142194,0.30127679804664953
upstream_common_cohort,US,mean,533,7060047060,0,34,0.06207667745984695,0.30127679804664953
upstream_common_cohort,US,mean,7313,7060047060,0,34,0.18782556894938995,0.30127679804664953
upstream_common_cohort,US,mean,7318,7060047060,0,34,0.01404860943222809,0.30127679804664953
upstream_common_cohort,US,mean,753,7060047060,0,34,0.15216346333752714,0.30127679804664953
upstream_common_cohort,US,mean,870,7060047060,0,34,0.05984246578898476,0.30127679804664953
upstream_common_cohort,US,mean,882,7060047060,0,34,0.07469940515764761,0.30127679804664953
upstream_common_cohort,US,mean,884,7060047060,0,34,0.0763158000949986,0.30127679804664953
upstream_common_cohort,US,mean,885,7060047060,0,34,0.06626214192426286,0.30127679804664953
upstream_common_cohort,US,mean,895,7060047060,0,34,0.014271387481084304,0.30127679804664953
upstream_common_cohort,US,mean,898,7060047060,0,34,0.4804827463621658,0.30127679804664953
upstream_common_cohort,US,mean,920,7060047060,0,34,0.010603340710536624,0.30127679804664953
upstream_common_cohort,US,mean,931,7060047060,0,34,1.2472731177871326,0.30127679804664953
upstream_common_cohort,US,mean,938,7060047060,0,34,0.38426009158298446,0.30127679804664953
upstream_common_cohort,US,mean,419,7060008710,1,103,0.44082065466842046,0.27446314928967364
upstream_common_cohort,US,mean,423,7060008710,1,103,0.26117307204484375,0.27446314928967364
upstream_common_cohort,US,mean,445,7060008710,1,103,0.224138830757966,0.27446314928967364
upstream_common_cohort,US,mean,448,7060008710,1,103,0.22416607699504454,0.27446314928967364
upstream_common_cohort,US,mean,451,7060008710,1,103,0.22090927233216076,0.27446314928967364
upstream_common_cohort,US,mean,469,7060008710,1,103,0.45052235055286904,0.27446314928967364
upstream_common_cohort,US,mean,470,7060008710,1,103,0.31479673590326607,0.27446314928967364
upstream_common_cohort,US,mean,488,7060008710,1,103,0.28199738486015824,0.27446314928967364
upstream_common_cohort,US,mean,497,7060008710,1,103,0.2464086886680948,0.27446314928967364
upstream_common_cohort,US,mean,502,7060008710,1,103,0.30211006397508533,0.27446314928967364
upstream_common_cohort,US,mean,509,7060008710,1,103,0.09916879377383866,0.27446314928967364
upstream_common_cohort,US,mean,517,7060008710,1,103,0.3486366875331364,0.27446314928967364
upstream_common_cohort,US,mean,518,7060008710,1,103,0.5042386268704302,0.27446314928967364
upstream_common_cohort,US,mean,531,7060008710,1,103,0.19126019666584598,0.27446314928967364
upstream_common_cohort,US,mean,536,7060008710,1,103,0.25553116336390597,0.27446314928967364
upstream_common_cohort,US,mean,541,7060008710,1,103,0.33512067960589664,0.27446314928967364
upstream_common_cohort,US,mean,542,7060008710,1,103,0.021829390999163038,0.27446314928967364
upstream_common_cohort,US,mean,549,7060008710,1,103,0.17266983428947952,0.27446314928967364
upstream_common_cohort,US,mean,567,7060008710,1,103,0.6598461853590809,0.27446314928967364
upstream_common_cohort,US,mean,574,7060008710,1,103,0.4025920589861338,0.27446314928967364
upstream_common_cohort,US,mean,575,7060008710,1,103,0.3423624117302833,0.27446314928967364
upstream_common_cohort,US,mean,597,7060008710,1,103,0.504672677607412,0.27446314928967364
upstream_common_cohort,US,mean,601,7060008710,1,103,0.3984804482743115,0.27446314928967364
upstream_common_cohort,US,mean,1249,7060048410,2,117,1.1752645856080293,0.28004638634225504
upstream_common_cohort,US,mean,132,7060013550,2,117,0.22046421488839568,0.28004638634225504
upstream_common_cohort,US,mean,133,7060013550,2,117,0.0872185410310191,0.28004638634225504
upstream_common_cohort,US,mean,148,7060013550,2,117,0.21833227848872927,0.28004638634225504
upstream_common_cohort,US,mean,1776,7060043090,2,117,0.0855439313352062,0.28004638634225504
upstream_common_cohort,US,mean,182,7060013550,2,117,0.18271699961023843,0.28004638634225504
upstream_common_cohort,US,mean,191,7060013550,2,117,0.24386640433051454,0.28004638634225504
upstream_common_cohort,US,mean,198,7060013550,2,117,0.30894982013781086,0.28004638634225504
upstream_common_cohort,US,mean,204,7060013550,2,117,0.3066385469683326,0.28004638634225504
upstream_common_cohort,US,mean,524,7060073920,2,117,0.28463745446912436,0.28004638634225504
upstream_common_cohort,US,mean,595,7060013550,2,117,0.10828677413827531,0.28004638634225504
upstream_common_cohort,US,mean,600,7060013550,2,117,0.2973337878686663,0.28004638634225504
upstream_common_cohort,US,mean,612,7060013550,2,117,0.11004515406213367,0.28004638634225504
upstream_common_cohort,US,mean,1086,7060049270,3,106,1.1065786202138204,0.27446582998975044
upstream_common_cohort,US,mean,131,7060014200,3,106,0.27333918635913207,0.27446582998975044
upstream_common_cohort,US,mean,1761,7060042310,3,106,0.27724474371309005,0.27446582998975044
upstream_common_cohort,US,mean,1879,7060043160,3,106,0.5747260555684761,0.27446582998975044
upstream_common_cohort,US,mean,310,7060014930,3,106,0.06279365977724899,0.27446582998975044
upstream_common_cohort,US,mean,316,7060014930,3,106,0.2222499551419378,0.27446582998975044
upstream_common_cohort,US,mean,361,7060014930,3,106,0.10836787673158613,0.27446582998975044
upstream_common_cohort,US,mean,372,7060014930,3,106,0.2942816619350156,0.27446582998975044
upstream_common_cohort,US,mean,384,7060014930,3,106,0.3030019109094392,0.27446582998975044
upstream_common_cohort,US,mean,386,7060014930,3,106,0.572864021275219,0.27446582998975044
upstream_common_cohort,US,mean,391,7060014930,3,106,0.11630684303528308,0.27446582998975044
upstream_common_cohort,US,mean,41,7060016090,3,106,0.30546303515284856,0.27446582998975044
upstream_common_cohort,US,mean,413,7060014930,3,106,0.015188338602546802,0.27446582998975044
upstream_common_cohort,US,mean,42,7060016090,3,106,0.366221789192078,0.27446582998975044
upstream_common_cohort,US,mean,55,7060014930,3,106,0.2855472312792672,0.27446582998975044
upstream_common_cohort,US,mean,57,7060014930,3,106,0.3434381800795077,0.27446582998975044
upstream_common_cohort,US,mean,60,7060014930,3,106,0.2041065565749272,0.27446582998975044
upstream_common_cohort,US,mean,63,7060014930,3,106,0.2689459370149505,0.27446582998975044
upstream_common_cohort,US,mean,114,7060014340,4,113,0.28504764230307755,0.27432881696082967
upstream_common_cohort,US,mean,1151,7060047970,4,113,0.5843168922743912,0.27432881696082967
upstream_common_cohort,US,mean,1237,7060047970,4,113,0.6706848696134027,0.27432881696082967
upstream_common_cohort,US,mean,169,7060013560,4,113,0.5358492196096671,0.27432881696082967
upstream_common_cohort,US,mean,1851,7060043500,4,113,0.16275547134539953,0.27432881696082967
upstream_common_cohort,US,mean,1883,7060043640,4,113,0.2594859396710334,0.27432881696082967
upstream_common_cohort,US,mean,292,7060022240,4,113,0.44893864747877954,0.27432881696082967
upstream_common_cohort,US,mean,442,7060073620,4,113,0.2752968810628519,0.27432881696082967
upstream_common_cohort,US,mean,449,7060073620,4,113,0.4238798871954068,0.27432881696082967
upstream_common_cohort,US,mean,456,7060073620,4,113,0.25605914571423927,0.27432881696082967
upstream_common_cohort,US,mean,467,7060073620,4,113,0.5064303907785369,0.27432881696082967
upstream_common_cohort,US,mean,477,7060073620,4,113,0.2528298707120241,0.27432881696082967
upstream_common_cohort,US,mean,7308,7060043500,4,113,0.17291437604455698,0.27432881696082967
upstream_common_cohort,BR,mean,1131,6060007000,-1,118,0.0390069704748579,0.2781449531976512
upstream_common_cohort,BR,mean,1145,6060011780,-1,118,0.9429708577848884,0.2781449531976512
upstream_common_cohort,BR,mean,1146,6060011780,-1,118,0.0139588343760545,0.2781449531976512
upstream_common_cohort,BR,mean,1147,6060011780,-1,118,0.0155383998299051,0.2781449531976512
upstream_common_cohort,BR,mean,1154,6060016970,-1,118,0.4825847875493023,0.2781449531976512
upstream_common_cohort,BR,mean,1165,6060016970,-1,118,0.0547998237636922,0.2781449531976512
upstream_common_cohort,BR,mean,1166,6060016970,-1,118,0.0145229343356155,0.2781449531976512
upstream_common_cohort,BR,mean,1167,6060016970,-1,118,0.0326411043303537,0.2781449531976512
upstream_common_cohort,BR,mean,1168,6060016970,-1,118,0.0048962466331128,0.2781449531976512
upstream_common_cohort,BR,mean,1169,6060016970,-1,118,0.0130415300561963,0.2781449531976512
upstream_common_cohort,BR,mean,1170,6060016970,-1,118,0.0380463633921466,0.2781449531976512
upstream_common_cohort,BR,mean,1174,6060016970,-1,118,0.0639880778333452,0.2781449531976512
upstream_common_cohort,BR,mean,1175,6060016970,-1,118,0.2278760279754066,0.2781449531976512
upstream_common_cohort,BR,mean,1176,6060016970,-1,118,0.0096236151736861,0.2781449531976512
upstream_common_cohort,BR,mean,1177,6060016970,-1,118,0.0107750395620475,0.2781449531976512
upstream_common_cohort,BR,mean,1178,6060013750,-1,118,0.0696826154728397,0.2781449531976512
upstream_common_cohort,BR,mean,1179,6060016970,-1,118,0.0090022031832229,0.2781449531976512
upstream_common_cohort,BR,mean,1182,6060016970,-1,118,0.0032266821323722,0.2781449531976512
upstream_common_cohort,BR,mean,1183,6060016970,-1,118,0.0061949884092648,0.2781449531976512
upstream_common_cohort,BR,mean,1186,6060013750,-1,118,0.2202870865187361,0.2781449531976512
upstream_common_cohort,BR,mean,1187,6060013750,-1,118,0.0558600848218432,0.2781449531976512
upstream_common_cohort,BR,mean,1191,6060016970,-1,118,0.453581512388476,0.2781449531976512
upstream_common_cohort,BR,mean,1192,6060016970,-1,118,0.2503726875185316,0.2781449531976512
upstream_common_cohort,BR,mean,1195,6060016970,-1,118,0.017870733285531,0.2781449531976512
upstream_common_cohort,BR,mean,1196,6060016970,-1,118,0.0285317239706438,0.2781449531976512
upstream_common_cohort,BR,mean,1198,6060016970,-1,118,0.1793764263003081,0.2781449531976512
upstream_common_cohort,BR,mean,1199,6060016760,-1,118,0.0463493410700394,0.2781449531976512
upstream_common_cohort,BR,mean,1200,6060016760,-1,118,0.0717300944791795,0.2781449531976512
upstream_common_cohort,BR,mean,1201,6060015560,-1,118,0.1973575345701719,0.2781449531976512
upstream_common_cohort,BR,mean,1202,6060015560,-1,118,0.0462549910200803,0.2781449531976512
upstream_common_cohort,BR,mean,13435,6060013420,-1,118,0.0082857432417853,0.2781449531976512
upstream_common_cohort,BR,mean,13477,6060016970,-1,118,0.0030196517971885,0.2781449531976512
upstream_common_cohort,BR,mean,197,6060009760,-1,118,0.1494897777211895,0.2781449531976512
upstream_common_cohort,BR,mean,198,6060011780,-1,118,0.0165135046711468,0.2781449531976512
upstream_common_cohort,BR,mean,201,6060007950,-1,118,0.0258143608677011,0.2781449531976512
upstream_common_cohort,BR,mean,202,6060007950,-1,118,0.3440314527118721,0.2781449531976512
upstream_common_cohort,BR,mean,203,6060011780,-1,118,0.367381248821139,0.2781449531976512
upstream_common_cohort,BR,mean,204,6060016970,-1,118,0.201860303416369,0.2781449531976512
upstream_common_cohort,BR,mean,205,6060016970,-1,118,0.126467830862241,0.2781449531976512
upstream_common_cohort,BR,mean,206,6060016970,-1,118,0.0531391459024513,0.2781449531976512
upstream_common_cohort,BR,mean,207,6060016970,-1,118,0.2090450087283482,0.2781449531976512
upstream_common_cohort,BR,mean,208,6060016970,-1,118,0.0355714826805463,0.2781449531976512
upstream_common_cohort,BR,mean,209,6060016970,-1,118,0.0144028771681114,0.2781449531976512
upstream_common_cohort,BR,mean,210,6060016970,-1,118,0.0246088546523943,0.2781449531976512
upstream_common_cohort,BR,mean,211,6060016970,-1,118,0.0375761424301017,0.2781449531976512
upstream_common_cohort,BR,mean,212,6060016970,-1,118,0.0317800847168669,0.2781449531976512
upstream_common_cohort,BR,mean,213,6060016970,-1,118,0.1315362853370682,0.2781449531976512
upstream_common_cohort,BR,mean,214,6060016970,-1,118,0.2184430138933118,0.2781449531976512
upstream_common_cohort,BR,mean,215,6060016970,-1,118,0.0064473546862729,0.2781449531976512
upstream_common_cohort,BR,mean,216,6060016970,-1,118,0.0134168828736038,0.2781449531976512
upstream_common_cohort,BR,mean,217,6060016970,-1,118,0.0569943517910319,0.2781449531976512
upstream_common_cohort,BR,mean,218,6060016970,-1,118,0.1284025733050957,0.2781449531976512
upstream_common_cohort,BR,mean,219,6060016970,-1,118,0.0153734568227492,0.2781449531976512
upstream_common_cohort,BR,mean,220,6060016970,-1,118,0.0662670354688832,0.2781449531976512
upstream_common_cohort,BR,mean,221,6060016970,-1,118,0.0852393222064124,0.2781449531976512
upstream_common_cohort,BR,mean,222,6060016970,-1,118,0.1468871124305796,0.2781449531976512
upstream_common_cohort,BR,mean,223,6060013750,-1,118,0.2093873097513461,0.2781449531976512
upstream_common_cohort,BR,mean,225,6060016970,-1,118,0.0259738684729026,0.2781449531976512
upstream_common_cohort,BR,mean,226,6060016970,-1,118,0.0339030273856548,0.2781449531976512
upstream_common_cohort,BR,mean,228,6060016760,-1,118,0.2405008092347565,0.2781449531976512
upstream_common_cohort,BR,mean,229,6060015560,-1,118,0.1344295002452387,0.2781449531976512
upstream_common_cohort,BR,mean,26,6060007950,-1,118,0.1610421735228621,0.2781449531976512
upstream_common_cohort,BR,mean,27,6060011780,-1,118,0.2193514668254769,0.2781449531976512
upstream_common_cohort,BR,mean,28,6060016970,-1,118,0.0157601793772504,0.2781449531976512
upstream_common_cohort,BR,mean,28512,6060016970,-1,118,0.005104449711395,0.2781449531976512
upstream_common_cohort,BR,mean,29,6060016970,-1,118,0.0093943956875154,0.2781449531976512
upstream_common_cohort,BR,mean,30,6060016970,-1,118,0.0145609957353346,0.2781449531976512
upstream_common_cohort,BR,mean,3464,6060013420,-1,118,0.0025825778702569,0.2781449531976512
upstream_common_cohort,BR,mean,3472,6060016970,-1,118,0.0044035648738334,0.2781449531976512
upstream_common_cohort,BR,mean,3481,6060014460,-1,118,0.198100391080738,0.2781449531976512
upstream_common_cohort,BR,mean,3483,6060016970,-1,118,0.6851183600961861,0.2781449531976512
upstream_common_cohort,BR,mean,3486,6060016760,-1,118,0.0390585441286255,0.2781449531976512
upstream_common_cohort,BR,mean,3491,6060015560,-1,118,0.0693921885438663,0.2781449531976512
upstream_common_cohort,BR,mean,40670,6060013420,-1,118,0.0416545111432612,0.2781449531976512
upstream_common_cohort,BR,mean,40862,6060013430,-1,118,0.0085255338352187,0.2781449531976512
upstream_common_cohort,BR,mean,41066,6060015560,-1,118,0.004850844396302,0.2781449531976512
upstream_common_cohort,BR,mean,6874,6060016760,-1,118,0.3314226222254867,0.2781449531976512
upstream_common_cohort,BR,mean,6875,6060016970,-1,118,0.020580097384573,0.2781449531976512
upstream_common_cohort,BR,mean,6878,6060007950,-1,118,0.1869219645099048,0.2781449531976512
upstream_common_cohort,BR,mean,6879,6060016760,-1,118,0.0151105669364328,0.2781449531976512
upstream_common_cohort,BR,mean,6883,6060007950,-1,118,0.0200774969459172,0.2781449531976512
upstream_common_cohort,BR,mean,7256,6060016970,-1,118,0.0296251511125645,0.2781449531976512
upstream_common_cohort,BR,mean,7257,6060016970,-1,118,0.0331956746743684,0.2781449531976512
upstream_common_cohort,BR,mean,7259,6060016970,-1,118,0.0218010705573437,0.2781449531976512
upstream_common_cohort,BR,mean,7263,6060015560,-1,118,0.0151376875110565,0.2781449531976512
upstream_common_cohort,BR,mean,7270,6060016970,-1,118,2.9466869428392814e-05,0.2781449531976512
upstream_common_cohort,BR,mean,7274,6060016760,-1,118,0.0725384640486719,0.2781449531976512
upstream_common_cohort,BR,mean,7424,6060015560,-1,118,0.0099914835892373,0.2781449531976512
upstream_common_cohort,BR,mean,8393,6060016970,-1,118,0.0023328943737665,0.2781449531976512
upstream_common_cohort,BR,mean,8396,6060016970,-1,118,0.0074185628142692,0.2781449531976512
upstream_common_cohort,BR,mean,8448,6060015560,-1,118,0.0091361958418698,0.2781449531976512
upstream_common_cohort,US,persistence,1017,7060047060,0,34,0.39350694741793457,0.32732625657686143
upstream_common_cohort,US,persistence,1026,7060047060,0,34,0.27047730320991026,0.2834168970340526
upstream_common_cohort,US,persistence,1033,7060047060,0,34,0.34903146806745766,0.33911868468061473
upstream_common_cohort,US,persistence,1036,7060047060,0,34,0.20717264498721943,0.21383819202015208
upstream_common_cohort,US,persistence,1042,7060047060,0,34,0.3236531161741061,0.3812739904689628
upstream_common_cohort,US,persistence,1067,7060047060,0,34,0.6167405131405999,0.5506501849189527
upstream_common_cohort,US,persistence,1092,7060047060,0,34,0.6010081256172075,0.5212600112783097
upstream_common_cohort,US,persistence,1101,7060047060,0,34,0.5979508334437655,0.48238399696401857
upstream_common_cohort,US,persistence,1112,7060047060,0,34,0.4993501914700653,0.38296951698055165
upstream_common_cohort,US,persistence,1121,7060047060,0,34,0.32837844858050913,0.25815139018932476
upstream_common_cohort,US,persistence,1122,7060047060,0,34,0.5217491049159911,0.45839296501237914
upstream_common_cohort,US,persistence,1125,7060047060,0,34,0.32837844858050913,0.25815139018932476
upstream_common_cohort,US,persistence,1127,7060047060,0,34,0.5663454133318315,0.4843791452026821
upstream_common_cohort,US,persistence,1192,7060047060,0,34,0.16430907051601795,0.12311908521187284
upstream_common_cohort,US,persistence,1586,7060047060,0,34,0.10904752528982808,0.13506777257551217
upstream_common_cohort,US,persistence,1587,7060047060,0,34,0.2799957740271275,0.27537901244813345
upstream_common_cohort,US,persistence,1592,7060047060,0,34,0.34382574108077185,0.21977552761039992
upstream_common_cohort,US,persistence,1595,7060047060,0,34,0.10842850910012612,0.04052037059224774
upstream_common_cohort,US,persistence,1600,7060047060,0,34,0.16390038915031843,0.14189920675046158
upstream_common_cohort,US,persistence,1617,7060047060,0,34,0.26566128757157614,0.31342708481125076
upstream_common_cohort,US,persistence,1619,7060047060,0,34,0.14994540981136933,0.2411145373293386
upstream_common_cohort,US,persistence,1620,7060047060,0,34,0.27244922316425124,0.29373950829282947
upstream_common_cohort,US,persistence,1631,7060047060,0,34,0.13586625120138024,0.20831804751261715
upstream_common_cohort,US,persistence,1634,7060047060,0,34,0.1758207414989661,0.14422797835809964
upstream_common_cohort,US,persistence,1636,7060047060,0,34,0.37686352202262224,0.48578499594909874
upstream_common_cohort,US,persistence,1645,7060047060,0,34,0.46880108927990805,0.4352714907165549
upstream_common_cohort,US,persistence,1650,7060047060,0,34,0.1902835665834986,0.29790227844638123
upstream_common_cohort,US,persistence,1654,7060047060,0,34,0.4581723993322289,0.44796201049184103
upstream_common_cohort,US,persistence,1655,7060047060,0,34,0.27903405496887934,0.2795508120545117
upstream_common_cohort,US,persistence,1656,7060047060,0,34,0.2013737127912082,0.1581455963637178
upstream_common_cohort,US,persistence,1683,7060047060,0,34,0.44087707368667267,0.38006640718230245
upstream_common_cohort,US,persistence,1691,7060047060,0,34,0.11616721478804654,0.16906698920481789
upstream_common_cohort,US,persistence,1699,7060047060,0,34,0.10173478820258915,0.0932043910144893
upstream_common_cohort,US,persistence,1703,7060047060,0,34,0.716660099941124,0.6006220667118699
upstream_common_cohort,US,persistence,1706,7060047060,0,34,0.14395730556039704,0.13765369183842868
upstream_common_cohort,US,persistence,1707,7060047060,0,34,0.2516954924878223,0.29054549589074513
upstream_common_cohort,US,persistence,1709,7060047060,0,34,0.09069195877190259,0.06746998050513128
upstream_common_cohort,US,persistence,1712,7060047060,0,34,0.1190201878087824,0.14040051365660172
upstream_common_cohort,US,persistence,1713,7060047060,0,34,0.2096398232608936,0.28784117898830874
upstream_common_cohort,US,persistence,1714,7060047060,0,34,0.3091300571912571,0.3715533410694491
upstream_common_cohort,US,persistence,1718,7060047060,0,34,0.44885605648942306,0.4887165938297443
upstream_common_cohort,US,persistence,1723,7060047060,0,34,0.19395669459263004,0.2058555663805134
upstream_common_cohort,US,persistence,1726,7060047060,0,34,0.10896403881507782,0.12855630496026077
upstream_common_cohort,US,persistence,1735,7060047060,0,34,0.06979095290564989,0.08022106913608207
upstream_common_cohort,US,persistence,1739,7060047060,0,34,0.29666539359342553,0.30490781245337906
upstream_common_cohort,US,persistence,1740,7060047060,0,34,0.1758207414989661,0.14422797835809964
upstream_common_cohort,US,persistence,1741,7060047060,0,34,0.3534252217323681,0.30269984489098456
upstream_common_cohort,US,persistence,1742,7060047060,0,34,0.08480826170244422,0.08475095118718173
upstream_common_cohort,US,persistence,1744,7060047060,0,34,0.2387276522901479,0.21328782928822254
upstream_common_cohort,US,persistence,1752,7060047060,0,34,0.0302958959256767,0.04174413093244561
upstream_common_cohort,US,persistence,1753,7060047060,0,34,0.034264448408433124,0.12688018325062994
upstream_common_cohort,US,persistence,1755,7060047060,0,34,0.5562673086774179,0.4676057793716548
upstream_common_cohort,US,persistence,1768,7060047060,0,34,0.01211858013282131,0.019045252163574136
upstream_common_cohort,US,persistence,1777,7060047060,0,34,0.30228136103486564,0.292893701696213
upstream_common_cohort,US,persistence,1848,7060047060,0,34,0.5028227720001452,0.5055296456992726
upstream_common_cohort,US,persistence,1864,7060047060,0,34,0.5453666496134132,0.5237262413583994
upstream_common_cohort,US,persistence,1869,7060047060,0,34,0.6497507178945514,0.6825118324280082
upstream_common_cohort,US,persistence,307,7060047060,0,34,0.13710457100078935,0.15470541289290046
upstream_common_cohort,US,persistence,319,7060047060,0,34,0.23881827227462005,0.25458913624304513
upstream_common_cohort,US,persistence,355,7060047060,0,34,0.12340187249362164,0.1511515807310599
upstream_common_cohort,US,persistence,362,7060047060,0,34,0.3841607485850629,0.6821706073259356
upstream_common_cohort,US,persistence,364,7060047060,0,34,0.16250170400561625,0.13855064487215552
upstream_common_cohort,US,persistence,368,7060047060,0,34,0.41289960337289583,0.3949308315381802
upstream_common_cohort,US,persistence,373,7060047060,0,34,0.37558270113787345,0.47070628348938015
upstream_common_cohort,US,persistence,393,7060047060,0,34,0.22427692059245702,0.2318804158587709
upstream_common_cohort,US,persistence,398,7060047060,0,34,0.2627616778487855,0.2315010968717211
upstream_common_cohort,US,persistence,415,7060047060,0,34,0.0745806789865424,0.07569707632721556
upstream_common_cohort,US,persistence,416,7060047060,0,34,0.17890221425805486,0.14739472370243467
upstream_common_cohort,US,persistence,421,7060047060,0,34,0.25493325998242067,0.4035093113691528
upstream_common_cohort,US,persistence,500,7060047060,0,34,0.3562560410703974,0.3863352444733229
upstream_common_cohort,US,persistence,505,7060047060,0,34,0.23924474713225585,0.21416520673928122
upstream_common_cohort,US,persistence,511,7060047060,0,34,0.08440368437655454,0.11562480452300766
upstream_common_cohort,US,persistence,522,7060047060,0,34,0.07026054013384717,0.1178565130813419
upstream_common_cohort,US,persistence,530,7060047060,0,34,0.24882327314142194,0.22146285246209962
upstream_common_cohort,US,persistence,533,7060047060,0,34,0.06207667745984695,0.0717785558395135
upstream_common_cohort,US,persistence,7313,7060047060,0,34,0.18782556894938995,0.20539925152870275
upstream_common_cohort,US,persistence,7318,7060047060,0,34,0.01404860943222809,0.011668990812269998
upstream_common_cohort,US,persistence,753,7060047060,0,34,0.15216346333752714,0.2442817547925933
upstream_common_cohort,US,persistence,870,7060047060,0,34,0.05984246578898476,0.1978266320944444
upstream_common_cohort,US,persistence,882,7060047060,0,34,0.07469940515764761,0.12314076028634954
upstream_common_cohort,US,persistence,884,7060047060,0,34,0.0763158000949986,0.08297545924434035
upstream_common_cohort,US,persistence,885,7060047060,0,34,0.06626214192426286,0.18094667801319542
upstream_common_cohort,US,persistence,895,7060047060,0,34,0.014271387481084304,0.020511690869501536
upstream_common_cohort,US,persistence,898,7060047060,0,34,0.4804827463621658,0.7789655626985532
upstream_common_cohort,US,persistence,920,7060047060,0,34,0.010603340710536624,0.04751129309744815
upstream_common_cohort,US,persistence,931,7060047060,0,34,1.2472731177871326,0.9539932496405352
upstream_common_cohort,US,persistence,938,7060047060,0,34,0.38426009158298446,0.8131914182348002
upstream_common_cohort,US,persistence,419,7060008710,1,103,0.44082065466842046,0.5000644879242638
upstream_common_cohort,US,persistence,423,7060008710,1,103,0.26117307204484375,0.3286078843081458
upstream_common_cohort,US,persistence,445,7060008710,1,103,0.224138830757966,0.2585428572103122
upstream_common_cohort,US,persistence,448,7060008710,1,103,0.22416607699504454,0.2339789882123406
upstream_common_cohort,US,persistence,451,7060008710,1,103,0.22090927233216076,0.13899259893238797
upstream_common_cohort,US,persistence,469,7060008710,1,103,0.45052235055286904,0.4130908565376275
upstream_common_cohort,US,persistence,470,7060008710,1,103,0.31479673590326607,0.295631999210478
upstream_common_cohort,US,persistence,488,7060008710,1,103,0.28199738486015824,0.390309253085163
upstream_common_cohort,US,persistence,497,7060008710,1,103,0.2464086886680948,0.3400521138301063
upstream_common_cohort,US,persistence,502,7060008710,1,103,0.30211006397508533,0.22638360625180481
upstream_common_cohort,US,persistence,509,7060008710,1,103,0.09916879377383866,0.22663711791862462
upstream_common_cohort,US,persistence,517,7060008710,1,103,0.3486366875331364,0.37667294299469406
upstream_common_cohort,US,persistence,518,7060008710,1,103,0.5042386268704302,0.49206455984819475
upstream_common_cohort,US,persistence,531,7060008710,1,103,0.19126019666584598,0.24304869606496618
upstream_common_cohort,US,persistence,536,7060008710,1,103,0.25553116336390597,0.246914396231868
upstream_common_cohort,US,persistence,541,7060008710,1,103,0.33512067960589664,0.3855330714681625
upstream_common_cohort,US,persistence,542,7060008710,1,103,0.021829390999163038,0.062185232801962954
upstream_common_cohort,US,persistence,549,7060008710,1,103,0.17266983428947952,0.1289048748424131
upstream_common_cohort,US,persistence,567,7060008710,1,103,0.6598461853590809,0.568167901667212
upstream_common_cohort,US,persistence,574,7060008710,1,103,0.4025920589861338,0.4532693325676319
upstream_common_cohort,US,persistence,575,7060008710,1,103,0.3423624117302833,0.45090363592699056
upstream_common_cohort,US,persistence,597,7060008710,1,103,0.504672677607412,0.481298882047343
upstream_common_cohort,US,persistence,601,7060008710,1,103,0.3984804482743115,0.3477240963723892
upstream_common_cohort,US,persistence,1249,7060048410,2,117,1.1752645856080293,0.8786082927534192
upstream_common_cohort,US,persistence,132,7060013550,2,117,0.22046421488839568,0.14926934675484932
upstream_common_cohort,US,persistence,133,7060013550,2,117,0.0872185410310191,0.046577233014649444
upstream_common_cohort,US,persistence,148,7060013550,2,117,0.21833227848872927,0.18173948436536902
upstream_common_cohort,US,persistence,1776,7060043090,2,117,0.0855439313352062,0.04673633933514659
upstream_common_cohort,US,persistence,182,7060013550,2,117,0.18271699961023843,0.18876530730899535
upstream_common_cohort,US,persistence,191,7060013550,2,117,0.24386640433051454,0.3272170127162451
upstream_common_cohort,US,persistence,198,7060013550,2,117,0.30894982013781086,0.36301238201428054
upstream_common_cohort,US,persistence,204,7060013550,2,117,0.3066385469683326,0.3778348677466956
upstream_common_cohort,US,persistence,524,7060073920,2,117,0.28463745446912436,0.6056334554122743
upstream_common_cohort,US,persistence,595,7060013550,2,117,0.10828677413827531,0.19201996238898328
upstream_common_cohort,US,persistence,600,7060013550,2,117,0.2973337878686663,0.29213311975886014
upstream_common_cohort,US,persistence,612,7060013550,2,117,0.11004515406213367,0.14999185935931425
upstream_common_cohort,US,persistence,1086,7060049270,3,106,1.1065786202138204,0.8848431516750894
upstream_common_cohort,US,persistence,131,7060014200,3,106,0.27333918635913207,0.24841927731797692
upstream_common_cohort,US,persistence,1761,7060042310,3,106,0.27724474371309005,0.22092728935311007
upstream_common_cohort,US,persistence,1879,7060043160,3,106,0.5747260555684761,0.5557630083151025
upstream_common_cohort,US,persistence,310,7060014930,3,106,0.06279365977724899,0.06604083258205336
upstream_common_cohort,US,persistence,316,7060014930,3,106,0.2222499551419378,0.23956559273349093
upstream_common_cohort,US,persistence,361,7060014930,3,106,0.10836787673158613,0.11765121509929247
upstream_common_cohort,US,persistence,372,7060014930,3,106,0.2942816619350156,0.3156344414759076
upstream_common_cohort,US,persistence,384,7060014930,3,106,0.3030019109094392,0.2819591444181446
upstream_common_cohort,US,persistence,386,7060014930,3,106,0.572864021275219,0.528810898347174
upstream_common_cohort,US,persistence,391,7060014930,3,106,0.11630684303528308,0.14040808614001055
upstream_common_cohort,US,persistence,41,7060016090,3,106,0.30546303515284856,0.28046628020470366
upstream_common_cohort,US,persistence,413,7060014930,3,106,0.015188338602546802,0.026689603366676348
upstream_common_cohort,US,persistence,42,7060016090,3,106,0.366221789192078,0.33841626142315506
upstream_common_cohort,US,persistence,55,7060014930,3,106,0.2855472312792672,0.29859361974404636
upstream_common_cohort,US,persistence,57,7060014930,3,106,0.3434381800795077,0.39010191957263496
upstream_common_cohort,US,persistence,60,7060014930,3,106,0.2041065565749272,0.2663200574555232
upstream_common_cohort,US,persistence,63,7060014930,3,106,0.2689459370149505,0.3629869753237469
upstream_common_cohort,US,persistence,114,7060014340,4,113,0.28504764230307755,0.419876774547364
upstream_common_cohort,US,persistence,1151,7060047970,4,113,0.5843168922743912,0.39937269564133215
upstream_common_cohort,US,persistence,1237,7060047970,4,113,0.6706848696134027,0.5579418713718229
upstream_common_cohort,US,persistence,169,7060013560,4,113,0.5358492196096671,0.6260428067800482
upstream_common_cohort,US,persistence,1851,7060043500,4,113,0.16275547134539953,0.21430080920704023
upstream_common_cohort,US,persistence,1883,7060043640,4,113,0.2594859396710334,0.23033722735379167
upstream_common_cohort,US,persistence,292,7060022240,4,113,0.44893864747877954,0.42200139136783466
upstream_common_cohort,US,persistence,442,7060073620,4,113,0.2752968810628519,0.2857415201534098
upstream_common_cohort,US,persistence,449,7060073620,4,113,0.4238798871954068,0.5045444976662925
upstream_common_cohort,US,persistence,456,7060073620,4,113,0.25605914571423927,0.22083893395156676
upstream_common_cohort,US,persistence,467,7060073620,4,113,0.5064303907785369,0.44718494903775585
upstream_common_cohort,US,persistence,477,7060073620,4,113,0.2528298707120241,0.3057173466462336
upstream_common_cohort,US,persistence,7308,7060043500,4,113,0.17291437604455698,0.13151636261207936
upstream_common_cohort,BR,persistence,1131,6060007000,-1,118,0.0390069704748579,0.0511849428749088
upstream_common_cohort,BR,persistence,1145,6060011780,-1,118,0.9429708577848884,0.1261187456482915
upstream_common_cohort,BR,persistence,1146,6060011780,-1,118,0.0139588343760545,0.1984659949462975
upstream_common_cohort,BR,persistence,1147,6060011780,-1,118,0.0155383998299051,0.0718716290844506
upstream_common_cohort,BR,persistence,1154,6060016970,-1,118,0.4825847875493023,0.8976085268524354
upstream_common_cohort,BR,persistence,1165,6060016970,-1,118,0.0547998237636922,0.0482139529675232
upstream_common_cohort,BR,persistence,1166,6060016970,-1,118,0.0145229343356155,0.013770615059198
upstream_common_cohort,BR,persistence,1167,6060016970,-1,118,0.0326411043303537,0.0278447070896925
upstream_common_cohort,BR,persistence,1168,6060016970,-1,118,0.0048962466331128,0.003456719602558
upstream_common_cohort,BR,persistence,1169,6060016970,-1,118,0.0130415300561963,0.0165025934226782
upstream_common_cohort,BR,persistence,1170,6060016970,-1,118,0.0380463633921466,0.0368424623098167
upstream_common_cohort,BR,persistence,1174,6060016970,-1,118,0.0639880778333452,0.1362977802277893
upstream_common_cohort,BR,persistence,1175,6060016970,-1,118,0.2278760279754066,0.2274968998401518
upstream_common_cohort,BR,persistence,1176,6060016970,-1,118,0.0096236151736861,0.0063760298991103
upstream_common_cohort,BR,persistence,1177,6060016970,-1,118,0.0107750395620475,0.0109432677548711
upstream_common_cohort,BR,persistence,1178,6060013750,-1,118,0.0696826154728397,0.0859295097460575
upstream_common_cohort,BR,persistence,1179,6060016970,-1,118,0.0090022031832229,0.0150346212823955
upstream_common_cohort,BR,persistence,1182,6060016970,-1,118,0.0032266821323722,0.0066182805123742
upstream_common_cohort,BR,persistence,1183,6060016970,-1,118,0.0061949884092648,0.0060678168670463
upstream_common_cohort,BR,persistence,1186,6060013750,-1,118,0.2202870865187361,0.2139527917793242
upstream_common_cohort,BR,persistence,1187,6060013750,-1,118,0.0558600848218432,0.0628283099922405
upstream_common_cohort,BR,persistence,1191,6060016970,-1,118,0.453581512388476,0.519298175840785
upstream_common_cohort,BR,persistence,1192,6060016970,-1,118,0.2503726875185316,0.324350814902949
upstream_common_cohort,BR,persistence,1195,6060016970,-1,118,0.017870733285531,0.0104863930378775
upstream_common_cohort,BR,persistence,1196,6060016970,-1,118,0.0285317239706438,0.0230335348003749
upstream_common_cohort,BR,persistence,1198,6060016970,-1,118,0.1793764263003081,0.1686101298400941
upstream_common_cohort,BR,persistence,1199,6060016760,-1,118,0.0463493410700394,0.0634488750318726
upstream_common_cohort,BR,persistence,1200,6060016760,-1,118,0.0717300944791795,0.0581784043575581
upstream_common_cohort,BR,persistence,1201,6060015560,-1,118,0.1973575345701719,0.156718713700257
upstream_common_cohort,BR,persistence,1202,6060015560,-1,118,0.0462549910200803,0.0267948997850818
upstream_common_cohort,BR,persistence,13435,6060013420,-1,118,0.0082857432417853,0.0056250040039462
upstream_common_cohort,BR,persistence,13477,6060016970,-1,118,0.0030196517971885,0.0038017025895498
upstream_common_cohort,BR,persistence,197,6060009760,-1,118,0.1494897777211895,0.1446751137264372
upstream_common_cohort,BR,persistence,198,6060011780,-1,118,0.0165135046711468,0.077719340207502
upstream_common_cohort,BR,persistence,201,6060007950,-1,118,0.0258143608677011,0.2272560800448885
upstream_common_cohort,BR,persistence,202,6060007950,-1,118,0.3440314527118721,0.4014392858865913
upstream_common_cohort,BR,persistence,203,6060011780,-1,118,0.367381248821139,0.4527719341245744
upstream_common_cohort,BR,persistence,204,6060016970,-1,118,0.201860303416369,0.1265138890414468
upstream_common_cohort,BR,persistence,205,6060016970,-1,118,0.126467830862241,0.268362004210275
upstream_common_cohort,BR,persistence,206,6060016970,-1,118,0.0531391459024513,0.0453064073945587
upstream_common_cohort,BR,persistence,207,6060016970,-1,118,0.2090450087283482,0.2303808173591815
upstream_common_cohort,BR,persistence,208,6060016970,-1,118,0.0355714826805463,0.0734284959166731
upstream_common_cohort,BR,persistence,209,6060016970,-1,118,0.0144028771681114,0.0114737765540872
upstream_common_cohort,BR,persistence,210,6060016970,-1,118,0.0246088546523943,0.0067810635064418
upstream_common_cohort,BR,persistence,211,6060016970,-1,118,0.0375761424301017,0.047112188353544
upstream_common_cohort,BR,persistence,212,6060016970,-1,118,0.0317800847168669,0.0499811062243773
upstream_common_cohort,BR,persistence,213,6060016970,-1,118,0.1315362853370682,0.04782436482965
upstream_common_cohort,BR,persistence,214,6060016970,-1,118,0.2184430138933118,0.2615854934711834
upstream_common_cohort,BR,persistence,215,6060016970,-1,118,0.0064473546862729,0.0025824287647536
upstream_common_cohort,BR,persistence,216,6060016970,-1,118,0.0134168828736038,0.0074696296807933
upstream_common_cohort,BR,persistence,217,6060016970,-1,118,0.0569943517910319,0.0771762975161642
upstream_common_cohort,BR,persistence,218,6060016970,-1,118,0.1284025733050957,0.1716602756911978
upstream_common_cohort,BR,persistence,219,6060016970,-1,118,0.0153734568227492,0.0086099945544658
upstream_common_cohort,BR,persistence,220,6060016970,-1,118,0.0662670354688832,0.1032210591795113
upstream_common_cohort,BR,persistence,221,6060016970,-1,118,0.0852393222064124,0.0698066175256278
upstream_common_cohort,BR,persistence,222,6060016970,-1,118,0.1468871124305796,0.1620009479071822
upstream_common_cohort,BR,persistence,223,6060013750,-1,118,0.2093873097513461,0.1596789087901738
upstream_common_cohort,BR,persistence,225,6060016970,-1,118,0.0259738684729026,0.0270645747866426
upstream_common_cohort,BR,persistence,226,6060016970,-1,118,0.0339030273856548,0.0465096298369704
upstream_common_cohort,BR,persistence,228,6060016760,-1,118,0.2405008092347565,0.3740382655190293
upstream_common_cohort,BR,persistence,229,6060015560,-1,118,0.1344295002452387,0.2620405476638671
upstream_common_cohort,BR,persistence,26,6060007950,-1,118,0.1610421735228621,0.1802686831626447
upstream_common_cohort,BR,persistence,27,6060011780,-1,118,0.2193514668254769,0.3309035037277781
upstream_common_cohort,BR,persistence,28,6060016970,-1,118,0.0157601793772504,0.0117501277314334
upstream_common_cohort,BR,persistence,28512,6060016970,-1,118,0.005104449711395,0.00834994238426
upstream_common_cohort,BR,persistence,29,6060016970,-1,118,0.0093943956875154,0.007443544021113
upstream_common_cohort,BR,persistence,30,6060016970,-1,118,0.0145609957353346,0.0122196315107902
upstream_common_cohort,BR,persistence,3464,6060013420,-1,118,0.0025825778702569,0.0020883209792057
upstream_common_cohort,BR,persistence,3472,6060016970,-1,118,0.0044035648738334,0.0047153802853207
upstream_common_cohort,BR,persistence,3481,6060014460,-1,118,0.198100391080738,0.1734218487463786
upstream_common_cohort,BR,persistence,3483,6060016970,-1,118,0.6851183600961861,0.2353949882674611
upstream_common_cohort,BR,persistence,3486,6060016760,-1,118,0.0390585441286255,0.0169500981245576
upstream_common_cohort,BR,persistence,3491,6060015560,-1,118,0.0693921885438663,0.0315990930959417
upstream_common_cohort,BR,persistence,40670,6060013420,-1,118,0.0416545111432612,0.0209650250679067
upstream_common_cohort,BR,persistence,40862,6060013430,-1,118,0.0085255338352187,0.0131969054294908
upstream_common_cohort,BR,persistence,41066,6060015560,-1,118,0.004850844396302,0.0022682000193956
upstream_common_cohort,BR,persistence,6874,6060016760,-1,118,0.3314226222254867,0.1162214833401699
upstream_common_cohort,BR,persistence,6875,6060016970,-1,118,0.020580097384573,0.0
upstream_common_cohort,BR,persistence,6878,6060007950,-1,118,0.1869219645099048,0.0
upstream_common_cohort,BR,persistence,6879,6060016760,-1,118,0.0151105669364328,0.0
upstream_common_cohort,BR,persistence,6883,6060007950,-1,118,0.0200774969459172,0.1146652125761683
upstream_common_cohort,BR,persistence,7256,6060016970,-1,118,0.0296251511125645,0.0
upstream_common_cohort,BR,persistence,7257,6060016970,-1,118,0.0331956746743684,0.0
upstream_common_cohort,BR,persistence,7259,6060016970,-1,118,0.0218010705573437,0.0
upstream_common_cohort,BR,persistence,7263,6060015560,-1,118,0.0151376875110565,0.0050854997182282
upstream_common_cohort,BR,persistence,7270,6060016970,-1,118,2.9466869428392814e-05,0.0021416724666478
upstream_common_cohort,BR,persistence,7274,6060016760,-1,118,0.0725384640486719,0.0262926963333531
upstream_common_cohort,BR,persistence,7424,6060015560,-1,118,0.0099914835892373,0.0033094081278767
upstream_common_cohort,BR,persistence,8393,6060016970,-1,118,0.0023328943737665,0.0150101803424096
upstream_common_cohort,BR,persistence,8396,6060016970,-1,118,0.0074185628142692,0.0048352666083336
upstream_common_cohort,BR,persistence,8448,6060015560,-1,118,0.0091361958418698,0.0056852181584494
upstream_common_cohort,US,ridge,1017,7060047060,0,34,0.39350694741793457,0.3897313108371438
upstream_common_cohort,US,ridge,1026,7060047060,0,34,0.27047730320991026,0.34907145702043435
upstream_common_cohort,US,ridge,1033,7060047060,0,34,0.34903146806745766,0.4191563832620049
upstream_common_cohort,US,ridge,1036,7060047060,0,34,0.20717264498721943,0.291785962258776
upstream_common_cohort,US,ridge,1042,7060047060,0,34,0.3236531161741061,0.4095911209330601
upstream_common_cohort,US,ridge,1067,7060047060,0,34,0.6167405131405999,0.5310105899954826
upstream_common_cohort,US,ridge,1092,7060047060,0,34,0.6010081256172075,0.5161748803435695
upstream_common_cohort,US,ridge,1101,7060047060,0,34,0.5979508334437655,0.4228561415380797
upstream_common_cohort,US,ridge,1112,7060047060,0,34,0.4993501914700653,0.3993724740403788
upstream_common_cohort,US,ridge,1121,7060047060,0,34,0.32837844858050913,0.3231750950978779
upstream_common_cohort,US,ridge,1122,7060047060,0,34,0.5217491049159911,0.46311633532930685
upstream_common_cohort,US,ridge,1125,7060047060,0,34,0.32837844858050913,0.3231750950978779
upstream_common_cohort,US,ridge,1127,7060047060,0,34,0.5663454133318315,0.4864948791393481
upstream_common_cohort,US,ridge,1192,7060047060,0,34,0.16430907051601795,0.1938794420956515
upstream_common_cohort,US,ridge,1586,7060047060,0,34,0.10904752528982808,0.27579011088640304
upstream_common_cohort,US,ridge,1587,7060047060,0,34,0.2799957740271275,0.3353285780691598
upstream_common_cohort,US,ridge,1592,7060047060,0,34,0.34382574108077185,0.309075753980574
upstream_common_cohort,US,ridge,1595,7060047060,0,34,0.10842850910012612,0.19130723044419465
upstream_common_cohort,US,ridge,1600,7060047060,0,34,0.16390038915031843,0.26183551858785054
upstream_common_cohort,US,ridge,1617,7060047060,0,34,0.26566128757157614,0.3371527818239338
upstream_common_cohort,US,ridge,1619,7060047060,0,34,0.14994540981136933,0.3049395542481972
upstream_common_cohort,US,ridge,1620,7060047060,0,34,0.27244922316425124,0.3040572562470915
upstream_common_cohort,US,ridge,1631,7060047060,0,34,0.13586625120138024,0.30216988900343167
upstream_common_cohort,US,ridge,1634,7060047060,0,34,0.1758207414989661,0.24386494342408174
upstream_common_cohort,US,ridge,1636,7060047060,0,34,0.37686352202262224,0.43213588762357236
upstream_common_cohort,US,ridge,1645,7060047060,0,34,0.46880108927990805,0.4393236230858909
upstream_common_cohort,US,ridge,1650,7060047060,0,34,0.1902835665834986,0.35106318648330137
upstream_common_cohort,US,ridge,1654,7060047060,0,34,0.4581723993322289,0.426881267770558
upstream_common_cohort,US,ridge,1655,7060047060,0,34,0.27903405496887934,0.347763789175491
upstream_common_cohort,US,ridge,1656,7060047060,0,34,0.2013737127912082,0.2644840047621909
upstream_common_cohort,US,ridge,1683,7060047060,0,34,0.44087707368667267,0.4168511776775441
upstream_common_cohort,US,ridge,1691,7060047060,0,34,0.11616721478804654,0.2624366575452275
upstream_common_cohort,US,ridge,1699,7060047060,0,34,0.10173478820258915,0.2044363086769942
upstream_common_cohort,US,ridge,1703,7060047060,0,34,0.716660099941124,0.526208692039518
upstream_common_cohort,US,ridge,1706,7060047060,0,34,0.14395730556039704,0.24123312716813633
upstream_common_cohort,US,ridge,1707,7060047060,0,34,0.2516954924878223,0.37049823779073565
upstream_common_cohort,US,ridge,1709,7060047060,0,34,0.09069195877190259,0.19208920615171377
upstream_common_cohort,US,ridge,1712,7060047060,0,34,0.1190201878087824,0.27637113597744106
upstream_common_cohort,US,ridge,1713,7060047060,0,34,0.2096398232608936,0.3472099903152607
upstream_common_cohort,US,ridge,1714,7060047060,0,34,0.3091300571912571,0.35643048668578303
upstream_common_cohort,US,ridge,1718,7060047060,0,34,0.44885605648942306,0.4592585543057538
upstream_common_cohort,US,ridge,1723,7060047060,0,34,0.19395669459263004,0.2929865330453303
upstream_common_cohort,US,ridge,1726,7060047060,0,34,0.10896403881507782,0.25730659030371617
upstream_common_cohort,US,ridge,1735,7060047060,0,34,0.06979095290564989,0.22867747302256136
upstream_common_cohort,US,ridge,1739,7060047060,0,34,0.29666539359342553,0.35439880974093435
upstream_common_cohort,US,ridge,1740,7060047060,0,34,0.1758207414989661,0.24386494342408174
upstream_common_cohort,US,ridge,1741,7060047060,0,34,0.3534252217323681,0.34824326506235453
upstream_common_cohort,US,ridge,1742,7060047060,0,34,0.08480826170244422,0.21886856838655086
upstream_common_cohort,US,ridge,1744,7060047060,0,34,0.2387276522901479,0.30069353436440815
upstream_common_cohort,US,ridge,1752,7060047060,0,34,0.0302958959256767,0.146264725430361
upstream_common_cohort,US,ridge,1753,7060047060,0,34,0.034264448408433124,0.20288556279386863
upstream_common_cohort,US,ridge,1755,7060047060,0,34,0.5562673086774179,0.41632743242779424
upstream_common_cohort,US,ridge,1768,7060047060,0,34,0.01211858013282131,0.14394706560570453
upstream_common_cohort,US,ridge,1777,7060047060,0,34,0.30228136103486564,0.3334792955879873
upstream_common_cohort,US,ridge,1848,7060047060,0,34,0.5028227720001452,0.4064237061734876
upstream_common_cohort,US,ridge,1864,7060047060,0,34,0.5453666496134132,0.41635700509809087
upstream_common_cohort,US,ridge,1869,7060047060,0,34,0.6497507178945514,0.5111089369224204
upstream_common_cohort,US,ridge,307,7060047060,0,34,0.13710457100078935,0.21430154605034496
upstream_common_cohort,US,ridge,319,7060047060,0,34,0.23881827227462005,0.3245783159286369
upstream_common_cohort,US,ridge,355,7060047060,0,34,0.12340187249362164,0.24012781445151538
upstream_common_cohort,US,ridge,362,7060047060,0,34,0.3841607485850629,0.46212761069837166
upstream_common_cohort,US,ridge,364,7060047060,0,34,0.16250170400561625,0.19533402747182474
upstream_common_cohort,US,ridge,368,7060047060,0,34,0.41289960337289583,0.41981258627065415
upstream_common_cohort,US,ridge,373,7060047060,0,34,0.37558270113787345,0.44692653069919563
upstream_common_cohort,US,ridge,393,7060047060,0,34,0.22427692059245702,0.2984653189863975
upstream_common_cohort,US,ridge,398,7060047060,0,34,0.2627616778487855,0.3207639186711165
upstream_common_cohort,US,ridge,415,7060047060,0,34,0.0745806789865424,0.1734168381988432
upstream_common_cohort,US,ridge,416,7060047060,0,34,0.17890221425805486,0.2174383876769585
upstream_common_cohort,US,ridge,421,7060047060,0,34,0.25493325998242067,0.4154787141191734
upstream_common_cohort,US,ridge,500,7060047060,0,34,0.3562560410703974,0.38030985297683323
upstream_common_cohort,US,ridge,505,7060047060,0,34,0.23924474713225585,0.2501767486440806
upstream_common_cohort,US,ridge,511,7060047060,0,34,0.08440368437655454,0.28358012265639637
upstream_common_cohort,US,ridge,522,7060047060,0,34,0.07026054013384717,0.2063973430829412
upstream_common_cohort,US,ridge,530,7060047060,0,34,0.24882327314142194,0.25781330860798585
upstream_common_cohort,US,ridge,533,7060047060,0,34,0.06207667745984695,0.1709413027954601
upstream_common_cohort,US,ridge,7313,7060047060,0,34,0.18782556894938995,0.25082813277073024
upstream_common_cohort,US,ridge,7318,7060047060,0,34,0.01404860943222809,0.1378218878653668
upstream_common_cohort,US,ridge,753,7060047060,0,34,0.15216346333752714,0.25229759397966134
upstream_common_cohort,US,ridge,870,7060047060,0,34,0.05984246578898476,0.21218822473710974
upstream_common_cohort,US,ridge,882,7060047060,0,34,0.07469940515764761,0.19460404165458697
upstream_common_cohort,US,ridge,884,7060047060,0,34,0.0763158000949986,0.13888553908872692
upstream_common_cohort,US,ridge,885,7060047060,0,34,0.06626214192426286,0.1938219025462295
upstream_common_cohort,US,ridge,895,7060047060,0,34,0.014271387481084304,0.11062775855073201
upstream_common_cohort,US,ridge,898,7060047060,0,34,0.4804827463621658,0.5112526516072623
upstream_common_cohort,US,ridge,920,7060047060,0,34,0.010603340710536624,0.13411079139814217
upstream_common_cohort,US,ridge,931,7060047060,0,34,1.2472731177871326,0.5747410257546544
upstream_common_cohort,US,ridge,938,7060047060,0,34,0.38426009158298446,0.618234111144327
upstream_common_cohort,US,ridge,419,7060008710,1,103,0.44082065466842046,0.45630227379312904
upstream_common_cohort,US,ridge,423,7060008710,1,103,0.26117307204484375,0.3005914452024694
upstream_common_cohort,US,ridge,445,7060008710,1,103,0.224138830757966,0.31939151916281483
upstream_common_cohort,US,ridge,448,7060008710,1,103,0.22416607699504454,0.3012891039594048
upstream_common_cohort,US,ridge,451,7060008710,1,103,0.22090927233216076,0.13822080054666963
upstream_common_cohort,US,ridge,469,7060008710,1,103,0.45052235055286904,0.4195020040658826
upstream_common_cohort,US,ridge,470,7060008710,1,103,0.31479673590326607,0.38581944670061497
upstream_common_cohort,US,ridge,488,7060008710,1,103,0.28199738486015824,0.3189790388372199
upstream_common_cohort,US,ridge,497,7060008710,1,103,0.2464086886680948,0.3457685098190415
upstream_common_cohort,US,ridge,502,7060008710,1,103,0.30211006397508533,0.23900592401524912
upstream_common_cohort,US,ridge,509,7060008710,1,103,0.09916879377383866,0.2808421750993361
upstream_common_cohort,US,ridge,517,7060008710,1,103,0.3486366875331364,0.35366033429221166
upstream_common_cohort,US,ridge,518,7060008710,1,103,0.5042386268704302,0.4739045379940019
upstream_common_cohort,US,ridge,531,7060008710,1,103,0.19126019666584598,0.31857432483662973
upstream_common_cohort,US,ridge,536,7060008710,1,103,0.25553116336390597,0.2527182693879263
upstream_common_cohort,US,ridge,541,7060008710,1,103,0.33512067960589664,0.3497804743228552
upstream_common_cohort,US,ridge,542,7060008710,1,103,0.021829390999163038,0.07648090276555441
upstream_common_cohort,US,ridge,549,7060008710,1,103,0.17266983428947952,0.15881081274512807
upstream_common_cohort,US,ridge,567,7060008710,1,103,0.6598461853590809,0.562960405930823
upstream_common_cohort,US,ridge,574,7060008710,1,103,0.4025920589861338,0.4474530866484597
upstream_common_cohort,US,ridge,575,7060008710,1,103,0.3423624117302833,0.4152916966419671
upstream_common_cohort,US,ridge,597,7060008710,1,103,0.504672677607412,0.3835594023296701
upstream_common_cohort,US,ridge,601,7060008710,1,103,0.3984804482743115,0.328029583335658
upstream_common_cohort,US,ridge,1249,7060048410,2,117,1.1752645856080293,0.8879088802845776
upstream_common_cohort,US,ridge,132,7060013550,2,117,0.22046421488839568,0.157966683904569
upstream_common_cohort,US,ridge,133,7060013550,2,117,0.0872185410310191,0.07583566745031003
upstream_common_cohort,US,ridge,148,7060013550,2,117,0.21833227848872927,0.1881258012223774
upstream_common_cohort,US,ridge,1776,7060043090,2,117,0.0855439313352062,0.08396512910320159
upstream_common_cohort,US,ridge,182,7060013550,2,117,0.18271699961023843,0.19389873068966207
upstream_common_cohort,US,ridge,191,7060013550,2,117,0.24386640433051454,0.2887475079074895
upstream_common_cohort,US,ridge,198,7060013550,2,117,0.30894982013781086,0.31172337073174194
upstream_common_cohort,US,ridge,204,7060013550,2,117,0.3066385469683326,0.33486337746197814
upstream_common_cohort,US,ridge,524,7060073920,2,117,0.28463745446912436,0.5806077560023071
upstream_common_cohort,US,ridge,595,7060013550,2,117,0.10828677413827531,0.19791241522551128
upstream_common_cohort,US,ridge,600,7060013550,2,117,0.2973337878686663,0.29699989983761665
upstream_common_cohort,US,ridge,612,7060013550,2,117,0.11004515406213367,0.20461815331773464
upstream_common_cohort,US,ridge,1086,7060049270,3,106,1.1065786202138204,0.69615913866152
upstream_common_cohort,US,ridge,131,7060014200,3,106,0.27333918635913207,0.2440768515148814
upstream_common_cohort,US,ridge,1761,7060042310,3,106,0.27724474371309005,0.20856812543498426
upstream_common_cohort,US,ridge,1879,7060043160,3,106,0.5747260555684761,0.4051660077063431
upstream_common_cohort,US,ridge,310,7060014930,3,106,0.06279365977724899,0.07041362925398281
upstream_common_cohort,US,ridge,316,7060014930,3,106,0.2222499551419378,0.2242465751319096
upstream_common_cohort,US,ridge,361,7060014930,3,106,0.10836787673158613,0.1591296674479053
upstream_common_cohort,US,ridge,372,7060014930,3,106,0.2942816619350156,0.3409967647494171
upstream_common_cohort,US,ridge,384,7060014930,3,106,0.3030019109094392,0.29822475148008526
upstream_common_cohort,US,ridge,386,7060014930,3,106,0.572864021275219,0.5060665436595668
upstream_common_cohort,US,ridge,391,7060014930,3,106,0.11630684303528308,0.16400915215513773
upstream_common_cohort,US,ridge,41,7060016090,3,106,0.30546303515284856,0.2518028621616848
upstream_common_cohort,US,ridge,413,7060014930,3,106,0.015188338602546802,0.08110583379435568
upstream_common_cohort,US,ridge,42,7060016090,3,106,0.366221789192078,0.28187146414528386
upstream_common_cohort,US,ridge,55,7060014930,3,106,0.2855472312792672,0.26677073521156147
upstream_common_cohort,US,ridge,57,7060014930,3,106,0.3434381800795077,0.3343524753631825
upstream_common_cohort,US,ridge,60,7060014930,3,106,0.2041065565749272,0.246727788624706
upstream_common_cohort,US,ridge,63,7060014930,3,106,0.2689459370149505,0.30656290067876024
upstream_common_cohort,US,ridge,114,7060014340,4,113,0.28504764230307755,0.38053941748339
upstream_common_cohort,US,ridge,1151,7060047970,4,113,0.5843168922743912,0.5096524404311769
upstream_common_cohort,US,ridge,1237,7060047970,4,113,0.6706848696134027,0.5115021308777155
upstream_common_cohort,US,ridge,169,7060013560,4,113,0.5358492196096671,0.5342868232015164
upstream_common_cohort,US,ridge,1851,7060043500,4,113,0.16275547134539953,0.18254498803295954
upstream_common_cohort,US,ridge,1883,7060043640,4,113,0.2594859396710334,0.2274178960595329
upstream_common_cohort,US,ridge,292,7060022240,4,113,0.44893864747877954,0.33695249333586547
upstream_common_cohort,US,ridge,442,7060073620,4,113,0.2752968810628519,0.2881213396439968
upstream_common_cohort,US,ridge,449,7060073620,4,113,0.4238798871954068,0.36898548503293105
upstream_common_cohort,US,ridge,456,7060073620,4,113,0.25605914571423927,0.22535095139450112
upstream_common_cohort,US,ridge,467,7060073620,4,113,0.5064303907785369,0.4211423478770631
upstream_common_cohort,US,ridge,477,7060073620,4,113,0.2528298707120241,0.25793620083430346
upstream_common_cohort,US,ridge,7308,7060043500,4,113,0.17291437604455698,0.1146475914538077
upstream_common_cohort,BR,ridge,1131,6060007000,-1,118,0.0390069704748579,0.08979904270148287
upstream_common_cohort,BR,ridge,1145,6060011780,-1,118,0.9429708577848884,0.1524511190124676
upstream_common_cohort,BR,ridge,1146,6060011780,-1,118,0.0139588343760545,0.1769619210880513
upstream_common_cohort,BR,ridge,1147,6060011780,-1,118,0.0155383998299051,0.07415670617937922
upstream_common_cohort,BR,ridge,1154,6060016970,-1,118,0.4825847875493023,1.0485761150081772
upstream_common_cohort,BR,ridge,1165,6060016970,-1,118,0.0547998237636922,0.0831923062502263
upstream_common_cohort,BR,ridge,1166,6060016970,-1,118,0.0145229343356155,0.03585783331240555
upstream_common_cohort,BR,ridge,1167,6060016970,-1,118,0.0326411043303537,0.046444848276361
upstream_common_cohort,BR,ridge,1168,6060016970,-1,118,0.0048962466331128,0.026582512392005653
upstream_common_cohort,BR,ridge,1169,6060016970,-1,118,0.0130415300561963,0.037194321563875976
upstream_common_cohort,BR,ridge,1170,6060016970,-1,118,0.0380463633921466,0.05049806085631833
upstream_common_cohort,BR,ridge,1174,6060016970,-1,118,0.0639880778333452,0.14188489119888953
upstream_common_cohort,BR,ridge,1175,6060016970,-1,118,0.2278760279754066,0.1996802084735988
upstream_common_cohort,BR,ridge,1176,6060016970,-1,118,0.0096236151736861,0.038597362892217824
upstream_common_cohort,BR,ridge,1177,6060016970,-1,118,0.0107750395620475,0.04359630999526118
upstream_common_cohort,BR,ridge,1178,6060013750,-1,118,0.0696826154728397,0.08804436473961785
upstream_common_cohort,BR,ridge,1179,6060016970,-1,118,0.0090022031832229,0.03823391004669238
upstream_common_cohort,BR,ridge,1182,6060016970,-1,118,0.0032266821323722,0.03122760900822033
upstream_common_cohort,BR,ridge,1183,6060016970,-1,118,0.0061949884092648,0.02927128079435687
upstream_common_cohort,BR,ridge,1186,6060013750,-1,118,0.2202870865187361,0.1928907429480117
upstream_common_cohort,BR,ridge,1187,6060013750,-1,118,0.0558600848218432,0.07561965396650072
upstream_common_cohort,BR,ridge,1191,6060016970,-1,118,0.453581512388476,0.4659605348202871
upstream_common_cohort,BR,ridge,1192,6060016970,-1,118,0.2503726875185316,0.2916815462828718
upstream_common_cohort,BR,ridge,1195,6060016970,-1,118,0.017870733285531,0.04781901388598489
upstream_common_cohort,BR,ridge,1196,6060016970,-1,118,0.0285317239706438,0.054272217703860925
upstream_common_cohort,BR,ridge,1198,6060016970,-1,118,0.1793764263003081,0.16686498540606973
upstream_common_cohort,BR,ridge,1199,6060016760,-1,118,0.0463493410700394,0.100357827480373
upstream_common_cohort,BR,ridge,1200,6060016760,-1,118,0.0717300944791795,0.09457677095529235
upstream_common_cohort,BR,ridge,1201,6060015560,-1,118,0.1973575345701719,0.17975992988050699
upstream_common_cohort,BR,ridge,1202,6060015560,-1,118,0.0462549910200803,0.0610248241936841
upstream_common_cohort,BR,ridge,13435,6060013420,-1,118,0.0082857432417853,0.05591793654360469
upstream_common_cohort,BR,ridge,13477,6060016970,-1,118,0.0030196517971885,0.031240702270396242
upstream_common_cohort,BR,ridge,197,6060009760,-1,118,0.1494897777211895,0.14181145591840794
upstream_common_cohort,BR,ridge,198,6060011780,-1,118,0.0165135046711468,0.08157188130132242
upstream_common_cohort,BR,ridge,201,6060007950,-1,118,0.0258143608677011,0.19934303070550102
upstream_common_cohort,BR,ridge,202,6060007950,-1,118,0.3440314527118721,0.34254662912792744
upstream_common_cohort,BR,ridge,203,6060011780,-1,118,0.367381248821139,0.37622316199760314
upstream_common_cohort,BR,ridge,204,6060016970,-1,118,0.201860303416369,0.12057867683600262
upstream_common_cohort,BR,ridge,205,6060016970,-1,118,0.126467830862241,0.24247266605423362
upstream_common_cohort,BR,ridge,206,6060016970,-1,118,0.0531391459024513,0.05558528436918744
upstream_common_cohort,BR,ridge,207,6060016970,-1,118,0.2090450087283482,0.21195037312350334
upstream_common_cohort,BR,ridge,208,6060016970,-1,118,0.0355714826805463,0.07951778742707499
upstream_common_cohort,BR,ridge,209,6060016970,-1,118,0.0144028771681114,0.03393380247463618
upstream_common_cohort,BR,ridge,210,6060016970,-1,118,0.0246088546523943,0.031005448639366773
upstream_common_cohort,BR,ridge,211,6060016970,-1,118,0.0375761424301017,0.05775902485571152
upstream_common_cohort,BR,ridge,212,6060016970,-1,118,0.0317800847168669,0.06305124154045524
upstream_common_cohort,BR,ridge,213,6060016970,-1,118,0.1315362853370682,0.06552600626908991
upstream_common_cohort,BR,ridge,214,6060016970,-1,118,0.2184430138933118,0.23219165508575693
upstream_common_cohort,BR,ridge,215,6060016970,-1,118,0.0064473546862729,0.022664391985478594
upstream_common_cohort,BR,ridge,216,6060016970,-1,118,0.0134168828736038,0.03552447945973847
upstream_common_cohort,BR,ridge,217,6060016970,-1,118,0.0569943517910319,0.08979978652556747
upstream_common_cohort,BR,ridge,218,6060016970,-1,118,0.1284025733050957,0.16177276524442788
upstream_common_cohort,BR,ridge,219,6060016970,-1,118,0.0153734568227492,0.03132511298685331
upstream_common_cohort,BR,ridge,220,6060016970,-1,118,0.0662670354688832,0.10137479853218467
upstream_common_cohort,BR,ridge,221,6060016970,-1,118,0.0852393222064124,0.0810524341152061
upstream_common_cohort,BR,ridge,222,6060016970,-1,118,0.1468871124305796,0.14626698463649426
upstream_common_cohort,BR,ridge,223,6060013750,-1,118,0.2093873097513461,0.15163979923789586
upstream_common_cohort,BR,ridge,225,6060016970,-1,118,0.0259738684729026,0.05847013399300577
upstream_common_cohort,BR,ridge,226,6060016970,-1,118,0.0339030273856548,0.07362757915913318
upstream_common_cohort,BR,ridge,228,6060016760,-1,118,0.2405008092347565,0.31966565912415135
upstream_common_cohort,BR,ridge,229,6060015560,-1,118,0.1344295002452387,0.23344557225107068
upstream_common_cohort,BR,ridge,26,6060007950,-1,118,0.1610421735228621,0.18649871653123404
upstream_common_cohort,BR,ridge,27,6060011780,-1,118,0.2193514668254769,0.2725749269787865
upstream_common_cohort,BR,ridge,28,6060016970,-1,118,0.0157601793772504,0.02942787961752852
upstream_common_cohort,BR,ridge,28512,6060016970,-1,118,0.005104449711395,0.041122546367380663
upstream_common_cohort,BR,ridge,29,6060016970,-1,118,0.0093943956875154,0.025905787342468956
upstream_common_cohort,BR,ridge,30,6060016970,-1,118,0.0145609957353346,0.027136181685500804
upstream_common_cohort,BR,ridge,3464,6060013420,-1,118,0.0025825778702569,0.05270645525289189
upstream_common_cohort,BR,ridge,3472,6060016970,-1,118,0.0044035648738334,0.028819215739926296
upstream_common_cohort,BR,ridge,3481,6060014460,-1,118,0.198100391080738,0.18271553375013516
upstream_common_cohort,BR,ridge,3483,6060016970,-1,118,0.6851183600961861,0.22634847592984647
upstream_common_cohort,BR,ridge,3486,6060016760,-1,118,0.0390585441286255,0.06882253553975565
upstream_common_cohort,BR,ridge,3491,6060015560,-1,118,0.0693921885438663,0.06155434118698205
upstream_common_cohort,BR,ridge,40670,6060013420,-1,118,0.0416545111432612,0.0779844711986532
upstream_common_cohort,BR,ridge,40862,6060013430,-1,118,0.0085255338352187,0.0638692235344906
upstream_common_cohort,BR,ridge,41066,6060015560,-1,118,0.004850844396302,0.07825250930085798
upstream_common_cohort,BR,ridge,6874,6060016760,-1,118,0.3314226222254867,0.15273393217512535
upstream_common_cohort,BR,ridge,6875,6060016970,-1,118,0.020580097384573,0.03685788415907426
upstream_common_cohort,BR,ridge,6878,6060007950,-1,118,0.1869219645099048,0.04663883762474516
upstream_common_cohort,BR,ridge,6879,6060016760,-1,118,0.0151105669364328,0.05104070027434113
upstream_common_cohort,BR,ridge,6883,6060007950,-1,118,0.0200774969459172,0.13785478868434917
upstream_common_cohort,BR,ridge,7256,6060016970,-1,118,0.0296251511125645,0.02760236470182964
upstream_common_cohort,BR,ridge,7257,6060016970,-1,118,0.0331956746743684,0.027601554863065703
upstream_common_cohort,BR,ridge,7259,6060016970,-1,118,0.0218010705573437,0.03686048979512213
upstream_common_cohort,BR,ridge,7263,6060015560,-1,118,0.0151376875110565,0.07719591479471913
upstream_common_cohort,BR,ridge,7270,6060016970,-1,118,2.9466869428392814e-05,0.027485304872203464
upstream_common_cohort,BR,ridge,7274,6060016760,-1,118,0.0725384640486719,0.07332349721881593
upstream_common_cohort,BR,ridge,7424,6060015560,-1,118,0.0099914835892373,0.0799384624817229
upstream_common_cohort,BR,ridge,8393,6060016970,-1,118,0.0023328943737665,0.045220652080037754
upstream_common_cohort,BR,ridge,8396,6060016970,-1,118,0.0074185628142692,0.03374809251604449
upstream_common_cohort,BR,ridge,8448,6060015560,-1,118,0.0091361958418698,0.04161568404817512
upstream_common_cohort,US,rf,1017,7060047060,0,34,0.39350694741793457,0.34672379641587747
upstream_common_cohort,US,rf,1026,7060047060,0,34,0.27047730320991026,0.33516993278484697
upstream_common_cohort,US,rf,1033,7060047060,0,34,0.34903146806745766,0.37432964221072834
upstream_common_cohort,US,rf,1036,7060047060,0,34,0.20717264498721943,0.2579829404625853
upstream_common_cohort,US,rf,1042,7060047060,0,34,0.3236531161741061,0.3712698554913116
upstream_common_cohort,US,rf,1067,7060047060,0,34,0.6167405131405999,0.37692813062355357
upstream_common_cohort,US,rf,1092,7060047060,0,34,0.6010081256172075,0.37744817043954365
upstream_common_cohort,US,rf,1101,7060047060,0,34,0.5979508334437655,0.3473879216659785
upstream_common_cohort,US,rf,1112,7060047060,0,34,0.4993501914700653,0.3698246789311769
upstream_common_cohort,US,rf,1121,7060047060,0,34,0.32837844858050913,0.3189407435123708
upstream_common_cohort,US,rf,1122,7060047060,0,34,0.5217491049159911,0.36848313685112916
upstream_common_cohort,US,rf,1125,7060047060,0,34,0.32837844858050913,0.3189407435123708
upstream_common_cohort,US,rf,1127,7060047060,0,34,0.5663454133318315,0.37393724425404945
upstream_common_cohort,US,rf,1192,7060047060,0,34,0.16430907051601795,0.21709489561875336
upstream_common_cohort,US,rf,1586,7060047060,0,34,0.10904752528982808,0.24452731647118647
upstream_common_cohort,US,rf,1587,7060047060,0,34,0.2799957740271275,0.33434843052078933
upstream_common_cohort,US,rf,1592,7060047060,0,34,0.34382574108077185,0.2571614381985277
upstream_common_cohort,US,rf,1595,7060047060,0,34,0.10842850910012612,0.24088222753952157
upstream_common_cohort,US,rf,1600,7060047060,0,34,0.16390038915031843,0.24562404561251905
upstream_common_cohort,US,rf,1617,7060047060,0,34,0.26566128757157614,0.34191786158910054
upstream_common_cohort,US,rf,1619,7060047060,0,34,0.14994540981136933,0.2920829589670749
upstream_common_cohort,US,rf,1620,7060047060,0,34,0.27244922316425124,0.33802668141260356
upstream_common_cohort,US,rf,1631,7060047060,0,34,0.13586625120138024,0.2579048205142514
upstream_common_cohort,US,rf,1634,7060047060,0,34,0.1758207414989661,0.24452731647118647
upstream_common_cohort,US,rf,1636,7060047060,0,34,0.37686352202262224,0.3467167974085259
upstream_common_cohort,US,rf,1645,7060047060,0,34,0.46880108927990805,0.36848313685112916
upstream_common_cohort,US,rf,1650,7060047060,0,34,0.1902835665834986,0.3368893393806423
upstream_common_cohort,US,rf,1654,7060047060,0,34,0.4581723993322289,0.36848313685112916
upstream_common_cohort,US,rf,1655,7060047060,0,34,0.27903405496887934,0.3400520020262085
upstream_common_cohort,US,rf,1656,7060047060,0,34,0.2013737127912082,0.2440072766551964
upstream_common_cohort,US,rf,1683,7060047060,0,34,0.44087707368667267,0.3677791891414486
upstream_common_cohort,US,rf,1691,7060047060,0,34,0.11616721478804654,0.24302184241948857
upstream_common_cohort,US,rf,1699,7060047060,0,34,0.10173478820258915,0.24128547930787075
upstream_common_cohort,US,rf,1703,7060047060,0,34,0.716660099941124,0.3734172044380594
upstream_common_cohort,US,rf,1706,7060047060,0,34,0.14395730556039704,0.24362515303952853
upstream_common_cohort,US,rf,1707,7060047060,0,34,0.2516954924878223,0.3346498929688569
upstream_common_cohort,US,rf,1709,7060047060,0,34,0.09069195877190259,0.24128547930787075
upstream_common_cohort,US,rf,1712,7060047060,0,34,0.1190201878087824,0.24362515303952853
upstream_common_cohort,US,rf,1713,7060047060,0,34,0.2096398232608936,0.31238250117622185
upstream_common_cohort,US,rf,1714,7060047060,0,34,0.3091300571912571,0.3439260826509898
upstream_common_cohort,US,rf,1718,7060047060,0,34,0.44885605648942306,0.36848313685112916
upstream_common_cohort,US,rf,1723,7060047060,0,34,0.19395669459263004,0.25607384480012846
upstream_common_cohort,US,rf,1726,7060047060,0,34,0.10896403881507782,0.24362515303952853
upstream_common_cohort,US,rf,1735,7060047060,0,34,0.06979095290564989,0.24482877891925406
upstream_common_cohort,US,rf,1739,7060047060,0,34,0.29666539359342553,0.3232412249468165
upstream_common_cohort,US,rf,1740,7060047060,0,34,0.1758207414989661,0.24452731647118647
upstream_common_cohort,US,rf,1741,7060047060,0,34,0.3534252217323681,0.34467676286065924
upstream_common_cohort,US,rf,1742,7060047060,0,34,0.08480826170244422,0.22041063539211433
upstream_common_cohort,US,rf,1744,7060047060,0,34,0.2387276522901479,0.231650364049227
upstream_common_cohort,US,rf,1752,7060047060,0,34,0.0302958959256767,0.21030909352212068
upstream_common_cohort,US,rf,1753,7060047060,0,34,0.034264448408433124,0.2097890537061306
upstream_common_cohort,US,rf,1755,7060047060,0,34,0.5562673086774179,0.368844395551185
upstream_common_cohort,US,rf,1768,7060047060,0,34,0.01211858013282131,0.2136242413624554
upstream_common_cohort,US,rf,1777,7060047060,0,34,0.30228136103486564,0.3188379126597345
upstream_common_cohort,US,rf,1848,7060047060,0,34,0.5028227720001452,0.34786586778711137
upstream_common_cohort,US,rf,1864,7060047060,0,34,0.5453666496134132,0.34795376421743723
upstream_common_cohort,US,rf,1869,7060047060,0,34,0.6497507178945514,0.344973586503595
upstream_common_cohort,US,rf,307,7060047060,0,34,0.13710457100078935,0.2347272370492604
upstream_common_cohort,US,rf,319,7060047060,0,34,0.23881827227462005,0.33072127736458556
upstream_common_cohort,US,rf,355,7060047060,0,34,0.12340187249362164,0.23338569496921274
upstream_common_cohort,US,rf,362,7060047060,0,34,0.3841607485850629,0.35774643178111937
upstream_common_cohort,US,rf,364,7060047060,0,34,0.16250170400561625,0.23338569496921274
upstream_common_cohort,US,rf,368,7060047060,0,34,0.41289960337289583,0.3865691189889918
upstream_common_cohort,US,rf,373,7060047060,0,34,0.37558270113787345,0.3832874788270821
upstream_common_cohort,US,rf,393,7060047060,0,34,0.22427692059245702,0.2908763519546636
upstream_common_cohort,US,rf,398,7060047060,0,34,0.2627616778487855,0.3042585913150254
upstream_common_cohort,US,rf,415,7060047060,0,34,0.0745806789865424,0.24188686383036853
upstream_common_cohort,US,rf,416,7060047060,0,34,0.17890221425805486,0.2344715773366616
upstream_common_cohort,US,rf,421,7060047060,0,34,0.25493325998242067,0.3825438307698958
upstream_common_cohort,US,rf,500,7060047060,0,34,0.3562560410703974,0.3832874788270821
upstream_common_cohort,US,rf,505,7060047060,0,34,0.23924474713225585,0.24601981669655398
upstream_common_cohort,US,rf,511,7060047060,0,34,0.08440368437655454,0.25970124669136596
upstream_common_cohort,US,rf,522,7060047060,0,34,0.07026054013384717,0.2344715773366616
upstream_common_cohort,US,rf,530,7060047060,0,34,0.24882327314142194,0.2579182004841974
upstream_common_cohort,US,rf,533,7060047060,0,34,0.06207667745984695,0.23338569496921274
upstream_common_cohort,US,rf,7313,7060047060,0,34,0.18782556894938995,0.24501288446575503
upstream_common_cohort,US,rf,7318,7060047060,0,34,0.01404860943222809,0.23300357135354488
upstream_common_cohort,US,rf,753,7060047060,0,34,0.15216346333752714,0.2800468842661305
upstream_common_cohort,US,rf,870,7060047060,0,34,0.05984246578898476,0.24545768050539163
upstream_common_cohort,US,rf,882,7060047060,0,34,0.07469940515764761,0.2136242413624554
upstream_common_cohort,US,rf,884,7060047060,0,34,0.0763158000949986,0.20965176498463867
upstream_common_cohort,US,rf,885,7060047060,0,34,0.06626214192426286,0.21164830954667851
upstream_common_cohort,US,rf,895,7060047060,0,34,0.014271387481084304,0.20908592243317994
upstream_common_cohort,US,rf,898,7060047060,0,34,0.4804827463621658,0.358567934045177
upstream_common_cohort,US,rf,920,7060047060,0,34,0.010603340710536624,0.20966261175852247
upstream_common_cohort,US,rf,931,7060047060,0,34,1.2472731177871326,0.3614486155847451
upstream_common_cohort,US,rf,938,7060047060,0,34,0.38426009158298446,0.37039052148263557
upstream_common_cohort,US,rf,419,7060008710,1,103,0.44082065466842046,0.4548797674668221
upstream_common_cohort,US,rf,423,7060008710,1,103,0.26117307204484375,0.31975474165747425
upstream_common_cohort,US,rf,445,7060008710,1,103,0.224138830757966,0.2777007413234681
upstream_common_cohort,US,rf,448,7060008710,1,103,0.22416607699504454,0.24920062823236336
upstream_common_cohort,US,rf,451,7060008710,1,103,0.22090927233216076,0.1369680280760845
upstream_common_cohort,US,rf,469,7060008710,1,103,0.45052235055286904,0.41913121025938793
upstream_common_cohort,US,rf,470,7060008710,1,103,0.31479673590326607,0.3162671474658717
upstream_common_cohort,US,rf,488,7060008710,1,103,0.28199738486015824,0.29818167228271536
upstream_common_cohort,US,rf,497,7060008710,1,103,0.2464086886680948,0.333059964750556
upstream_common_cohort,US,rf,502,7060008710,1,103,0.30211006397508533,0.2478200955296616
upstream_common_cohort,US,rf,509,7060008710,1,103,0.09916879377383866,0.2612114058582958
upstream_common_cohort,US,rf,517,7060008710,1,103,0.3486366875331364,0.34086593996980824
upstream_common_cohort,US,rf,518,7060008710,1,103,0.5042386268704302,0.42918250409746794
upstream_common_cohort,US,rf,531,7060008710,1,103,0.19126019666584598,0.2768337942296268
upstream_common_cohort,US,rf,536,7060008710,1,103,0.25553116336390597,0.2583142971269255
upstream_common_cohort,US,rf,541,7060008710,1,103,0.33512067960589664,0.35153559418084507
upstream_common_cohort,US,rf,542,7060008710,1,103,0.021829390999163038,0.09165436324089167
upstream_common_cohort,US,rf,549,7060008710,1,103,0.17266983428947952,0.1520401061096364
upstream_common_cohort,US,rf,567,7060008710,1,103,0.6598461853590809,0.46114788660638745
upstream_common_cohort,US,rf,574,7060008710,1,103,0.4025920589861338,0.41922633212107735
upstream_common_cohort,US,rf,575,7060008710,1,103,0.3423624117302833,0.41956551398662634
upstream_common_cohort,US,rf,597,7060008710,1,103,0.504672677607412,0.41516317272023395
upstream_common_cohort,US,rf,601,7060008710,1,103,0.3984804482743115,0.3500118739896327
upstream_common_cohort,US,rf,1249,7060048410,2,117,1.1752645856080293,0.537281022890146
upstream_common_cohort,US,rf,132,7060013550,2,117,0.22046421488839568,0.1500377255278952
upstream_common_cohort,US,rf,133,7060013550,2,117,0.0872185410310191,0.0815417519040053
upstream_common_cohort,US,rf,148,7060013550,2,117,0.21833227848872927,0.21571076644924722
upstream_common_cohort,US,rf,1776,7060043090,2,117,0.0855439313352062,0.09009008465437733
upstream_common_cohort,US,rf,182,7060013550,2,117,0.18271699961023843,0.21262015869565215
upstream_common_cohort,US,rf,191,7060013550,2,117,0.24386640433051454,0.32848257031887207
upstream_common_cohort,US,rf,198,7060013550,2,117,0.30894982013781086,0.3135157634437571
upstream_common_cohort,US,rf,204,7060013550,2,117,0.3066385469683326,0.3190951806715035
upstream_common_cohort,US,rf,524,7060073920,2,117,0.28463745446912436,0.4894487875698125
upstream_common_cohort,US,rf,595,7060013550,2,117,0.10828677413827531,0.21754477376760226
upstream_common_cohort,US,rf,600,7060013550,2,117,0.2973337878686663,0.32528427392032944
upstream_common_cohort,US,rf,612,7060013550,2,117,0.11004515406213367,0.16969450922007648
upstream_common_cohort,US,rf,1086,7060049270,3,106,1.1065786202138204,0.45643279934273195
upstream_common_cohort,US,rf,131,7060014200,3,106,0.27333918635913207,0.2878446922481043
upstream_common_cohort,US,rf,1761,7060042310,3,106,0.27724474371309005,0.21853235510427307
upstream_common_cohort,US,rf,1879,7060043160,3,106,0.5747260555684761,0.37924018336669696
upstream_common_cohort,US,rf,310,7060014930,3,106,0.06279365977724899,0.08797546059383012
upstream_common_cohort,US,rf,316,7060014930,3,106,0.2222499551419378,0.24616591301025342
upstream_common_cohort,US,rf,361,7060014930,3,106,0.10836787673158613,0.17198294436649295
upstream_common_cohort,US,rf,372,7060014930,3,106,0.2942816619350156,0.31754660955826697
upstream_common_cohort,US,rf,384,7060014930,3,106,0.3030019109094392,0.2976081149057752
upstream_common_cohort,US,rf,386,7060014930,3,106,0.572864021275219,0.448032773213774
upstream_common_cohort,US,rf,391,7060014930,3,106,0.11630684303528308,0.14567263714786516
upstream_common_cohort,US,rf,41,7060016090,3,106,0.30546303515284856,0.2895741247290705
upstream_common_cohort,US,rf,413,7060014930,3,106,0.015188338602546802,0.11360945402706761
upstream_common_cohort,US,rf,42,7060016090,3,106,0.366221789192078,0.330030932964836
upstream_common_cohort,US,rf,55,7060014930,3,106,0.2855472312792672,0.3198125708555496
upstream_common_cohort,US,rf,57,7060014930,3,106,0.3434381800795077,0.3441423934699814
upstream_common_cohort,US,rf,60,7060014930,3,106,0.2041065565749272,0.2896117801587413
upstream_common_cohort,US,rf,63,7060014930,3,106,0.2689459370149505,0.32028211380801413
upstream_common_cohort,US,rf,114,7060014340,4,113,0.28504764230307755,0.4296453497243884
upstream_common_cohort,US,rf,1151,7060047970,4,113,0.5843168922743912,0.4597308568331955
upstream_common_cohort,US,rf,1237,7060047970,4,113,0.6706848696134027,0.5213274642941231
upstream_common_cohort,US,rf,169,7060013560,4,113,0.5358492196096671,0.4559017762807786
upstream_common_cohort,US,rf,1851,7060043500,4,113,0.16275547134539953,0.17005207787660312
upstream_common_cohort,US,rf,1883,7060043640,4,113,0.2594859396710334,0.2029844453974078
upstream_common_cohort,US,rf,292,7060022240,4,113,0.44893864747877954,0.41101850094441394
upstream_common_cohort,US,rf,442,7060073620,4,113,0.2752968810628519,0.33435942105842015
upstream_common_cohort,US,rf,449,7060073620,4,113,0.4238798871954068,0.43391173360790375
upstream_common_cohort,US,rf,456,7060073620,4,113,0.25605914571423927,0.2499890552008822
upstream_common_cohort,US,rf,467,7060073620,4,113,0.5064303907785369,0.43140088532873244
upstream_common_cohort,US,rf,477,7060073620,4,113,0.2528298707120241,0.2574250879483765
upstream_common_cohort,US,rf,7308,7060043500,4,113,0.17291437604455698,0.11080893161006149
upstream_common_cohort,BR,rf,1131,6060007000,-1,118,0.0390069704748579,0.1193790693618655
upstream_common_cohort,BR,rf,1145,6060011780,-1,118,0.9429708577848884,0.1338110944765298
upstream_common_cohort,BR,rf,1146,6060011780,-1,118,0.0139588343760545,0.14897681470784094
upstream_common_cohort,BR,rf,1147,6060011780,-1,118,0.0155383998299051,0.07891625868544291
upstream_common_cohort,BR,rf,1154,6060016970,-1,118,0.4825847875493023,0.5314694644350587
upstream_common_cohort,BR,rf,1165,6060016970,-1,118,0.0547998237636922,0.10812584803315184
upstream_common_cohort,BR,rf,1166,6060016970,-1,118,0.0145229343356155,0.06920699685775815
upstream_common_cohort,BR,rf,1167,6060016970,-1,118,0.0326411043303537,0.07222341866670808
upstream_common_cohort,BR,rf,1168,6060016970,-1,118,0.0048962466331128,0.06955974539677441
upstream_common_cohort,BR,rf,1169,6060016970,-1,118,0.0130415300561963,0.07143898142343869
upstream_common_cohort,BR,rf,1170,6060016970,-1,118,0.0380463633921466,0.07179172996245496
upstream_common_cohort,BR,rf,1174,6060016970,-1,118,0.0639880778333452,0.14032556525150267
upstream_common_cohort,BR,rf,1175,6060016970,-1,118,0.2278760279754066,0.22054105013735792
upstream_common_cohort,BR,rf,1176,6060016970,-1,118,0.0096236151736861,0.07278599294846597
upstream_common_cohort,BR,rf,1177,6060016970,-1,118,0.0107750395620475,0.07307218358907987
upstream_common_cohort,BR,rf,1178,6060013750,-1,118,0.0696826154728397,0.08817232820619343
upstream_common_cohort,BR,rf,1179,6060016970,-1,118,0.0090022031832229,0.06864671664461909
upstream_common_cohort,BR,rf,1182,6060016970,-1,118,0.0032266821323722,0.06984833946386611
upstream_common_cohort,BR,rf,1183,6060016970,-1,118,0.0061949884092648,0.0683719574334489
upstream_common_cohort,BR,rf,1186,6060013750,-1,118,0.2202870865187361,0.1668941410673618
upstream_common_cohort,BR,rf,1187,6060013750,-1,118,0.0558600848218432,0.07913050905054413
upstream_common_cohort,BR,rf,1191,6060016970,-1,118,0.453581512388476,0.45524999075974726
upstream_common_cohort,BR,rf,1192,6060016970,-1,118,0.2503726875185316,0.3118777218538469
upstream_common_cohort,BR,rf,1195,6060016970,-1,118,0.017870733285531,0.06919178020465523
upstream_common_cohort,BR,rf,1196,6060016970,-1,118,0.0285317239706438,0.069234102768337
upstream_common_cohort,BR,rf,1198,6060016970,-1,118,0.1793764263003081,0.1410107065476872
upstream_common_cohort,BR,rf,1199,6060016760,-1,118,0.0463493410700394,0.11289895890929104
upstream_common_cohort,BR,rf,1200,6060016760,-1,118,0.0717300944791795,0.09930593224325861
upstream_common_cohort,BR,rf,1201,6060015560,-1,118,0.1973575345701719,0.1727324486478884
upstream_common_cohort,BR,rf,1202,6060015560,-1,118,0.0462549910200803,0.0724751222848678
upstream_common_cohort,BR,rf,13435,6060013420,-1,118,0.0082857432417853,0.11323448898440666
upstream_common_cohort,BR,rf,13477,6060016970,-1,118,0.0030196517971885,0.07164114942810355
upstream_common_cohort,BR,rf,197,6060009760,-1,118,0.1494897777211895,0.12970946360299138
upstream_common_cohort,BR,rf,198,6060011780,-1,118,0.0165135046711468,0.08216496080687694
upstream_common_cohort,BR,rf,201,6060007950,-1,118,0.0258143608677011,0.18807643776622382
upstream_common_cohort,BR,rf,202,6060007950,-1,118,0.3440314527118721,0.381299270428315
upstream_common_cohort,BR,rf,203,6060011780,-1,118,0.367381248821139,0.4310133022428112
upstream_common_cohort,BR,rf,204,6060016970,-1,118,0.201860303416369,0.11221894617202757
upstream_common_cohort,BR,rf,205,6060016970,-1,118,0.126467830862241,0.28636583241230423
upstream_common_cohort,BR,rf,206,6060016970,-1,118,0.0531391459024513,0.06920699685775815
upstream_common_cohort,BR,rf,207,6060016970,-1,118,0.2090450087283482,0.23966201682864818
upstream_common_cohort,BR,rf,208,6060016970,-1,118,0.0355714826805463,0.08828488897842555
upstream_common_cohort,BR,rf,209,6060016970,-1,118,0.0144028771681114,0.06920699685775815
upstream_common_cohort,BR,rf,210,6060016970,-1,118,0.0246088546523943,0.06920699685775815
upstream_common_cohort,BR,rf,211,6060016970,-1,118,0.0375761424301017,0.0718023750839571
upstream_common_cohort,BR,rf,212,6060016970,-1,118,0.0317800847168669,0.07275652959850955
upstream_common_cohort,BR,rf,213,6060016970,-1,118,0.1315362853370682,0.06961686391084532
upstream_common_cohort,BR,rf,214,6060016970,-1,118,0.2184430138933118,0.2738147113090995
upstream_common_cohort,BR,rf,215,6060016970,-1,118,0.0064473546862729,0.06920699685775815
upstream_common_cohort,BR,rf,216,6060016970,-1,118,0.0134168828736038,0.06836052600400519
upstream_common_cohort,BR,rf,217,6060016970,-1,118,0.0569943517910319,0.08940414537549982
upstream_common_cohort,BR,rf,218,6060016970,-1,118,0.1284025733050957,0.14889913419932974
upstream_common_cohort,BR,rf,219,6060016970,-1,118,0.0153734568227492,0.06836052600400519
upstream_common_cohort,BR,rf,220,6060016970,-1,118,0.0662670354688832,0.09853853520680894
upstream_common_cohort,BR,rf,221,6060016970,-1,118,0.0852393222064124,0.07850374919426176
upstream_common_cohort,BR,rf,222,6060016970,-1,118,0.1468871124305796,0.12308255384008442
upstream_common_cohort,BR,rf,223,6060013750,-1,118,0.2093873097513461,0.12873805950940775
upstream_common_cohort,BR,rf,225,6060016970,-1,118,0.0259738684729026,0.06883463591931138
upstream_common_cohort,BR,rf,226,6060016970,-1,118,0.0339030273856548,0.06916647141196189
upstream_common_cohort,BR,rf,228,6060016760,-1,118,0.2405008092347565,0.3091338462218179
upstream_common_cohort,BR,rf,229,6060015560,-1,118,0.1344295002452387,0.25518564523896825
upstream_common_cohort,BR,rf,26,6060007950,-1,118,0.1610421735228621,0.20886702641011204
upstream_common_cohort,BR,rf,27,6060011780,-1,118,0.2193514668254769,0.3069988475506617
upstream_common_cohort,BR,rf,28,6060016970,-1,118,0.0157601793772504,0.06955974539677441
upstream_common_cohort,BR,rf,28512,6060016970,-1,118,0.005104449711395,0.07056596585150786
upstream_common_cohort,BR,rf,29,6060016970,-1,118,0.0093943956875154,0.06984593603738831
upstream_common_cohort,BR,rf,30,6060016970,-1,118,0.0145609957353346,0.06985658115889047
upstream_common_cohort,BR,rf,3464,6060013420,-1,118,0.0025825778702569,0.10748081159927138
upstream_common_cohort,BR,rf,3472,6060016970,-1,118,0.0044035648738334,0.06911274139204708
upstream_common_cohort,BR,rf,3481,6060014460,-1,118,0.198100391080738,0.1571827326720437
upstream_common_cohort,BR,rf,3483,6060016970,-1,118,0.6851183600961861,0.2133777535728492
upstream_common_cohort,BR,rf,3486,6060016760,-1,118,0.0390585441286255,0.10089107669931381
upstream_common_cohort,BR,rf,3491,6060015560,-1,118,0.0693921885438663,0.075266112718205
upstream_common_cohort,BR,rf,40670,6060013420,-1,118,0.0416545111432612,0.12297741219651045
upstream_common_cohort,BR,rf,40862,6060013430,-1,118,0.0085255338352187,0.11889181075530804
upstream_common_cohort,BR,rf,41066,6060015560,-1,118,0.004850844396302,0.11365090521164144
upstream_common_cohort,BR,rf,6874,6060016760,-1,118,0.3314226222254867,0.1519096659079493
upstream_common_cohort,BR,rf,6875,6060016970,-1,118,0.020580097384573,0.09121134571035171
upstream_common_cohort,BR,rf,6878,6060007950,-1,118,0.1869219645099048,0.09849719165400306
upstream_common_cohort,BR,rf,6879,6060016760,-1,118,0.0151105669364328,0.09077508458422445
upstream_common_cohort,BR,rf,6883,6060007950,-1,118,0.0200774969459172,0.15938203796515268
upstream_common_cohort,BR,rf,7256,6060016970,-1,118,0.0296251511125645,0.06981375046346595
upstream_common_cohort,BR,rf,7257,6060016970,-1,118,0.0331956746743684,0.06981375046346595
upstream_common_cohort,BR,rf,7259,6060016970,-1,118,0.0218010705573437,0.09121134571035171
upstream_common_cohort,BR,rf,7263,6060015560,-1,118,0.0151376875110565,0.11544339790814291
upstream_common_cohort,BR,rf,7270,6060016970,-1,118,2.9466869428392814e-05,0.06836052600400519
upstream_common_cohort,BR,rf,7274,6060016760,-1,118,0.0725384640486719,0.11075481386341787
upstream_common_cohort,BR,rf,7424,6060015560,-1,118,0.0099914835892373,0.1158171187939898
upstream_common_cohort,BR,rf,8393,6060016970,-1,118,0.0023328943737665,0.07593756101624247
upstream_common_cohort,BR,rf,8396,6060016970,-1,118,0.0074185628142692,0.07122018557845307
upstream_common_cohort,BR,rf,8448,6060015560,-1,118,0.0091361958418698,0.07117359892015877
