ID,wy,days,linear_fill,long_gap_partial_fill,upstream_negative_inflow,inflow_mask_disagrees,outflow_mask_disagrees
1001,1980,274,0,0,0,0,0
1001,1981,365,0,0,0,0,0
1001,1982,365,0,0,0,0,0
1001,1983,365,0,0,0,0,0
1001,1984,366,0,0,0,0,0
1001,1985,365,0,0,0,0,0
1001,1986,365,8,7,0,0,0
1001,1987,365,0,0,0,0,0
1001,1988,366,0,0,0,0,0
1001,1989,365,0,0,0,0,0
1001,1990,365,0,0,0,0,0
1001,1991,365,0,0,0,0,0
1001,1992,366,0,0,0,0,0
1001,1993,365,0,0,0,0,0
1001,1994,365,0,0,0,0,0
1001,1995,365,0,0,0,0,0
1001,1996,366,0,0,0,0,0
1001,1997,365,0,0,0,0,0
1001,1998,365,0,0,0,0,0
1001,1999,365,0,0,0,0,0
1001,2000,366,0,0,0,0,0
1001,2001,365,0,0,0,0,0
1001,2002,365,0,0,0,0,0
1001,2003,365,0,0,0,0,0
1001,2004,366,0,0,0,0,0
1001,2005,365,0,0,0,0,0
1001,2006,365,0,0,0,0,0
1001,2007,365,0,0,0,0,0
1001,2008,366,0,0,0,0,0
1001,2009,365,0,0,0,0,0
1001,2010,365,0,0,0,0,0
1001,2011,365,0,0,0,0,0
1001,2012,366,0,0,0,0,0
1001,2013,365,0,0,0,0,0
1001,2014,365,0,0,0,0,0
1001,2015,365,0,0,0,0,0
1001,2016,366,7,7,0,0,0
1001,2017,365,0,0,0,0,0
1001,2018,365,0,0,0,0,0
1001,2019,365,0,0,0,0,0
1001,2020,92,0,0,0,0,0
1003,1980,274,3,0,0,0,0
1003,1981,365,0,0,0,0,0
1003,1982,365,0,0,0,0,0
1003,1983,365,0,0,0,0,0
1003,1984,366,0,0,0,0,0
1003,1985,365,0,0,0,0,0
1003,1986,365,0,0,0,0,0
1003,1987,365,0,0,0,0,0
1003,1988,366,0,0,0,0,0
1003,1989,365,0,0,0,0,0
1003,1990,365,0,0,0,0,0
1003,1991,365,0,0,0,0,0
1003,1992,366,0,0,0,0,0
1003,1993,365,0,0,0,0,0
1003,1994,365,0,0,0,0,0
1003,1995,365,0,0,0,0,0
1003,1996,366,0,0,0,0,0
1003,1997,365,0,0,0,0,0
1003,1998,365,0,0,0,0,0
1003,1999,365,0,0,0,0,0
1003,2000,366,0,0,0,0,0
1003,2001,365,0,0,0,0,0
1003,2002,365,0,0,0,0,0
1003,2003,365,0,0,0,0,0
1003,2004,366,0,0,0,0,0
1003,2005,365,0,0,0,0,0
1003,2006,365,0,0,0,0,0
1003,2007,365,0,0,0,0,0
1003,2008,366,0,0,0,0,0
1003,2009,365,0,0,0,0,0
1003,2010,365,0,0,0,0,0
1003,2011,365,0,0,0,0,0
1003,2012,366,0,0,0,0,0
1003,2013,365,0,0,0,0,0
1003,2014,365,0,0,0,0,0
1003,2015,365,0,0,0,0,0
1003,2016,366,7,7,0,0,0
1003,2017,365,0,0,0,0,0
1003,2018,365,0,0,0,0,0
1003,2019,365,0,0,0,0,0
1003,2020,92,0,0,0,0,0
1006,1980,274,0,0,0,0,0
1006,1981,365,0,0,0,0,0
1006,1982,365,0,0,0,0,0
1006,1983,365,0,0,0,0,0
1006,1984,366,0,0,0,0,0
1006,1985,365,0,0,0,0,0
1006,1986,365,0,0,0,0,0
1006,1987,365,0,0,0,0,0
1006,1988,366,0,0,0,0,0
1006,1989,365,0,0,0,0,0
1006,1990,365,0,0,0,0,0
1006,1991,365,0,0,0,0,0
1006,1992,366,0,0,0,0,0
1006,1993,365,0,0,0,0,0
1006,1994,365,0,0,0,0,0
1006,1995,365,0,0,0,0,0
1006,1996,366,0,0,0,0,0
1006,1997,365,0,0,0,0,0
1006,1998,365,0,0,0,0,0
1006,1999,365,0,0,0,0,0
1006,2000,366,0,0,0,0,0
1006,2001,365,0,0,0,0,0
1006,2002,365,0,0,0,0,0
1006,2003,365,0,0,0,0,0
1006,2004,366,0,0,0,0,0
1006,2005,365,0,0,0,0,0
1006,2006,365,0,0,0,0,0
1006,2007,365,0,0,0,0,0
1006,2008,366,0,0,0,0,0
1006,2009,365,0,0,0,0,0
1006,2010,365,0,0,0,0,0
1006,2011,365,0,0,0,0,0
1006,2012,366,0,0,0,0,0
1006,2013,365,0,0,0,0,0
1006,2014,365,0,0,0,0,0
1006,2015,365,7,7,0,0,0
1006,2016,366,0,0,0,0,0
1006,2017,365,0,0,0,0,0
1006,2018,365,0,0,0,0,0
1006,2019,365,0,0,0,0,0
1006,2020,92,0,0,0,0,0
1007,1980,274,0,0,0,0,0
1007,1981,365,0,0,0,0,0
1007,1982,365,0,0,0,0,0
1007,1983,365,0,0,0,0,0
1007,1984,366,0,0,0,0,0
1007,1985,365,0,0,0,0,0
1007,1986,365,0,0,0,0,0
1007,1987,365,0,0,0,0,0
1007,1988,366,0,0,0,0,0
1007,1989,365,0,0,0,0,0
1007,1990,365,0,0,0,0,0
1007,1991,365,0,0,0,0,0
1007,1992,366,0,0,0,0,0
1007,1993,365,0,0,0,0,0
1007,1994,365,0,0,0,0,0
1007,1995,365,0,0,0,0,0
1007,1996,366,0,0,0,0,0
1007,1997,365,0,0,0,0,0
1007,1998,365,0,0,0,0,0
1007,1999,365,0,0,0,0,0
1007,2000,366,0,0,0,0,0
1007,2001,365,0,0,0,0,0
1007,2002,365,0,0,0,0,0
1007,2003,365,0,0,0,0,0
1007,2004,366,0,0,0,0,0
1007,2005,365,0,0,0,0,0
1007,2006,365,0,0,0,0,0
1007,2007,365,0,0,0,0,0
1007,2008,366,0,0,0,0,0
1007,2009,365,0,0,0,0,0
1007,2010,365,0,0,0,0,0
1007,2011,365,0,0,0,0,0
1007,2012,366,0,0,0,0,0
1007,2013,365,0,0,0,0,0
1007,2014,365,0,0,0,0,0
1007,2015,365,0,0,0,0,0
1007,2016,366,7,7,0,0,0
1007,2017,365,0,0,0,0,0
1007,2018,365,0,0,0,0,0
1007,2019,365,0,0,0,0,0
1007,2020,92,0,0,0,0,0
1017,1980,274,0,0,0,0,0
1017,1981,365,0,0,0,0,0
1017,1982,365,0,0,0,0,0
1017,1983,365,0,0,0,0,0
1017,1984,366,0,0,0,0,0
1017,1985,365,0,0,0,0,0
1017,1986,365,0,0,0,0,0
1017,1987,365,0,0,0,0,0
1017,1988,366,0,0,0,0,0
1017,1989,365,0,0,0,0,0
1017,1990,365,0,0,0,0,0
1017,1991,365,0,0,0,0,0
1017,1992,366,0,0,0,0,0
1017,1993,365,0,0,0,0,0
1017,1994,365,0,0,0,0,0
1017,1995,365,0,0,0,0,0
1017,1996,366,0,0,0,0,0
1017,1997,365,0,0,0,0,0
1017,1998,365,0,0,0,0,0
1017,1999,365,0,0,0,0,0
1017,2000,366,0,0,0,0,0
1017,2001,365,0,0,0,0,0
1017,2002,365,0,0,0,0,0
1017,2003,365,0,0,0,0,0
1017,2004,366,0,0,0,0,0
1017,2005,365,0,0,0,0,0
1017,2006,365,0,0,0,0,0
1017,2007,365,0,0,0,0,0
1017,2008,366,0,0,0,0,0
1017,2009,365,0,0,0,0,0
1017,2010,365,0,0,0,0,0
1017,2011,365,0,0,0,0,0
1017,2012,366,0,0,0,0,0
1017,2013,365,0,0,0,0,0
1017,2014,365,0,0,0,0,0
1017,2015,365,0,0,0,0,0
1017,2016,366,0,0,0,0,0
1017,2017,365,0,0,0,0,0
1017,2018,365,0,0,0,0,0
1017,2019,365,0,0,0,0,0
1017,2020,92,0,0,0,0,0
1020,1980,92,7,7,0,0,0
1020,1981,365,2,0,0,0,0
1020,1982,365,0,0,0,0,0
1020,1983,365,0,0,0,0,0
1020,1984,366,0,0,0,0,0
1020,1985,365,0,0,0,0,0
1020,1986,365,7,7,0,0,0
1020,1987,365,0,0,0,0,0
1020,1988,366,0,0,0,0,0
1020,1989,365,0,0,0,0,0
1020,1990,365,0,0,0,0,0
1020,1991,365,0,0,0,0,0
1020,1992,366,0,0,0,0,0
1020,1993,365,0,0,0,0,0
1020,1994,365,0,0,0,0,0
1020,1995,365,0,0,0,0,0
1020,1996,366,0,0,0,0,0
1020,1997,365,0,0,0,0,0
1020,1998,365,0,0,0,0,0
1020,1999,365,0,0,0,0,0
1020,2000,366,0,0,0,0,0
1020,2001,365,0,0,0,0,0
1020,2002,365,0,0,0,0,0
1020,2003,365,0,0,0,0,0
1020,2004,366,0,0,0,0,0
1020,2005,365,0,0,0,0,0
1020,2006,365,0,0,0,0,0
1020,2007,365,0,0,0,0,0
1020,2008,366,0,0,0,0,0
1020,2009,365,0,0,0,0,0
1020,2010,365,0,0,0,0,0
1020,2011,365,0,0,0,0,0
1020,2012,366,0,0,0,0,0
1020,2013,365,0,0,0,0,0
1020,2014,365,0,0,0,0,0
1020,2015,365,0,0,0,0,0
1020,2016,366,7,7,0,0,0
1020,2017,365,0,0,0,0,0
1020,2018,365,0,0,0,0,0
1020,2019,365,0,0,0,0,0
1020,2020,92,0,0,0,0,0
1021,1980,274,0,0,0,0,0
1021,1981,365,0,0,0,0,0
1021,1982,365,0,0,0,0,0
1021,1983,365,0,0,0,0,0
1021,1984,366,0,0,0,0,0
1021,1985,365,0,0,0,0,0
1021,1986,365,0,0,0,0,0
1021,1987,365,0,0,0,0,0
1021,1988,366,0,0,0,0,0
1021,1989,365,0,0,0,0,0
1021,1990,365,0,0,0,0,0
1021,1991,365,0,0,0,0,0
1021,1992,366,0,0,0,0,0
1021,1993,365,0,0,0,0,0
1021,1994,365,0,0,0,0,0
1021,1995,365,0,0,0,0,0
1021,1996,366,0,0,0,0,0
1021,1997,365,0,0,0,0,0
1021,1998,365,0,0,0,0,0
1021,1999,365,0,0,0,0,0
1021,2000,366,0,0,0,0,0
1021,2001,365,0,0,0,0,0
1021,2002,365,0,0,0,0,0
1021,2003,365,0,0,0,0,0
1021,2004,366,0,0,0,0,0
1021,2005,365,0,0,0,0,0
1021,2006,365,0,0,0,0,0
1021,2007,365,0,0,0,0,0
1021,2008,366,0,0,0,0,0
1021,2009,365,0,0,0,0,0
1021,2010,365,0,0,0,0,0
1021,2011,365,0,0,0,0,0
1021,2012,366,0,0,0,0,0
1021,2013,365,0,0,0,0,0
1021,2014,365,0,0,0,0,0
1021,2015,365,0,0,0,0,0
1021,2016,366,7,7,0,0,0
1021,2017,365,0,0,0,0,0
1021,2018,365,0,0,0,0,0
1021,2019,365,0,0,0,0,0
1021,2020,92,0,0,0,0,0
1023,1980,274,0,0,0,0,0
1023,1981,365,0,0,0,0,0
1023,1982,365,0,0,0,0,0
1023,1983,365,0,0,0,0,0
1023,1984,366,0,0,0,0,0
1023,1985,365,0,0,0,0,0
1023,1986,365,0,0,0,0,0
1023,1987,365,0,0,0,0,0
1023,1988,366,0,0,0,0,0
1023,1989,365,0,0,0,0,0
1023,1990,365,0,0,0,0,0
1023,1991,365,0,0,0,0,0
1023,1992,366,0,0,0,0,0
1023,1993,365,0,0,0,0,0
1023,1994,365,0,0,0,0,0
1023,1995,365,0,0,0,0,0
1023,1996,366,0,0,0,0,0
1023,1997,365,0,0,0,0,0
1023,1998,365,0,0,0,0,0
1023,1999,365,0,0,0,0,0
1023,2000,366,0,0,0,0,0
1023,2001,365,0,0,0,0,0
1023,2002,365,0,0,0,0,0
1023,2003,365,0,0,0,0,0
1023,2004,366,0,0,0,0,0
1023,2005,365,0,0,0,0,0
1023,2006,365,0,0,0,0,0
1023,2007,365,0,0,0,0,0
1023,2008,366,0,0,0,0,0
1023,2009,365,0,0,0,0,0
1023,2010,365,0,0,0,0,0
1023,2011,365,0,0,0,0,0
1023,2012,366,0,0,0,0,0
1023,2013,365,0,0,0,0,0
1023,2014,365,0,0,0,0,0
1023,2015,365,0,0,0,0,0
1023,2016,366,7,7,0,0,0
1023,2017,365,0,0,0,0,0
1023,2018,365,0,0,0,0,0
1023,2019,365,0,0,0,0,0
1023,2020,92,0,0,0,0,0
1026,1980,274,0,0,0,0,0
1026,1981,365,0,0,0,0,0
1026,1982,365,0,0,0,0,0
1026,1983,365,0,0,0,0,0
1026,1984,366,0,0,0,0,0
1026,1985,365,0,0,0,0,0
1026,1986,365,0,0,0,0,0
1026,1987,365,0,0,0,0,0
1026,1988,366,0,0,0,0,0
1026,1989,365,0,0,0,0,0
1026,1990,365,0,0,0,0,0
1026,1991,365,0,0,0,0,0
1026,1992,366,0,0,0,0,0
1026,1993,365,0,0,0,0,0
1026,1994,365,0,0,0,0,0
1026,1995,365,0,0,0,0,0
1026,1996,366,0,0,0,0,0
1026,1997,365,0,0,0,0,0
1026,1998,365,0,0,0,0,0
1026,1999,365,0,0,0,0,0
1026,2000,366,0,0,0,0,0
1026,2001,365,0,0,0,0,0
1026,2002,365,0,0,0,0,0
1026,2003,365,0,0,0,0,0
1026,2004,366,0,0,0,0,0
1026,2005,365,0,0,0,0,0
1026,2006,365,0,0,0,0,0
1026,2007,365,0,0,0,0,0
1026,2008,366,0,0,0,0,0
1026,2009,365,0,0,0,0,0
1026,2010,365,0,0,0,0,0
1026,2011,365,0,0,0,0,0
1026,2012,366,0,0,0,0,0
1026,2013,365,0,0,0,0,0
1026,2014,365,0,0,0,0,0
1026,2015,365,0,0,0,0,0
1026,2016,366,0,0,0,0,0
1026,2017,365,0,0,0,0,0
1026,2018,365,0,0,0,0,0
1026,2019,365,0,0,0,0,0
1026,2020,92,0,0,0,0,0
1027,1980,274,0,0,0,0,0
1027,1981,365,0,0,0,0,0
1027,1982,365,0,0,0,0,0
1027,1983,365,0,0,0,0,0
1027,1984,366,0,0,0,0,0
1027,1985,365,0,0,0,0,0
1027,1986,365,0,0,0,0,0
1027,1987,365,0,0,0,0,0
1027,1988,366,0,0,0,0,0
1027,1989,365,0,0,0,0,0
1027,1990,365,0,0,0,0,0
1027,1991,365,0,0,0,0,0
1027,1992,366,0,0,0,0,0
1027,1993,365,0,0,0,0,0
1027,1994,365,0,0,0,0,0
1027,1995,365,0,0,0,0,0
1027,1996,366,0,0,0,0,0
1027,1997,365,0,0,0,0,0
1027,1998,365,0,0,0,0,0
1027,1999,365,0,0,0,0,0
1027,2000,366,0,0,0,0,0
1027,2001,365,0,0,0,0,0
1027,2002,365,0,0,0,0,0
1027,2003,365,0,0,0,0,0
1027,2004,366,0,0,0,0,0
1027,2005,365,0,0,0,0,0
1027,2006,365,0,0,0,0,0
1027,2007,365,0,0,0,0,0
1027,2008,366,0,0,0,0,0
1027,2009,365,0,0,0,0,0
1027,2010,365,0,0,0,0,0
1027,2011,365,0,0,0,0,0
1027,2012,366,0,0,0,0,0
1027,2013,365,0,0,0,0,0
1027,2014,365,0,0,0,0,0
1027,2015,365,0,0,0,0,0
1027,2016,366,7,7,0,0,0
1027,2017,365,0,0,0,0,0
1027,2018,365,0,0,0,0,0
1027,2019,365,0,0,0,0,0
1027,2020,92,0,0,0,0,0
1028,1980,274,0,0,0,0,0
1028,1981,365,0,0,0,0,0
1028,1982,365,0,0,0,0,0
1028,1983,365,0,0,0,0,0
1028,1984,366,0,0,0,0,0
1028,1985,365,0,0,0,0,0
1028,1986,365,0,0,0,0,0
1028,1987,365,0,0,0,0,0
1028,1988,366,0,0,0,0,0
1028,1989,365,0,0,0,0,0
1028,1990,365,0,0,0,0,0
1028,1991,365,0,0,0,0,0
1028,1992,366,0,0,0,0,0
1028,1993,365,0,0,0,0,0
1028,1994,365,0,0,0,0,0
1028,1995,365,0,0,0,0,0
1028,1996,366,0,0,0,0,0
1028,1997,365,0,0,0,0,0
1028,1998,365,0,0,0,0,0
1028,1999,365,0,0,0,0,0
1028,2000,366,0,0,0,0,0
1028,2001,365,0,0,0,0,0
1028,2002,365,0,0,0,0,0
1028,2003,365,0,0,0,0,0
1028,2004,366,0,0,0,0,0
1028,2005,365,0,0,0,0,0
1028,2006,365,0,0,0,0,0
1028,2007,365,0,0,0,0,0
1028,2008,366,0,0,0,0,0
1028,2009,365,0,0,0,0,0
1028,2010,365,0,0,0,0,0
1028,2011,365,0,0,0,0,0
1028,2012,366,0,0,0,0,0
1028,2013,365,0,0,0,0,0
1028,2014,365,0,0,0,0,0
1028,2015,365,0,0,0,0,0
1028,2016,366,7,7,0,0,0
1028,2017,365,0,0,0,0,0
1028,2018,365,0,0,0,0,0
1028,2019,365,0,0,0,0,0
1028,2020,92,0,0,0,0,0
1032,1980,274,0,0,0,0,0
1032,1981,365,0,0,0,0,0
1032,1982,365,0,0,0,0,0
1032,1983,365,0,0,0,0,0
1032,1984,366,0,0,0,0,0
1032,1985,365,0,0,0,0,0
1032,1986,365,0,0,0,0,0
1032,1987,365,0,0,0,0,0
1032,1988,366,0,0,0,0,0
1032,1989,365,0,0,0,0,0
1032,1990,365,0,0,0,0,0
1032,1991,365,0,0,0,0,0
1032,1992,366,0,0,0,0,0
1032,1993,365,0,0,0,0,0
1032,1994,365,0,0,0,0,0
1032,1995,365,0,0,0,0,0
1032,1996,366,0,0,0,0,0
1032,1997,365,0,0,0,0,0
1032,1998,365,0,0,0,0,0
1032,1999,365,0,0,0,0,0
1032,2000,366,0,0,0,0,0
1032,2001,365,0,0,0,0,0
1032,2002,365,0,0,0,0,0
1032,2003,365,0,0,0,0,0
1032,2004,366,0,0,0,0,0
1032,2005,365,0,0,0,0,0
1032,2006,365,0,0,0,0,0
1032,2007,365,0,0,0,0,0
1032,2008,366,0,0,0,0,0
1032,2009,365,0,0,0,0,0
1032,2010,365,0,0,0,0,0
1032,2011,365,0,0,0,0,0
1032,2012,366,0,0,0,0,0
1032,2013,365,0,0,0,0,0
1032,2014,365,0,0,0,0,0
1032,2015,365,0,0,0,0,0
1032,2016,366,7,7,0,0,0
1032,2017,365,0,0,0,0,0
1032,2018,365,0,0,0,0,0
1032,2019,365,0,0,0,0,0
1032,2020,92,0,0,0,0,0
1033,1980,274,0,0,0,0,0
1033,1981,365,0,0,0,0,0
1033,1982,365,0,0,0,0,0
1033,1983,365,0,0,0,0,0
1033,1984,366,0,0,0,0,0
1033,1985,365,0,0,0,0,0
1033,1986,365,0,0,0,0,0
1033,1987,365,0,0,0,0,0
1033,1988,366,0,0,0,0,0
1033,1989,365,0,0,0,0,0
1033,1990,365,0,0,0,0,0
1033,1991,365,0,0,0,0,0
1033,1992,366,0,0,0,0,0
1033,1993,365,0,0,0,0,0
1033,1994,365,0,0,0,0,0
1033,1995,365,0,0,0,0,0
1033,1996,366,0,0,0,0,0
1033,1997,365,0,0,0,0,0
1033,1998,365,0,0,0,0,0
1033,1999,365,0,0,0,0,0
1033,2000,366,0,0,0,0,0
1033,2001,365,0,0,0,0,0
1033,2002,365,0,0,0,0,0
1033,2003,365,0,0,0,0,0
1033,2004,366,0,0,0,0,0
1033,2005,365,0,0,0,0,0
1033,2006,365,0,0,0,0,0
1033,2007,365,0,0,0,0,0
1033,2008,366,0,0,0,0,0
1033,2009,365,0,0,0,0,0
1033,2010,365,0,0,0,0,0
1033,2011,365,0,0,0,0,0
1033,2012,366,0,0,0,0,0
1033,2013,365,0,0,0,0,0
1033,2014,365,0,0,0,0,0
1033,2015,365,0,0,0,0,0
1033,2016,366,1,0,1,0,0
1033,2017,365,0,0,0,0,0
1033,2018,365,0,0,0,0,0
1033,2019,365,0,0,0,0,0
1033,2020,92,0,0,0,0,0
1036,1980,274,0,0,0,0,0
1036,1981,365,0,0,0,0,0
1036,1982,365,0,0,0,0,0
1036,1983,365,0,0,0,0,0
1036,1984,366,0,0,0,0,0
1036,1985,365,0,0,0,0,0
1036,1986,365,0,0,0,0,0
1036,1987,365,0,0,0,0,0
1036,1988,366,0,0,0,0,0
1036,1989,365,0,0,0,0,0
1036,1990,365,0,0,0,0,0
1036,1991,365,0,0,0,0,0
1036,1992,366,0,0,0,0,0
1036,1993,365,0,0,0,0,0
1036,1994,365,0,0,0,0,0
1036,1995,365,0,0,0,0,0
1036,1996,366,0,0,0,0,0
1036,1997,365,0,0,0,0,0
1036,1998,365,0,0,0,0,0
1036,1999,365,0,0,0,0,0
1036,2000,366,0,0,0,0,0
1036,2001,365,0,0,0,0,0
1036,2002,365,0,0,0,0,0
1036,2003,365,0,0,0,0,0
1036,2004,366,0,0,0,0,0
1036,2005,365,0,0,0,0,0
1036,2006,365,0,0,0,0,0
1036,2007,365,0,0,0,0,0
1036,2008,366,0,0,0,0,0
1036,2009,365,0,0,0,0,0
1036,2010,365,0,0,0,0,0
1036,2011,365,0,0,0,0,0
1036,2012,366,0,0,0,0,0
1036,2013,365,0,0,0,0,0
1036,2014,365,0,0,0,0,0
1036,2015,365,0,0,0,0,0
1036,2016,366,0,0,0,0,0
1036,2017,365,0,0,0,0,0
1036,2018,365,0,0,0,0,0
1036,2019,365,0,0,0,0,0
1036,2020,92,0,0,0,0,0
1042,1980,274,0,0,0,0,0
1042,1981,365,0,0,0,0,0
1042,1982,365,0,0,0,0,0
1042,1983,365,0,0,0,0,0
1042,1984,366,0,0,0,0,0
1042,1985,365,0,0,0,0,0
1042,1986,365,0,0,0,0,0
1042,1987,365,0,0,0,0,0
1042,1988,366,0,0,0,0,0
1042,1989,365,0,0,0,0,0
1042,1990,365,0,0,0,0,0
1042,1991,365,0,0,0,0,0
1042,1992,366,0,0,0,0,0
1042,1993,365,0,0,0,0,0
1042,1994,365,0,0,0,0,0
1042,1995,365,0,0,0,0,0
1042,1996,366,0,0,0,0,0
1042,1997,365,0,0,0,0,0
1042,1998,365,0,0,0,0,0
1042,1999,365,0,0,0,0,0
1042,2000,366,0,0,0,0,0
1042,2001,365,0,0,0,0,0
1042,2002,365,0,0,0,0,0
1042,2003,365,0,0,0,0,0
1042,2004,366,0,0,0,0,0
1042,2005,365,0,0,0,0,0
1042,2006,365,0,0,0,0,0
1042,2007,365,0,0,0,0,0
1042,2008,366,0,0,0,0,0
1042,2009,365,0,0,0,0,0
1042,2010,365,0,0,0,0,0
1042,2011,365,0,0,0,0,0
1042,2012,366,0,0,0,0,0
1042,2013,365,0,0,0,0,0
1042,2014,365,0,0,0,0,0
1042,2015,365,0,0,0,0,0
1042,2016,366,0,0,0,0,0
1042,2017,365,0,0,0,0,0
1042,2018,365,0,0,0,0,0
1042,2019,365,0,0,0,0,0
1042,2020,92,0,0,0,0,0
1048,1980,274,0,0,0,0,0
1048,1981,365,0,0,0,0,0
1048,1982,365,0,0,0,0,0
1048,1983,365,0,0,0,0,0
1048,1984,366,0,0,0,0,0
1048,1985,365,0,0,0,0,0
1048,1986,365,0,0,0,0,0
1048,1987,365,0,0,0,0,0
1048,1988,366,0,0,0,0,0
1048,1989,365,0,0,0,0,0
1048,1990,365,0,0,0,0,0
1048,1991,365,0,0,0,0,0
1048,1992,366,0,0,0,0,0
1048,1993,365,0,0,0,0,0
1048,1994,365,0,0,0,0,0
1048,1995,365,0,0,0,0,0
1048,1996,366,0,0,0,0,0
1048,1997,365,0,0,0,0,0
1048,1998,365,0,0,0,0,0
1048,1999,365,0,0,0,0,0
1048,2000,366,0,0,0,0,0
1048,2001,365,0,0,0,0,0
1048,2002,365,0,0,0,0,0
1048,2003,365,0,0,0,0,0
1048,2004,366,0,0,0,0,0
1048,2005,365,0,0,0,0,0
1048,2006,365,0,0,0,0,0
1048,2007,365,0,0,0,0,0
1048,2008,366,0,0,0,0,0
1048,2009,365,0,0,0,0,0
1048,2010,365,0,0,0,0,0
1048,2011,365,0,0,0,0,0
1048,2012,366,0,0,0,0,0
1048,2013,365,0,0,0,0,0
1048,2014,365,0,0,0,0,0
1048,2015,365,0,0,0,0,0
1048,2016,366,7,7,0,0,0
1048,2017,365,0,0,0,0,0
1048,2018,365,0,0,0,0,0
1048,2019,365,0,0,0,0,0
1048,2020,92,0,0,0,0,0
1051,1980,274,0,0,0,0,0
1051,1981,365,0,0,0,0,0
1051,1982,365,0,0,0,0,0
1051,1983,365,0,0,0,0,0
1051,1984,366,0,0,0,0,0
1051,1985,365,0,0,0,0,0
1051,1986,365,0,0,0,0,0
1051,1987,365,0,0,0,0,0
1051,1988,366,0,0,0,0,0
1051,1989,365,0,0,0,0,0
1051,1990,365,0,0,0,0,0
1051,1991,365,0,0,0,0,0
1051,1992,366,0,0,0,0,0
1051,1993,365,0,0,0,0,0
1051,1994,365,0,0,0,0,0
1051,1995,31,0,0,0,0,0
1053,1980,274,0,0,0,0,0
1053,1981,365,0,0,0,0,0
1053,1982,365,0,0,0,0,0
1053,1983,365,0,0,0,0,0
1053,1984,366,0,0,0,0,0
1053,1985,365,0,0,0,0,0
1053,1986,365,0,0,0,0,0
1053,1987,365,0,0,0,0,0
1053,1988,366,0,0,0,0,0
1053,1989,365,0,0,0,0,0
1053,1990,365,0,0,0,0,0
1053,1991,365,0,0,0,0,0
1053,1992,366,0,0,0,0,0
1053,1993,365,0,0,0,0,0
1053,1994,365,0,0,0,0,0
1053,1995,365,0,0,0,0,0
1053,1996,366,0,0,0,0,0
1053,1997,365,0,0,0,0,0
1053,1998,365,0,0,0,0,0
1053,1999,365,0,0,0,0,0
1053,2000,366,0,0,0,0,0
1053,2001,365,0,0,0,0,0
1053,2002,365,0,0,0,0,0
1053,2003,365,0,0,0,0,0
1053,2004,366,0,0,0,0,0
1053,2005,365,0,0,0,0,0
1053,2006,365,0,0,0,0,0
1053,2007,365,0,0,0,0,0
1053,2008,366,0,0,0,0,0
1053,2009,365,0,0,0,0,0
1053,2010,365,0,0,0,0,0
1053,2011,365,0,0,0,0,0
1053,2012,366,0,0,0,0,0
1053,2013,365,0,0,0,0,0
1053,2014,365,0,0,0,0,0
1053,2015,365,0,0,0,0,0
1067,1980,274,0,0,0,0,0
1067,1981,365,0,0,0,0,0
1067,1982,365,0,0,0,0,0
1067,1983,365,0,0,0,0,0
1067,1984,366,0,0,0,0,0
1067,1985,365,0,0,0,0,0
1067,1986,365,0,0,0,0,0
1067,1987,365,0,0,0,0,0
1067,1988,366,0,0,0,0,0
1067,1989,365,0,0,0,0,0
1067,1990,365,0,0,0,0,0
1067,1991,365,0,0,0,0,0
1067,1992,366,0,0,0,0,0
1067,1993,365,0,0,0,0,0
1067,1994,365,0,0,0,0,0
1067,1995,365,0,0,0,0,0
1067,1996,366,0,0,0,0,0
1067,1997,365,0,0,0,0,0
1067,1998,365,0,0,0,0,0
1067,1999,365,0,0,0,0,0
1067,2000,366,0,0,0,0,0
1067,2001,365,0,0,0,0,0
1067,2002,365,0,0,0,0,0
1067,2003,365,0,0,0,0,0
1067,2004,366,0,0,0,0,0
1067,2005,365,0,0,0,0,0
1067,2006,365,0,0,0,0,0
1067,2007,365,0,0,0,0,0
1067,2008,366,0,0,0,0,0
1067,2009,365,0,0,0,0,0
1067,2010,365,0,0,0,0,0
1067,2011,365,0,0,0,0,0
1067,2012,366,0,0,0,0,0
1067,2013,365,0,0,0,0,0
1067,2014,365,0,0,0,0,0
1067,2015,365,0,0,0,0,0
1067,2016,366,1,0,1,0,0
1067,2017,365,0,0,0,0,0
1067,2018,365,0,0,0,0,0
1067,2019,365,0,0,0,0,0
1067,2020,92,0,0,0,0,0
1070,1991,273,0,0,0,0,0
1070,1992,366,0,0,0,0,0
1070,1993,365,0,0,0,0,0
1070,1994,365,0,0,0,0,0
1070,1995,365,0,0,0,0,0
1070,1996,366,0,0,0,0,0
1070,1997,365,0,0,0,0,0
1070,1998,365,0,0,0,0,0
1070,1999,365,0,0,0,0,0
1070,2000,366,0,0,0,0,0
1070,2001,365,0,0,0,0,0
1070,2002,365,0,0,0,0,0
1070,2003,365,0,0,0,0,0
1070,2004,366,0,0,0,0,0
1070,2005,365,0,0,0,0,0
1070,2006,365,0,0,0,0,0
1070,2007,365,0,0,0,0,0
1070,2008,366,0,0,0,0,0
1070,2009,365,0,0,0,0,0
1070,2010,365,0,0,0,0,0
1070,2011,365,2,0,0,0,0
1070,2012,366,0,0,0,0,0
1070,2013,365,0,0,0,0,0
1070,2014,365,0,0,0,0,0
1070,2015,365,0,0,0,0,0
1075,1980,274,0,0,0,0,0
1075,1981,365,3,0,0,0,0
1075,1982,365,0,0,0,0,0
1075,1983,365,0,0,0,0,0
1075,1984,366,0,0,0,0,0
1075,1985,365,7,7,0,0,0
1075,1986,365,0,0,0,0,0
1075,1987,365,0,0,0,0,0
1075,1988,366,2,0,0,0,0
1075,1989,365,0,0,0,0,0
1075,1990,365,0,0,0,0,0
1075,1991,365,0,0,0,0,0
1075,1992,366,0,0,0,0,0
1075,1993,365,0,0,0,0,0
1075,1994,365,2,0,0,0,0
1075,1995,31,0,0,0,0,0
1078,1989,273,0,0,0,0,0
1078,1990,365,15,0,15,0,0
1078,1991,365,14,0,14,0,0
1078,1992,366,7,0,7,0,0
1078,1993,365,2,0,2,0,0
1078,1994,365,7,0,7,0,0
1078,1995,365,8,0,8,0,0
1078,1996,366,21,0,21,0,0
1078,1997,365,0,0,0,0,0
1078,1998,365,4,0,4,0,0
1078,1999,365,0,0,0,0,0
1078,2000,366,8,0,8,0,0
1078,2001,365,10,0,10,0,0
1078,2002,365,6,0,6,0,0
1078,2003,365,4,0,4,0,0
1078,2004,366,4,0,4,0,0
1078,2005,365,1,0,1,0,0
1078,2006,365,45,0,45,0,0
1078,2007,365,5,0,5,0,0
1078,2008,366,0,0,0,0,0
1078,2009,365,1,0,1,0,0
1078,2010,365,0,0,0,0,0
1078,2011,365,16,0,16,0,0
1078,2012,366,31,0,31,0,0
1078,2013,365,29,0,29,0,0
1078,2014,365,1,0,1,0,0
1078,2015,365,4,0,4,0,0
1078,2016,366,11,7,4,0,0
1078,2017,365,0,0,0,0,0
1078,2018,365,0,0,0,0,0
1078,2019,365,0,0,0,0,0
1078,2020,92,0,0,0,0,0
1084,1980,274,0,0,0,0,0
1084,1981,365,0,0,0,0,0
1084,1982,365,0,0,0,0,0
1084,1983,365,0,0,0,0,0
1084,1984,366,0,0,0,0,0
1084,1985,365,0,0,0,0,0
1084,1986,365,0,0,0,0,0
1084,1987,365,0,0,0,0,0
1084,1988,366,0,0,0,0,0
1084,1989,365,0,0,0,0,0
1084,1990,365,0,0,0,0,0
1084,1991,365,0,0,0,0,0
1084,1992,366,0,0,0,0,0
1084,1993,365,0,0,0,0,0
1084,1994,365,0,0,0,0,0
1084,1995,365,0,0,0,0,0
1084,1996,366,0,0,0,0,0
1084,1997,365,0,0,0,0,0
1084,1998,365,0,0,0,0,0
1084,1999,365,2,0,2,0,0
1084,2000,366,0,0,0,0,0
1084,2001,365,0,0,0,0,0
1084,2002,365,0,0,0,0,0
1084,2003,365,0,0,0,0,0
1084,2004,366,0,0,0,0,0
1084,2005,365,0,0,0,0,0
1084,2006,365,0,0,0,0,0
1084,2007,365,0,0,0,0,0
1084,2008,366,0,0,0,0,0
1084,2009,365,0,0,0,0,0
1084,2010,365,0,0,0,0,0
1084,2011,365,0,0,0,0,0
1084,2012,366,5,0,5,0,0
1084,2013,365,0,0,0,0,0
1084,2014,365,0,0,0,0,0
1084,2015,365,0,0,0,0,0
1084,2016,366,0,0,0,0,0
1084,2017,365,0,0,0,0,0
1084,2018,365,0,0,0,0,0
1084,2019,365,0,0,0,0,0
1084,2020,92,0,0,0,0,0
1086,1980,274,0,0,0,0,0
1086,1981,365,0,0,0,0,0
1086,1982,365,0,0,0,0,0
1086,1983,365,0,0,0,0,0
1086,1984,366,0,0,0,0,0
1086,1985,365,0,0,0,0,0
1086,1986,365,0,0,0,0,0
1086,1987,365,0,0,0,0,0
1086,1988,366,0,0,0,0,0
1086,1989,365,0,0,0,0,0
1086,1990,365,0,0,0,0,0
1086,1991,365,0,0,0,0,0
1086,1992,366,0,0,0,0,0
1086,1993,365,0,0,0,0,0
1086,1994,365,0,0,0,0,0
1086,1995,365,0,0,0,0,0
1086,1996,366,0,0,0,0,0
1086,1997,365,0,0,0,0,0
1086,1998,365,0,0,0,0,0
1086,1999,365,0,0,0,0,0
1086,2000,366,0,0,0,0,0
1086,2001,365,0,0,0,0,0
1086,2002,365,0,0,0,0,0
1086,2003,365,0,0,0,0,0
1086,2004,366,0,0,0,0,0
1086,2005,365,0,0,0,0,0
1086,2006,365,0,0,0,0,0
1086,2007,365,0,0,0,0,0
1086,2008,366,0,0,0,0,0
1086,2009,365,0,0,0,0,0
1086,2010,365,1,0,0,0,0
1086,2011,365,0,0,0,0,0
1086,2012,366,0,0,0,0,0
1086,2013,365,0,0,0,0,0
1086,2014,365,0,0,0,0,0
1086,2015,365,0,0,0,0,0
1086,2016,366,0,0,0,0,0
1086,2017,365,0,0,0,0,0
1086,2018,365,0,0,0,0,0
1086,2019,365,9,7,0,0,0
1086,2020,92,0,0,0,0,0
1092,1980,274,1,0,0,0,0
1092,1981,365,0,0,0,0,0
1092,1982,365,0,0,0,0,0
1092,1983,365,0,0,0,0,0
1092,1984,366,0,0,0,0,0
1092,1985,365,0,0,0,0,0
1092,1986,365,0,0,0,0,0
1092,1987,365,0,0,0,0,0
1092,1988,366,0,0,0,0,0
1092,1989,365,0,0,0,0,0
1092,1990,365,0,0,0,0,0
1092,1991,365,0,0,0,0,0
1092,1992,366,0,0,0,0,0
1092,1993,365,0,0,0,0,0
1092,1994,365,0,0,0,0,0
1092,1995,365,0,0,0,0,0
1092,1996,366,0,0,0,0,0
1092,1997,365,0,0,0,0,0
1092,1998,365,0,0,0,0,0
1092,1999,365,0,0,0,0,0
1092,2000,366,0,0,0,0,0
1092,2001,365,0,0,0,0,0
1092,2002,365,0,0,0,0,0
1092,2003,365,0,0,0,0,0
1092,2004,366,0,0,0,0,0
1092,2005,365,0,0,0,0,0
1092,2006,365,0,0,0,0,0
1092,2007,365,0,0,0,0,0
1092,2008,366,0,0,0,0,0
1092,2009,365,0,0,0,0,0
1092,2010,365,0,0,0,0,0
1092,2011,365,0,0,0,0,0
1092,2012,366,0,0,0,0,0
1092,2013,365,0,0,0,0,0
1092,2014,365,0,0,0,0,0
1092,2015,365,0,0,0,0,0
1092,2016,366,1,0,1,0,0
1092,2017,365,0,0,0,0,0
1092,2018,365,0,0,0,0,0
1092,2019,365,0,0,0,0,0
1092,2020,92,0,0,0,0,0
1093,1980,274,0,0,0,0,0
1093,1981,365,0,0,0,0,0
1093,1982,365,0,0,0,0,0
1093,1983,365,0,0,0,0,0
1093,1984,366,0,0,0,0,0
1093,1985,365,0,0,0,0,0
1093,1986,365,0,0,0,0,0
1093,1987,365,0,0,0,0,0
1093,1988,366,0,0,0,0,0
1093,1989,365,0,0,0,0,0
1093,1990,365,0,0,0,0,0
1093,1991,365,0,0,0,0,0
1093,1992,366,0,0,0,0,0
1093,1993,365,0,0,0,0,0
1093,1994,365,0,0,0,0,0
1093,1995,365,0,0,0,0,0
1093,1996,366,0,0,0,0,0
1093,1997,365,0,0,0,0,0
1093,1998,365,0,0,0,0,0
1093,1999,365,0,0,0,0,0
1093,2000,366,0,0,0,0,0
1093,2001,365,0,0,0,0,0
1093,2002,365,0,0,0,0,0
1093,2003,365,0,0,0,0,0
1093,2004,366,0,0,0,0,0
1093,2005,365,0,0,0,0,0
1093,2006,365,0,0,0,0,0
1093,2007,365,0,0,0,0,0
1093,2008,366,0,0,0,0,0
1093,2009,365,0,0,0,0,0
1093,2010,365,0,0,0,0,0
1093,2011,365,0,0,0,0,0
1093,2012,366,0,0,0,0,0
1093,2013,365,0,0,0,0,0
1093,2014,365,0,0,0,0,0
1093,2015,365,0,0,0,0,0
1093,2016,366,7,7,0,0,0
1093,2017,365,0,0,0,0,0
1093,2018,365,0,0,0,0,0
1093,2019,365,0,0,0,0,0
1093,2020,92,0,0,0,0,0
1095,1980,274,0,0,0,0,0
1095,1981,365,0,0,0,0,0
1095,1982,365,0,0,0,0,0
1095,1983,365,0,0,0,0,0
1095,1984,366,0,0,0,0,0
1095,1985,365,0,0,0,0,0
1095,1986,365,0,0,0,0,0
1095,1987,365,0,0,0,0,0
1095,1988,366,0,0,0,0,0
1095,1989,365,0,0,0,0,0
1095,1990,365,0,0,0,0,0
1095,1991,365,39,21,54,0,0
1095,1992,366,70,7,47,0,0
1095,1993,365,133,35,49,0,0
1095,1994,365,62,21,97,0,0
1095,1995,365,136,49,58,0,0
1095,1996,366,57,35,2,0,0
1095,1997,365,37,28,9,0,0
1095,1998,365,0,0,2,0,0
1095,1999,365,7,7,0,0,0
1095,2000,366,0,0,0,0,0
1095,2001,365,0,0,0,0,0
1095,2002,365,0,0,1,0,0
1095,2003,365,0,0,0,0,0
1095,2004,366,0,0,0,0,0
1095,2005,365,25,14,50,0,0
1095,2006,365,106,7,164,0,0
1095,2007,365,56,14,64,0,0
1095,2008,366,18,14,43,0,0
1095,2009,365,28,7,59,0,0
1095,2010,365,52,7,68,0,0
1095,2011,365,117,28,180,0,0
1095,2012,366,178,28,186,0,0
1095,2013,365,219,7,220,0,0
1095,2014,365,207,14,209,0,0
1095,2015,365,91,0,91,0,0
1095,2016,366,13,7,52,0,0
1095,2017,365,89,21,129,0,0
1095,2018,365,96,21,163,0,0
1095,2019,365,13,7,6,0,0
1095,2020,92,0,0,0,0,0
1101,1980,274,0,0,0,0,0
1101,1981,365,0,0,0,0,0
1101,1982,365,0,0,0,0,0
1101,1983,365,0,0,0,0,0
1101,1984,366,0,0,0,0,0
1101,1985,365,0,0,0,0,0
1101,1986,365,0,0,0,0,0
1101,1987,365,0,0,0,0,0
1101,1988,366,0,0,0,0,0
1101,1989,365,0,0,0,0,0
1101,1990,365,0,0,0,0,0
1101,1991,365,0,0,0,0,0
1101,1992,366,0,0,0,0,0
1101,1993,365,0,0,0,0,0
1101,1994,365,0,0,0,0,0
1101,1995,365,0,0,0,0,0
1101,1996,366,0,0,0,0,0
1101,1997,365,0,0,0,0,0
1101,1998,365,0,0,0,0,0
1101,1999,365,0,0,0,0,0
1101,2000,366,0,0,0,0,0
1101,2001,365,0,0,0,0,0
1101,2002,365,0,0,0,0,0
1101,2003,365,0,0,0,0,0
1101,2004,366,0,0,0,0,0
1101,2005,365,0,0,0,0,0
1101,2006,365,0,0,0,0,0
1101,2007,365,0,0,0,0,0
1101,2008,366,0,0,0,0,0
1101,2009,365,0,0,0,0,0
1101,2010,365,0,0,0,0,0
1101,2011,365,0,0,0,0,0
1101,2012,366,7,7,0,0,0
1101,2013,365,0,0,0,0,0
1101,2014,365,0,0,0,0,0
1101,2015,365,0,0,0,0,0
1101,2016,366,0,0,0,0,0
1101,2017,365,0,0,0,0,0
1101,2018,365,0,0,0,0,0
1101,2019,365,2,0,0,0,0
1101,2020,92,0,0,0,0,0
1109,1980,274,0,0,0,0,0
1109,1981,365,0,0,0,0,0
1109,1982,365,0,0,0,0,0
1109,1983,365,0,0,0,0,0
1109,1984,366,0,0,0,0,0
1109,1985,365,0,0,0,0,0
1109,1986,365,0,0,0,0,0
1109,1987,365,0,0,0,0,0
1109,1988,366,0,0,0,0,0
1109,1989,365,0,0,0,0,0
1109,1990,365,57,28,0,0,0
1109,1991,365,38,7,5,0,0
1109,1992,366,71,0,49,0,0
1109,1993,365,33,14,4,0,0
1109,1994,365,43,14,9,0,0
1109,1995,365,21,14,5,0,0
1109,1996,366,60,14,18,0,0
1109,1997,365,0,0,0,0,0
1109,1998,365,0,0,0,0,0
1109,1999,365,0,0,0,0,0
1109,2000,366,0,0,0,0,0
1109,2001,365,0,0,0,0,0
1109,2002,365,19,7,7,0,0
1109,2003,365,9,7,0,0,0
1109,2004,366,2,0,0,0,0
1109,2005,365,22,14,6,0,0
1109,2006,365,0,0,0,0,0
1109,2007,365,28,14,17,0,0
1109,2008,366,0,0,0,0,0
1109,2009,365,0,0,0,0,0
1109,2010,365,0,0,0,0,0
1109,2011,365,9,7,2,0,0
1109,2012,366,2,0,2,0,0
1109,2013,365,3,0,3,0,0
1109,2014,365,5,0,5,0,0
1109,2015,365,3,0,3,0,0
1109,2016,366,5,0,5,0,0
1109,2017,365,9,7,19,0,0
1109,2018,365,5,0,5,0,0
1109,2019,365,2,0,2,0,0
1109,2020,92,0,0,0,0,0
1112,1980,274,0,0,0,0,0
1112,1981,365,0,0,0,0,0
1112,1982,365,0,0,0,0,0
1112,1983,365,0,0,0,0,0
1112,1984,366,0,0,0,0,0
1112,1985,365,0,0,0,0,0
1112,1986,365,0,0,0,0,0
1112,1987,365,0,0,0,0,0
1112,1988,366,0,0,0,0,0
1112,1989,365,0,0,0,0,0
1112,1990,365,0,0,0,0,0
1112,1991,365,0,0,0,0,0
1112,1992,366,0,0,0,0,0
1112,1993,365,0,0,0,0,0
1112,1994,365,0,0,0,0,0
1112,1995,365,0,0,0,0,0
1112,1996,366,0,0,0,0,0
1112,1997,365,0,0,0,0,0
1112,1998,365,0,0,0,0,0
1112,1999,365,0,0,0,0,0
1112,2000,366,0,0,0,0,0
1112,2001,365,0,0,0,0,0
1112,2002,365,0,0,0,0,0
1112,2003,365,0,0,0,0,0
1112,2004,366,0,0,0,0,0
1112,2005,365,0,0,0,0,0
1112,2006,365,0,0,0,0,0
1112,2007,365,0,0,0,0,0
1112,2008,366,0,0,0,0,0
1112,2009,365,0,0,0,0,0
1112,2010,365,0,0,0,0,0
1112,2011,365,0,0,0,0,0
1112,2012,366,0,0,0,0,0
1112,2013,365,0,0,0,0,0
1112,2014,365,0,0,0,0,0
1112,2015,365,0,0,0,0,0
1112,2016,366,0,0,0,0,0
1112,2017,365,0,0,0,0,0
1112,2018,365,10,0,0,0,0
1112,2019,365,0,0,0,0,0
1112,2020,92,0,0,0,0,0
1120,1980,274,0,0,0,0,0
1120,1981,365,0,0,0,0,0
1120,1982,365,0,0,0,0,0
1120,1983,365,0,0,0,0,0
1120,1984,366,0,0,0,0,0
1120,1985,365,0,0,0,0,0
1120,1986,365,0,0,0,0,0
1120,1987,365,0,0,0,0,0
1120,1988,366,0,0,0,0,0
1120,1989,365,0,0,0,0,0
1120,1990,365,0,0,0,0,0
1120,1991,365,0,0,0,0,0
1120,1992,366,0,0,0,0,0
1120,1993,365,0,0,0,0,0
1120,1994,365,0,0,0,0,0
1120,1995,365,0,0,0,0,0
1120,1996,366,0,0,0,0,0
1120,1997,365,0,0,0,0,0
1120,1998,365,0,0,0,0,0
1120,1999,365,0,0,0,0,0
1120,2000,366,0,0,0,0,0
1120,2001,365,0,0,0,0,0
1120,2002,365,0,0,0,0,0
1120,2003,365,0,0,0,0,0
1120,2004,366,0,0,0,0,0
1120,2005,365,0,0,0,0,0
1120,2006,365,0,0,0,0,0
1120,2007,365,0,0,0,0,0
1120,2008,366,0,0,0,0,0
1120,2009,365,0,0,0,0,0
1120,2010,365,0,0,0,0,0
1120,2011,365,0,0,0,0,0
1120,2012,366,0,0,0,0,0
1120,2013,365,0,0,0,0,0
1120,2014,365,0,0,0,0,0
1120,2015,365,0,0,0,0,0
1120,2016,366,7,7,0,0,0
1120,2017,365,0,0,0,0,0
1120,2018,365,0,0,0,0,0
1120,2019,365,0,0,0,0,0
1120,2020,92,0,0,0,0,0
1121,1980,274,0,0,0,0,0
1121,1981,365,0,0,0,0,0
1121,1982,365,0,0,0,0,0
1121,1983,365,0,0,0,0,0
1121,1984,366,0,0,0,0,0
1121,1985,365,0,0,0,0,0
1121,1986,365,0,0,0,0,0
1121,1987,365,0,0,0,0,0
1121,1988,366,0,0,0,0,0
1121,1989,365,0,0,0,0,0
1121,1990,365,0,0,0,0,0
1121,1991,365,0,0,0,0,0
1121,1992,366,0,0,0,0,0
1121,1993,365,0,0,0,0,0
1121,1994,365,0,0,0,0,0
1121,1995,365,0,0,0,0,0
1121,1996,366,0,0,0,0,0
1121,1997,365,0,0,0,0,0
1121,1998,365,0,0,0,0,0
1121,1999,365,0,0,0,0,0
1121,2000,366,0,0,0,0,0
1121,2001,365,0,0,0,0,0
1121,2002,365,0,0,0,0,0
1121,2003,365,0,0,0,0,0
1121,2004,366,0,0,0,0,0
1121,2005,365,0,0,0,0,0
1121,2006,365,0,0,0,0,0
1121,2007,365,0,0,0,0,0
1121,2008,366,0,0,0,0,0
1121,2009,365,0,0,0,0,0
1121,2010,365,0,0,0,0,0
1121,2011,365,0,0,0,0,0
1121,2012,366,0,0,0,0,0
1121,2013,365,0,0,0,0,0
1121,2014,365,0,0,0,0,0
1121,2015,365,0,0,0,0,0
1121,2016,366,0,0,0,0,0
1121,2017,365,0,0,0,0,0
1121,2018,365,0,0,0,0,0
1121,2019,365,0,0,0,0,0
1121,2020,92,0,0,0,0,0
1122,1980,274,0,0,0,0,0
1122,1981,365,0,0,0,0,0
1122,1982,365,0,0,0,0,0
1122,1983,365,0,0,0,0,0
1122,1984,366,0,0,0,0,0
1122,1985,365,0,0,0,0,0
1122,1986,365,0,0,0,0,0
1122,1987,365,0,0,0,0,0
1122,1988,366,0,0,0,0,0
1122,1989,365,0,0,0,0,0
1122,1990,365,0,0,0,0,0
1122,1991,365,0,0,0,0,0
1122,1992,366,0,0,0,0,0
1122,1993,365,0,0,0,0,0
1122,1994,365,0,0,0,0,0
1122,1995,365,0,0,0,0,0
1122,1996,366,0,0,0,0,0
1122,1997,365,0,0,0,0,0
1122,1998,365,0,0,0,0,0
1122,1999,365,0,0,0,0,0
1122,2000,366,0,0,0,0,0
1122,2001,365,0,0,0,0,0
1122,2002,365,0,0,0,0,0
1122,2003,365,0,0,0,0,0
1122,2004,366,0,0,0,0,0
1122,2005,365,0,0,0,0,0
1122,2006,365,0,0,0,0,0
1122,2007,365,0,0,0,0,0
1122,2008,366,0,0,0,0,0
1122,2009,365,0,0,0,0,0
1122,2010,365,0,0,0,0,0
1122,2011,365,0,0,0,0,0
1122,2012,366,0,0,0,0,0
1122,2013,365,0,0,0,0,0
1122,2014,365,0,0,0,0,0
1122,2015,365,0,0,0,0,0
1122,2016,366,0,0,0,0,0
1122,2017,365,0,0,0,0,0
1122,2018,365,0,0,0,0,0
1122,2019,365,0,0,0,0,0
1122,2020,92,0,0,0,0,0
1124,1980,274,0,0,0,0,0
1124,1981,365,0,0,0,0,0
1124,1982,365,0,0,0,0,0
1124,1983,365,0,0,0,0,0
1124,1984,366,0,0,0,0,0
1124,1985,365,0,0,0,0,0
1124,1986,365,0,0,0,0,0
1124,1987,365,0,0,0,0,0
1124,1988,366,0,0,0,0,0
1124,1989,365,0,0,0,0,0
1124,1990,365,0,0,0,0,0
1124,1991,365,0,0,0,0,0
1124,1992,366,0,0,0,0,0
1124,1993,365,0,0,0,0,0
1124,1994,365,0,0,0,0,0
1124,1995,365,0,0,0,0,0
1124,1996,366,0,0,0,0,0
1124,1997,365,0,0,0,0,0
1124,1998,365,0,0,0,0,0
1124,1999,365,0,0,0,0,0
1124,2000,366,0,0,0,0,0
1124,2001,365,0,0,0,0,0
1124,2002,365,0,0,0,0,0
1124,2003,365,0,0,0,0,0
1124,2004,366,0,0,0,0,0
1124,2005,365,0,0,0,0,0
1124,2006,365,0,0,0,0,0
1124,2007,365,0,0,0,0,0
1124,2008,366,0,0,0,0,0
1124,2009,365,0,0,0,0,0
1124,2010,365,0,0,0,0,0
1124,2011,365,0,0,0,0,0
1124,2012,366,0,0,0,0,0
1124,2013,365,0,0,0,0,0
1124,2014,365,0,0,0,0,0
1124,2015,365,0,0,0,0,0
1124,2016,366,7,7,0,0,0
1124,2017,365,0,0,0,0,0
1124,2018,365,0,0,0,0,0
1124,2019,365,0,0,0,0,0
1124,2020,92,0,0,0,0,0
1125,1980,274,0,0,0,0,0
1125,1981,365,0,0,0,0,0
1125,1982,365,0,0,0,0,0
1125,1983,365,0,0,0,0,0
1125,1984,366,0,0,0,0,0
1125,1985,365,0,0,0,0,0
1125,1986,365,0,0,0,0,0
1125,1987,365,0,0,0,0,0
1125,1988,366,0,0,0,0,0
1125,1989,365,0,0,0,0,0
1125,1990,365,0,0,0,0,0
1125,1991,365,0,0,0,0,0
1125,1992,366,0,0,0,0,0
1125,1993,365,0,0,0,0,0
1125,1994,365,0,0,0,0,0
1125,1995,365,0,0,0,0,0
1125,1996,366,0,0,0,0,0
1125,1997,365,0,0,0,0,0
1125,1998,365,0,0,0,0,0
1125,1999,365,0,0,0,0,0
1125,2000,366,0,0,0,0,0
1125,2001,365,0,0,0,0,0
1125,2002,365,0,0,0,0,0
1125,2003,365,0,0,0,0,0
1125,2004,366,0,0,0,0,0
1125,2005,365,0,0,0,0,0
1125,2006,365,0,0,0,0,0
1125,2007,365,0,0,0,0,0
1125,2008,366,0,0,0,0,0
1125,2009,365,0,0,0,0,0
1125,2010,365,0,0,0,0,0
1125,2011,365,0,0,0,0,0
1125,2012,366,0,0,0,0,0
1125,2013,365,0,0,0,0,0
1125,2014,365,0,0,0,0,0
1125,2015,365,0,0,0,0,0
1125,2016,366,0,0,0,0,0
1125,2017,365,0,0,0,0,0
1125,2018,365,0,0,0,0,0
1125,2019,365,0,0,0,0,0
1125,2020,92,0,0,0,0,0
1127,1980,274,0,0,0,0,0
1127,1981,365,0,0,0,0,0
1127,1982,365,0,0,0,0,0
1127,1983,365,0,0,0,0,0
1127,1984,366,0,0,0,0,0
1127,1985,365,0,0,0,0,0
1127,1986,365,0,0,0,0,0
1127,1987,365,0,0,0,0,0
1127,1988,366,0,0,0,0,0
1127,1989,365,0,0,0,0,0
1127,1990,365,0,0,0,0,0
1127,1991,365,0,0,0,0,0
1127,1992,366,0,0,0,0,0
1127,1993,365,0,0,0,0,0
1127,1994,365,0,0,0,0,0
1127,1995,365,0,0,0,0,0
1127,1996,366,0,0,0,0,0
1127,1997,365,0,0,0,0,0
1127,1998,365,0,0,0,0,0
1127,1999,365,0,0,0,0,0
1127,2000,366,0,0,0,0,0
1127,2001,365,0,0,0,0,0
1127,2002,365,0,0,0,0,0
1127,2003,365,0,0,0,0,0
1127,2004,366,0,0,0,0,0
1127,2005,365,0,0,0,0,0
1127,2006,365,0,0,0,0,0
1127,2007,365,0,0,0,0,0
1127,2008,366,0,0,0,0,0
1127,2009,365,0,0,0,0,0
1127,2010,365,0,0,0,0,0
1127,2011,365,0,0,0,0,0
1127,2012,366,0,0,0,0,0
1127,2013,365,0,0,0,0,0
1127,2014,365,0,0,0,0,0
1127,2015,365,0,0,0,0,0
1127,2016,366,1,0,1,0,0
1127,2017,365,0,0,0,0,0
1127,2018,365,0,0,0,0,0
1127,2019,365,0,0,0,0,0
1127,2020,92,0,0,0,0,0
1128,1995,334,0,0,0,0,0
1128,1996,366,0,0,0,0,0
1128,1997,365,0,0,0,0,0
1128,1998,365,0,0,0,0,0
1128,1999,365,0,0,0,0,0
1128,2000,366,0,0,0,0,0
1128,2001,365,0,0,0,0,0
1128,2002,365,0,0,0,0,0
1128,2003,365,0,0,0,0,0
1128,2004,366,0,0,0,0,0
1128,2005,365,0,0,0,0,0
1128,2006,365,0,0,0,0,0
1128,2007,365,0,0,0,0,0
1128,2008,366,0,0,0,0,0
1128,2009,365,0,0,0,0,0
1128,2010,365,0,0,0,0,0
1128,2011,365,0,0,0,0,0
1128,2012,366,0,0,0,0,0
1128,2013,365,0,0,0,0,0
1128,2014,365,0,0,0,0,0
1128,2015,365,0,0,0,0,0
1128,2016,366,7,7,0,0,0
1128,2017,365,0,0,0,0,0
1128,2018,365,0,0,0,0,0
1128,2019,365,0,0,0,0,0
1128,2020,92,0,0,0,0,0
1134,1980,274,0,0,0,0,0
1134,1981,365,0,0,0,0,0
1134,1982,365,0,0,0,0,0
1134,1983,365,0,0,0,0,0
1134,1984,366,0,0,0,0,0
1134,1985,365,0,0,0,0,0
1134,1986,365,0,0,0,0,0
1134,1987,365,0,0,0,0,0
1134,1988,366,0,0,0,0,0
1134,1989,365,0,0,0,0,0
1134,1990,365,0,0,0,0,0
1134,1991,365,0,0,0,0,0
1134,1992,366,0,0,0,0,0
1134,1993,365,0,0,0,0,0
1134,1994,365,0,0,0,0,0
1134,1995,365,0,0,0,0,0
1134,1996,366,0,0,0,0,0
1134,1997,365,0,0,0,0,0
1134,1998,365,0,0,0,0,0
1134,1999,365,0,0,0,0,0
1134,2000,366,0,0,0,0,0
1134,2001,365,0,0,0,0,0
1134,2002,365,0,0,0,0,0
1134,2003,365,0,0,0,0,0
1134,2004,366,0,0,0,0,0
1134,2005,365,0,0,0,0,0
1134,2006,365,0,0,0,0,0
1134,2007,365,0,0,0,0,0
1134,2008,366,0,0,0,0,0
1134,2009,365,0,0,0,0,0
1134,2010,365,0,0,0,0,0
1134,2011,365,0,0,0,0,0
1134,2012,366,0,0,0,0,0
1134,2013,365,0,0,0,0,0
1134,2014,365,0,0,0,0,0
1134,2015,365,0,0,0,0,0
1134,2016,366,7,7,0,0,0
1134,2017,365,0,0,0,0,0
1134,2018,365,0,0,0,0,0
1134,2019,365,0,0,0,0,0
1134,2020,92,0,0,0,0,0
114,1980,274,0,0,0,0,0
114,1981,365,0,0,0,0,0
114,1982,365,0,0,0,0,0
114,1983,365,0,0,0,0,0
114,1984,366,0,0,0,0,0
114,1985,365,0,0,0,0,0
114,1986,365,0,0,0,0,0
114,1987,365,0,0,0,0,0
114,1988,366,0,0,0,0,0
114,1989,365,7,7,0,0,0
114,1990,365,0,0,0,0,0
114,1991,365,0,0,0,0,0
114,1992,366,10,7,3,0,0
114,1993,365,21,14,0,0,0
114,1994,365,9,7,0,0,0
114,1995,365,37,21,17,0,0
114,1996,366,61,21,93,0,0
114,1997,365,10,0,4,0,0
114,1998,365,7,7,0,0,0
114,1999,365,31,0,30,0,0
114,2000,366,15,0,15,0,0
114,2001,365,19,14,5,0,0
114,2002,365,2,0,2,0,0
114,2003,365,1,0,1,0,0
114,2004,366,6,0,6,0,0
114,2005,365,14,14,0,0,0
114,2006,365,4,0,4,0,0
114,2007,365,1,0,1,0,0
114,2008,366,0,0,0,0,0
114,2009,365,2,0,2,0,0
114,2010,365,1,0,1,0,0
114,2011,365,4,0,4,0,0
114,2012,366,19,0,19,0,0
114,2013,365,0,0,0,0,0
114,2014,365,4,0,4,0,0
114,2015,365,17,7,18,0,0
114,2016,366,31,7,33,0,0
114,2017,365,0,0,0,0,0
114,2018,365,4,0,4,0,0
114,2019,365,21,0,21,0,0
114,2020,92,7,0,7,0,0
1144,1989,273,0,0,0,0,0
1144,1990,365,0,0,0,0,0
1144,1991,365,0,0,0,0,0
1144,1992,366,0,0,0,0,0
1144,1993,365,0,0,0,0,0
1144,1994,365,0,0,0,0,0
1144,1995,365,0,0,0,0,0
1144,1996,366,0,0,0,0,0
1144,1997,365,0,0,0,0,0
1144,1998,365,0,0,0,0,0
1144,1999,365,0,0,0,0,0
1144,2000,366,0,0,0,0,0
1144,2001,365,0,0,0,0,0
1144,2002,365,0,0,0,0,0
1144,2003,365,0,0,0,0,0
1144,2004,366,0,0,0,0,0
1144,2005,365,0,0,0,0,0
1144,2006,365,0,0,0,0,0
1144,2007,365,0,0,0,0,0
1144,2008,366,0,0,0,0,0
1144,2009,365,0,0,0,0,0
1144,2010,365,0,0,0,0,0
1144,2011,365,0,0,0,0,0
1144,2012,366,0,0,0,0,0
1144,2013,365,0,0,0,0,0
1144,2014,365,0,0,0,0,0
1144,2015,365,0,0,0,0,0
1144,2016,366,7,7,0,0,0
1144,2017,365,0,0,0,0,0
1144,2018,365,0,0,0,0,0
1144,2019,365,0,0,0,0,0
1144,2020,92,0,0,0,0,0
1151,1987,93,0,0,0,0,0
1151,1988,366,0,0,0,0,0
1151,1989,365,0,0,0,0,0
1151,1990,365,0,0,0,0,0
1151,1991,365,0,0,0,0,0
1151,1992,366,0,0,0,0,0
1151,1993,365,0,0,0,0,0
1151,1994,365,0,0,0,0,0
1151,1995,365,0,0,0,0,0
1151,1996,366,0,0,0,0,0
1151,1997,365,0,0,0,0,0
1151,1998,365,0,0,0,0,0
1151,1999,365,0,0,0,0,0
1151,2000,366,0,0,0,0,0
1151,2001,365,0,0,0,0,0
1151,2002,365,0,0,0,0,0
1151,2003,365,0,0,0,0,0
1151,2004,366,0,0,0,0,0
1151,2005,365,0,0,0,0,0
1151,2006,365,0,0,0,0,0
1151,2007,365,0,0,0,0,0
1151,2008,366,0,0,0,0,0
1151,2009,365,0,0,0,0,0
1151,2010,365,0,0,0,0,0
1151,2011,365,0,0,0,0,0
1151,2012,366,0,0,0,0,0
1151,2013,365,0,0,0,0,0
1151,2014,365,0,0,0,0,0
1151,2015,365,0,0,0,0,0
1151,2016,366,0,0,0,0,0
1151,2017,365,0,0,0,0,0
1151,2018,365,0,0,0,0,0
1151,2019,365,0,0,0,0,0
1151,2020,92,0,0,0,0,0
1170,1980,274,0,0,0,0,0
1170,1981,365,0,0,0,0,0
1170,1982,365,0,0,0,0,0
1170,1983,365,1,0,1,0,0
1170,1984,366,9,0,9,0,0
1170,1985,365,0,0,0,0,0
1170,1986,365,0,0,0,0,0
1170,1987,365,0,0,0,0,0
1170,1988,366,1,0,1,0,0
1170,1989,365,0,0,0,0,0
1170,1990,365,2,0,2,0,0
1170,1991,365,0,0,0,0,0
1170,1992,366,0,0,0,0,0
1170,1993,365,0,0,0,0,0
1170,1994,365,0,0,0,0,0
1170,1995,365,0,0,0,0,0
1170,1996,366,0,0,0,0,0
1170,1997,365,0,0,0,0,0
1170,1998,365,0,0,0,0,0
1170,1999,365,0,0,0,0,0
1170,2000,366,0,0,0,0,0
1170,2001,365,0,0,0,0,0
1170,2002,365,0,0,0,0,0
1170,2003,365,0,0,0,0,0
1170,2004,366,0,0,0,0,0
1170,2005,365,0,0,0,0,0
1170,2006,365,0,0,0,0,0
1170,2007,365,0,0,0,0,0
1170,2008,366,0,0,0,0,0
1170,2009,365,0,0,0,0,0
1170,2010,365,0,0,0,0,0
1170,2011,365,0,0,0,0,0
1170,2012,366,0,0,0,0,0
1170,2013,365,0,0,0,0,0
1170,2014,365,0,0,0,0,0
1170,2015,365,29,0,28,0,0
1170,2016,366,7,7,0,0,0
1170,2017,365,0,0,0,0,0
1170,2018,365,0,0,0,0,0
1170,2019,365,0,0,0,0,0
1170,2020,92,0,0,0,0,0
1192,1980,274,0,0,0,0,0
1192,1981,365,0,0,0,0,0
1192,1982,365,0,0,0,0,0
1192,1983,365,0,0,0,0,0
1192,1984,366,18,14,0,0,0
1192,1985,365,0,0,0,0,0
1192,1986,365,0,0,0,0,0
1192,1987,365,0,0,0,0,0
1192,1988,366,0,0,0,0,0
1192,1989,365,6,0,0,0,0
1192,1990,365,0,0,0,0,0
1192,1991,365,0,0,0,0,0
1192,1992,366,0,0,0,0,0
1192,1993,365,0,0,0,0,0
1192,1994,365,0,0,0,0,0
1192,1995,365,0,0,0,0,0
1192,1996,366,0,0,0,0,0
1192,1997,365,0,0,0,0,0
1192,1998,365,0,0,0,0,0
1192,1999,365,0,0,0,0,0
1192,2000,366,0,0,0,0,0
1192,2001,365,0,0,0,0,0
1192,2002,365,0,0,0,0,0
1192,2003,365,0,0,0,0,0
1192,2004,366,0,0,0,0,0
1192,2005,365,0,0,0,0,0
1192,2006,365,0,0,0,0,0
1192,2007,365,0,0,0,0,0
1192,2008,366,0,0,0,0,0
1192,2009,365,0,0,0,0,0
1192,2010,365,0,0,0,0,0
1192,2011,365,0,0,0,0,0
1192,2012,366,0,0,0,0,0
1192,2013,365,0,0,0,0,0
1192,2014,365,0,0,0,0,0
1192,2015,365,0,0,0,0,0
1192,2016,366,0,0,0,0,0
1192,2017,365,2,0,0,0,0
1192,2018,365,0,0,0,0,0
1192,2019,365,7,7,0,0,0
1192,2020,92,0,0,0,0,0
1197,1986,268,0,0,0,0,0
1197,1987,365,0,0,0,0,0
1197,1988,366,0,0,0,0,0
1197,1989,365,0,0,0,0,0
1197,1990,365,0,0,0,0,0
1197,1991,365,0,0,0,0,0
1197,1992,366,0,0,0,0,0
1197,1993,365,0,0,0,0,0
1197,1994,365,0,0,0,0,0
1197,1995,365,0,0,0,0,0
1197,1996,366,0,0,0,0,0
1197,1997,365,0,0,0,0,0
1197,1998,365,0,0,0,0,0
1197,1999,365,0,0,0,0,0
1197,2000,366,0,0,0,0,0
1197,2001,365,0,0,0,0,0
1197,2002,365,0,0,0,0,0
1197,2003,365,0,0,0,0,0
1197,2004,366,0,0,0,0,0
1197,2005,365,0,0,0,0,0
1197,2006,365,0,0,0,0,0
1197,2007,365,0,0,0,0,0
1197,2008,366,0,0,0,0,0
1197,2009,365,0,0,0,0,0
1197,2010,365,0,0,0,0,0
1197,2011,365,0,0,0,0,0
1197,2012,366,0,0,0,0,0
1197,2013,365,0,0,0,0,0
1197,2014,365,0,0,0,0,0
1197,2015,365,67,19,82,0,0
1197,2016,366,2,2,0,0,0
1197,2017,365,0,0,0,0,0
1197,2018,365,0,0,0,0,0
1197,2019,365,0,0,0,0,0
1197,2020,92,0,0,0,0,0
1237,1980,274,0,0,0,0,0
1237,1981,365,0,0,0,0,0
1237,1982,365,0,0,0,0,0
1237,1983,365,0,0,0,0,0
1237,1984,366,0,0,0,0,0
1237,1985,365,0,0,0,0,0
1237,1986,365,0,0,0,0,0
1237,1987,365,0,0,0,0,0
1237,1988,366,0,0,0,0,0
1237,1989,365,0,0,0,0,0
1237,1990,365,0,0,0,0,0
1237,1991,365,0,0,0,0,0
1237,1992,366,0,0,0,0,0
1237,1993,365,0,0,0,0,0
1237,1994,365,0,0,0,0,0
1237,1995,365,0,0,0,0,0
1237,1996,366,0,0,0,0,0
1237,1997,365,0,0,0,0,0
1237,1998,365,0,0,0,0,0
1237,1999,365,0,0,0,0,0
1237,2000,366,0,0,0,0,0
1237,2001,365,0,0,0,0,0
1237,2002,365,0,0,0,0,0
1237,2003,365,0,0,0,0,0
1237,2004,366,0,0,0,0,0
1237,2005,365,0,0,0,0,0
1237,2006,365,0,0,0,0,0
1237,2007,365,0,0,0,0,0
1237,2008,366,0,0,0,0,0
1237,2009,365,0,0,0,0,0
1237,2010,365,0,0,0,0,0
1237,2011,365,0,0,0,0,0
1237,2012,366,0,0,0,0,0
1237,2013,365,0,0,0,0,0
1237,2014,365,0,0,0,0,0
1237,2015,365,0,0,0,0,0
1237,2016,366,0,0,0,0,0
1237,2017,365,0,0,0,0,0
1237,2018,365,0,0,0,0,0
1237,2019,365,0,0,0,0,0
1237,2020,92,2,0,0,0,0
1249,1980,274,0,0,0,0,0
1249,1981,365,0,0,0,0,0
1249,1982,365,0,0,0,0,0
1249,1983,365,0,0,0,0,0
1249,1984,366,0,0,0,0,0
1249,1985,365,0,0,0,0,0
1249,1986,365,0,0,0,0,0
1249,1987,365,0,0,0,0,0
1249,1988,366,0,0,0,0,0
1249,1989,365,0,0,0,0,0
1249,1990,365,0,0,0,0,0
1249,1991,365,0,0,0,0,0
1249,1992,366,0,0,0,0,0
1249,1993,365,0,0,0,0,0
1249,1994,365,0,0,0,0,0
1249,1995,365,0,0,0,0,0
1249,1996,366,0,0,0,0,0
1249,1997,365,0,0,0,0,0
1249,1998,365,0,0,0,0,0
1249,1999,365,0,0,0,0,0
1249,2000,366,0,0,0,0,0
1249,2001,365,0,0,0,0,0
1249,2002,365,0,0,0,0,0
1249,2003,365,0,0,0,0,0
1249,2004,366,0,0,0,0,0
1249,2005,365,0,0,0,0,0
1249,2006,365,0,0,0,0,0
1249,2007,365,0,0,0,0,0
1249,2008,366,0,0,0,0,0
1249,2009,365,0,0,0,0,0
1249,2010,365,0,0,0,0,0
1249,2011,365,0,0,0,0,0
1249,2012,366,0,0,0,0,0
1249,2013,365,0,0,0,0,0
1249,2014,365,0,0,0,0,0
1249,2015,365,0,0,0,0,0
1249,2016,366,0,0,0,0,0
1249,2017,365,0,0,0,0,0
1249,2018,365,0,0,0,0,0
1249,2019,365,0,0,0,0,0
1249,2020,92,0,0,0,0,0
131,1980,274,10,0,10,0,0
131,1981,365,32,0,32,0,0
131,1982,365,17,0,17,0,0
131,1983,365,6,0,6,0,0
131,1984,366,12,0,12,0,0
131,1985,365,19,0,19,0,0
131,1986,365,24,0,24,0,0
131,1987,365,31,7,32,0,0
131,1988,366,37,0,37,0,0
131,1989,365,26,0,26,0,0
131,1990,365,17,0,17,0,0
131,1991,365,11,0,11,0,0
131,1992,366,5,0,5,0,0
131,1993,365,13,0,13,0,0
131,1994,365,40,0,40,0,0
131,1995,365,39,0,17,0,0
131,1996,366,42,0,37,0,0
131,1997,365,36,7,35,0,0
131,1998,365,11,0,8,0,0
131,1999,365,1,0,1,0,0
131,2000,366,0,0,0,0,0
131,2001,365,10,0,9,0,0
131,2002,365,7,0,7,0,0
131,2003,365,4,0,4,0,0
131,2004,366,24,0,22,0,0
131,2005,365,15,0,14,0,0
131,2006,365,15,0,13,0,0
131,2007,365,40,0,40,0,0
131,2008,366,25,0,21,0,0
131,2009,365,24,4,23,0,0
131,2010,365,12,3,14,0,0
131,2011,365,8,0,7,0,0
131,2012,366,17,0,17,0,0
131,2013,365,43,0,41,0,0
131,2014,365,32,0,28,0,0
131,2015,365,30,7,34,0,0
131,2016,366,34,0,42,0,0
131,2017,365,12,0,12,0,0
131,2018,365,31,0,31,0,0
131,2019,365,31,0,31,0,0
131,2020,92,11,0,11,0,0
132,1980,274,0,0,0,0,0
132,1981,365,0,0,0,0,0
132,1982,365,0,0,0,0,0
132,1983,365,0,0,0,0,0
132,1984,366,0,0,0,0,0
132,1985,365,0,0,0,0,0
132,1986,365,0,0,0,0,0
132,1987,365,0,0,0,0,0
132,1988,366,0,0,0,0,0
132,1989,365,0,0,0,0,0
132,1990,365,0,0,0,0,0
132,1991,365,0,0,0,0,0
132,1992,366,0,0,0,0,0
132,1993,365,0,0,0,0,0
132,1994,365,0,0,0,0,0
132,1995,365,0,0,0,0,0
132,1996,366,0,0,0,0,0
132,1997,365,0,0,0,0,0
132,1998,365,0,0,0,0,0
132,1999,365,0,0,0,0,0
132,2000,366,0,0,0,0,0
132,2001,365,0,0,0,0,0
132,2002,365,0,0,0,0,0
132,2003,365,0,0,0,0,0
132,2004,366,0,0,0,0,0
132,2005,365,0,0,0,0,0
132,2006,365,0,0,0,0,0
132,2007,365,1,0,0,0,0
132,2008,366,1,0,0,0,0
132,2009,365,0,0,0,0,0
132,2010,365,0,0,0,0,0
132,2011,365,0,0,0,0,0
132,2012,366,0,0,0,0,0
132,2013,365,1,0,1,0,0
132,2014,365,0,0,0,0,0
132,2015,365,0,0,0,0,0
132,2016,366,0,0,0,0,0
132,2017,365,0,0,0,0,0
132,2018,365,1,0,0,0,0
132,2019,365,7,7,0,0,0
132,2020,92,0,0,0,0,0
133,1980,274,0,0,0,0,0
133,1981,365,0,0,0,0,0
133,1982,365,0,0,0,0,0
133,1983,365,0,0,0,0,0
133,1984,366,0,0,0,0,0
133,1985,365,0,0,0,0,0
133,1986,365,0,0,0,0,0
133,1987,365,14,0,14,0,0
133,1988,366,2,0,2,0,0
133,1989,365,0,0,0,0,0
133,1990,365,2,0,2,0,0
133,1991,365,8,0,8,0,0
133,1992,366,3,0,3,0,0
133,1993,365,0,0,0,0,0
133,1994,365,5,0,5,0,0
133,1995,365,6,0,6,0,0
133,1996,366,0,0,0,0,0
133,1997,365,3,0,3,0,0
133,1998,365,0,0,0,0,0
133,1999,365,0,0,0,0,0
133,2000,366,1,0,1,0,0
133,2001,365,19,7,24,0,0
133,2002,365,0,0,0,0,0
133,2003,365,3,0,3,0,0
133,2004,366,1,0,1,0,0
133,2005,365,24,14,28,0,0
133,2006,365,0,0,0,0,0
133,2007,365,0,0,0,0,0
133,2008,366,0,0,0,0,0
133,2009,365,0,0,0,0,0
133,2010,365,0,0,0,0,0
133,2011,365,0,0,0,0,0
133,2012,366,0,0,0,0,0
133,2013,365,2,0,2,0,0
133,2014,365,14,0,14,0,0
133,2015,365,0,0,0,0,0
133,2016,366,13,0,13,0,0
133,2017,365,3,0,3,0,0
133,2018,365,13,0,13,0,0
133,2019,365,15,7,8,0,0
133,2020,92,0,0,0,0,0
144,1985,273,0,0,0,0,0
144,1986,365,0,0,0,0,0
144,1987,365,0,0,0,0,0
144,1988,366,0,0,0,0,0
144,1989,365,0,0,0,0,0
144,1990,365,0,0,0,0,0
144,1991,365,0,0,0,0,0
144,1992,366,0,0,0,0,0
144,1993,365,0,0,0,0,0
144,1994,365,7,7,0,0,0
144,1995,365,85,0,31,0,0
144,1996,366,128,35,18,0,0
144,1997,365,109,0,9,0,0
144,1998,365,93,0,7,0,0
144,1999,365,46,7,12,0,0
144,2000,366,56,7,30,0,0
144,2001,365,64,14,36,0,0
144,2002,365,88,0,17,0,0
144,2003,365,43,7,12,0,0
144,2004,366,28,0,18,0,0
144,2005,365,21,0,20,0,0
144,2006,365,12,0,11,0,0
144,2007,365,20,0,19,0,0
144,2008,366,28,0,20,0,0
144,2009,365,33,0,30,0,0
144,2010,365,23,0,23,0,0
144,2011,365,10,0,9,0,0
144,2012,366,25,0,25,0,0
144,2013,365,35,0,33,0,0
144,2014,365,93,28,104,0,0
144,2015,365,76,7,70,0,0
144,2016,366,62,0,60,0,0
144,2017,365,26,0,14,0,0
144,2018,365,22,7,19,0,0
144,2019,365,19,7,23,0,0
144,2020,92,3,0,2,0,0
148,1985,230,0,0,0,0,0
148,1986,365,0,0,0,0,0
148,1987,365,0,0,0,0,0
148,1988,366,0,0,0,0,0
148,1989,365,0,0,0,0,0
148,1990,365,0,0,0,0,0
148,1991,365,0,0,0,0,0
148,1992,366,0,0,0,0,0
148,1993,365,0,0,0,0,0
148,1994,365,8,7,0,0,0
148,1995,365,86,0,0,0,0
148,1996,366,104,7,0,0,0
148,1997,365,23,0,6,0,0
148,1998,365,10,7,0,0,0
148,1999,365,7,0,1,0,0
148,2000,366,0,0,0,0,0
148,2001,365,1,0,1,0,0
148,2002,365,1,0,1,0,0
148,2003,365,0,0,0,0,0
148,2004,366,0,0,0,0,0
148,2005,365,1,0,0,0,0
148,2006,365,0,0,0,0,0
148,2007,365,1,0,1,0,0
148,2008,366,5,0,5,0,0
148,2009,365,10,0,10,0,0
148,2010,365,0,0,0,0,0
148,2011,365,0,0,0,0,0
148,2012,366,1,0,1,0,0
148,2013,365,1,0,1,0,0
148,2014,365,2,0,2,0,0
148,2015,365,7,0,7,0,0
148,2016,366,3,0,3,0,0
148,2017,365,0,0,0,0,0
148,2018,365,0,0,0,0,0
148,2019,365,0,0,0,0,0
148,2020,92,0,0,0,0,0
1585,1988,366,7,7,0,0,0
1585,1989,365,7,7,0,0,0
1585,1990,365,7,7,0,0,0
1585,1991,365,1,0,0,0,0
1585,1992,366,13,7,0,0,0
1585,1993,365,20,14,0,0,0
1585,1994,365,7,7,0,0,0
1585,1995,365,0,0,0,0,0
1585,1996,366,8,7,0,0,0
1585,1997,365,0,0,0,0,0
1585,1998,365,0,0,0,0,0
1585,1999,365,0,0,0,0,0
1585,2000,366,0,0,0,0,0
1585,2001,365,0,0,0,0,0
1585,2002,365,0,0,0,0,0
1585,2003,365,0,0,0,0,0
1585,2004,366,0,0,0,0,0
1585,2005,365,0,0,0,0,0
1585,2006,365,4,0,0,0,0
1585,2007,365,3,0,0,0,0
1585,2008,366,2,0,0,0,0
1585,2009,365,0,0,0,0,0
1585,2010,365,1,0,0,0,0
1585,2011,365,0,0,0,0,0
1585,2012,366,10,0,5,0,0
1585,2013,365,1,0,0,0,0
1585,2014,365,0,0,0,0,0
1585,2015,365,0,0,0,0,0
1585,2016,366,5,0,5,0,0
1585,2017,170,4,0,4,0,0
1586,1980,274,0,0,0,0,0
1586,1981,365,0,0,0,0,0
1586,1982,365,0,0,0,0,0
1586,1983,365,0,0,0,0,0
1586,1984,366,0,0,0,0,0
1586,1985,365,0,0,0,0,0
1586,1986,365,0,0,0,0,0
1586,1987,365,0,0,0,0,0
1586,1988,366,0,0,0,0,0
1586,1989,365,0,0,0,0,0
1586,1990,365,0,0,0,0,0
1586,1991,365,0,0,0,0,0
1586,1992,366,0,0,0,0,0
1586,1993,365,0,0,0,0,0
1586,1994,365,0,0,0,0,0
1586,1995,365,1,0,0,0,0
1586,1996,366,0,0,0,0,0
1586,1997,365,0,0,0,0,0
1586,1998,365,0,0,0,0,0
1586,1999,365,0,0,0,0,0
1586,2000,366,0,0,0,0,0
1586,2001,365,0,0,0,0,0
1586,2002,365,0,0,0,0,0
1586,2003,365,0,0,0,0,0
1586,2004,366,0,0,0,0,0
1586,2005,365,0,0,0,0,0
1586,2006,365,0,0,0,0,0
1586,2007,365,0,0,0,0,0
1586,2008,366,0,0,0,0,0
1586,2009,365,0,0,0,0,0
1586,2010,365,0,0,0,0,0
1586,2011,365,0,0,0,0,0
1586,2012,366,0,0,0,0,0
1586,2013,365,0,0,0,0,0
1586,2014,365,0,0,0,0,0
1586,2015,365,0,0,0,0,0
1586,2016,366,0,0,0,0,0
1586,2017,365,0,0,0,0,0
1586,2018,365,0,0,0,0,0
1586,2019,365,0,0,0,0,0
1586,2020,92,0,0,0,0,0
1587,1980,274,0,0,0,0,0
1587,1981,365,0,0,0,0,0
1587,1982,365,0,0,0,0,0
1587,1983,365,0,0,0,0,0
1587,1984,366,0,0,0,0,0
1587,1985,365,0,0,0,0,0
1587,1986,365,0,0,0,0,0
1587,1987,365,0,0,0,0,0
1587,1988,366,0,0,0,0,0
1587,1989,365,0,0,0,0,0
1587,1990,365,0,0,0,0,0
1587,1991,365,0,0,0,0,0
1587,1992,366,0,0,0,0,0
1587,1993,365,0,0,0,0,0
1587,1994,365,0,0,0,0,0
1587,1995,365,1,0,0,0,0
1587,1996,366,0,0,0,0,0
1587,1997,365,0,0,0,0,0
1587,1998,365,0,0,0,0,0
1587,1999,365,0,0,0,0,0
1587,2000,366,0,0,0,0,0
1587,2001,365,0,0,0,0,0
1587,2002,365,0,0,0,0,0
1587,2003,365,0,0,0,0,0
1587,2004,366,0,0,0,0,0
1587,2005,365,0,0,0,0,0
1587,2006,365,0,0,0,0,0
1587,2007,365,0,0,0,0,0
1587,2008,366,0,0,0,0,0
1587,2009,365,0,0,0,0,0
1587,2010,365,0,0,0,0,0
1587,2011,365,0,0,0,0,0
1587,2012,366,0,0,0,0,0
1587,2013,365,0,0,0,0,0
1587,2014,365,0,0,0,0,0
1587,2015,365,0,0,0,0,0
1587,2016,366,0,0,0,0,0
1587,2017,365,0,0,0,0,0
1587,2018,365,0,0,0,0,0
1587,2019,365,0,0,0,0,0
1587,2020,92,0,0,0,0,0
1592,1980,274,0,0,0,0,0
1592,1981,365,0,0,0,0,0
1592,1982,365,0,0,0,0,0
1592,1983,365,0,0,0,0,0
1592,1984,366,0,0,0,0,0
1592,1985,365,0,0,0,0,0
1592,1986,365,0,0,0,0,0
1592,1987,365,0,0,0,0,0
1592,1988,366,0,0,0,0,0
1592,1989,365,0,0,0,0,0
1592,1990,365,0,0,0,0,0
1592,1991,365,0,0,0,0,0
1592,1992,366,0,0,0,0,0
1592,1993,365,0,0,0,0,0
1592,1994,365,0,0,0,0,0
1592,1995,365,1,0,0,0,0
1592,1996,366,0,0,0,0,0
1592,1997,365,0,0,0,0,0
1592,1998,365,0,0,0,0,0
1592,1999,365,0,0,0,0,0
1592,2000,366,0,0,0,0,0
1592,2001,365,0,0,0,0,0
1592,2002,365,0,0,0,0,0
1592,2003,365,0,0,0,0,0
1592,2004,366,0,0,0,0,0
1592,2005,365,0,0,0,0,0
1592,2006,365,0,0,0,0,0
1592,2007,365,0,0,0,0,0
1592,2008,366,0,0,0,0,0
1592,2009,365,0,0,0,0,0
1592,2010,365,0,0,0,0,0
1592,2011,365,0,0,0,0,0
1592,2012,366,0,0,0,0,0
1592,2013,365,0,0,0,0,0
1592,2014,365,0,0,0,0,0
1592,2015,365,0,0,0,0,0
1592,2016,366,0,0,0,0,0
1592,2017,365,0,0,0,0,0
1592,2018,365,0,0,0,0,0
1592,2019,365,0,0,0,0,0
1592,2020,92,0,0,0,0,0
1595,1980,274,0,0,0,0,0
1595,1981,365,0,0,0,0,0
1595,1982,365,0,0,0,0,0
1595,1983,365,0,0,0,0,0
1595,1984,366,0,0,0,0,0
1595,1985,365,0,0,0,0,0
1595,1986,365,2,0,0,0,0
1595,1987,365,0,0,0,0,0
1595,1988,366,0,0,0,0,0
1595,1989,365,7,7,0,0,0
1595,1990,365,0,0,0,0,0
1595,1991,365,0,0,0,0,0
1595,1992,366,0,0,0,0,0
1595,1993,365,0,0,0,0,0
1595,1994,365,7,7,0,0,0
1595,1995,365,0,0,0,0,0
1595,1996,366,1,0,0,0,0
1595,1997,365,2,0,0,0,0
1595,1998,365,0,0,0,0,0
1595,1999,365,0,0,0,0,0
1595,2000,366,0,0,0,0,0
1595,2001,365,1,0,0,0,0
1595,2002,365,0,0,0,0,0
1595,2003,365,0,0,0,0,0
1595,2004,366,0,0,0,0,0
1595,2005,365,3,0,0,0,0
1595,2006,365,0,0,0,0,0
1595,2007,365,0,0,0,0,0
1595,2008,366,0,0,0,0,0
1595,2009,365,0,0,0,0,0
1595,2010,365,0,0,0,0,0
1595,2011,365,0,0,0,0,0
1595,2012,366,3,0,0,0,0
1595,2013,365,8,0,0,0,0
1595,2014,365,1,0,0,0,0
1595,2015,365,0,0,0,0,0
1595,2016,366,0,0,0,0,0
1595,2017,365,0,0,0,0,0
1595,2018,57,0,0,0,0,0
1600,1980,274,0,0,0,0,0
1600,1981,365,0,0,0,0,0
1600,1982,365,0,0,0,0,0
1600,1983,365,0,0,0,0,0
1600,1984,366,0,0,0,0,0
1600,1985,365,0,0,0,0,0
1600,1986,365,0,0,0,0,0
1600,1987,365,0,0,0,0,0
1600,1988,366,2,0,0,0,0
1600,1989,365,8,7,0,0,0
1600,1990,365,2,0,0,0,0
1600,1991,365,0,0,0,0,0
1600,1992,366,2,0,0,0,0
1600,1993,365,0,0,0,0,0
1600,1994,365,9,7,0,0,0
1600,1995,365,1,0,0,0,0
1600,1996,366,1,0,0,0,0
1600,1997,365,2,0,0,0,0
1600,1998,365,0,0,0,0,0
1600,1999,365,0,0,0,0,0
1600,2000,366,0,0,0,0,0
1600,2001,365,1,0,0,0,0
1600,2002,365,0,0,0,0,0
1600,2003,365,0,0,0,0,0
1600,2004,366,0,0,0,0,0
1600,2005,365,0,0,0,0,0
1600,2006,365,0,0,0,0,0
1600,2007,365,0,0,0,0,0
1600,2008,366,0,0,0,0,0
1600,2009,365,0,0,0,0,0
1600,2010,365,0,0,0,0,0
1600,2011,365,0,0,0,0,0
1600,2012,366,0,0,0,0,0
1600,2013,365,8,0,0,0,0
1600,2014,365,0,0,0,0,0
1600,2015,365,0,0,0,0,0
1600,2016,366,1,0,0,0,0
1600,2017,365,9,0,0,0,0
1600,2018,57,0,0,0,0,0
1606,1980,274,0,0,0,0,0
1606,1981,365,0,0,0,0,0
1606,1982,365,0,0,0,0,0
1606,1983,365,0,0,0,0,0
1606,1984,366,0,0,0,0,0
1606,1985,365,0,0,0,0,0
1606,1986,365,2,0,0,0,0
1606,1987,365,1,0,0,0,0
1606,1988,366,0,0,0,0,0
1606,1989,365,7,7,0,0,0
1606,1990,365,0,0,0,0,0
1606,1991,365,0,0,0,0,0
1606,1992,366,3,0,0,0,0
1606,1993,365,0,0,0,0,0
1606,1994,365,8,7,0,0,0
1606,1995,365,1,0,0,0,0
1606,1996,366,1,0,0,0,0
1606,1997,365,2,0,0,0,0
1606,1998,365,1,0,0,0,0
1606,1999,365,0,0,0,0,0
1606,2000,366,0,0,0,0,0
1606,2001,365,1,0,0,0,0
1606,2002,365,0,0,0,0,0
1606,2003,365,0,0,0,0,0
1606,2004,366,0,0,0,0,0
1606,2005,365,0,0,0,0,0
1606,2006,365,0,0,0,0,0
1606,2007,365,0,0,0,0,0
1606,2008,366,0,0,0,0,0
1606,2009,365,0,0,0,0,0
1606,2010,365,0,0,0,0,0
1606,2011,365,0,0,0,0,0
1606,2012,366,0,0,0,0,0
1606,2013,365,0,0,0,0,0
1606,2014,365,0,0,0,0,0
1606,2015,365,44,28,0,0,0
1606,2016,366,2,0,0,0,0
1606,2017,365,1,0,0,0,0
1606,2018,57,0,0,0,0,0
1615,1988,366,0,0,0,0,0
1615,1989,365,14,14,0,0,0
1615,1990,365,7,7,0,0,0
1615,1991,365,0,0,0,0,0
1615,1992,366,20,7,0,0,0
1615,1993,365,21,14,0,0,0
1615,1994,365,7,7,0,0,0
1615,1995,365,0,0,0,0,0
1615,1996,366,8,7,0,0,0
1615,1997,365,1,0,0,0,0
1615,1998,365,7,7,0,0,0
1615,1999,365,0,0,0,0,0
1615,2000,366,0,0,0,0,0
1615,2001,365,0,0,0,0,0
1615,2002,365,0,0,0,0,0
1615,2003,365,0,0,0,0,0
1615,2004,366,0,0,0,0,0
1615,2005,365,0,0,0,0,0
1615,2006,365,3,0,0,0,0
1615,2007,365,2,0,0,0,0
1615,2008,366,2,0,0,0,0
1615,2009,365,0,0,0,0,0
1615,2010,365,7,7,0,0,0
1615,2011,365,0,0,0,0,0
1615,2012,366,2,0,0,0,0
1615,2013,365,8,0,2,0,0
1615,2014,365,0,0,0,0,0
1615,2015,365,0,0,0,0,0
1615,2016,366,0,0,0,0,0
1615,2017,170,0,0,0,0,0
1617,1980,274,0,0,0,0,0
1617,1981,365,0,0,0,0,0
1617,1982,365,0,0,0,0,0
1617,1983,365,0,0,0,0,0
1617,1984,366,0,0,0,0,0
1617,1985,365,0,0,0,0,0
1617,1986,365,0,0,0,0,0
1617,1987,365,0,0,0,0,0
1617,1988,366,0,0,0,0,0
1617,1989,365,0,0,0,0,0
1617,1990,365,0,0,0,0,0
1617,1991,365,1,0,0,0,0
1617,1992,366,0,0,0,0,0
1617,1993,365,0,0,0,0,0
1617,1994,365,0,0,0,0,0
1617,1995,365,2,0,0,0,0
1617,1996,366,1,0,0,0,0
1617,1997,365,2,0,0,0,0
1617,1998,365,0,0,0,0,0
1617,1999,365,0,0,0,0,0
1617,2000,366,0,0,0,0,0
1617,2001,365,1,0,0,0,0
1617,2002,365,0,0,0,0,0
1617,2003,365,0,0,0,0,0
1617,2004,366,0,0,0,0,0
1617,2005,365,0,0,0,0,0
1617,2006,365,3,0,0,0,0
1617,2007,365,0,0,0,0,0
1617,2008,366,0,0,0,0,0
1617,2009,365,0,0,0,0,0
1617,2010,365,0,0,0,0,0
1617,2011,365,0,0,0,0,0
1617,2012,366,0,0,0,0,0
1617,2013,365,4,0,0,0,0
1617,2014,365,0,0,0,0,0
1617,2015,365,2,0,0,0,0
1617,2016,366,0,0,0,0,0
1617,2017,365,0,0,0,0,0
1617,2018,57,0,0,0,0,0
1619,1980,274,0,0,0,0,0
1619,1981,365,0,0,0,0,0
1619,1982,365,0,0,0,0,0
1619,1983,365,0,0,0,0,0
1619,1984,366,0,0,0,0,0
1619,1985,365,0,0,0,0,0
1619,1986,365,0,0,0,0,0
1619,1987,365,0,0,0,0,0
1619,1988,366,0,0,0,0,0
1619,1989,365,7,7,0,0,0
1619,1990,365,0,0,0,0,0
1619,1991,365,0,0,0,0,0
1619,1992,366,0,0,0,0,0
1619,1993,365,0,0,0,0,0
1619,1994,365,7,7,0,0,0
1619,1995,365,0,0,0,0,0
1619,1996,366,2,0,0,0,0
1619,1997,365,2,0,0,0,0
1619,1998,365,0,0,0,0,0
1619,1999,365,0,0,0,0,0
1619,2000,366,0,0,0,0,0
1619,2001,365,1,0,0,0,0
1619,2002,365,0,0,0,0,0
1619,2003,365,0,0,0,0,0
1619,2004,366,0,0,0,0,0
1619,2005,365,0,0,0,0,0
1619,2006,365,0,0,0,0,0
1619,2007,365,0,0,0,0,0
1619,2008,366,0,0,0,0,0
1619,2009,365,0,0,0,0,0
1619,2010,365,0,0,0,0,0
1619,2011,365,0,0,0,0,0
1619,2012,366,0,0,0,0,0
1619,2013,365,0,0,0,0,0
1619,2014,365,0,0,0,0,0
1619,2015,365,0,0,0,0,0
1619,2016,366,0,0,0,0,0
1619,2017,365,0,0,0,0,0
1619,2018,57,0,0,0,0,0
1620,1980,274,0,0,0,0,0
1620,1981,365,0,0,0,0,0
1620,1982,365,0,0,0,0,0
1620,1983,365,0,0,0,0,0
1620,1984,366,0,0,0,0,0
1620,1985,365,0,0,0,0,0
1620,1986,365,0,0,0,0,0
1620,1987,365,0,0,0,0,0
1620,1988,366,0,0,0,0,0
1620,1989,365,9,7,0,0,0
1620,1990,365,0,0,0,0,0
1620,1991,365,0,0,0,0,0
1620,1992,366,0,0,0,0,0
1620,1993,365,0,0,0,0,0
1620,1994,365,7,7,0,0,0
1620,1995,365,0,0,0,0,0
1620,1996,366,1,0,0,0,0
1620,1997,365,2,0,0,0,0
1620,1998,365,5,0,0,0,0
1620,1999,365,0,0,0,0,0
1620,2000,366,0,0,0,0,0
1620,2001,365,1,0,0,0,0
1620,2002,365,1,0,0,0,0
1620,2003,365,0,0,0,0,0
1620,2004,366,0,0,0,0,0
1620,2005,365,0,0,0,0,0
1620,2006,365,0,0,0,0,0
1620,2007,365,0,0,0,0,0
1620,2008,366,3,0,0,0,0
1620,2009,365,0,0,0,0,0
1620,2010,365,0,0,0,0,0
1620,2011,365,0,0,0,0,0
1620,2012,366,0,0,0,0,0
1620,2013,365,0,0,0,0,0
1620,2014,365,0,0,0,0,0
1620,2015,365,0,0,0,0,0
1620,2016,366,0,0,0,0,0
1620,2017,365,0,0,0,0,0
1620,2018,57,0,0,0,0,0
163,1990,273,0,0,0,0,0
163,1991,365,7,7,0,0,0
163,1992,366,7,7,0,0,0
163,1993,365,14,14,0,0,0
163,1994,365,0,0,0,0,0
163,1995,365,0,0,0,0,0
163,1996,366,0,0,0,0,0
163,1997,365,0,0,0,0,0
163,1998,365,0,0,0,0,0
163,1999,365,0,0,0,0,0
163,2000,366,0,0,0,0,0
163,2001,365,0,0,0,0,0
163,2002,365,0,0,0,0,0
163,2003,365,0,0,0,0,0
163,2004,366,0,0,0,0,0
163,2005,365,0,0,0,0,0
163,2006,365,0,0,0,0,0
163,2007,365,0,0,0,0,0
163,2008,366,0,0,0,0,0
163,2009,365,0,0,0,0,0
163,2010,365,0,0,0,0,0
163,2011,365,0,0,0,0,0
163,2012,366,0,0,0,0,0
163,2013,365,0,0,0,0,0
163,2014,365,0,0,0,0,0
163,2015,365,0,0,0,0,0
1631,1980,274,0,0,0,0,0
1631,1981,365,0,0,0,0,0
1631,1982,365,0,0,0,0,0
1631,1983,365,0,0,0,0,0
1631,1984,366,0,0,0,0,0
1631,1985,365,0,0,0,0,0
1631,1986,365,0,0,0,0,0
1631,1987,365,0,0,0,0,0
1631,1988,366,0,0,0,0,0
1631,1989,365,0,0,0,0,0
1631,1990,365,0,0,0,0,0
1631,1991,365,0,0,0,0,0
1631,1992,366,0,0,0,0,0
1631,1993,365,0,0,0,0,0
1631,1994,365,0,0,0,0,0
1631,1995,365,0,0,0,0,0
1631,1996,366,0,0,0,0,0
1631,1997,365,0,0,0,0,0
1631,1998,365,0,0,0,0,0
1631,1999,365,0,0,0,0,0
1631,2000,366,0,0,0,0,0
1631,2001,365,1,0,0,0,0
1631,2002,365,0,0,0,0,0
1631,2003,365,0,0,0,0,0
1631,2004,366,0,0,0,0,0
1631,2005,365,1,0,0,0,0
1631,2006,365,0,0,0,0,0
1631,2007,365,0,0,0,0,0
1631,2008,366,0,0,0,0,0
1631,2009,365,0,0,0,0,0
1631,2010,365,0,0,0,0,0
1631,2011,365,0,0,0,0,0
1631,2012,366,0,0,0,0,0
1631,2013,365,0,0,0,0,0
1631,2014,365,0,0,0,0,0
1631,2015,365,0,0,0,0,0
1631,2016,366,0,0,0,0,0
1631,2017,365,0,0,0,0,0
1631,2018,57,0,0,0,0,0
1634,1980,274,0,0,0,0,0
1634,1981,365,0,0,0,0,0
1634,1982,365,0,0,0,0,0
1634,1983,365,0,0,0,0,0
1634,1984,366,0,0,0,0,0
1634,1985,365,0,0,0,0,0
1634,1986,365,0,0,0,0,0
1634,1987,365,0,0,0,0,0
1634,1988,366,0,0,0,0,0
1634,1989,365,0,0,0,0,0
1634,1990,365,0,0,0,0,0
1634,1991,365,0,0,0,0,0
1634,1992,366,0,0,0,0,0
1634,1993,365,0,0,0,0,0
1634,1994,365,0,0,0,0,0
1634,1995,365,0,0,0,0,0
1634,1996,366,0,0,0,0,0
1634,1997,365,0,0,0,0,0
1634,1998,365,0,0,0,0,0
1634,1999,365,0,0,0,0,0
1634,2000,366,0,0,0,0,0
1634,2001,365,0,0,0,0,0
1634,2002,365,0,0,0,0,0
1634,2003,365,0,0,0,0,0
1634,2004,366,0,0,0,0,0
1634,2005,365,0,0,0,0,0
1634,2006,365,0,0,0,0,0
1634,2007,365,0,0,0,0,0
1634,2008,366,0,0,0,0,0
1634,2009,365,0,0,0,0,0
1634,2010,365,0,0,0,0,0
1634,2011,365,0,0,0,0,0
1634,2012,366,0,0,0,0,0
1634,2013,365,0,0,0,0,0
1634,2014,365,0,0,0,0,0
1634,2015,365,0,0,0,0,0
1634,2016,366,0,0,0,0,0
1634,2017,365,0,0,0,0,0
1634,2018,365,0,0,0,0,0
1634,2019,365,0,0,0,0,0
1634,2020,92,0,0,0,0,0
1636,1980,274,0,0,0,0,0
1636,1981,365,0,0,0,0,0
1636,1982,365,0,0,0,0,0
1636,1983,365,0,0,0,0,0
1636,1984,366,0,0,0,0,0
1636,1985,365,0,0,0,0,0
1636,1986,365,0,0,0,0,0
1636,1987,365,0,0,0,0,0
1636,1988,366,0,0,0,0,0
1636,1989,365,7,7,0,0,0
1636,1990,365,0,0,0,0,0
1636,1991,365,0,0,0,0,0
1636,1992,366,1,0,0,0,0
1636,1993,365,0,0,0,0,0
1636,1994,365,7,7,0,0,0
1636,1995,365,1,0,0,0,0
1636,1996,366,1,0,0,0,0
1636,1997,365,5,0,0,0,0
1636,1998,365,0,0,0,0,0
1636,1999,365,1,0,0,0,0
1636,2000,366,0,0,0,0,0
1636,2001,365,1,0,0,0,0
1636,2002,365,0,0,0,0,0
1636,2003,365,0,0,0,0,0
1636,2004,366,0,0,0,0,0
1636,2005,365,0,0,0,0,0
1636,2006,365,0,0,0,0,0
1636,2007,365,0,0,0,0,0
1636,2008,366,0,0,0,0,0
1636,2009,365,0,0,0,0,0
1636,2010,365,0,0,0,0,0
1636,2011,365,2,0,0,0,0
1636,2012,366,0,0,0,0,0
1636,2013,365,8,0,0,0,0
1636,2014,365,0,0,0,0,0
1636,2015,365,0,0,0,0,0
1636,2016,366,0,0,0,0,0
1636,2017,365,0,0,0,0,0
1636,2018,57,0,0,0,0,0
1645,1980,274,0,0,0,0,0
1645,1981,365,0,0,0,0,0
1645,1982,365,0,0,0,0,0
1645,1983,365,0,0,0,0,0
1645,1984,366,0,0,0,0,0
1645,1985,365,0,0,0,0,0
1645,1986,365,0,0,0,0,0
1645,1987,365,0,0,0,0,0
1645,1988,366,0,0,0,0,0
1645,1989,365,0,0,0,0,0
1645,1990,365,0,0,0,0,0
1645,1991,365,0,0,0,0,0
1645,1992,366,0,0,0,0,0
1645,1993,365,0,0,0,0,0
1645,1994,365,0,0,0,0,0
1645,1995,365,2,0,0,0,0
1645,1996,366,0,0,0,0,0
1645,1997,365,2,0,0,0,0
1645,1998,365,0,0,0,0,0
1645,1999,365,0,0,0,0,0
1645,2000,366,0,0,0,0,0
1645,2001,365,0,0,0,0,0
1645,2002,365,0,0,0,0,0
1645,2003,365,0,0,0,0,0
1645,2004,366,0,0,0,0,0
1645,2005,365,0,0,0,0,0
1645,2006,365,0,0,0,0,0
1645,2007,365,0,0,0,0,0
1645,2008,366,0,0,0,0,0
1645,2009,365,0,0,0,0,0
1645,2010,365,0,0,0,0,0
1645,2011,365,0,0,0,0,0
1645,2012,366,0,0,0,0,0
1645,2013,365,0,0,0,0,0
1645,2014,365,0,0,0,0,0
1645,2015,365,0,0,0,0,0
1645,2016,366,0,0,0,0,0
1645,2017,365,0,0,0,0,0
1645,2018,365,0,0,0,0,0
1645,2019,365,0,0,0,0,0
1645,2020,92,0,0,0,0,0
1650,1980,274,0,0,0,0,0
1650,1981,365,0,0,0,0,0
1650,1982,365,0,0,0,0,0
1650,1983,365,0,0,0,0,0
1650,1984,366,0,0,0,0,0
1650,1985,365,0,0,0,0,0
1650,1986,365,0,0,0,0,0
1650,1987,365,0,0,0,0,0
1650,1988,366,0,0,0,0,0
1650,1989,365,0,0,0,0,0
1650,1990,365,0,0,0,0,0
1650,1991,365,0,0,0,0,0
1650,1992,366,0,0,0,0,0
1650,1993,365,0,0,0,0,0
1650,1994,365,0,0,0,0,0
1650,1995,365,0,0,0,0,0
1650,1996,366,0,0,0,0,0
1650,1997,365,0,0,0,0,0
1650,1998,365,0,0,0,0,0
1650,1999,365,0,0,0,0,0
1650,2000,366,0,0,0,0,0
1650,2001,365,0,0,0,0,0
1650,2002,365,0,0,0,0,0
1650,2003,365,0,0,0,0,0
1650,2004,366,0,0,0,0,0
1650,2005,365,0,0,0,0,0
1650,2006,365,0,0,0,0,0
1650,2007,365,0,0,0,0,0
1650,2008,366,0,0,0,0,0
1650,2009,365,0,0,0,0,0
1650,2010,365,0,0,0,0,0
1650,2011,365,0,0,0,0,0
1650,2012,366,0,0,0,0,0
1650,2013,365,0,0,0,0,0
1650,2014,365,0,0,0,0,0
1650,2015,365,0,0,0,0,0
1650,2016,366,0,0,0,0,0
1650,2017,365,0,0,0,0,0
1650,2018,57,2,0,0,0,0
1654,1980,274,0,0,0,0,0
1654,1981,365,0,0,0,0,0
1654,1982,365,0,0,0,0,0
1654,1983,365,0,0,0,0,0
1654,1984,366,0,0,0,0,0
1654,1985,365,0,0,0,0,0
1654,1986,365,0,0,0,0,0
1654,1987,365,0,0,0,0,0
1654,1988,366,0,0,0,0,0
1654,1989,365,0,0,0,0,0
1654,1990,365,0,0,0,0,0
1654,1991,365,0,0,0,0,0
1654,1992,366,0,0,0,0,0
1654,1993,365,0,0,0,0,0
1654,1994,365,0,0,0,0,0
1654,1995,365,2,0,0,0,0
1654,1996,366,0,0,0,0,0
1654,1997,365,2,0,0,0,0
1654,1998,365,0,0,0,0,0
1654,1999,365,0,0,0,0,0
1654,2000,366,0,0,0,0,0
1654,2001,365,0,0,0,0,0
1654,2002,365,0,0,0,0,0
1654,2003,365,0,0,0,0,0
1654,2004,366,0,0,0,0,0
1654,2005,365,0,0,0,0,0
1654,2006,365,0,0,0,0,0
1654,2007,365,0,0,0,0,0
1654,2008,366,0,0,0,0,0
1654,2009,365,0,0,0,0,0
1654,2010,365,0,0,0,0,0
1654,2011,365,0,0,0,0,0
1654,2012,366,0,0,0,0,0
1654,2013,365,0,0,0,0,0
1654,2014,365,0,0,0,0,0
1654,2015,365,0,0,0,0,0
1654,2016,366,0,0,0,0,0
1654,2017,365,0,0,0,0,0
1654,2018,365,0,0,0,0,0
1654,2019,365,0,0,0,0,0
1654,2020,92,0,0,0,0,0
1655,1980,274,0,0,0,0,0
1655,1981,365,0,0,0,0,0
1655,1982,365,0,0,0,0,0
1655,1983,365,7,7,0,0,0
1655,1984,366,0,0,0,0,0
1655,1985,365,0,0,0,0,0
1655,1986,365,0,0,0,0,0
1655,1987,365,0,0,0,0,0
1655,1988,366,0,0,0,0,0
1655,1989,365,0,0,0,0,0
1655,1990,365,0,0,0,0,0
1655,1991,365,0,0,0,0,0
1655,1992,366,0,0,0,0,0
1655,1993,365,0,0,0,0,0
1655,1994,365,2,0,0,0,0
1655,1995,365,1,0,0,0,0
1655,1996,366,0,0,0,0,0
1655,1997,365,2,0,0,0,0
1655,1998,365,0,0,0,0,0
1655,1999,365,0,0,0,0,0
1655,2000,366,0,0,0,0,0
1655,2001,365,0,0,0,0,0
1655,2002,365,0,0,0,0,0
1655,2003,365,0,0,0,0,0
1655,2004,366,0,0,0,0,0
1655,2005,365,0,0,0,0,0
1655,2006,365,0,0,0,0,0
1655,2007,365,0,0,0,0,0
1655,2008,366,0,0,0,0,0
1655,2009,365,0,0,0,0,0
1655,2010,365,0,0,0,0,0
1655,2011,365,0,0,0,0,0
1655,2012,366,0,0,0,0,0
1655,2013,365,0,0,0,0,0
1655,2014,365,0,0,0,0,0
1655,2015,365,0,0,0,0,0
1655,2016,366,0,0,0,0,0
1655,2017,365,0,0,0,0,0
1655,2018,365,0,0,0,0,0
1655,2019,365,0,0,0,0,0
1655,2020,92,0,0,0,0,0
1656,1980,274,0,0,0,0,0
1656,1981,365,0,0,0,0,0
1656,1982,365,0,0,0,0,0
1656,1983,365,0,0,0,0,0
1656,1984,366,0,0,0,0,0
1656,1985,365,0,0,0,0,0
1656,1986,365,0,0,0,0,0
1656,1987,365,0,0,0,0,0
1656,1988,366,0,0,0,0,0
1656,1989,365,0,0,0,0,0
1656,1990,365,0,0,0,0,0
1656,1991,365,0,0,0,0,0
1656,1992,366,0,0,0,0,0
1656,1993,365,0,0,0,0,0
1656,1994,365,0,0,0,0,0
1656,1995,365,1,0,0,0,0
1656,1996,366,0,0,0,0,0
1656,1997,365,0,0,0,0,0
1656,1998,365,0,0,0,0,0
1656,1999,365,0,0,0,0,0
1656,2000,366,0,0,0,0,0
1656,2001,365,0,0,0,0,0
1656,2002,365,0,0,0,0,0
1656,2003,365,0,0,0,0,0
1656,2004,366,0,0,0,0,0
1656,2005,365,0,0,0,0,0
1656,2006,365,0,0,0,0,0
1656,2007,365,0,0,0,0,0
1656,2008,366,0,0,0,0,0
1656,2009,365,0,0,0,0,0
1656,2010,365,0,0,0,0,0
1656,2011,365,0,0,0,0,0
1656,2012,366,0,0,0,0,0
1656,2013,365,0,0,0,0,0
1656,2014,365,0,0,0,0,0
1656,2015,365,0,0,0,0,0
1656,2016,366,0,0,0,0,0
1656,2017,365,0,0,0,0,0
1656,2018,365,0,0,0,0,0
1656,2019,365,0,0,0,0,0
1656,2020,92,0,0,0,0,0
168,1980,274,0,0,0,0,0
168,1981,365,0,0,0,0,0
168,1982,365,0,0,0,0,0
168,1983,365,0,0,0,0,0
168,1984,366,0,0,0,0,0
168,1985,365,0,0,0,0,0
168,1986,365,0,0,0,0,0
168,1987,365,0,0,0,0,0
168,1988,366,0,0,0,0,0
168,1989,365,0,0,0,0,0
168,1990,365,0,0,0,0,0
168,1991,365,0,0,0,0,0
168,1992,366,0,0,0,0,0
168,1993,365,0,0,0,0,0
168,1994,365,11,7,1,0,0
168,1995,365,43,0,0,0,0
168,1996,366,130,21,0,0,0
168,1997,365,100,0,0,0,0
168,1998,365,85,0,0,0,0
168,1999,365,35,7,0,0,0
168,2000,366,59,7,17,0,0
168,2001,365,71,0,2,0,0
168,2002,365,85,0,2,0,0
168,2003,365,44,0,0,0,0
168,2004,366,11,0,1,0,0
168,2005,365,2,0,0,0,0
168,2006,365,1,0,0,0,0
168,2007,365,8,0,0,0,0
168,2008,366,14,0,1,0,0
168,2009,365,3,0,0,0,0
168,2010,365,0,0,0,0,0
168,2011,365,1,0,0,0,0
168,2012,366,0,0,0,0,0
168,2013,365,0,0,0,0,0
168,2014,365,6,0,3,0,0
168,2015,365,18,0,9,0,0
168,2016,366,11,0,0,0,0
168,2017,365,15,0,0,0,0
168,2018,365,7,0,0,0,0
168,2019,365,9,0,0,0,0
168,2020,92,1,0,0,0,0
1683,1980,274,0,0,0,0,0
1683,1981,365,0,0,0,0,0
1683,1982,365,0,0,0,0,0
1683,1983,365,7,7,0,0,0
1683,1984,366,0,0,0,0,0
1683,1985,365,0,0,0,0,0
1683,1986,365,0,0,0,0,0
1683,1987,365,0,0,0,0,0
1683,1988,366,0,0,0,0,0
1683,1989,365,0,0,0,0,0
1683,1990,365,0,0,0,0,0
1683,1991,365,0,0,0,0,0
1683,1992,366,0,0,0,0,0
1683,1993,365,0,0,0,0,0
1683,1994,365,2,0,0,0,0
1683,1995,365,1,0,0,0,0
1683,1996,366,0,0,0,0,0
1683,1997,365,2,0,0,0,0
1683,1998,365,0,0,0,0,0
1683,1999,365,0,0,0,0,0
1683,2000,366,0,0,0,0,0
1683,2001,365,0,0,0,0,0
1683,2002,365,0,0,0,0,0
1683,2003,365,0,0,0,0,0
1683,2004,366,0,0,0,0,0
1683,2005,365,0,0,0,0,0
1683,2006,365,0,0,0,0,0
1683,2007,365,0,0,0,0,0
1683,2008,366,0,0,0,0,0
1683,2009,365,0,0,0,0,0
1683,2010,365,0,0,0,0,0
1683,2011,365,0,0,0,0,0
1683,2012,366,0,0,0,0,0
1683,2013,365,0,0,0,0,0
1683,2014,365,0,0,0,0,0
1683,2015,365,0,0,0,0,0
1683,2016,366,0,0,0,0,0
1683,2017,365,0,0,0,0,0
1683,2018,365,0,0,0,0,0
1683,2019,365,0,0,0,0,0
1683,2020,92,0,0,0,0,0
169,1980,274,0,0,0,0,0
169,1981,365,0,0,0,0,0
169,1982,365,0,0,0,0,0
169,1983,365,0,0,0,0,0
169,1984,366,0,0,0,0,0
169,1985,365,0,0,0,0,0
169,1986,365,0,0,0,0,0
169,1987,365,0,0,0,0,0
169,1988,366,0,0,0,0,0
169,1989,365,0,0,0,0,0
169,1990,365,0,0,0,0,0
169,1991,365,0,0,0,0,0
169,1992,366,0,0,0,0,0
169,1993,365,0,0,0,0,0
169,1994,365,7,7,0,0,0
169,1995,365,81,0,9,0,0
169,1996,366,118,14,3,0,0
169,1997,365,102,0,2,0,0
169,1998,365,85,0,0,0,0
169,1999,365,36,7,1,0,0
169,2000,366,35,0,2,0,0
169,2001,365,40,0,0,0,0
169,2002,365,55,0,0,0,0
169,2003,365,25,0,0,0,0
169,2004,366,9,0,0,0,0
169,2005,365,5,0,0,0,0
169,2006,365,1,0,0,0,0
169,2007,365,5,0,4,0,0
169,2008,366,10,0,1,0,0
169,2009,365,3,0,0,0,0
169,2010,365,0,0,0,0,0
169,2011,365,14,0,12,0,0
169,2012,366,1,0,1,0,0
169,2013,365,5,0,4,0,0
169,2014,365,7,0,0,0,0
169,2015,365,10,0,0,0,0
169,2016,366,2,0,0,0,0
169,2017,365,2,0,0,0,0
169,2018,365,8,0,3,0,0
169,2019,365,3,0,0,0,0
169,2020,92,1,0,0,0,0
1691,1980,274,0,0,0,0,0
1691,1981,365,0,0,0,0,0
1691,1982,365,0,0,0,0,0
1691,1983,365,0,0,0,0,0
1691,1984,366,0,0,0,0,0
1691,1985,365,0,0,0,0,0
1691,1986,365,0,0,0,0,0
1691,1987,365,0,0,0,0,0
1691,1988,366,0,0,0,0,0
1691,1989,365,0,0,0,0,0
1691,1990,365,0,0,0,0,0
1691,1991,365,0,0,0,0,0
1691,1992,366,0,0,0,0,0
1691,1993,365,0,0,0,0,0
1691,1994,365,0,0,0,0,0
1691,1995,365,0,0,0,0,0
1691,1996,366,0,0,0,0,0
1691,1997,365,0,0,0,0,0
1691,1998,365,0,0,0,0,0
1691,1999,365,0,0,0,0,0
1691,2000,366,0,0,0,0,0
1691,2001,365,0,0,0,0,0
1691,2002,365,0,0,0,0,0
1691,2003,365,0,0,0,0,0
1691,2004,366,0,0,0,0,0
1691,2005,365,0,0,0,0,0
1691,2006,365,1,0,0,0,0
1691,2007,365,0,0,0,0,0
1691,2008,366,0,0,0,0,0
1691,2009,365,0,0,0,0,0
1691,2010,365,0,0,0,0,0
1691,2011,365,0,0,0,0,0
1691,2012,366,0,0,0,0,0
1691,2013,365,4,0,0,0,0
1691,2014,365,7,0,0,0,0
1691,2015,365,0,0,0,0,0
1691,2016,366,3,0,0,0,0
1691,2017,365,0,0,0,0,0
1691,2018,57,0,0,0,0,0
1699,1980,274,0,0,0,0,0
1699,1981,365,0,0,0,0,0
1699,1982,365,0,0,0,0,0
1699,1983,365,0,0,0,0,0
1699,1984,366,0,0,0,0,0
1699,1985,365,0,0,0,0,0
1699,1986,365,0,0,0,0,0
1699,1987,365,0,0,0,0,0
1699,1988,366,0,0,0,0,0
1699,1989,365,0,0,0,0,0
1699,1990,365,0,0,0,0,0
1699,1991,365,0,0,0,0,0
1699,1992,366,1,0,0,0,0
1699,1993,365,2,0,0,0,0
1699,1994,365,3,0,0,0,0
1699,1995,365,0,0,0,0,0
1699,1996,366,0,0,0,0,0
1699,1997,365,0,0,0,0,0
1699,1998,365,0,0,0,0,0
1699,1999,365,0,0,0,0,0
1699,2000,366,0,0,0,0,0
1699,2001,365,1,0,0,0,0
1699,2002,365,0,0,0,0,0
1699,2003,365,0,0,0,0,0
1699,2004,366,0,0,0,0,0
1699,2005,365,0,0,0,0,0
1699,2006,365,0,0,0,0,0
1699,2007,365,0,0,0,0,0
1699,2008,366,0,0,0,0,0
1699,2009,365,0,0,0,0,0
1699,2010,365,0,0,0,0,0
1699,2011,365,0,0,0,0,0
1699,2012,366,0,0,0,0,0
1699,2013,365,0,0,0,0,0
1699,2014,365,0,0,0,0,0
1699,2015,365,0,0,0,0,0
1699,2016,366,2,0,0,0,0
1699,2017,365,7,7,0,0,0
1699,2018,57,0,0,0,0,0
1703,1980,274,0,0,0,0,0
1703,1981,365,0,0,0,0,0
1703,1982,365,0,0,0,0,0
1703,1983,365,0,0,0,0,0
1703,1984,366,0,0,0,0,0
1703,1985,365,0,0,0,0,0
1703,1986,365,0,0,0,0,0
1703,1987,365,0,0,0,0,0
1703,1988,366,0,0,0,0,0
1703,1989,365,0,0,0,0,0
1703,1990,365,0,0,0,0,0
1703,1991,365,0,0,0,0,0
1703,1992,366,0,0,0,0,0
1703,1993,365,0,0,0,0,0
1703,1994,365,0,0,0,0,0
1703,1995,365,1,0,0,0,0
1703,1996,366,0,0,0,0,0
1703,1997,365,2,0,0,0,0
1703,1998,365,0,0,0,0,0
1703,1999,365,0,0,0,0,0
1703,2000,366,0,0,0,0,0
1703,2001,365,0,0,0,0,0
1703,2002,365,0,0,0,0,0
1703,2003,365,0,0,0,0,0
1703,2004,366,0,0,0,0,0
1703,2005,365,0,0,0,0,0
1703,2006,365,0,0,0,0,0
1703,2007,365,0,0,0,0,0
1703,2008,366,0,0,0,0,0
1703,2009,365,0,0,0,0,0
1703,2010,365,0,0,0,0,0
1703,2011,365,0,0,0,0,0
1703,2012,366,0,0,0,0,0
1703,2013,365,0,0,0,0,0
1703,2014,365,0,0,0,0,0
1703,2015,365,0,0,0,0,0
1703,2016,366,0,0,0,0,0
1703,2017,365,0,0,0,0,0
1703,2018,365,0,0,0,0,0
1703,2019,365,0,0,0,0,0
1703,2020,92,0,0,0,0,0
1706,1980,274,0,0,0,0,0
1706,1981,365,0,0,0,0,0
1706,1982,365,0,0,0,0,0
1706,1983,365,0,0,0,0,0
1706,1984,366,0,0,0,0,0
1706,1985,365,0,0,0,0,0
1706,1986,365,0,0,0,0,0
1706,1987,365,0,0,0,0,0
1706,1988,366,0,0,0,0,0
1706,1989,365,7,7,0,0,0
1706,1990,365,0,0,0,0,0
1706,1991,365,0,0,0,0,0
1706,1992,366,0,0,0,0,0
1706,1993,365,0,0,0,0,0
1706,1994,365,7,7,0,0,0
1706,1995,365,0,0,0,0,0
1706,1996,366,1,0,0,0,0
1706,1997,365,2,0,0,0,0
1706,1998,365,0,0,0,0,0
1706,1999,365,0,0,0,0,0
1706,2000,366,0,0,0,0,0
1706,2001,365,1,0,0,0,0
1706,2002,365,0,0,0,0,0
1706,2003,365,0,0,0,0,0
1706,2004,366,0,0,0,0,0
1706,2005,365,0,0,0,0,0
1706,2006,365,3,0,0,0,0
1706,2007,365,0,0,0,0,0
1706,2008,366,2,0,0,0,0
1706,2009,365,0,0,0,0,0
1706,2010,365,0,0,0,0,0
1706,2011,365,1,0,0,0,0
1706,2012,366,0,0,0,0,0
1706,2013,365,4,0,0,0,0
1706,2014,365,0,0,0,0,0
1706,2015,365,2,0,0,0,0
1706,2016,366,2,0,0,0,0
1706,2017,365,0,0,0,0,0
1706,2018,57,0,0,0,0,0
1707,1980,274,0,0,0,0,0
1707,1981,365,0,0,0,0,0
1707,1982,365,0,0,0,0,0
1707,1983,365,0,0,0,0,0
1707,1984,366,0,0,0,0,0
1707,1985,365,0,0,0,0,0
1707,1986,365,0,0,0,0,0
1707,1987,365,0,0,0,0,0
1707,1988,366,2,0,0,0,0
1707,1989,365,0,0,0,0,0
1707,1990,365,0,0,0,0,0
1707,1991,365,1,0,0,0,0
1707,1992,366,0,0,0,0,0
1707,1993,365,0,0,0,0,0
1707,1994,365,0,0,0,0,0
1707,1995,365,0,0,0,0,0
1707,1996,366,0,0,0,0,0
1707,1997,365,0,0,0,0,0
1707,1998,365,0,0,0,0,0
1707,1999,365,0,0,0,0,0
1707,2000,366,0,0,0,0,0
1707,2001,365,1,0,0,0,0
1707,2002,365,0,0,0,0,0
1707,2003,365,0,0,0,0,0
1707,2004,366,0,0,0,0,0
1707,2005,365,0,0,0,0,0
1707,2006,365,0,0,0,0,0
1707,2007,365,0,0,0,0,0
1707,2008,366,0,0,0,0,0
1707,2009,365,0,0,0,0,0
1707,2010,365,0,0,0,0,0
1707,2011,365,0,0,0,0,0
1707,2012,366,6,0,0,0,0
1707,2013,365,4,0,0,0,0
1707,2014,365,0,0,0,0,0
1707,2015,365,6,0,0,0,0
1707,2016,366,0,0,0,0,0
1707,2017,365,0,0,0,0,0
1707,2018,57,0,0,0,0,0
1709,1980,274,0,0,0,0,0
1709,1981,365,0,0,0,0,0
1709,1982,365,4,0,0,0,0
1709,1983,365,0,0,0,0,0
1709,1984,366,0,0,0,0,0
1709,1985,365,0,0,0,0,0
1709,1986,365,0,0,0,0,0
1709,1987,365,0,0,0,0,0
1709,1988,366,0,0,0,0,0
1709,1989,365,0,0,0,0,0
1709,1990,365,0,0,0,0,0
1709,1991,365,0,0,0,0,0
1709,1992,366,0,0,0,0,0
1709,1993,365,0,0,0,0,0
1709,1994,365,0,0,0,0,0
1709,1995,365,0,0,0,0,0
1709,1996,366,0,0,0,0,0
1709,1997,365,0,0,0,0,0
1709,1998,365,0,0,0,0,0
1709,1999,365,0,0,0,0,0
1709,2000,366,0,0,0,0,0
1709,2001,365,0,0,0,0,0
1709,2002,365,0,0,0,0,0
1709,2003,365,0,0,0,0,0
1709,2004,366,0,0,0,0,0
1709,2005,365,0,0,0,0,0
1709,2006,365,0,0,0,0,0
1709,2007,365,0,0,0,0,0
1709,2008,366,0,0,0,0,0
1709,2009,365,0,0,0,0,0
1709,2010,365,0,0,0,0,0
1709,2011,365,0,0,0,0,0
1709,2012,366,0,0,0,0,0
1709,2013,365,0,0,0,0,0
1709,2014,365,0,0,0,0,0
1709,2015,365,0,0,0,0,0
1709,2016,366,0,0,0,0,0
1709,2017,365,0,0,0,0,0
1709,2018,57,0,0,0,0,0
1712,1980,274,0,0,0,0,0
1712,1981,365,0,0,0,0,0
1712,1982,365,0,0,0,0,0
1712,1983,365,1,0,0,0,0
1712,1984,366,0,0,0,0,0
1712,1985,365,0,0,0,0,0
1712,1986,365,0,0,0,0,0
1712,1987,365,0,0,0,0,0
1712,1988,366,0,0,0,0,0
1712,1989,365,0,0,0,0,0
1712,1990,365,0,0,0,0,0
1712,1991,365,0,0,0,0,0
1712,1992,366,0,0,0,0,0
1712,1993,365,0,0,0,0,0
1712,1994,365,0,0,0,0,0
1712,1995,365,0,0,0,0,0
1712,1996,366,0,0,0,0,0
1712,1997,365,0,0,0,0,0
1712,1998,365,0,0,0,0,0
1712,1999,365,0,0,0,0,0
1712,2000,366,0,0,0,0,0
1712,2001,365,0,0,0,0,0
1712,2002,365,0,0,0,0,0
1712,2003,365,0,0,0,0,0
1712,2004,366,0,0,0,0,0
1712,2005,365,0,0,0,0,0
1712,2006,365,3,0,0,0,0
1712,2007,365,0,0,0,0,0
1712,2008,366,0,0,0,0,0
1712,2009,365,0,0,0,0,0
1712,2010,365,0,0,0,0,0
1712,2011,365,0,0,0,0,0
1712,2012,366,0,0,0,0,0
1712,2013,365,24,14,0,0,0
1712,2014,365,2,0,0,0,0
1712,2015,365,14,0,0,0,0
1712,2016,366,5,0,0,0,0
1712,2017,365,10,0,0,0,0
1712,2018,57,0,0,0,0,0
1713,1980,274,0,0,0,0,0
1713,1981,365,0,0,0,0,0
1713,1982,365,0,0,0,0,0
1713,1983,365,0,0,0,0,0
1713,1984,366,0,0,0,0,0
1713,1985,365,0,0,0,0,0
1713,1986,365,0,0,0,0,0
1713,1987,365,0,0,0,0,0
1713,1988,366,0,0,0,0,0
1713,1989,365,0,0,0,0,0
1713,1990,365,0,0,0,0,0
1713,1991,365,0,0,0,0,0
1713,1992,366,0,0,0,0,0
1713,1993,365,0,0,0,0,0
1713,1994,365,1,0,0,0,0
1713,1995,365,0,0,0,0,0
1713,1996,366,0,0,0,0,0
1713,1997,365,0,0,0,0,0
1713,1998,365,0,0,0,0,0
1713,1999,365,0,0,0,0,0
1713,2000,366,0,0,0,0,0
1713,2001,365,0,0,0,0,0
1713,2002,365,0,0,0,0,0
1713,2003,365,0,0,0,0,0
1713,2004,366,0,0,0,0,0
1713,2005,365,0,0,0,0,0
1713,2006,365,1,0,0,0,0
1713,2007,365,0,0,0,0,0
1713,2008,366,0,0,0,0,0
1713,2009,365,0,0,0,0,0
1713,2010,365,3,0,0,0,0
1713,2011,365,7,0,0,0,0
1713,2012,366,0,0,0,0,0
1713,2013,365,10,0,0,0,0
1713,2014,365,0,0,0,0,0
1713,2015,365,2,0,0,0,0
1713,2016,366,4,0,0,0,0
1713,2017,365,7,7,0,0,0
1713,2018,57,0,0,0,0,0
1714,1980,274,0,0,0,0,0
1714,1981,365,0,0,0,0,0
1714,1982,365,0,0,0,0,0
1714,1983,365,7,7,0,0,0
1714,1984,366,0,0,0,0,0
1714,1985,365,0,0,0,0,0
1714,1986,365,0,0,0,0,0
1714,1987,365,0,0,0,0,0
1714,1988,366,0,0,0,0,0
1714,1989,365,0,0,0,0,0
1714,1990,365,0,0,0,0,0
1714,1991,365,0,0,0,0,0
1714,1992,366,0,0,0,0,0
1714,1993,365,0,0,0,0,0
1714,1994,365,0,0,0,0,0
1714,1995,365,0,0,0,0,0
1714,1996,366,0,0,0,0,0
1714,1997,365,2,0,0,0,0
1714,1998,365,0,0,0,0,0
1714,1999,365,0,0,0,0,0
1714,2000,366,0,0,0,0,0
1714,2001,365,0,0,0,0,0
1714,2002,365,0,0,0,0,0
1714,2003,365,0,0,0,0,0
1714,2004,366,0,0,0,0,0
1714,2005,365,0,0,0,0,0
1714,2006,365,0,0,0,0,0
1714,2007,365,0,0,0,0,0
1714,2008,366,0,0,0,0,0
1714,2009,365,0,0,0,0,0
1714,2010,365,0,0,0,0,0
1714,2011,365,0,0,0,0,0
1714,2012,366,0,0,0,0,0
1714,2013,365,0,0,0,0,0
1714,2014,365,0,0,0,0,0
1714,2015,365,0,0,0,0,0
1714,2016,366,0,0,0,0,0
1714,2017,365,0,0,0,0,0
1714,2018,365,0,0,0,0,0
1714,2019,365,0,0,0,0,0
1714,2020,92,0,0,0,0,0
1716,1980,274,0,0,0,0,0
1716,1981,365,0,0,0,0,0
1716,1982,365,0,0,0,0,0
1716,1983,365,0,0,0,0,0
1716,1984,366,0,0,0,0,0
1716,1985,365,0,0,0,0,0
1716,1986,365,50,0,0,0,0
1716,1987,365,3,0,0,0,0
1716,1988,366,1,0,0,0,0
1716,1989,365,8,7,0,0,0
1716,1990,365,0,0,0,0,0
1716,1991,365,1,0,0,0,0
1716,1992,366,3,0,0,0,0
1716,1993,365,1,0,0,0,0
1716,1994,365,2,0,0,0,0
1716,1995,365,2,0,0,0,0
1716,1996,366,1,0,0,0,0
1716,1997,365,1,0,0,0,0
1716,1998,365,1,0,0,0,0
1716,1999,365,1,0,0,0,0
1716,2000,366,1,0,0,0,0
1716,2001,365,1,0,0,0,0
1716,2002,365,1,0,0,0,0
1716,2003,365,1,0,0,0,0
1716,2004,366,1,0,0,0,0
1716,2005,365,8,7,0,0,0
1716,2006,365,0,0,0,0,0
1716,2007,365,0,0,0,0,0
1716,2008,366,0,0,0,0,0
1716,2009,365,0,0,0,0,0
1716,2010,365,0,0,0,0,0
1716,2011,365,0,0,0,0,0
1716,2012,366,0,0,0,0,0
1716,2013,365,0,0,0,0,0
1716,2014,365,0,0,0,0,0
1716,2015,365,7,7,0,0,0
1716,2016,366,0,0,0,0,0
1716,2017,365,0,0,0,0,0
1716,2018,365,0,0,0,0,0
1716,2019,365,0,0,0,0,0
1716,2020,92,0,0,0,0,0
1718,1983,215,0,0,0,0,0
1718,1984,366,0,0,0,0,0
1718,1985,365,0,0,0,0,0
1718,1986,365,0,0,0,0,0
1718,1987,365,0,0,0,0,0
1718,1988,366,0,0,0,0,0
1718,1989,365,0,0,0,0,0
1718,1990,365,0,0,0,0,0
1718,1991,365,0,0,0,0,0
1718,1992,366,0,0,0,0,0
1718,1993,365,0,0,0,0,0
1718,1994,365,2,0,0,0,0
1718,1995,365,1,0,0,0,0
1718,1996,366,0,0,0,0,0
1718,1997,365,2,0,0,0,0
1718,1998,365,0,0,0,0,0
1718,1999,365,0,0,0,0,0
1718,2000,366,0,0,0,0,0
1718,2001,365,0,0,0,0,0
1718,2002,365,0,0,0,0,0
1718,2003,365,0,0,0,0,0
1718,2004,366,0,0,0,0,0
1718,2005,365,0,0,0,0,0
1718,2006,365,0,0,0,0,0
1718,2007,365,0,0,0,0,0
1718,2008,366,0,0,0,0,0
1718,2009,365,0,0,0,0,0
1718,2010,365,0,0,0,0,0
1718,2011,365,0,0,0,0,0
1718,2012,366,0,0,0,0,0
1718,2013,365,0,0,0,0,0
1718,2014,365,0,0,0,0,0
1718,2015,365,0,0,0,0,0
1718,2016,366,0,0,0,0,0
1718,2017,365,0,0,0,0,0
1718,2018,365,0,0,0,0,0
1718,2019,365,0,0,0,0,0
1718,2020,92,0,0,0,0,0
1723,1985,273,0,0,0,0,0
1723,1986,365,0,0,0,0,0
1723,1987,365,0,0,0,0,0
1723,1988,366,0,0,0,0,0
1723,1989,365,1,0,0,0,0
1723,1990,365,0,0,0,0,0
1723,1991,365,0,0,0,0,0
1723,1992,366,0,0,0,0,0
1723,1993,365,0,0,0,0,0
1723,1994,365,0,0,0,0,0
1723,1995,365,0,0,0,0,0
1723,1996,366,0,0,0,0,0
1723,1997,365,0,0,0,0,0
1723,1998,365,0,0,0,0,0
1723,1999,365,0,0,0,0,0
1723,2000,366,0,0,0,0,0
1723,2001,365,0,0,0,0,0
1723,2002,365,0,0,0,0,0
1723,2003,365,0,0,0,0,0
1723,2004,366,0,0,0,0,0
1723,2005,365,0,0,0,0,0
1723,2006,365,0,0,0,0,0
1723,2007,365,2,0,0,0,0
1723,2008,366,0,0,0,0,0
1723,2009,365,0,0,0,0,0
1723,2010,365,0,0,0,0,0
1723,2011,365,7,0,0,0,0
1723,2012,366,13,7,0,0,0
1723,2013,365,7,0,0,0,0
1723,2014,365,1,0,0,0,0
1723,2015,365,9,0,0,0,0
1723,2016,366,0,0,0,0,0
1723,2017,365,7,0,0,0,0
1723,2018,57,0,0,0,0,0
1726,1980,274,0,0,0,0,0
1726,1981,365,0,0,0,0,0
1726,1982,365,0,0,0,0,0
1726,1983,365,0,0,0,0,0
1726,1984,366,0,0,0,0,0
1726,1985,365,0,0,0,0,0
1726,1986,365,0,0,0,0,0
1726,1987,365,0,0,0,0,0
1726,1988,366,0,0,0,0,0
1726,1989,365,0,0,0,0,0
1726,1990,365,0,0,0,0,0
1726,1991,365,0,0,0,0,0
1726,1992,366,0,0,0,0,0
1726,1993,365,0,0,0,0,0
1726,1994,365,0,0,0,0,0
1726,1995,365,0,0,0,0,0
1726,1996,366,0,0,0,0,0
1726,1997,365,0,0,0,0,0
1726,1998,365,0,0,0,0,0
1726,1999,365,1,0,0,0,0
1726,2000,366,0,0,0,0,0
1726,2001,365,0,0,0,0,0
1726,2002,365,0,0,0,0,0
1726,2003,365,0,0,0,0,0
1726,2004,366,0,0,0,0,0
1726,2005,365,0,0,0,0,0
1726,2006,365,0,0,0,0,0
1726,2007,365,0,0,0,0,0
1726,2008,366,0,0,0,0,0
1726,2009,365,0,0,0,0,0
1726,2010,365,4,0,0,0,0
1726,2011,365,5,0,0,0,0
1726,2012,366,0,0,0,0,0
1726,2013,365,4,0,0,0,0
1726,2014,365,0,0,0,0,0
1726,2015,365,0,0,0,0,0
1726,2016,366,0,0,0,0,0
1726,2017,365,0,0,0,0,0
1726,2018,58,0,0,0,0,0
173,1989,266,0,0,0,0,0
173,1990,365,0,0,0,0,0
173,1991,365,0,0,0,0,0
173,1992,366,0,0,0,0,0
173,1993,365,0,0,0,0,0
173,1994,365,0,0,0,0,0
173,1995,365,145,28,49,0,0
173,1996,366,141,52,66,0,0
173,1997,365,149,45,106,0,0
173,1998,365,131,29,64,0,0
173,1999,365,126,35,129,0,0
173,2000,366,105,37,167,0,0
173,2001,365,67,26,65,0,0
173,2002,365,0,0,0,0,0
173,2003,365,48,36,109,0,0
173,2004,366,120,34,133,0,0
173,2005,365,110,21,97,0,0
173,2006,365,101,21,123,0,0
173,2007,365,153,21,128,0,0
173,2008,366,93,7,61,0,0
173,2009,365,76,14,105,0,0
173,2010,365,81,28,131,0,0
173,2011,365,78,21,91,0,0
173,2012,366,130,21,138,0,0
173,2013,365,114,15,111,0,0
173,2014,365,156,48,172,0,0
173,2015,365,112,21,116,0,0
173,2016,366,105,28,133,0,0
173,2017,365,64,35,123,0,0
173,2018,365,116,28,192,0,0
173,2019,365,100,54,116,0,0
173,2020,92,39,2,38,0,0
1733,1980,243,0,0,0,0,0
1733,1981,365,0,0,0,0,0
1733,1982,365,0,0,0,0,0
1733,1983,365,0,0,0,0,0
1733,1984,366,0,0,0,0,0
1733,1985,365,0,0,0,0,0
1733,1986,365,0,0,0,0,0
1733,1987,365,0,0,0,0,0
1733,1988,366,0,0,0,0,0
1733,1989,365,0,0,0,0,0
1733,1990,365,0,0,0,0,0
1733,1991,365,0,0,0,0,0
1733,1992,366,0,0,0,0,0
1733,1993,365,0,0,0,0,0
1733,1994,365,1,0,0,0,0
1733,1995,365,0,0,0,0,0
1733,1996,366,0,0,0,0,0
1733,1997,365,0,0,0,0,0
1733,1998,365,0,0,0,0,0
1733,1999,365,0,0,0,0,0
1733,2000,366,0,0,0,0,0
1733,2001,365,1,0,0,0,0
1733,2002,365,0,0,0,0,0
1733,2003,365,0,0,0,0,0
1733,2004,366,0,0,0,0,0
1733,2005,365,0,0,0,0,0
1733,2006,365,0,0,0,0,0
1733,2007,365,0,0,0,0,0
1733,2008,366,0,0,0,0,0
1733,2009,365,12,0,0,0,0
1733,2010,365,21,21,0,0,0
1733,2011,365,0,0,0,0,0
1733,2012,366,6,0,0,0,0
1733,2013,365,4,0,0,0,0
1733,2014,365,0,0,0,0,0
1733,2015,365,2,0,0,0,0
1733,2016,366,0,0,0,0,0
1733,2017,365,3,0,0,0,0
1733,2018,57,0,0,0,0,0
1735,1980,274,0,0,0,0,0
1735,1981,365,0,0,0,0,0
1735,1982,365,0,0,0,0,0
1735,1983,365,0,0,0,0,0
1735,1984,366,0,0,0,0,0
1735,1985,365,92,0,0,0,0
1735,1986,365,0,0,0,0,0
1735,1987,365,136,0,0,0,0
1735,1988,366,183,0,0,0,0
1735,1989,365,51,0,0,0,0
1735,1990,365,0,0,0,0,0
1735,1991,365,0,0,0,0,0
1735,1992,366,0,0,0,0,0
1735,1993,365,0,0,0,0,0
1735,1994,365,0,0,0,0,0
1735,1995,365,0,0,0,0,0
1735,1996,366,0,0,0,0,0
1735,1997,365,0,0,0,0,0
1735,1998,365,0,0,0,0,0
1735,1999,365,0,0,0,0,0
1735,2000,366,0,0,0,0,0
1735,2001,365,0,0,0,0,0
1735,2002,365,0,0,0,0,0
1735,2003,365,40,35,0,0,0
1735,2004,366,35,35,0,0,0
1735,2005,365,0,0,0,0,0
1735,2006,365,0,0,0,0,0
1735,2007,365,0,0,0,0,0
1735,2008,366,0,0,0,0,0
1735,2009,365,0,0,0,0,0
1735,2010,365,1,0,0,0,0
1735,2011,365,0,0,0,0,0
1735,2012,366,0,0,0,0,0
1735,2013,365,3,0,0,0,0
1735,2014,365,0,0,0,0,0
1735,2015,365,4,0,0,0,0
1735,2016,366,0,0,0,0,0
1735,2017,365,0,0,0,0,0
1735,2018,58,0,0,0,0,0
1739,1980,274,0,0,0,0,0
1739,1981,365,0,0,0,0,0
1739,1982,365,0,0,0,0,0
1739,1983,365,7,7,0,0,0
1739,1984,366,0,0,0,0,0
1739,1985,365,0,0,0,0,0
1739,1986,365,0,0,0,0,0
1739,1987,365,0,0,0,0,0
1739,1988,366,0,0,0,0,0
1739,1989,365,0,0,0,0,0
1739,1990,365,0,0,0,0,0
1739,1991,365,0,0,0,0,0
1739,1992,366,0,0,0,0,0
1739,1993,365,0,0,0,0,0
1739,1994,365,0,0,0,0,0
1739,1995,365,0,0,0,0,0
1739,1996,366,0,0,0,0,0
1739,1997,365,0,0,0,0,0
1739,1998,365,0,0,0,0,0
1739,1999,365,0,0,0,0,0
1739,2000,366,0,0,0,0,0
1739,2001,365,0,0,0,0,0
1739,2002,365,0,0,0,0,0
1739,2003,365,0,0,0,0,0
1739,2004,366,0,0,0,0,0
1739,2005,365,0,0,0,0,0
1739,2006,365,0,0,0,0,0
1739,2007,365,0,0,0,0,0
1739,2008,366,0,0,0,0,0
1739,2009,365,0,0,0,0,0
1739,2010,365,0,0,0,0,0
1739,2011,365,0,0,0,0,0
1739,2012,366,0,0,0,0,0
1739,2013,365,0,0,0,0,0
1739,2014,365,0,0,0,0,0
1739,2015,365,0,0,0,0,0
1739,2016,366,0,0,0,0,0
1739,2017,365,0,0,0,0,0
1739,2018,365,0,0,0,0,0
1739,2019,365,0,0,0,0,0
1739,2020,92,0,0,0,0,0
1740,1980,274,0,0,0,0,0
1740,1981,365,0,0,0,0,0
1740,1982,365,0,0,0,0,0
1740,1983,365,0,0,0,0,0
1740,1984,366,0,0,0,0,0
1740,1985,365,0,0,0,0,0
1740,1986,365,0,0,0,0,0
1740,1987,365,0,0,0,0,0
1740,1988,366,0,0,0,0,0
1740,1989,365,0,0,0,0,0
1740,1990,365,0,0,0,0,0
1740,1991,365,0,0,0,0,0
1740,1992,366,0,0,0,0,0
1740,1993,365,0,0,0,0,0
1740,1994,365,0,0,0,0,0
1740,1995,365,0,0,0,0,0
1740,1996,366,0,0,0,0,0
1740,1997,365,0,0,0,0,0
1740,1998,365,0,0,0,0,0
1740,1999,365,0,0,0,0,0
1740,2000,366,0,0,0,0,0
1740,2001,365,0,0,0,0,0
1740,2002,365,0,0,0,0,0
1740,2003,365,0,0,0,0,0
1740,2004,366,0,0,0,0,0
1740,2005,365,0,0,0,0,0
1740,2006,365,0,0,0,0,0
1740,2007,365,0,0,0,0,0
1740,2008,366,0,0,0,0,0
1740,2009,365,0,0,0,0,0
1740,2010,365,0,0,0,0,0
1740,2011,365,0,0,0,0,0
1740,2012,366,0,0,0,0,0
1740,2013,365,0,0,0,0,0
1740,2014,365,0,0,0,0,0
1740,2015,365,0,0,0,0,0
1740,2016,366,0,0,0,0,0
1740,2017,365,0,0,0,0,0
1740,2018,365,0,0,0,0,0
1740,2019,365,0,0,0,0,0
1740,2020,92,0,0,0,0,0
1741,1980,274,0,0,0,0,0
1741,1981,365,0,0,0,0,0
1741,1982,365,0,0,0,0,0
1741,1983,365,0,0,0,0,0
1741,1984,366,0,0,0,0,0
1741,1985,365,0,0,0,0,0
1741,1986,365,0,0,0,0,0
1741,1987,365,0,0,0,0,0
1741,1988,366,0,0,0,0,0
1741,1989,365,0,0,0,0,0
1741,1990,365,0,0,0,0,0
1741,1991,365,0,0,0,0,0
1741,1992,366,0,0,0,0,0
1741,1993,365,0,0,0,0,0
1741,1994,365,0,0,0,0,0
1741,1995,365,1,0,0,0,0
1741,1996,366,0,0,0,0,0
1741,1997,365,2,0,0,0,0
1741,1998,365,0,0,0,0,0
1741,1999,365,0,0,0,0,0
1741,2000,366,0,0,0,0,0
1741,2001,365,0,0,0,0,0
1741,2002,365,0,0,0,0,0
1741,2003,365,0,0,0,0,0
1741,2004,366,0,0,0,0,0
1741,2005,365,0,0,0,0,0
1741,2006,365,0,0,0,0,0
1741,2007,365,0,0,0,0,0
1741,2008,366,0,0,0,0,0
1741,2009,365,0,0,0,0,0
1741,2010,365,0,0,0,0,0
1741,2011,365,0,0,0,0,0
1741,2012,366,0,0,0,0,0
1741,2013,365,0,0,0,0,0
1741,2014,365,0,0,0,0,0
1741,2015,365,0,0,0,0,0
1741,2016,366,0,0,0,0,0
1741,2017,365,0,0,0,0,0
1741,2018,365,0,0,0,0,0
1741,2019,365,0,0,0,0,0
1741,2020,92,0,0,0,0,0
1742,1980,274,0,0,0,0,0
1742,1981,365,0,0,0,0,0
1742,1982,365,0,0,0,0,0
1742,1983,365,0,0,0,0,0
1742,1984,366,0,0,0,0,0
1742,1985,365,0,0,0,0,0
1742,1986,365,0,0,0,0,0
1742,1987,365,0,0,0,0,0
1742,1988,366,0,0,0,0,0
1742,1989,365,0,0,0,0,0
1742,1990,365,0,0,0,0,0
1742,1991,365,0,0,0,0,0
1742,1992,366,0,0,0,0,0
1742,1993,365,0,0,0,0,0
1742,1994,365,0,0,0,0,0
1742,1995,365,0,0,0,0,0
1742,1996,366,0,0,0,0,0
1742,1997,365,0,0,0,0,0
1742,1998,365,0,0,0,0,0
1742,1999,365,0,0,0,0,0
1742,2000,366,0,0,0,0,0
1742,2001,365,0,0,0,0,0
1742,2002,365,0,0,0,0,0
1742,2003,365,0,0,0,0,0
1742,2004,366,0,0,0,0,0
1742,2005,365,2,0,0,0,0
1742,2006,365,0,0,0,0,0
1742,2007,365,0,0,0,0,0
1742,2008,366,0,0,0,0,0
1742,2009,365,0,0,0,0,0
1742,2010,365,0,0,0,0,0
1742,2011,365,0,0,0,0,0
1742,2012,366,0,0,0,0,0
1742,2013,365,6,0,0,0,0
1742,2014,365,1,0,0,0,0
1742,2015,365,0,0,0,0,0
1742,2016,366,2,0,0,0,0
1742,2017,365,0,0,0,0,0
1742,2018,57,0,0,0,0,0
1744,1980,274,0,0,0,0,0
1744,1981,365,0,0,0,0,0
1744,1982,365,0,0,0,0,0
1744,1983,365,7,7,0,0,0
1744,1984,366,0,0,0,0,0
1744,1985,365,0,0,0,0,0
1744,1986,365,0,0,0,0,0
1744,1987,365,0,0,0,0,0
1744,1988,366,0,0,0,0,0
1744,1989,365,0,0,0,0,0
1744,1990,365,0,0,0,0,0
1744,1991,365,0,0,0,0,0
1744,1992,366,0,0,0,0,0
1744,1993,365,0,0,0,0,0
1744,1994,365,3,0,0,0,0
1744,1995,365,0,0,0,0,0
1744,1996,366,0,0,0,0,0
1744,1997,365,2,0,0,0,0
1744,1998,365,0,0,0,0,0
1744,1999,365,0,0,0,0,0
1744,2000,366,0,0,0,0,0
1744,2001,365,0,0,0,0,0
1744,2002,365,0,0,0,0,0
1744,2003,365,0,0,0,0,0
1744,2004,366,0,0,0,0,0
1744,2005,365,0,0,0,0,0
1744,2006,365,0,0,0,0,0
1744,2007,365,0,0,0,0,0
1744,2008,366,0,0,0,0,0
1744,2009,365,0,0,0,0,0
1744,2010,365,0,0,0,0,0
1744,2011,365,0,0,0,0,0
1744,2012,366,0,0,0,0,0
1744,2013,365,0,0,0,0,0
1744,2014,365,0,0,0,0,0
1744,2015,365,0,0,0,0,0
1744,2016,366,0,0,0,0,0
1744,2017,365,0,0,0,0,0
1744,2018,365,0,0,0,0,0
1744,2019,365,0,0,0,0,0
1744,2020,92,0,0,0,0,0
1752,1980,274,0,0,0,0,0
1752,1981,365,6,0,3,0,0
1752,1982,365,3,0,0,0,0
1752,1983,365,6,0,3,0,0
1752,1984,366,1,0,1,0,0
1752,1985,365,1,0,1,0,0
1752,1986,365,5,0,4,0,0
1752,1987,365,7,7,0,0,0
1752,1988,366,3,0,3,0,0
1752,1989,365,3,0,3,0,0
1752,1990,365,0,0,0,0,0
1752,1991,365,0,0,0,0,0
1752,1992,366,1,0,1,0,0
1752,1993,365,0,0,0,0,0
1752,1994,365,5,0,3,0,0
1752,1995,365,1,0,0,0,0
1752,1996,366,0,0,0,0,0
1752,1997,365,1,0,0,0,0
1752,1998,365,0,0,0,0,0
1752,1999,365,2,0,2,0,0
1752,2000,366,1,0,1,0,0
1752,2001,365,0,0,0,0,0
1752,2002,365,0,0,0,0,0
1752,2003,365,0,0,0,0,0
1752,2004,366,0,0,0,0,0
1752,2005,365,0,0,0,0,0
1752,2006,365,2,0,2,0,0
1752,2007,365,1,0,1,0,0
1752,2008,366,3,0,3,0,0
1752,2009,365,3,0,2,0,0
1752,2010,365,0,0,0,0,0
1752,2011,365,0,0,0,0,0
1752,2012,366,2,0,2,0,0
1752,2013,365,0,0,0,0,0
1752,2014,365,1,0,1,0,0
1752,2015,365,1,0,1,0,0
1752,2016,366,0,0,0,0,0
1752,2017,365,0,0,0,0,0
1752,2018,365,0,0,0,0,0
1752,2019,365,0,0,0,0,0
1752,2020,49,2,0,0,1,1
1753,1980,274,0,0,0,0,0
1753,1981,365,0,0,0,0,0
1753,1982,365,0,0,0,0,0
1753,1983,365,0,0,0,0,0
1753,1984,366,0,0,0,0,0
1753,1985,365,0,0,0,0,0
1753,1986,365,0,0,0,0,0
1753,1987,365,0,0,0,0,0
1753,1988,366,0,0,0,0,0
1753,1989,365,0,0,0,0,0
1753,1990,365,0,0,0,0,0
1753,1991,365,0,0,0,0,0
1753,1992,366,0,0,0,0,0
1753,1993,365,0,0,0,0,0
1753,1994,365,0,0,0,0,0
1753,1995,365,0,0,0,0,0
1753,1996,366,0,0,0,0,0
1753,1997,365,0,0,0,0,0
1753,1998,365,0,0,0,0,0
1753,1999,365,0,0,0,0,0
1753,2000,366,0,0,0,0,0
1753,2001,365,0,0,0,0,0
1753,2002,365,0,0,0,0,0
1753,2003,365,0,0,0,0,0
1753,2004,366,0,0,0,0,0
1753,2005,365,0,0,0,0,0
1753,2006,365,0,0,0,0,0
1753,2007,365,0,0,0,0,0
1753,2008,366,0,0,0,0,0
1753,2009,365,0,0,0,0,0
1753,2010,365,0,0,0,0,0
1753,2011,365,0,0,0,0,0
1753,2012,366,0,0,0,0,0
1753,2013,365,0,0,0,0,0
1753,2014,365,0,0,0,0,0
1753,2015,365,0,0,0,0,0
1753,2016,366,0,0,0,0,0
1753,2017,365,0,0,0,0,0
1753,2018,365,0,0,0,0,0
1753,2019,365,0,0,0,0,0
1753,2020,92,0,0,0,0,0
1754,1980,274,83,7,84,0,0
1754,1981,365,90,7,89,0,0
1754,1982,365,44,0,41,0,0
1754,1983,365,59,5,56,0,0
1754,1984,366,58,9,61,0,0
1754,1985,365,59,0,59,0,0
1754,1986,365,61,7,65,0,0
1754,1987,365,88,14,84,0,0
1754,1988,366,116,14,121,0,0
1754,1989,365,32,0,32,0,0
1754,1990,365,42,0,42,0,0
1754,1991,365,32,0,32,0,0
1754,1992,366,39,0,39,0,0
1754,1993,365,44,7,46,0,0
1754,1994,365,44,0,43,0,0
1754,1995,365,81,0,80,0,0
1754,1996,366,40,0,40,0,0
1754,1997,365,56,8,57,0,0
1754,1998,365,51,20,59,0,0
1754,1999,365,110,35,131,0,0
1754,2000,366,85,14,92,0,0
1754,2001,365,92,0,92,0,0
1754,2002,365,95,7,99,0,0
1754,2003,365,28,0,28,0,0
1754,2004,366,26,0,26,0,0
1754,2005,365,73,7,76,0,0
1754,2006,365,94,0,94,0,0
1754,2007,365,97,7,101,0,0
1754,2008,366,116,7,120,0,0
1754,2009,365,78,0,78,0,0
1754,2010,365,59,0,59,0,0
1754,2011,365,60,7,63,0,0
1754,2012,366,68,7,74,0,0
1754,2013,365,39,0,38,0,0
1754,2014,365,62,0,61,0,0
1754,2015,365,48,0,48,0,0
1754,2016,366,57,0,57,0,0
1754,2017,365,63,14,73,0,0
1754,2018,365,27,0,27,0,0
1754,2019,365,43,0,42,0,0
1754,2020,48,13,0,13,0,0
1755,1980,274,0,0,0,0,0
1755,1981,365,0,0,0,0,0
1755,1982,365,0,0,0,0,0
1755,1983,365,0,0,0,0,0
1755,1984,366,0,0,0,0,0
1755,1985,365,0,0,0,0,0
1755,1986,365,0,0,0,0,0
1755,1987,365,0,0,0,0,0
1755,1988,366,0,0,0,0,0
1755,1989,365,0,0,0,0,0
1755,1990,365,0,0,0,0,0
1755,1991,365,0,0,0,0,0
1755,1992,366,0,0,0,0,0
1755,1993,365,0,0,0,0,0
1755,1994,365,0,0,0,0,0
1755,1995,365,1,0,0,0,0
1755,1996,366,0,0,0,0,0
1755,1997,365,2,0,0,0,0
1755,1998,365,0,0,0,0,0
1755,1999,365,0,0,0,0,0
1755,2000,366,0,0,0,0,0
1755,2001,365,0,0,0,0,0
1755,2002,365,0,0,0,0,0
1755,2003,365,0,0,0,0,0
1755,2004,366,0,0,0,0,0
1755,2005,365,0,0,0,0,0
1755,2006,365,0,0,0,0,0
1755,2007,365,0,0,0,0,0
1755,2008,366,0,0,0,0,0
1755,2009,365,0,0,0,0,0
1755,2010,365,0,0,0,0,0
1755,2011,365,0,0,0,0,0
1755,2012,366,0,0,0,0,0
1755,2013,365,0,0,0,0,0
1755,2014,365,0,0,0,0,0
1755,2015,365,0,0,0,0,0
1755,2016,366,0,0,0,0,0
1755,2017,365,0,0,0,0,0
1755,2018,365,0,0,0,0,0
1755,2019,365,0,0,0,0,0
1755,2020,92,0,0,0,0,0
1756,1980,274,44,0,44,0,0
1756,1981,365,39,0,39,0,0
1756,1982,365,12,0,9,0,0
1756,1983,365,33,0,33,0,0
1756,1984,366,35,0,35,0,0
1756,1985,365,16,0,16,0,0
1756,1986,365,23,0,23,0,0
1756,1987,365,40,0,40,0,0
1756,1988,366,65,0,65,0,0
1756,1989,365,13,0,13,0,0
1756,1990,365,28,0,28,0,0
1756,1991,365,27,0,27,0,0
1756,1992,366,19,0,19,0,0
1756,1993,365,32,0,32,0,0
1756,1994,365,12,0,12,0,0
1756,1995,365,67,0,67,0,0
1756,1996,366,15,0,15,0,0
1756,1997,365,43,0,43,0,0
1756,1998,365,43,0,43,0,0
1756,1999,365,83,0,83,0,0
1756,2000,366,64,0,64,0,0
1756,2001,365,59,0,59,0,0
1756,2002,365,50,0,50,0,0
1756,2003,365,6,0,6,0,0
1756,2004,366,3,0,3,0,0
1756,2005,365,30,0,30,0,0
1756,2006,365,34,0,34,0,0
1756,2007,365,28,7,31,0,0
1756,2008,366,27,0,27,0,0
1756,2009,365,7,0,7,0,0
1756,2010,365,9,0,9,0,0
1756,2011,365,14,0,14,0,0
1756,2012,366,13,0,13,0,0
1756,2013,365,3,0,3,0,0
1756,2014,365,21,0,21,0,0
1756,2015,365,16,0,16,0,0
1756,2016,366,19,0,19,0,0
1756,2017,365,42,0,42,0,0
1756,2018,365,13,0,13,0,0
1756,2019,365,10,0,9,0,0
1756,2020,48,6,0,6,0,0
1761,1980,274,0,0,0,0,0
1761,1981,365,0,0,0,0,0
1761,1982,365,0,0,0,0,0
1761,1983,365,0,0,0,0,0
1761,1984,366,0,0,0,0,0
1761,1985,365,0,0,0,0,0
1761,1986,365,0,0,0,0,0
1761,1987,365,0,0,0,0,0
1761,1988,366,0,0,0,0,0
1761,1989,365,0,0,0,0,0
1761,1990,365,0,0,0,0,0
1761,1991,365,0,0,0,0,0
1761,1992,366,0,0,0,0,0
1761,1993,365,0,0,0,0,0
1761,1994,365,0,0,0,0,0
1761,1995,365,0,0,0,0,0
1761,1996,366,0,0,0,0,0
1761,1997,365,0,0,0,0,0
1761,1998,365,0,0,0,0,0
1761,1999,365,0,0,0,0,0
1761,2000,366,5,0,5,0,0
1761,2001,365,9,0,9,0,0
1761,2002,365,41,0,41,0,0
1761,2003,365,4,0,4,0,0
1761,2004,366,2,0,2,0,0
1761,2005,365,10,0,10,0,0
1761,2006,365,29,0,29,0,0
1761,2007,365,5,0,5,0,0
1761,2008,366,7,0,7,0,0
1761,2009,365,0,0,0,0,0
1761,2010,365,6,0,6,0,0
1761,2011,365,2,0,2,0,0
1761,2012,366,6,0,6,0,0
1761,2013,365,5,0,5,0,0
1761,2014,365,1,0,1,0,0
1761,2015,365,0,0,0,0,0
1761,2016,366,0,0,0,0,0
1761,2017,365,2,0,2,0,0
1761,2018,365,3,0,3,0,0
1761,2019,365,2,0,2,0,0
1761,2020,92,0,0,0,0,0
1762,1980,274,80,14,83,0,0
1762,1981,365,87,7,85,0,0
1762,1982,365,45,0,42,0,0
1762,1983,365,71,0,67,0,0
1762,1984,366,89,21,93,0,0
1762,1985,365,65,14,71,0,0
1762,1986,365,89,0,89,0,0
1762,1987,365,84,28,82,0,0
1762,1988,366,132,14,137,0,0
1762,1989,365,43,7,44,0,0
1762,1990,365,74,14,77,0,0
1762,1991,365,75,0,75,0,0
1762,1992,366,35,7,39,0,0
1762,1993,365,72,14,79,0,0
1762,1994,365,62,0,60,0,0
1762,1995,365,90,7,89,0,0
1762,1996,366,56,0,55,0,0
1762,1997,365,67,7,70,0,0
1762,1998,365,63,7,70,0,0
1762,1999,365,88,29,123,0,0
1762,2000,366,109,39,131,0,0
1762,2001,365,106,16,112,0,0
1762,2002,365,78,21,91,0,0
1762,2003,365,25,0,25,0,0
1762,2004,366,27,0,27,0,0
1762,2005,365,57,18,82,0,0
1762,2006,365,95,17,111,0,0
1762,2007,365,93,38,125,0,0
1762,2008,366,90,39,128,0,0
1762,2009,365,69,14,84,0,0
1762,2010,365,58,21,65,0,0
1762,2011,365,63,7,84,0,0
1762,2012,366,91,14,95,0,0
1762,2013,365,52,0,52,0,0
1762,2014,365,92,7,95,0,0
1762,2015,365,50,0,50,0,0
1762,2016,366,80,5,80,0,0
1762,2017,365,62,7,80,0,0
1762,2018,365,47,2,48,0,0
1762,2019,365,61,0,60,0,0
1762,2020,48,16,0,16,0,0
1768,1980,274,0,0,0,0,0
1768,1981,365,6,0,2,0,0
1768,1982,365,3,0,0,0,0
1768,1983,365,8,0,1,0,0
1768,1984,366,1,0,1,0,0
1768,1985,365,0,0,0,0,0
1768,1986,365,2,0,0,0,0
1768,1987,365,7,7,0,0,0
1768,1988,366,0,0,0,0,0
1768,1989,365,0,0,0,0,0
1768,1990,365,4,0,0,0,0
1768,1991,365,1,0,0,0,0
1768,1992,366,0,0,0,0,0
1768,1993,365,0,0,0,0,0
1768,1994,365,4,0,0,0,0
1768,1995,365,4,0,0,0,0
1768,1996,366,0,0,0,0,0
1768,1997,365,0,0,0,0,0
1768,1998,365,0,0,0,0,0
1768,1999,365,0,0,0,0,0
1768,2000,366,0,0,0,0,0
1768,2001,365,0,0,0,0,0
1768,2002,365,1,0,1,0,0
1768,2003,365,0,0,0,0,0
1768,2004,366,0,0,0,0,0
1768,2005,365,0,0,0,0,0
1768,2006,365,0,0,0,0,0
1768,2007,365,0,0,0,0,0
1768,2008,366,0,0,0,0,0
1768,2009,365,0,0,0,0,0
1768,2010,365,0,0,0,0,0
1768,2011,365,0,0,0,0,0
1768,2012,366,0,0,0,0,0
1768,2013,365,0,0,0,0,0
1768,2014,365,0,0,0,0,0
1768,2015,365,0,0,0,0,0
1768,2016,366,0,0,0,0,0
1768,2017,365,0,0,0,0,0
1768,2018,365,0,0,0,0,0
1768,2019,365,0,0,0,0,0
1768,2020,48,1,0,0,0,0
1775,1980,274,42,7,43,0,0
1775,1981,365,67,7,68,0,0
1775,1982,365,44,7,43,0,0
1775,1983,365,69,0,67,0,0
1775,1984,366,31,6,31,0,0
1775,1985,365,34,1,38,0,0
1775,1986,365,49,0,49,0,0
1775,1987,365,56,14,60,0,0
1775,1988,366,104,7,113,0,0
1775,1989,365,25,0,25,0,0
1775,1990,365,56,14,59,0,0
1775,1991,365,44,0,44,0,0
1775,1992,366,34,0,34,0,0
1775,1993,365,41,0,41,0,0
1775,1994,365,34,0,34,0,0
1775,1995,365,36,7,39,0,0
1775,1996,366,19,0,19,0,0
1775,1997,365,39,7,42,0,0
1775,1998,365,24,14,48,0,0
1775,1999,365,91,21,126,0,0
1775,2000,366,73,7,77,0,0
1775,2001,365,58,7,61,0,0
1775,2002,365,46,7,48,0,0
1775,2003,365,14,0,14,0,0
1775,2004,366,32,0,32,0,0
1775,2005,365,51,0,51,0,0
1775,2006,365,98,22,104,0,0
1775,2007,365,91,15,103,0,0
1775,2008,366,67,19,82,0,0
1775,2009,365,56,0,56,0,0
1775,2010,365,60,19,69,0,0
1775,2011,365,75,16,93,0,0
1775,2012,366,84,7,85,0,0
1775,2013,365,52,7,55,0,0
1775,2014,365,79,14,85,0,0
1775,2015,365,54,0,54,0,0
1775,2016,366,64,21,82,0,0
1775,2017,365,54,18,88,0,0
1775,2018,365,61,10,70,0,0
1775,2019,365,36,7,56,0,0
1775,2020,49,20,14,28,0,1
1776,1980,274,0,0,0,0,0
1776,1981,365,0,0,0,0,0
1776,1982,365,0,0,0,0,0
1776,1983,365,0,0,0,0,0
1776,1984,366,0,0,0,0,0
1776,1985,365,0,0,0,0,0
1776,1986,365,0,0,0,0,0
1776,1987,365,0,0,0,0,0
1776,1988,366,0,0,0,0,0
1776,1989,365,0,0,0,0,0
1776,1990,365,0,0,0,0,0
1776,1991,365,0,0,0,0,0
1776,1992,366,0,0,0,0,0
1776,1993,365,0,0,0,0,0
1776,1994,365,0,0,0,0,0
1776,1995,365,0,0,0,0,0
1776,1996,366,0,0,0,0,0
1776,1997,365,1,0,1,0,0
1776,1998,365,0,0,0,0,0
1776,1999,365,0,0,0,0,0
1776,2000,366,0,0,0,0,0
1776,2001,365,0,0,0,0,0
1776,2002,365,1,0,1,0,0
1776,2003,365,1,0,1,0,0
1776,2004,366,0,0,0,0,0
1776,2005,365,1,0,1,0,0
1776,2006,365,0,0,0,0,0
1776,2007,365,0,0,0,0,0
1776,2008,366,0,0,0,0,0
1776,2009,365,0,0,0,0,0
1776,2010,365,0,0,0,0,0
1776,2011,365,0,0,0,0,0
1776,2012,366,0,0,0,0,0
1776,2013,365,0,0,0,0,0
1776,2014,365,0,0,0,0,0
1776,2015,365,0,0,0,0,0
1776,2016,366,0,0,0,0,0
1776,2017,365,0,0,0,0,0
1776,2018,365,0,0,0,0,0
1776,2019,365,0,0,0,0,0
1776,2020,92,0,0,0,0,0
1777,1980,274,18,0,18,0,0
1777,1981,365,48,0,45,0,0
1777,1982,365,22,0,19,0,0
1777,1983,365,23,0,20,0,0
1777,1984,366,17,0,17,0,0
1777,1985,365,15,0,15,0,0
1777,1986,365,18,0,18,0,0
1777,1987,365,34,7,27,0,0
1777,1988,366,61,0,61,0,0
1777,1989,365,8,0,8,0,0
1777,1990,365,27,0,27,0,0
1777,1991,365,17,0,14,0,0
1777,1992,366,7,0,7,0,0
1777,1993,365,11,0,11,0,0
1777,1994,365,9,0,8,0,0
1777,1995,365,16,0,15,0,0
1777,1996,366,10,0,10,0,0
1777,1997,365,11,0,11,0,0
1777,1998,365,3,0,3,0,0
1777,1999,365,18,0,18,0,0
1777,2000,366,30,0,30,0,0
1777,2001,365,32,0,32,0,0
1777,2002,365,22,0,22,0,0
1777,2003,365,8,0,8,0,0
1777,2004,366,10,0,10,0,0
1777,2005,365,13,0,13,0,0
1777,2006,365,25,0,25,0,0
1777,2007,365,26,0,26,0,0
1777,2008,366,17,0,16,0,0
1777,2009,365,4,0,4,0,0
1777,2010,365,0,0,0,0,0
1777,2011,365,6,0,6,0,0
1777,2012,366,1,0,1,0,0
1777,2013,365,1,0,1,0,0
1777,2014,365,2,0,2,0,0
1777,2015,365,0,0,0,0,0
1777,2016,366,1,0,1,0,0
1777,2017,365,2,0,2,0,0
1777,2018,365,0,0,0,0,0
1777,2019,365,1,0,0,0,0
1777,2020,49,1,0,0,1,1
1782,1984,305,26,0,26,0,0
1782,1985,365,98,0,98,0,0
1782,1986,365,100,7,101,0,0
1782,1987,365,87,21,96,0,0
1782,1988,366,114,14,118,0,0
1782,1989,365,39,0,39,0,0
1782,1990,365,58,0,58,0,0
1782,1991,365,90,7,91,0,0
1782,1992,366,105,0,105,0,0
1782,1993,365,83,3,83,0,0
1782,1994,365,102,4,103,0,0
1782,1995,365,106,0,106,0,0
1782,1996,366,31,0,31,0,0
1782,1997,365,69,0,69,0,0
1782,1998,365,83,7,85,0,0
1782,1999,365,104,0,104,0,0
1782,2000,366,43,0,43,0,0
1782,2001,365,112,0,112,0,0
1782,2002,365,161,14,169,0,0
1782,2003,365,25,0,25,0,0
1782,2004,366,71,0,71,0,0
1782,2005,365,89,7,93,0,0
1782,2006,365,104,7,117,0,0
1782,2007,365,118,14,130,0,0
1782,2008,366,116,7,118,0,0
1782,2009,365,93,0,93,0,0
1782,2010,365,94,21,106,0,0
1782,2011,365,144,14,147,0,0
1782,2012,366,122,0,122,0,0
1782,2013,365,95,7,96,0,0
1782,2014,365,86,7,95,0,0
1782,2015,365,122,7,123,0,0
1782,2016,366,57,0,57,0,0
1782,2017,365,104,0,104,0,0
1782,2018,365,94,0,94,0,0
1782,2019,365,67,11,70,0,0
1782,2020,92,28,3,29,0,0
1796,1980,274,1,0,1,0,0
1796,1981,365,0,0,0,0,0
1796,1982,365,7,0,7,0,0
1796,1983,365,37,0,37,0,0
1796,1984,366,16,0,16,0,0
1796,1985,365,31,0,31,0,0
1796,1986,365,58,0,58,0,0
1796,1987,365,45,0,45,0,0
1796,1988,366,61,0,61,0,0
1796,1989,365,8,0,8,0,0
1796,1990,365,29,0,29,0,0
1796,1991,365,22,0,22,0,0
1796,1992,366,30,0,30,0,0
1796,1993,365,31,0,31,0,0
1796,1994,365,15,0,15,0,0
1796,1995,365,18,0,18,0,0
1796,1996,366,4,0,4,0,0
1796,1997,365,11,0,11,0,0
1796,1998,365,11,0,11,0,0
1796,1999,365,15,0,15,0,0
1796,2000,366,4,0,4,0,0
1796,2001,365,18,0,18,0,0
1796,2002,365,66,0,66,0,0
1796,2003,365,3,0,3,0,0
1796,2004,366,5,0,5,0,0
1796,2005,365,23,7,24,0,0
1796,2006,365,21,0,21,0,0
1796,2007,365,43,0,43,0,0
1796,2008,366,49,0,49,0,0
1796,2009,365,20,0,20,0,0
1796,2010,365,29,0,29,0,0
1796,2011,365,32,0,32,0,0
1796,2012,366,23,0,23,0,0
1796,2013,365,25,0,25,0,0
1796,2014,365,41,0,41,0,0
1796,2015,365,52,0,52,0,0
1796,2016,366,20,0,20,0,0
1796,2017,365,34,0,34,0,0
1796,2018,365,32,0,32,0,0
1796,2019,365,10,0,10,0,0
1796,2020,92,4,0,4,0,0
180,1988,53,0,0,0,0,0
180,1989,365,0,0,0,0,0
180,1990,365,0,0,0,0,0
180,1991,365,0,0,0,0,0
180,1992,366,0,0,0,0,0
180,1993,365,0,0,0,0,0
180,1994,365,8,7,1,0,0
180,1995,365,121,12,40,0,0
180,1996,366,160,30,46,0,0
180,1997,365,138,7,44,0,0
180,1998,365,121,7,38,0,0
180,1999,365,63,7,26,0,0
180,2000,366,62,0,39,0,0
180,2001,365,80,0,48,0,0
180,2002,365,103,5,46,0,0
180,2003,365,84,9,65,0,0
180,2004,366,45,0,37,0,0
180,2005,365,39,0,37,0,0
180,2006,365,71,14,72,0,0
180,2007,365,94,0,94,0,0
180,2008,366,109,14,112,0,0
180,2009,365,103,0,100,0,0
180,2010,365,32,0,32,0,0
180,2011,365,37,0,36,0,0
180,2012,366,105,7,106,0,0
180,2013,365,97,28,110,0,0
180,2014,365,111,35,151,0,0
180,2015,365,86,6,80,0,0
180,2016,366,96,8,94,0,0
180,2017,365,47,0,41,0,0
180,2018,365,103,0,100,0,0
180,2019,365,72,0,65,0,0
180,2020,92,22,0,21,0,0
182,1980,274,0,0,0,0,0
182,1981,365,0,0,0,0,0
182,1982,365,0,0,0,0,0
182,1983,365,0,0,0,0,0
182,1984,366,0,0,0,0,0
182,1985,365,0,0,0,0,0
182,1986,365,0,0,0,0,0
182,1987,365,0,0,0,0,0
182,1988,366,0,0,0,0,0
182,1989,365,0,0,0,0,0
182,1990,365,0,0,0,0,0
182,1991,365,0,0,0,0,0
182,1992,366,0,0,0,0,0
182,1993,365,0,0,0,0,0
182,1994,365,0,0,0,0,0
182,1995,365,0,0,0,0,0
182,1996,366,0,0,0,0,0
182,1997,365,0,0,0,0,0
182,1998,365,0,0,0,0,0
182,1999,365,0,0,0,0,0
182,2000,366,0,0,0,0,0
182,2001,365,0,0,0,0,0
182,2002,365,0,0,0,0,0
182,2003,365,0,0,0,0,0
182,2004,366,0,0,0,0,0
182,2005,365,0,0,0,0,0
182,2006,365,0,0,0,0,0
182,2007,365,0,0,0,0,0
182,2008,366,0,0,0,0,0
182,2009,365,0,0,0,0,0
182,2010,365,0,0,0,0,0
182,2011,365,0,0,0,0,0
182,2012,366,0,0,0,0,0
182,2013,365,0,0,0,0,0
182,2014,365,0,0,0,0,0
182,2015,365,0,0,0,0,0
182,2016,366,0,0,0,0,0
182,2017,365,0,0,0,0,0
182,2018,365,0,0,0,0,0
182,2019,365,7,7,0,0,0
182,2020,92,0,0,0,0,0
1848,1980,274,0,0,0,0,0
1848,1981,365,0,0,0,0,0
1848,1982,365,0,0,0,0,0
1848,1983,365,0,0,0,0,0
1848,1984,366,0,0,0,0,0
1848,1985,365,0,0,0,0,0
1848,1986,365,0,0,0,0,0
1848,1987,365,0,0,0,0,0
1848,1988,366,0,0,0,0,0
1848,1989,365,0,0,0,0,0
1848,1990,365,0,0,0,0,0
1848,1991,365,0,0,0,0,0
1848,1992,366,0,0,0,0,0
1848,1993,365,0,0,0,0,0
1848,1994,365,0,0,0,0,0
1848,1995,365,0,0,0,0,0
1848,1996,366,0,0,0,0,0
1848,1997,365,0,0,0,0,0
1848,1998,365,0,0,0,0,0
1848,1999,365,0,0,0,0,0
1848,2000,366,0,0,0,0,0
1848,2001,365,0,0,0,0,0
1848,2002,365,0,0,0,0,0
1848,2003,365,0,0,0,0,0
1848,2004,366,0,0,0,0,0
1848,2005,365,0,0,0,0,0
1848,2006,365,0,0,0,0,0
1848,2007,365,0,0,0,0,0
1848,2008,366,0,0,0,0,0
1848,2009,365,0,0,0,0,0
1848,2010,365,0,0,0,0,0
1848,2011,365,0,0,0,0,0
1848,2012,366,0,0,0,0,0
1848,2013,365,0,0,0,0,0
1848,2014,365,0,0,0,0,0
1848,2015,365,0,0,0,0,0
1848,2016,366,0,0,0,0,0
1848,2017,365,0,0,0,0,0
1848,2018,365,0,0,0,0,0
1848,2019,365,0,0,0,0,0
1848,2020,92,0,0,0,0,0
185,1980,274,35,0,35,0,0
185,1981,365,108,0,108,0,0
185,1982,365,57,0,57,0,0
185,1983,365,51,0,51,0,0
185,1984,366,69,0,69,0,0
185,1985,365,90,7,96,0,0
185,1986,365,116,14,119,0,0
185,1987,365,135,42,164,0,0
185,1988,366,124,21,129,0,0
185,1989,365,122,7,125,0,0
185,1990,365,124,21,132,0,0
185,1991,365,117,28,129,0,0
185,1992,366,137,21,143,0,0
185,1993,365,91,7,94,0,0
185,1994,365,104,14,114,0,0
185,1995,365,95,14,97,0,0
185,1996,366,102,7,107,0,0
185,1997,365,100,0,100,0,0
185,1998,365,76,0,76,0,0
185,1999,365,94,7,97,0,0
185,2000,366,118,14,120,0,0
185,2001,365,135,0,134,0,0
185,2002,365,102,14,104,0,0
185,2003,365,107,0,107,0,0
185,2004,366,106,0,104,0,0
185,2005,365,107,14,113,0,0
185,2006,365,75,0,75,0,0
185,2007,365,127,7,130,0,0
185,2008,366,128,0,128,0,0
185,2009,365,152,3,152,0,0
185,2010,365,94,4,98,0,0
185,2011,365,65,0,65,0,0
185,2012,366,100,0,100,0,0
185,2013,365,82,0,82,0,0
185,2014,365,128,0,128,0,0
185,2015,365,123,0,123,0,0
185,2016,366,107,0,107,0,0
185,2017,365,95,0,95,0,0
185,2018,365,125,0,125,0,0
185,2019,365,54,7,48,0,0
185,2020,92,0,0,0,0,0
1851,1980,274,0,0,0,0,0
1851,1981,365,0,0,0,0,0
1851,1982,365,1,0,1,0,0
1851,1983,365,2,0,2,0,0
1851,1984,366,0,0,0,0,0
1851,1985,365,0,0,0,0,0
1851,1986,365,21,0,21,0,0
1851,1987,365,10,0,10,0,0
1851,1988,366,18,0,18,0,0
1851,1989,365,4,0,4,0,0
1851,1990,365,1,0,1,0,0
1851,1991,365,0,0,0,0,0
1851,1992,366,1,0,1,0,0
1851,1993,365,1,0,1,0,0
1851,1994,365,3,0,3,0,0
1851,1995,365,2,0,2,0,0
1851,1996,366,0,0,0,0,0
1851,1997,365,1,0,1,0,0
1851,1998,365,3,0,3,0,0
1851,1999,365,10,0,10,0,0
1851,2000,366,9,0,9,0,0
1851,2001,365,17,0,17,0,0
1851,2002,365,22,0,22,0,0
1851,2003,365,0,0,0,0,0
1851,2004,366,2,0,2,0,0
1851,2005,365,0,0,0,0,0
1851,2006,365,9,0,9,0,0
1851,2007,365,24,0,24,0,0
1851,2008,366,53,0,53,0,0
1851,2009,365,25,0,25,0,0
1851,2010,365,2,0,2,0,0
1851,2011,365,8,0,8,0,0
1851,2012,366,7,0,7,0,0
1851,2013,365,2,0,2,0,0
1851,2014,365,2,0,2,0,0
1851,2015,365,6,0,6,0,0
1851,2016,366,10,0,10,0,0
1851,2017,365,36,0,36,0,0
1851,2018,365,2,0,2,0,0
1851,2019,365,7,0,7,0,0
1851,2020,92,2,0,2,0,0
1864,1980,274,0,0,0,0,0
1864,1981,365,0,0,0,0,0
1864,1982,365,0,0,0,0,0
1864,1983,365,0,0,0,0,0
1864,1984,366,0,0,0,0,0
1864,1985,365,0,0,0,0,0
1864,1986,365,0,0,0,0,0
1864,1987,365,0,0,0,0,0
1864,1988,366,0,0,0,0,0
1864,1989,365,0,0,0,0,0
1864,1990,365,0,0,0,0,0
1864,1991,365,0,0,0,0,0
1864,1992,366,0,0,0,0,0
1864,1993,365,0,0,0,0,0
1864,1994,365,0,0,0,0,0
1864,1995,365,0,0,0,0,0
1864,1996,366,0,0,0,0,0
1864,1997,365,0,0,0,0,0
1864,1998,365,0,0,0,0,0
1864,1999,365,0,0,0,0,0
1864,2000,366,0,0,0,0,0
1864,2001,365,0,0,0,0,0
1864,2002,365,0,0,0,0,0
1864,2003,365,0,0,0,0,0
1864,2004,366,0,0,0,0,0
1864,2005,365,0,0,0,0,0
1864,2006,365,0,0,0,0,0
1864,2007,365,0,0,0,0,0
1864,2008,366,0,0,0,0,0
1864,2009,365,0,0,0,0,0
1864,2010,365,0,0,0,0,0
1864,2011,365,0,0,0,0,0
1864,2012,366,0,0,0,0,0
1864,2013,365,0,0,0,0,0
1864,2014,365,0,0,0,0,0
1864,2015,365,0,0,0,0,0
1864,2016,366,0,0,0,0,0
1864,2017,365,0,0,0,0,0
1864,2018,365,0,0,0,0,0
1864,2019,365,0,0,0,0,0
1864,2020,92,0,0,0,0,0
1869,1980,274,0,0,0,0,0
1869,1981,365,0,0,0,0,0
1869,1982,365,0,0,0,0,0
1869,1983,365,0,0,0,0,0
1869,1984,366,0,0,0,0,0
1869,1985,365,0,0,0,0,0
1869,1986,365,0,0,0,0,0
1869,1987,365,0,0,0,0,0
1869,1988,366,0,0,0,0,0
1869,1989,365,0,0,0,0,0
1869,1990,365,0,0,0,0,0
1869,1991,365,0,0,0,0,0
1869,1992,366,0,0,0,0,0
1869,1993,365,0,0,0,0,0
1869,1994,365,0,0,0,0,0
1869,1995,365,0,0,0,0,0
1869,1996,366,0,0,0,0,0
1869,1997,365,0,0,0,0,0
1869,1998,365,0,0,0,0,0
1869,1999,365,0,0,0,0,0
1869,2000,366,0,0,0,0,0
1869,2001,365,0,0,0,0,0
1869,2002,365,0,0,0,0,0
1869,2003,365,0,0,0,0,0
1869,2004,366,0,0,0,0,0
1869,2005,365,0,0,0,0,0
1869,2006,365,0,0,0,0,0
1869,2007,365,0,0,0,0,0
1869,2008,366,0,0,0,0,0
1869,2009,365,0,0,0,0,0
1869,2010,365,0,0,0,0,0
1869,2011,365,0,0,0,0,0
1869,2012,366,0,0,0,0,0
1869,2013,365,0,0,0,0,0
1869,2014,365,0,0,0,0,0
1869,2015,365,0,0,0,0,0
1869,2016,366,0,0,0,0,0
1869,2017,365,0,0,0,0,0
1869,2018,365,0,0,0,0,0
1869,2019,365,0,0,0,0,0
1869,2020,92,0,0,0,0,0
1872,1980,274,3,0,3,0,0
1872,1981,365,19,0,19,0,0
1872,1982,365,7,0,7,0,0
1872,1983,365,3,0,3,0,0
1872,1984,366,16,0,16,0,0
1872,1985,365,31,0,31,0,0
1872,1986,365,37,0,37,0,0
1872,1987,365,18,0,18,0,0
1872,1988,366,23,0,23,0,0
1872,1989,365,17,0,17,0,0
1872,1990,365,18,0,18,0,0
1872,1991,365,5,0,5,0,0
1872,1992,366,12,0,12,0,0
1872,1993,365,12,0,12,0,0
1872,1994,365,15,0,15,0,0
1872,1995,365,7,0,7,0,0
1872,1996,366,18,0,18,0,0
1872,1997,365,12,0,12,0,0
1872,1998,365,3,0,3,0,0
1872,1999,365,12,0,12,0,0
1872,2000,366,20,0,20,0,0
1872,2001,365,17,0,17,0,0
1872,2002,365,21,0,21,0,0
1872,2003,365,13,0,13,0,0
1872,2004,366,36,0,36,0,0
1872,2005,365,15,0,15,0,0
1872,2006,365,59,0,59,0,0
1872,2007,365,80,0,80,0,0
1872,2008,366,60,0,60,0,0
1872,2009,365,65,0,65,0,0
1872,2010,365,35,0,35,0,0
1872,2011,365,76,0,76,0,0
1872,2012,366,92,0,92,0,0
1872,2013,365,42,0,42,0,0
1872,2014,365,51,0,51,0,0
1872,2015,365,75,0,75,0,0
1872,2016,366,49,0,49,0,0
1872,2017,365,95,0,95,0,0
1872,2018,365,56,0,56,0,0
1872,2019,365,40,0,40,0,0
1872,2020,92,23,0,23,0,0
1879,1980,274,0,0,0,0,0
1879,1981,365,0,0,0,0,0
1879,1982,365,0,0,0,0,0
1879,1983,365,0,0,0,0,0
1879,1984,366,48,35,0,0,0
1879,1985,365,10,0,0,0,0
1879,1986,365,1,0,0,0,0
1879,1987,365,12,7,0,0,0
1879,1988,366,14,0,0,0,0
1879,1989,365,0,0,0,0,0
1879,1990,365,0,0,0,0,0
1879,1991,365,0,0,0,0,0
1879,1992,366,0,0,0,0,0
1879,1993,365,0,0,0,0,0
1879,1994,365,0,0,0,0,0
1879,1995,365,0,0,0,0,0
1879,1996,366,0,0,0,0,0
1879,1997,365,0,0,0,0,0
1879,1998,365,0,0,0,0,0
1879,1999,365,0,0,0,0,0
1879,2000,366,0,0,0,0,0
1879,2001,365,0,0,0,0,0
1879,2002,365,0,0,0,0,0
1879,2003,365,0,0,0,0,0
1879,2004,366,0,0,0,0,0
1879,2005,365,0,0,0,0,0
1879,2006,365,0,0,0,0,0
1879,2007,365,0,0,0,0,0
1879,2008,366,0,0,0,0,0
1879,2009,365,0,0,0,0,0
1879,2010,365,15,7,0,0,0
1879,2011,365,0,0,0,0,0
1879,2012,366,0,0,0,0,0
1879,2013,365,0,0,0,0,0
1879,2014,365,0,0,0,0,0
1879,2015,365,0,0,0,0,0
1879,2016,366,1,0,0,0,0
1879,2017,365,1,0,0,0,0
1879,2018,365,1,0,0,0,0
1879,2019,365,0,0,0,0,0
1879,2020,92,0,0,0,0,0
1883,1980,274,7,7,0,0,0
1883,1981,365,0,0,0,0,0
1883,1982,365,7,7,0,0,0
1883,1983,365,0,0,0,0,0
1883,1984,366,21,21,0,0,0
1883,1985,365,7,7,0,0,0
1883,1986,365,7,7,0,0,0
1883,1987,365,0,0,0,0,0
1883,1988,366,0,0,0,0,0
1883,1989,365,31,7,0,0,0
1883,1990,365,2,0,0,0,0
1883,1991,365,5,0,0,0,0
1883,1992,366,0,0,0,0,0
1883,1993,365,0,0,0,0,0
1883,1994,365,0,0,0,0,0
1883,1995,365,0,0,0,0,0
1883,1996,366,0,0,0,0,0
1883,1997,365,0,0,0,0,0
1883,1998,365,0,0,0,0,0
1883,1999,365,0,0,0,0,0
1883,2000,366,0,0,0,0,0
1883,2001,365,0,0,0,0,0
1883,2002,365,0,0,0,0,0
1883,2003,365,0,0,0,0,0
1883,2004,366,0,0,0,0,0
1883,2005,365,0,0,0,0,0
1883,2006,365,0,0,0,0,0
1883,2007,365,2,0,0,0,0
1883,2008,366,2,0,0,0,0
1883,2009,365,14,14,0,0,0
1883,2010,365,16,7,0,0,0
1883,2011,365,0,0,0,0,0
1883,2012,366,6,0,0,0,0
1883,2013,365,28,21,0,0,0
1883,2014,365,0,0,0,0,0
1883,2015,365,0,0,0,0,0
1883,2016,366,0,0,0,0,0
1883,2017,365,0,0,0,0,0
1883,2018,365,0,0,0,0,0
1883,2019,365,7,7,0,0,0
1883,2020,92,0,0,0,0,0
1890,1980,274,0,0,0,0,0
1890,1981,365,0,0,0,0,0
1890,1982,365,0,0,0,0,0
1890,1983,365,0,0,0,0,0
1890,1984,366,0,0,0,0,0
1890,1985,365,0,0,0,0,0
1890,1986,365,0,0,0,0,0
1890,1987,365,0,0,0,0,0
1890,1988,366,0,0,0,0,0
1890,1989,365,0,0,0,0,0
1890,1990,365,0,0,0,0,0
1890,1991,365,0,0,0,0,0
1890,1992,366,0,0,0,0,0
1890,1993,365,0,0,0,0,0
1890,1994,365,0,0,0,0,0
1890,1995,365,0,0,0,0,0
1890,1996,366,0,0,0,0,0
1890,1997,365,0,0,0,0,0
1890,1998,365,0,0,0,0,0
1890,1999,365,0,0,0,0,0
1890,2000,366,0,0,0,0,0
1890,2001,365,0,0,0,0,0
1890,2002,365,0,0,0,0,0
1890,2003,365,0,0,0,0,0
1890,2004,366,0,0,0,0,0
1890,2005,365,0,0,0,0,0
1890,2006,365,0,0,0,0,0
1890,2007,365,0,0,0,0,0
1890,2008,366,1,0,0,0,0
1890,2009,365,9,7,0,0,0
1890,2010,365,9,0,0,0,0
1890,2011,365,0,0,0,0,0
1890,2012,366,0,0,0,0,0
1890,2013,365,0,0,0,0,0
1890,2014,365,0,0,0,0,0
1890,2015,365,2,0,1,0,0
1890,2016,366,0,0,0,0,0
1890,2017,365,0,0,0,0,0
1890,2018,365,0,0,0,0,0
1890,2019,365,0,0,0,0,0
1890,2020,92,0,0,0,0,0
190,1985,272,0,0,0,0,0
190,1986,365,0,0,0,0,0
190,1987,365,0,0,0,0,0
190,1988,366,0,0,0,0,0
190,1989,365,0,0,0,0,0
190,1990,365,0,0,0,0,0
190,1991,365,0,0,0,0,0
190,1992,366,0,0,0,0,0
190,1993,365,0,0,0,0,0
190,1994,365,16,7,0,0,0
190,1995,365,126,0,0,0,0
190,1996,366,164,35,0,0,0
190,1997,365,132,0,3,0,0
190,1998,365,107,0,0,0,0
190,1999,365,8,0,0,0,0
190,2000,366,2,0,0,0,0
190,2001,365,19,0,0,0,0
190,2002,365,30,14,0,0,0
190,2003,365,27,21,0,0,0
190,2004,366,3,0,0,0,0
190,2005,365,2,0,1,0,0
190,2006,365,1,0,0,0,0
190,2007,365,4,0,0,0,0
190,2008,366,9,0,3,0,0
190,2009,365,3,0,2,0,0
190,2010,365,0,0,0,0,0
190,2011,365,1,0,0,0,0
190,2012,366,1,0,0,0,0
190,2013,365,0,0,0,0,0
190,2014,365,1,0,0,0,0
190,2015,365,0,0,0,0,0
190,2016,366,0,0,0,0,0
190,2017,365,7,7,0,0,0
190,2018,365,0,0,0,0,0
190,2019,365,0,0,0,0,0
190,2020,92,0,0,0,0,0
191,1985,272,0,0,0,0,0
191,1986,365,0,0,0,0,0
191,1987,365,0,0,0,0,0
191,1988,366,0,0,0,0,0
191,1989,365,0,0,0,0,0
191,1990,365,0,0,0,0,0
191,1991,365,0,0,0,0,0
191,1992,366,0,0,0,0,0
191,1993,365,0,0,0,0,0
191,1994,365,16,7,0,0,0
191,1995,365,126,0,0,0,0
191,1996,366,168,35,0,0,0
191,1997,365,130,0,2,0,0
191,1998,365,107,0,0,0,0
191,1999,365,8,0,0,0,0
191,2000,366,2,0,0,0,0
191,2001,365,19,0,0,0,0
191,2002,365,30,14,0,0,0
191,2003,365,10,7,0,0,0
191,2004,366,3,0,0,0,0
191,2005,365,1,0,0,0,0
191,2006,365,4,0,0,0,0
191,2007,365,3,0,0,0,0
191,2008,366,6,0,0,0,0
191,2009,365,1,0,0,0,0
191,2010,365,0,0,0,0,0
191,2011,365,1,0,0,0,0
191,2012,366,1,0,0,0,0
191,2013,365,0,0,0,0,0
191,2014,365,1,0,0,0,0
191,2015,365,7,0,0,0,0
191,2016,366,4,0,0,0,0
191,2017,365,2,0,0,0,0
191,2018,365,2,0,0,0,0
191,2019,365,2,0,0,0,0
191,2020,92,1,0,0,0,0
1910,1980,274,0,0,0,0,0
1910,1981,365,0,0,0,0,0
1910,1982,365,0,0,0,0,0
1910,1983,365,0,0,0,0,0
1910,1984,366,0,0,0,0,0
1910,1985,365,1,0,1,0,0
1910,1986,365,1,0,1,0,0
1910,1987,365,0,0,0,0,0
1910,1988,366,2,0,2,0,0
1910,1989,365,2,0,2,0,0
1910,1990,365,1,0,1,0,0
1910,1991,365,0,0,0,0,0
1910,1992,366,0,0,0,0,0
1910,1993,365,0,0,0,0,0
1910,1994,365,0,0,0,0,0
1910,1995,365,0,0,0,0,0
1910,1996,366,1,0,1,0,0
1910,1997,365,1,0,1,0,0
1910,1998,365,0,0,0,0,0
1910,1999,365,2,0,2,0,0
1910,2000,366,1,0,1,0,0
1910,2001,365,1,0,1,0,0
1910,2002,365,8,0,8,0,0
1910,2003,365,0,0,0,0,0
1910,2004,366,2,0,2,0,0
1910,2005,365,1,0,1,0,0
1910,2006,365,0,0,0,0,0
1910,2007,365,2,0,2,0,0
1910,2008,366,1,0,1,0,0
1910,2009,365,1,0,1,0,0
1910,2010,365,2,0,1,0,0
1910,2011,365,1,0,1,0,0
1910,2012,366,5,0,5,0,0
1910,2013,365,0,0,0,0,0
1910,2014,365,2,0,2,0,0
1910,2015,365,1,0,1,0,0
1916,1980,274,0,0,0,0,0
1916,1981,365,0,0,0,0,0
1916,1982,365,0,0,0,0,0
1916,1983,365,0,0,0,0,0
1916,1984,366,0,0,0,0,0
1916,1985,365,0,0,0,0,0
1916,1986,365,0,0,0,0,0
1916,1987,365,0,0,0,0,0
1916,1988,366,0,0,0,0,0
1916,1989,365,0,0,0,0,0
1916,1990,365,0,0,0,0,0
1916,1991,365,0,0,0,0,0
1916,1992,366,0,0,0,0,0
1916,1993,365,0,0,0,0,0
1916,1994,365,0,0,0,0,0
1916,1995,365,0,0,0,0,0
1916,1996,366,0,0,0,0,0
1916,1997,365,0,0,0,0,0
1916,1998,365,0,0,0,0,0
1916,1999,365,7,7,0,0,0
1916,2000,366,0,0,0,0,0
1916,2001,365,0,0,0,0,0
1916,2002,365,0,0,0,0,0
1916,2003,365,0,0,0,0,0
1916,2004,366,0,0,0,0,0
1916,2005,365,0,0,0,0,0
1916,2006,365,0,0,0,0,0
1916,2007,365,0,0,0,0,0
1916,2008,366,0,0,0,0,0
1916,2009,365,0,0,0,0,0
1916,2010,365,0,0,0,0,0
1916,2011,365,0,0,0,0,0
1916,2012,366,0,0,0,0,0
1916,2013,365,0,0,0,0,0
1916,2014,365,0,0,0,0,0
1916,2015,365,0,0,0,0,0
1916,2016,366,0,0,0,0,0
1916,2017,365,0,0,0,0,0
1916,2018,365,7,7,0,0,0
1916,2019,365,0,0,0,0,0
1916,2020,92,0,0,0,0,0
193,1985,273,0,0,0,0,0
193,1986,365,0,0,0,0,0
193,1987,365,0,0,0,0,0
193,1988,366,0,0,0,0,0
193,1989,365,0,0,0,0,0
193,1990,365,0,0,0,0,0
193,1991,365,0,0,0,0,0
193,1992,366,0,0,0,0,0
193,1993,365,0,0,0,0,0
193,1994,365,10,7,3,0,0
193,1995,365,97,21,38,0,0
193,1996,366,130,28,2,0,0
193,1997,365,122,14,34,0,0
193,1998,365,93,0,7,0,0
193,1999,365,40,7,8,0,0
193,2000,366,45,0,15,0,0
193,2001,365,68,0,30,0,0
193,2002,365,136,35,75,0,0
193,2003,365,100,14,70,0,0
193,2004,366,73,0,62,0,0
193,2005,365,34,0,29,0,0
193,2006,365,29,0,26,0,0
193,2007,365,42,0,42,0,0
193,2008,366,71,0,63,0,0
193,2009,365,91,0,89,0,0
193,2010,365,45,0,45,0,0
193,2011,365,22,0,21,0,0
193,2012,366,32,0,32,0,0
193,2013,365,46,0,46,0,0
193,2014,365,98,0,94,0,0
193,2015,365,105,0,99,0,0
193,2016,366,41,0,39,0,0
193,2017,365,7,0,5,0,0
193,2018,365,28,0,25,0,0
193,2019,365,13,0,9,0,0
193,2020,92,5,0,5,0,0
198,1985,229,0,0,0,0,0
198,1986,365,0,0,0,0,0
198,1987,365,0,0,0,0,0
198,1988,366,0,0,0,0,0
198,1989,365,0,0,0,0,0
198,1990,365,7,7,0,0,0
198,1991,365,7,7,0,0,0
198,1992,366,0,0,0,0,0
198,1993,365,0,0,0,0,0
198,1994,365,7,7,0,0,0
198,1995,365,25,0,0,0,0
198,1996,366,7,0,2,0,0
198,1997,365,1,0,0,0,0
198,1998,365,7,0,1,0,0
198,1999,365,12,0,10,0,0
198,2000,366,0,0,0,0,0
198,2001,365,1,0,1,0,0
198,2002,365,0,0,0,0,0
198,2003,365,0,0,0,0,0
198,2004,366,3,0,0,0,0
198,2005,365,1,0,0,0,0
198,2006,365,3,0,0,0,0
198,2007,365,5,0,0,0,0
198,2008,366,5,0,1,0,0
198,2009,365,1,0,0,0,0
198,2010,365,1,0,0,0,0
198,2011,365,0,0,0,0,0
198,2012,366,2,0,0,0,0
198,2013,365,2,0,1,0,0
198,2014,365,4,0,0,0,0
198,2015,365,1,0,1,0,0
198,2016,366,0,0,0,0,0
198,2017,365,0,0,0,0,0
198,2018,365,2,0,0,0,0
198,2019,365,0,0,0,0,0
198,2020,92,0,0,0,0,0
203,1988,53,0,0,0,0,0
203,1989,365,0,0,0,0,0
203,1990,365,0,0,0,0,0
203,1991,365,0,0,0,0,0
203,1992,366,0,0,0,0,0
203,1993,365,0,0,0,0,0
203,1994,365,7,7,0,0,0
203,1995,365,51,0,22,0,0
203,1996,366,72,7,12,0,0
203,1997,365,109,0,9,0,0
203,1998,365,97,0,7,0,0
203,1999,365,39,7,1,0,0
203,2000,366,50,0,1,0,0
203,2001,365,71,14,2,0,0
203,2002,365,27,14,0,0,0
203,2003,365,4,0,0,0,0
203,2004,366,14,0,0,0,0
203,2005,365,13,0,6,0,0
203,2006,365,16,0,12,0,0
203,2007,365,3,0,2,0,0
203,2008,366,21,0,9,0,0
203,2009,365,17,0,14,0,0
203,2010,365,14,0,14,0,0
203,2011,365,12,0,11,0,0
203,2012,366,13,0,13,0,0
203,2013,365,20,0,17,0,0
203,2014,365,24,1,12,0,0
203,2015,365,6,6,0,0,0
203,2016,366,18,0,18,0,0
203,2017,365,22,7,15,0,0
203,2018,365,0,0,0,0,0
203,2019,365,0,0,0,0,0
203,2020,92,0,0,0,0,0
204,1980,274,7,0,7,0,0
204,1981,365,10,0,10,0,0
204,1982,365,14,0,14,0,0
204,1983,365,5,0,5,0,0
204,1984,366,0,0,0,0,0
204,1985,365,19,0,19,0,0
204,1986,365,25,0,25,0,0
204,1987,365,17,0,17,0,0
204,1988,366,78,7,84,0,0
204,1989,365,42,0,42,0,0
204,1990,365,63,7,67,0,0
204,1991,365,65,0,65,0,0
204,1992,366,12,0,12,0,0
204,1993,365,20,0,20,0,0
204,1994,365,14,0,14,0,0
204,1995,365,29,0,29,0,0
204,1996,366,27,0,27,0,0
204,1997,365,3,0,3,0,0
204,1998,365,4,0,4,0,0
204,1999,365,1,0,1,0,0
204,2000,366,3,0,3,0,0
204,2001,365,14,0,14,0,0
204,2002,365,3,0,3,0,0
204,2003,365,10,0,10,0,0
204,2004,366,7,0,7,0,0
204,2005,365,4,0,4,0,0
204,2006,365,10,0,10,0,0
204,2007,365,1,0,1,0,0
204,2008,366,9,0,9,0,0
204,2009,365,20,0,20,0,0
204,2010,365,10,0,10,0,0
204,2011,365,2,0,2,0,0
204,2012,366,2,0,2,0,0
204,2013,365,1,0,1,0,0
204,2014,365,0,0,0,0,0
204,2015,365,1,0,1,0,0
204,2016,366,1,0,1,0,0
204,2017,365,0,0,0,0,0
204,2018,365,0,0,0,0,0
204,2019,365,10,7,3,0,0
204,2020,92,0,0,0,0,0
210,1980,274,0,0,0,0,0
210,1981,365,0,0,0,0,0
210,1982,365,0,0,0,0,0
210,1983,365,0,0,0,0,0
210,1984,366,0,0,0,0,0
210,1985,365,0,0,0,0,0
210,1986,365,0,0,0,0,0
210,1987,365,0,0,0,0,0
210,1988,366,0,0,0,0,0
210,1989,365,0,0,0,0,0
210,1990,365,0,0,0,0,0
210,1991,365,0,0,0,0,0
210,1992,366,0,0,0,0,0
210,1993,365,0,0,0,0,0
210,1994,365,16,7,0,0,0
210,1995,365,121,0,0,0,0
210,1996,366,187,28,2,0,0
210,1997,365,131,0,1,0,0
210,1998,365,139,0,4,0,0
210,1999,365,74,7,5,0,0
210,2000,366,31,14,8,0,0
210,2001,365,49,7,29,0,0
210,2002,365,0,0,0,0,0
210,2003,365,11,0,5,0,0
210,2004,366,42,0,17,0,0
210,2005,365,36,0,5,0,0
210,2006,365,28,0,17,0,0
210,2007,365,52,0,22,0,0
210,2008,366,62,0,36,0,0
210,2009,365,26,0,20,0,0
210,2010,365,24,0,22,0,0
210,2011,365,9,0,8,0,0
210,2012,366,44,0,35,0,0
210,2013,365,18,0,16,0,0
210,2014,365,21,0,18,0,0
210,2015,365,27,0,15,0,0
210,2016,366,12,0,6,0,0
210,2017,365,9,0,1,0,0
210,2018,365,21,0,15,0,0
210,2019,365,16,0,9,0,0
210,2020,92,9,0,8,0,0
214,1985,273,0,0,0,0,0
214,1986,365,0,0,0,0,0
214,1987,365,0,0,0,0,0
214,1988,366,0,0,0,0,0
214,1989,365,0,0,0,0,0
214,1990,365,0,0,0,0,0
214,1991,365,0,0,0,0,0
214,1992,366,0,0,0,0,0
214,1993,365,0,0,0,0,0
214,1994,365,16,7,0,0,0
214,1995,365,117,0,0,0,0
214,1996,366,200,21,0,0,0
214,1997,365,129,0,0,0,0
214,1998,365,127,0,0,0,0
214,1999,365,60,7,0,0,0
214,2000,366,15,7,0,0,0
214,2001,365,4,0,0,0,0
214,2002,365,0,0,0,0,0
214,2003,365,0,0,0,0,0
214,2004,366,5,0,0,0,0
214,2005,365,32,0,0,0,0
214,2006,365,8,0,0,0,0
214,2007,365,27,0,0,0,0
214,2008,366,11,0,0,0,0
214,2009,365,3,0,1,0,0
214,2010,365,3,0,0,0,0
214,2011,365,1,0,0,0,0
214,2012,366,2,0,0,0,0
214,2013,365,0,0,0,0,0
214,2014,365,1,0,0,0,0
214,2015,365,4,0,0,0,0
214,2016,366,2,0,0,0,0
214,2017,365,2,0,0,0,0
214,2018,365,2,0,0,0,0
214,2019,365,2,0,0,0,0
214,2020,92,1,0,0,0,0
2158,1980,274,0,0,0,0,0
2158,1981,365,0,0,0,0,0
2158,1982,365,0,0,0,0,0
2158,1983,365,0,0,0,0,0
2158,1984,366,0,0,0,0,0
2158,1985,365,0,0,0,0,0
2158,1986,365,0,0,0,0,0
2158,1987,365,0,0,0,0,0
2158,1988,366,0,0,0,0,0
2158,1989,365,0,0,0,0,0
2158,1990,365,0,0,0,0,0
2158,1991,365,0,0,0,0,0
2158,1992,366,0,0,0,0,0
2158,1993,365,0,0,0,0,0
2158,1994,365,0,0,0,0,0
2158,1995,365,0,0,0,0,0
2158,1996,366,0,0,0,0,0
2158,1997,365,13,7,0,0,0
2158,1998,365,64,21,0,0,0
2158,1999,365,17,0,0,0,0
2158,2000,366,8,0,0,0,0
2158,2001,365,5,0,0,0,0
2158,2002,365,13,0,0,0,0
2158,2003,365,1,0,0,0,0
2158,2004,366,0,0,0,0,0
2158,2005,365,0,0,0,0,0
2158,2006,365,5,0,4,0,0
2158,2007,365,3,0,3,0,0
2158,2008,366,2,0,2,0,0
2158,2009,365,3,0,2,0,0
2158,2010,365,2,0,2,0,0
2158,2011,365,3,0,3,0,0
2158,2012,366,0,0,0,0,0
2158,2013,365,0,0,0,0,0
2158,2014,365,1,0,1,0,0
2158,2015,365,1,0,1,0,0
2158,2016,366,7,7,0,0,0
2158,2017,365,0,0,0,0,0
2158,2018,365,0,0,0,0,0
2158,2019,365,0,0,0,0,0
2158,2020,92,0,0,0,0,0
2188,1997,273,0,0,0,0,0
2188,1998,365,0,0,0,0,0
2188,1999,365,6,0,0,0,0
2188,2000,366,0,0,0,0,0
2188,2001,365,0,0,0,0,0
2188,2002,365,1,0,0,0,0
2188,2003,365,0,0,0,0,0
2188,2004,366,0,0,0,0,0
2188,2005,365,0,0,0,0,0
2188,2006,365,1,0,1,0,0
2188,2007,365,0,0,0,0,0
2188,2008,366,0,0,0,0,0
2188,2009,365,0,0,0,0,0
2188,2010,365,0,0,0,0,0
2188,2011,365,1,0,1,0,0
2188,2012,366,18,0,18,0,0
2188,2013,365,0,0,0,0,0
2188,2014,365,0,0,0,0,0
2188,2015,365,0,0,0,0,0
223,1985,274,0,0,0,0,0
223,1986,365,0,0,0,0,0
223,1987,365,0,0,0,0,0
223,1988,366,0,0,0,0,0
223,1989,365,0,0,0,0,0
223,1990,365,0,0,0,0,0
223,1991,365,0,0,0,0,0
223,1992,366,0,0,0,0,0
223,1993,365,0,0,0,0,0
223,1994,365,10,7,0,0,0
223,1995,365,87,14,4,0,0
223,1996,366,98,14,3,0,0
223,1997,365,32,0,2,0,0
223,1998,365,64,7,1,0,0
223,1999,365,62,7,1,0,0
223,2000,366,70,0,2,0,0
223,2001,365,49,0,0,0,0
223,2002,365,69,0,0,0,0
223,2003,365,48,0,0,0,0
223,2004,366,26,7,0,0,0
223,2005,365,19,0,0,0,0
223,2006,365,42,14,0,0,0
223,2007,365,12,0,4,0,0
223,2008,366,21,0,1,0,0
223,2009,365,6,0,0,0,0
223,2010,365,9,0,0,0,0
223,2011,365,31,7,12,0,0
223,2012,366,7,0,1,0,0
223,2013,365,12,0,4,0,0
223,2014,365,7,0,0,0,0
223,2015,365,11,0,0,0,0
223,2016,366,16,0,0,0,0
223,2017,365,25,0,0,0,0
223,2018,365,10,0,4,0,0
223,2019,365,16,0,0,0,0
223,2020,92,1,0,0,0,0
292,1980,274,17,7,28,0,0
292,1981,365,21,7,23,0,0
292,1982,365,4,0,4,0,0
292,1983,365,13,0,13,0,0
292,1984,366,21,7,25,0,0
292,1985,365,17,0,17,0,0
292,1986,365,3,0,3,0,0
292,1987,365,13,7,15,0,0
292,1988,366,20,0,20,0,0
292,1989,365,7,0,7,0,0
292,1990,365,3,0,3,0,0
292,1991,365,9,7,11,0,0
292,1992,366,0,0,0,0,0
292,1993,365,0,0,0,0,0
292,1994,365,16,0,16,0,0
292,1995,365,6,0,6,0,0
292,1996,366,0,0,0,0,0
292,1997,365,0,0,0,0,0
292,1998,365,52,7,54,0,0
292,1999,365,0,0,0,0,0
292,2000,366,16,0,16,0,0
292,2001,365,6,0,6,0,0
292,2002,365,0,0,0,0,0
292,2003,365,0,0,0,0,0
292,2004,366,0,0,0,0,0
292,2005,365,0,0,0,0,0
292,2006,365,0,0,0,0,0
292,2007,365,0,0,0,0,0
292,2008,366,0,0,0,0,0
292,2009,365,1,0,1,0,0
292,2010,365,0,0,0,0,0
292,2011,365,0,0,0,0,0
292,2012,366,0,0,0,0,0
292,2013,365,0,0,0,0,0
292,2014,365,0,0,0,0,0
292,2015,365,0,0,0,0,0
292,2016,366,0,0,0,0,0
292,2017,365,6,0,6,0,0
292,2018,365,4,0,4,0,0
292,2019,365,0,0,0,0,0
292,2020,92,0,0,0,0,0
293,1980,274,24,7,54,0,0
293,1981,365,24,0,24,0,0
293,1982,365,66,21,102,0,0
293,1983,365,62,28,84,0,0
293,1984,366,67,21,101,0,0
293,1985,365,78,0,78,0,0
293,1986,365,35,0,35,0,0
293,1987,365,34,0,34,0,0
293,1988,366,102,31,115,0,0
293,1989,365,53,39,137,0,0
293,1990,365,3,0,3,0,0
293,1991,365,34,0,34,0,0
293,1992,366,59,0,59,0,0
293,1993,365,56,0,56,0,0
293,1994,365,24,0,24,0,0
293,1995,365,50,0,50,0,0
293,1996,366,0,0,0,0,0
293,1997,365,0,0,0,0,0
293,1998,365,57,0,57,0,0
293,1999,365,58,0,58,0,0
293,2000,366,41,0,41,0,0
293,2001,365,117,24,125,0,0
293,2002,365,4,4,186,0,0
293,2003,365,0,0,0,0,0
293,2004,366,17,14,114,0,0
293,2005,365,7,0,7,0,0
293,2006,365,0,0,0,0,0
293,2007,365,0,0,0,0,0
293,2008,366,17,14,63,0,0
293,2009,365,19,14,37,0,0
293,2010,365,14,14,51,0,0
293,2011,365,0,0,0,0,0
293,2012,366,0,0,0,0,0
293,2013,365,0,0,0,0,0
293,2014,365,36,21,51,0,0
293,2015,365,0,0,0,0,0
293,2016,366,8,7,9,0,0
293,2017,365,24,14,54,0,0
293,2018,365,54,14,65,0,0
293,2019,365,8,7,1,0,0
293,2020,92,0,0,0,0,0
297,1980,274,0,0,0,0,0
297,1981,365,1,0,0,0,0
297,1982,365,1,0,0,0,0
297,1983,365,1,0,0,0,0
297,1984,366,1,0,0,0,0
297,1985,365,1,0,0,0,0
297,1986,365,1,0,0,0,0
297,1987,365,1,0,0,0,0
297,1988,366,1,0,0,0,0
297,1989,365,1,0,0,0,0
297,1990,365,1,0,0,0,0
297,1991,365,1,0,0,0,0
297,1992,366,1,0,0,0,0
297,1993,365,1,0,0,0,0
297,1994,365,1,0,0,0,0
297,1995,365,1,0,0,0,0
297,1996,366,1,0,0,0,0
297,1997,365,1,0,0,0,0
297,1998,365,1,0,0,0,0
297,1999,365,1,0,0,0,0
297,2000,366,1,0,0,0,0
297,2001,365,1,0,0,0,0
297,2002,365,9,7,0,0,0
297,2003,365,14,14,0,0,0
297,2004,366,0,0,0,0,0
297,2005,365,1,0,0,0,0
297,2006,365,9,7,0,0,0
297,2007,365,7,7,0,0,0
297,2008,366,7,7,0,0,0
297,2009,365,0,0,0,0,0
297,2010,365,0,0,0,0,0
297,2011,365,0,0,0,0,0
297,2012,366,0,0,0,0,0
297,2013,365,1,0,0,0,0
297,2014,365,1,0,0,0,0
297,2015,365,1,0,0,0,0
297,2016,366,1,0,0,0,0
297,2017,365,0,0,0,0,0
297,2018,365,0,0,0,0,0
297,2019,365,0,0,0,0,0
297,2020,92,0,0,0,0,0
300,1980,274,5,0,5,0,0
300,1981,365,7,7,9,0,0
300,1982,365,8,0,8,0,0
300,1983,365,22,0,22,0,0
300,1984,366,41,7,43,0,0
300,1985,365,10,7,33,0,0
300,1986,365,0,0,0,0,0
300,1987,365,0,0,0,0,0
300,1988,366,7,7,32,0,0
300,1989,365,7,7,10,0,0
300,1990,365,0,0,0,0,0
300,1991,365,0,0,0,0,0
300,1992,366,0,0,0,0,0
300,1993,365,0,0,0,0,0
300,1994,365,14,14,35,0,0
300,1995,365,0,0,0,0,0
300,1996,366,0,0,0,0,0
300,1997,365,0,0,0,0,0
300,1998,365,0,0,0,0,0
300,1999,365,0,0,0,0,0
300,2000,366,19,7,43,0,0
300,2001,365,30,7,74,0,0
300,2002,365,0,0,30,0,0
300,2003,365,7,7,26,0,0
300,2004,366,0,0,0,0,0
300,2005,365,0,0,0,0,0
300,2006,365,10,0,10,0,0
300,2007,365,13,7,48,0,0
300,2008,366,0,0,0,0,0
300,2009,365,0,0,0,0,0
300,2010,365,0,0,0,0,0
300,2011,365,0,0,0,0,0
300,2012,366,0,0,0,0,0
300,2013,365,0,0,0,0,0
300,2014,365,0,0,0,0,0
300,2015,365,8,0,8,0,0
300,2016,366,17,0,17,0,0
300,2017,365,21,0,21,0,0
300,2018,365,9,0,9,0,0
300,2019,365,7,0,7,0,0
300,2020,92,0,0,0,0,0
307,1980,274,0,0,0,0,0
307,1981,365,0,0,0,0,0
307,1982,365,0,0,0,0,0
307,1983,365,0,0,0,0,0
307,1984,366,0,0,0,0,0
307,1985,365,0,0,0,0,0
307,1986,365,0,0,0,0,0
307,1987,365,0,0,0,0,0
307,1988,366,0,0,0,0,0
307,1989,365,0,0,0,0,0
307,1990,365,0,0,0,0,0
307,1991,365,0,0,0,0,0
307,1992,366,0,0,0,0,0
307,1993,365,0,0,0,0,0
307,1994,365,0,0,0,0,0
307,1995,365,0,0,0,0,0
307,1996,366,0,0,0,0,0
307,1997,365,0,0,0,0,0
307,1998,365,0,0,0,0,0
307,1999,365,0,0,0,0,0
307,2000,366,0,0,0,0,0
307,2001,365,0,0,0,0,0
307,2002,365,0,0,0,0,0
307,2003,365,0,0,0,0,0
307,2004,366,0,0,0,0,0
307,2005,365,0,0,0,0,0
307,2006,365,0,0,0,0,0
307,2007,365,0,0,0,0,0
307,2008,366,0,0,0,0,0
307,2009,365,0,0,0,0,0
307,2010,365,0,0,0,0,0
307,2011,365,0,0,0,0,0
307,2012,366,0,0,0,0,0
307,2013,365,0,0,0,0,0
307,2014,365,0,0,0,0,0
307,2015,365,0,0,0,0,0
307,2016,366,0,0,0,0,0
307,2017,365,3,0,0,0,0
307,2018,365,0,0,0,0,0
307,2019,365,0,0,0,0,0
307,2020,92,0,0,0,0,0
310,1980,274,0,0,0,0,0
310,1981,365,1,0,0,0,0
310,1982,365,0,0,0,0,0
310,1983,365,0,0,0,0,0
310,1984,366,0,0,0,0,0
310,1985,365,0,0,0,0,0
310,1986,365,0,0,0,0,0
310,1987,365,0,0,0,0,0
310,1988,366,0,0,0,0,0
310,1989,365,0,0,0,0,0
310,1990,365,0,0,0,0,0
310,1991,365,0,0,0,0,0
310,1992,366,0,0,0,0,0
310,1993,365,0,0,0,0,0
310,1994,365,0,0,0,0,0
310,1995,365,0,0,0,0,0
310,1996,366,0,0,0,0,0
310,1997,365,0,0,0,0,0
310,1998,365,0,0,0,0,0
310,1999,365,0,0,0,0,0
310,2000,366,0,0,0,0,0
310,2001,365,0,0,0,0,0
310,2002,365,0,0,0,0,0
310,2003,365,0,0,0,0,0
310,2004,366,0,0,0,0,0
310,2005,365,0,0,0,0,0
310,2006,365,0,0,0,0,0
310,2007,365,0,0,0,0,0
310,2008,366,0,0,0,0,0
310,2009,365,0,0,0,0,0
310,2010,365,0,0,0,0,0
310,2011,365,0,0,0,0,0
310,2012,366,0,0,0,0,0
310,2013,365,1,0,0,0,0
310,2014,365,0,0,0,0,0
310,2015,365,1,0,0,0,0
310,2016,366,0,0,0,0,0
310,2017,365,0,0,0,0,0
310,2018,327,0,0,0,0,0
316,2000,366,0,0,0,0,0
316,2001,365,0,0,0,0,0
316,2002,365,0,0,0,0,0
316,2003,365,0,0,0,0,0
316,2004,366,0,0,0,0,0
316,2005,365,0,0,0,0,0
316,2006,365,0,0,0,0,0
316,2007,365,0,0,0,0,0
316,2008,366,0,0,0,0,0
316,2009,365,0,0,0,0,0
316,2010,365,0,0,0,0,0
316,2011,365,0,0,0,0,0
316,2012,366,0,0,0,0,0
316,2013,365,0,0,0,0,0
316,2014,365,0,0,0,0,0
316,2015,365,0,0,0,0,0
316,2016,366,0,0,0,0,0
316,2017,365,0,0,0,0,0
316,2018,365,0,0,0,0,0
316,2019,365,0,0,0,0,0
316,2020,92,0,0,0,0,0
317,1990,335,0,0,0,0,0
317,1991,365,0,0,0,0,0
317,1992,366,0,0,0,0,0
317,1993,365,34,7,35,0,0
317,1994,365,22,0,22,0,0
317,1995,365,21,7,21,0,0
317,1996,366,104,0,106,0,0
317,1997,365,98,0,98,0,0
317,1998,365,69,20,182,0,0
317,1999,365,77,8,130,0,0
317,2000,366,109,35,154,0,0
317,2001,365,75,35,139,0,0
317,2002,365,72,14,108,0,0
317,2003,365,54,28,150,0,0
317,2004,366,81,42,155,0,0
317,2005,365,47,14,184,0,0
317,2006,365,37,14,189,0,0
317,2007,365,7,7,24,0,0
317,2008,366,0,0,0,0,0
317,2009,365,62,35,172,0,0
317,2010,365,14,14,206,0,0
317,2011,365,0,0,0,0,0
317,2012,366,0,0,0,0,0
317,2013,365,1,0,1,0,0
317,2014,365,0,0,0,0,0
317,2015,365,0,0,0,0,0
317,2016,366,0,0,0,0,0
317,2017,365,12,7,0,0,0
317,2018,365,3,0,3,0,0
317,2019,92,6,0,6,0,0
319,1980,274,0,0,0,0,0
319,1981,365,1,0,1,0,0
319,1982,365,0,0,0,0,0
319,1983,365,0,0,0,0,0
319,1984,366,0,0,0,0,0
319,1985,365,0,0,0,0,0
319,1986,365,0,0,0,0,0
319,1987,365,1,0,1,0,0
319,1988,366,0,0,0,0,0
319,1989,365,0,0,0,0,0
319,1990,365,0,0,0,0,0
319,1991,365,0,0,0,0,0
319,1992,366,0,0,0,0,0
319,1993,365,0,0,0,0,0
319,1994,365,0,0,0,0,0
319,1995,365,0,0,0,0,0
319,1996,366,0,0,0,0,0
319,1997,365,0,0,0,0,0
319,1998,365,0,0,0,0,0
319,1999,365,0,0,0,0,0
319,2000,366,0,0,0,0,0
319,2001,365,0,0,0,0,0
319,2002,365,0,0,0,0,0
319,2003,365,0,0,0,0,0
319,2004,366,0,0,0,0,0
319,2005,365,0,0,0,0,0
319,2006,365,0,0,0,0,0
319,2007,365,0,0,0,0,0
319,2008,366,0,0,0,0,0
319,2009,365,0,0,0,0,0
319,2010,365,0,0,0,0,0
319,2011,365,0,0,0,0,0
319,2012,366,0,0,0,0,0
319,2013,365,0,0,0,0,0
319,2014,365,0,0,0,0,0
319,2015,365,0,0,0,0,0
319,2016,366,0,0,0,0,0
319,2017,365,0,0,0,0,0
319,2018,365,0,0,0,0,0
319,2019,365,0,0,0,0,0
319,2020,92,0,0,0,0,0
320,1986,365,45,0,45,0,0
320,1987,365,20,14,41,0,0
320,1988,366,40,28,78,0,0
320,1989,365,10,7,13,0,0
320,1990,365,32,14,71,0,0
320,1991,365,17,7,106,0,0
320,1992,366,126,21,139,0,0
320,1993,365,43,0,43,0,0
320,1994,365,68,7,74,0,0
320,1995,365,11,0,11,0,0
320,1996,366,37,0,37,0,0
320,1997,365,6,0,6,0,0
320,1998,365,35,7,58,0,0
320,1999,365,34,28,116,0,0
320,2000,366,26,21,81,0,0
320,2001,365,4,0,4,0,0
320,2002,365,42,7,68,0,0
320,2003,365,55,14,101,0,0
320,2004,366,43,21,99,0,0
320,2005,365,54,21,87,0,0
320,2006,365,37,7,81,0,0
320,2007,365,7,7,73,0,0
320,2008,366,37,21,74,0,0
320,2009,365,34,21,87,0,0
320,2010,365,31,21,56,0,0
320,2011,365,39,14,48,0,0
320,2012,366,35,14,80,0,0
320,2013,365,45,28,86,0,0
320,2014,365,23,21,61,0,0
320,2015,365,49,28,80,0,0
320,2016,366,52,21,86,0,0
320,2017,365,68,14,75,0,0
320,2018,365,12,0,12,0,0
320,2019,365,13,0,13,0,0
320,2020,92,0,0,0,0,0
355,1980,274,0,0,0,0,0
355,1981,365,0,0,0,0,0
355,1982,365,0,0,0,0,0
355,1983,365,0,0,0,0,0
355,1984,366,0,0,0,0,0
355,1985,365,0,0,0,0,0
355,1986,365,0,0,0,0,0
355,1987,365,0,0,0,0,0
355,1988,366,0,0,0,0,0
355,1989,365,0,0,0,0,0
355,1990,365,0,0,0,0,0
355,1991,365,0,0,0,0,0
355,1992,366,0,0,0,0,0
355,1993,365,0,0,0,0,0
355,1994,365,0,0,0,0,0
355,1995,365,0,0,0,0,0
355,1996,366,0,0,0,0,0
355,1997,365,0,0,0,0,0
355,1998,365,0,0,0,0,0
355,1999,365,0,0,0,0,0
355,2000,366,0,0,0,0,0
355,2001,365,0,0,0,0,0
355,2002,365,0,0,0,0,0
355,2003,365,0,0,0,0,0
355,2004,366,0,0,0,0,0
355,2005,365,0,0,0,0,0
355,2006,365,0,0,0,0,0
355,2007,365,0,0,0,0,0
355,2008,366,0,0,0,0,0
355,2009,365,0,0,0,0,0
355,2010,365,0,0,0,0,0
355,2011,365,0,0,0,0,0
355,2012,366,0,0,0,0,0
355,2013,365,0,0,0,0,0
355,2014,365,0,0,0,0,0
355,2015,365,0,0,0,0,0
355,2016,366,0,0,0,0,0
355,2017,365,0,0,0,0,0
355,2018,365,0,0,0,0,0
355,2019,365,0,0,0,0,0
355,2020,92,0,0,0,0,0
361,1980,274,0,0,0,0,0
361,1981,365,0,0,0,0,0
361,1982,365,0,0,0,0,0
361,1983,365,0,0,0,0,0
361,1984,366,4,0,4,0,0
361,1985,365,20,0,20,0,0
361,1986,365,28,7,16,0,0
361,1987,365,22,7,49,0,0
361,1988,366,70,56,22,0,0
361,1989,365,35,14,17,0,0
361,1990,365,27,7,40,0,0
361,1991,365,15,7,19,0,0
361,1992,366,26,14,35,0,0
361,1993,365,6,0,3,0,0
361,1994,365,6,0,6,0,0
361,1995,365,3,0,1,0,0
361,1996,366,7,7,0,0,0
361,1997,365,8,7,0,0,0
361,1998,365,1,0,1,0,0
361,1999,365,0,0,0,0,0
361,2000,366,8,0,7,0,0
361,2001,365,22,0,21,0,0
361,2002,365,13,7,6,0,0
361,2003,365,10,7,26,0,0
361,2004,366,8,0,7,0,0
361,2005,365,15,7,16,0,0
361,2006,365,7,0,0,0,0
361,2007,365,17,7,9,0,0
361,2008,366,0,0,0,0,0
361,2009,365,4,0,0,0,0
361,2010,365,0,0,0,0,0
361,2011,365,0,0,0,0,0
361,2012,366,0,0,0,0,0
361,2013,365,5,0,5,0,0
361,2014,365,7,0,7,0,0
361,2015,365,18,14,59,0,0
361,2016,366,9,0,9,0,0
361,2017,365,10,0,10,0,0
361,2018,365,26,0,26,0,0
361,2019,365,15,0,15,0,0
361,2020,92,1,0,1,0,0
362,1980,274,0,0,0,0,0
362,1981,365,0,0,0,0,0
362,1982,365,0,0,0,0,0
362,1983,365,0,0,0,0,0
362,1984,366,0,0,0,0,0
362,1985,365,0,0,0,0,0
362,1986,365,0,0,0,0,0
362,1987,365,0,0,0,0,0
362,1988,366,0,0,0,0,0
362,1989,365,0,0,0,0,0
362,1990,365,0,0,0,0,0
362,1991,365,0,0,0,0,0
362,1992,366,0,0,0,0,0
362,1993,365,0,0,0,0,0
362,1994,365,0,0,0,0,0
362,1995,365,0,0,0,0,0
362,1996,366,0,0,0,0,0
362,1997,365,0,0,0,0,0
362,1998,365,0,0,0,0,0
362,1999,365,0,0,0,0,0
362,2000,366,0,0,0,0,0
362,2001,365,0,0,0,0,0
362,2002,365,0,0,0,0,0
362,2003,365,0,0,0,0,0
362,2004,366,0,0,0,0,0
362,2005,365,0,0,0,0,0
362,2006,365,0,0,0,0,0
362,2007,365,0,0,0,0,0
362,2008,366,0,0,0,0,0
362,2009,365,0,0,0,0,0
362,2010,365,0,0,0,0,0
362,2011,365,0,0,0,0,0
362,2012,366,0,0,0,0,0
362,2013,365,0,0,0,0,0
362,2014,365,0,0,0,0,0
362,2015,365,0,0,0,0,0
362,2016,366,0,0,0,0,0
362,2017,365,0,0,0,0,0
362,2018,365,0,0,0,0,0
362,2019,365,0,0,0,0,0
362,2020,92,0,0,0,0,0
364,1986,188,0,0,0,0,0
364,1987,365,15,14,0,0,0
364,1988,366,11,0,1,0,0
364,1989,365,9,0,2,0,0
364,1990,365,1,0,0,0,0
364,1991,365,0,0,0,0,0
364,1992,366,0,0,0,0,0
364,1993,365,1,0,1,0,0
364,1994,365,1,0,1,0,0
364,1995,365,3,0,0,0,0
364,1996,366,0,0,0,0,0
364,1997,365,1,0,1,0,0
364,1998,365,0,0,0,0,0
364,1999,365,5,0,5,0,0
364,2000,366,0,0,0,0,0
364,2001,365,2,0,2,0,0
364,2002,365,0,0,0,0,0
364,2003,365,0,0,0,0,0
364,2004,366,0,0,0,0,0
364,2005,365,0,0,0,0,0
364,2006,365,0,0,0,0,0
364,2007,365,0,0,0,0,0
364,2008,366,0,0,0,0,0
364,2009,365,0,0,0,0,0
364,2010,365,0,0,0,0,0
364,2011,365,0,0,0,0,0
364,2012,366,0,0,0,0,0
364,2013,365,0,0,0,0,0
364,2014,365,0,0,0,0,0
364,2015,365,0,0,0,0,0
364,2016,366,0,0,0,0,0
364,2017,365,0,0,0,0,0
364,2018,365,0,0,0,0,0
364,2019,92,0,0,0,0,0
367,1980,274,28,14,32,0,0
367,1981,365,29,14,39,0,0
367,1982,365,10,7,18,0,0
367,1983,365,31,0,31,0,0
367,1984,366,17,0,17,0,0
367,1985,365,27,14,35,0,0
367,1986,365,42,0,42,0,0
367,1987,365,65,21,76,0,0
367,1988,366,36,0,36,0,0
367,1989,365,36,7,39,0,0
367,1990,365,41,0,41,0,0
367,1991,365,46,0,46,0,0
367,1992,366,33,0,33,0,0
367,1993,365,19,0,19,0,0
367,1994,365,68,14,73,0,0
367,1995,365,54,14,57,0,0
367,1996,366,35,21,47,0,0
367,1997,365,29,7,31,0,0
367,1998,365,18,0,18,0,0
367,1999,365,27,0,27,0,0
367,2000,366,37,0,37,0,0
367,2001,365,17,0,17,0,0
367,2002,365,28,0,28,0,0
367,2003,365,17,0,17,0,0
367,2004,366,18,0,18,0,0
367,2005,365,37,0,37,0,0
367,2006,365,37,14,41,0,0
367,2007,365,49,7,52,0,0
367,2008,366,20,0,20,0,0
367,2009,365,25,0,25,0,0
367,2010,365,9,0,9,0,0
367,2011,365,13,0,13,0,0
367,2012,366,38,0,38,0,0
367,2013,365,58,14,61,0,0
367,2014,365,11,0,11,0,0
367,2015,365,8,0,8,0,0
367,2016,366,8,0,8,0,0
367,2017,365,19,0,19,0,0
367,2018,365,36,0,36,0,0
367,2019,365,47,28,54,0,0
367,2020,92,2,0,2,0,0
368,1986,365,0,0,0,0,0
368,1987,365,0,0,0,0,0
368,1988,366,0,0,0,0,0
368,1989,365,45,0,45,0,0
368,1990,365,59,14,66,0,0
368,1991,365,22,21,41,0,0
368,1992,366,23,14,39,0,0
368,1993,365,14,7,7,0,0
368,1994,365,46,14,92,0,0
368,1995,365,6,0,6,0,0
368,1996,366,11,0,11,0,0
368,1997,365,0,0,0,0,0
368,1998,365,8,0,8,0,0
368,1999,365,36,0,33,0,0
368,2000,366,39,0,39,0,0
368,2001,365,9,0,9,0,0
368,2002,365,0,0,0,0,0
368,2003,365,9,7,15,0,0
368,2004,366,0,0,0,0,0
368,2005,365,0,0,0,0,0
368,2006,365,0,0,0,0,0
368,2007,365,15,14,48,0,0
368,2008,366,0,0,0,0,0
368,2009,365,0,0,0,0,0
368,2010,365,0,0,0,0,0
368,2011,365,0,0,0,0,0
368,2012,366,0,0,0,0,0
368,2013,365,11,0,11,0,0
368,2014,365,0,0,0,0,0
368,2015,365,0,0,0,0,0
368,2016,366,6,0,6,0,0
368,2017,365,0,0,0,0,0
368,2018,365,8,7,1,0,0
368,2019,365,0,0,0,0,0
368,2020,92,0,0,0,0,0
372,1980,274,7,0,7,0,0
372,1981,365,15,7,19,0,0
372,1982,365,2,0,2,0,0
372,1983,365,0,0,0,0,0
372,1984,366,0,0,0,0,0
372,1985,365,9,0,9,0,0
372,1986,365,14,0,14,0,0
372,1987,365,12,0,12,0,0
372,1988,366,41,7,44,0,0
372,1989,365,3,0,4,0,0
372,1990,365,11,0,11,0,0
372,1991,365,15,0,15,0,0
372,1992,366,19,7,21,0,0
372,1993,365,6,0,6,0,0
372,1994,365,48,0,48,0,0
372,1995,365,12,0,12,0,0
372,1996,366,6,0,6,0,0
372,1997,365,1,0,1,0,0
372,1998,365,0,0,0,0,0
372,1999,365,1,0,1,0,0
372,2000,366,17,0,17,0,0
372,2001,365,13,0,13,0,0
372,2002,365,16,0,16,0,0
372,2003,365,15,7,17,0,0
372,2004,366,7,0,7,0,0
372,2005,365,21,7,22,0,0
372,2006,365,5,0,5,0,0
372,2007,365,21,7,27,0,0
372,2008,366,3,0,3,0,0
372,2009,365,0,0,0,0,0
372,2010,365,5,0,5,0,0
372,2011,365,0,0,0,0,0
372,2012,366,11,0,11,0,0
372,2013,365,24,14,36,0,0
372,2014,365,15,0,15,0,0
372,2015,365,17,7,20,0,0
372,2016,366,36,0,36,0,0
372,2017,365,4,0,4,0,0
372,2018,365,1,0,1,0,0
372,2019,365,2,0,2,0,0
372,2020,92,0,0,0,0,0
373,1980,274,0,0,0,0,0
373,1981,365,0,0,0,0,0
373,1982,365,0,0,0,0,0
373,1983,365,0,0,0,0,0
373,1984,366,0,0,0,0,0
373,1985,365,0,0,0,0,0
373,1986,365,0,0,0,0,0
373,1987,365,0,0,0,0,0
373,1988,366,0,0,0,0,0
373,1989,365,0,0,0,0,0
373,1990,365,0,0,0,0,0
373,1991,365,0,0,0,0,0
373,1992,366,0,0,0,0,0
373,1993,365,0,0,0,0,0
373,1994,365,0,0,0,0,0
373,1995,365,0,0,0,0,0
373,1996,366,0,0,0,0,0
373,1997,365,0,0,0,0,0
373,1998,365,0,0,0,0,0
373,1999,365,0,0,0,0,0
373,2000,366,0,0,0,0,0
373,2001,365,0,0,0,0,0
373,2002,365,1,0,1,0,0
373,2003,365,0,0,0,0,0
373,2004,366,0,0,0,0,0
373,2005,365,0,0,0,0,0
373,2006,365,0,0,0,0,0
373,2007,365,0,0,0,0,0
373,2008,366,0,0,0,0,0
373,2009,365,0,0,0,0,0
373,2010,365,0,0,0,0,0
373,2011,365,0,0,0,0,0
373,2012,366,0,0,0,0,0
373,2013,365,1,0,1,0,0
373,2014,365,0,0,0,0,0
373,2015,365,0,0,0,0,0
373,2016,366,0,0,0,0,0
373,2017,365,0,0,0,0,0
373,2018,365,0,0,0,0,0
373,2019,365,0,0,0,0,0
373,2020,92,0,0,0,0,0
374,1980,274,1,0,1,0,0
374,1981,365,1,0,1,0,0
374,1982,365,0,0,0,0,0
374,1983,365,0,0,0,0,0
374,1984,366,0,0,0,0,0
374,1985,365,0,0,0,0,0
374,1986,365,0,0,0,0,0
374,1987,365,2,0,2,0,0
374,1988,366,2,0,2,0,0
374,1989,365,0,0,0,0,0
374,1990,365,0,0,0,0,0
374,1991,365,0,0,0,0,0
374,1992,366,0,0,0,0,0
374,1993,365,0,0,0,0,0
374,1994,365,0,0,0,0,0
374,1995,365,0,0,0,0,0
374,1996,366,0,0,0,0,0
374,1997,365,0,0,0,0,0
374,1998,365,0,0,0,0,0
374,1999,365,0,0,0,0,0
374,2000,366,0,0,0,0,0
374,2001,365,0,0,0,0,0
374,2002,365,0,0,0,0,0
374,2003,365,0,0,0,0,0
374,2004,366,0,0,0,0,0
374,2005,365,1,0,1,0,0
374,2006,365,0,0,0,0,0
374,2007,365,1,0,1,0,0
374,2008,366,0,0,0,0,0
374,2009,365,0,0,0,0,0
374,2010,365,1,0,1,0,0
374,2011,365,0,0,0,0,0
374,2012,366,0,0,0,0,0
374,2013,365,0,0,0,0,0
374,2014,365,0,0,0,0,0
374,2015,365,0,0,0,0,0
374,2016,366,0,0,0,0,0
374,2017,365,0,0,0,0,0
374,2018,365,0,0,0,0,0
374,2019,365,0,0,0,0,0
374,2020,92,0,0,0,0,0
378,1980,274,0,0,0,0,0
378,1981,365,24,14,35,0,0
378,1982,365,36,28,79,0,0
378,1983,365,33,14,65,0,0
378,1984,366,11,0,11,0,0
378,1985,365,12,0,12,0,0
378,1986,365,20,0,20,0,0
378,1987,365,28,0,28,0,0
378,1988,366,20,0,20,0,0
378,1989,365,11,0,11,0,0
378,1990,365,9,0,9,0,0
378,1991,365,22,0,22,0,0
378,1992,366,13,0,13,0,0
378,1993,365,8,7,1,0,0
378,1994,365,91,14,95,0,0
378,1995,365,71,7,73,0,0
378,1996,366,79,7,83,0,0
378,1997,365,86,7,94,0,0
378,1998,365,112,7,113,0,0
378,1999,365,45,14,52,0,0
378,2000,366,44,7,65,0,0
378,2001,365,24,7,65,0,0
378,2002,365,28,14,33,0,0
378,2003,365,26,14,57,0,0
378,2004,366,10,0,10,0,0
378,2005,365,23,7,25,0,0
378,2006,365,22,14,50,0,0
378,2007,365,36,7,68,0,0
378,2008,366,22,7,57,0,0
378,2009,365,31,14,45,0,0
378,2010,365,17,7,32,0,0
378,2011,365,12,7,40,0,0
378,2012,366,34,0,34,0,0
378,2013,365,18,7,32,0,0
378,2014,365,31,0,31,0,0
378,2015,365,14,0,14,0,0
378,2016,366,23,14,38,0,0
378,2017,365,22,14,33,0,0
378,2018,365,7,7,31,0,0
378,2019,365,16,0,16,0,0
378,2020,92,2,0,2,0,0
384,1980,274,0,0,0,0,0
384,1981,365,15,0,15,0,0
384,1982,365,5,0,5,0,0
384,1983,365,2,0,2,0,0
384,1984,366,0,0,0,0,0
384,1985,365,3,0,3,0,0
384,1986,365,0,0,0,0,0
384,1987,365,6,0,6,0,0
384,1988,366,9,0,9,0,0
384,1989,365,14,0,14,0,0
384,1990,365,2,0,2,0,0
384,1991,365,2,0,2,0,0
384,1992,366,10,0,10,0,0
384,1993,365,2,0,2,0,0
384,1994,365,7,0,7,0,0
384,1995,365,2,0,2,0,0
384,1996,366,1,0,1,0,0
384,1997,365,0,0,0,0,0
384,1998,365,0,0,0,0,0
384,1999,365,0,0,0,0,0
384,2000,366,1,0,1,0,0
384,2001,365,0,0,0,0,0
384,2002,365,3,0,3,0,0
384,2003,365,0,0,0,0,0
384,2004,366,4,0,4,0,0
384,2005,365,3,0,3,0,0
384,2006,365,3,0,3,0,0
384,2007,365,4,0,4,0,0
384,2008,366,0,0,0,0,0
384,2009,365,1,0,1,0,0
384,2010,365,1,0,1,0,0
384,2011,365,1,0,1,0,0
384,2012,366,0,0,0,0,0
384,2013,365,1,0,1,0,0
384,2014,365,5,0,5,0,0
384,2015,365,3,0,3,0,0
384,2016,366,3,0,3,0,0
384,2017,365,0,0,0,0,0
384,2018,365,0,0,0,0,0
384,2019,365,0,0,0,0,0
384,2020,92,0,0,0,0,0
385,1980,274,9,0,9,0,0
385,1981,365,3,0,3,0,0
385,1982,365,1,0,1,0,0
385,1983,365,12,0,12,0,0
385,1984,366,6,0,6,0,0
385,1985,365,0,0,0,0,0
385,1986,365,2,0,1,0,0
385,1987,365,13,0,13,0,0
385,1988,366,1,0,1,0,0
385,1989,365,3,0,3,0,0
385,1990,365,12,0,12,0,0
385,1991,365,19,7,22,0,0
385,1992,366,56,0,56,0,0
385,1993,365,20,7,55,0,0
385,1994,365,0,0,0,0,0
385,1995,365,30,0,30,0,0
385,1996,366,4,0,4,0,0
385,1997,365,0,0,0,0,0
385,1998,365,18,0,18,0,0
385,1999,365,33,14,53,0,0
385,2000,366,11,0,11,0,0
385,2001,365,10,0,10,0,0
385,2002,365,33,0,33,0,0
385,2003,365,13,0,13,0,0
385,2004,366,11,0,11,0,0
385,2005,365,26,7,27,0,0
385,2006,365,27,0,27,0,0
385,2007,365,12,0,12,0,0
385,2008,366,19,0,19,0,0
385,2009,365,89,7,90,0,0
385,2010,365,60,7,63,0,0
385,2011,365,33,7,50,0,0
385,2012,366,70,7,72,0,0
385,2013,365,15,0,15,0,0
385,2014,365,10,0,10,0,0
385,2015,365,44,14,69,0,0
385,2016,366,21,7,36,0,0
385,2017,365,57,21,107,0,0
385,2018,365,93,28,146,0,0
385,2019,365,41,14,37,0,0
385,2020,92,0,0,0,0,0
386,1980,274,1,0,1,0,0
386,1981,365,7,0,7,0,0
386,1982,365,4,0,4,0,0
386,1983,365,1,0,1,0,0
386,1984,366,0,0,0,0,0
386,1985,365,1,0,1,0,0
386,1986,365,3,0,3,0,0
386,1987,365,4,0,4,0,0
386,1988,366,11,0,11,0,0
386,1989,365,4,0,4,0,0
386,1990,365,4,0,4,0,0
386,1991,365,5,0,5,0,0
386,1992,366,16,0,16,0,0
386,1993,365,11,0,11,0,0
386,1994,365,19,0,19,0,0
386,1995,365,20,0,20,0,0
386,1996,366,2,0,2,0,0
386,1997,365,4,0,4,0,0
386,1998,365,2,0,2,0,0
386,1999,365,8,0,8,0,0
386,2000,366,6,0,6,0,0
386,2001,365,8,0,8,0,0
386,2002,365,4,0,4,0,0
386,2003,365,2,0,2,0,0
386,2004,366,3,0,3,0,0
386,2005,365,5,0,5,0,0
386,2006,365,4,0,4,0,0
386,2007,365,4,0,4,0,0
386,2008,366,4,0,4,0,0
386,2009,365,2,0,2,0,0
386,2010,365,1,0,1,0,0
386,2011,365,1,0,1,0,0
386,2012,366,2,0,2,0,0
386,2013,365,6,0,6,0,0
386,2014,365,6,0,6,0,0
386,2015,365,5,0,5,0,0
386,2016,366,3,0,3,0,0
386,2017,365,4,0,4,0,0
386,2018,365,4,0,4,0,0
386,2019,365,6,0,6,0,0
386,2020,92,4,0,4,0,0
390,1980,274,14,0,14,0,0
390,1981,365,47,7,49,0,0
390,1982,365,2,0,2,0,0
390,1983,365,0,0,0,0,0
390,1984,366,0,0,0,0,0
390,1985,365,5,0,5,0,0
390,1986,365,3,0,3,0,0
390,1987,365,23,0,23,0,0
390,1988,366,54,14,64,0,0
390,1989,365,37,0,37,0,0
390,1990,365,63,0,63,0,0
390,1991,365,29,0,29,0,0
390,1992,366,53,0,53,0,0
390,1993,365,3,0,3,0,0
390,1994,365,34,7,35,0,0
390,1995,365,17,0,17,0,0
390,1996,366,20,0,20,0,0
390,1997,365,2,0,2,0,0
390,1998,365,4,0,4,0,0
390,1999,365,3,0,3,0,0
390,2000,366,50,7,51,0,0
390,2001,365,46,0,46,0,0
390,2002,365,35,14,42,0,0
390,2003,365,42,14,51,0,0
390,2004,366,23,0,23,0,0
390,2005,365,41,0,41,0,0
390,2006,365,23,0,23,0,0
390,2007,365,63,28,79,0,0
390,2008,366,40,14,62,0,0
390,2009,365,30,0,33,0,0
390,2010,365,20,0,20,0,0
390,2011,365,1,0,1,0,0
390,2012,366,36,7,38,0,0
390,2013,365,37,7,57,0,0
390,2014,365,41,0,41,0,0
390,2015,365,26,0,26,0,0
390,2016,366,32,7,45,0,0
390,2017,365,2,0,2,0,0
390,2018,365,45,7,51,0,0
390,2019,365,26,0,26,0,0
390,2020,92,0,0,0,0,0
391,1980,274,0,0,0,0,0
391,1981,365,0,0,0,0,0
391,1982,365,0,0,0,0,0
391,1983,365,0,0,0,0,0
391,1984,366,0,0,0,0,0
391,1985,365,0,0,0,0,0
391,1986,365,3,0,2,0,0
391,1987,365,5,0,3,0,0
391,1988,366,4,0,2,0,0
391,1989,365,0,0,0,0,0
391,1990,365,1,0,0,0,0
391,1991,365,4,0,3,0,0
391,1992,366,3,0,2,0,0
391,1993,365,2,0,0,0,0
391,1994,365,5,0,4,0,0
391,1995,365,2,0,0,0,0
391,1996,366,1,0,0,0,0
391,1997,365,3,0,1,0,0
391,1998,365,1,0,0,0,0
391,1999,365,1,0,0,0,0
391,2000,366,3,0,1,0,0
391,2001,365,3,0,1,0,0
391,2002,365,0,0,0,0,0
391,2003,365,3,0,3,0,0
391,2004,366,1,0,1,0,0
391,2005,365,0,0,0,0,0
391,2006,365,0,0,0,0,0
391,2007,365,0,0,0,0,0
391,2008,366,0,0,0,0,0
391,2009,365,0,0,0,0,0
391,2010,365,0,0,0,0,0
391,2011,365,0,0,0,0,0
391,2012,366,0,0,0,0,0
391,2013,365,0,0,0,0,0
391,2014,365,0,0,0,0,0
391,2015,365,0,0,0,0,0
391,2016,366,2,0,2,0,0
391,2017,365,0,0,0,0,0
391,2018,365,0,0,0,0,0
391,2019,365,0,0,0,0,0
391,2020,92,1,0,1,0,0
393,1980,274,0,0,0,0,0
393,1981,365,0,0,0,0,0
393,1982,365,0,0,0,0,0
393,1983,365,0,0,0,0,0
393,1984,366,0,0,0,0,0
393,1985,365,0,0,0,0,0
393,1986,365,0,0,0,0,0
393,1987,365,0,0,0,0,0
393,1988,366,0,0,0,0,0
393,1989,365,0,0,0,0,0
393,1990,365,0,0,0,0,0
393,1991,365,0,0,0,0,0
393,1992,366,0,0,0,0,0
393,1993,365,0,0,0,0,0
393,1994,365,0,0,0,0,0
393,1995,365,0,0,0,0,0
393,1996,366,0,0,0,0,0
393,1997,365,0,0,0,0,0
393,1998,365,0,0,0,0,0
393,1999,365,0,0,0,0,0
393,2000,366,0,0,0,0,0
393,2001,365,0,0,0,0,0
393,2002,365,0,0,0,0,0
393,2003,365,0,0,0,0,0
393,2004,366,0,0,0,0,0
393,2005,365,0,0,0,0,0
393,2006,365,0,0,0,0,0
393,2007,365,0,0,0,0,0
393,2008,366,0,0,0,0,0
393,2009,365,0,0,0,0,0
393,2010,365,0,0,0,0,0
393,2011,365,0,0,0,0,0
393,2012,366,0,0,0,0,0
393,2013,365,0,0,0,0,0
393,2014,365,0,0,0,0,0
393,2015,365,0,0,0,0,0
393,2016,366,5,0,5,0,0
393,2017,365,0,0,0,0,0
393,2018,365,0,0,0,0,0
393,2019,365,0,0,0,0,0
393,2020,92,0,0,0,0,0
398,1980,274,8,0,8,0,0
398,1981,365,5,0,5,0,0
398,1982,365,9,0,9,0,0
398,1983,365,14,0,14,0,0
398,1984,366,0,0,0,0,0
398,1985,365,12,0,12,0,0
398,1986,365,0,0,0,0,0
398,1987,365,9,0,9,0,0
398,1988,366,11,0,11,0,0
398,1989,365,3,0,3,0,0
398,1990,365,9,0,9,0,0
398,1991,365,1,0,1,0,0
398,1992,366,0,0,0,0,0
398,1993,365,0,0,0,0,0
398,1994,365,0,0,0,0,0
398,1995,365,1,0,1,0,0
398,1996,366,3,0,3,0,0
398,1997,365,2,0,2,0,0
398,1998,365,2,0,2,0,0
398,1999,365,2,0,2,0,0
398,2000,366,1,0,1,0,0
398,2001,365,1,0,1,0,0
398,2002,365,3,0,3,0,0
398,2003,365,1,0,1,0,0
398,2004,366,2,0,2,0,0
398,2005,365,0,0,0,0,0
398,2006,365,2,0,2,0,0
398,2007,365,0,0,0,0,0
398,2008,366,4,0,4,0,0
398,2009,365,6,0,6,0,0
398,2010,365,1,0,1,0,0
398,2011,365,5,0,5,0,0
398,2012,366,5,0,5,0,0
398,2013,365,0,0,0,0,0
398,2014,365,1,0,1,0,0
398,2015,365,1,0,1,0,0
398,2016,366,2,0,2,0,0
398,2017,365,0,0,0,0,0
398,2018,365,3,0,3,0,0
398,2019,365,2,0,2,0,0
398,2020,92,0,0,0,0,0
399,1980,274,22,0,22,0,0
399,1981,365,22,0,22,0,0
399,1982,365,9,0,9,0,0
399,1983,365,11,0,11,0,0
399,1984,366,16,0,16,0,0
399,1985,365,17,0,17,0,0
399,1986,365,11,0,11,0,0
399,1987,365,9,0,9,0,0
399,1988,366,21,0,21,0,0
399,1989,365,21,0,21,0,0
399,1990,365,37,14,54,0,0
399,1991,365,25,0,25,0,0
399,1992,366,7,0,7,0,0
399,1993,365,75,7,76,0,0
399,1994,365,80,0,80,0,0
399,1995,365,75,0,75,0,0
399,1996,366,62,0,62,0,0
399,1997,365,77,0,77,0,0
399,1998,365,78,0,78,0,0
399,1999,365,93,0,93,0,0
399,2000,366,26,0,26,0,0
399,2001,365,80,0,80,0,0
399,2002,365,76,0,76,0,0
399,2003,365,68,0,68,0,0
399,2004,366,78,7,81,0,0
399,2005,365,89,0,89,0,0
399,2006,365,95,7,97,0,0
399,2007,365,25,0,25,0,0
399,2008,366,86,0,86,0,0
399,2009,365,94,0,94,0,0
399,2010,365,81,0,81,0,0
399,2011,365,94,0,94,0,0
399,2012,366,94,7,98,0,0
399,2013,365,98,0,98,0,0
399,2014,365,94,7,95,0,0
399,2015,365,93,0,93,0,0
399,2016,366,85,7,91,0,0
399,2017,365,79,0,79,0,0
399,2018,365,94,0,94,0,0
399,2019,365,46,7,39,0,0
399,2020,92,0,0,0,0,0
41,1980,274,0,0,0,0,0
41,1981,365,0,0,0,0,0
41,1982,365,0,0,0,0,0
41,1983,365,0,0,0,0,0
41,1984,366,0,0,0,0,0
41,1985,365,0,0,0,0,0
41,1986,365,0,0,0,0,0
41,1987,365,0,0,0,0,0
41,1988,366,0,0,0,0,0
41,1989,365,0,0,0,0,0
41,1990,365,0,0,0,0,0
41,1991,365,0,0,0,0,0
41,1992,366,0,0,0,0,0
41,1993,365,0,0,0,0,0
41,1994,365,0,0,0,0,0
41,1995,365,0,0,0,0,0
41,1996,366,0,0,0,0,0
41,1997,365,0,0,0,0,0
41,1998,365,0,0,0,0,0
41,1999,365,0,0,0,0,0
41,2000,366,0,0,0,0,0
41,2001,365,0,0,0,0,0
41,2002,365,0,0,0,0,0
41,2003,365,0,0,0,0,0
41,2004,366,0,0,0,0,0
41,2005,365,0,0,0,0,0
41,2006,365,0,0,0,0,0
41,2007,365,0,0,0,0,0
41,2008,366,0,0,0,0,0
41,2009,365,0,0,0,0,0
41,2010,365,0,0,0,0,0
41,2011,365,0,0,0,0,0
41,2012,366,0,0,0,0,0
41,2013,365,0,0,0,0,0
41,2014,365,0,0,0,0,0
41,2015,365,0,0,0,0,0
41,2016,366,0,0,0,0,0
41,2017,365,0,0,0,0,0
41,2018,365,1,0,1,0,0
41,2019,365,0,0,0,0,0
41,2020,92,0,0,0,0,0
413,1980,274,0,0,0,0,0
413,1981,365,0,0,0,0,0
413,1982,365,0,0,0,0,0
413,1983,365,0,0,0,0,0
413,1984,366,0,0,0,0,0
413,1985,365,0,0,0,0,0
413,1986,365,0,0,0,0,0
413,1987,365,0,0,0,0,0
413,1988,366,4,0,4,0,0
413,1989,365,4,0,4,0,0
413,1990,365,2,0,2,0,0
413,1991,365,5,0,5,0,0
413,1992,366,5,0,5,0,0
413,1993,365,2,0,2,0,0
413,1994,365,0,0,0,0,0
413,1995,365,4,0,4,0,0
413,1996,366,0,0,0,0,0
413,1997,365,0,0,0,0,0
413,1998,365,0,0,0,0,0
413,1999,365,0,0,0,0,0
413,2000,366,0,0,0,0,0
413,2001,365,2,0,2,0,0
413,2002,365,3,0,3,0,0
413,2003,365,1,0,1,0,0
413,2004,366,0,0,0,0,0
413,2005,365,3,0,3,0,0
413,2006,365,2,0,2,0,0
413,2007,365,3,0,3,0,0
413,2008,366,3,0,3,0,0
413,2009,365,1,0,1,0,0
413,2010,365,2,0,2,0,0
413,2011,365,1,0,1,0,0
413,2012,366,0,0,0,0,0
413,2013,365,5,0,1,0,0
413,2014,365,1,0,1,0,0
413,2015,365,12,0,12,0,0
413,2016,366,4,0,4,0,0
413,2017,365,2,0,2,0,0
413,2018,365,0,0,0,0,0
413,2019,365,5,0,5,0,0
413,2020,92,3,0,3,0,0
415,1980,274,0,0,0,0,0
415,1981,365,0,0,0,0,0
415,1982,365,0,0,0,0,0
415,1983,365,0,0,0,0,0
415,1984,366,0,0,0,0,0
415,1985,365,0,0,0,0,0
415,1986,365,0,0,0,0,0
415,1987,365,0,0,0,0,0
415,1988,366,0,0,0,0,0
415,1989,365,0,0,0,0,0
415,1990,365,0,0,0,0,0
415,1991,365,0,0,0,0,0
415,1992,366,0,0,0,0,0
415,1993,365,13,0,13,0,0
415,1994,365,0,0,0,0,0
415,1995,365,0,0,0,0,0
415,1996,366,0,0,0,0,0
415,1997,365,0,0,0,0,0
415,1998,365,0,0,0,0,0
415,1999,365,0,0,0,0,0
415,2000,366,0,0,0,0,0
415,2001,365,0,0,0,0,0
415,2002,365,0,0,0,0,0
415,2003,365,0,0,0,0,0
415,2004,366,0,0,0,0,0
415,2005,365,0,0,0,0,0
415,2006,365,0,0,0,0,0
415,2007,365,0,0,0,0,0
415,2008,366,0,0,0,0,0
415,2009,365,0,0,0,0,0
415,2010,365,0,0,0,0,0
415,2011,365,0,0,0,0,0
415,2012,366,0,0,0,0,0
415,2013,365,0,0,0,0,0
415,2014,365,0,0,0,0,0
415,2015,365,0,0,0,0,0
415,2016,366,0,0,0,0,0
415,2017,365,0,0,0,0,0
415,2018,365,0,0,0,0,0
415,2019,365,7,7,0,0,0
415,2020,92,0,0,0,0,0
416,1980,274,0,0,0,0,0
416,1981,365,0,0,0,0,0
416,1982,365,0,0,0,0,0
416,1983,365,0,0,0,0,0
416,1984,366,0,0,0,0,0
416,1985,365,0,0,0,0,0
416,1986,365,0,0,0,0,0
416,1987,365,0,0,0,0,0
416,1988,366,0,0,0,0,0
416,1989,365,0,0,0,0,0
416,1990,365,0,0,0,0,0
416,1991,365,0,0,0,0,0
416,1992,366,0,0,0,0,0
416,1993,365,0,0,0,0,0
416,1994,365,0,0,0,0,0
416,1995,365,1,0,1,0,0
416,1996,366,0,0,0,0,0
416,1997,365,0,0,0,0,0
416,1998,365,1,0,1,0,0
416,1999,365,0,0,0,0,0
416,2000,366,0,0,0,0,0
416,2001,365,0,0,0,0,0
416,2002,365,0,0,0,0,0
416,2003,365,0,0,0,0,0
416,2004,366,0,0,0,0,0
416,2005,365,0,0,0,0,0
416,2006,365,0,0,0,0,0
416,2007,365,0,0,0,0,0
416,2008,366,0,0,0,0,0
416,2009,365,0,0,0,0,0
416,2010,365,0,0,0,0,0
416,2011,365,0,0,0,0,0
416,2012,366,0,0,0,0,0
416,2013,365,0,0,0,0,0
416,2014,365,0,0,0,0,0
416,2015,365,0,0,0,0,0
416,2016,366,0,0,0,0,0
416,2017,365,0,0,0,0,0
416,2018,365,0,0,0,0,0
416,2019,365,7,7,0,0,0
416,2020,92,0,0,0,0,0
419,1980,274,21,21,0,0,0
419,1981,365,0,0,0,0,0
419,1982,365,0,0,0,0,0
419,1983,365,21,21,0,0,0
419,1984,366,67,14,8,0,0
419,1985,365,23,21,0,0,0
419,1986,365,69,21,5,0,0
419,1987,365,7,7,0,0,0
419,1988,366,0,0,0,0,0
419,1989,365,12,7,6,0,0
419,1990,365,0,0,0,0,0
419,1991,365,5,0,5,0,0
419,1992,366,12,0,12,0,0
419,1993,365,5,0,5,0,0
419,1994,365,40,7,41,0,0
419,1995,365,14,0,14,0,0
419,1996,366,39,0,39,0,0
419,1997,365,9,0,9,0,0
419,1998,365,22,0,22,0,0
419,1999,365,30,14,39,0,0
419,2000,366,30,7,34,0,0
419,2001,365,12,7,13,0,0
419,2002,365,1,0,1,0,0
419,2003,365,0,0,0,0,0
419,2004,366,0,0,0,0,0
419,2005,365,27,7,31,0,0
419,2006,365,44,0,44,0,0
419,2007,365,2,0,2,0,0
419,2008,366,1,0,1,0,0
419,2009,365,28,7,30,0,0
419,2010,365,17,0,17,0,0
419,2011,365,3,0,3,0,0
419,2012,366,6,0,6,0,0
419,2013,365,2,0,2,0,0
419,2014,365,4,0,4,0,0
419,2015,365,11,0,11,0,0
419,2016,366,11,0,11,0,0
419,2017,365,0,0,0,0,0
419,2018,365,7,0,7,0,0
419,2019,365,1,0,1,0,0
419,2020,92,2,0,2,0,0
42,1980,274,0,0,0,0,0
42,1981,365,0,0,0,0,0
42,1982,365,0,0,0,0,0
42,1983,365,0,0,0,0,0
42,1984,366,0,0,0,0,0
42,1985,365,0,0,0,0,0
42,1986,365,0,0,0,0,0
42,1987,365,0,0,0,0,0
42,1988,366,0,0,0,0,0
42,1989,365,0,0,0,0,0
42,1990,365,0,0,0,0,0
42,1991,365,0,0,0,0,0
42,1992,366,0,0,0,0,0
42,1993,365,0,0,0,0,0
42,1994,365,0,0,0,0,0
42,1995,365,0,0,0,0,0
42,1996,366,0,0,0,0,0
42,1997,365,0,0,0,0,0
42,1998,365,0,0,0,0,0
42,1999,365,0,0,0,0,0
42,2000,366,0,0,0,0,0
42,2001,365,0,0,0,0,0
42,2002,365,0,0,0,0,0
42,2003,365,0,0,0,0,0
42,2004,366,0,0,0,0,0
42,2005,365,0,0,0,0,0
42,2006,365,0,0,0,0,0
42,2007,365,0,0,0,0,0
42,2008,366,0,0,0,0,0
42,2009,365,0,0,0,0,0
42,2010,365,0,0,0,0,0
42,2011,365,0,0,0,0,0
42,2012,366,0,0,0,0,0
42,2013,365,0,0,0,0,0
42,2014,365,0,0,0,0,0
42,2015,365,0,0,0,0,0
42,2016,366,0,0,0,0,0
42,2017,365,0,0,0,0,0
42,2018,365,1,0,1,0,0
42,2019,365,0,0,0,0,0
42,2020,92,0,0,0,0,0
420,1980,274,0,0,0,0,0
420,1981,365,7,7,2,0,0
420,1982,365,52,28,1,0,0
420,1983,365,42,14,3,0,0
420,1984,366,0,0,2,0,0
420,1985,365,0,0,0,0,0
420,1986,365,0,0,0,0,0
420,1987,365,14,14,70,0,0
420,1988,366,28,21,49,0,0
420,1989,365,8,7,0,0,0
420,1990,365,35,35,0,0,0
420,1991,365,0,0,0,0,0
420,1992,366,0,0,0,0,0
420,1993,365,14,7,7,0,0
420,1994,365,14,14,42,0,0
420,1995,365,7,7,9,0,0
420,1996,366,38,14,1,0,0
420,1997,365,14,7,11,0,0
420,1998,365,11,7,4,0,0
420,1999,365,7,7,0,0,0
420,2000,366,0,0,0,0,0
420,2001,365,0,0,0,0,0
420,2002,365,0,0,0,0,0
420,2003,365,0,0,0,0,0
420,2004,366,0,0,0,0,0
420,2005,365,0,0,0,0,0
420,2006,365,0,0,0,0,0
420,2007,365,0,0,0,0,0
420,2008,366,0,0,0,0,0
420,2009,365,0,0,0,0,0
420,2010,365,34,14,56,0,0
420,2011,365,8,7,53,0,0
420,2012,366,7,7,77,0,0
420,2013,365,49,7,54,0,0
420,2014,365,69,0,69,0,0
420,2015,365,96,14,106,0,0
420,2016,366,128,7,151,0,0
420,2017,365,64,0,64,0,0
420,2018,365,90,21,112,0,0
420,2019,365,99,21,133,0,0
420,2020,92,4,0,4,0,0
421,1980,274,0,0,0,0,0
421,1981,365,0,0,0,0,0
421,1982,365,0,0,0,0,0
421,1983,365,0,0,0,0,0
421,1984,366,0,0,0,0,0
421,1985,365,0,0,0,0,0
421,1986,365,0,0,0,0,0
421,1987,365,0,0,0,0,0
421,1988,366,0,0,0,0,0
421,1989,365,0,0,0,0,0
421,1990,365,0,0,0,0,0
421,1991,365,0,0,0,0,0
421,1992,366,1,0,1,0,0
421,1993,365,0,0,0,0,0
421,1994,365,0,0,0,0,0
421,1995,365,0,0,0,0,0
421,1996,366,0,0,0,0,0
421,1997,365,0,0,0,0,0
421,1998,365,0,0,0,0,0
421,1999,365,0,0,0,0,0
421,2000,366,0,0,0,0,0
421,2001,365,0,0,0,0,0
421,2002,365,1,0,1,0,0
421,2003,365,0,0,0,0,0
421,2004,366,0,0,0,0,0
421,2005,365,0,0,0,0,0
421,2006,365,0,0,0,0,0
421,2007,365,0,0,0,0,0
421,2008,366,2,0,2,0,0
421,2009,365,1,0,1,0,0
421,2010,365,0,0,0,0,0
421,2011,365,0,0,0,0,0
421,2012,366,0,0,0,0,0
421,2013,365,0,0,0,0,0
421,2014,365,0,0,0,0,0
421,2015,365,0,0,0,0,0
421,2016,366,0,0,0,0,0
421,2017,365,0,0,0,0,0
421,2018,365,0,0,0,0,0
421,2019,365,7,7,0,0,0
421,2020,92,0,0,0,0,0
423,1980,274,0,0,0,0,0
423,1981,365,0,0,0,0,0
423,1982,365,0,0,0,0,0
423,1983,365,0,0,0,0,0
423,1984,366,0,0,0,0,0
423,1985,365,0,0,0,0,0
423,1986,365,0,0,0,0,0
423,1987,365,0,0,0,0,0
423,1988,366,0,0,0,0,0
423,1989,365,0,0,0,0,0
423,1990,365,0,0,0,0,0
423,1991,365,0,0,0,0,0
423,1992,366,0,0,0,0,0
423,1993,365,1,0,1,0,0
423,1994,365,0,0,0,0,0
423,1995,365,1,0,1,0,0
423,1996,366,0,0,0,0,0
423,1997,365,0,0,0,0,0
423,1998,365,0,0,0,0,0
423,1999,365,0,0,0,0,0
423,2000,366,0,0,0,0,0
423,2001,365,0,0,0,0,0
423,2002,365,0,0,0,0,0
423,2003,365,0,0,0,0,0
423,2004,366,0,0,0,0,0
423,2005,365,0,0,0,0,0
423,2006,365,0,0,0,0,0
423,2007,365,0,0,0,0,0
423,2008,366,0,0,0,0,0
423,2009,365,0,0,0,0,0
423,2010,365,0,0,0,0,0
423,2011,365,1,0,1,0,0
423,2012,366,0,0,0,0,0
423,2013,365,0,0,0,0,0
423,2014,365,0,0,0,0,0
423,2015,365,0,0,0,0,0
423,2016,366,0,0,0,0,0
423,2017,365,0,0,0,0,0
423,2018,365,0,0,0,0,0
423,2019,365,0,0,0,0,0
423,2020,92,0,0,0,0,0
431,1980,274,0,0,0,0,0
431,1981,365,0,0,0,0,0
431,1982,365,0,0,0,0,0
431,1983,365,0,0,0,0,0
431,1984,366,0,0,0,0,0
431,1985,365,0,0,0,0,0
431,1986,365,0,0,0,0,0
431,1987,365,0,0,0,0,0
431,1988,366,0,0,0,0,0
431,1989,365,0,0,0,0,0
431,1990,365,0,0,0,0,0
431,1991,365,21,14,84,0,0
431,1992,366,16,0,83,0,0
431,1993,365,0,0,0,0,0
431,1994,365,33,28,84,0,0
431,1995,365,26,7,28,0,0
431,1996,366,14,14,39,0,0
431,1997,365,33,14,31,0,0
431,1998,365,6,0,6,0,0
431,1999,365,14,0,14,0,0
431,2000,366,15,0,11,0,0
431,2001,365,25,7,41,0,0
431,2002,365,12,0,12,0,0
431,2003,365,13,0,13,0,0
431,2004,366,22,7,54,0,0
431,2005,365,1,0,1,0,0
431,2006,365,46,21,65,0,0
431,2007,365,18,0,18,0,0
431,2008,366,35,7,37,0,0
431,2009,365,23,0,23,0,0
431,2010,365,22,0,22,0,0
431,2011,365,4,0,4,0,0
431,2012,366,17,7,21,0,0
431,2013,365,7,0,7,0,0
431,2014,365,2,0,2,0,0
431,2015,365,0,0,0,0,0
431,2016,366,0,0,0,0,0
431,2017,365,0,0,0,0,0
431,2018,365,0,0,0,0,0
431,2019,365,0,0,0,0,0
431,2020,92,0,0,0,0,0
437,1986,283,0,0,0,0,0
437,1987,365,0,0,0,0,0
437,1988,366,7,7,0,0,0
437,1989,365,0,0,0,0,0
437,1990,365,0,0,0,0,0
437,1991,365,7,7,0,0,0
437,1992,366,51,28,66,0,0
437,1993,365,52,35,61,0,0
437,1994,365,44,28,56,0,0
437,1995,365,28,14,43,0,0
437,1996,366,46,42,77,0,0
437,1997,365,39,21,51,0,0
437,1998,365,15,14,86,0,0
437,1999,365,45,14,135,0,0
437,2000,366,56,49,139,0,0
437,2001,365,49,28,139,0,0
437,2002,365,38,28,82,0,0
437,2003,365,43,21,138,0,0
437,2004,366,88,42,129,0,0
437,2005,365,61,14,83,0,0
437,2006,365,100,28,131,0,0
437,2007,365,85,14,164,0,0
437,2008,366,48,21,92,0,0
437,2009,365,62,14,67,0,0
437,2010,365,25,7,29,0,0
437,2011,365,67,28,79,0,0
437,2012,366,106,49,209,0,0
437,2013,365,69,35,176,0,0
437,2014,365,76,42,120,0,0
437,2015,365,100,58,163,0,0
437,2016,366,73,54,132,0,0
437,2017,365,99,35,125,0,0
437,2018,365,177,21,182,0,0
437,2019,365,112,21,143,0,0
437,2020,92,7,0,7,0,0
438,1980,274,0,0,0,0,0
438,1981,365,0,0,0,0,0
438,1982,365,15,14,0,0,0
438,1983,365,6,0,6,0,0
438,1984,366,12,7,26,0,0
438,1985,365,16,14,2,0,0
438,1986,365,0,0,0,0,0
438,1987,365,15,0,15,0,0
438,1988,366,10,7,2,0,0
438,1989,365,0,0,0,0,0
438,1990,365,0,0,0,0,0
438,1991,365,0,0,0,0,0
438,1992,366,2,0,0,0,0
438,1993,365,0,0,0,0,0
438,1994,365,37,0,37,0,0
438,1995,365,20,7,21,0,0
438,1996,366,64,7,62,0,0
438,1997,365,8,7,1,0,0
438,1998,365,15,0,10,0,0
438,1999,365,0,0,0,0,0
438,2000,366,9,0,9,0,0
438,2001,365,15,0,12,0,0
438,2002,365,39,7,47,0,0
438,2003,365,14,0,14,0,0
438,2004,366,27,7,28,0,0
438,2005,365,19,0,19,0,0
438,2006,365,16,0,16,0,0
438,2007,365,48,0,48,0,0
438,2008,366,48,28,140,0,0
438,2009,365,18,0,18,0,0
438,2010,365,6,0,6,0,0
438,2011,365,9,0,9,0,0
438,2012,366,28,0,28,0,0
438,2013,365,26,0,26,0,0
438,2014,365,27,0,27,0,0
438,2015,365,25,0,25,0,0
438,2016,366,20,0,20,0,0
438,2017,365,3,0,3,0,0
438,2018,365,2,0,2,0,0
438,2019,365,1,0,1,0,0
438,2020,92,1,0,1,0,0
442,1983,336,0,0,0,0,0
442,1984,366,0,0,0,0,0
442,1985,365,0,0,0,0,0
442,1986,365,0,0,0,0,0
442,1987,365,0,0,0,0,0
442,1988,366,0,0,0,0,0
442,1989,365,0,0,0,0,0
442,1990,365,15,0,15,0,0
442,1991,365,0,0,0,0,0
442,1992,366,15,0,15,0,0
442,1993,365,6,0,6,0,0
442,1994,365,14,0,14,0,0
442,1995,365,12,0,12,0,0
442,1996,366,4,0,4,0,0
442,1997,365,19,14,14,0,0
442,1998,365,1,0,1,0,0
442,1999,365,0,0,0,0,0
442,2000,366,1,0,1,0,0
442,2001,365,1,0,1,0,0
442,2002,365,15,0,15,0,0
442,2003,365,22,0,22,0,0
442,2004,366,14,0,14,0,0
442,2005,365,5,0,5,0,0
442,2006,365,18,0,18,0,0
442,2007,365,55,0,55,0,0
442,2008,366,15,0,15,0,0
442,2009,365,14,0,14,0,0
442,2010,365,25,0,25,0,0
442,2011,365,10,0,10,0,0
442,2012,366,2,0,2,0,0
442,2013,365,0,0,0,0,0
442,2014,365,0,0,0,0,0
442,2015,365,4,0,4,0,0
442,2016,366,0,0,0,0,0
442,2017,365,0,0,0,0,0
442,2018,365,0,0,0,0,0
442,2019,365,0,0,0,0,0
442,2020,92,0,0,0,0,0
445,1980,274,2,0,2,0,0
445,1981,365,0,0,0,0,0
445,1982,365,0,0,0,0,0
445,1983,365,9,7,2,0,0
445,1984,366,1,0,1,0,0
445,1985,365,16,7,20,0,0
445,1986,365,6,0,6,0,0
445,1987,365,9,9,14,0,0
445,1988,366,12,12,43,0,0
445,1989,365,1,0,5,0,0
445,1990,365,7,7,0,0,0
445,1991,365,0,0,0,0,0
445,1992,366,1,0,1,0,0
445,1993,365,1,0,1,0,0
445,1994,365,6,0,6,0,0
445,1995,365,0,0,0,0,0
445,1996,366,0,0,0,0,0
445,1997,365,6,0,6,0,0
445,1998,365,0,0,0,0,0
445,1999,365,8,7,11,0,0
445,2000,366,8,0,9,0,0
445,2001,365,4,0,4,0,0
445,2002,365,2,0,2,0,0
445,2003,365,1,0,1,0,0
445,2004,366,1,0,1,0,0
445,2005,365,1,0,1,0,0
445,2006,365,0,0,0,0,0
445,2007,365,1,0,1,0,0
445,2008,366,0,0,0,0,0
445,2009,365,7,0,7,0,0
445,2010,365,19,0,19,0,0
445,2011,365,1,0,1,0,0
445,2012,366,0,0,0,0,0
445,2013,365,2,0,2,0,0
445,2014,365,0,0,0,0,0
445,2015,365,0,0,0,0,0
445,2016,366,0,0,0,0,0
445,2017,365,0,0,0,0,0
445,2018,365,0,0,0,0,0
445,2019,365,0,0,0,0,0
445,2020,92,0,0,0,0,0
448,1980,274,28,7,0,0,0
448,1981,365,55,35,2,0,0
448,1982,365,7,7,0,0,0
448,1983,365,0,0,0,0,0
448,1984,366,0,0,0,0,0
448,1985,365,0,0,0,0,0
448,1986,365,0,0,0,0,0
448,1987,365,0,0,0,0,0
448,1988,366,11,7,4,0,0
448,1989,365,7,0,5,0,0
448,1990,365,0,0,0,0,0
448,1991,365,4,0,0,0,0
448,1992,366,7,7,8,0,0
448,1993,365,0,0,0,0,0
448,1994,365,0,0,0,0,0
448,1995,365,0,0,0,0,0
448,1996,366,4,0,4,0,0
448,1997,365,19,0,19,0,0
448,1998,365,3,0,3,0,0
448,1999,365,1,0,1,0,0
448,2000,366,15,0,15,0,0
448,2001,365,0,0,0,0,0
448,2002,365,1,0,0,0,0
448,2003,365,5,0,0,0,0
448,2004,366,2,0,1,0,0
448,2005,365,2,0,2,0,0
448,2006,365,3,0,1,0,0
448,2007,365,8,0,4,0,0
448,2008,366,23,0,23,0,0
448,2009,365,16,0,16,0,0
448,2010,365,3,0,3,0,0
448,2011,365,0,0,0,0,0
448,2012,366,80,0,80,0,0
448,2013,365,26,7,31,0,0
448,2014,365,18,0,18,0,0
448,2015,365,0,0,0,0,0
448,2016,366,0,0,0,0,0
448,2017,365,0,0,0,0,0
448,2018,365,1,0,1,0,0
448,2019,365,0,0,0,0,0
448,2020,92,0,0,0,0,0
449,1980,274,0,0,0,0,0
449,1981,365,0,0,0,0,0
449,1982,365,0,0,0,0,0
449,1983,365,0,0,0,0,0
449,1984,366,8,7,2,0,0
449,1985,365,10,7,0,0,0
449,1986,365,12,7,0,0,0
449,1987,365,0,0,0,0,0
449,1988,366,1,0,1,0,0
449,1989,365,0,0,0,0,0
449,1990,365,4,0,1,0,0
449,1991,365,0,0,0,0,0
449,1992,366,4,0,4,0,0
449,1993,365,0,0,0,0,0
449,1994,365,8,0,8,0,0
449,1995,365,6,0,6,0,0
449,1996,366,8,0,8,0,0
449,1997,365,21,0,21,0,0
449,1998,365,2,0,2,0,0
449,1999,365,0,0,0,0,0
449,2000,366,0,0,0,0,0
449,2001,365,1,0,1,0,0
449,2002,365,0,0,0,0,0
449,2003,365,5,0,5,0,0
449,2004,366,5,0,5,0,0
449,2005,365,2,0,2,0,0
449,2006,365,4,0,4,0,0
449,2007,365,3,0,3,0,0
449,2008,366,7,7,15,0,0
449,2009,365,0,0,5,0,0
449,2010,365,0,0,0,0,0
449,2011,365,0,0,0,0,0
449,2012,366,0,0,0,0,0
449,2013,365,0,0,0,0,0
449,2014,365,0,0,0,0,0
449,2015,365,0,0,0,0,0
449,2016,366,0,0,0,0,0
449,2017,365,0,0,0,0,0
449,2018,365,1,0,1,0,0
449,2019,365,0,0,0,0,0
449,2020,92,0,0,0,0,0
450,1980,274,0,0,0,0,0
450,1981,365,0,0,0,0,0
450,1982,365,0,0,0,0,0
450,1983,365,0,0,0,0,0
450,1984,366,0,0,0,0,0
450,1985,365,7,7,0,0,0
450,1986,365,0,0,0,0,0
450,1987,365,0,0,0,0,0
450,1988,366,0,0,0,0,0
450,1989,365,0,0,0,0,0
450,1990,365,28,0,12,0,0
450,1991,365,65,21,27,0,0
450,1992,366,27,21,64,0,0
450,1993,365,12,7,15,0,0
450,1994,365,49,21,70,0,0
450,1995,365,20,7,21,0,0
450,1996,366,5,0,5,0,0
450,1997,365,8,0,8,0,0
450,1998,365,0,0,0,0,0
450,1999,365,6,0,6,0,0
450,2000,366,30,7,32,0,0
450,2001,365,16,0,16,0,0
450,2002,365,25,0,25,0,0
450,2003,365,22,7,32,0,0
450,2004,366,27,0,27,0,0
450,2005,365,31,0,31,0,0
450,2006,365,32,0,32,0,0
450,2007,365,41,0,41,0,0
450,2008,366,26,0,26,0,0
450,2009,365,37,7,39,0,0
450,2010,365,8,0,8,0,0
450,2011,365,1,0,1,0,0
450,2012,366,41,7,42,0,0
450,2013,365,28,14,40,0,0
450,2014,365,12,7,15,0,0
450,2015,365,26,0,26,0,0
450,2016,366,53,0,53,0,0
450,2017,365,5,0,5,0,0
450,2018,365,27,0,27,0,0
450,2019,365,7,0,7,0,0
450,2020,92,0,0,0,0,0
451,1980,274,0,0,0,0,0
451,1981,365,0,0,0,0,0
451,1982,365,0,0,0,0,0
451,1983,365,0,0,0,0,0
451,1984,366,0,0,0,0,0
451,1985,365,0,0,0,0,0
451,1986,365,0,0,0,0,0
451,1987,365,0,0,0,0,0
451,1988,366,0,0,0,0,0
451,1989,365,0,0,0,0,0
451,1990,365,0,0,0,0,0
451,1991,365,0,0,0,0,0
451,1992,366,0,0,0,0,0
451,1993,365,0,0,0,0,0
451,1994,365,0,0,0,0,0
451,1995,365,0,0,0,0,0
451,1996,366,0,0,0,0,0
451,1997,365,0,0,0,0,0
451,1998,365,0,0,0,0,0
451,1999,365,0,0,0,0,0
451,2000,366,0,0,0,0,0
451,2001,365,0,0,0,0,0
451,2002,365,2,0,2,0,0
451,2003,365,0,0,0,0,0
451,2004,366,2,0,2,0,0
451,2005,365,0,0,0,0,0
451,2006,365,0,0,0,0,0
451,2007,365,0,0,0,0,0
451,2008,366,0,0,0,0,0
451,2009,365,0,0,0,0,0
451,2010,365,0,0,0,0,0
451,2011,365,0,0,0,0,0
451,2012,366,0,0,0,0,0
451,2013,365,0,0,0,0,0
451,2014,365,0,0,0,0,0
451,2015,365,0,0,0,0,0
451,2016,366,0,0,0,0,0
451,2017,365,0,0,0,0,0
451,2018,365,0,0,0,0,0
451,2019,365,0,0,0,0,0
451,2020,92,0,0,0,0,0
456,1980,274,0,0,0,0,0
456,1981,365,0,0,0,0,0
456,1982,365,0,0,0,0,0
456,1983,365,1,0,1,0,0
456,1984,366,0,0,0,0,0
456,1985,365,0,0,0,0,0
456,1986,365,0,0,0,0,0
456,1987,365,0,0,0,0,0
456,1988,366,3,0,3,0,0
456,1989,365,0,0,0,0,0
456,1990,365,0,0,0,0,0
456,1991,365,0,0,0,0,0
456,1992,366,5,0,5,0,0
456,1993,365,0,0,0,0,0
456,1994,365,14,0,14,0,0
456,1995,365,0,0,0,0,0
456,1996,366,4,0,4,0,0
456,1997,365,0,0,0,0,0
456,1998,365,2,0,2,0,0
456,1999,365,0,0,0,0,0
456,2000,366,6,0,6,0,0
456,2001,365,2,0,2,0,0
456,2002,365,1,0,1,0,0
456,2003,365,0,0,0,0,0
456,2004,366,2,0,2,0,0
456,2005,365,0,0,0,0,0
456,2006,365,1,0,1,0,0
456,2007,365,8,0,1,0,0
456,2008,366,53,49,0,0,0
456,2009,365,16,14,2,0,0
456,2010,365,0,0,0,0,0
456,2011,365,0,0,0,0,0
456,2012,366,12,0,12,0,0
456,2013,365,2,0,2,0,0
456,2014,365,1,0,1,0,0
456,2015,365,6,0,6,0,0
456,2016,366,5,0,5,0,0
456,2017,365,0,0,0,0,0
456,2018,365,7,0,7,0,0
456,2019,365,0,0,0,0,0
456,2020,92,0,0,0,0,0
458,2003,273,3,0,3,0,0
458,2004,366,11,7,14,0,0
458,2005,365,4,0,4,0,0
458,2006,365,10,0,10,0,0
458,2007,365,1,0,1,0,0
458,2008,366,3,0,3,0,0
458,2009,365,0,0,0,0,0
458,2010,365,0,0,0,0,0
458,2011,365,0,0,0,0,0
458,2012,366,0,0,0,0,0
458,2013,365,0,0,0,0,0
458,2014,365,1,0,1,0,0
458,2015,365,0,0,0,0,0
458,2016,366,1,0,1,0,0
458,2017,365,1,0,1,0,0
458,2018,365,14,7,17,0,0
458,2019,365,32,7,33,0,0
458,2020,92,0,0,0,0,0
467,1993,238,3,0,0,0,0
467,1994,365,0,0,0,0,0
467,1995,365,0,0,0,0,0
467,1996,366,0,0,0,0,0
467,1997,365,0,0,0,0,0
467,1998,365,0,0,0,0,0
467,1999,365,0,0,0,0,0
467,2000,366,0,0,0,0,0
467,2001,365,0,0,0,0,0
467,2002,365,1,0,1,0,0
467,2003,365,0,0,0,0,0
467,2004,366,1,0,1,0,0
467,2005,365,1,0,1,0,0
467,2006,365,0,0,0,0,0
467,2007,365,3,0,3,0,0
467,2008,366,4,0,4,0,0
467,2009,365,12,0,12,0,0
467,2010,365,3,0,3,0,0
467,2011,365,2,0,2,0,0
467,2012,366,2,0,1,0,0
467,2013,365,0,0,0,0,0
467,2014,365,0,0,0,0,0
467,2015,365,1,0,1,0,0
467,2016,366,1,0,1,0,0
467,2017,365,2,0,2,0,0
467,2018,365,2,0,2,0,0
467,2019,365,1,0,1,0,0
467,2020,92,0,0,0,0,0
469,1980,153,0,0,0,0,0
469,1981,365,0,0,0,0,0
469,1982,365,0,0,0,0,0
469,1983,365,0,0,0,0,0
469,1984,366,0,0,0,0,0
469,1985,365,0,0,0,0,0
469,1986,365,0,0,0,0,0
469,1987,365,0,0,0,0,0
469,1988,366,1,0,1,0,0
469,1989,365,4,0,4,0,0
469,1990,365,1,0,1,0,0
469,1991,365,4,0,2,0,0
469,1992,366,4,0,4,0,0
469,1993,365,1,0,1,0,0
469,1994,365,1,0,1,0,0
469,1995,365,1,0,0,0,0
469,1996,366,6,0,6,0,0
469,1997,365,4,0,3,0,0
469,1998,365,0,0,0,0,0
469,1999,365,1,0,1,0,0
469,2000,366,6,0,6,0,0
469,2001,365,5,0,5,0,0
469,2002,365,38,0,38,0,0
469,2003,365,4,0,4,0,0
469,2004,366,9,0,9,0,0
469,2005,365,1,0,1,0,0
469,2006,365,22,7,31,0,0
469,2007,365,34,21,39,0,0
469,2008,366,17,0,17,0,0
469,2009,365,4,0,4,0,0
469,2010,365,7,0,7,0,0
469,2011,365,3,0,3,0,0
469,2012,366,14,0,14,0,0
469,2013,365,18,0,18,0,0
469,2014,365,4,0,4,0,0
469,2015,365,2,0,2,0,0
469,2016,366,4,0,4,0,0
469,2017,365,1,0,1,0,0
469,2018,365,25,0,25,0,0
469,2019,365,12,0,12,0,0
469,2020,92,4,0,4,0,0
470,1989,91,0,0,0,0,0
470,1990,365,0,0,14,0,0
470,1991,365,0,0,0,0,0
470,1992,366,1,0,1,0,0
470,1993,365,0,0,0,0,0
470,1994,365,0,0,0,0,0
470,1995,365,0,0,0,0,0
470,1996,366,0,0,0,0,0
470,1997,365,1,0,0,0,0
470,1998,365,0,0,0,0,0
470,1999,365,0,0,0,0,0
470,2000,366,0,0,0,0,0
470,2001,365,0,0,0,0,0
470,2002,365,0,0,0,0,0
470,2003,365,1,0,1,0,0
470,2004,366,0,0,0,0,0
470,2005,365,6,0,2,0,0
470,2006,365,8,0,8,0,0
470,2007,365,9,7,2,0,0
470,2008,366,0,0,0,0,0
470,2009,365,9,0,9,0,0
470,2010,365,6,0,6,0,0
470,2011,365,5,0,5,0,0
470,2012,366,4,0,4,0,0
470,2013,365,0,0,0,0,0
470,2014,365,5,0,5,0,0
470,2015,365,0,0,0,0,0
470,2016,366,1,0,1,0,0
470,2017,365,0,0,0,0,0
470,2018,365,0,0,0,0,0
470,2019,365,2,0,2,0,0
470,2020,92,0,0,0,0,0
471,1980,274,0,0,0,0,0
471,1981,365,0,0,0,0,0
471,1982,365,0,0,0,0,0
471,1983,365,0,0,0,0,0
471,1984,366,0,0,0,0,0
471,1985,365,0,0,0,0,0
471,1986,365,0,0,0,0,0
471,1987,365,0,0,0,0,0
471,1988,366,7,7,0,0,0
471,1989,365,7,7,0,0,0
471,1990,365,0,0,61,0,0
471,1991,365,0,0,0,0,0
471,1992,366,0,0,0,0,0
471,1993,365,3,0,3,0,0
471,1994,365,0,0,0,0,0
471,1995,365,3,0,3,0,0
471,1996,366,4,0,4,0,0
471,1997,365,1,0,1,0,0
471,1998,365,0,0,0,0,0
471,1999,365,25,7,59,0,0
471,2000,366,7,0,7,0,0
471,2001,365,0,0,0,0,0
471,2002,365,0,0,0,0,0
471,2003,365,0,0,0,0,0
471,2004,366,0,0,0,0,0
471,2005,365,1,0,1,0,0
471,2006,365,5,0,5,0,0
471,2007,365,12,0,12,0,0
471,2008,366,5,0,5,0,0
471,2009,365,6,0,6,0,0
471,2010,365,19,0,19,0,0
471,2011,365,6,0,6,0,0
471,2012,366,23,0,23,0,0
471,2013,365,7,0,7,0,0
471,2014,365,32,0,32,0,0
471,2015,365,39,0,39,0,0
471,2016,366,52,0,52,0,0
471,2017,365,22,0,22,0,0
471,2018,365,50,0,50,0,0
471,2019,365,29,0,29,0,0
471,2020,92,0,0,0,0,0
473,1980,274,43,7,53,0,0
473,1981,365,94,14,110,0,0
473,1982,365,62,14,67,0,0
473,1983,365,103,14,106,0,0
473,1984,366,90,28,102,0,0
473,1985,365,68,14,72,0,0
473,1986,365,98,0,98,0,0
473,1987,365,90,16,101,0,0
473,1988,366,86,5,88,0,0
473,1989,365,102,7,104,0,0
473,1990,365,65,7,66,0,0
473,1991,365,39,7,43,0,0
473,1992,366,58,14,66,0,0
473,1993,365,67,14,75,0,0
473,1994,365,17,14,25,0,0
473,1995,365,19,0,19,0,0
473,1996,366,64,14,71,0,0
473,1997,365,32,0,32,0,0
473,1998,365,32,0,32,0,0
473,1999,365,25,0,25,0,0
473,2000,366,66,0,66,0,0
473,2001,365,67,0,67,0,0
473,2002,365,73,21,81,0,0
473,2003,365,59,7,61,0,0
473,2004,366,35,0,35,0,0
473,2005,365,6,0,6,0,0
473,2006,365,56,14,62,0,0
473,2007,365,59,14,63,0,0
473,2008,366,38,0,38,0,0
473,2009,365,28,0,28,0,0
473,2010,365,39,0,39,0,0
473,2011,365,26,7,27,0,0
473,2012,366,62,0,62,0,0
473,2013,365,30,0,30,0,0
473,2014,365,20,0,20,0,0
473,2015,365,34,0,34,0,0
473,2016,366,28,7,32,0,0
473,2017,365,38,0,38,0,0
473,2018,365,68,13,71,0,0
473,2019,365,28,1,44,0,0
473,2020,92,0,0,0,0,0
477,1980,274,2,0,0,0,0
477,1981,365,7,7,0,0,0
477,1982,365,0,0,0,0,0
477,1983,365,0,0,0,0,0
477,1984,366,0,0,0,0,0
477,1985,365,7,7,0,0,0
477,1986,365,7,7,0,0,0
477,1987,365,0,0,0,0,0
477,1988,366,1,0,1,0,0
477,1989,365,6,0,6,0,0
477,1990,365,2,0,2,0,0
477,1991,365,0,0,0,0,0
477,1992,366,0,0,0,0,0
477,1993,365,0,0,0,0,0
477,1994,365,1,0,1,0,0
477,1995,365,0,0,0,0,0
477,1996,366,0,0,0,0,0
477,1997,365,0,0,0,0,0
477,1998,365,0,0,0,0,0
477,1999,365,0,0,0,0,0
477,2000,366,0,0,0,0,0
477,2001,365,0,0,0,0,0
477,2002,365,1,0,1,0,0
477,2003,365,0,0,0,0,0
477,2004,366,0,0,0,0,0
477,2005,365,0,0,0,0,0
477,2006,365,0,0,0,0,0
477,2007,365,0,0,0,0,0
477,2008,366,35,28,0,0,0
477,2009,365,21,21,0,0,0
477,2010,365,0,0,0,0,0
477,2011,365,0,0,0,0,0
477,2012,366,0,0,0,0,0
477,2013,365,0,0,0,0,0
477,2014,365,0,0,0,0,0
477,2015,365,0,0,0,0,0
477,2016,366,0,0,0,0,0
477,2017,365,0,0,0,0,0
477,2018,365,0,0,0,0,0
477,2019,365,0,0,0,0,0
477,2020,92,0,0,0,0,0
488,1980,274,0,0,0,0,0
488,1981,365,9,0,8,0,0
488,1982,365,29,0,28,0,0
488,1983,365,1,0,0,0,0
488,1984,366,0,0,0,0,0
488,1985,365,1,0,0,0,0
488,1986,365,1,0,0,0,0
488,1987,365,1,0,0,0,0
488,1988,366,0,0,0,0,0
488,1989,365,0,0,0,0,0
488,1990,365,0,0,0,0,0
488,1991,365,25,14,1,0,0
488,1992,366,12,0,3,0,0
488,1993,365,0,0,0,0,0
488,1994,365,4,0,4,0,0
488,1995,365,0,0,0,0,0
488,1996,366,7,0,4,0,0
488,1997,365,8,0,0,0,0
488,1998,365,0,0,0,0,0
488,1999,365,1,0,1,0,0
488,2000,366,1,0,1,0,0
488,2001,365,1,0,1,0,0
488,2002,365,3,0,3,0,0
488,2003,365,5,0,5,0,0
488,2004,366,9,0,9,0,0
488,2005,365,8,7,15,0,0
488,2006,365,10,0,10,0,0
488,2007,365,3,0,3,0,0
488,2008,366,4,0,4,0,0
488,2009,365,2,0,2,0,0
488,2010,365,4,0,4,0,0
488,2011,365,0,0,0,0,0
488,2012,366,3,0,2,0,0
488,2013,365,0,0,0,0,0
488,2014,365,4,0,4,0,0
488,2015,365,1,0,1,0,0
488,2016,366,0,0,0,0,0
488,2017,365,0,0,0,0,0
488,2018,365,0,0,0,0,0
488,2019,365,0,0,0,0,0
488,2020,92,0,0,0,0,0
492,1980,274,6,0,6,0,0
492,1981,365,19,0,19,0,0
492,1982,365,27,0,27,0,0
492,1983,365,14,0,14,0,0
492,1984,366,12,0,12,0,0
492,1985,365,23,0,23,0,0
492,1986,365,18,0,18,0,0
492,1987,365,21,0,21,0,0
492,1988,366,30,0,30,0,0
492,1989,365,30,0,30,0,0
492,1990,365,67,0,67,0,0
492,1991,365,50,0,50,0,0
492,1992,366,37,0,37,0,0
492,1993,365,31,0,31,0,0
492,1994,365,21,0,21,0,0
492,1995,365,32,0,32,0,0
492,1996,366,16,0,16,0,0
492,1997,365,15,0,15,0,0
492,1998,365,27,0,27,0,0
492,1999,365,42,0,42,0,0
492,2000,366,45,0,45,0,0
492,2001,365,24,7,25,0,0
492,2002,365,60,0,60,0,0
492,2003,365,62,7,63,0,0
492,2004,366,34,0,34,0,0
492,2005,365,56,0,56,0,0
492,2006,365,25,0,25,0,0
492,2007,365,21,0,21,0,0
492,2008,366,24,0,24,0,0
492,2009,365,53,0,51,0,0
492,2010,365,36,0,36,0,0
492,2011,365,49,0,49,0,0
492,2012,366,31,7,24,0,0
492,2013,365,51,0,51,0,0
492,2014,365,51,0,51,0,0
492,2015,365,46,7,48,0,0
492,2016,366,52,0,52,0,0
492,2017,365,46,0,46,0,0
492,2018,365,59,0,59,0,0
492,2019,365,38,0,38,0,0
492,2020,92,35,0,35,0,0
493,1980,274,0,0,0,0,0
493,1981,365,0,0,0,0,0
493,1982,365,0,0,0,0,0
493,1983,365,0,0,0,0,0
493,1984,366,0,0,0,0,0
493,1985,365,0,0,0,0,0
493,1986,365,0,0,0,0,0
493,1987,365,0,0,0,0,0
493,1988,366,0,0,0,0,0
493,1989,365,0,0,0,0,0
493,1990,365,0,0,0,0,0
493,1991,365,45,1,45,0,0
493,1992,366,88,13,96,0,0
493,1993,365,44,7,45,0,0
493,1994,365,50,14,59,0,0
493,1995,365,14,0,14,0,0
493,1996,366,32,7,31,0,0
493,1997,365,11,0,14,0,0
493,1998,365,25,7,27,0,0
493,1999,365,48,14,53,0,0
493,2000,366,48,14,91,0,0
493,2001,365,28,10,29,0,0
493,2002,365,57,11,107,0,0
493,2003,365,66,14,86,0,0
493,2004,366,53,7,70,0,0
493,2005,365,60,14,69,0,0
493,2006,365,47,0,47,0,0
493,2007,365,91,0,91,0,0
493,2008,366,51,0,51,0,0
493,2009,365,90,0,90,0,0
493,2010,365,107,0,107,0,0
493,2011,365,52,0,52,0,0
493,2012,366,115,7,121,0,0
493,2013,365,109,0,109,0,0
493,2014,365,75,0,73,0,0
493,2015,365,102,0,102,0,0
493,2016,366,94,14,98,0,0
493,2017,365,52,0,52,0,0
493,2018,365,98,7,101,0,0
493,2019,365,76,0,76,0,0
493,2020,92,28,0,28,0,0
497,1980,274,2,0,2,0,0
497,1981,365,0,0,0,0,0
497,1982,365,0,0,0,0,0
497,1983,365,0,0,0,0,0
497,1984,366,1,0,1,0,0
497,1985,365,0,0,0,0,0
497,1986,365,0,0,0,0,0
497,1987,365,2,0,2,0,0
497,1988,366,0,0,0,0,0
497,1989,365,1,0,1,0,0
497,1990,365,1,0,1,0,0
497,1991,365,0,0,0,0,0
497,1992,366,0,0,0,0,0
497,1993,365,0,0,0,0,0
497,1994,365,0,0,0,0,0
497,1995,365,0,0,0,0,0
497,1996,366,0,0,0,0,0
497,1997,365,0,0,0,0,0
497,1998,365,4,0,4,0,0
497,1999,365,0,0,0,0,0
497,2000,366,4,0,4,0,0
497,2001,365,0,0,0,0,0
497,2002,365,0,0,0,0,0
497,2003,365,1,0,1,0,0
497,2004,366,0,0,0,0,0
497,2005,365,0,0,0,0,0
497,2006,365,0,0,0,0,0
497,2007,365,1,0,1,0,0
497,2008,366,0,0,0,0,0
497,2009,365,0,0,0,0,0
497,2010,365,0,0,0,0,0
497,2011,365,0,0,0,0,0
497,2012,366,0,0,0,0,0
497,2013,365,0,0,0,0,0
497,2014,365,0,0,0,0,0
497,2015,365,0,0,0,0,0
497,2016,366,0,0,0,0,0
497,2017,365,3,0,3,0,0
497,2018,365,6,0,6,0,0
497,2019,365,0,0,0,0,0
497,2020,92,1,0,1,0,0
500,1980,274,0,0,0,0,0
500,1981,365,0,0,0,0,0
500,1982,365,0,0,0,0,0
500,1983,365,0,0,0,0,0
500,1984,366,0,0,0,0,0
500,1985,365,0,0,0,0,0
500,1986,365,0,0,0,0,0
500,1987,365,7,7,0,0,0
500,1988,366,0,0,0,0,0
500,1989,365,0,0,0,0,0
500,1990,365,7,7,0,0,0
500,1991,365,0,0,0,0,0
500,1992,366,0,0,0,0,0
500,1993,365,0,0,0,0,0
500,1994,365,0,0,0,0,0
500,1995,365,0,0,0,0,0
500,1996,366,0,0,0,0,0
500,1997,365,0,0,0,0,0
500,1998,365,0,0,0,0,0
500,1999,365,0,0,0,0,0
500,2000,366,0,0,0,0,0
500,2001,365,27,14,0,0,0
500,2002,365,0,0,0,0,0
500,2003,365,0,0,0,0,0
500,2004,366,0,0,0,0,0
500,2005,365,0,0,0,0,0
500,2006,365,0,0,0,0,0
500,2007,365,0,0,0,0,0
500,2008,366,1,0,1,0,0
500,2009,365,1,0,0,0,0
500,2010,365,0,0,0,0,0
500,2011,365,2,0,2,0,0
500,2012,366,0,0,0,0,0
500,2013,365,4,0,4,0,0
500,2014,365,3,0,1,0,0
500,2015,365,0,0,0,0,0
500,2016,366,0,0,0,0,0
500,2017,365,2,0,2,0,0
500,2018,365,2,0,0,0,0
500,2019,365,1,0,1,0,0
500,2020,92,1,0,1,0,0
502,1980,274,0,0,0,0,0
502,1981,365,0,0,0,0,0
502,1982,365,0,0,0,0,0
502,1983,365,0,0,0,0,0
502,1984,366,0,0,0,0,0
502,1985,365,1,0,1,0,0
502,1986,365,0,0,0,0,0
502,1987,365,0,0,0,0,0
502,1988,366,0,0,0,0,0
502,1989,365,0,0,0,0,0
502,1990,365,0,0,0,0,0
502,1991,365,0,0,0,0,0
502,1992,366,0,0,0,0,0
502,1993,365,0,0,0,0,0
502,1994,365,0,0,0,0,0
502,1995,365,0,0,0,0,0
502,1996,366,0,0,0,0,0
502,1997,365,0,0,0,0,0
502,1998,365,0,0,0,0,0
502,1999,365,0,0,0,0,0
502,2000,366,0,0,0,0,0
502,2001,365,2,0,2,0,0
502,2002,365,0,0,0,0,0
502,2003,365,0,0,0,0,0
502,2004,366,0,0,0,0,0
502,2005,365,0,0,0,0,0
502,2006,365,0,0,0,0,0
502,2007,365,0,0,0,0,0
502,2008,366,24,14,0,0,0
502,2009,365,0,0,0,0,0
502,2010,365,0,0,0,0,0
502,2011,365,0,0,0,0,0
502,2012,366,7,7,0,0,0
502,2013,365,0,0,0,0,0
502,2014,365,0,0,0,0,0
502,2015,365,0,0,0,0,0
502,2016,366,0,0,0,0,0
502,2017,365,0,0,0,0,0
502,2018,365,0,0,0,0,0
502,2019,365,0,0,0,0,0
502,2020,92,0,0,0,0,0
505,1980,274,0,0,0,0,0
505,1981,365,0,0,0,0,0
505,1982,365,0,0,0,0,0
505,1983,365,0,0,0,0,0
505,1984,366,0,0,0,0,0
505,1985,365,0,0,0,0,0
505,1986,365,0,0,0,0,0
505,1987,365,0,0,0,0,0
505,1988,366,0,0,0,0,0
505,1989,365,0,0,0,0,0
505,1990,365,7,7,0,0,0
505,1991,365,0,0,0,0,0
505,1992,366,0,0,0,0,0
505,1993,365,0,0,0,0,0
505,1994,365,0,0,0,0,0
505,1995,365,0,0,0,0,0
505,1996,366,0,0,0,0,0
505,1997,365,0,0,0,0,0
505,1998,365,0,0,0,0,0
505,1999,365,0,0,0,0,0
505,2000,366,0,0,0,0,0
505,2001,365,0,0,0,0,0
505,2002,365,1,0,0,0,0
505,2003,365,0,0,0,0,0
505,2004,366,0,0,0,0,0
505,2005,365,0,0,0,0,0
505,2006,365,0,0,0,0,0
505,2007,365,0,0,0,0,0
505,2008,366,0,0,0,0,0
505,2009,365,0,0,0,0,0
505,2010,365,0,0,0,0,0
505,2011,365,0,0,0,0,0
505,2012,366,0,0,0,0,0
505,2013,365,0,0,0,0,0
505,2014,365,7,0,7,0,0
505,2015,365,0,0,0,0,0
505,2016,366,0,0,0,0,0
505,2017,365,0,0,0,0,0
505,2018,365,0,0,0,0,0
505,2019,365,0,0,0,0,0
505,2020,92,0,0,0,0,0
506,1980,274,0,0,0,0,0
506,1981,365,11,7,32,0,0
506,1982,365,7,0,7,0,0
506,1983,365,46,7,52,0,0
506,1984,366,45,0,46,0,0
506,1985,365,74,0,74,0,0
506,1986,365,28,0,28,0,0
506,1987,365,58,0,58,0,0
506,1988,366,47,7,56,0,0
506,1989,365,52,14,54,0,0
506,1990,365,49,0,50,0,0
506,1991,365,42,7,46,0,0
506,1992,366,64,7,66,0,0
506,1993,365,25,7,34,0,0
506,1994,365,55,7,58,0,0
506,1995,365,16,0,16,0,0
506,1996,366,58,0,58,0,0
506,1997,365,52,0,52,0,0
506,1998,365,36,0,36,0,0
506,1999,365,45,7,47,0,0
506,2000,366,56,0,56,0,0
506,2001,365,69,21,72,0,0
506,2002,365,42,7,44,0,0
506,2003,365,33,7,34,0,0
506,2004,366,51,14,55,0,0
506,2005,365,66,0,66,0,0
506,2006,365,90,0,90,0,0
506,2007,365,77,7,79,0,0
506,2008,366,47,0,47,0,0
506,2009,365,40,0,40,0,0
506,2010,365,46,0,46,0,0
506,2011,365,19,0,19,0,0
506,2012,366,135,0,135,0,0
506,2013,365,130,13,131,0,0
506,2014,365,70,8,79,0,0
506,2015,365,54,0,54,0,0
506,2016,366,63,0,63,0,0
506,2017,365,26,0,26,0,0
506,2018,365,69,7,71,0,0
506,2019,365,38,0,38,0,0
506,2020,92,18,0,18,0,0
507,1980,274,0,0,0,0,0
507,1981,365,0,0,0,0,0
507,1982,365,0,0,0,0,0
507,1983,365,0,0,0,0,0
507,1984,366,0,0,0,0,0
507,1985,365,0,0,0,0,0
507,1986,365,0,0,0,0,0
507,1987,365,0,0,0,0,0
507,1988,366,0,0,0,0,0
507,1989,365,0,0,0,0,0
507,1990,365,0,0,0,0,0
507,1991,365,0,0,0,0,0
507,1992,366,0,0,0,0,0
507,1993,365,0,0,0,0,0
507,1994,365,47,7,51,0,0
507,1995,365,1,0,0,0,0
507,1996,366,2,0,2,0,0
507,1997,365,0,0,0,0,0
507,1998,365,17,14,3,0,0
507,1999,365,3,0,3,0,0
507,2000,366,11,7,4,0,0
507,2001,365,0,0,0,0,0
507,2002,365,0,0,0,0,0
507,2003,365,0,0,0,0,0
507,2004,366,0,0,0,0,0
507,2005,365,0,0,0,0,0
507,2006,365,4,0,4,0,0
507,2007,365,9,7,3,0,0
507,2008,366,0,0,0,0,0
507,2009,365,1,0,1,0,0
507,2010,365,0,0,0,0,0
507,2011,365,0,0,0,0,0
507,2012,366,5,0,1,0,0
507,2013,365,0,0,0,0,0
507,2014,365,0,0,0,0,0
507,2015,365,4,0,4,0,0
507,2016,366,0,0,0,0,0
507,2017,365,23,7,20,0,0
507,2018,365,9,0,7,0,0
507,2019,365,8,0,4,0,0
507,2020,92,3,0,3,0,0
508,1987,61,0,0,0,0,0
508,1988,366,0,0,0,0,0
508,1989,365,0,0,0,0,0
508,1990,365,0,0,0,0,0
508,1991,365,0,0,0,0,0
508,1992,366,0,0,0,0,0
508,1993,365,0,0,0,0,0
508,1994,365,0,0,0,0,0
508,1995,365,0,0,0,0,0
508,1996,366,0,0,0,0,0
508,1997,365,0,0,0,0,0
508,1998,365,0,0,0,0,0
508,1999,365,0,0,0,0,0
508,2000,366,0,0,0,0,0
508,2001,365,7,7,0,0,0
508,2002,365,0,0,0,0,0
508,2003,365,8,7,0,0,0
508,2004,366,10,10,0,0,0
508,2005,365,4,4,0,0,0
508,2006,365,19,19,0,0,0
508,2007,365,2,2,0,0,0
508,2008,366,8,8,0,0,0
508,2009,365,12,12,0,0,0
508,2010,365,1,1,0,0,0
508,2011,365,14,14,0,0,0
508,2012,366,7,7,0,0,0
508,2013,365,7,7,0,0,0
508,2014,365,8,7,0,0,0
508,2015,365,0,0,0,0,0
508,2016,366,4,4,0,0,0
508,2017,365,3,3,0,0,0
508,2018,365,7,7,0,0,0
508,2019,365,0,0,0,0,0
508,2020,92,16,7,0,0,0
509,1980,274,0,0,0,0,0
509,1981,365,0,0,0,0,0
509,1982,365,0,0,0,0,0
509,1983,365,0,0,0,0,0
509,1984,366,0,0,0,0,0
509,1985,365,0,0,0,0,0
509,1986,365,0,0,0,0,0
509,1987,365,0,0,0,0,0
509,1988,366,0,0,0,0,0
509,1989,365,0,0,0,0,0
509,1990,365,0,0,0,0,0
509,1991,365,0,0,0,0,0
509,1992,366,0,0,0,0,0
509,1993,365,0,0,0,0,0
509,1994,365,7,7,0,0,0
509,1995,365,0,0,0,0,0
509,1996,366,1,0,1,0,0
509,1997,365,1,0,1,0,0
509,1998,365,0,0,0,0,0
509,1999,365,0,0,0,0,0
509,2000,366,14,0,13,0,0
509,2001,365,1,0,1,0,0
509,2002,365,0,0,0,0,0
509,2003,365,0,0,0,0,0
509,2004,366,0,0,0,0,0
509,2005,365,0,0,0,0,0
509,2006,365,0,0,0,0,0
509,2007,365,0,0,0,0,0
509,2008,366,1,0,1,0,0
509,2009,365,0,0,0,0,0
509,2010,365,0,0,0,0,0
509,2011,365,0,0,0,0,0
509,2012,366,0,0,0,0,0
509,2013,365,0,0,0,0,0
509,2014,365,0,0,0,0,0
509,2015,365,0,0,0,0,0
509,2016,366,0,0,0,0,0
509,2017,365,0,0,0,0,0
509,2018,365,0,0,0,0,0
509,2019,365,0,0,0,0,0
509,2020,92,0,0,0,0,0
511,1980,274,0,0,0,0,0
511,1981,365,0,0,0,0,0
511,1982,365,0,0,0,0,0
511,1983,365,0,0,0,0,0
511,1984,366,0,0,0,0,0
511,1985,365,0,0,0,0,0
511,1986,365,0,0,0,0,0
511,1987,365,0,0,0,0,0
511,1988,366,0,0,0,0,0
511,1989,365,0,0,0,0,0
511,1990,365,0,0,0,0,0
511,1991,365,0,0,0,0,0
511,1992,366,0,0,0,0,0
511,1993,365,0,0,0,0,0
511,1994,365,0,0,0,0,0
511,1995,365,0,0,0,0,0
511,1996,366,0,0,0,0,0
511,1997,365,0,0,0,0,0
511,1998,365,0,0,0,0,0
511,1999,365,0,0,0,0,0
511,2000,366,0,0,0,0,0
511,2001,365,0,0,0,0,0
511,2002,365,0,0,0,0,0
511,2003,365,0,0,0,0,0
511,2004,366,0,0,0,0,0
511,2005,365,0,0,0,0,0
511,2006,365,1,0,0,0,0
511,2007,365,0,0,0,0,0
511,2008,366,0,0,0,0,0
511,2009,365,0,0,0,0,0
511,2010,365,0,0,0,0,0
511,2011,365,0,0,0,0,0
511,2012,366,0,0,0,0,0
511,2013,365,0,0,0,0,0
511,2014,365,0,0,0,0,0
511,2015,365,0,0,0,0,0
511,2016,366,0,0,0,0,0
511,2017,365,0,0,0,0,0
511,2018,365,0,0,0,0,0
511,2019,365,0,0,0,0,0
511,2020,1,0,0,0,0,0
517,1980,274,0,0,0,0,0
517,1981,365,0,0,0,0,0
517,1982,365,0,0,0,0,0
517,1983,365,0,0,0,0,0
517,1984,366,0,0,0,0,0
517,1985,365,0,0,0,0,0
517,1986,365,0,0,0,0,0
517,1987,365,0,0,0,0,0
517,1988,366,0,0,0,0,0
517,1989,365,0,0,0,0,0
517,1990,365,0,0,0,0,0
517,1991,365,0,0,0,0,0
517,1992,366,0,0,0,0,0
517,1993,365,0,0,0,0,0
517,1994,365,0,0,0,0,0
517,1995,365,0,0,0,0,0
517,1996,366,0,0,0,0,0
517,1997,365,0,0,0,0,0
517,1998,365,0,0,0,0,0
517,1999,365,0,0,0,0,0
517,2000,366,3,0,3,0,0
517,2001,365,1,0,1,0,0
517,2002,365,3,0,3,0,0
517,2003,365,0,0,0,0,0
517,2004,366,0,0,0,0,0
517,2005,365,0,0,0,0,0
517,2006,365,0,0,0,0,0
517,2007,365,0,0,0,0,0
517,2008,366,15,0,4,0,0
517,2009,365,12,0,4,0,0
517,2010,365,5,0,1,0,0
517,2011,365,5,0,1,0,0
517,2012,366,0,0,0,0,0
517,2013,365,7,7,14,0,0
517,2014,365,0,0,0,0,0
517,2015,365,2,0,0,0,0
517,2016,366,0,0,0,0,0
517,2017,365,0,0,0,0,0
517,2018,365,4,0,4,0,0
517,2019,365,5,0,0,0,0
517,2020,92,0,0,0,0,0
518,1980,274,0,0,0,0,0
518,1981,365,0,0,0,0,0
518,1982,365,0,0,0,0,0
518,1983,365,7,7,0,0,0
518,1984,366,0,0,0,0,0
518,1985,365,13,13,0,0,0
518,1986,365,1,1,0,0,0
518,1987,365,0,0,0,0,0
518,1988,366,0,0,1,0,0
518,1989,365,9,0,9,0,0
518,1990,365,8,0,3,0,0
518,1991,365,21,14,3,0,0
518,1992,366,7,0,7,0,0
518,1993,365,7,0,7,0,0
518,1994,365,23,7,16,0,0
518,1995,365,6,0,6,0,0
518,1996,366,24,7,15,0,0
518,1997,365,22,0,9,0,0
518,1998,365,17,0,17,0,0
518,1999,365,21,0,20,0,0
518,2000,366,7,0,7,0,0
518,2001,365,9,0,9,0,0
518,2002,365,28,7,23,0,0
518,2003,365,6,0,6,0,0
518,2004,366,11,0,10,0,0
518,2005,365,5,0,5,0,0
518,2006,365,4,0,4,0,0
518,2007,365,15,0,15,0,0
518,2008,366,14,0,14,0,0
518,2009,365,9,0,9,0,0
518,2010,365,0,0,0,0,0
518,2011,365,7,0,7,0,0
518,2012,366,2,0,2,0,0
518,2013,365,0,0,0,0,0
518,2014,365,1,0,1,0,0
518,2015,365,1,0,1,0,0
518,2016,366,0,0,0,0,0
518,2017,365,0,0,0,0,0
518,2018,365,1,0,1,0,0
518,2019,365,8,0,8,0,0
518,2020,92,0,0,0,0,0
522,1980,274,0,0,0,0,0
522,1981,365,0,0,0,0,0
522,1982,365,0,0,0,0,0
522,1983,365,0,0,0,0,0
522,1984,366,0,0,0,0,0
522,1985,365,1,0,0,0,0
522,1986,365,0,0,0,0,0
522,1987,365,0,0,0,0,0
522,1988,366,0,0,0,0,0
522,1989,365,0,0,0,0,0
522,1990,365,0,0,0,0,0
522,1991,365,0,0,0,0,0
522,1992,366,0,0,0,0,0
522,1993,365,0,0,0,0,0
522,1994,365,0,0,0,0,0
522,1995,365,0,0,0,0,0
522,1996,366,0,0,0,0,0
522,1997,365,0,0,0,0,0
522,1998,365,0,0,0,0,0
522,1999,365,0,0,0,0,0
522,2000,366,0,0,0,0,0
522,2001,365,0,0,0,0,0
522,2002,365,4,0,4,0,0
522,2003,365,0,0,0,0,0
522,2004,366,0,0,0,0,0
522,2005,365,0,0,0,0,0
522,2006,365,0,0,0,0,0
522,2007,365,0,0,0,0,0
522,2008,366,0,0,0,0,0
522,2009,365,0,0,0,0,0
522,2010,365,0,0,0,0,0
522,2011,365,0,0,0,0,0
522,2012,366,0,0,0,0,0
522,2013,365,0,0,0,0,0
522,2014,365,0,0,0,0,0
522,2015,365,0,0,0,0,0
522,2016,366,0,0,0,0,0
522,2017,365,0,0,0,0,0
522,2018,365,0,0,0,0,0
522,2019,365,0,0,0,0,0
522,2020,92,0,0,0,0,0
524,1980,274,0,0,0,0,0
524,1981,365,0,0,0,0,0
524,1982,365,1,1,0,0,0
524,1983,365,6,6,0,0,0
524,1984,366,0,0,0,0,0
524,1985,365,0,0,0,0,0
524,1986,365,0,0,0,0,0
524,1987,365,0,0,0,0,0
524,1988,366,0,0,0,0,0
524,1989,365,0,0,0,0,0
524,1990,365,0,0,0,0,0
524,1991,365,0,0,0,0,0
524,1992,366,0,0,0,0,0
524,1993,365,0,0,0,0,0
524,1994,365,0,0,0,0,0
524,1995,365,0,0,0,0,0
524,1996,366,0,0,0,0,0
524,1997,365,0,0,0,0,0
524,1998,365,0,0,0,0,0
524,1999,365,0,0,0,0,0
524,2000,366,0,0,0,0,0
524,2001,365,0,0,0,0,0
524,2002,365,0,0,0,0,0
524,2003,365,0,0,0,0,0
524,2004,366,0,0,0,0,0
524,2005,365,0,0,0,0,0
524,2006,365,0,0,0,0,0
524,2007,365,0,0,0,0,0
524,2008,366,0,0,0,0,0
524,2009,365,0,0,0,0,0
524,2010,365,0,0,0,0,0
524,2011,365,0,0,0,0,0
524,2012,366,0,0,0,0,0
524,2013,365,0,0,0,0,0
524,2014,365,0,0,0,0,0
524,2015,365,0,0,0,0,0
524,2016,366,0,0,0,0,0
524,2017,365,4,0,0,0,0
524,2018,365,7,7,0,0,0
524,2019,365,0,0,0,0,0
524,2020,92,0,0,0,0,0
529,1980,274,1,0,1,0,0
529,1981,365,55,0,55,0,0
529,1982,365,17,0,17,0,0
529,1983,365,11,0,11,0,0
529,1984,366,5,0,5,0,0
529,1985,365,15,0,15,0,0
529,1986,365,17,7,24,0,0
529,1987,365,6,0,6,0,0
529,1988,366,27,0,27,0,0
529,1989,365,15,0,15,0,0
529,1990,365,24,0,24,0,0
529,1991,365,45,0,45,0,0
529,1992,366,51,0,51,0,0
529,1993,365,39,14,43,0,0
529,1994,365,37,0,39,0,0
529,1995,365,22,0,22,0,0
529,1996,366,12,0,12,0,0
529,1997,365,23,7,38,0,0
529,1998,365,7,0,7,0,0
529,1999,365,4,0,4,0,0
529,2000,366,20,7,22,0,0
529,2001,365,14,0,14,0,0
529,2002,365,94,21,108,0,0
529,2003,365,0,0,0,0,0
529,2004,366,0,0,0,0,0
529,2005,365,21,0,21,0,0
529,2006,365,25,0,25,0,0
529,2007,365,12,0,12,0,0
529,2008,366,33,0,33,0,0
529,2009,365,55,7,58,0,0
529,2010,365,59,7,62,0,0
529,2011,365,47,7,51,0,0
529,2012,366,95,14,97,0,0
529,2013,365,43,0,43,0,0
529,2014,365,32,0,32,0,0
529,2015,365,19,0,19,0,0
529,2016,366,6,0,6,0,0
529,2017,365,16,0,16,0,0
529,2018,365,113,21,126,0,0
529,2019,365,40,0,41,0,0
529,2020,92,16,0,16,0,0
530,1990,273,0,0,0,0,0
530,1991,365,0,0,0,0,0
530,1992,366,0,0,0,0,0
530,1993,365,0,0,0,0,0
530,1994,365,0,0,0,0,0
530,1995,365,0,0,0,0,0
530,1996,366,0,0,0,0,0
530,1997,365,0,0,0,0,0
530,1998,365,0,0,0,0,0
530,1999,365,0,0,0,0,0
530,2000,366,0,0,0,0,0
530,2001,365,0,0,0,0,0
530,2002,365,0,0,0,0,0
530,2003,365,0,0,0,0,0
530,2004,366,0,0,0,0,0
530,2005,365,0,0,0,0,0
530,2006,365,0,0,0,0,0
530,2007,365,0,0,0,0,0
530,2008,366,0,0,0,0,0
530,2009,365,0,0,0,0,0
530,2010,365,0,0,0,0,0
530,2011,365,0,0,0,0,0
530,2012,366,0,0,0,0,0
530,2013,365,0,0,0,0,0
530,2014,365,0,0,0,0,0
530,2015,365,0,0,0,0,0
530,2016,366,0,0,0,0,0
530,2017,365,0,0,0,0,0
530,2018,365,0,0,0,0,0
530,2019,365,0,0,0,0,0
530,2020,92,0,0,0,0,0
531,1980,274,0,0,0,0,0
531,1981,365,0,0,0,0,0
531,1982,365,0,0,0,0,0
531,1983,365,0,0,0,0,0
531,1984,366,0,0,0,0,0
531,1985,365,10,7,14,0,0
531,1986,365,7,7,0,0,0
531,1987,365,7,7,0,0,0
531,1988,366,14,14,0,0,0
531,1989,365,6,0,6,0,0
531,1990,365,31,7,32,0,0
531,1991,365,1,0,1,0,0
531,1992,366,0,0,0,0,0
531,1993,365,2,0,2,0,0
531,1994,365,0,0,0,0,0
531,1995,365,0,0,0,0,0
531,1996,366,1,0,1,0,0
531,1997,365,0,0,0,0,0
531,1998,365,2,0,2,0,0
531,1999,365,0,0,0,0,0
531,2000,366,5,0,5,0,0
531,2001,365,1,0,1,0,0
531,2002,365,6,0,6,0,0
531,2003,365,0,0,0,0,0
531,2004,366,0,0,0,0,0
531,2005,365,0,0,0,0,0
531,2006,365,5,0,5,0,0
531,2007,365,0,0,0,0,0
531,2008,366,1,0,1,0,0
531,2009,365,0,0,0,0,0
531,2010,365,0,0,0,0,0
531,2011,365,0,0,0,0,0
531,2012,366,1,0,1,0,0
531,2013,365,0,0,0,0,0
531,2014,365,0,0,0,0,0
531,2015,365,0,0,0,0,0
531,2016,366,0,0,0,0,0
531,2017,365,11,0,9,0,0
531,2018,365,1,0,1,0,0
531,2019,365,2,0,2,0,0
531,2020,92,0,0,0,0,0
533,1997,166,0,0,0,0,0
533,1998,365,3,0,3,0,0
533,1999,365,5,0,5,0,0
533,2000,366,3,0,3,0,0
533,2001,365,0,0,0,0,0
533,2002,365,11,0,11,0,0
533,2003,365,3,0,3,0,0
533,2004,366,1,0,1,0,0
533,2005,365,11,0,11,0,0
533,2006,365,2,0,2,0,0
533,2007,365,0,0,0,0,0
533,2008,366,3,0,3,0,0
533,2009,365,0,0,0,0,0
533,2010,365,4,0,4,0,0
533,2011,365,0,0,0,0,0
533,2012,366,1,0,1,0,0
533,2013,365,2,0,2,0,0
533,2014,365,9,0,9,0,0
533,2015,365,0,0,0,0,0
533,2016,366,4,0,4,0,0
533,2017,365,0,0,0,0,0
533,2018,365,1,0,1,0,0
533,2019,365,3,0,3,0,0
533,2020,92,0,0,0,0,0
536,1980,274,0,0,0,0,0
536,1981,365,0,0,0,0,0
536,1982,365,0,0,0,0,0
536,1983,365,0,0,0,0,0
536,1984,366,0,0,0,0,0
536,1985,365,0,0,0,0,0
536,1986,365,0,0,0,0,0
536,1987,365,0,0,0,0,0
536,1988,366,0,0,0,0,0
536,1989,365,0,0,0,0,0
536,1990,365,0,0,0,0,0
536,1991,365,0,0,0,0,0
536,1992,366,0,0,0,0,0
536,1993,365,0,0,0,0,0
536,1994,365,0,0,0,0,0
536,1995,365,0,0,0,0,0
536,1996,366,0,0,0,0,0
536,1997,365,0,0,0,0,0
536,1998,365,0,0,0,0,0
536,1999,365,0,0,0,0,0
536,2000,366,0,0,0,0,0
536,2001,365,0,0,0,0,0
536,2002,365,0,0,0,0,0
536,2003,365,9,7,21,0,0
536,2004,366,0,0,0,0,0
536,2005,365,0,0,0,0,0
536,2006,365,0,0,0,0,0
536,2007,365,0,0,0,0,0
536,2008,366,1,0,1,0,0
536,2009,365,0,0,0,0,0
536,2010,365,1,0,1,0,0
536,2011,365,0,0,0,0,0
536,2012,366,0,0,0,0,0
536,2013,365,0,0,0,0,0
536,2014,365,1,0,1,0,0
536,2015,365,0,0,0,0,0
536,2016,366,0,0,0,0,0
536,2017,365,0,0,0,0,0
536,2018,365,0,0,0,0,0
536,2019,365,1,0,1,0,0
536,2020,92,0,0,0,0,0
537,1980,274,0,0,0,0,0
537,1981,365,0,0,0,0,0
537,1982,365,0,0,0,0,0
537,1983,365,0,0,0,0,0
537,1984,366,0,0,0,0,0
537,1985,365,0,0,0,0,0
537,1986,365,0,0,0,0,0
537,1987,365,0,0,0,0,0
537,1988,366,0,0,0,0,0
537,1989,365,0,0,0,0,0
537,1990,365,0,0,0,0,0
537,1991,365,0,0,0,0,0
537,1992,366,3,0,0,0,0
537,1993,365,0,0,0,0,0
537,1994,365,0,0,0,0,0
537,1995,365,0,0,0,0,0
537,1996,366,0,0,0,0,0
537,1997,365,0,0,0,0,0
537,1998,365,7,7,0,0,0
537,1999,365,0,0,0,0,0
537,2000,366,0,0,0,0,0
537,2001,365,0,0,0,0,0
537,2002,365,0,0,0,0,0
537,2003,365,0,0,0,0,0
537,2004,366,0,0,0,0,0
537,2005,365,0,0,0,0,0
537,2006,365,0,0,0,0,0
537,2007,365,0,0,0,0,0
537,2008,366,0,0,0,0,0
537,2009,365,25,21,0,0,0
537,2010,365,26,7,18,0,0
537,2011,365,13,0,13,0,0
537,2012,366,58,21,79,0,0
537,2013,365,4,0,4,0,0
537,2014,365,0,0,0,0,0
537,2015,365,1,0,0,0,0
537,2016,366,2,0,0,0,0
537,2017,365,4,0,0,0,0
537,2018,365,25,21,139,0,0
537,2019,365,16,7,93,0,0
537,2020,92,3,0,25,0,0
541,1980,274,0,0,0,0,0
541,1981,365,0,0,0,0,0
541,1982,365,0,0,0,0,0
541,1983,365,0,0,0,0,0
541,1984,366,0,0,0,0,0
541,1985,365,0,0,0,0,0
541,1986,365,0,0,0,0,0
541,1987,365,0,0,0,0,0
541,1988,366,0,0,0,0,0
541,1989,365,0,0,0,0,0
541,1990,365,0,0,0,0,0
541,1991,365,0,0,0,0,0
541,1992,366,0,0,0,0,0
541,1993,365,0,0,0,0,0
541,1994,365,0,0,0,0,0
541,1995,365,0,0,0,0,0
541,1996,366,0,0,0,0,0
541,1997,365,0,0,0,0,0
541,1998,365,0,0,0,0,0
541,1999,365,0,0,0,0,0
541,2000,366,0,0,0,0,0
541,2001,365,0,0,0,0,0
541,2002,365,0,0,0,0,0
541,2003,365,0,0,0,0,0
541,2004,366,0,0,0,0,0
541,2005,365,0,0,0,0,0
541,2006,365,0,0,0,0,0
541,2007,365,0,0,0,0,0
541,2008,366,0,0,0,0,0
541,2009,365,0,0,0,0,0
541,2010,365,0,0,0,0,0
541,2011,365,0,0,0,0,0
541,2012,366,0,0,0,0,0
541,2013,365,0,0,0,0,0
541,2014,365,0,0,0,0,0
541,2015,365,0,0,0,0,0
541,2016,366,0,0,0,0,0
541,2017,365,0,0,0,0,0
541,2018,365,0,0,0,0,0
541,2019,365,0,0,0,0,0
541,2020,92,0,0,0,0,0
542,1980,274,0,0,0,0,0
542,1981,365,0,0,0,0,0
542,1982,365,0,0,0,0,0
542,1983,365,0,0,0,0,0
542,1984,366,0,0,0,0,0
542,1985,365,0,0,0,0,0
542,1986,365,0,0,0,0,0
542,1987,365,0,0,0,0,0
542,1988,366,0,0,0,0,0
542,1989,365,0,0,0,0,0
542,1990,365,0,0,0,0,0
542,1991,365,0,0,0,0,0
542,1992,366,0,0,0,0,0
542,1993,365,0,0,0,0,0
542,1994,365,0,0,0,0,0
542,1995,365,0,0,0,0,0
542,1996,366,0,0,0,0,0
542,1997,365,0,0,0,0,0
542,1998,365,0,0,0,0,0
542,1999,365,0,0,0,0,0
542,2000,366,0,0,0,0,0
542,2001,365,0,0,0,0,0
542,2002,365,0,0,0,0,0
542,2003,365,0,0,0,0,0
542,2004,366,0,0,0,0,0
542,2005,365,0,0,0,0,0
542,2006,365,0,0,0,0,0
542,2007,365,0,0,0,0,0
542,2008,366,0,0,0,0,0
542,2009,365,0,0,0,0,0
542,2010,365,0,0,0,0,0
542,2011,365,0,0,0,0,0
542,2012,366,0,0,0,0,0
542,2013,365,0,0,0,0,0
542,2014,365,0,0,0,0,0
542,2015,365,0,0,0,0,0
542,2016,366,0,0,0,0,0
542,2017,365,0,0,0,0,0
542,2018,365,0,0,0,0,0
542,2019,365,0,0,0,0,0
542,2020,92,0,0,0,0,0
549,1980,274,28,7,0,0,0
549,1981,365,55,35,2,0,0
549,1982,365,7,7,0,0,0
549,1983,365,0,0,0,0,0
549,1984,366,0,0,0,0,0
549,1985,365,0,0,0,0,0
549,1986,365,0,0,0,0,0
549,1987,365,0,0,0,0,0
549,1988,366,11,7,4,0,0
549,1989,365,7,0,5,0,0
549,1990,365,0,0,0,0,0
549,1991,365,4,0,0,0,0
549,1992,366,7,7,8,0,0
549,1993,365,0,0,0,0,0
549,1994,365,0,0,0,0,0
549,1995,365,0,0,0,0,0
549,1996,366,4,0,4,0,0
549,1997,365,19,0,19,0,0
549,1998,365,3,0,3,0,0
549,1999,365,1,0,1,0,0
549,2000,366,15,0,15,0,0
549,2001,365,0,0,0,0,0
549,2002,365,1,0,0,0,0
549,2003,365,5,0,0,0,0
549,2004,366,2,0,1,0,0
549,2005,365,2,0,2,0,0
549,2006,365,3,0,1,0,0
549,2007,365,8,0,4,0,0
549,2008,366,23,0,23,0,0
549,2009,365,16,0,16,0,0
549,2010,365,3,0,3,0,0
549,2011,365,0,0,0,0,0
549,2012,366,80,0,80,0,0
549,2013,365,26,7,31,0,0
549,2014,365,18,0,18,0,0
549,2015,365,0,0,0,0,0
549,2016,366,0,0,0,0,0
549,2017,365,0,0,0,0,0
549,2018,365,1,0,1,0,0
549,2019,365,10,7,3,0,0
549,2020,92,0,0,0,0,0
55,1980,274,0,0,0,0,0
55,1981,365,0,0,0,0,0
55,1982,365,0,0,0,0,0
55,1983,365,0,0,0,0,0
55,1984,366,0,0,0,0,0
55,1985,365,0,0,0,0,0
55,1986,365,0,0,0,0,0
55,1987,365,0,0,0,0,0
55,1988,366,0,0,0,0,0
55,1989,365,0,0,0,0,0
55,1990,365,0,0,0,0,0
55,1991,365,0,0,0,0,0
55,1992,366,0,0,0,0,0
55,1993,365,0,0,0,0,0
55,1994,365,0,0,0,0,0
55,1995,365,0,0,0,0,0
55,1996,366,0,0,0,0,0
55,1997,365,0,0,0,0,0
55,1998,365,0,0,0,0,0
55,1999,365,0,0,0,0,0
55,2000,366,0,0,0,0,0
55,2001,365,0,0,0,0,0
55,2002,365,0,0,0,0,0
55,2003,365,0,0,0,0,0
55,2004,366,0,0,0,0,0
55,2005,365,0,0,0,0,0
55,2006,365,0,0,0,0,0
55,2007,365,0,0,0,0,0
55,2008,366,0,0,0,0,0
55,2009,365,0,0,0,0,0
55,2010,365,0,0,0,0,0
55,2011,365,0,0,0,0,0
55,2012,366,0,0,0,0,0
55,2013,365,0,0,0,0,0
55,2014,365,0,0,0,0,0
55,2015,365,0,0,0,0,0
55,2016,366,0,0,0,0,0
55,2017,365,1,0,1,0,0
55,2018,365,0,0,0,0,0
55,2019,365,0,0,0,0,0
55,2020,92,0,0,0,0,0
567,1984,195,6,0,0,0,0
567,1985,365,0,0,0,0,0
567,1986,365,1,0,1,0,0
567,1987,365,5,0,5,0,0
567,1988,366,3,0,3,0,0
567,1989,365,3,0,3,0,0
567,1990,365,13,0,13,0,0
567,1991,365,1,0,1,0,0
567,1992,366,3,0,3,0,0
567,1993,365,4,0,4,0,0
567,1994,365,0,0,0,0,0
567,1995,365,1,0,1,0,0
567,1996,366,1,0,1,0,0
567,1997,365,1,0,1,0,0
567,1998,365,1,0,1,0,0
567,1999,365,0,0,0,0,0
567,2000,366,0,0,0,0,0
567,2001,365,0,0,0,0,0
567,2002,365,0,0,0,0,0
567,2003,365,0,0,0,0,0
567,2004,366,5,0,5,0,0
567,2005,365,0,0,0,0,0
567,2006,365,0,0,0,0,0
567,2007,365,1,0,1,0,0
567,2008,366,0,0,0,0,0
567,2009,365,1,0,1,0,0
567,2010,365,2,0,2,0,0
567,2011,365,0,0,0,0,0
567,2012,366,2,0,2,0,0
567,2013,365,10,0,10,0,0
567,2014,365,2,0,2,0,0
567,2015,365,1,0,1,0,0
567,2016,366,3,0,3,0,0
567,2017,365,1,0,1,0,0
567,2018,365,19,0,19,0,0
567,2019,365,7,0,7,0,0
567,2020,92,17,0,15,0,0
57,1980,274,0,0,0,0,0
57,1981,365,0,0,0,0,0
57,1982,365,0,0,0,0,0
57,1983,365,0,0,0,0,0
57,1984,366,0,0,0,0,0
57,1985,365,0,0,0,0,0
57,1986,365,0,0,0,0,0
57,1987,365,0,0,0,0,0
57,1988,366,0,0,0,0,0
57,1989,365,0,0,0,0,0
57,1990,365,0,0,0,0,0
57,1991,365,0,0,0,0,0
57,1992,366,0,0,0,0,0
57,1993,365,0,0,0,0,0
57,1994,365,0,0,0,0,0
57,1995,365,0,0,0,0,0
57,1996,366,0,0,0,0,0
57,1997,365,0,0,0,0,0
57,1998,365,0,0,0,0,0
57,1999,365,0,0,0,0,0
57,2000,366,0,0,0,0,0
57,2001,365,0,0,0,0,0
57,2002,365,0,0,0,0,0
57,2003,365,0,0,0,0,0
57,2004,366,0,0,0,0,0
57,2005,365,0,0,0,0,0
57,2006,365,0,0,0,0,0
57,2007,365,0,0,0,0,0
57,2008,366,0,0,0,0,0
57,2009,365,0,0,0,0,0
57,2010,365,0,0,0,0,0
57,2011,365,0,0,0,0,0
57,2012,366,0,0,0,0,0
57,2013,365,0,0,0,0,0
57,2014,365,0,0,0,0,0
57,2015,365,4,0,4,0,0
57,2016,366,7,0,7,0,0
57,2017,365,24,0,24,0,0
57,2018,365,2,0,2,0,0
57,2019,365,0,0,0,0,0
57,2020,92,7,0,7,0,0
572,1980,274,0,0,0,0,0
572,1981,365,45,21,51,0,0
572,1982,365,40,0,40,0,0
572,1983,365,23,7,45,0,0
572,1984,366,40,0,40,0,0
572,1985,365,24,0,24,0,0
572,1986,365,0,0,0,0,0
572,1987,365,37,0,37,0,0
572,1988,366,17,7,20,0,0
572,1989,365,36,0,36,0,0
572,1990,365,0,0,0,0,0
572,1991,365,2,0,2,0,0
572,1992,366,12,0,12,0,0
572,1993,365,11,0,11,0,0
572,1994,365,2,0,2,0,0
572,1995,365,1,0,1,0,0
572,1996,366,5,0,5,0,0
572,1997,365,2,0,2,0,0
572,1998,365,10,0,10,0,0
572,1999,365,0,0,0,0,0
572,2000,366,4,0,4,0,0
572,2001,365,0,0,0,0,0
572,2002,365,25,0,25,0,0
572,2003,365,10,7,33,0,0
572,2004,366,10,0,10,0,0
572,2005,365,9,7,18,0,0
572,2006,365,24,0,24,0,0
572,2007,365,13,0,13,0,0
572,2008,366,17,7,24,0,0
572,2009,365,28,14,61,0,0
572,2010,365,49,7,43,0,0
572,2011,365,76,7,83,0,0
572,2012,366,22,0,22,0,0
572,2013,365,41,0,41,0,0
572,2014,365,17,0,17,0,0
572,2015,365,17,0,17,0,0
572,2016,366,34,7,50,0,0
572,2017,365,67,14,83,0,0
572,2018,365,102,49,204,0,0
572,2019,365,61,7,63,0,0
572,2020,92,40,14,50,0,0
574,1980,274,0,0,0,0,0
574,1981,365,0,0,0,0,0
574,1982,365,0,0,0,0,0
574,1983,365,0,0,0,0,0
574,1984,366,0,0,0,0,0
574,1985,365,0,0,0,0,0
574,1986,365,0,0,0,0,0
574,1987,365,0,0,0,0,0
574,1988,366,0,0,0,0,0
574,1989,365,0,0,0,0,0
574,1990,365,1,0,1,0,0
574,1991,365,0,0,0,0,0
574,1992,366,0,0,0,0,0
574,1993,365,0,0,0,0,0
574,1994,365,0,0,0,0,0
574,1995,365,0,0,0,0,0
574,1996,366,0,0,0,0,0
574,1997,365,0,0,0,0,0
574,1998,365,0,0,0,0,0
574,1999,365,0,0,0,0,0
574,2000,366,0,0,0,0,0
574,2001,365,0,0,0,0,0
574,2002,365,0,0,0,0,0
574,2003,365,1,0,1,0,0
574,2004,366,0,0,0,0,0
574,2005,365,0,0,0,0,0
574,2006,365,0,0,0,0,0
574,2007,365,1,0,1,0,0
574,2008,366,1,0,1,0,0
574,2009,365,1,0,1,0,0
574,2010,365,1,0,1,0,0
574,2011,365,0,0,0,0,0
574,2012,366,0,0,0,0,0
574,2013,365,1,0,1,0,0
574,2014,365,4,0,4,0,0
574,2015,365,2,0,2,0,0
574,2016,366,0,0,0,0,0
574,2017,365,1,0,1,0,0
574,2018,365,4,0,4,0,0
574,2019,365,0,0,0,0,0
574,2020,92,3,0,2,0,0
575,1980,274,0,0,0,0,0
575,1981,365,2,0,2,0,0
575,1982,365,3,0,3,0,0
575,1983,365,2,0,2,0,0
575,1984,366,1,0,1,0,0
575,1985,365,2,0,2,0,0
575,1986,365,0,0,0,0,0
575,1987,365,0,0,0,0,0
575,1988,366,1,0,1,0,0
575,1989,365,4,0,4,0,0
575,1990,365,3,0,3,0,0
575,1991,365,0,0,0,0,0
575,1992,366,2,0,2,0,0
575,1993,365,2,0,2,0,0
575,1994,365,2,0,2,0,0
575,1995,365,0,0,0,0,0
575,1996,366,1,0,1,0,0
575,1997,365,0,0,0,0,0
575,1998,365,0,0,0,0,0
575,1999,365,0,0,0,0,0
575,2000,366,0,0,0,0,0
575,2001,365,0,0,0,0,0
575,2002,365,0,0,0,0,0
575,2003,365,0,0,0,0,0
575,2004,366,0,0,0,0,0
575,2005,365,0,0,0,0,0
575,2006,365,0,0,0,0,0
575,2007,365,0,0,0,0,0
575,2008,366,1,0,1,0,0
575,2009,365,2,0,2,0,0
575,2010,365,1,0,1,0,0
575,2011,365,0,0,0,0,0
575,2012,366,0,0,0,0,0
575,2013,365,0,0,0,0,0
575,2014,365,0,0,0,0,0
575,2015,365,0,0,0,0,0
575,2016,366,0,0,0,0,0
575,2017,365,0,0,0,0,0
575,2018,365,1,0,1,0,0
575,2019,365,1,0,1,0,0
575,2020,92,0,0,0,0,0
585,1985,273,0,0,0,0,0
585,1986,365,0,0,0,0,0
585,1987,365,0,0,0,0,0
585,1988,366,0,0,0,0,0
585,1989,365,0,0,0,0,0
585,1990,365,0,0,0,0,0
585,1991,365,0,0,0,0,0
585,1992,366,0,0,0,0,0
585,1993,365,0,0,0,0,0
585,1994,365,8,7,1,0,0
585,1995,365,101,9,18,0,0
585,1996,366,155,47,32,0,0
585,1997,365,123,14,27,0,0
585,1998,365,109,0,21,0,0
585,1999,365,90,14,67,0,0
585,2000,366,87,7,58,0,0
585,2001,365,90,7,58,0,0
585,2002,365,99,7,34,0,0
585,2003,365,63,7,35,0,0
585,2004,366,96,7,95,0,0
585,2005,365,27,0,22,0,0
585,2006,365,52,21,83,0,0
585,2007,365,89,14,122,0,0
585,2008,366,84,7,77,0,0
585,2009,365,45,0,43,0,0
585,2010,365,50,0,50,0,0
585,2011,365,17,0,16,0,0
585,2012,366,73,7,76,0,0
585,2013,365,86,0,85,0,0
585,2014,365,140,0,137,0,0
585,2015,365,141,0,133,0,0
585,2016,366,81,0,79,0,0
585,2017,365,63,7,62,0,0
585,2018,365,64,14,74,0,0
585,2019,365,50,7,62,0,0
585,2020,92,13,0,12,0,0
592,1985,273,0,0,0,0,0
592,1986,365,0,0,0,0,0
592,1987,365,0,0,0,0,0
592,1988,366,0,0,0,0,0
592,1989,365,0,0,0,0,0
592,1990,365,0,0,0,0,0
592,1991,365,0,0,0,0,0
592,1992,366,0,0,0,0,0
592,1993,365,0,0,0,0,0
592,1994,365,9,7,0,0,0
592,1995,365,84,0,4,0,0
592,1996,366,136,35,6,0,0
592,1997,365,104,7,8,0,0
592,1998,365,88,0,4,0,0
592,1999,365,59,14,26,0,0
592,2000,366,43,0,11,0,0
592,2001,365,43,7,18,0,0
592,2002,365,89,14,24,0,0
592,2003,365,47,7,16,0,0
592,2004,366,47,14,49,0,0
592,2005,365,21,0,16,0,0
592,2006,365,33,0,31,0,0
592,2007,365,84,0,84,0,0
592,2008,366,76,0,69,0,0
592,2009,365,86,7,108,0,0
592,2010,365,74,0,74,0,0
592,2011,365,41,0,40,0,0
592,2012,366,60,7,65,0,0
592,2013,365,33,7,50,0,0
592,2014,365,47,7,47,0,0
592,2015,365,60,0,54,0,0
592,2016,366,41,0,39,0,0
592,2017,365,10,0,8,0,0
592,2018,365,5,0,2,0,0
592,2019,365,11,7,0,0,0
592,2020,92,3,0,2,0,0
595,1985,273,0,0,0,0,0
595,1986,365,0,0,0,0,0
595,1987,365,0,0,0,0,0
595,1988,366,0,0,0,0,0
595,1989,365,0,0,0,0,0
595,1990,365,0,0,0,0,0
595,1991,365,0,0,0,0,0
595,1992,366,0,0,0,0,0
595,1993,365,0,0,0,0,0
595,1994,365,8,7,0,0,0
595,1995,365,74,0,1,0,0
595,1996,366,38,0,0,0,0
595,1997,365,14,0,2,0,0
595,1998,365,19,0,0,0,0
595,1999,365,20,0,0,0,0
595,2000,366,29,0,0,0,0
595,2001,365,0,0,0,0,0
595,2002,365,0,0,0,0,0
595,2003,365,0,0,0,0,0
595,2004,366,0,0,0,0,0
595,2005,365,0,0,0,0,0
595,2006,365,0,0,0,0,0
595,2007,365,0,0,0,0,0
595,2008,366,0,0,0,0,0
595,2009,365,0,0,0,0,0
595,2010,365,1,0,1,0,0
595,2011,365,0,0,0,0,0
595,2012,366,0,0,0,0,0
595,2013,365,0,0,0,0,0
595,2014,365,1,0,1,0,0
595,2015,365,1,0,1,0,0
595,2016,366,0,0,0,0,0
595,2017,365,0,0,0,0,0
595,2018,365,0,0,0,0,0
595,2019,365,0,0,0,0,0
595,2020,92,1,0,1,0,0
597,1980,274,0,0,0,0,0
597,1981,365,0,0,0,0,0
597,1982,365,0,0,0,0,0
597,1983,365,0,0,0,0,0
597,1984,366,0,0,0,0,0
597,1985,365,0,0,0,0,0
597,1986,365,0,0,0,0,0
597,1987,365,0,0,0,0,0
597,1988,366,0,0,0,0,0
597,1989,365,0,0,0,0,0
597,1990,365,0,0,0,0,0
597,1991,365,0,0,0,0,0
597,1992,366,0,0,0,0,0
597,1993,365,0,0,0,0,0
597,1994,365,0,0,0,0,0
597,1995,365,0,0,0,0,0
597,1996,366,0,0,0,0,0
597,1997,365,0,0,0,0,0
597,1998,365,0,0,0,0,0
597,1999,365,0,0,0,0,0
597,2000,366,0,0,0,0,0
597,2001,365,0,0,0,0,0
597,2002,365,0,0,0,0,0
597,2003,365,0,0,0,0,0
597,2004,366,0,0,0,0,0
597,2005,365,0,0,0,0,0
597,2006,365,0,0,0,0,0
597,2007,365,0,0,0,0,0
597,2008,366,0,0,0,0,0
597,2009,365,0,0,0,0,0
597,2010,365,0,0,0,0,0
597,2011,365,0,0,0,0,0
597,2012,366,0,0,0,0,0
597,2013,365,0,0,0,0,0
597,2014,365,0,0,0,0,0
597,2015,365,0,0,0,0,0
597,2016,366,0,0,0,0,0
597,2017,365,0,0,0,0,0
597,2018,365,0,0,0,0,0
597,2019,365,0,0,0,0,0
597,2020,92,0,0,0,0,0
60,1980,274,0,0,0,0,0
60,1981,365,0,0,0,0,0
60,1982,365,0,0,0,0,0
60,1983,365,0,0,0,0,0
60,1984,366,0,0,0,0,0
60,1985,365,0,0,0,0,0
60,1986,365,0,0,0,0,0
60,1987,365,0,0,0,0,0
60,1988,366,0,0,0,0,0
60,1989,365,0,0,0,0,0
60,1990,365,0,0,0,0,0
60,1991,365,0,0,0,0,0
60,1992,366,0,0,0,0,0
60,1993,365,0,0,0,0,0
60,1994,365,0,0,0,0,0
60,1995,365,0,0,0,0,0
60,1996,366,0,0,0,0,0
60,1997,365,0,0,0,0,0
60,1998,365,0,0,0,0,0
60,1999,365,0,0,0,0,0
60,2000,366,0,0,0,0,0
60,2001,365,0,0,0,0,0
60,2002,365,0,0,0,0,0
60,2003,365,0,0,0,0,0
60,2004,366,0,0,0,0,0
60,2005,365,0,0,0,0,0
60,2006,365,0,0,0,0,0
60,2007,365,0,0,0,0,0
60,2008,366,0,0,0,0,0
60,2009,365,0,0,0,0,0
60,2010,365,0,0,0,0,0
60,2011,365,0,0,0,0,0
60,2012,366,0,0,0,0,0
60,2013,365,0,0,0,0,0
60,2014,365,0,0,0,0,0
60,2015,365,0,0,0,0,0
60,2016,366,0,0,0,0,0
60,2017,365,0,0,0,0,0
60,2018,365,0,0,0,0,0
60,2019,365,0,0,0,0,0
60,2020,92,0,0,0,0,0
600,1985,273,0,0,0,0,0
600,1986,365,0,0,0,0,0
600,1987,365,0,0,0,0,0
600,1988,366,0,0,0,0,0
600,1989,365,0,0,0,0,0
600,1990,365,0,0,0,0,0
600,1991,365,0,0,0,0,0
600,1992,366,0,0,0,0,0
600,1993,365,0,0,0,0,0
600,1994,365,7,7,0,0,0
600,1995,365,62,0,0,0,0
600,1996,366,96,7,0,0,0
600,1997,365,101,0,0,0,0
600,1998,365,82,0,0,0,0
600,1999,365,35,7,0,0,0
600,2000,366,45,0,0,0,0
600,2001,365,32,0,0,0,0
600,2002,365,43,0,0,0,0
600,2003,365,7,0,0,0,0
600,2004,366,10,0,0,0,0
600,2005,365,3,0,1,0,0
600,2006,365,2,0,0,0,0
600,2007,365,0,0,0,0,0
600,2008,366,6,0,0,0,0
600,2009,365,3,0,0,0,0
600,2010,365,0,0,0,0,0
600,2011,365,1,0,0,0,0
600,2012,366,0,0,0,0,0
600,2013,365,0,0,0,0,0
600,2014,365,3,0,0,0,0
600,2015,365,7,0,0,0,0
600,2016,366,2,0,0,0,0
600,2017,365,2,0,0,0,0
600,2018,365,3,0,0,0,0
600,2019,365,3,0,0,0,0
600,2020,92,1,0,0,0,0
601,1980,274,0,0,0,0,0
601,1981,365,0,0,0,0,0
601,1982,365,0,0,0,0,0
601,1983,365,0,0,0,0,0
601,1984,366,0,0,0,0,0
601,1985,365,0,0,0,0,0
601,1986,365,0,0,0,0,0
601,1987,365,0,0,0,0,0
601,1988,366,0,0,0,0,0
601,1989,365,0,0,0,0,0
601,1990,365,0,0,0,0,0
601,1991,365,0,0,0,0,0
601,1992,366,0,0,0,0,0
601,1993,365,0,0,0,0,0
601,1994,365,0,0,0,0,0
601,1995,365,0,0,0,0,0
601,1996,366,0,0,0,0,0
601,1997,365,0,0,0,0,0
601,1998,365,0,0,0,0,0
601,1999,365,0,0,0,0,0
601,2000,366,0,0,0,0,0
601,2001,365,0,0,0,0,0
601,2002,365,21,0,21,0,0
601,2003,365,0,0,0,0,0
601,2004,366,0,0,0,0,0
601,2005,365,0,0,0,0,0
601,2006,365,0,0,0,0,0
601,2007,365,0,0,0,0,0
601,2008,366,0,0,0,0,0
601,2009,365,0,0,0,0,0
601,2010,365,0,0,0,0,0
601,2011,365,0,0,0,0,0
601,2012,366,0,0,0,0,0
601,2013,365,0,0,0,0,0
601,2014,365,0,0,0,0,0
601,2015,365,0,0,0,0,0
601,2016,366,0,0,0,0,0
601,2017,365,1,0,1,0,0
601,2018,365,3,0,3,0,0
601,2019,365,0,0,0,0,0
601,2020,92,0,0,0,0,0
605,1985,273,0,0,0,0,0
605,1986,365,0,0,0,0,0
605,1987,365,0,0,0,0,0
605,1988,366,0,0,0,0,0
605,1989,365,0,0,0,0,0
605,1990,365,0,0,0,0,0
605,1991,365,0,0,0,0,0
605,1992,366,0,0,0,0,0
605,1993,365,0,0,0,0,0
605,1994,365,7,7,0,0,0
605,1995,365,80,7,0,0,0
605,1996,366,106,7,0,0,0
605,1997,365,100,0,0,0,0
605,1998,365,85,0,0,0,0
605,1999,365,40,7,0,0,0
605,2000,366,49,0,0,0,0
605,2001,365,39,0,1,0,0
605,2002,365,89,0,0,0,0
605,2003,365,17,0,0,0,0
605,2004,366,11,0,2,0,0
605,2005,365,1,0,0,0,0
605,2006,365,1,0,0,0,0
605,2007,365,16,0,16,0,0
605,2008,366,11,0,5,0,0
605,2009,365,3,0,0,0,0
605,2010,365,1,0,0,0,0
605,2011,365,1,0,0,0,0
605,2012,366,0,0,0,0,0
605,2013,365,0,0,0,0,0
605,2014,365,33,0,27,0,0
605,2015,365,24,0,18,0,0
605,2016,366,6,0,4,0,0
605,2017,365,4,0,0,0,0
605,2018,365,10,0,7,0,0
605,2019,365,10,0,1,0,0
605,2020,92,0,0,0,0,0
609,1988,271,0,0,0,0,0
609,1989,365,0,0,0,0,0
609,1990,365,0,0,0,0,0
609,1991,365,0,0,0,0,0
609,1992,366,0,0,0,0,0
609,1993,365,0,0,0,0,0
609,1994,365,10,7,0,0,0
609,1995,365,79,7,0,0,0
609,1996,366,131,14,0,0,0
609,1997,365,100,0,0,0,0
609,1998,365,86,0,0,0,0
609,1999,365,38,7,0,0,0
609,2000,366,46,0,0,0,0
609,2001,365,48,0,9,0,0
609,2002,365,84,0,20,0,0
609,2003,365,18,0,6,0,0
609,2004,366,32,0,23,0,0
609,2005,365,3,0,1,0,0
609,2006,365,1,0,0,0,0
609,2007,365,11,0,11,0,0
609,2008,366,30,7,23,0,0
609,2009,365,23,7,22,0,0
609,2010,365,9,0,9,0,0
609,2011,365,1,0,0,0,0
609,2012,366,1,0,0,0,0
609,2013,365,29,7,40,0,0
609,2014,365,46,7,59,0,0
609,2015,365,72,14,69,0,0
609,2016,366,8,0,6,0,0
609,2017,365,2,0,0,0,0
609,2018,365,9,0,6,0,0
609,2019,365,3,0,0,0,0
609,2020,92,0,0,0,0,0
612,1985,273,0,0,0,0,0
612,1986,365,0,0,0,0,0
612,1987,365,0,0,0,0,0
612,1988,366,0,0,0,0,0
612,1989,365,0,0,0,0,0
612,1990,365,0,0,0,0,0
612,1991,365,0,0,0,0,0
612,1992,366,0,0,0,0,0
612,1993,365,0,0,0,0,0
612,1994,365,7,7,0,0,0
612,1995,365,78,0,0,0,0
612,1996,366,142,21,0,0,0
612,1997,365,100,0,0,0,0
612,1998,365,86,0,0,0,0
612,1999,365,35,7,0,0,0
612,2000,366,46,0,0,0,0
612,2001,365,30,0,0,0,0
612,2002,365,64,0,0,0,0
612,2003,365,18,0,0,0,0
612,2004,366,10,0,0,0,0
612,2005,365,2,0,0,0,0
612,2006,365,1,0,0,0,0
612,2007,365,0,0,0,0,0
612,2008,366,11,0,0,0,0
612,2009,365,2,0,0,0,0
612,2010,365,0,0,0,0,0
612,2011,365,1,0,0,0,0
612,2012,366,0,0,0,0,0
612,2013,365,6,0,0,0,0
612,2014,365,3,0,0,0,0
612,2015,365,6,0,0,0,0
612,2016,366,3,0,0,0,0
612,2017,365,9,7,0,0,0
612,2018,365,3,0,0,0,0
612,2019,365,3,0,0,0,0
612,2020,92,1,0,0,0,0
620,2005,267,31,0,13,0,0
620,2006,365,86,0,74,0,0
620,2007,365,111,0,109,0,0
620,2008,366,73,0,69,0,0
620,2009,365,83,0,81,0,0
620,2010,365,79,7,73,0,0
620,2011,365,59,0,53,0,0
620,2012,366,118,0,115,0,0
620,2013,365,133,7,124,0,0
620,2014,365,84,0,84,0,0
620,2015,365,75,0,73,0,0
620,2016,366,48,0,40,0,0
620,2017,365,30,0,22,0,0
620,2018,365,108,7,115,0,0
620,2019,365,82,0,77,0,0
620,2020,92,45,0,45,0,0
63,1980,274,0,0,0,0,0
63,1981,365,0,0,0,0,0
63,1982,365,0,0,0,0,0
63,1983,365,0,0,0,0,0
63,1984,366,0,0,0,0,0
63,1985,365,0,0,0,0,0
63,1986,365,0,0,0,0,0
63,1987,365,0,0,0,0,0
63,1988,366,0,0,0,0,0
63,1989,365,0,0,0,0,0
63,1990,365,0,0,0,0,0
63,1991,365,0,0,0,0,0
63,1992,366,0,0,0,0,0
63,1993,365,0,0,0,0,0
63,1994,365,0,0,0,0,0
63,1995,365,0,0,0,0,0
63,1996,366,0,0,0,0,0
63,1997,365,0,0,0,0,0
63,1998,365,0,0,0,0,0
63,1999,365,0,0,0,0,0
63,2000,366,0,0,0,0,0
63,2001,365,0,0,0,0,0
63,2002,365,0,0,0,0,0
63,2003,365,0,0,0,0,0
63,2004,366,0,0,0,0,0
63,2005,365,0,0,0,0,0
63,2006,365,0,0,0,0,0
63,2007,365,0,0,0,0,0
63,2008,366,0,0,0,0,0
63,2009,365,0,0,0,0,0
63,2010,365,0,0,0,0,0
63,2011,365,0,0,0,0,0
63,2012,366,0,0,0,0,0
63,2013,365,0,0,0,0,0
63,2014,365,0,0,0,0,0
63,2015,365,1,0,0,0,0
63,2016,366,0,0,0,0,0
63,2017,365,0,0,0,0,0
63,2018,365,0,0,0,0,0
63,2019,365,0,0,0,0,0
63,2020,92,0,0,0,0,0
657,1980,274,0,0,0,0,0
657,1981,365,0,0,0,0,0
657,1982,365,0,0,0,0,0
657,1983,365,0,0,0,0,0
657,1984,366,0,0,0,0,0
657,1985,365,0,0,0,0,0
657,1986,365,0,0,0,0,0
657,1987,365,0,0,0,0,0
657,1988,366,0,0,0,0,0
657,1989,365,0,0,0,0,0
657,1990,365,0,0,0,0,0
657,1991,365,0,0,0,0,0
657,1992,366,0,0,0,0,0
657,1993,365,0,0,0,0,0
657,1994,365,0,0,0,0,0
657,1995,365,0,0,0,0,0
657,1996,366,0,0,0,0,0
657,1997,365,0,0,0,0,0
657,1998,365,0,0,0,0,0
657,1999,365,0,0,0,0,0
657,2000,366,0,0,0,0,0
657,2001,365,0,0,0,0,0
657,2002,365,33,0,33,0,0
657,2003,365,134,14,2,0,0
657,2004,366,188,21,7,0,0
657,2005,365,99,35,0,0,0
657,2006,365,32,0,0,0,0
657,2007,365,5,0,5,0,0
657,2008,366,1,0,1,0,0
657,2009,365,5,0,4,0,0
657,2010,365,11,0,11,0,0
657,2011,365,26,0,26,0,0
657,2012,366,39,0,39,0,0
657,2013,365,37,7,40,0,0
657,2014,365,21,0,21,0,0
657,2015,365,15,0,15,0,0
657,2016,366,2,0,2,0,0
657,2017,365,5,0,5,0,0
657,2018,365,10,0,10,0,0
657,2019,365,8,0,8,0,0
657,2020,92,1,0,1,0,0
664,1980,274,0,0,0,0,0
664,1981,365,0,0,0,0,0
664,1982,365,0,0,0,0,0
664,1983,365,0,0,0,0,0
664,1984,366,0,0,0,0,0
664,1985,365,0,0,0,0,0
664,1986,365,0,0,0,0,0
664,1987,365,0,0,0,0,0
664,1988,366,0,0,0,0,0
664,1989,365,0,0,0,0,0
664,1990,365,0,0,0,0,0
664,1991,365,0,0,0,0,0
664,1992,366,0,0,0,0,0
664,1993,365,0,0,0,0,0
664,1994,365,0,0,0,0,0
664,1995,365,0,0,0,0,0
664,1996,366,0,0,0,0,0
664,1997,365,0,0,0,0,0
664,1998,365,0,0,0,0,0
664,1999,365,0,0,0,0,0
664,2000,366,0,0,0,0,0
664,2001,365,0,0,0,0,0
664,2002,365,0,0,0,0,0
664,2003,365,135,14,3,0,0
664,2004,366,181,21,0,0,0
664,2005,365,100,35,2,0,0
664,2006,365,32,0,0,0,0
664,2007,365,7,0,7,0,0
664,2008,366,2,0,2,0,0
664,2009,365,16,0,3,0,0
664,2010,365,32,7,6,0,0
664,2011,365,7,0,5,0,0
664,2012,366,21,0,19,0,0
664,2013,365,22,0,22,0,0
664,2014,365,51,0,51,0,0
664,2015,365,54,7,47,0,0
664,2016,366,7,0,7,0,0
664,2017,365,13,0,13,0,0
664,2018,365,12,0,12,0,0
664,2019,365,29,0,29,0,0
664,2020,92,12,0,12,0,0
7308,1984,60,0,0,0,0,0
7308,1985,365,13,0,13,0,0
7308,1986,365,11,0,11,0,0
7308,1987,365,6,0,6,0,0
7308,1988,366,19,0,19,0,0
7308,1989,365,13,0,13,0,0
7308,1990,365,10,0,10,0,0
7308,1991,365,6,0,6,0,0
7308,1992,366,10,0,10,0,0
7308,1993,365,14,0,14,0,0
7308,1994,365,6,0,6,0,0
7308,1995,365,12,0,12,0,0
7308,1996,366,15,0,15,0,0
7308,1997,365,9,0,9,0,0
7308,1998,365,7,0,7,0,0
7308,1999,365,17,0,17,0,0
7308,2000,366,28,0,28,0,0
7308,2001,365,29,0,29,0,0
7308,2002,365,25,0,25,0,0
7308,2003,365,6,0,6,0,0
7308,2004,366,2,0,2,0,0
7308,2005,365,5,0,5,0,0
7308,2006,365,2,0,2,0,0
7308,2007,365,3,0,3,0,0
7308,2008,366,5,0,5,0,0
7308,2009,365,3,0,3,0,0
7308,2010,365,3,0,3,0,0
7308,2011,365,3,0,3,0,0
7308,2012,366,6,0,6,0,0
7308,2013,365,2,0,2,0,0
7308,2014,365,1,0,1,0,0
7308,2015,365,3,0,3,0,0
7308,2016,366,8,0,8,0,0
7308,2017,365,9,0,9,0,0
7308,2018,365,14,0,14,0,0
7308,2019,365,5,0,5,0,0
7308,2020,92,3,0,3,0,0
7311,1980,274,0,0,0,0,0
7311,1981,365,0,0,0,0,0
7311,1982,365,0,0,0,0,0
7311,1983,365,0,0,0,0,0
7311,1984,366,0,0,0,0,0
7311,1985,365,0,0,0,0,0
7311,1986,365,0,0,0,0,0
7311,1987,365,0,0,0,0,0
7311,1988,366,0,0,0,0,0
7311,1989,365,0,0,0,0,0
7311,1990,365,0,0,0,0,0
7311,1991,365,0,0,0,0,0
7311,1992,366,0,0,0,0,0
7311,1993,365,0,0,0,0,0
7311,1994,365,0,0,0,0,0
7311,1995,365,0,0,0,0,0
7311,1996,366,0,0,0,0,0
7311,1997,365,0,0,0,0,0
7311,1998,365,0,0,0,0,0
7311,1999,365,0,0,0,0,0
7311,2000,366,0,0,0,0,0
7311,2001,365,0,0,0,0,0
7311,2002,365,0,0,0,0,0
7311,2003,365,0,0,0,0,0
7311,2004,366,0,0,0,0,0
7311,2005,365,0,0,0,0,0
7311,2006,365,0,0,0,0,0
7311,2007,365,0,0,0,0,0
7311,2008,366,0,0,0,0,0
7311,2009,365,0,0,0,0,0
7311,2010,365,0,0,0,0,0
7311,2011,365,0,0,0,0,0
7311,2012,366,0,0,0,0,0
7311,2013,365,0,0,0,0,0
7311,2014,365,0,0,0,0,0
7311,2015,365,0,0,0,0,0
7313,1980,274,0,0,0,0,0
7313,1981,365,0,0,0,0,0
7313,1982,365,0,0,0,0,0
7313,1983,365,0,0,0,0,0
7313,1984,366,0,0,0,0,0
7313,1985,365,0,0,0,0,0
7313,1986,365,0,0,0,0,0
7313,1987,365,0,0,0,0,0
7313,1988,366,0,0,0,0,0
7313,1989,365,0,0,0,0,0
7313,1990,365,0,0,0,0,0
7313,1991,365,0,0,0,0,0
7313,1992,366,0,0,0,0,0
7313,1993,365,0,0,0,0,0
7313,1994,365,0,0,0,0,0
7313,1995,365,0,0,0,0,0
7313,1996,366,0,0,0,0,0
7313,1997,365,0,0,0,0,0
7313,1998,365,0,0,0,0,0
7313,1999,365,0,0,0,0,0
7313,2000,366,0,0,0,0,0
7313,2001,365,0,0,0,0,0
7313,2002,365,0,0,0,0,0
7313,2003,365,0,0,0,0,0
7313,2004,366,0,0,0,0,0
7313,2005,365,0,0,0,0,0
7313,2006,365,0,0,0,0,0
7313,2007,365,0,0,0,0,0
7313,2008,366,0,0,0,0,0
7313,2009,365,0,0,0,0,0
7313,2010,365,0,0,0,0,0
7313,2011,365,0,0,0,0,0
7313,2012,366,0,0,0,0,0
7313,2013,365,0,0,0,0,0
7313,2014,365,0,0,0,0,0
7313,2015,365,0,0,0,0,0
7313,2016,366,0,0,0,0,0
7313,2017,365,0,0,0,0,0
7313,2018,365,0,0,0,0,0
7313,2019,92,0,0,0,0,0
7318,1980,274,0,0,0,0,0
7318,1981,365,1,0,1,0,0
7318,1982,365,3,0,0,0,0
7318,1983,365,0,0,0,0,0
7318,1984,366,0,0,0,0,0
7318,1985,365,0,0,0,0,0
7318,1986,365,0,0,0,0,0
7318,1987,365,0,0,0,0,0
7318,1988,366,0,0,0,0,0
7318,1989,365,0,0,0,0,0
7318,1990,365,0,0,0,0,0
7318,1991,365,0,0,0,0,0
7318,1992,366,0,0,0,0,0
7318,1993,365,1,0,1,0,0
7318,1994,365,0,0,0,0,0
7318,1995,365,0,0,0,0,0
7318,1996,366,0,0,0,0,0
7318,1997,365,0,0,0,0,0
7318,1998,365,0,0,0,0,0
7318,1999,365,0,0,0,0,0
7318,2000,366,0,0,0,0,0
7318,2001,365,0,0,0,0,0
7318,2002,365,0,0,0,0,0
7318,2003,365,0,0,0,0,0
7318,2004,366,0,0,0,0,0
7318,2005,365,0,0,0,0,0
7318,2006,365,0,0,0,0,0
7318,2007,365,0,0,0,0,0
7318,2008,366,7,7,0,0,0
7318,2009,365,0,0,0,0,0
7318,2010,365,0,0,0,0,0
7318,2011,365,0,0,0,0,0
7318,2012,366,0,0,0,0,0
7318,2013,365,0,0,0,0,0
7318,2014,365,0,0,0,0,0
7318,2015,365,0,0,0,0,0
7318,2016,366,0,0,0,0,0
7318,2017,365,0,0,0,0,0
7318,2018,365,0,0,0,0,0
7318,2019,365,1,0,0,0,0
7318,2020,48,1,0,0,0,0
753,1980,274,0,0,0,0,0
753,1981,365,0,0,0,0,0
753,1982,365,0,0,0,0,0
753,1983,365,0,0,0,0,0
753,1984,366,0,0,0,0,0
753,1985,365,0,0,0,0,0
753,1986,365,0,0,0,0,0
753,1987,365,0,0,0,0,0
753,1988,366,0,0,0,0,0
753,1989,365,0,0,0,0,0
753,1990,365,0,0,0,0,0
753,1991,365,0,0,0,0,0
753,1992,366,0,0,0,0,0
753,1993,365,0,0,0,0,0
753,1994,365,0,0,0,0,0
753,1995,365,0,0,0,0,0
753,1996,366,0,0,0,0,0
753,1997,365,0,0,0,0,0
753,1998,365,0,0,0,0,0
753,1999,365,0,0,0,0,0
753,2000,366,0,0,0,0,0
753,2001,365,0,0,0,0,0
753,2002,365,0,0,0,0,0
753,2003,365,0,0,0,0,0
753,2004,366,0,0,0,0,0
753,2005,365,0,0,0,0,0
753,2006,365,0,0,0,0,0
753,2007,365,0,0,0,0,0
753,2008,366,0,0,0,0,0
753,2009,365,0,0,0,0,0
753,2010,365,0,0,0,0,0
753,2011,365,0,0,0,0,0
753,2012,366,0,0,0,0,0
753,2013,365,0,0,0,0,0
753,2014,365,0,0,0,0,0
753,2015,365,0,0,0,0,0
753,2016,366,0,0,0,0,0
753,2017,365,0,0,0,0,0
753,2018,365,0,0,0,0,0
753,2019,365,0,0,0,0,0
753,2020,92,0,0,0,0,0
758,1980,274,0,0,0,0,0
758,1981,365,0,0,0,0,0
758,1982,365,0,0,0,0,0
758,1983,365,0,0,0,0,0
758,1984,366,0,0,0,0,0
758,1985,365,0,0,0,0,0
758,1986,365,0,0,0,0,0
758,1987,365,0,0,0,0,0
758,1988,366,0,0,0,0,0
758,1989,365,0,0,0,0,0
758,1990,365,0,0,0,0,0
758,1991,365,0,0,0,0,0
758,1992,366,0,0,0,0,0
758,1993,365,0,0,0,0,0
758,1994,365,0,0,0,0,0
758,1995,365,0,0,0,0,0
758,1996,366,0,0,0,0,0
758,1997,365,0,0,0,0,0
758,1998,365,0,0,0,0,0
758,1999,365,0,0,0,0,0
758,2000,366,0,0,0,0,0
758,2001,365,7,7,0,0,0
758,2002,365,0,0,0,0,0
758,2003,365,0,0,0,0,0
758,2004,366,0,0,0,0,0
758,2005,365,0,0,0,0,0
758,2006,365,0,0,0,0,0
758,2007,365,0,0,0,0,0
758,2008,366,0,0,0,0,0
758,2009,365,0,0,0,0,0
758,2010,365,0,0,0,0,0
758,2011,365,0,0,0,0,0
758,2012,366,0,0,0,0,0
758,2013,365,0,0,0,0,0
758,2014,365,0,0,0,0,0
758,2015,365,0,0,0,0,0
758,2016,366,0,0,0,0,0
758,2017,365,0,0,0,0,0
758,2018,365,0,0,0,0,0
758,2019,365,0,0,0,0,0
758,2020,92,0,0,0,0,0
768,1980,274,0,0,0,0,0
768,1981,365,0,0,0,0,0
768,1982,365,0,0,0,0,0
768,1983,365,0,0,0,0,0
768,1984,366,0,0,0,0,0
768,1985,365,0,0,0,0,0
768,1986,365,0,0,0,0,0
768,1987,365,0,0,0,0,0
768,1988,366,0,0,0,0,0
768,1989,365,0,0,0,0,0
768,1990,365,0,0,0,0,0
768,1991,365,0,0,0,0,0
768,1992,366,0,0,0,0,0
768,1993,365,0,0,0,0,0
768,1994,365,0,0,0,0,0
768,1995,365,0,0,0,0,0
768,1996,366,0,0,0,0,0
768,1997,365,0,0,0,0,0
768,1998,365,0,0,0,0,0
768,1999,365,0,0,0,0,0
768,2000,366,0,0,0,0,0
768,2001,365,0,0,0,0,0
768,2002,365,0,0,0,0,0
768,2003,365,0,0,0,0,0
768,2004,366,0,0,0,0,0
768,2005,365,0,0,0,0,0
768,2006,365,0,0,0,0,0
768,2007,365,0,0,0,0,0
768,2008,366,0,0,0,0,0
768,2009,365,7,7,0,0,0
768,2010,365,0,0,0,0,0
768,2011,365,0,0,0,0,0
768,2012,366,0,0,0,0,0
768,2013,365,0,0,0,0,0
768,2014,365,0,0,0,0,0
768,2015,365,0,0,0,0,0
768,2016,366,7,7,0,0,0
768,2017,365,0,0,0,0,0
768,2018,365,0,0,0,0,0
768,2019,365,0,0,0,0,0
768,2020,92,0,0,0,0,0
777,1980,274,67,14,69,0,0
777,1981,365,68,0,68,0,0
777,1982,365,138,28,137,0,0
777,1983,365,91,0,89,0,0
777,1984,366,76,0,76,0,0
777,1985,365,62,7,52,0,0
777,1986,365,0,0,0,0,0
777,1987,365,59,7,60,0,0
777,1988,366,100,28,81,0,0
777,1989,365,78,7,63,0,0
777,1990,365,36,7,21,0,0
777,1991,365,0,0,0,0,0
777,1992,366,0,0,0,0,0
777,1993,365,0,0,0,0,0
777,1994,365,0,0,0,0,0
777,1995,365,0,0,0,0,0
777,1996,366,0,0,0,0,0
777,1997,365,0,0,0,0,0
777,1998,365,0,0,0,0,0
777,1999,365,0,0,0,0,0
777,2000,366,19,0,19,0,0
777,2001,365,41,14,79,0,0
777,2002,365,73,21,76,0,0
777,2003,365,78,14,92,0,0
777,2004,366,83,0,83,0,0
777,2005,365,39,14,47,0,0
777,2006,365,65,7,66,0,0
777,2007,365,77,7,80,0,0
777,2008,366,87,0,87,0,0
777,2009,365,46,0,46,0,0
777,2010,365,59,14,131,0,0
777,2011,365,11,0,11,0,0
777,2012,366,28,0,28,0,0
777,2013,365,38,7,54,0,0
777,2014,365,27,0,27,0,0
777,2015,365,46,7,51,0,0
777,2016,366,96,0,96,0,0
777,2017,365,31,0,31,0,0
777,2018,365,71,0,71,0,0
777,2019,365,8,7,2,0,0
777,2020,92,0,0,0,0,0
780,1980,274,89,7,90,0,0
780,1981,365,84,21,94,0,0
780,1982,365,109,21,119,0,0
780,1983,365,76,0,76,0,0
780,1984,366,94,21,102,0,0
780,1985,365,125,14,128,0,0
780,1986,365,108,7,112,0,0
780,1987,365,65,7,66,0,0
780,1988,366,146,28,167,0,0
780,1989,365,165,28,171,0,0
780,1990,365,179,2,179,0,0
780,1991,365,157,19,168,0,0
780,1992,366,159,14,157,0,0
780,1993,365,71,0,71,0,0
780,1994,365,32,0,32,0,0
780,1995,365,24,0,24,0,0
780,1996,366,61,0,61,0,0
780,1997,365,59,14,94,0,0
780,1998,365,44,7,60,0,0
780,1999,365,0,0,0,0,0
780,2000,366,0,0,0,0,0
780,2001,365,16,0,16,0,0
780,2002,365,57,0,57,0,0
780,2003,365,90,0,90,0,0
780,2004,366,71,0,71,0,0
780,2005,365,71,0,71,0,0
780,2006,365,129,7,130,0,0
780,2007,365,92,0,92,0,0
780,2008,366,129,0,129,0,0
780,2009,365,85,0,85,0,0
780,2010,365,33,0,33,0,0
780,2011,365,65,0,65,0,0
780,2012,366,84,0,84,0,0
780,2013,365,88,0,88,0,0
780,2014,365,50,0,50,0,0
780,2015,365,119,0,119,0,0
780,2016,366,135,0,135,0,0
780,2017,365,49,0,49,0,0
780,2018,365,125,0,125,0,0
780,2019,365,27,7,21,0,0
780,2020,92,0,0,0,0,0
784,1980,274,104,7,106,0,0
784,1981,365,138,21,153,0,0
784,1982,365,126,7,128,0,0
784,1983,365,90,14,92,0,0
784,1984,366,143,7,147,0,0
784,1985,365,157,28,175,0,0
784,1986,365,109,14,113,0,0
784,1987,365,86,28,105,0,0
784,1988,366,154,37,209,0,0
784,1989,365,180,68,224,0,0
784,1990,365,112,35,172,0,0
784,1991,365,137,41,185,0,0
784,1992,366,85,36,117,0,0
784,1993,365,73,7,86,0,0
784,1994,365,66,35,116,0,0
784,1995,365,29,14,38,0,0
784,1996,366,43,21,126,0,0
784,1997,365,41,14,76,0,0
784,1998,365,69,28,95,0,0
784,1999,365,0,0,0,0,0
784,2000,366,0,0,0,0,0
784,2001,365,90,14,109,0,0
784,2002,365,118,42,144,0,0
784,2003,365,102,21,108,0,0
784,2004,366,121,35,146,0,0
784,2005,365,72,7,75,0,0
784,2006,365,94,35,123,0,0
784,2007,365,127,14,136,0,0
784,2008,366,147,49,168,0,0
784,2009,365,52,0,52,0,0
784,2010,365,61,14,68,0,0
784,2011,365,67,0,66,0,0
784,2012,366,124,28,145,0,0
784,2013,365,88,7,89,0,0
784,2014,365,52,0,52,0,0
784,2015,365,99,0,99,0,0
784,2016,366,112,14,130,0,0
784,2017,365,122,14,144,0,0
784,2018,365,79,14,84,0,0
784,2019,365,46,7,39,0,0
784,2020,92,0,0,0,0,0
789,1980,274,0,0,0,0,0
789,1981,365,0,0,0,0,0
789,1982,365,0,0,0,0,0
789,1983,365,0,0,0,0,0
789,1984,366,0,0,0,0,0
789,1985,365,0,0,0,0,0
789,1986,365,0,0,0,0,0
789,1987,365,0,0,0,0,0
789,1988,366,0,0,0,0,0
789,1989,365,0,0,0,0,0
789,1990,365,0,0,0,0,0
789,1991,365,0,0,0,0,0
789,1992,366,0,0,0,0,0
789,1993,365,0,0,0,0,0
789,1994,365,0,0,0,0,0
789,1995,365,0,0,0,0,0
789,1996,366,0,0,0,0,0
789,1997,365,0,0,0,0,0
789,1998,365,0,0,0,0,0
789,1999,365,0,0,0,0,0
789,2000,366,0,0,0,0,0
789,2001,365,0,0,0,0,0
789,2002,365,7,7,0,0,0
789,2003,365,0,0,0,0,0
789,2004,366,0,0,0,0,0
789,2005,365,0,0,0,0,0
789,2006,365,0,0,0,0,0
789,2007,365,0,0,0,0,0
789,2008,366,0,0,0,0,0
789,2009,365,0,0,0,0,0
789,2010,365,0,0,0,0,0
789,2011,365,0,0,0,0,0
789,2012,366,0,0,0,0,0
789,2013,365,0,0,0,0,0
789,2014,365,0,0,0,0,0
789,2015,365,0,0,0,0,0
789,2016,366,0,0,0,0,0
789,2017,365,0,0,0,0,0
789,2018,365,0,0,0,0,0
789,2019,365,0,0,0,0,0
789,2020,92,0,0,0,0,0
798,1980,274,77,14,81,0,0
798,1981,365,101,14,103,0,0
798,1982,365,65,14,71,0,0
798,1983,365,17,0,17,0,0
798,1984,366,72,21,78,0,0
798,1985,365,86,21,96,0,0
798,1986,365,58,14,64,0,0
798,1987,365,85,14,88,0,0
798,1988,366,99,35,133,0,0
798,1989,365,111,14,126,0,0
798,1990,365,133,14,146,0,0
798,1991,365,85,21,137,0,0
798,1992,366,104,0,104,0,0
798,1993,365,81,0,81,0,0
798,1994,365,127,14,130,0,0
798,1995,365,89,0,89,0,0
798,1996,366,96,7,120,0,0
798,1997,365,55,0,55,0,0
798,1998,365,61,7,69,0,0
798,1999,365,0,0,0,0,0
798,2000,366,119,14,131,0,0
798,2001,365,99,7,105,0,0
798,2002,365,134,7,135,0,0
798,2003,365,99,0,99,0,0
798,2004,366,122,0,122,0,0
798,2005,365,96,0,96,0,0
798,2006,365,121,7,122,0,0
798,2007,365,136,0,136,0,0
798,2008,366,161,21,168,0,0
798,2009,365,63,0,63,0,0
798,2010,365,84,0,84,0,0
798,2011,365,33,0,33,0,0
798,2012,366,95,7,97,0,0
798,2013,365,43,0,43,0,0
798,2014,365,6,0,6,0,0
798,2015,365,32,0,32,0,0
798,2016,366,88,21,96,0,0
798,2017,365,105,28,112,0,0
798,2018,365,82,14,86,0,0
798,2019,365,16,7,9,0,0
798,2020,92,0,0,0,0,0
836,1980,274,119,0,119,0,0
836,1981,365,179,7,184,0,0
836,1982,365,172,0,172,0,0
836,1983,365,165,0,165,0,0
836,1984,366,168,0,168,0,0
836,1985,365,164,7,174,0,0
836,1986,365,136,0,136,0,0
836,1987,365,154,0,154,0,0
836,1988,366,157,0,157,0,0
836,1989,365,119,0,119,0,0
836,1990,365,189,14,194,0,0
836,1991,365,164,21,172,0,0
836,1992,366,138,0,138,0,0
836,1993,365,104,0,104,0,0
836,1994,365,114,0,114,0,0
836,1995,365,126,0,126,0,0
836,1996,366,108,0,108,0,0
836,1997,365,116,0,116,0,0
836,1998,365,117,7,119,0,0
836,1999,365,137,0,137,0,0
836,2000,366,148,0,148,0,0
836,2001,365,112,7,113,0,0
836,2002,365,170,14,164,0,0
836,2003,365,164,14,168,0,0
836,2004,366,166,0,166,0,0
836,2005,365,113,14,128,0,0
836,2006,365,116,7,117,0,0
836,2007,365,130,7,133,0,0
836,2008,366,165,0,165,0,0
836,2009,365,134,7,140,0,0
836,2010,365,79,14,101,0,0
836,2011,365,32,0,32,0,0
836,2012,366,109,7,112,0,0
836,2013,365,103,14,110,0,0
836,2014,365,0,0,0,0,0
836,2015,365,0,0,0,0,0
836,2016,366,0,0,0,0,0
836,2017,365,0,0,0,0,0
836,2018,365,0,0,0,0,0
836,2019,365,0,0,0,0,0
836,2020,92,0,0,0,0,0
837,1980,274,120,31,144,0,0
837,1981,365,77,25,114,0,0
837,1982,365,57,14,84,0,0
837,1983,365,62,0,62,0,0
837,1984,366,64,14,76,0,0
837,1985,365,72,7,77,0,0
837,1986,365,62,0,62,0,0
837,1987,365,64,7,67,0,0
837,1988,366,104,28,119,0,0
837,1989,365,92,21,126,0,0
837,1990,365,87,28,112,0,0
837,1991,365,131,21,139,0,0
837,1992,366,92,21,102,0,0
837,1993,365,52,7,59,0,0
837,1994,365,42,0,42,0,0
837,1995,365,24,0,24,0,0
837,1996,366,46,7,55,0,0
837,1997,365,42,0,42,0,0
837,1998,365,85,14,88,0,0
837,1999,365,24,7,31,0,0
837,2000,366,80,28,123,0,0
837,2001,365,72,0,72,0,0
837,2002,365,162,14,170,0,0
837,2003,365,109,21,147,0,0
837,2004,366,143,28,165,0,0
837,2005,365,154,21,185,0,0
837,2006,365,124,21,142,0,0
837,2007,365,163,21,185,0,0
837,2008,366,96,35,205,0,0
837,2009,365,95,28,117,0,0
837,2010,365,57,0,57,0,0
837,2011,365,48,0,48,0,0
837,2012,366,107,21,112,0,0
837,2013,365,100,28,113,0,0
837,2014,365,10,0,10,0,0
837,2015,365,46,0,46,0,0
837,2016,366,137,35,162,0,0
837,2017,365,164,21,176,0,0
837,2018,365,59,21,62,0,0
837,2019,365,0,0,0,0,0
837,2020,92,0,0,0,0,0
854,1984,366,39,0,39,0,0
854,1985,365,62,21,68,0,0
854,1986,365,10,0,10,0,0
854,1987,365,70,7,74,0,0
854,1988,366,142,0,142,0,0
854,1989,365,85,14,90,0,0
854,1990,365,48,0,48,0,0
854,1991,365,33,0,33,0,0
854,1992,366,10,0,10,0,0
854,1993,365,30,0,30,0,0
854,1994,365,2,0,2,0,0
854,1995,365,5,0,5,0,0
854,1996,366,7,0,7,0,0
854,1997,365,3,0,3,0,0
854,1998,365,4,0,4,0,0
854,1999,365,0,0,0,0,0
854,2000,366,6,0,6,0,0
854,2001,365,6,0,6,0,0
854,2002,365,30,0,30,0,0
854,2003,365,17,0,17,0,0
854,2004,366,44,0,44,0,0
854,2005,365,11,0,11,0,0
854,2006,365,4,0,4,0,0
854,2007,365,10,7,18,0,0
854,2008,366,6,0,6,0,0
854,2009,365,10,0,10,0,0
854,2010,365,21,7,39,0,0
854,2011,365,1,0,1,0,0
854,2012,366,23,0,23,0,0
854,2013,365,22,7,16,0,0
854,2014,365,0,0,0,0,0
854,2015,365,0,0,0,0,0
854,2016,366,0,0,0,0,0
854,2017,365,0,0,0,0,0
854,2018,365,0,0,0,0,0
854,2019,365,0,0,0,0,0
854,2020,92,0,0,0,0,0
868,1980,274,0,0,0,0,0
868,1981,365,0,0,0,0,0
868,1982,365,0,0,0,0,0
868,1983,365,0,0,0,0,0
868,1984,366,0,0,0,0,0
868,1985,365,0,0,0,0,0
868,1986,365,0,0,0,0,0
868,1987,365,0,0,0,0,0
868,1988,366,63,21,81,0,0
868,1989,365,55,21,64,0,0
868,1990,365,54,0,54,0,0
868,1991,365,42,14,55,0,0
868,1992,366,50,21,55,0,0
868,1993,365,25,0,25,0,0
868,1994,365,60,0,60,0,0
868,1995,365,35,7,39,0,0
868,1996,366,64,7,65,0,0
868,1997,365,48,0,48,0,0
868,1998,365,41,7,43,0,0
868,1999,365,38,7,44,0,0
868,2000,366,62,7,68,0,0
868,2001,365,38,0,38,0,0
868,2002,365,37,14,46,0,0
868,2003,365,36,0,36,0,0
868,2004,366,38,7,54,0,0
868,2005,365,43,7,54,0,0
868,2006,365,35,7,67,0,0
868,2007,365,38,14,63,0,0
868,2008,366,52,14,54,0,0
868,2009,365,37,0,40,0,0
868,2010,365,85,18,87,0,0
868,2011,365,57,10,62,0,0
868,2012,366,51,0,51,0,0
868,2013,365,16,0,16,0,0
868,2014,365,61,0,61,0,0
868,2015,365,62,0,62,0,0
868,2016,366,71,7,72,0,0
868,2017,365,55,0,55,0,0
868,2018,365,20,0,20,0,0
868,2019,365,27,7,20,0,0
868,2020,92,0,0,0,0,0
870,1980,274,0,0,0,0,0
870,1981,365,0,0,0,0,0
870,1982,365,0,0,0,0,0
870,1983,365,0,0,0,0,0
870,1984,366,0,0,0,0,0
870,1985,365,0,0,0,0,0
870,1986,365,0,0,0,0,0
870,1987,365,0,0,0,0,0
870,1988,366,0,0,0,0,0
870,1989,365,0,0,0,0,0
870,1990,365,0,0,0,0,0
870,1991,365,0,0,0,0,0
870,1992,366,0,0,0,0,0
870,1993,365,0,0,0,0,0
870,1994,365,0,0,0,0,0
870,1995,365,0,0,0,0,0
870,1996,366,0,0,0,0,0
870,1997,365,0,0,0,0,0
870,1998,365,0,0,0,0,0
870,1999,365,0,0,0,0,0
870,2000,366,0,0,0,0,0
870,2001,365,0,0,0,0,0
870,2002,365,0,0,0,0,0
870,2003,365,0,0,0,0,0
870,2004,366,0,0,0,0,0
870,2005,365,0,0,0,0,0
870,2006,365,0,0,0,0,0
870,2007,365,0,0,0,0,0
870,2008,366,0,0,0,0,0
870,2009,365,0,0,0,0,0
870,2010,365,0,0,0,0,0
870,2011,365,0,0,0,0,0
870,2012,366,0,0,0,0,0
870,2013,365,0,0,0,0,0
870,2014,365,0,0,0,0,0
870,2015,365,0,0,0,0,0
870,2016,366,0,0,0,0,0
870,2017,365,0,0,0,0,0
870,2018,365,0,0,0,0,0
870,2019,365,0,0,0,0,0
870,2020,92,0,0,0,0,0
872,1980,274,59,42,134,0,0
872,1981,365,99,49,196,0,0
872,1982,365,81,14,97,0,0
872,1983,365,76,42,113,0,0
872,1984,366,53,35,99,0,0
872,1985,365,89,35,176,0,0
872,1986,365,115,21,119,0,0
872,1987,365,86,0,86,0,0
872,1988,366,140,21,156,0,0
872,1989,365,95,14,139,0,0
872,1990,365,107,28,125,0,0
872,1991,365,100,7,129,0,0
872,1992,366,127,21,135,0,0
872,1993,365,54,0,54,0,0
872,1994,365,96,42,132,0,0
872,1995,365,44,28,102,0,0
872,1996,366,91,35,133,0,0
872,1997,365,90,42,165,0,0
872,1998,365,147,14,172,0,0
872,1999,365,117,16,138,0,0
872,2000,366,84,54,198,0,0
872,2001,365,60,56,172,0,0
872,2002,365,82,35,236,0,0
872,2003,365,119,42,150,0,0
872,2004,366,125,42,197,0,0
872,2005,365,118,28,179,0,0
872,2006,365,142,28,163,0,0
872,2007,365,111,21,139,0,0
872,2008,366,92,21,112,0,0
872,2009,365,83,28,153,0,0
872,2010,365,121,17,140,0,0
872,2011,365,92,18,133,0,0
872,2012,366,147,42,182,0,0
872,2013,365,139,35,157,0,0
872,2014,365,123,7,126,0,0
872,2015,365,138,0,138,0,0
872,2016,366,174,21,183,0,0
872,2017,365,159,7,169,0,0
872,2018,365,119,21,124,0,0
872,2019,365,41,7,34,0,0
872,2020,92,0,0,0,0,0
882,1980,274,0,0,0,0,0
882,1981,365,0,0,0,0,0
882,1982,365,0,0,0,0,0
882,1983,365,0,0,0,0,0
882,1984,366,0,0,0,0,0
882,1985,365,2,0,2,0,0
882,1986,365,0,0,0,0,0
882,1987,365,1,0,1,0,0
882,1988,366,3,0,3,0,0
882,1989,365,6,0,6,0,0
882,1990,365,4,0,4,0,0
882,1991,365,0,0,0,0,0
882,1992,366,1,0,1,0,0
882,1993,365,1,0,1,0,0
882,1994,365,3,0,3,0,0
882,1995,365,0,0,0,0,0
882,1996,366,0,0,0,0,0
882,1997,365,0,0,0,0,0
882,1998,365,0,0,0,0,0
882,1999,365,0,0,0,0,0
882,2000,366,0,0,0,0,0
882,2001,365,0,0,0,0,0
882,2002,365,5,0,5,0,0
882,2003,365,0,0,0,0,0
882,2004,366,0,0,0,0,0
882,2005,365,6,0,6,0,0
882,2006,365,3,0,3,0,0
882,2007,365,0,0,0,0,0
882,2008,366,0,0,0,0,0
882,2009,365,1,0,1,0,0
882,2010,365,0,0,0,0,0
882,2011,365,0,0,0,0,0
882,2012,366,0,0,0,0,0
882,2013,365,1,0,1,0,0
882,2014,365,0,0,0,0,0
882,2015,365,0,0,0,0,0
882,2016,366,0,0,0,0,0
882,2017,365,0,0,0,0,0
882,2018,365,0,0,0,0,0
882,2019,365,7,7,0,0,0
882,2020,92,0,0,0,0,0
884,1980,274,0,0,0,0,0
884,1981,365,0,0,0,0,0
884,1982,365,0,0,0,0,0
884,1983,365,0,0,0,0,0
884,1984,366,0,0,0,0,0
884,1985,365,0,0,0,0,0
884,1986,365,0,0,0,0,0
884,1987,365,0,0,0,0,0
884,1988,366,0,0,0,0,0
884,1989,365,0,0,0,0,0
884,1990,365,0,0,0,0,0
884,1991,365,0,0,0,0,0
884,1992,366,0,0,0,0,0
884,1993,365,5,0,0,0,0
884,1994,365,0,0,0,0,0
884,1995,365,0,0,0,0,0
884,1996,366,0,0,0,0,0
884,1997,365,0,0,0,0,0
884,1998,365,0,0,0,0,0
884,1999,365,0,0,0,0,0
884,2000,366,0,0,0,0,0
884,2001,365,5,0,0,0,0
884,2002,365,0,0,0,0,0
884,2003,365,0,0,0,0,0
884,2004,366,0,0,0,0,0
884,2005,365,0,0,0,0,0
884,2006,365,0,0,0,0,0
884,2007,365,0,0,0,0,0
884,2008,366,8,0,0,0,0
884,2009,365,0,0,0,0,0
884,2010,365,1,0,0,0,0
884,2011,365,0,0,0,0,0
884,2012,366,0,0,0,0,0
884,2013,365,0,0,0,0,0
884,2014,365,0,0,0,0,0
884,2015,365,0,0,0,0,0
884,2016,366,0,0,0,0,0
884,2017,365,0,0,0,0,0
884,2018,365,0,0,0,0,0
884,2019,365,0,0,0,0,0
884,2020,92,0,0,0,0,0
885,1980,274,1,0,1,0,0
885,1981,365,0,0,0,0,0
885,1982,365,1,0,1,0,0
885,1983,365,0,0,0,0,0
885,1984,366,0,0,0,0,0
885,1985,365,0,0,0,0,0
885,1986,365,3,0,3,0,0
885,1987,365,10,0,10,0,0
885,1988,366,6,0,6,0,0
885,1989,365,6,0,6,0,0
885,1990,365,5,0,5,0,0
885,1991,365,2,0,2,0,0
885,1992,366,2,0,2,0,0
885,1993,365,1,0,1,0,0
885,1994,365,1,0,1,0,0
885,1995,365,0,0,0,0,0
885,1996,366,0,0,0,0,0
885,1997,365,0,0,0,0,0
885,1998,365,0,0,0,0,0
885,1999,365,0,0,0,0,0
885,2000,366,0,0,0,0,0
885,2001,365,0,0,0,0,0
885,2002,365,8,0,8,0,0
885,2003,365,0,0,0,0,0
885,2004,366,0,0,0,0,0
885,2005,365,3,0,3,0,0
885,2006,365,1,0,1,0,0
885,2007,365,2,0,2,0,0
885,2008,366,0,0,0,0,0
885,2009,365,3,0,3,0,0
885,2010,365,0,0,0,0,0
885,2011,365,1,0,1,0,0
885,2012,366,0,0,0,0,0
885,2013,365,0,0,0,0,0
885,2014,365,0,0,0,0,0
885,2015,365,0,0,0,0,0
885,2016,366,0,0,0,0,0
885,2017,365,0,0,0,0,0
885,2018,365,0,0,0,0,0
885,2019,365,7,7,0,0,0
885,2020,92,0,0,0,0,0
893,1980,274,78,0,78,0,0
893,1981,365,46,0,46,0,0
893,1982,365,11,0,11,0,0
893,1983,365,55,14,65,0,0
893,1984,366,45,7,46,0,0
893,1985,365,69,7,72,0,0
893,1986,365,44,7,46,0,0
893,1987,365,70,7,71,0,0
893,1988,366,87,0,87,0,0
893,1989,365,60,14,69,0,0
893,1990,365,55,0,55,0,0
893,1991,365,58,7,62,0,0
893,1992,366,64,0,64,0,0
893,1993,365,20,0,20,0,0
893,1994,365,84,7,90,0,0
893,1995,365,34,7,52,0,0
893,1996,366,50,7,62,0,0
893,1997,365,38,7,39,0,0
893,1998,365,42,0,42,0,0
893,1999,365,12,0,12,0,0
893,2000,366,75,7,76,0,0
893,2001,365,53,7,60,0,0
893,2002,365,87,14,93,0,0
893,2003,365,65,7,66,0,0
893,2004,366,87,0,87,0,0
893,2005,365,47,0,47,0,0
893,2006,365,74,0,74,0,0
893,2007,365,90,7,91,0,0
893,2008,366,41,0,41,0,0
893,2009,365,50,0,50,0,0
893,2010,365,30,7,31,0,0
893,2011,365,28,7,52,0,0
893,2012,366,81,14,86,0,0
893,2013,365,46,7,48,0,0
893,2014,365,30,0,30,0,0
893,2015,365,11,0,11,0,0
893,2016,366,45,0,45,0,0
893,2017,365,49,0,49,0,0
893,2018,365,32,0,32,0,0
893,2019,365,7,7,0,0,0
893,2020,92,0,0,0,0,0
895,1980,274,0,0,0,0,0
895,1981,365,0,0,0,0,0
895,1982,365,0,0,0,0,0
895,1983,365,0,0,0,0,0
895,1984,366,0,0,0,0,0
895,1985,365,0,0,0,0,0
895,1986,365,0,0,0,0,0
895,1987,365,0,0,0,0,0
895,1988,366,0,0,0,0,0
895,1989,365,0,0,0,0,0
895,1990,365,0,0,0,0,0
895,1991,365,0,0,0,0,0
895,1992,366,0,0,0,0,0
895,1993,365,0,0,0,0,0
895,1994,365,0,0,0,0,0
895,1995,365,0,0,0,0,0
895,1996,366,0,0,0,0,0
895,1997,365,0,0,0,0,0
895,1998,365,0,0,0,0,0
895,1999,365,0,0,0,0,0
895,2000,366,0,0,0,0,0
895,2001,365,0,0,0,0,0
895,2002,365,0,0,0,0,0
895,2003,365,0,0,0,0,0
895,2004,366,0,0,0,0,0
895,2005,365,0,0,0,0,0
895,2006,365,0,0,0,0,0
895,2007,365,0,0,0,0,0
895,2008,366,0,0,0,0,0
895,2009,365,0,0,0,0,0
895,2010,365,0,0,0,0,0
895,2011,365,0,0,0,0,0
895,2012,366,0,0,0,0,0
895,2013,365,0,0,0,0,0
895,2014,365,0,0,0,0,0
895,2015,365,0,0,0,0,0
895,2016,366,0,0,0,0,0
895,2017,365,0,0,0,0,0
895,2018,365,0,0,0,0,0
895,2019,365,0,0,0,0,0
895,2020,92,0,0,0,0,0
898,1980,274,0,0,0,0,0
898,1981,365,0,0,0,0,0
898,1982,365,0,0,0,0,0
898,1983,365,0,0,0,0,0
898,1984,366,0,0,0,0,0
898,1985,365,0,0,0,0,0
898,1986,365,0,0,0,0,0
898,1987,365,0,0,0,0,0
898,1988,366,0,0,0,0,0
898,1989,365,0,0,0,0,0
898,1990,365,0,0,0,0,0
898,1991,365,0,0,0,0,0
898,1992,366,0,0,0,0,0
898,1993,365,0,0,0,0,0
898,1994,365,0,0,0,0,0
898,1995,365,0,0,0,0,0
898,1996,366,0,0,0,0,0
898,1997,365,0,0,0,0,0
898,1998,365,0,0,0,0,0
898,1999,365,0,0,0,0,0
898,2000,366,2,0,2,0,0
898,2001,365,0,0,0,0,0
898,2002,365,0,0,0,0,0
898,2003,365,0,0,0,0,0
898,2004,366,0,0,0,0,0
898,2005,365,0,0,0,0,0
898,2006,365,0,0,0,0,0
898,2007,365,0,0,0,0,0
898,2008,366,0,0,0,0,0
898,2009,365,0,0,0,0,0
898,2010,365,0,0,0,0,0
898,2011,365,0,0,0,0,0
898,2012,366,0,0,0,0,0
898,2013,365,0,0,0,0,0
898,2014,365,0,0,0,0,0
898,2015,365,0,0,0,0,0
898,2016,366,0,0,0,0,0
898,2017,365,0,0,0,0,0
898,2018,365,0,0,0,0,0
898,2019,365,7,7,0,0,0
898,2020,92,0,0,0,0,0
919,1980,274,0,0,0,0,0
919,1981,365,0,0,0,0,0
919,1982,365,0,0,0,0,0
919,1983,365,0,0,0,0,0
919,1984,366,1,0,0,0,0
919,1985,365,0,0,0,0,0
919,1986,365,0,0,0,0,0
919,1987,365,0,0,0,0,0
919,1988,366,0,0,0,0,0
919,1989,365,47,14,0,0,0
919,1990,365,39,14,0,0,0
919,1991,365,54,21,0,0,0
919,1992,366,33,0,0,0,0
919,1993,365,0,0,0,0,0
919,1994,365,2,0,0,0,0
919,1995,365,17,0,0,0,0
919,1996,366,11,0,0,0,0
919,1997,365,72,0,0,0,0
919,1998,365,28,7,0,0,0
919,1999,365,5,0,0,0,0
919,2000,366,101,14,0,0,0
919,2001,365,94,14,0,0,0
919,2002,365,146,63,0,0,0
919,2003,365,112,14,0,0,0
919,2004,366,149,7,0,0,0
919,2005,365,110,63,0,0,0
919,2006,365,131,49,0,0,0
919,2007,365,37,0,0,0,0
919,2008,366,8,0,0,0,0
919,2009,365,86,7,0,0,0
919,2010,365,34,7,0,0,0
919,2011,365,69,0,0,0,0
919,2012,366,90,7,0,0,0
919,2013,365,114,14,0,0,0
919,2014,365,113,14,0,0,0
919,2015,365,23,0,0,0,0
919,2016,366,35,0,0,0,0
919,2017,365,20,0,0,0,0
919,2018,365,24,7,0,0,0
919,2019,365,0,0,0,0,0
919,2020,92,7,7,0,0,0
920,1980,274,0,0,0,0,0
920,1981,365,0,0,0,0,0
920,1982,365,0,0,0,0,0
920,1983,365,0,0,0,0,0
920,1984,366,0,0,0,0,0
920,1985,365,0,0,0,0,0
920,1986,365,0,0,0,0,0
920,1987,365,0,0,0,0,0
920,1988,366,0,0,0,0,0
920,1989,365,0,0,0,0,0
920,1990,365,0,0,0,0,0
920,1991,365,0,0,0,0,0
920,1992,366,0,0,0,0,0
920,1993,365,0,0,0,0,0
920,1994,365,0,0,0,0,0
920,1995,365,0,0,0,0,0
920,1996,366,0,0,0,0,0
920,1997,365,0,0,0,0,0
920,1998,365,0,0,0,0,0
920,1999,365,0,0,0,0,0
920,2000,366,0,0,0,0,0
920,2001,365,0,0,0,0,0
920,2002,365,0,0,0,0,0
920,2003,365,0,0,0,0,0
920,2004,366,0,0,0,0,0
920,2005,365,0,0,0,0,0
920,2006,365,0,0,0,0,0
920,2007,365,0,0,0,0,0
920,2008,366,0,0,0,0,0
920,2009,365,0,0,0,0,0
920,2010,365,0,0,0,0,0
920,2011,365,0,0,0,0,0
920,2012,366,0,0,0,0,0
920,2013,365,0,0,0,0,0
920,2014,365,0,0,0,0,0
920,2015,365,0,0,0,0,0
920,2016,366,0,0,0,0,0
920,2017,365,0,0,0,0,0
920,2018,365,0,0,0,0,0
920,2019,365,7,7,0,0,0
920,2020,92,0,0,0,0,0
929,1980,274,0,0,0,0,0
929,1981,365,0,0,0,0,0
929,1982,365,0,0,0,0,0
929,1983,365,0,0,0,0,0
929,1984,366,0,0,0,0,0
929,1985,365,0,0,0,0,0
929,1986,365,0,0,0,0,0
929,1987,365,0,0,0,0,0
929,1988,366,0,0,0,0,0
929,1989,365,0,0,0,0,0
929,1990,365,0,0,0,0,0
929,1991,365,0,0,0,0,0
929,1992,366,0,0,0,0,0
929,1993,365,0,0,0,0,0
929,1994,365,0,0,0,0,0
929,1995,365,0,0,0,0,0
929,1996,366,0,0,0,0,0
929,1997,365,0,0,0,0,0
929,1998,365,0,0,0,0,0
929,1999,365,0,0,0,0,0
929,2000,366,0,0,0,0,0
929,2001,365,0,0,0,0,0
929,2002,365,0,0,0,0,0
929,2003,365,0,0,0,0,0
929,2004,366,0,0,0,0,0
929,2005,365,0,0,0,0,0
929,2006,365,0,0,0,0,0
929,2007,365,0,0,0,0,0
929,2008,366,0,0,0,0,0
929,2009,365,0,0,0,0,0
929,2010,365,0,0,0,0,0
929,2011,365,0,0,0,0,0
929,2012,366,0,0,0,0,0
929,2013,365,0,0,0,0,0
929,2014,365,0,0,0,0,0
929,2015,365,7,7,0,0,0
929,2016,366,0,0,0,0,0
929,2017,365,0,0,0,0,0
929,2018,365,0,0,0,0,0
929,2019,365,0,0,0,0,0
929,2020,92,0,0,0,0,0
931,1980,274,0,0,0,0,0
931,1981,365,0,0,0,0,0
931,1982,365,0,0,0,0,0
931,1983,365,0,0,0,0,0
931,1984,366,0,0,0,0,0
931,1985,365,0,0,0,0,0
931,1986,365,0,0,0,0,0
931,1987,365,0,0,0,0,0
931,1988,366,0,0,0,0,0
931,1989,365,0,0,0,0,0
931,1990,365,0,0,0,0,0
931,1991,365,0,0,0,0,0
931,1992,366,0,0,0,0,0
931,1993,365,0,0,0,0,0
931,1994,365,0,0,0,0,0
931,1995,365,0,0,0,0,0
931,1996,366,0,0,0,0,0
931,1997,365,0,0,0,0,0
931,1998,365,1,0,1,0,0
931,1999,365,24,0,24,0,0
931,2000,366,0,0,0,0,0
931,2001,365,0,0,0,0,0
931,2002,365,0,0,0,0,0
931,2003,365,0,0,0,0,0
931,2004,366,0,0,0,0,0
931,2005,365,0,0,0,0,0
931,2006,365,0,0,0,0,0
931,2007,365,0,0,0,0,0
931,2008,366,0,0,0,0,0
931,2009,365,0,0,0,0,0
931,2010,365,0,0,0,0,0
931,2011,365,0,0,0,0,0
931,2012,366,15,0,15,0,0
931,2013,365,0,0,0,0,0
931,2014,365,0,0,0,0,0
931,2015,365,0,0,0,0,0
931,2016,366,0,0,0,0,0
931,2017,365,0,0,0,0,0
931,2018,365,0,0,0,0,0
931,2019,365,0,0,0,0,0
931,2020,92,0,0,0,0,0
936,1980,274,0,0,0,0,0
936,1981,365,63,63,0,0,0
936,1982,365,0,0,0,0,0
936,1983,365,0,0,0,0,0
936,1984,366,0,0,0,0,0
936,1985,365,0,0,0,0,0
936,1986,365,63,63,0,0,0
936,1987,365,63,63,0,0,0
936,1988,366,63,63,0,0,0
936,1989,365,63,63,0,0,0
936,1990,365,63,63,0,0,0
936,1991,365,63,63,0,0,0
936,1992,366,63,63,0,0,0
936,1993,365,16,0,16,0,0
936,1994,365,39,0,39,0,0
936,1995,365,36,0,36,0,0
936,1996,366,26,7,17,0,0
936,1997,365,24,0,24,0,0
936,1998,365,23,0,23,0,0
936,1999,365,12,0,12,0,0
936,2000,366,30,7,39,0,0
936,2001,365,23,0,23,0,0
936,2002,365,62,28,74,0,0
936,2003,365,75,35,93,0,0
936,2004,366,125,28,136,0,0
936,2005,365,85,21,131,0,0
936,2006,365,157,42,152,0,0
936,2007,365,114,42,153,0,0
936,2008,366,158,21,152,0,0
936,2009,365,104,0,103,0,0
936,2010,365,89,14,89,0,0
936,2011,365,106,28,111,0,0
936,2012,366,79,35,168,0,0
936,2013,365,143,42,164,0,0
936,2014,365,109,0,109,0,0
936,2015,365,51,19,119,0,0
936,2016,366,85,23,132,0,0
936,2017,365,88,28,126,0,0
936,2018,365,77,28,113,0,0
936,2019,92,7,0,8,0,0
938,1980,274,20,0,20,0,0
938,1981,365,25,0,24,0,0
938,1982,365,47,0,46,0,0
938,1983,365,43,0,43,0,0
938,1984,366,23,0,22,0,0
938,1985,365,42,0,41,0,0
938,1986,365,19,0,18,0,0
938,1987,365,16,0,16,0,0
938,1988,366,31,0,31,0,0
938,1989,365,42,7,43,0,0
938,1990,365,42,7,43,0,0
938,1991,365,21,0,21,0,0
938,1992,366,27,0,27,0,0
938,1993,365,24,0,24,0,0
938,1994,365,28,0,28,0,0
938,1995,365,17,0,17,0,0
938,1996,366,23,7,15,0,0
938,1997,365,15,0,15,0,0
938,1998,365,9,0,9,0,0
938,1999,365,7,0,7,0,0
938,2000,366,10,0,10,0,0
938,2001,365,10,0,10,0,0
938,2002,365,15,0,11,0,0
938,2003,365,5,0,5,0,0
938,2004,366,6,0,6,0,0
938,2005,365,27,0,27,0,0
938,2006,365,41,0,22,0,0
938,2007,365,24,0,3,0,0
938,2008,366,44,0,9,0,0
938,2009,365,3,0,2,0,0
938,2010,365,11,0,4,0,0
938,2011,365,6,0,2,0,0
938,2012,366,9,0,9,0,0
938,2013,365,7,0,7,0,0
938,2014,365,2,0,2,0,0
938,2015,365,2,0,2,0,0
938,2016,366,7,0,7,0,0
938,2017,365,2,0,2,0,0
938,2018,365,14,0,14,0,0
938,2019,92,0,0,0,0,0
939,1980,274,46,0,46,0,0
939,1981,365,54,0,53,0,0
939,1982,365,54,0,53,0,0
939,1983,365,74,0,73,0,0
939,1984,366,76,14,77,0,0
939,1985,365,72,0,71,0,0
939,1986,365,66,0,66,0,0
939,1987,365,61,0,61,0,0
939,1988,366,63,0,63,0,0
939,1989,365,69,0,69,0,0
939,1990,365,79,0,79,0,0
939,1991,365,57,0,57,0,0
939,1992,366,57,0,57,0,0
939,1993,365,41,0,41,0,0
939,1994,365,84,7,87,0,0
939,1995,365,61,0,61,0,0
939,1996,366,69,7,60,0,0
939,1997,365,48,0,48,0,0
939,1998,365,52,0,52,0,0
939,1999,365,43,0,43,0,0
939,2000,366,99,28,111,0,0
939,2001,365,75,7,76,0,0
939,2002,365,89,14,84,0,0
939,2003,365,67,21,102,0,0
939,2004,366,97,21,109,0,0
939,2005,365,79,21,113,0,0
939,2006,365,108,7,98,0,0
939,2007,365,108,35,85,0,0
939,2008,366,124,7,95,0,0
939,2009,365,81,0,77,0,0
939,2010,365,30,0,23,0,0
939,2011,365,9,0,5,0,0
939,2012,366,41,7,42,0,0
939,2013,365,56,7,57,0,0
939,2014,365,29,0,29,0,0
939,2015,365,66,7,69,0,0
939,2016,366,102,35,119,0,0
939,2017,365,62,21,133,0,0
939,2018,365,77,35,96,0,0
939,2019,92,4,0,6,0,0
948,1980,274,0,0,0,0,0
948,1981,365,0,0,0,0,0
948,1982,365,0,0,0,0,0
948,1983,365,0,0,0,0,0
948,1984,366,0,0,0,0,0
948,1985,365,0,0,0,0,0
948,1986,365,0,0,0,0,0
948,1987,365,0,0,0,0,0
948,1988,366,0,0,0,0,0
948,1989,365,0,0,0,0,0
948,1990,365,0,0,0,0,0
948,1991,365,0,0,0,0,0
948,1992,366,0,0,0,0,0
948,1993,365,17,0,13,0,0
948,1994,365,52,0,46,0,0
948,1995,365,66,0,66,0,0
948,1996,366,26,7,19,0,0
948,1997,365,55,0,55,0,0
948,1998,365,59,7,60,0,0
948,1999,365,56,0,56,0,0
948,2000,366,82,7,85,0,0
948,2001,365,87,7,89,0,0
948,2002,365,126,7,126,0,0
948,2003,365,148,14,151,0,0
948,2004,366,178,0,175,0,0
948,2005,365,142,7,145,0,0
948,2006,365,165,21,150,0,0
948,2007,365,93,14,63,0,0
948,2008,366,102,0,72,0,0
948,2009,365,98,14,101,0,0
948,2010,365,56,0,48,0,0
948,2011,365,85,2,81,0,0
948,2012,366,120,33,141,0,0
948,2013,365,151,28,167,0,0
948,2014,365,107,7,116,0,0
948,2015,365,92,7,93,0,0
948,2016,366,85,0,85,0,0
948,2017,365,85,7,94,0,0
948,2018,365,60,0,60,0,0
948,2019,365,7,7,0,0,0
948,2020,92,0,0,0,0,0
952,1980,274,0,0,0,0,0
952,1981,365,0,0,0,0,0
952,1982,365,0,0,0,0,0
952,1983,365,0,0,0,0,0
952,1984,366,0,0,0,0,0
952,1985,365,0,0,0,0,0
952,1986,365,0,0,0,0,0
952,1987,365,0,0,0,0,0
952,1988,366,0,0,0,0,0
952,1989,365,0,0,0,0,0
952,1990,365,0,0,0,0,0
952,1991,365,0,0,0,0,0
952,1992,366,0,0,0,0,0
952,1993,365,35,0,38,0,0
952,1994,365,23,0,21,0,0
952,1995,365,51,0,51,0,0
952,1996,366,61,7,52,0,0
952,1997,365,53,0,54,0,0
952,1998,365,25,0,25,0,0
952,1999,365,26,0,26,0,0
952,2000,366,45,0,45,0,0
952,2001,365,31,0,31,0,0
952,2002,365,49,7,39,0,0
952,2003,365,67,0,49,0,0
952,2004,366,80,21,91,0,0
952,2005,365,64,7,65,0,0
952,2006,365,108,7,86,0,0
952,2007,365,65,0,31,0,0
952,2008,366,71,0,42,0,0
952,2009,365,76,14,82,0,0
952,2010,365,49,7,48,0,0
952,2011,365,66,0,66,0,0
952,2012,366,63,0,63,0,0
952,2013,365,39,0,39,0,0
952,2014,365,63,0,63,0,0
952,2015,365,49,0,49,0,0
952,2016,366,31,0,31,0,0
952,2017,365,48,0,48,0,0
952,2018,365,57,0,57,0,0
952,2019,365,11,7,4,0,0
952,2020,92,0,0,0,0,0
953,1980,274,86,33,126,0,0
953,1981,365,130,44,170,0,0
953,1982,365,131,21,147,0,0
953,1983,365,113,28,135,0,0
953,1984,366,82,35,126,0,0
953,1985,365,113,28,137,0,0
953,1986,365,110,7,114,0,0
953,1987,365,74,14,76,0,0
953,1988,366,98,28,112,0,0
953,1989,365,117,14,126,0,0
953,1990,365,93,7,104,0,0
953,1991,365,98,28,149,0,0
953,1992,366,111,35,124,0,0
953,1993,365,55,0,55,0,0
953,1994,365,86,21,98,0,0
953,1995,365,97,14,101,0,0
953,1996,366,89,7,80,0,0
953,1997,365,101,7,103,0,0
953,1998,365,93,7,98,0,0
953,1999,365,91,21,111,0,0
953,2000,366,112,28,160,0,0
953,2001,365,100,21,121,0,0
953,2002,365,109,42,156,0,0
953,2003,365,121,28,141,0,0
953,2004,366,121,35,168,0,0
953,2005,365,133,55,158,0,0
953,2006,365,158,36,154,0,0
953,2007,365,115,21,126,0,0
953,2008,366,133,39,139,0,0
953,2009,365,128,17,133,0,0
953,2010,365,94,14,109,0,0
953,2011,365,133,7,137,0,0
953,2012,366,128,70,162,0,0
953,2013,365,122,21,154,0,0
953,2014,365,150,28,177,0,0
953,2015,365,140,34,162,0,0
953,2016,366,110,50,148,0,0
953,2017,365,93,35,124,0,0
953,2018,365,104,28,111,0,0
953,2019,365,17,7,11,0,0
953,2020,92,0,0,0,0,0
956,1980,274,0,0,0,0,0
956,1981,365,0,0,0,0,0
956,1982,365,0,0,0,0,0
956,1983,365,0,0,0,0,0
956,1984,366,0,0,0,0,0
956,1985,365,0,0,0,0,0
956,1986,365,0,0,0,0,0
956,1987,365,0,0,0,0,0
956,1988,366,0,0,0,0,0
956,1989,365,0,0,0,0,0
956,1990,365,0,0,0,0,0
956,1991,365,0,0,0,0,0
956,1992,366,0,0,0,0,0
956,1993,365,19,0,19,0,0
956,1994,365,63,0,63,0,0
956,1995,365,61,0,61,0,0
956,1996,366,53,7,48,0,0
956,1997,365,79,0,79,0,0
956,1998,365,79,7,81,0,0
956,1999,365,51,0,51,0,0
956,2000,366,90,28,130,0,0
956,2001,365,105,7,110,0,0
956,2002,365,117,35,146,0,0
956,2003,365,142,28,166,0,0
956,2004,366,230,35,131,0,0
956,2005,365,187,28,75,0,0
956,2006,365,198,28,110,0,0
956,2007,365,183,14,76,0,0
956,2008,366,79,0,79,0,0
956,2009,365,142,0,29,0,0
956,2010,365,111,0,55,0,0
956,2011,365,175,21,72,0,0
956,2012,366,133,9,123,0,0
956,2013,365,189,26,125,0,0
956,2014,365,191,0,115,0,0
956,2015,365,165,19,122,0,0
956,2016,366,114,2,68,0,0
956,2017,365,141,7,45,0,0
956,2018,365,96,7,14,0,0
956,2019,365,46,7,7,0,0
956,2020,92,0,0,0,0,0
957,1980,274,20,14,0,0,0
957,1981,365,33,11,0,0,0
957,1982,365,17,17,0,0,0
957,1983,365,0,0,0,0,0
957,1984,366,7,7,0,0,0
957,1985,365,4,0,0,0,0
957,1986,365,0,0,0,0,0
957,1987,365,0,0,0,0,0
957,1988,366,0,0,0,0,0
957,1989,365,1,0,0,0,0
957,1990,365,1,0,0,0,0
957,1991,365,1,0,0,0,0
957,1992,366,0,0,0,0,0
957,1993,365,29,0,0,0,0
957,1994,365,37,0,0,0,0
957,1995,365,13,0,0,0,0
957,1996,366,33,0,0,0,0
957,1997,365,36,0,0,0,0
957,1998,365,6,0,0,0,0
957,1999,365,3,0,0,0,0
957,2000,366,9,0,0,0,0
957,2001,365,13,0,0,0,0
957,2002,365,60,0,0,0,0
957,2003,365,15,0,0,0,0
957,2004,366,13,0,0,0,0
957,2005,365,26,0,0,0,0
957,2006,365,21,0,0,0,0
957,2007,365,3,0,0,0,0
957,2008,366,6,0,0,0,0
957,2009,365,5,0,0,0,0
957,2010,365,14,0,0,0,0
957,2011,365,11,0,0,0,0
957,2012,366,25,0,0,0,0
957,2013,365,1,0,0,0,0
957,2014,365,0,0,0,0,0
957,2015,365,1,0,0,0,0
957,2016,366,0,0,0,0,0
957,2017,365,0,0,0,0,0
957,2018,365,2,0,0,0,0
957,2019,365,1,1,0,0,0
957,2020,92,6,6,0,0,0
958,1980,274,77,7,83,0,0
958,1981,365,98,21,113,0,0
958,1982,365,98,14,112,0,0
958,1983,365,91,21,100,0,0
958,1984,366,92,35,115,0,0
958,1985,365,93,21,118,0,0
958,1986,365,114,35,130,0,0
958,1987,365,86,21,116,0,0
958,1988,366,95,49,145,0,0
958,1989,365,120,7,129,0,0
958,1990,365,115,21,155,0,0
958,1991,365,101,7,107,0,0
958,1992,366,141,14,147,0,0
958,1993,365,85,14,92,0,0
958,1994,365,75,35,134,0,0
958,1995,365,79,35,102,0,0
958,1996,366,115,14,126,0,0
958,1997,365,115,22,132,0,0
958,1998,365,106,27,136,0,0
958,1999,365,84,14,128,0,0
958,2000,366,115,42,148,0,0
958,2001,365,122,52,167,0,0
958,2002,365,106,32,176,0,0
958,2003,365,109,42,155,0,0
958,2004,366,180,35,209,0,0
958,2005,365,150,32,177,0,0
958,2006,365,176,10,146,0,0
958,2007,365,109,14,108,0,0
958,2008,366,110,7,107,0,0
958,2009,365,86,0,85,0,0
958,2010,365,98,7,95,0,0
958,2011,365,109,21,122,0,0
958,2012,366,21,0,20,0,0
958,2013,365,0,0,0,0,0
958,2014,365,0,0,0,0,0
958,2015,365,0,0,0,0,0
958,2016,366,0,0,0,0,0
958,2017,365,0,0,0,0,0
958,2018,365,0,0,0,0,0
958,2019,92,0,0,0,0,0
969,1980,274,0,0,0,0,0
969,1981,365,0,0,0,0,0
969,1982,365,0,0,0,0,0
969,1983,365,0,0,0,0,0
969,1984,366,0,0,0,0,0
969,1985,365,0,0,0,0,0
969,1986,365,0,0,0,0,0
969,1987,365,0,0,0,0,0
969,1988,366,0,0,0,0,0
969,1989,365,0,0,0,0,0
969,1990,365,0,0,0,0,0
969,1991,365,0,0,0,0,0
969,1992,366,0,0,0,0,0
969,1993,365,0,0,0,0,0
969,1994,365,0,0,0,0,0
969,1995,365,0,0,0,0,0
969,1996,366,0,0,0,0,0
969,1997,365,0,0,0,0,0
969,1998,365,0,0,0,0,0
969,1999,365,0,0,0,0,0
969,2000,366,0,0,0,0,0
969,2001,365,0,0,0,0,0
969,2002,365,0,0,0,0,0
969,2003,365,0,0,0,0,0
969,2004,366,0,0,0,0,0
969,2005,365,0,0,0,0,0
969,2006,365,0,0,0,0,0
969,2007,365,0,0,0,0,0
969,2008,366,0,0,0,0,0
969,2009,365,0,0,0,0,0
969,2010,365,0,0,0,0,0
969,2011,365,0,0,0,0,0
969,2012,366,0,0,0,0,0
969,2013,365,0,0,0,0,0
969,2014,365,0,0,0,0,0
969,2015,365,7,7,0,0,0
969,2016,366,0,0,0,0,0
969,2017,365,0,0,0,0,0
969,2018,365,0,0,0,0,0
969,2019,365,0,0,0,0,0
969,2020,92,0,0,0,0,0
974,1980,274,0,0,0,0,0
974,1981,365,0,0,0,0,0
974,1982,365,0,0,0,0,0
974,1983,365,0,0,0,0,0
974,1984,366,0,0,0,0,0
974,1985,365,0,0,0,0,0
974,1986,365,0,0,0,0,0
974,1987,365,0,0,0,0,0
974,1988,366,0,0,0,0,0
974,1989,365,0,0,0,0,0
974,1990,365,0,0,0,0,0
974,1991,365,0,0,0,0,0
974,1992,366,0,0,0,0,0
974,1993,365,0,0,0,0,0
974,1994,365,0,0,0,0,0
974,1995,365,0,0,0,0,0
974,1996,366,0,0,0,0,0
974,1997,365,0,0,0,0,0
974,1998,365,0,0,0,0,0
974,1999,365,0,0,0,0,0
974,2000,366,0,0,0,0,0
974,2001,365,0,0,0,0,0
974,2002,365,0,0,0,0,0
974,2003,365,0,0,0,0,0
974,2004,366,0,0,0,0,0
974,2005,365,0,0,0,0,0
974,2006,365,0,0,0,0,0
974,2007,365,0,0,0,0,0
974,2008,366,0,0,0,0,0
974,2009,365,0,0,0,0,0
974,2010,365,0,0,0,0,0
974,2011,365,0,0,0,0,0
974,2012,366,0,0,0,0,0
974,2013,365,0,0,0,0,0
974,2014,365,0,0,0,0,0
974,2015,365,7,7,0,0,0
974,2016,366,0,0,0,0,0
974,2017,365,0,0,0,0,0
974,2018,365,0,0,0,0,0
974,2019,365,0,0,0,0,0
974,2020,92,0,0,0,0,0
976,1980,274,0,0,0,0,0
976,1981,365,0,0,0,0,0
976,1982,365,0,0,0,0,0
976,1983,365,0,0,0,0,0
976,1984,366,0,0,0,0,0
976,1985,365,0,0,0,0,0
976,1986,365,0,0,0,0,0
976,1987,365,0,0,0,0,0
976,1988,366,0,0,0,0,0
976,1989,365,0,0,0,0,0
976,1990,365,0,0,0,0,0
976,1991,365,0,0,0,0,0
976,1992,366,0,0,0,0,0
976,1993,365,16,0,14,0,0
976,1994,365,105,14,108,0,0
976,1995,365,133,0,133,0,0
976,1996,366,89,21,94,0,0
976,1997,365,95,21,109,0,0
976,1998,365,83,21,115,0,0
976,1999,365,132,21,137,0,0
976,2000,366,142,28,183,0,0
976,2001,365,134,7,144,0,0
976,2002,365,161,49,214,0,0
976,2003,365,176,63,205,0,0
976,2004,366,194,37,226,0,0
976,2005,365,197,46,210,0,0
976,2006,365,224,37,228,0,0
976,2007,365,171,41,167,0,0
976,2008,366,211,33,185,0,0
976,2009,365,165,16,175,0,0
976,2010,365,115,24,121,0,0
976,2011,365,190,39,205,0,0
976,2012,366,184,49,227,0,0
976,2013,365,197,28,233,0,0
976,2014,365,181,21,200,0,0
976,2015,365,156,26,204,0,0
976,2016,366,163,37,177,0,0
976,2017,365,151,28,193,0,0
976,2018,365,183,7,185,0,0
976,2019,92,5,0,6,0,0
982,1980,274,0,0,0,0,0
982,1981,365,0,0,0,0,0
982,1982,365,0,0,0,0,0
982,1983,365,0,0,0,0,0
982,1984,366,0,0,0,0,0
982,1985,365,0,0,0,0,0
982,1986,365,0,0,0,0,0
982,1987,365,0,0,0,0,0
982,1988,366,0,0,0,0,0
982,1989,365,0,0,0,0,0
982,1990,365,0,0,0,0,0
982,1991,365,0,0,0,0,0
982,1992,366,0,0,0,0,0
982,1993,365,0,0,0,0,0
982,1994,365,0,0,0,0,0
982,1995,365,0,0,0,0,0
982,1996,366,0,0,0,0,0
982,1997,365,0,0,0,0,0
982,1998,365,0,0,0,0,0
982,1999,365,0,0,0,0,0
982,2000,366,0,0,0,0,0
982,2001,365,0,0,0,0,0
982,2002,365,0,0,0,0,0
982,2003,365,0,0,0,0,0
982,2004,366,0,0,0,0,0
982,2005,365,0,0,0,0,0
982,2006,365,0,0,0,0,0
982,2007,365,0,0,0,0,0
982,2008,366,0,0,0,0,0
982,2009,365,0,0,0,0,0
982,2010,365,0,0,0,0,0
982,2011,365,0,0,0,0,0
982,2012,366,0,0,0,0,0
982,2013,365,0,0,0,0,0
982,2014,365,0,0,0,0,0
982,2015,365,7,7,0,0,0
982,2016,366,0,0,0,0,0
982,2017,365,0,0,0,0,0
982,2018,365,0,0,0,0,0
982,2019,365,0,0,0,0,0
982,2020,92,0,0,0,0,0
987,1980,274,0,0,0,0,0
987,1981,365,0,0,0,0,0
987,1982,365,0,0,0,0,0
987,1983,365,0,0,0,0,0
987,1984,366,0,0,0,0,0
987,1985,365,0,0,0,0,0
987,1986,365,0,0,0,0,0
987,1987,365,0,0,0,0,0
987,1988,366,0,0,0,0,0
987,1989,365,0,0,0,0,0
987,1990,365,0,0,0,0,0
987,1991,365,0,0,0,0,0
987,1992,366,0,0,0,0,0
987,1993,365,0,0,0,0,0
987,1994,365,1,0,1,0,0
987,1995,365,0,0,0,0,0
987,1996,366,0,0,0,0,0
987,1997,365,0,0,0,0,0
987,1998,365,0,0,0,0,0
987,1999,365,0,0,0,0,0
987,2000,366,0,0,0,0,0
987,2001,365,0,0,0,0,0
987,2002,365,0,0,0,0,0
987,2003,365,0,0,0,0,0
987,2004,366,0,0,0,0,0
987,2005,365,0,0,0,0,0
987,2006,365,0,0,0,0,0
987,2007,365,0,0,0,0,0
987,2008,366,0,0,0,0,0
987,2009,365,0,0,0,0,0
987,2010,365,0,0,0,0,0
987,2011,365,0,0,0,0,0
987,2012,366,1,0,1,0,0
987,2013,365,2,0,2,0,0
987,2014,365,0,0,0,0,0
987,2015,365,7,0,0,0,0
987,2016,366,14,0,0,0,0
987,2017,365,0,0,0,0,0
987,2018,365,0,0,0,0,0
987,2019,365,8,7,1,0,0
987,2020,92,0,0,0,0,0
989,1980,274,0,0,0,0,0
989,1981,365,0,0,0,0,0
989,1982,365,0,0,0,0,0
989,1983,365,0,0,0,0,0
989,1984,366,0,0,0,0,0
989,1985,365,0,0,0,0,0
989,1986,365,0,0,0,0,0
989,1987,365,0,0,0,0,0
989,1988,366,0,0,0,0,0
989,1989,365,0,0,0,0,0
989,1990,365,0,0,0,0,0
989,1991,365,0,0,0,0,0
989,1992,366,0,0,0,0,0
989,1993,365,0,0,0,0,0
989,1994,365,0,0,0,0,0
989,1995,365,0,0,0,0,0
989,1996,366,0,0,0,0,0
989,1997,365,0,0,0,0,0
989,1998,365,0,0,0,0,0
989,1999,365,0,0,0,0,0
989,2000,366,0,0,0,0,0
989,2001,365,0,0,0,0,0
989,2002,365,0,0,0,0,0
989,2003,365,0,0,0,0,0
989,2004,366,0,0,0,0,0
989,2005,365,0,0,0,0,0
989,2006,365,0,0,0,0,0
989,2007,365,0,0,0,0,0
989,2008,366,0,0,0,0,0
989,2009,365,0,0,0,0,0
989,2010,365,0,0,0,0,0
989,2011,365,0,0,0,0,0
989,2012,366,0,0,0,0,0
989,2013,365,0,0,0,0,0
989,2014,365,0,0,0,0,0
989,2015,365,7,7,0,0,0
989,2016,366,0,0,0,0,0
989,2017,365,0,0,0,0,0
989,2018,365,0,0,0,0,0
989,2019,365,0,0,0,0,0
989,2020,92,0,0,0,0,0
993,1987,273,1,0,0,0,0
993,1988,366,0,0,0,0,0
993,1989,365,0,0,0,0,0
993,1990,365,0,0,0,0,0
993,1991,365,0,0,0,0,0
993,1992,366,0,0,0,0,0
993,1993,365,0,0,0,0,0
993,1994,365,0,0,0,0,0
993,1995,365,0,0,0,0,0
993,1996,366,2,0,0,0,0
993,1997,365,0,0,0,0,0
993,1998,365,0,0,0,0,0
993,1999,365,0,0,0,0,0
993,2000,366,0,0,0,0,0
993,2001,365,0,0,0,0,0
993,2002,365,0,0,0,0,0
993,2003,365,0,0,0,0,0
993,2004,366,0,0,0,0,0
993,2005,365,1,0,0,0,0
993,2006,365,1,0,0,0,0
993,2007,365,1,0,0,0,0
993,2008,92,0,0,0,0,0
