task,sample,model,fold,ID,MAIN_BAS,observed,predicted,n_train,train_max_target_year,test_min_target_year
US_chronological_basin,all_candidates,mean,0.0,1017,7060047060,0.3767102226800422,0.31646979049990404,45,1999,2010
US_chronological_basin,all_candidates,mean,0.0,1026,7060047060,0.25625519090176824,0.31646979049990404,45,1999,2010
US_chronological_basin,all_candidates,mean,0.0,1033,7060047060,0.3421777595752805,0.31646979049990404,45,1999,2010
US_chronological_basin,all_candidates,mean,0.0,1036,7060047060,0.1994634532561202,0.31646979049990404,45,1999,2010
US_chronological_basin,all_candidates,mean,0.0,1042,7060047060,0.3086252424534333,0.31646979049990404,45,1999,2010
US_chronological_basin,all_candidates,mean,0.0,1067,7060047060,0.5998478490301629,0.31646979049990404,45,1999,2010
US_chronological_basin,all_candidates,mean,0.0,1092,7060047060,0.5538973189418028,0.31646979049990404,45,1999,2010
US_chronological_basin,all_candidates,mean,0.0,1101,7060047060,0.5732890822190376,0.31646979049990404,45,1999,2010
US_chronological_basin,all_candidates,mean,0.0,1112,7060047060,0.45299004517635705,0.31646979049990404,45,1999,2010
US_chronological_basin,all_candidates,mean,0.0,1121,7060047060,0.29573686102470564,0.31646979049990404,45,1999,2010
US_chronological_basin,all_candidates,mean,0.0,1122,7060047060,0.4731408184743925,0.31646979049990404,45,1999,2010
US_chronological_basin,all_candidates,mean,0.0,1125,7060047060,0.29573686102470564,0.31646979049990404,45,1999,2010
US_chronological_basin,all_candidates,mean,0.0,1127,7060047060,0.5284257833617235,0.31646979049990404,45,1999,2010
US_chronological_basin,all_candidates,mean,0.0,1192,7060047060,0.15622551667530427,0.31646979049990404,45,1999,2010
US_chronological_basin,all_candidates,mean,0.0,1586,7060047060,0.10090961354906709,0.31646979049990404,45,1999,2010
US_chronological_basin,all_candidates,mean,0.0,1587,7060047060,0.2531868046723131,0.31646979049990404,45,1999,2010
US_chronological_basin,all_candidates,mean,0.0,1592,7060047060,0.32577126117645455,0.31646979049990404,45,1999,2010
US_chronological_basin,all_candidates,mean,0.0,1595,7060047060,0.09734368127010831,0.31646979049990404,45,1999,2010
US_chronological_basin,all_candidates,mean,0.0,1600,7060047060,0.1485302141903988,0.31646979049990404,45,1999,2010
US_chronological_basin,all_candidates,mean,0.0,1617,7060047060,0.24687425297109888,0.31646979049990404,45,1999,2010
US_chronological_basin,all_candidates,mean,0.0,1619,7060047060,0.13245760053603373,0.31646979049990404,45,1999,2010
US_chronological_basin,all_candidates,mean,0.0,1620,7060047060,0.26035611659680125,0.31646979049990404,45,1999,2010
US_chronological_basin,all_candidates,mean,0.0,1631,7060047060,0.11543700302138789,0.31646979049990404,45,1999,2010
US_chronological_basin,all_candidates,mean,0.0,1634,7060047060,0.16133901010123658,0.31646979049990404,45,1999,2010
US_chronological_basin,all_candidates,mean,0.0,1636,7060047060,0.3431055207314706,0.31646979049990404,45,1999,2010
US_chronological_basin,all_candidates,mean,0.0,1645,7060047060,0.4370375957767413,0.31646979049990404,45,1999,2010
US_chronological_basin,all_candidates,mean,0.0,1650,7060047060,0.15935517429417478,0.31646979049990404,45,1999,2010
US_chronological_basin,all_candidates,mean,0.0,1654,7060047060,0.4218435553220696,0.31646979049990404,45,1999,2010
US_chronological_basin,all_candidates,mean,0.0,1655,7060047060,0.2436515966980656,0.31646979049990404,45,1999,2010
US_chronological_basin,all_candidates,mean,0.0,1656,7060047060,0.1692126379774312,0.31646979049990404,45,1999,2010
US_chronological_basin,all_candidates,mean,0.0,1683,7060047060,0.39011694488410237,0.31646979049990404,45,1999,2010
US_chronological_basin,all_candidates,mean,0.0,1691,7060047060,0.09129167479621161,0.31646979049990404,45,1999,2010
US_chronological_basin,all_candidates,mean,0.0,1699,7060047060,0.08642534293446677,0.31646979049990404,45,1999,2010
US_chronological_basin,all_candidates,mean,0.0,1703,7060047060,0.6719276083841421,0.31646979049990404,45,1999,2010
US_chronological_basin,all_candidates,mean,0.0,1706,7060047060,0.1311194154359323,0.31646979049990404,45,1999,2010
US_chronological_basin,all_candidates,mean,0.0,1707,7060047060,0.20455684515248346,0.31646979049990404,45,1999,2010
US_chronological_basin,all_candidates,mean,0.0,1709,7060047060,0.07526172636281764,0.31646979049990404,45,1999,2010
US_chronological_basin,all_candidates,mean,0.0,1712,7060047060,0.08719223605780649,0.31646979049990404,45,1999,2010
US_chronological_basin,all_candidates,mean,0.0,1713,7060047060,0.18000550115060232,0.31646979049990404,45,1999,2010
US_chronological_basin,all_candidates,mean,0.0,1714,7060047060,0.2897810133158173,0.31646979049990404,45,1999,2010
US_chronological_basin,all_candidates,mean,0.0,1718,7060047060,0.39473955746223194,0.31646979049990404,45,1999,2010
US_chronological_basin,all_candidates,mean,0.0,1723,7060047060,0.1521229922142396,0.31646979049990404,45,1999,2010
US_chronological_basin,all_candidates,mean,0.0,1726,7060047060,0.09003522408520709,0.31646979049990404,45,1999,2010
US_chronological_basin,all_candidates,mean,0.0,1735,7060047060,0.058837077999626425,0.31646979049990404,45,1999,2010
US_chronological_basin,all_candidates,mean,0.0,1739,7060047060,0.2695208573168532,0.31646979049990404,45,1999,2010
US_chronological_basin,all_candidates,mean,0.0,1740,7060047060,0.1589239050565217,0.31646979049990404,45,1999,2010
US_chronological_basin,all_candidates,mean,0.0,1741,7060047060,0.3146143807409897,0.31646979049990404,45,1999,2010
US_chronological_basin,all_candidates,mean,0.0,1742,7060047060,0.07137936169626372,0.31646979049990404,45,1999,2010
US_chronological_basin,all_candidates,mean,0.0,1744,7060047060,0.21324280186253827,0.31646979049990404,45,1999,2010
US_chronological_basin,all_candidates,mean,0.0,1752,7060047060,0.02732428109480984,0.31646979049990404,45,1999,2010
US_chronological_basin,all_candidates,mean,0.0,1753,7060047060,0.03384360187055937,0.31646979049990404,45,1999,2010
US_chronological_basin,all_candidates,mean,0.0,1754,7060047060,0.09361807153219687,0.31646979049990404,45,1999,2010
US_chronological_basin,all_candidates,mean,0.0,1755,7060047060,0.5328497903478746,0.31646979049990404,45,1999,2010
US_chronological_basin,all_candidates,mean,0.0,1756,7060047060,0.3989681966623302,0.31646979049990404,45,1999,2010
US_chronological_basin,all_candidates,mean,0.0,1762,7060047060,0.45114957503417075,0.31646979049990404,45,1999,2010
US_chronological_basin,all_candidates,mean,0.0,1768,7060047060,0.010814949128347996,0.31646979049990404,45,1999,2010
US_chronological_basin,all_candidates,mean,0.0,1775,7060047060,0.32364286594823655,0.31646979049990404,45,1999,2010
US_chronological_basin,all_candidates,mean,0.0,1777,7060047060,0.28909389421808096,0.31646979049990404,45,1999,2010
US_chronological_basin,all_candidates,mean,0.0,1848,7060047060,0.4800253185821163,0.31646979049990404,45,1999,2010
US_chronological_basin,all_candidates,mean,0.0,1864,7060047060,0.5318920034094353,0.31646979049990404,45,1999,2010
US_chronological_basin,all_candidates,mean,0.0,1869,7060047060,0.6181993694029077,0.31646979049990404,45,1999,2010
US_chronological_basin,all_candidates,mean,0.0,300,7060047060,0.5006788204045888,0.31646979049990404,45,1999,2010
US_chronological_basin,all_candidates,mean,0.0,307,7060047060,0.13528669233477014,0.31646979049990404,45,1999,2010
US_chronological_basin,all_candidates,mean,0.0,319,7060047060,0.23720243735094432,0.31646979049990404,45,1999,2010
US_chronological_basin,all_candidates,mean,0.0,355,7060047060,0.12272469188767605,0.31646979049990404,45,1999,2010
US_chronological_basin,all_candidates,mean,0.0,362,7060047060,0.3864645066597572,0.31646979049990404,45,1999,2010
US_chronological_basin,all_candidates,mean,0.0,364,7060047060,0.16167768783006337,0.31646979049990404,45,1999,2010
US_chronological_basin,all_candidates,mean,0.0,368,7060047060,0.4096064798436735,0.31646979049990404,45,1999,2010
US_chronological_basin,all_candidates,mean,0.0,373,7060047060,0.37558580011839665,0.31646979049990404,45,1999,2010
US_chronological_basin,all_candidates,mean,0.0,393,7060047060,0.2235727680227117,0.31646979049990404,45,1999,2010
US_chronological_basin,all_candidates,mean,0.0,398,7060047060,0.2636061818578061,0.31646979049990404,45,1999,2010
US_chronological_basin,all_candidates,mean,0.0,399,7060047060,0.13580253516247806,0.31646979049990404,45,1999,2010
US_chronological_basin,all_candidates,mean,0.0,415,7060047060,0.07439807135004639,0.31646979049990404,45,1999,2010
US_chronological_basin,all_candidates,mean,0.0,416,7060047060,0.18256724140525943,0.31646979049990404,45,1999,2010
US_chronological_basin,all_candidates,mean,0.0,421,7060047060,0.2531768818393909,0.31646979049990404,45,1999,2010
US_chronological_basin,all_candidates,mean,0.0,500,7060047060,0.35710034798351037,0.31646979049990404,45,1999,2010
US_chronological_basin,all_candidates,mean,0.0,505,7060047060,0.23801375600200253,0.31646979049990404,45,1999,2010
US_chronological_basin,all_candidates,mean,0.0,511,7060047060,0.08335690047648478,0.31646979049990404,45,1999,2010
US_chronological_basin,all_candidates,mean,0.0,522,7060047060,0.0714074460062018,0.31646979049990404,45,1999,2010
US_chronological_basin,all_candidates,mean,0.0,529,7060047060,0.2180083634577566,0.31646979049990404,45,1999,2010
US_chronological_basin,all_candidates,mean,0.0,530,7060047060,0.24882530842092745,0.31646979049990404,45,1999,2010
US_chronological_basin,all_candidates,mean,0.0,533,7060047060,0.050322851451944275,0.31646979049990404,45,1999,2010
US_chronological_basin,all_candidates,mean,0.0,7313,7060047060,0.1875167246437205,0.31646979049990404,45,1999,2010
US_chronological_basin,all_candidates,mean,0.0,7318,7060047060,0.011418187875291395,0.31646979049990404,45,1999,2010
US_chronological_basin,all_candidates,mean,0.0,753,7060047060,0.15115842356726944,0.31646979049990404,45,1999,2010
US_chronological_basin,all_candidates,mean,0.0,777,7060047060,0.2787970887167416,0.31646979049990404,45,1999,2010
US_chronological_basin,all_candidates,mean,0.0,780,7060047060,0.44557927107970197,0.31646979049990404,45,1999,2010
US_chronological_basin,all_candidates,mean,0.0,784,7060047060,0.21568170232054204,0.31646979049990404,45,1999,2010
US_chronological_basin,all_candidates,mean,0.0,798,7060047060,0.22989713112567728,0.31646979049990404,45,1999,2010
US_chronological_basin,all_candidates,mean,0.0,837,7060047060,0.1446783707599708,0.31646979049990404,45,1999,2010
US_chronological_basin,all_candidates,mean,0.0,868,7060047060,0.6617214722807061,0.31646979049990404,45,1999,2010
US_chronological_basin,all_candidates,mean,0.0,870,7060047060,0.05728962862512673,0.31646979049990404,45,1999,2010
US_chronological_basin,all_candidates,mean,0.0,882,7060047060,0.07487405610658132,0.31646979049990404,45,1999,2010
US_chronological_basin,all_candidates,mean,0.0,884,7060047060,0.058890091762423005,0.31646979049990404,45,1999,2010
US_chronological_basin,all_candidates,mean,0.0,885,7060047060,0.060213697559366314,0.31646979049990404,45,1999,2010
US_chronological_basin,all_candidates,mean,0.0,893,7060047060,0.3039675883467522,0.31646979049990404,45,1999,2010
US_chronological_basin,all_candidates,mean,0.0,895,7060047060,0.01200902548294359,0.31646979049990404,45,1999,2010
US_chronological_basin,all_candidates,mean,0.0,898,7060047060,0.48096220456095834,0.31646979049990404,45,1999,2010
US_chronological_basin,all_candidates,mean,0.0,920,7060047060,0.009702717289224134,0.31646979049990404,45,1999,2010
US_chronological_basin,all_candidates,mean,0.0,931,7060047060,1.2052396392304092,0.31646979049990404,45,1999,2010
US_chronological_basin,all_candidates,mean,0.0,938,7060047060,0.3968494669462763,0.31646979049990404,45,1999,2010
US_chronological_basin,all_candidates,mean,0.0,939,7060047060,0.4656358493251691,0.31646979049990404,45,1999,2010
US_chronological_basin,all_candidates,mean,0.0,948,7060047060,0.5744564251171721,0.31646979049990404,45,1999,2010
US_chronological_basin,all_candidates,mean,0.0,952,7060047060,0.6166240176032683,0.31646979049990404,45,1999,2010
US_chronological_basin,all_candidates,mean,0.0,956,7060047060,1.1283610390792411,0.31646979049990404,45,1999,2010
US_chronological_basin,all_candidates,mean,1.0,419,7060008710,0.4416205857741654,0.2728839735711935,128,1999,2010
US_chronological_basin,all_candidates,mean,1.0,423,7060008710,0.2609668929402653,0.2728839735711935,128,1999,2010
US_chronological_basin,all_candidates,mean,1.0,445,7060008710,0.22415083691444454,0.2728839735711935,128,1999,2010
US_chronological_basin,all_candidates,mean,1.0,448,7060008710,0.22427414079737434,0.2728839735711935,128,1999,2010
US_chronological_basin,all_candidates,mean,1.0,451,7060008710,0.2142445264803189,0.2728839735711935,128,1999,2010
US_chronological_basin,all_candidates,mean,1.0,469,7060008710,0.46365928111475874,0.2728839735711935,128,1999,2010
US_chronological_basin,all_candidates,mean,1.0,470,7060008710,0.30999258982574807,0.2728839735711935,128,1999,2010
US_chronological_basin,all_candidates,mean,1.0,471,7060008710,0.4998953490670137,0.2728839735711935,128,1999,2010
US_chronological_basin,all_candidates,mean,1.0,473,7060008710,0.6126285989726578,0.2728839735711935,128,1999,2010
US_chronological_basin,all_candidates,mean,1.0,488,7060008710,0.2871536416436151,0.2728839735711935,128,1999,2010
US_chronological_basin,all_candidates,mean,1.0,492,7060008710,0.44078265052452215,0.2728839735711935,128,1999,2010
US_chronological_basin,all_candidates,mean,1.0,493,7060008710,0.37871473040641057,0.2728839735711935,128,1999,2010
US_chronological_basin,all_candidates,mean,1.0,497,7060008710,0.24859788496998347,0.2728839735711935,128,1999,2010
US_chronological_basin,all_candidates,mean,1.0,502,7060008710,0.30423695353723224,0.2728839735711935,128,1999,2010
US_chronological_basin,all_candidates,mean,1.0,506,7060008710,0.4850553440011199,0.2728839735711935,128,1999,2010
US_chronological_basin,all_candidates,mean,1.0,509,7060008710,0.0984713136044381,0.2728839735711935,128,1999,2010
US_chronological_basin,all_candidates,mean,1.0,517,7060008710,0.34790247771437327,0.2728839735711935,128,1999,2010
US_chronological_basin,all_candidates,mean,1.0,518,7060008710,0.5128392897293542,0.2728839735711935,128,1999,2010
US_chronological_basin,all_candidates,mean,1.0,531,7060008710,0.1943925982432932,0.2728839735711935,128,1999,2010
US_chronological_basin,all_candidates,mean,1.0,536,7060008710,0.25250797575882156,0.2728839735711935,128,1999,2010
US_chronological_basin,all_candidates,mean,1.0,541,7060008710,0.33728275604082486,0.2728839735711935,128,1999,2010
US_chronological_basin,all_candidates,mean,1.0,542,7060008710,0.01879097640749654,0.2728839735711935,128,1999,2010
US_chronological_basin,all_candidates,mean,1.0,549,7060008710,0.17012783932082837,0.2728839735711935,128,1999,2010
US_chronological_basin,all_candidates,mean,1.0,567,7060008710,0.6561024589795234,0.2728839735711935,128,1999,2010
US_chronological_basin,all_candidates,mean,1.0,572,7060008710,0.2545793834791667,0.2728839735711935,128,1999,2010
US_chronological_basin,all_candidates,mean,1.0,574,7060008710,0.3997613582889092,0.2728839735711935,128,1999,2010
US_chronological_basin,all_candidates,mean,1.0,575,7060008710,0.34499177519350743,0.2728839735711935,128,1999,2010
US_chronological_basin,all_candidates,mean,1.0,597,7060008710,0.5041937892767199,0.2728839735711935,128,1999,2010
US_chronological_basin,all_candidates,mean,1.0,601,7060008710,0.39773586974715813,0.2728839735711935,128,1999,2010
US_chronological_basin,all_candidates,mean,2.0,1249,7060048410,1.146030395254913,0.2817222883067987,145,1999,2010
US_chronological_basin,all_candidates,mean,2.0,132,7060013550,0.21980128669475302,0.2817222883067987,145,1999,2010
US_chronological_basin,all_candidates,mean,2.0,133,7060013550,0.07419048047485194,0.2817222883067987,145,1999,2010
US_chronological_basin,all_candidates,mean,2.0,144,7060013550,0.24764945974233324,0.2817222883067987,145,1999,2010
US_chronological_basin,all_candidates,mean,2.0,148,7060013550,0.21978420333248716,0.2817222883067987,145,1999,2010
US_chronological_basin,all_candidates,mean,2.0,168,7060013550,0.06938960549224472,0.2817222883067987,145,1999,2010
US_chronological_basin,all_candidates,mean,2.0,1776,7060043090,0.07073662060070428,0.2817222883067987,145,1999,2010
US_chronological_basin,all_candidates,mean,2.0,182,7060013550,0.18126164103477693,0.2817222883067987,145,1999,2010
US_chronological_basin,all_candidates,mean,2.0,185,7060013550,0.7485088847580722,0.2817222883067987,145,1999,2010
US_chronological_basin,all_candidates,mean,2.0,191,7060013550,0.22340545467012612,0.2817222883067987,145,1999,2010
US_chronological_basin,all_candidates,mean,2.0,193,7060013550,0.41543160456193257,0.2817222883067987,145,1999,2010
US_chronological_basin,all_candidates,mean,2.0,198,7060013550,0.3030069769194994,0.2817222883067987,145,1999,2010
US_chronological_basin,all_candidates,mean,2.0,204,7060013550,0.30221711336109347,0.2817222883067987,145,1999,2010
US_chronological_basin,all_candidates,mean,2.0,524,7060073920,0.2800087631552244,0.2817222883067987,145,1999,2010
US_chronological_basin,all_candidates,mean,2.0,585,7060013550,0.3782257121411972,0.2817222883067987,145,1999,2010
US_chronological_basin,all_candidates,mean,2.0,592,7060013550,0.3000093946332669,0.2817222883067987,145,1999,2010
US_chronological_basin,all_candidates,mean,2.0,595,7060013550,0.1074165396122517,0.2817222883067987,145,1999,2010
US_chronological_basin,all_candidates,mean,2.0,600,7060013550,0.29413407063408953,0.2817222883067987,145,1999,2010
US_chronological_basin,all_candidates,mean,2.0,605,7060013550,0.29861646818302395,0.2817222883067987,145,1999,2010
US_chronological_basin,all_candidates,mean,2.0,609,7060013550,0.21927506271712457,0.2817222883067987,145,1999,2010
US_chronological_basin,all_candidates,mean,2.0,612,7060013550,0.10733503940308617,0.2817222883067987,145,1999,2010
US_chronological_basin,all_candidates,mean,3.0,1086,7060049270,1.068890884705972,0.2765189095755581,132,1999,2010
US_chronological_basin,all_candidates,mean,3.0,131,7060014200,0.3069620663884905,0.2765189095755581,132,1999,2010
US_chronological_basin,all_candidates,mean,3.0,1761,7060042310,0.2589475273602554,0.2765189095755581,132,1999,2010
US_chronological_basin,all_candidates,mean,3.0,1879,7060043160,0.5783266087608062,0.2765189095755581,132,1999,2010
US_chronological_basin,all_candidates,mean,3.0,310,7060014930,0.06025614607528096,0.2765189095755581,132,1999,2010
US_chronological_basin,all_candidates,mean,3.0,316,7060014930,0.22208480543124837,0.2765189095755581,132,1999,2010
US_chronological_basin,all_candidates,mean,3.0,361,7060014930,0.10503189579573496,0.2765189095755581,132,1999,2010
US_chronological_basin,all_candidates,mean,3.0,367,7060014930,0.2686097219279892,0.2765189095755581,132,1999,2010
US_chronological_basin,all_candidates,mean,3.0,372,7060014930,0.30493644885189647,0.2765189095755581,132,1999,2010
US_chronological_basin,all_candidates,mean,3.0,378,7060014930,0.6498951178353334,0.2765189095755581,132,1999,2010
US_chronological_basin,all_candidates,mean,3.0,384,7060014930,0.3093526199502241,0.2765189095755581,132,1999,2010
US_chronological_basin,all_candidates,mean,3.0,386,7060014930,0.5767595458015282,0.2765189095755581,132,1999,2010
US_chronological_basin,all_candidates,mean,3.0,390,7060014930,0.30712394890011324,0.2765189095755581,132,1999,2010
US_chronological_basin,all_candidates,mean,3.0,391,7060014930,0.11565386794679762,0.2765189095755581,132,1999,2010
US_chronological_basin,all_candidates,mean,3.0,41,7060016090,0.30634850007316333,0.2765189095755581,132,1999,2010
US_chronological_basin,all_candidates,mean,3.0,413,7060014930,0.014957428854622506,0.2765189095755581,132,1999,2010
US_chronological_basin,all_candidates,mean,3.0,42,7060016090,0.3638214534858144,0.2765189095755581,132,1999,2010
US_chronological_basin,all_candidates,mean,3.0,55,7060014930,0.2791408868597332,0.2765189095755581,132,1999,2010
US_chronological_basin,all_candidates,mean,3.0,57,7060014930,0.3399568096450151,0.2765189095755581,132,1999,2010
US_chronological_basin,all_candidates,mean,3.0,60,7060014930,0.20260488753198175,0.2765189095755581,132,1999,2010
US_chronological_basin,all_candidates,mean,3.0,63,7060014930,0.2699904997815742,0.2765189095755581,132,1999,2010
US_chronological_basin,all_candidates,mean,4.0,114,7060014340,0.28535177249533317,0.27740389010987415,140,1999,2010
US_chronological_basin,all_candidates,mean,4.0,1151,7060047970,0.5378042545337158,0.27740389010987415,140,1999,2010
US_chronological_basin,all_candidates,mean,4.0,1237,7060047970,0.6223175503941138,0.27740389010987415,140,1999,2010
US_chronological_basin,all_candidates,mean,4.0,169,7060013560,0.5336578409890409,0.27740389010987415,140,1999,2010
US_chronological_basin,all_candidates,mean,4.0,1782,7060042740,0.3737584223939941,0.27740389010987415,140,1999,2010
US_chronological_basin,all_candidates,mean,4.0,1796,7060042940,0.295998043259922,0.27740389010987415,140,1999,2010
US_chronological_basin,all_candidates,mean,4.0,180,7060013560,0.5874000740573897,0.27740389010987415,140,1999,2010
US_chronological_basin,all_candidates,mean,4.0,1851,7060043500,0.12392692879677136,0.27740389010987415,140,1999,2010
US_chronological_basin,all_candidates,mean,4.0,1872,7060043500,0.18369572271036105,0.27740389010987415,140,1999,2010
US_chronological_basin,all_candidates,mean,4.0,1883,7060043640,0.25082374609997554,0.27740389010987415,140,1999,2010
US_chronological_basin,all_candidates,mean,4.0,223,7060013180,0.2850384019360485,0.27740389010987415,140,1999,2010
US_chronological_basin,all_candidates,mean,4.0,292,7060022240,0.44723456836304515,0.27740389010987415,140,1999,2010
US_chronological_basin,all_candidates,mean,4.0,431,7060073620,0.15755469955653978,0.27740389010987415,140,1999,2010
US_chronological_basin,all_candidates,mean,4.0,438,7060073620,0.32055745003979785,0.27740389010987415,140,1999,2010
US_chronological_basin,all_candidates,mean,4.0,442,7060073620,0.2880753880040633,0.27740389010987415,140,1999,2010
US_chronological_basin,all_candidates,mean,4.0,449,7060073620,0.426066484362956,0.27740389010987415,140,1999,2010
US_chronological_basin,all_candidates,mean,4.0,450,7060073620,0.36595865847699555,0.27740389010987415,140,1999,2010
US_chronological_basin,all_candidates,mean,4.0,456,7060073620,0.2640694177067812,0.27740389010987415,140,1999,2010
US_chronological_basin,all_candidates,mean,4.0,467,7060073620,0.5066104513145996,0.27740389010987415,140,1999,2010
US_chronological_basin,all_candidates,mean,4.0,477,7060073620,0.26184984754607177,0.27740389010987415,140,1999,2010
US_chronological_basin,all_candidates,mean,4.0,7308,7060043500,0.1498584901974067,0.27740389010987415,140,1999,2010
US_to_BR_retrospective,all_candidates,mean,,1131,6060007000,0.03900697047485797,0.2808978371232723,147,1999,2010
US_to_BR_retrospective,all_candidates,mean,,1145,6060011780,0.9429708577848885,0.2808978371232723,147,1999,2010
US_to_BR_retrospective,all_candidates,mean,,1146,6060011780,0.013958834376054552,0.2808978371232723,147,1999,2010
US_to_BR_retrospective,all_candidates,mean,,1147,6060011780,0.015538399829905177,0.2808978371232723,147,1999,2010
US_to_BR_retrospective,all_candidates,mean,,1154,6060016970,0.48258478754930234,0.2808978371232723,147,1999,2010
US_to_BR_retrospective,all_candidates,mean,,1165,6060016970,0.05479982376369222,0.2808978371232723,147,1999,2010
US_to_BR_retrospective,all_candidates,mean,,1166,6060016970,0.014522934335615542,0.2808978371232723,147,1999,2010
US_to_BR_retrospective,all_candidates,mean,,1167,6060016970,0.03264110433035375,0.2808978371232723,147,1999,2010
US_to_BR_retrospective,all_candidates,mean,,1168,6060016970,0.004896246633112871,0.2808978371232723,147,1999,2010
US_to_BR_retrospective,all_candidates,mean,,1169,6060016970,0.013041530056196318,0.2808978371232723,147,1999,2010
US_to_BR_retrospective,all_candidates,mean,,1170,6060016970,0.03804636339214665,0.2808978371232723,147,1999,2010
US_to_BR_retrospective,all_candidates,mean,,1174,6060016970,0.06398807783334522,0.2808978371232723,147,1999,2010
US_to_BR_retrospective,all_candidates,mean,,1175,6060016970,0.2278760279754066,0.2808978371232723,147,1999,2010
US_to_BR_retrospective,all_candidates,mean,,1176,6060016970,0.00962361517368614,0.2808978371232723,147,1999,2010
US_to_BR_retrospective,all_candidates,mean,,1177,6060016970,0.010775039562047502,0.2808978371232723,147,1999,2010
US_to_BR_retrospective,all_candidates,mean,,1178,6060013750,0.06968261547283974,0.2808978371232723,147,1999,2010
US_to_BR_retrospective,all_candidates,mean,,1179,6060016970,0.009002203183222915,0.2808978371232723,147,1999,2010
US_to_BR_retrospective,all_candidates,mean,,1182,6060016970,0.003226682132372223,0.2808978371232723,147,1999,2010
US_to_BR_retrospective,all_candidates,mean,,1183,6060016970,0.006194988409264891,0.2808978371232723,147,1999,2010
US_to_BR_retrospective,all_candidates,mean,,1186,6060013750,0.22028708651873619,0.2808978371232723,147,1999,2010
US_to_BR_retrospective,all_candidates,mean,,1187,6060013750,0.05586008482184328,0.2808978371232723,147,1999,2010
US_to_BR_retrospective,all_candidates,mean,,1191,6060016970,0.453581512388476,0.2808978371232723,147,1999,2010
US_to_BR_retrospective,all_candidates,mean,,1192,6060016970,0.25037268751853164,0.2808978371232723,147,1999,2010
US_to_BR_retrospective,all_candidates,mean,,1195,6060016970,0.017870733285531043,0.2808978371232723,147,1999,2010
US_to_BR_retrospective,all_candidates,mean,,1196,6060016970,0.02853172397064381,0.2808978371232723,147,1999,2010
US_to_BR_retrospective,all_candidates,mean,,1198,6060016970,0.17937642630030817,0.2808978371232723,147,1999,2010
US_to_BR_retrospective,all_candidates,mean,,1199,6060016760,0.04634934107003942,0.2808978371232723,147,1999,2010
US_to_BR_retrospective,all_candidates,mean,,1200,6060016760,0.0717300944791795,0.2808978371232723,147,1999,2010
US_to_BR_retrospective,all_candidates,mean,,1201,6060015560,0.19735753457017197,0.2808978371232723,147,1999,2010
US_to_BR_retrospective,all_candidates,mean,,1202,6060015560,0.04625499102008036,0.2808978371232723,147,1999,2010
US_to_BR_retrospective,all_candidates,mean,,13435,6060013420,0.008285743241785336,0.2808978371232723,147,1999,2010
US_to_BR_retrospective,all_candidates,mean,,13477,6060016970,0.0030196517971885885,0.2808978371232723,147,1999,2010
US_to_BR_retrospective,all_candidates,mean,,197,6060009760,0.14948977772118954,0.2808978371232723,147,1999,2010
US_to_BR_retrospective,all_candidates,mean,,198,6060011780,0.016513504671146834,0.2808978371232723,147,1999,2010
US_to_BR_retrospective,all_candidates,mean,,201,6060007950,0.02581436086770112,0.2808978371232723,147,1999,2010
US_to_BR_retrospective,all_candidates,mean,,202,6060007950,0.3440314527118721,0.2808978371232723,147,1999,2010
US_to_BR_retrospective,all_candidates,mean,,203,6060011780,0.36738124882113904,0.2808978371232723,147,1999,2010
US_to_BR_retrospective,all_candidates,mean,,204,6060016970,0.20186030341636904,0.2808978371232723,147,1999,2010
US_to_BR_retrospective,all_candidates,mean,,205,6060016970,0.126467830862241,0.2808978371232723,147,1999,2010
US_to_BR_retrospective,all_candidates,mean,,206,6060016970,0.0531391459024513,0.2808978371232723,147,1999,2010
US_to_BR_retrospective,all_candidates,mean,,207,6060016970,0.20904500872834825,0.2808978371232723,147,1999,2010
US_to_BR_retrospective,all_candidates,mean,,208,6060016970,0.035571482680546364,0.2808978371232723,147,1999,2010
US_to_BR_retrospective,all_candidates,mean,,209,6060016970,0.014402877168111495,0.2808978371232723,147,1999,2010
US_to_BR_retrospective,all_candidates,mean,,210,6060016970,0.024608854652394346,0.2808978371232723,147,1999,2010
US_to_BR_retrospective,all_candidates,mean,,211,6060016970,0.0375761424301017,0.2808978371232723,147,1999,2010
US_to_BR_retrospective,all_candidates,mean,,212,6060016970,0.03178008471686694,0.2808978371232723,147,1999,2010
US_to_BR_retrospective,all_candidates,mean,,213,6060016970,0.13153628533706824,0.2808978371232723,147,1999,2010
US_to_BR_retrospective,all_candidates,mean,,214,6060016970,0.21844301389331183,0.2808978371232723,147,1999,2010
US_to_BR_retrospective,all_candidates,mean,,215,6060016970,0.00644735468627297,0.2808978371232723,147,1999,2010
US_to_BR_retrospective,all_candidates,mean,,216,6060016970,0.013416882873603873,0.2808978371232723,147,1999,2010
US_to_BR_retrospective,all_candidates,mean,,217,6060016970,0.05699435179103193,0.2808978371232723,147,1999,2010
US_to_BR_retrospective,all_candidates,mean,,218,6060016970,0.12840257330509575,0.2808978371232723,147,1999,2010
US_to_BR_retrospective,all_candidates,mean,,219,6060016970,0.015373456822749244,0.2808978371232723,147,1999,2010
US_to_BR_retrospective,all_candidates,mean,,220,6060016970,0.06626703546888321,0.2808978371232723,147,1999,2010
US_to_BR_retrospective,all_candidates,mean,,221,6060016970,0.08523932220641248,0.2808978371232723,147,1999,2010
US_to_BR_retrospective,all_candidates,mean,,222,6060016970,0.14688711243057964,0.2808978371232723,147,1999,2010
US_to_BR_retrospective,all_candidates,mean,,223,6060013750,0.2093873097513461,0.2808978371232723,147,1999,2010
US_to_BR_retrospective,all_candidates,mean,,225,6060016970,0.025973868472902645,0.2808978371232723,147,1999,2010
US_to_BR_retrospective,all_candidates,mean,,226,6060016970,0.03390302738565481,0.2808978371232723,147,1999,2010
US_to_BR_retrospective,all_candidates,mean,,228,6060016760,0.24050080923475659,0.2808978371232723,147,1999,2010
US_to_BR_retrospective,all_candidates,mean,,229,6060015560,0.1344295002452387,0.2808978371232723,147,1999,2010
US_to_BR_retrospective,all_candidates,mean,,26,6060007950,0.1610421735228621,0.2808978371232723,147,1999,2010
US_to_BR_retrospective,all_candidates,mean,,27,6060011780,0.21935146682547693,0.2808978371232723,147,1999,2010
US_to_BR_retrospective,all_candidates,mean,,28,6060016970,0.015760179377250473,0.2808978371232723,147,1999,2010
US_to_BR_retrospective,all_candidates,mean,,28512,6060016970,0.005104449711395079,0.2808978371232723,147,1999,2010
US_to_BR_retrospective,all_candidates,mean,,29,6060016970,0.009394395687515482,0.2808978371232723,147,1999,2010
US_to_BR_retrospective,all_candidates,mean,,30,6060016970,0.01456099573533467,0.2808978371232723,147,1999,2010
US_to_BR_retrospective,all_candidates,mean,,3464,6060013420,0.0025825778702569433,0.2808978371232723,147,1999,2010
US_to_BR_retrospective,all_candidates,mean,,3472,6060016970,0.004403564873833402,0.2808978371232723,147,1999,2010
US_to_BR_retrospective,all_candidates,mean,,3481,6060014460,0.19810039108073807,0.2808978371232723,147,1999,2010
US_to_BR_retrospective,all_candidates,mean,,3483,6060016970,0.6851183600961861,0.2808978371232723,147,1999,2010
US_to_BR_retrospective,all_candidates,mean,,3486,6060016760,0.03905854412862557,0.2808978371232723,147,1999,2010
US_to_BR_retrospective,all_candidates,mean,,3491,6060015560,0.06939218854386633,0.2808978371232723,147,1999,2010
US_to_BR_retrospective,all_candidates,mean,,40670,6060013420,0.041654511143261255,0.2808978371232723,147,1999,2010
US_to_BR_retrospective,all_candidates,mean,,40862,6060013430,0.008525533835218731,0.2808978371232723,147,1999,2010
US_to_BR_retrospective,all_candidates,mean,,41066,6060015560,0.004850844396302088,0.2808978371232723,147,1999,2010
US_to_BR_retrospective,all_candidates,mean,,6874,6060016760,0.33142262222548674,0.2808978371232723,147,1999,2010
US_to_BR_retrospective,all_candidates,mean,,6875,6060016970,0.020580097384573046,0.2808978371232723,147,1999,2010
US_to_BR_retrospective,all_candidates,mean,,6878,6060007950,0.18692196450990484,0.2808978371232723,147,1999,2010
US_to_BR_retrospective,all_candidates,mean,,6879,6060016760,0.015110566936432878,0.2808978371232723,147,1999,2010
US_to_BR_retrospective,all_candidates,mean,,6883,6060007950,0.020077496945917213,0.2808978371232723,147,1999,2010
US_to_BR_retrospective,all_candidates,mean,,7256,6060016970,0.029625151112564512,0.2808978371232723,147,1999,2010
US_to_BR_retrospective,all_candidates,mean,,7257,6060016970,0.033195674674368486,0.2808978371232723,147,1999,2010
US_to_BR_retrospective,all_candidates,mean,,7259,6060016970,0.021801070557343774,0.2808978371232723,147,1999,2010
US_to_BR_retrospective,all_candidates,mean,,7263,6060015560,0.015137687511056529,0.2808978371232723,147,1999,2010
US_to_BR_retrospective,all_candidates,mean,,7270,6060016970,2.9466869428392818e-05,0.2808978371232723,147,1999,2010
US_to_BR_retrospective,all_candidates,mean,,7274,6060016760,0.07253846404867197,0.2808978371232723,147,1999,2010
US_to_BR_retrospective,all_candidates,mean,,7424,6060015560,0.009991483589237384,0.2808978371232723,147,1999,2010
US_to_BR_retrospective,all_candidates,mean,,8393,6060016970,0.0023328943737665427,0.2808978371232723,147,1999,2010
US_to_BR_retrospective,all_candidates,mean,,8396,6060016970,0.007418562814269232,0.2808978371232723,147,1999,2010
US_to_BR_retrospective,all_candidates,mean,,8448,6060015560,0.009136195841869895,0.2808978371232723,147,1999,2010
US_chronological_basin,all_candidates,persistence,0.0,1017,7060047060,0.3767102226800422,0.30636326916133255,45,1999,2010
US_chronological_basin,all_candidates,persistence,0.0,1026,7060047060,0.25625519090176824,0.2570394068809823,45,1999,2010
US_chronological_basin,all_candidates,persistence,0.0,1033,7060047060,0.3421777595752805,0.3247300730084949,45,1999,2010
US_chronological_basin,all_candidates,persistence,0.0,1036,7060047060,0.1994634532561202,0.19938486125213073,45,1999,2010
US_chronological_basin,all_candidates,persistence,0.0,1042,7060047060,0.3086252424534333,0.3547932848921898,45,1999,2010
US_chronological_basin,all_candidates,persistence,0.0,1067,7060047060,0.5998478490301629,0.5325281058862181,45,1999,2010
US_chronological_basin,all_candidates,persistence,0.0,1092,7060047060,0.5538973189418028,0.4770320849549008,45,1999,2010
US_chronological_basin,all_candidates,persistence,0.0,1101,7060047060,0.5732890822190376,0.45531807330083274,45,1999,2010
US_chronological_basin,all_candidates,persistence,0.0,1112,7060047060,0.45299004517635705,0.34233557028067196,45,1999,2010
US_chronological_basin,all_candidates,persistence,0.0,1121,7060047060,0.29573686102470564,0.22891617481856583,45,1999,2010
US_chronological_basin,all_candidates,persistence,0.0,1122,7060047060,0.4731408184743925,0.4134959440304958,45,1999,2010
US_chronological_basin,all_candidates,persistence,0.0,1125,7060047060,0.29573686102470564,0.22891617481856583,45,1999,2010
US_chronological_basin,all_candidates,persistence,0.0,1127,7060047060,0.5284257833617235,0.44919491946251394,45,1999,2010
US_chronological_basin,all_candidates,persistence,0.0,1192,7060047060,0.15622551667530427,0.11184784992534777,45,1999,2010
US_chronological_basin,all_candidates,persistence,0.0,1586,7060047060,0.10090961354906709,0.13120551636747765,45,1999,2010
US_chronological_basin,all_candidates,persistence,0.0,1587,7060047060,0.2531868046723131,0.26044997089284855,45,1999,2010
US_chronological_basin,all_candidates,persistence,0.0,1592,7060047060,0.32577126117645455,0.20533204043906844,45,1999,2010
US_chronological_basin,all_candidates,persistence,0.0,1595,7060047060,0.09734368127010831,0.034416816662003864,45,1999,2010
US_chronological_basin,all_candidates,persistence,0.0,1600,7060047060,0.1485302141903988,0.1296322465659805,45,1999,2010
US_chronological_basin,all_candidates,persistence,0.0,1617,7060047060,0.24687425297109888,0.30142176336420584,45,1999,2010
US_chronological_basin,all_candidates,persistence,0.0,1619,7060047060,0.13245760053603373,0.22437098640261188,45,1999,2010
US_chronological_basin,all_candidates,persistence,0.0,1620,7060047060,0.26035611659680125,0.2867891046920065,45,1999,2010
US_chronological_basin,all_candidates,persistence,0.0,1631,7060047060,0.11543700302138789,0.18237004487820957,45,1999,2010
US_chronological_basin,all_candidates,persistence,0.0,1634,7060047060,0.16133901010123658,0.13342711254633016,45,1999,2010
US_chronological_basin,all_candidates,persistence,0.0,1636,7060047060,0.3431055207314706,0.4339507826290104,45,1999,2010
US_chronological_basin,all_candidates,persistence,0.0,1645,7060047060,0.4370375957767413,0.40500646016277186,45,1999,2010
US_chronological_basin,all_candidates,persistence,0.0,1650,7060047060,0.15935517429417478,0.24036226984060824,45,1999,2010
US_chronological_basin,all_candidates,persistence,0.0,1654,7060047060,0.4218435553220696,0.41501930654162267,45,1999,2010
US_chronological_basin,all_candidates,persistence,0.0,1655,7060047060,0.2436515966980656,0.24311288914108478,45,1999,2010
US_chronological_basin,all_candidates,persistence,0.0,1656,7060047060,0.1692126379774312,0.13246232473135744,45,1999,2010
US_chronological_basin,all_candidates,persistence,0.0,1683,7060047060,0.39011694488410237,0.3168403195477491,45,1999,2010
US_chronological_basin,all_candidates,persistence,0.0,1691,7060047060,0.09129167479621161,0.14115894237800788,45,1999,2010
US_chronological_basin,all_candidates,persistence,0.0,1699,7060047060,0.08642534293446677,0.08269951063557478,45,1999,2010
US_chronological_basin,all_candidates,persistence,0.0,1703,7060047060,0.6719276083841421,0.5453170994179828,45,1999,2010
US_chronological_basin,all_candidates,persistence,0.0,1706,7060047060,0.1311194154359323,0.12638208602596696,45,1999,2010
US_chronological_basin,all_candidates,persistence,0.0,1707,7060047060,0.20455684515248346,0.24333614416725755,45,1999,2010
US_chronological_basin,all_candidates,persistence,0.0,1709,7060047060,0.07526172636281764,0.05910140801630302,45,1999,2010
US_chronological_basin,all_candidates,persistence,0.0,1712,7060047060,0.08719223605780649,0.11476065023526917,45,1999,2010
US_chronological_basin,all_candidates,persistence,0.0,1713,7060047060,0.18000550115060232,0.24864642535655,45,1999,2010
US_chronological_basin,all_candidates,persistence,0.0,1714,7060047060,0.2897810133158173,0.3481205054128808,45,1999,2010
US_chronological_basin,all_candidates,persistence,0.0,1718,7060047060,0.39473955746223194,0.42860730755398413,45,1999,2010
US_chronological_basin,all_candidates,persistence,0.0,1723,7060047060,0.1521229922142396,0.17012289905439995,45,1999,2010
US_chronological_basin,all_candidates,persistence,0.0,1726,7060047060,0.09003522408520709,0.11003319331536628,45,1999,2010
US_chronological_basin,all_candidates,persistence,0.0,1735,7060047060,0.058837077999626425,0.06818066653337751,45,1999,2010
US_chronological_basin,all_candidates,persistence,0.0,1739,7060047060,0.2695208573168532,0.27782016159336365,45,1999,2010
US_chronological_basin,all_candidates,persistence,0.0,1740,7060047060,0.1589239050565217,0.13195739068823137,45,1999,2010
US_chronological_basin,all_candidates,persistence,0.0,1741,7060047060,0.3146143807409897,0.27313314024558927,45,1999,2010
US_chronological_basin,all_candidates,persistence,0.0,1742,7060047060,0.07137936169626372,0.07144875562479625,45,1999,2010
US_chronological_basin,all_candidates,persistence,0.0,1744,7060047060,0.21324280186253827,0.18514060180860972,45,1999,2010
US_chronological_basin,all_candidates,persistence,0.0,1752,7060047060,0.02732428109480984,0.035459805641893875,45,1999,2010
US_chronological_basin,all_candidates,persistence,0.0,1753,7060047060,0.03384360187055937,0.11562318353919038,45,1999,2010
US_chronological_basin,all_candidates,persistence,0.0,1754,7060047060,0.09361807153219687,0.18057231688009193,45,1999,2010
US_chronological_basin,all_candidates,persistence,0.0,1755,7060047060,0.5328497903478746,0.44655062100773535,45,1999,2010
US_chronological_basin,all_candidates,persistence,0.0,1756,7060047060,0.3989681966623302,0.41979724992743306,45,1999,2010
US_chronological_basin,all_candidates,persistence,0.0,1762,7060047060,0.45114957503417075,0.412154065384219,45,1999,2010
US_chronological_basin,all_candidates,persistence,0.0,1768,7060047060,0.010814949128347996,0.015619856613700083,45,1999,2010
US_chronological_basin,all_candidates,persistence,0.0,1775,7060047060,0.32364286594823655,0.30753681030478985,45,1999,2010
US_chronological_basin,all_candidates,persistence,0.0,1777,7060047060,0.28909389421808096,0.28866603465925067,45,1999,2010
US_chronological_basin,all_candidates,persistence,0.0,1848,7060047060,0.4800253185821163,0.49658658164455693,45,1999,2010
US_chronological_basin,all_candidates,persistence,0.0,1864,7060047060,0.5318920034094353,0.5031150877157544,45,1999,2010
US_chronological_basin,all_candidates,persistence,0.0,1869,7060047060,0.6181993694029077,0.6560245547725598,45,1999,2010
US_chronological_basin,all_candidates,persistence,0.0,300,7060047060,0.5006788204045888,0.5772129020618625,45,1999,2010
US_chronological_basin,all_candidates,persistence,0.0,307,7060047060,0.13528669233477014,0.15199896504099472,45,1999,2010
US_chronological_basin,all_candidates,persistence,0.0,319,7060047060,0.23720243735094432,0.25446752643635245,45,1999,2010
US_chronological_basin,all_candidates,persistence,0.0,355,7060047060,0.12272469188767605,0.15163693108827428,45,1999,2010
US_chronological_basin,all_candidates,persistence,0.0,362,7060047060,0.3864645066597572,0.6834958479568397,45,1999,2010
US_chronological_basin,all_candidates,persistence,0.0,364,7060047060,0.16167768783006337,0.1383190194230687,45,1999,2010
US_chronological_basin,all_candidates,persistence,0.0,368,7060047060,0.4096064798436735,0.379082216342184,45,1999,2010
US_chronological_basin,all_candidates,persistence,0.0,373,7060047060,0.37558580011839665,0.4735180279084399,45,1999,2010
US_chronological_basin,all_candidates,persistence,0.0,393,7060047060,0.2235727680227117,0.231452130987474,45,1999,2010
US_chronological_basin,all_candidates,persistence,0.0,398,7060047060,0.2636061818578061,0.22566580312075163,45,1999,2010
US_chronological_basin,all_candidates,persistence,0.0,399,7060047060,0.13580253516247806,0.17167226445144998,45,1999,2010
US_chronological_basin,all_candidates,persistence,0.0,415,7060047060,0.07439807135004639,0.07504639719742881,45,1999,2010
US_chronological_basin,all_candidates,persistence,0.0,416,7060047060,0.18256724140525943,0.15424140646912998,45,1999,2010
US_chronological_basin,all_candidates,persistence,0.0,421,7060047060,0.2531768818393909,0.4033623249586614,45,1999,2010
US_chronological_basin,all_candidates,persistence,0.0,500,7060047060,0.35710034798351037,0.3883913567909293,45,1999,2010
US_chronological_basin,all_candidates,persistence,0.0,505,7060047060,0.23801375600200253,0.20885385109238397,45,1999,2010
US_chronological_basin,all_candidates,persistence,0.0,511,7060047060,0.08335690047648478,0.11800132900555574,45,1999,2010
US_chronological_basin,all_candidates,persistence,0.0,522,7060047060,0.0714074460062018,0.11691254428100047,45,1999,2010
US_chronological_basin,all_candidates,persistence,0.0,529,7060047060,0.2180083634577566,0.23026288192145458,45,1999,2010
US_chronological_basin,all_candidates,persistence,0.0,530,7060047060,0.24882530842092745,0.22267387259007468,45,1999,2010
US_chronological_basin,all_candidates,persistence,0.0,533,7060047060,0.050322851451944275,0.07136324217767923,45,1999,2010
US_chronological_basin,all_candidates,persistence,0.0,7313,7060047060,0.1875167246437205,0.20520852725963826,45,1999,2010
US_chronological_basin,all_candidates,persistence,0.0,7318,7060047060,0.011418187875291395,0.009990941399178617,45,1999,2010
US_chronological_basin,all_candidates,persistence,0.0,753,7060047060,0.15115842356726944,0.24117939745746328,45,1999,2010
US_chronological_basin,all_candidates,persistence,0.0,777,7060047060,0.2787970887167416,0.2140993852279181,45,1999,2010
US_chronological_basin,all_candidates,persistence,0.0,780,7060047060,0.44557927107970197,0.4442817632653581,45,1999,2010
US_chronological_basin,all_candidates,persistence,0.0,784,7060047060,0.21568170232054204,0.31294276966074225,45,1999,2010
US_chronological_basin,all_candidates,persistence,0.0,798,7060047060,0.22989713112567728,0.3916034615304203,45,1999,2010
US_chronological_basin,all_candidates,persistence,0.0,837,7060047060,0.1446783707599708,0.5838143499999547,45,1999,2010
US_chronological_basin,all_candidates,persistence,0.0,868,7060047060,0.6617214722807061,0.8731623129809849,45,1999,2010
US_chronological_basin,all_candidates,persistence,0.0,870,7060047060,0.05728962862512673,0.19284397334157782,45,1999,2010
US_chronological_basin,all_candidates,persistence,0.0,882,7060047060,0.07487405610658132,0.11993547006105995,45,1999,2010
US_chronological_basin,all_candidates,persistence,0.0,884,7060047060,0.058890091762423005,0.0597863332871911,45,1999,2010
US_chronological_basin,all_candidates,persistence,0.0,885,7060047060,0.060213697559366314,0.15907445473164122,45,1999,2010
US_chronological_basin,all_candidates,persistence,0.0,893,7060047060,0.3039675883467522,0.6684285946386119,45,1999,2010
US_chronological_basin,all_candidates,persistence,0.0,895,7060047060,0.01200902548294359,0.016954826822974313,45,1999,2010
US_chronological_basin,all_candidates,persistence,0.0,898,7060047060,0.48096220456095834,0.7808173582640034,45,1999,2010
US_chronological_basin,all_candidates,persistence,0.0,920,7060047060,0.009702717289224134,0.04641114759935739,45,1999,2010
US_chronological_basin,all_candidates,persistence,0.0,931,7060047060,1.2052396392304092,0.9465393297640908,45,1999,2010
US_chronological_basin,all_candidates,persistence,0.0,938,7060047060,0.3968494669462763,0.8634668302365714,45,1999,2010
US_chronological_basin,all_candidates,persistence,0.0,939,7060047060,0.4656358493251691,1.0472790728315737,45,1999,2010
US_chronological_basin,all_candidates,persistence,0.0,948,7060047060,0.5744564251171721,0.9206177349244119,45,1999,2010
US_chronological_basin,all_candidates,persistence,0.0,952,7060047060,0.6166240176032683,0.8211088482287082,45,1999,2010
US_chronological_basin,all_candidates,persistence,0.0,956,7060047060,1.1283610390792411,0.9696378515559536,45,1999,2010
US_chronological_basin,all_candidates,persistence,1.0,419,7060008710,0.4416205857741654,0.5123694735582704,128,1999,2010
US_chronological_basin,all_candidates,persistence,1.0,423,7060008710,0.2609668929402653,0.3281289426471837,128,1999,2010
US_chronological_basin,all_candidates,persistence,1.0,445,7060008710,0.22415083691444454,0.25651928053680195,128,1999,2010
US_chronological_basin,all_candidates,persistence,1.0,448,7060008710,0.22427414079737434,0.2317178905334348,128,1999,2010
US_chronological_basin,all_candidates,persistence,1.0,451,7060008710,0.2142445264803189,0.12979874877594105,128,1999,2010
US_chronological_basin,all_candidates,persistence,1.0,469,7060008710,0.46365928111475874,0.4514458862548698,128,1999,2010
US_chronological_basin,all_candidates,persistence,1.0,470,7060008710,0.30999258982574807,0.2951550807046912,128,1999,2010
US_chronological_basin,all_candidates,persistence,1.0,471,7060008710,0.4998953490670137,0.552258455356849,128,1999,2010
US_chronological_basin,all_candidates,persistence,1.0,473,7060008710,0.6126285989726578,0.6419219353079901,128,1999,2010
US_chronological_basin,all_candidates,persistence,1.0,488,7060008710,0.2871536416436151,0.39400221523722156,128,1999,2010
US_chronological_basin,all_candidates,persistence,1.0,492,7060008710,0.44078265052452215,0.4454325172037523,128,1999,2010
US_chronological_basin,all_candidates,persistence,1.0,493,7060008710,0.37871473040641057,0.4983734540480981,128,1999,2010
US_chronological_basin,all_candidates,persistence,1.0,497,7060008710,0.24859788496998347,0.3445191078284952,128,1999,2010
US_chronological_basin,all_candidates,persistence,1.0,502,7060008710,0.30423695353723224,0.22734719598441233,128,1999,2010
US_chronological_basin,all_candidates,persistence,1.0,506,7060008710,0.4850553440011199,0.4531972413705783,128,1999,2010
US_chronological_basin,all_candidates,persistence,1.0,509,7060008710,0.0984713136044381,0.22713857137866744,128,1999,2010
US_chronological_basin,all_candidates,persistence,1.0,517,7060008710,0.34790247771437327,0.3768690160204691,128,1999,2010
US_chronological_basin,all_candidates,persistence,1.0,518,7060008710,0.5128392897293542,0.5176159493796735,128,1999,2010
US_chronological_basin,all_candidates,persistence,1.0,531,7060008710,0.1943925982432932,0.24868947074154224,128,1999,2010
US_chronological_basin,all_candidates,persistence,1.0,536,7060008710,0.25250797575882156,0.24417167838446155,128,1999,2010
US_chronological_basin,all_candidates,persistence,1.0,541,7060008710,0.33728275604082486,0.36800955082426423,128,1999,2010
US_chronological_basin,all_candidates,persistence,1.0,542,7060008710,0.01879097640749654,0.04311193366735477,128,1999,2010
US_chronological_basin,all_candidates,persistence,1.0,549,7060008710,0.17012783932082837,0.1265932506455483,128,1999,2010
US_chronological_basin,all_candidates,persistence,1.0,567,7060008710,0.6561024589795234,0.5645647910752323,128,1999,2010
US_chronological_basin,all_candidates,persistence,1.0,572,7060008710,0.2545793834791667,0.33973194382741645,128,1999,2010
US_chronological_basin,all_candidates,persistence,1.0,574,7060008710,0.3997613582889092,0.45127797746496184,128,1999,2010
US_chronological_basin,all_candidates,persistence,1.0,575,7060008710,0.34499177519350743,0.45194290740492166,128,1999,2010
US_chronological_basin,all_candidates,persistence,1.0,597,7060008710,0.5041937892767199,0.47834131386878714,128,1999,2010
US_chronological_basin,all_candidates,persistence,1.0,601,7060008710,0.39773586974715813,0.3470926370857538,128,1999,2010
US_chronological_basin,all_candidates,persistence,2.0,1249,7060048410,1.146030395254913,0.8239127479792422,145,1999,2010
US_chronological_basin,all_candidates,persistence,2.0,132,7060013550,0.21980128669475302,0.15137980082646524,145,1999,2010
US_chronological_basin,all_candidates,persistence,2.0,133,7060013550,0.07419048047485194,0.039339316309226414,145,1999,2010
US_chronological_basin,all_candidates,persistence,2.0,144,7060013550,0.24764945974233324,1.934865963520902,145,1999,2010
US_chronological_basin,all_candidates,persistence,2.0,148,7060013550,0.21978420333248716,0.17213369635377504,145,1999,2010
US_chronological_basin,all_candidates,persistence,2.0,168,7060013550,0.06938960549224472,0.047323335903193584,145,1999,2010
US_chronological_basin,all_candidates,persistence,2.0,1776,7060043090,0.07073662060070428,0.037824871619879644,145,1999,2010
US_chronological_basin,all_candidates,persistence,2.0,182,7060013550,0.18126164103477693,0.18785658629328353,145,1999,2010
US_chronological_basin,all_candidates,persistence,2.0,185,7060013550,0.7485088847580722,0.5889894278477279,145,1999,2010
US_chronological_basin,all_candidates,persistence,2.0,191,7060013550,0.22340545467012612,0.3085108444008708,145,1999,2010
US_chronological_basin,all_candidates,persistence,2.0,193,7060013550,0.41543160456193257,0.5575534844502066,145,1999,2010
US_chronological_basin,all_candidates,persistence,2.0,198,7060013550,0.3030069769194994,0.36013161974906516,145,1999,2010
US_chronological_basin,all_candidates,persistence,2.0,204,7060013550,0.30221711336109347,0.3639947327359355,145,1999,2010
US_chronological_basin,all_candidates,persistence,2.0,524,7060073920,0.2800087631552244,0.6078183713614832,145,1999,2010
US_chronological_basin,all_candidates,persistence,2.0,585,7060013550,0.3782257121411972,0.3180967080847229,145,1999,2010
US_chronological_basin,all_candidates,persistence,2.0,592,7060013550,0.3000093946332669,0.5038349664652603,145,1999,2010
US_chronological_basin,all_candidates,persistence,2.0,595,7060013550,0.1074165396122517,0.1992841916893307,145,1999,2010
US_chronological_basin,all_candidates,persistence,2.0,600,7060013550,0.29413407063408953,0.2914841171161893,145,1999,2010
US_chronological_basin,all_candidates,persistence,2.0,605,7060013550,0.29861646818302395,0.2780292342899207,145,1999,2010
US_chronological_basin,all_candidates,persistence,2.0,609,7060013550,0.21927506271712457,0.3371005389510387,145,1999,2010
US_chronological_basin,all_candidates,persistence,2.0,612,7060013550,0.10733503940308617,0.15165026134709483,145,1999,2010
US_chronological_basin,all_candidates,persistence,3.0,1086,7060049270,1.068890884705972,0.886849700889463,132,1999,2010
US_chronological_basin,all_candidates,persistence,3.0,131,7060014200,0.3069620663884905,0.28560746610525284,132,1999,2010
US_chronological_basin,all_candidates,persistence,3.0,1761,7060042310,0.2589475273602554,0.19908684144981176,132,1999,2010
US_chronological_basin,all_candidates,persistence,3.0,1879,7060043160,0.5783266087608062,0.5690889313730688,132,1999,2010
US_chronological_basin,all_candidates,persistence,3.0,310,7060014930,0.06025614607528096,0.05871740866891358,132,1999,2010
US_chronological_basin,all_candidates,persistence,3.0,316,7060014930,0.22208480543124837,0.23929690396615416,132,1999,2010
US_chronological_basin,all_candidates,persistence,3.0,361,7060014930,0.10503189579573496,0.11316745303610991,132,1999,2010
US_chronological_basin,all_candidates,persistence,3.0,367,7060014930,0.2686097219279892,0.3459403401148665,132,1999,2010
US_chronological_basin,all_candidates,persistence,3.0,372,7060014930,0.30493644885189647,0.3273465216358815,132,1999,2010
US_chronological_basin,all_candidates,persistence,3.0,378,7060014930,0.6498951178353334,0.7762356282647203,132,1999,2010
US_chronological_basin,all_candidates,persistence,3.0,384,7060014930,0.3093526199502241,0.28816864438865275,132,1999,2010
US_chronological_basin,all_candidates,persistence,3.0,386,7060014930,0.5767595458015282,0.53971769691415,132,1999,2010
US_chronological_basin,all_candidates,persistence,3.0,390,7060014930,0.30712394890011324,0.36884096356216894,132,1999,2010
US_chronological_basin,all_candidates,persistence,3.0,391,7060014930,0.11565386794679762,0.14183148823740693,132,1999,2010
US_chronological_basin,all_candidates,persistence,3.0,41,7060016090,0.30634850007316333,0.2799836461082167,132,1999,2010
US_chronological_basin,all_candidates,persistence,3.0,413,7060014930,0.014957428854622506,0.025991079403934345,132,1999,2010
US_chronological_basin,all_candidates,persistence,3.0,42,7060016090,0.3638214534858144,0.33794968808086145,132,1999,2010
US_chronological_basin,all_candidates,persistence,3.0,55,7060014930,0.2791408868597332,0.2907503018645895,132,1999,2010
US_chronological_basin,all_candidates,persistence,3.0,57,7060014930,0.3399568096450151,0.3920447207419912,132,1999,2010
US_chronological_basin,all_candidates,persistence,3.0,60,7060014930,0.20260488753198175,0.2651339195738726,132,1999,2010
US_chronological_basin,all_candidates,persistence,3.0,63,7060014930,0.2699904997815742,0.3599866442466242,132,1999,2010
US_chronological_basin,all_candidates,persistence,4.0,114,7060014340,0.28535177249533317,0.4277469923249715,140,1999,2010
US_chronological_basin,all_candidates,persistence,4.0,1151,7060047970,0.5378042545337158,0.36127600247276914,140,1999,2010
US_chronological_basin,all_candidates,persistence,4.0,1237,7060047970,0.6223175503941138,0.5113976516533948,140,1999,2010
US_chronological_basin,all_candidates,persistence,4.0,169,7060013560,0.5336578409890409,0.6344242896002354,140,1999,2010
US_chronological_basin,all_candidates,persistence,4.0,1782,7060042740,0.3737584223939941,0.30546900694776724,140,1999,2010
US_chronological_basin,all_candidates,persistence,4.0,1796,7060042940,0.295998043259922,0.15565098867390717,140,1999,2010
US_chronological_basin,all_candidates,persistence,4.0,180,7060013560,0.5874000740573897,0.4832904433748937,140,1999,2010
US_chronological_basin,all_candidates,persistence,4.0,1851,7060043500,0.12392692879677136,0.15029361790353898,140,1999,2010
US_chronological_basin,all_candidates,persistence,4.0,1872,7060043500,0.18369572271036105,0.22630763011596647,140,1999,2010
US_chronological_basin,all_candidates,persistence,4.0,1883,7060043640,0.25082374609997554,0.21750201795834728,140,1999,2010
US_chronological_basin,all_candidates,persistence,4.0,223,7060013180,0.2850384019360485,0.2581780795602524,140,1999,2010
US_chronological_basin,all_candidates,persistence,4.0,292,7060022240,0.44723456836304515,0.4192605790690127,140,1999,2010
US_chronological_basin,all_candidates,persistence,4.0,431,7060073620,0.15755469955653978,0.1502796653715764,140,1999,2010
US_chronological_basin,all_candidates,persistence,4.0,438,7060073620,0.32055745003979785,0.28302003156937616,140,1999,2010
US_chronological_basin,all_candidates,persistence,4.0,442,7060073620,0.2880753880040633,0.29649115154811123,140,1999,2010
US_chronological_basin,all_candidates,persistence,4.0,449,7060073620,0.426066484362956,0.5108964331804531,140,1999,2010
US_chronological_basin,all_candidates,persistence,4.0,450,7060073620,0.36595865847699555,0.3468154854913096,140,1999,2010
US_chronological_basin,all_candidates,persistence,4.0,456,7060073620,0.2640694177067812,0.2208278974905376,140,1999,2010
US_chronological_basin,all_candidates,persistence,4.0,467,7060073620,0.5066104513145996,0.4468360595360855,140,1999,2010
US_chronological_basin,all_candidates,persistence,4.0,477,7060073620,0.26184984754607177,0.3127136822483656,140,1999,2010
US_chronological_basin,all_candidates,persistence,4.0,7308,7060043500,0.1498584901974067,0.1206408950731354,140,1999,2010
US_to_BR_retrospective,all_candidates,persistence,,1131,6060007000,0.03900697047485797,0.0511849428749088,147,1999,2010
US_to_BR_retrospective,all_candidates,persistence,,1145,6060011780,0.9429708577848885,0.12611874564829156,147,1999,2010
US_to_BR_retrospective,all_candidates,persistence,,1146,6060011780,0.013958834376054552,0.1984659949462975,147,1999,2010
US_to_BR_retrospective,all_candidates,persistence,,1147,6060011780,0.015538399829905177,0.07187162908445067,147,1999,2010
US_to_BR_retrospective,all_candidates,persistence,,1154,6060016970,0.48258478754930234,0.8976085268524354,147,1999,2010
US_to_BR_retrospective,all_candidates,persistence,,1165,6060016970,0.05479982376369222,0.048213952967523205,147,1999,2010
US_to_BR_retrospective,all_candidates,persistence,,1166,6060016970,0.014522934335615542,0.013770615059198039,147,1999,2010
US_to_BR_retrospective,all_candidates,persistence,,1167,6060016970,0.03264110433035375,0.027844707089692552,147,1999,2010
US_to_BR_retrospective,all_candidates,persistence,,1168,6060016970,0.004896246633112871,0.0034567196025580425,147,1999,2010
US_to_BR_retrospective,all_candidates,persistence,,1169,6060016970,0.013041530056196318,0.016502593422678263,147,1999,2010
US_to_BR_retrospective,all_candidates,persistence,,1170,6060016970,0.03804636339214665,0.03684246230981675,147,1999,2010
US_to_BR_retrospective,all_candidates,persistence,,1174,6060016970,0.06398807783334522,0.13629778022778938,147,1999,2010
US_to_BR_retrospective,all_candidates,persistence,,1175,6060016970,0.2278760279754066,0.22749689984015187,147,1999,2010
US_to_BR_retrospective,all_candidates,persistence,,1176,6060016970,0.00962361517368614,0.006376029899110316,147,1999,2010
US_to_BR_retrospective,all_candidates,persistence,,1177,6060016970,0.010775039562047502,0.010943267754871117,147,1999,2010
US_to_BR_retrospective,all_candidates,persistence,,1178,6060013750,0.06968261547283974,0.08592950974605755,147,1999,2010
US_to_BR_retrospective,all_candidates,persistence,,1179,6060016970,0.009002203183222915,0.015034621282395511,147,1999,2010
US_to_BR_retrospective,all_candidates,persistence,,1182,6060016970,0.003226682132372223,0.00661828051237429,147,1999,2010
US_to_BR_retrospective,all_candidates,persistence,,1183,6060016970,0.006194988409264891,0.006067816867046339,147,1999,2010
US_to_BR_retrospective,all_candidates,persistence,,1186,6060013750,0.22028708651873619,0.21395279177932425,147,1999,2010
US_to_BR_retrospective,all_candidates,persistence,,1187,6060013750,0.05586008482184328,0.06282830999224052,147,1999,2010
US_to_BR_retrospective,all_candidates,persistence,,1191,6060016970,0.453581512388476,0.519298175840785,147,1999,2010
US_to_BR_retrospective,all_candidates,persistence,,1192,6060016970,0.25037268751853164,0.32435081490294904,147,1999,2010
US_to_BR_retrospective,all_candidates,persistence,,1195,6060016970,0.017870733285531043,0.010486393037877538,147,1999,2010
US_to_BR_retrospective,all_candidates,persistence,,1196,6060016970,0.02853172397064381,0.023033534800374907,147,1999,2010
US_to_BR_retrospective,all_candidates,persistence,,1198,6060016970,0.17937642630030817,0.1686101298400941,147,1999,2010
US_to_BR_retrospective,all_candidates,persistence,,1199,6060016760,0.04634934107003942,0.06344887503187265,147,1999,2010
US_to_BR_retrospective,all_candidates,persistence,,1200,6060016760,0.0717300944791795,0.058178404357558194,147,1999,2010
US_to_BR_retrospective,all_candidates,persistence,,1201,6060015560,0.19735753457017197,0.15671871370025703,147,1999,2010
US_to_BR_retrospective,all_candidates,persistence,,1202,6060015560,0.04625499102008036,0.02679489978508182,147,1999,2010
US_to_BR_retrospective,all_candidates,persistence,,13435,6060013420,0.008285743241785336,0.005625004003946265,147,1999,2010
US_to_BR_retrospective,all_candidates,persistence,,13477,6060016970,0.0030196517971885885,0.003801702589549899,147,1999,2010
US_to_BR_retrospective,all_candidates,persistence,,197,6060009760,0.14948977772118954,0.1446751137264372,147,1999,2010
US_to_BR_retrospective,all_candidates,persistence,,198,6060011780,0.016513504671146834,0.07771934020750208,147,1999,2010
US_to_BR_retrospective,all_candidates,persistence,,201,6060007950,0.02581436086770112,0.22725608004488856,147,1999,2010
US_to_BR_retrospective,all_candidates,persistence,,202,6060007950,0.3440314527118721,0.4014392858865913,147,1999,2010
US_to_BR_retrospective,all_candidates,persistence,,203,6060011780,0.36738124882113904,0.4527719341245744,147,1999,2010
US_to_BR_retrospective,all_candidates,persistence,,204,6060016970,0.20186030341636904,0.12651388904144684,147,1999,2010
US_to_BR_retrospective,all_candidates,persistence,,205,6060016970,0.126467830862241,0.268362004210275,147,1999,2010
US_to_BR_retrospective,all_candidates,persistence,,206,6060016970,0.0531391459024513,0.04530640739455872,147,1999,2010
US_to_BR_retrospective,all_candidates,persistence,,207,6060016970,0.20904500872834825,0.23038081735918156,147,1999,2010
US_to_BR_retrospective,all_candidates,persistence,,208,6060016970,0.035571482680546364,0.07342849591667319,147,1999,2010
US_to_BR_retrospective,all_candidates,persistence,,209,6060016970,0.014402877168111495,0.011473776554087217,147,1999,2010
US_to_BR_retrospective,all_candidates,persistence,,210,6060016970,0.024608854652394346,0.006781063506441843,147,1999,2010
US_to_BR_retrospective,all_candidates,persistence,,211,6060016970,0.0375761424301017,0.047112188353544054,147,1999,2010
US_to_BR_retrospective,all_candidates,persistence,,212,6060016970,0.03178008471686694,0.049981106224377306,147,1999,2010
US_to_BR_retrospective,all_candidates,persistence,,213,6060016970,0.13153628533706824,0.04782436482965008,147,1999,2010
US_to_BR_retrospective,all_candidates,persistence,,214,6060016970,0.21844301389331183,0.26158549347118343,147,1999,2010
US_to_BR_retrospective,all_candidates,persistence,,215,6060016970,0.00644735468627297,0.002582428764753614,147,1999,2010
US_to_BR_retrospective,all_candidates,persistence,,216,6060016970,0.013416882873603873,0.007469629680793396,147,1999,2010
US_to_BR_retrospective,all_candidates,persistence,,217,6060016970,0.05699435179103193,0.07717629751616428,147,1999,2010
US_to_BR_retrospective,all_candidates,persistence,,218,6060016970,0.12840257330509575,0.17166027569119788,147,1999,2010
US_to_BR_retrospective,all_candidates,persistence,,219,6060016970,0.015373456822749244,0.008609994554465884,147,1999,2010
US_to_BR_retrospective,all_candidates,persistence,,220,6060016970,0.06626703546888321,0.10322105917951138,147,1999,2010
US_to_BR_retrospective,all_candidates,persistence,,221,6060016970,0.08523932220641248,0.06980661752562788,147,1999,2010
US_to_BR_retrospective,all_candidates,persistence,,222,6060016970,0.14688711243057964,0.16200094790718225,147,1999,2010
US_to_BR_retrospective,all_candidates,persistence,,223,6060013750,0.2093873097513461,0.15967890879017382,147,1999,2010
US_to_BR_retrospective,all_candidates,persistence,,225,6060016970,0.025973868472902645,0.027064574786642665,147,1999,2010
US_to_BR_retrospective,all_candidates,persistence,,226,6060016970,0.03390302738565481,0.04650962983697041,147,1999,2010
US_to_BR_retrospective,all_candidates,persistence,,228,6060016760,0.24050080923475659,0.3740382655190293,147,1999,2010
US_to_BR_retrospective,all_candidates,persistence,,229,6060015560,0.1344295002452387,0.26204054766386714,147,1999,2010
US_to_BR_retrospective,all_candidates,persistence,,26,6060007950,0.1610421735228621,0.1802686831626447,147,1999,2010
US_to_BR_retrospective,all_candidates,persistence,,27,6060011780,0.21935146682547693,0.3309035037277781,147,1999,2010
US_to_BR_retrospective,all_candidates,persistence,,28,6060016970,0.015760179377250473,0.011750127731433444,147,1999,2010
US_to_BR_retrospective,all_candidates,persistence,,28512,6060016970,0.005104449711395079,0.00834994238426005,147,1999,2010
US_to_BR_retrospective,all_candidates,persistence,,29,6060016970,0.009394395687515482,0.007443544021113059,147,1999,2010
US_to_BR_retrospective,all_candidates,persistence,,30,6060016970,0.01456099573533467,0.012219631510790252,147,1999,2010
US_to_BR_retrospective,all_candidates,persistence,,3464,6060013420,0.0025825778702569433,0.002088320979205795,147,1999,2010
US_to_BR_retrospective,all_candidates,persistence,,3472,6060016970,0.004403564873833402,0.004715380285320757,147,1999,2010
US_to_BR_retrospective,all_candidates,persistence,,3481,6060014460,0.19810039108073807,0.1734218487463786,147,1999,2010
US_to_BR_retrospective,all_candidates,persistence,,3483,6060016970,0.6851183600961861,0.23539498826746114,147,1999,2010
US_to_BR_retrospective,all_candidates,persistence,,3486,6060016760,0.03905854412862557,0.01695009812455763,147,1999,2010
US_to_BR_retrospective,all_candidates,persistence,,3491,6060015560,0.06939218854386633,0.03159909309594175,147,1999,2010
US_to_BR_retrospective,all_candidates,persistence,,40670,6060013420,0.041654511143261255,0.02096502506790672,147,1999,2010
US_to_BR_retrospective,all_candidates,persistence,,40862,6060013430,0.008525533835218731,0.013196905429490863,147,1999,2010
US_to_BR_retrospective,all_candidates,persistence,,41066,6060015560,0.004850844396302088,0.0022682000193956055,147,1999,2010
US_to_BR_retrospective,all_candidates,persistence,,6874,6060016760,0.33142262222548674,0.1162214833401699,147,1999,2010
US_to_BR_retrospective,all_candidates,persistence,,6875,6060016970,0.020580097384573046,0.0,147,1999,2010
US_to_BR_retrospective,all_candidates,persistence,,6878,6060007950,0.18692196450990484,0.0,147,1999,2010
US_to_BR_retrospective,all_candidates,persistence,,6879,6060016760,0.015110566936432878,0.0,147,1999,2010
US_to_BR_retrospective,all_candidates,persistence,,6883,6060007950,0.020077496945917213,0.11466521257616835,147,1999,2010
US_to_BR_retrospective,all_candidates,persistence,,7256,6060016970,0.029625151112564512,0.0,147,1999,2010
US_to_BR_retrospective,all_candidates,persistence,,7257,6060016970,0.033195674674368486,0.0,147,1999,2010
US_to_BR_retrospective,all_candidates,persistence,,7259,6060016970,0.021801070557343774,0.0,147,1999,2010
US_to_BR_retrospective,all_candidates,persistence,,7263,6060015560,0.015137687511056529,0.00508549971822826,147,1999,2010
US_to_BR_retrospective,all_candidates,persistence,,7270,6060016970,2.9466869428392818e-05,0.0021416724666478955,147,1999,2010
US_to_BR_retrospective,all_candidates,persistence,,7274,6060016760,0.07253846404867197,0.026292696333353155,147,1999,2010
US_to_BR_retrospective,all_candidates,persistence,,7424,6060015560,0.009991483589237384,0.0033094081278767394,147,1999,2010
US_to_BR_retrospective,all_candidates,persistence,,8393,6060016970,0.0023328943737665427,0.015010180342409668,147,1999,2010
US_to_BR_retrospective,all_candidates,persistence,,8396,6060016970,0.007418562814269232,0.004835266608333661,147,1999,2010
US_to_BR_retrospective,all_candidates,persistence,,8448,6060015560,0.009136195841869895,0.0056852181584494095,147,1999,2010
US_chronological_basin,all_candidates,ridge,0.0,1017,7060047060,0.3767102226800422,0.3140342639061126,45,1999,2010
US_chronological_basin,all_candidates,ridge,0.0,1026,7060047060,0.25625519090176824,0.282676429208023,45,1999,2010
US_chronological_basin,all_candidates,ridge,0.0,1033,7060047060,0.3421777595752805,0.32343740998250703,45,1999,2010
US_chronological_basin,all_candidates,ridge,0.0,1036,7060047060,0.1994634532561202,0.2497798646759054,45,1999,2010
US_chronological_basin,all_candidates,ridge,0.0,1042,7060047060,0.3086252424534333,0.3397987659751786,45,1999,2010
US_chronological_basin,all_candidates,ridge,0.0,1067,7060047060,0.5998478490301629,0.4469640853672493,45,1999,2010
US_chronological_basin,all_candidates,ridge,0.0,1092,7060047060,0.5538973189418028,0.4101394029695766,45,1999,2010
US_chronological_basin,all_candidates,ridge,0.0,1101,7060047060,0.5732890822190376,0.38460478412179355,45,1999,2010
US_chronological_basin,all_candidates,ridge,0.0,1112,7060047060,0.45299004517635705,0.32873754805558647,45,1999,2010
US_chronological_basin,all_candidates,ridge,0.0,1121,7060047060,0.29573686102470564,0.2570649710736185,45,1999,2010
US_chronological_basin,all_candidates,ridge,0.0,1122,7060047060,0.4731408184743925,0.37057755018418,45,1999,2010
US_chronological_basin,all_candidates,ridge,0.0,1125,7060047060,0.29573686102470564,0.2570649710736185,45,1999,2010
US_chronological_basin,all_candidates,ridge,0.0,1127,7060047060,0.5284257833617235,0.3933049541673257,45,1999,2010
US_chronological_basin,all_candidates,ridge,0.0,1192,7060047060,0.15622551667530427,0.19101681687545738,45,1999,2010
US_chronological_basin,all_candidates,ridge,0.0,1586,7060047060,0.10090961354906709,0.21455183301776978,45,1999,2010
US_chronological_basin,all_candidates,ridge,0.0,1587,7060047060,0.2531868046723131,0.2825884202140111,45,1999,2010
US_chronological_basin,all_candidates,ridge,0.0,1592,7060047060,0.32577126117645455,0.2539264379865364,45,1999,2010
US_chronological_basin,all_candidates,ridge,0.0,1595,7060047060,0.09734368127010831,0.15995790733273363,45,1999,2010
US_chronological_basin,all_candidates,ridge,0.0,1600,7060047060,0.1485302141903988,0.2142212377980848,45,1999,2010
US_chronological_basin,all_candidates,ridge,0.0,1617,7060047060,0.24687425297109888,0.3049509558967851,45,1999,2010
US_chronological_basin,all_candidates,ridge,0.0,1619,7060047060,0.13245760053603373,0.2599205265204166,45,1999,2010
US_chronological_basin,all_candidates,ridge,0.0,1620,7060047060,0.26035611659680125,0.28788467240863447,45,1999,2010
US_chronological_basin,all_candidates,ridge,0.0,1631,7060047060,0.11543700302138789,0.2427011906029932,45,1999,2010
US_chronological_basin,all_candidates,ridge,0.0,1634,7060047060,0.16133901010123658,0.21081144414588654,45,1999,2010
US_chronological_basin,all_candidates,ridge,0.0,1636,7060047060,0.3431055207314706,0.3720804680079561,45,1999,2010
US_chronological_basin,all_candidates,ridge,0.0,1645,7060047060,0.4370375957767413,0.3648046192372524,45,1999,2010
US_chronological_basin,all_candidates,ridge,0.0,1650,7060047060,0.15935517429417478,0.27005031801616314,45,1999,2010
US_chronological_basin,all_candidates,ridge,0.0,1654,7060047060,0.4218435553220696,0.3711659211120992,45,1999,2010
US_chronological_basin,all_candidates,ridge,0.0,1655,7060047060,0.2436515966980656,0.26907478771434695,45,1999,2010
US_chronological_basin,all_candidates,ridge,0.0,1656,7060047060,0.1692126379774312,0.21001503357267337,45,1999,2010
US_chronological_basin,all_candidates,ridge,0.0,1683,7060047060,0.39011694488410237,0.30694773797271246,45,1999,2010
US_chronological_basin,all_candidates,ridge,0.0,1691,7060047060,0.09129167479621161,0.21354889537617383,45,1999,2010
US_chronological_basin,all_candidates,ridge,0.0,1699,7060047060,0.08642534293446677,0.18130979321650523,45,1999,2010
US_chronological_basin,all_candidates,ridge,0.0,1703,7060047060,0.6719276083841421,0.4345167490539424,45,1999,2010
US_chronological_basin,all_candidates,ridge,0.0,1706,7060047060,0.1311194154359323,0.20511628349469085,45,1999,2010
US_chronological_basin,all_candidates,ridge,0.0,1707,7060047060,0.20455684515248346,0.2730483921521758,45,1999,2010
US_chronological_basin,all_candidates,ridge,0.0,1709,7060047060,0.07526172636281764,0.1665165053500436,45,1999,2010
US_chronological_basin,all_candidates,ridge,0.0,1712,7060047060,0.08719223605780649,0.20026974732887767,45,1999,2010
US_chronological_basin,all_candidates,ridge,0.0,1713,7060047060,0.18000550115060232,0.2717290725037754,45,1999,2010
US_chronological_basin,all_candidates,ridge,0.0,1714,7060047060,0.2897810133158173,0.3262354237474676,45,1999,2010
US_chronological_basin,all_candidates,ridge,0.0,1718,7060047060,0.39473955746223194,0.3742510431906906,45,1999,2010
US_chronological_basin,all_candidates,ridge,0.0,1723,7060047060,0.1521229922142396,0.23086826437627894,45,1999,2010
US_chronological_basin,all_candidates,ridge,0.0,1726,7060047060,0.09003522408520709,0.19683636145514266,45,1999,2010
US_chronological_basin,all_candidates,ridge,0.0,1735,7060047060,0.058837077999626425,0.17939017385577405,45,1999,2010
US_chronological_basin,all_candidates,ridge,0.0,1739,7060047060,0.2695208573168532,0.2930984054797007,45,1999,2010
US_chronological_basin,all_candidates,ridge,0.0,1740,7060047060,0.1589239050565217,0.2099543323365063,45,1999,2010
US_chronological_basin,all_candidates,ridge,0.0,1741,7060047060,0.3146143807409897,0.2894267552168903,45,1999,2010
US_chronological_basin,all_candidates,ridge,0.0,1742,7060047060,0.07137936169626372,0.17474352653094696,45,1999,2010
US_chronological_basin,all_candidates,ridge,0.0,1744,7060047060,0.21324280186253827,0.23365711152136803,45,1999,2010
US_chronological_basin,all_candidates,ridge,0.0,1752,7060047060,0.02732428109480984,0.14957735146622833,45,1999,2010
US_chronological_basin,all_candidates,ridge,0.0,1753,7060047060,0.03384360187055937,0.19831277191625882,45,1999,2010
US_chronological_basin,all_candidates,ridge,0.0,1754,7060047060,0.09361807153219687,0.23357145265518653,45,1999,2010
US_chronological_basin,all_candidates,ridge,0.0,1755,7060047060,0.5328497903478746,0.3871364744904354,45,1999,2010
US_chronological_basin,all_candidates,ridge,0.0,1756,7060047060,0.3989681966623302,0.3743104636516188,45,1999,2010
US_chronological_basin,all_candidates,ridge,0.0,1762,7060047060,0.45114957503417075,0.36632125830531803,45,1999,2010
US_chronological_basin,all_candidates,ridge,0.0,1768,7060047060,0.010814949128347996,0.14089709442110682,45,1999,2010
US_chronological_basin,all_candidates,ridge,0.0,1775,7060047060,0.32364286594823655,0.31805892003462116,45,1999,2010
US_chronological_basin,all_candidates,ridge,0.0,1777,7060047060,0.28909389421808096,0.30073740363190954,45,1999,2010
US_chronological_basin,all_candidates,ridge,0.0,1848,7060047060,0.4800253185821163,0.4094285818145764,45,1999,2010
US_chronological_basin,all_candidates,ridge,0.0,1864,7060047060,0.5318920034094353,0.4075772401234857,45,1999,2010
US_chronological_basin,all_candidates,ridge,0.0,1869,7060047060,0.6181993694029077,0.4946317501404136,45,1999,2010
US_chronological_basin,all_candidates,ridge,0.0,300,7060047060,0.5006788204045888,0.48940767401019925,45,1999,2010
US_chronological_basin,all_candidates,ridge,0.0,307,7060047060,0.13528669233477014,0.22153731423241813,45,1999,2010
US_chronological_basin,all_candidates,ridge,0.0,319,7060047060,0.23720243735094432,0.3115631219113835,45,1999,2010
US_chronological_basin,all_candidates,ridge,0.0,355,7060047060,0.12272469188767605,0.22976828887518935,45,1999,2010
US_chronological_basin,all_candidates,ridge,0.0,362,7060047060,0.3864645066597572,0.5112034310758102,45,1999,2010
US_chronological_basin,all_candidates,ridge,0.0,364,7060047060,0.16167768783006337,0.21294480294631749,45,1999,2010
US_chronological_basin,all_candidates,ridge,0.0,368,7060047060,0.4096064798436735,0.3857198309591198,45,1999,2010
US_chronological_basin,all_candidates,ridge,0.0,373,7060047060,0.37558580011839665,0.43975314952256994,45,1999,2010
US_chronological_basin,all_candidates,ridge,0.0,393,7060047060,0.2235727680227117,0.2769247564762744,45,1999,2010
US_chronological_basin,all_candidates,ridge,0.0,398,7060047060,0.2636061818578061,0.2988165777843786,45,1999,2010
US_chronological_basin,all_candidates,ridge,0.0,399,7060047060,0.13580253516247806,0.2675924277699253,45,1999,2010
US_chronological_basin,all_candidates,ridge,0.0,415,7060047060,0.07439807135004639,0.1815582098487707,45,1999,2010
US_chronological_basin,all_candidates,ridge,0.0,416,7060047060,0.18256724140525943,0.22314962044483294,45,1999,2010
US_chronological_basin,all_candidates,ridge,0.0,421,7060047060,0.2531768818393909,0.3986714568547718,45,1999,2010
US_chronological_basin,all_candidates,ridge,0.0,500,7060047060,0.35710034798351037,0.3843738514295807,45,1999,2010
US_chronological_basin,all_candidates,ridge,0.0,505,7060047060,0.23801375600200253,0.2534287317083016,45,1999,2010
US_chronological_basin,all_candidates,ridge,0.0,511,7060047060,0.08335690047648478,0.22237141944085673,45,1999,2010
US_chronological_basin,all_candidates,ridge,0.0,522,7060047060,0.0714074460062018,0.20295539068849522,45,1999,2010
US_chronological_basin,all_candidates,ridge,0.0,529,7060047060,0.2180083634577566,0.2796047283616138,45,1999,2010
US_chronological_basin,all_candidates,ridge,0.0,530,7060047060,0.24882530842092745,0.2703122118024956,45,1999,2010
US_chronological_basin,all_candidates,ridge,0.0,533,7060047060,0.050322851451944275,0.17437326626456776,45,1999,2010
US_chronological_basin,all_candidates,ridge,0.0,7313,7060047060,0.1875167246437205,0.2606701582141465,45,1999,2010
US_chronological_basin,all_candidates,ridge,0.0,7318,7060047060,0.011418187875291395,0.13691120538923912,45,1999,2010
US_chronological_basin,all_candidates,ridge,0.0,753,7060047060,0.15115842356726944,0.2731467207891929,45,1999,2010
US_chronological_basin,all_candidates,ridge,0.0,777,7060047060,0.2787970887167416,0.24887850010036128,45,1999,2010
US_chronological_basin,all_candidates,ridge,0.0,780,7060047060,0.44557927107970197,0.435150992926176,45,1999,2010
US_chronological_basin,all_candidates,ridge,0.0,784,7060047060,0.21568170232054204,0.3730075078011576,45,1999,2010
US_chronological_basin,all_candidates,ridge,0.0,798,7060047060,0.22989713112567728,0.39715003157388407,45,1999,2010
US_chronological_basin,all_candidates,ridge,0.0,837,7060047060,0.1446783707599708,0.5285493848374658,45,1999,2010
US_chronological_basin,all_candidates,ridge,0.0,868,7060047060,0.6617214722807061,0.6487455926480086,45,1999,2010
US_chronological_basin,all_candidates,ridge,0.0,870,7060047060,0.05728962862512673,0.2330626456768845,45,1999,2010
US_chronological_basin,all_candidates,ridge,0.0,882,7060047060,0.07487405610658132,0.20164451023529759,45,1999,2010
US_chronological_basin,all_candidates,ridge,0.0,884,7060047060,0.058890091762423005,0.15723138034976977,45,1999,2010
US_chronological_basin,all_candidates,ridge,0.0,885,7060047060,0.060213697559366314,0.2174367421673487,45,1999,2010
US_chronological_basin,all_candidates,ridge,0.0,893,7060047060,0.3039675883467522,0.5213272696378898,45,1999,2010
US_chronological_basin,all_candidates,ridge,0.0,895,7060047060,0.01200902548294359,0.13630761906467173,45,1999,2010
US_chronological_basin,all_candidates,ridge,0.0,898,7060047060,0.48096220456095834,0.5678220245950834,45,1999,2010
US_chronological_basin,all_candidates,ridge,0.0,920,7060047060,0.009702717289224134,0.15604123253905433,45,1999,2010
US_chronological_basin,all_candidates,ridge,0.0,931,7060047060,1.2052396392304092,0.672526217808721,45,1999,2010
US_chronological_basin,all_candidates,ridge,0.0,938,7060047060,0.3968494669462763,0.618636355848861,45,1999,2010
US_chronological_basin,all_candidates,ridge,0.0,939,7060047060,0.4656358493251691,0.7389217312544708,45,1999,2010
US_chronological_basin,all_candidates,ridge,0.0,948,7060047060,0.5744564251171721,0.667743408709122,45,1999,2010
US_chronological_basin,all_candidates,ridge,0.0,952,7060047060,0.6166240176032683,0.5922300741796119,45,1999,2010
US_chronological_basin,all_candidates,ridge,0.0,956,7060047060,1.1283610390792411,0.7116941108144722,45,1999,2010
US_chronological_basin,all_candidates,ridge,1.0,419,7060008710,0.4416205857741654,0.40293021904352944,128,1999,2010
US_chronological_basin,all_candidates,ridge,1.0,423,7060008710,0.2609668929402653,0.2974733151954364,128,1999,2010
US_chronological_basin,all_candidates,ridge,1.0,445,7060008710,0.22415083691444454,0.2877514493638577,128,1999,2010
US_chronological_basin,all_candidates,ridge,1.0,448,7060008710,0.22427414079737434,0.27003622023478285,128,1999,2010
US_chronological_basin,all_candidates,ridge,1.0,451,7060008710,0.2142445264803189,0.13387101492739636,128,1999,2010
US_chronological_basin,all_candidates,ridge,1.0,469,7060008710,0.46365928111475874,0.41923675428480695,128,1999,2010
US_chronological_basin,all_candidates,ridge,1.0,470,7060008710,0.30999258982574807,0.34930257819597793,128,1999,2010
US_chronological_basin,all_candidates,ridge,1.0,471,7060008710,0.4998953490670137,0.43690933874963633,128,1999,2010
US_chronological_basin,all_candidates,ridge,1.0,473,7060008710,0.6126285989726578,0.48487704005517474,128,1999,2010
US_chronological_basin,all_candidates,ridge,1.0,488,7060008710,0.2871536416436151,0.3236748559840842,128,1999,2010
US_chronological_basin,all_candidates,ridge,1.0,492,7060008710,0.44078265052452215,0.3092889669826222,128,1999,2010
US_chronological_basin,all_candidates,ridge,1.0,493,7060008710,0.37871473040641057,0.47003632321539734,128,1999,2010
US_chronological_basin,all_candidates,ridge,1.0,497,7060008710,0.24859788496998347,0.3296083914935004,128,1999,2010
US_chronological_basin,all_candidates,ridge,1.0,502,7060008710,0.30423695353723224,0.22520078658956752,128,1999,2010
US_chronological_basin,all_candidates,ridge,1.0,506,7060008710,0.4850553440011199,0.403509381793443,128,1999,2010
US_chronological_basin,all_candidates,ridge,1.0,509,7060008710,0.0984713136044381,0.26192067805357666,128,1999,2010
US_chronological_basin,all_candidates,ridge,1.0,517,7060008710,0.34790247771437327,0.3420055652056535,128,1999,2010
US_chronological_basin,all_candidates,ridge,1.0,518,7060008710,0.5128392897293542,0.4704565951715908,128,1999,2010
US_chronological_basin,all_candidates,ridge,1.0,531,7060008710,0.1943925982432932,0.2813371257163924,128,1999,2010
US_chronological_basin,all_candidates,ridge,1.0,536,7060008710,0.25250797575882156,0.23978989651025043,128,1999,2010
US_chronological_basin,all_candidates,ridge,1.0,541,7060008710,0.33728275604082486,0.3271988177050209,128,1999,2010
US_chronological_basin,all_candidates,ridge,1.0,542,7060008710,0.01879097640749654,0.062244684558677266,128,1999,2010
US_chronological_basin,all_candidates,ridge,1.0,549,7060008710,0.17012783932082837,0.12717278945421365,128,1999,2010
US_chronological_basin,all_candidates,ridge,1.0,567,7060008710,0.6561024589795234,0.5391391259513824,128,1999,2010
US_chronological_basin,all_candidates,ridge,1.0,572,7060008710,0.2545793834791667,0.2648934925420526,128,1999,2010
US_chronological_basin,all_candidates,ridge,1.0,574,7060008710,0.3997613582889092,0.42199240927021714,128,1999,2010
US_chronological_basin,all_candidates,ridge,1.0,575,7060008710,0.34499177519350743,0.4008874196668495,128,1999,2010
US_chronological_basin,all_candidates,ridge,1.0,597,7060008710,0.5041937892767199,0.3892896490651627,128,1999,2010
US_chronological_basin,all_candidates,ridge,1.0,601,7060008710,0.39773586974715813,0.3212934802063294,128,1999,2010
US_chronological_basin,all_candidates,ridge,2.0,1249,7060048410,1.146030395254913,0.8396428085061268,145,1999,2010
US_chronological_basin,all_candidates,ridge,2.0,132,7060013550,0.21980128669475302,0.16239834040241544,145,1999,2010
US_chronological_basin,all_candidates,ridge,2.0,133,7060013550,0.07419048047485194,0.07437569196937249,145,1999,2010
US_chronological_basin,all_candidates,ridge,2.0,144,7060013550,0.24764945974233324,-92.08032292103677,145,1999,2010
US_chronological_basin,all_candidates,ridge,2.0,148,7060013550,0.21978420333248716,0.18007885657556583,145,1999,2010
US_chronological_basin,all_candidates,ridge,2.0,168,7060013550,0.06938960549224472,0.0901494771305611,145,1999,2010
US_chronological_basin,all_candidates,ridge,2.0,1776,7060043090,0.07073662060070428,0.07675059009779678,145,1999,2010
US_chronological_basin,all_candidates,ridge,2.0,182,7060013550,0.18126164103477693,0.1958737966525596,145,1999,2010
US_chronological_basin,all_candidates,ridge,2.0,185,7060013550,0.7485088847580722,0.565163950009693,145,1999,2010
US_chronological_basin,all_candidates,ridge,2.0,191,7060013550,0.22340545467012612,0.28769534510155104,145,1999,2010
US_chronological_basin,all_candidates,ridge,2.0,193,7060013550,0.41543160456193257,0.5464467643018301,145,1999,2010
US_chronological_basin,all_candidates,ridge,2.0,198,7060013550,0.3030069769194994,0.30623945310060097,145,1999,2010
US_chronological_basin,all_candidates,ridge,2.0,204,7060013550,0.30221711336109347,0.3408568118540053,145,1999,2010
US_chronological_basin,all_candidates,ridge,2.0,524,7060073920,0.2800087631552244,0.5729715205040355,145,1999,2010
US_chronological_basin,all_candidates,ridge,2.0,585,7060013550,0.3782257121411972,0.7507072975103506,145,1999,2010
US_chronological_basin,all_candidates,ridge,2.0,592,7060013550,0.3000093946332669,0.42976636097064,145,1999,2010
US_chronological_basin,all_candidates,ridge,2.0,595,7060013550,0.1074165396122517,0.19721961336013216,145,1999,2010
US_chronological_basin,all_candidates,ridge,2.0,600,7060013550,0.29413407063408953,0.2826357988344596,145,1999,2010
US_chronological_basin,all_candidates,ridge,2.0,605,7060013550,0.29861646818302395,0.2830204928308117,145,1999,2010
US_chronological_basin,all_candidates,ridge,2.0,609,7060013550,0.21927506271712457,0.3276313685506026,145,1999,2010
US_chronological_basin,all_candidates,ridge,2.0,612,7060013550,0.10733503940308617,0.18684942418440895,145,1999,2010
US_chronological_basin,all_candidates,ridge,3.0,1086,7060049270,1.068890884705972,0.6700251927070636,132,1999,2010
US_chronological_basin,all_candidates,ridge,3.0,131,7060014200,0.3069620663884905,0.27425638683453024,132,1999,2010
US_chronological_basin,all_candidates,ridge,3.0,1761,7060042310,0.2589475273602554,0.1975646633183636,132,1999,2010
US_chronological_basin,all_candidates,ridge,3.0,1879,7060043160,0.5783266087608062,0.4608913991295768,132,1999,2010
US_chronological_basin,all_candidates,ridge,3.0,310,7060014930,0.06025614607528096,0.06955820897956191,132,1999,2010
US_chronological_basin,all_candidates,ridge,3.0,316,7060014930,0.22208480543124837,0.2275733279153876,132,1999,2010
US_chronological_basin,all_candidates,ridge,3.0,361,7060014930,0.10503189579573496,0.1463645518223033,132,1999,2010
US_chronological_basin,all_candidates,ridge,3.0,367,7060014930,0.2686097219279892,0.34721072194762936,132,1999,2010
US_chronological_basin,all_candidates,ridge,3.0,372,7060014930,0.30493644885189647,0.3348329358852029,132,1999,2010
US_chronological_basin,all_candidates,ridge,3.0,378,7060014930,0.6498951178353334,0.5966016529369526,132,1999,2010
US_chronological_basin,all_candidates,ridge,3.0,384,7060014930,0.3093526199502241,0.2934723085545648,132,1999,2010
US_chronological_basin,all_candidates,ridge,3.0,386,7060014930,0.5767595458015282,0.5148930502588364,132,1999,2010
US_chronological_basin,all_candidates,ridge,3.0,390,7060014930,0.30712394890011324,0.3244273138300518,132,1999,2010
US_chronological_basin,all_candidates,ridge,3.0,391,7060014930,0.11565386794679762,0.1606673377900012,132,1999,2010
US_chronological_basin,all_candidates,ridge,3.0,41,7060016090,0.30634850007316333,0.26047430001534677,132,1999,2010
US_chronological_basin,all_candidates,ridge,3.0,413,7060014930,0.014957428854622506,0.07171649096185978,132,1999,2010
US_chronological_basin,all_candidates,ridge,3.0,42,7060016090,0.3638214534858144,0.3009282229577648,132,1999,2010
US_chronological_basin,all_candidates,ridge,3.0,55,7060014930,0.2791408868597332,0.2700914696916814,132,1999,2010
US_chronological_basin,all_candidates,ridge,3.0,57,7060014930,0.3399568096450151,0.34524029639023224,132,1999,2010
US_chronological_basin,all_candidates,ridge,3.0,60,7060014930,0.20260488753198175,0.25476159416743627,132,1999,2010
US_chronological_basin,all_candidates,ridge,3.0,63,7060014930,0.2699904997815742,0.31198600836466495,132,1999,2010
US_chronological_basin,all_candidates,ridge,4.0,114,7060014340,0.28535177249533317,0.39673199547048815,140,1999,2010
US_chronological_basin,all_candidates,ridge,4.0,1151,7060047970,0.5378042545337158,0.4589931433156391,140,1999,2010
US_chronological_basin,all_candidates,ridge,4.0,1237,7060047970,0.6223175503941138,0.4381067129522841,140,1999,2010
US_chronological_basin,all_candidates,ridge,4.0,169,7060013560,0.5336578409890409,0.5564120739066933,140,1999,2010
US_chronological_basin,all_candidates,ridge,4.0,1782,7060042740,0.3737584223939941,0.32409479350351766,140,1999,2010
US_chronological_basin,all_candidates,ridge,4.0,1796,7060042940,0.295998043259922,0.19808112271755962,140,1999,2010
US_chronological_basin,all_candidates,ridge,4.0,180,7060013560,0.5874000740573897,0.48542696129948293,140,1999,2010
US_chronological_basin,all_candidates,ridge,4.0,1851,7060043500,0.12392692879677136,0.1423540279811597,140,1999,2010
US_chronological_basin,all_candidates,ridge,4.0,1872,7060043500,0.18369572271036105,0.22476910364069658,140,1999,2010
US_chronological_basin,all_candidates,ridge,4.0,1883,7060043640,0.25082374609997554,0.22167935432574756,140,1999,2010
US_chronological_basin,all_candidates,ridge,4.0,223,7060013180,0.2850384019360485,0.24705733674530767,140,1999,2010
US_chronological_basin,all_candidates,ridge,4.0,292,7060022240,0.44723456836304515,0.3186838093985218,140,1999,2010
US_chronological_basin,all_candidates,ridge,4.0,431,7060073620,0.15755469955653978,0.146465749897878,140,1999,2010
US_chronological_basin,all_candidates,ridge,4.0,438,7060073620,0.32055745003979785,0.2660337719671102,140,1999,2010
US_chronological_basin,all_candidates,ridge,4.0,442,7060073620,0.2880753880040633,0.2869084003353808,140,1999,2010
US_chronological_basin,all_candidates,ridge,4.0,449,7060073620,0.426066484362956,0.3619781038367664,140,1999,2010
US_chronological_basin,all_candidates,ridge,4.0,450,7060073620,0.36595865847699555,0.310903503454306,140,1999,2010
US_chronological_basin,all_candidates,ridge,4.0,456,7060073620,0.2640694177067812,0.2134596020621075,140,1999,2010
US_chronological_basin,all_candidates,ridge,4.0,467,7060073620,0.5066104513145996,0.4289440193673281,140,1999,2010
US_chronological_basin,all_candidates,ridge,4.0,477,7060073620,0.26184984754607177,0.2634202962595544,140,1999,2010
US_chronological_basin,all_candidates,ridge,4.0,7308,7060043500,0.1498584901974067,0.10807102742250782,140,1999,2010
US_to_BR_retrospective,all_candidates,ridge,,1131,6060007000,0.03900697047485797,0.08213929197770722,147,1999,2010
US_to_BR_retrospective,all_candidates,ridge,,1145,6060011780,0.9429708577848885,0.14581361379725424,147,1999,2010
US_to_BR_retrospective,all_candidates,ridge,,1146,6060011780,0.013958834376054552,0.18804145307608006,147,1999,2010
US_to_BR_retrospective,all_candidates,ridge,,1147,6060011780,0.015538399829905177,0.08242158915653322,147,1999,2010
US_to_BR_retrospective,all_candidates,ridge,,1154,6060016970,0.48258478754930234,1.0172955968096082,147,1999,2010
US_to_BR_retrospective,all_candidates,ridge,,1165,6060016970,0.05479982376369222,0.080375165607736,147,1999,2010
US_to_BR_retrospective,all_candidates,ridge,,1166,6060016970,0.014522934335615542,0.036475609280582744,147,1999,2010
US_to_BR_retrospective,all_candidates,ridge,,1167,6060016970,0.03264110433035375,0.04845408220699607,147,1999,2010
US_to_BR_retrospective,all_candidates,ridge,,1168,6060016970,0.004896246633112871,0.02725388134633283,147,1999,2010
US_to_BR_retrospective,all_candidates,ridge,,1169,6060016970,0.013041530056196318,0.037661855806629035,147,1999,2010
US_to_BR_retrospective,all_candidates,ridge,,1170,6060016970,0.03804636339214665,0.05275462617678983,147,1999,2010
US_to_BR_retrospective,all_candidates,ridge,,1174,6060016970,0.06398807783334522,0.14801494987040534,147,1999,2010
US_to_BR_retrospective,all_candidates,ridge,,1175,6060016970,0.2278760279754066,0.21588179204785063,147,1999,2010
US_to_BR_retrospective,all_candidates,ridge,,1176,6060016970,0.00962361517368614,0.039946537612411515,147,1999,2010
US_to_BR_retrospective,all_candidates,ridge,,1177,6060016970,0.010775039562047502,0.04505033960185367,147,1999,2010
US_to_BR_retrospective,all_candidates,ridge,,1178,6060013750,0.06968261547283974,0.09685776525595416,147,1999,2010
US_to_BR_retrospective,all_candidates,ridge,,1179,6060016970,0.009002203183222915,0.043301460255357443,147,1999,2010
US_to_BR_retrospective,all_candidates,ridge,,1182,6060016970,0.003226682132372223,0.03640733278726613,147,1999,2010
US_to_BR_retrospective,all_candidates,ridge,,1183,6060016970,0.006194988409264891,0.034390791892986966,147,1999,2010
US_to_BR_retrospective,all_candidates,ridge,,1186,6060013750,0.22028708651873619,0.20434745022291811,147,1999,2010
US_to_BR_retrospective,all_candidates,ridge,,1187,6060013750,0.05586008482184328,0.08435293821371193,147,1999,2010
US_to_BR_retrospective,all_candidates,ridge,,1191,6060016970,0.453581512388476,0.4985626543466789,147,1999,2010
US_to_BR_retrospective,all_candidates,ridge,,1192,6060016970,0.25037268751853164,0.3114047431720455,147,1999,2010
US_to_BR_retrospective,all_candidates,ridge,,1195,6060016970,0.017870733285531043,0.04967578009001983,147,1999,2010
US_to_BR_retrospective,all_candidates,ridge,,1196,6060016970,0.02853172397064381,0.05738792636955786,147,1999,2010
US_to_BR_retrospective,all_candidates,ridge,,1198,6060016970,0.17937642630030817,0.1694033434091578,147,1999,2010
US_to_BR_retrospective,all_candidates,ridge,,1199,6060016760,0.04634934107003942,0.09910490540671812,147,1999,2010
US_to_BR_retrospective,all_candidates,ridge,,1200,6060016760,0.0717300944791795,0.09807498307539128,147,1999,2010
US_to_BR_retrospective,all_candidates,ridge,,1201,6060015560,0.19735753457017197,0.18894507821458018,147,1999,2010
US_to_BR_retrospective,all_candidates,ridge,,1202,6060015560,0.04625499102008036,0.06698780566065599,147,1999,2010
US_to_BR_retrospective,all_candidates,ridge,,13435,6060013420,0.008285743241785336,0.05273996026693745,147,1999,2010
US_to_BR_retrospective,all_candidates,ridge,,13477,6060016970,0.0030196517971885885,0.03153983765250079,147,1999,2010
US_to_BR_retrospective,all_candidates,ridge,,197,6060009760,0.14948977772118954,0.15266131976975267,147,1999,2010
US_to_BR_retrospective,all_candidates,ridge,,198,6060011780,0.016513504671146834,0.08861129071343862,147,1999,2010
US_to_BR_retrospective,all_candidates,ridge,,201,6060007950,0.02581436086770112,0.21973604818024586,147,1999,2010
US_to_BR_retrospective,all_candidates,ridge,,202,6060007950,0.3440314527118721,0.36610212759049815,147,1999,2010
US_to_BR_retrospective,all_candidates,ridge,,203,6060011780,0.36738124882113904,0.39977432181436995,147,1999,2010
US_to_BR_retrospective,all_candidates,ridge,,204,6060016970,0.20186030341636904,0.1209802160114008,147,1999,2010
US_to_BR_retrospective,all_candidates,ridge,,205,6060016970,0.126467830862241,0.25077986163762483,147,1999,2010
US_to_BR_retrospective,all_candidates,ridge,,206,6060016970,0.0531391459024513,0.05919514144273655,147,1999,2010
US_to_BR_retrospective,all_candidates,ridge,,207,6060016970,0.20904500872834825,0.22355151370721715,147,1999,2010
US_to_BR_retrospective,all_candidates,ridge,,208,6060016970,0.035571482680546364,0.08100226379712322,147,1999,2010
US_to_BR_retrospective,all_candidates,ridge,,209,6060016970,0.014402877168111495,0.033900141122405525,147,1999,2010
US_to_BR_retrospective,all_candidates,ridge,,210,6060016970,0.024608854652394346,0.030975818724710225,147,1999,2010
US_to_BR_retrospective,all_candidates,ridge,,211,6060016970,0.0375761424301017,0.06107630263537092,147,1999,2010
US_to_BR_retrospective,all_candidates,ridge,,212,6060016970,0.03178008471686694,0.06657905667438735,147,1999,2010
US_to_BR_retrospective,all_candidates,ridge,,213,6060016970,0.13153628533706824,0.0725969487637243,147,1999,2010
US_to_BR_retrospective,all_candidates,ridge,,214,6060016970,0.21844301389331183,0.24210346226991808,147,1999,2010
US_to_BR_retrospective,all_candidates,ridge,,215,6060016970,0.00644735468627297,0.025786757269008254,147,1999,2010
US_to_BR_retrospective,all_candidates,ridge,,216,6060016970,0.013416882873603873,0.038546049370440205,147,1999,2010
US_to_BR_retrospective,all_candidates,ridge,,217,6060016970,0.05699435179103193,0.09650873861384493,147,1999,2010
US_to_BR_retrospective,all_candidates,ridge,,218,6060016970,0.12840257330509575,0.17328525584520615,147,1999,2010
US_to_BR_retrospective,all_candidates,ridge,,219,6060016970,0.015373456822749244,0.03633723517592813,147,1999,2010
US_to_BR_retrospective,all_candidates,ridge,,220,6060016970,0.06626703546888321,0.11007886829243418,147,1999,2010
US_to_BR_retrospective,all_candidates,ridge,,221,6060016970,0.08523932220641248,0.08699473006247596,147,1999,2010
US_to_BR_retrospective,all_candidates,ridge,,222,6060016970,0.14688711243057964,0.1644859634710641,147,1999,2010
US_to_BR_retrospective,all_candidates,ridge,,223,6060013750,0.2093873097513461,0.1619817478709974,147,1999,2010
US_to_BR_retrospective,all_candidates,ridge,,225,6060016970,0.025973868472902645,0.06166780538218716,147,1999,2010
US_to_BR_retrospective,all_candidates,ridge,,226,6060016970,0.03390302738565481,0.07739957148244589,147,1999,2010
US_to_BR_retrospective,all_candidates,ridge,,228,6060016760,0.24050080923475659,0.33821239481252324,147,1999,2010
US_to_BR_retrospective,all_candidates,ridge,,229,6060015560,0.1344295002452387,0.25304390854046194,147,1999,2010
US_to_BR_retrospective,all_candidates,ridge,,26,6060007950,0.1610421735228621,0.19596389890265692,147,1999,2010
US_to_BR_retrospective,all_candidates,ridge,,27,6060011780,0.21935146682547693,0.2918766353979474,147,1999,2010
US_to_BR_retrospective,all_candidates,ridge,,28,6060016970,0.015760179377250473,0.03262299937053034,147,1999,2010
US_to_BR_retrospective,all_candidates,ridge,,28512,6060016970,0.005104449711395079,0.04239617311083618,147,1999,2010
US_to_BR_retrospective,all_candidates,ridge,,29,6060016970,0.009394395687515482,0.029806418648232247,147,1999,2010
US_to_BR_retrospective,all_candidates,ridge,,30,6060016970,0.01456099573533467,0.03278909461970869,147,1999,2010
US_to_BR_retrospective,all_candidates,ridge,,3464,6060013420,0.0025825778702569433,0.048054304715535345,147,1999,2010
US_to_BR_retrospective,all_candidates,ridge,,3472,6060016970,0.004403564873833402,0.03389361045999428,147,1999,2010
US_to_BR_retrospective,all_candidates,ridge,,3481,6060014460,0.19810039108073807,0.18707409026781813,147,1999,2010
US_to_BR_retrospective,all_candidates,ridge,,3483,6060016970,0.6851183600961861,0.23513390875745316,147,1999,2010
US_to_BR_retrospective,all_candidates,ridge,,3486,6060016760,0.03905854412862557,0.06708988940389574,147,1999,2010
US_to_BR_retrospective,all_candidates,ridge,,3491,6060015560,0.06939218854386633,0.06597935128600224,147,1999,2010
US_to_BR_retrospective,all_candidates,ridge,,40670,6060013420,0.041654511143261255,0.07363473655783134,147,1999,2010
US_to_BR_retrospective,all_candidates,ridge,,40862,6060013430,0.008525533835218731,0.05615290525286004,147,1999,2010
US_to_BR_retrospective,all_candidates,ridge,,41066,6060015560,0.004850844396302088,0.0718294553638448,147,1999,2010
US_to_BR_retrospective,all_candidates,ridge,,6874,6060016760,0.33142262222548674,0.15254361556557047,147,1999,2010
US_to_BR_retrospective,all_candidates,ridge,,6875,6060016970,0.020580097384573046,0.03608798649364414,147,1999,2010
US_to_BR_retrospective,all_candidates,ridge,,6878,6060007950,0.18692196450990484,0.04605616955665964,147,1999,2010
US_to_BR_retrospective,all_candidates,ridge,,6879,6060016760,0.015110566936432878,0.047324314329226014,147,1999,2010
US_to_BR_retrospective,all_candidates,ridge,,6883,6060007950,0.020077496945917213,0.14568642438732535,147,1999,2010
US_to_BR_retrospective,all_candidates,ridge,,7256,6060016970,0.029625151112564512,0.030464810511096896,147,1999,2010
US_to_BR_retrospective,all_candidates,ridge,,7257,6060016970,0.033195674674368486,0.03045620338218119,147,1999,2010
US_to_BR_retrospective,all_candidates,ridge,,7259,6060016970,0.021801070557343774,0.036070396041250424,147,1999,2010
US_to_BR_retrospective,all_candidates,ridge,,7263,6060015560,0.015137687511056529,0.07076327454365886,147,1999,2010
US_to_BR_retrospective,all_candidates,ridge,,7270,6060016970,2.9466869428392818e-05,0.03149844152390735,147,1999,2010
US_to_BR_retrospective,all_candidates,ridge,,7274,6060016760,0.07253846404867197,0.0698671669844709,147,1999,2010
US_to_BR_retrospective,all_candidates,ridge,,7424,6060015560,0.009991483589237384,0.07321262148435889,147,1999,2010
US_to_BR_retrospective,all_candidates,ridge,,8393,6060016970,0.0023328943737665427,0.04527081445281328,147,1999,2010
US_to_BR_retrospective,all_candidates,ridge,,8396,6060016970,0.007418562814269232,0.03398394212635747,147,1999,2010
US_to_BR_retrospective,all_candidates,ridge,,8448,6060015560,0.009136195841869895,0.04662939996205698,147,1999,2010
US_chronological_basin,all_candidates,rf,0.0,1017,7060047060,0.3767102226800422,0.33857447762602766,45,1999,2010
US_chronological_basin,all_candidates,rf,0.0,1026,7060047060,0.25625519090176824,0.3389940331779032,45,1999,2010
US_chronological_basin,all_candidates,rf,0.0,1033,7060047060,0.3421777595752805,0.35708359344803964,45,1999,2010
US_chronological_basin,all_candidates,rf,0.0,1036,7060047060,0.1994634532561202,0.2945906696501239,45,1999,2010
US_chronological_basin,all_candidates,rf,0.0,1042,7060047060,0.3086252424534333,0.3677046484578829,45,1999,2010
US_chronological_basin,all_candidates,rf,0.0,1067,7060047060,0.5998478490301629,0.4136103183716483,45,1999,2010
US_chronological_basin,all_candidates,rf,0.0,1092,7060047060,0.5538973189418028,0.41172654485742355,45,1999,2010
US_chronological_basin,all_candidates,rf,0.0,1101,7060047060,0.5732890822190376,0.4041138280293078,45,1999,2010
US_chronological_basin,all_candidates,rf,0.0,1112,7060047060,0.45299004517635705,0.37466105366307695,45,1999,2010
US_chronological_basin,all_candidates,rf,0.0,1121,7060047060,0.29573686102470564,0.31919703143650935,45,1999,2010
US_chronological_basin,all_candidates,rf,0.0,1122,7060047060,0.4731408184743925,0.38148722166937177,45,1999,2010
US_chronological_basin,all_candidates,rf,0.0,1125,7060047060,0.29573686102470564,0.31919703143650935,45,1999,2010
US_chronological_basin,all_candidates,rf,0.0,1127,7060047060,0.5284257833617235,0.41172654485742355,45,1999,2010
US_chronological_basin,all_candidates,rf,0.0,1192,7060047060,0.15622551667530427,0.20417836741081133,45,1999,2010
US_chronological_basin,all_candidates,rf,0.0,1586,7060047060,0.10090961354906709,0.20997162787167847,45,1999,2010
US_chronological_basin,all_candidates,rf,0.0,1587,7060047060,0.2531868046723131,0.32645884887887716,45,1999,2010
US_chronological_basin,all_candidates,rf,0.0,1592,7060047060,0.32577126117645455,0.2982376623552293,45,1999,2010
US_chronological_basin,all_candidates,rf,0.0,1595,7060047060,0.09734368127010831,0.20404162070033102,45,1999,2010
US_chronological_basin,all_candidates,rf,0.0,1600,7060047060,0.1485302141903988,0.2173348355181549,45,1999,2010
US_chronological_basin,all_candidates,rf,0.0,1617,7060047060,0.24687425297109888,0.3433355073384211,45,1999,2010
US_chronological_basin,all_candidates,rf,0.0,1619,7060047060,0.13245760053603373,0.3191770308200544,45,1999,2010
US_chronological_basin,all_candidates,rf,0.0,1620,7060047060,0.26035611659680125,0.33018374679627577,45,1999,2010
US_chronological_basin,all_candidates,rf,0.0,1631,7060047060,0.11543700302138789,0.25768032523899803,45,1999,2010
US_chronological_basin,all_candidates,rf,0.0,1634,7060047060,0.16133901010123658,0.20847386488542,45,1999,2010
US_chronological_basin,all_candidates,rf,0.0,1636,7060047060,0.3431055207314706,0.3920362742226719,45,1999,2010
US_chronological_basin,all_candidates,rf,0.0,1645,7060047060,0.4370375957767413,0.38074779977856804,45,1999,2010
US_chronological_basin,all_candidates,rf,0.0,1650,7060047060,0.15935517429417478,0.33717137518791673,45,1999,2010
US_chronological_basin,all_candidates,rf,0.0,1654,7060047060,0.4218435553220696,0.3790279944232078,45,1999,2010
US_chronological_basin,all_candidates,rf,0.0,1655,7060047060,0.2436515966980656,0.32934195814640516,45,1999,2010
US_chronological_basin,all_candidates,rf,0.0,1656,7060047060,0.1692126379774312,0.20847386488542,45,1999,2010
US_chronological_basin,all_candidates,rf,0.0,1683,7060047060,0.39011694488410237,0.3367895520400985,45,1999,2010
US_chronological_basin,all_candidates,rf,0.0,1691,7060047060,0.09129167479621161,0.2081675961235262,45,1999,2010
US_chronological_basin,all_candidates,rf,0.0,1699,7060047060,0.08642534293446677,0.20311352279004777,45,1999,2010
US_chronological_basin,all_candidates,rf,0.0,1703,7060047060,0.6719276083841421,0.4122993356111544,45,1999,2010
US_chronological_basin,all_candidates,rf,0.0,1706,7060047060,0.1311194154359323,0.20841298574872053,45,1999,2010
US_chronological_basin,all_candidates,rf,0.0,1707,7060047060,0.20455684515248346,0.3249083891575563,45,1999,2010
US_chronological_basin,all_candidates,rf,0.0,1709,7060047060,0.07526172636281764,0.20417410111998455,45,1999,2010
US_chronological_basin,all_candidates,rf,0.0,1712,7060047060,0.08719223605780649,0.21255098380374246,45,1999,2010
US_chronological_basin,all_candidates,rf,0.0,1713,7060047060,0.18000550115060232,0.3243694355251685,45,1999,2010
US_chronological_basin,all_candidates,rf,0.0,1714,7060047060,0.2897810133158173,0.3412210033698054,45,1999,2010
US_chronological_basin,all_candidates,rf,0.0,1718,7060047060,0.39473955746223194,0.387272536772632,45,1999,2010
US_chronological_basin,all_candidates,rf,0.0,1723,7060047060,0.1521229922142396,0.21943452953551265,45,1999,2010
US_chronological_basin,all_candidates,rf,0.0,1726,7060047060,0.09003522408520709,0.20841298574872053,45,1999,2010
US_chronological_basin,all_candidates,rf,0.0,1735,7060047060,0.058837077999626425,0.21998419840769054,45,1999,2010
US_chronological_basin,all_candidates,rf,0.0,1739,7060047060,0.2695208573168532,0.333591442236754,45,1999,2010
US_chronological_basin,all_candidates,rf,0.0,1740,7060047060,0.1589239050565217,0.20847386488542,45,1999,2010
US_chronological_basin,all_candidates,rf,0.0,1741,7060047060,0.3146143807409897,0.340468171367389,45,1999,2010
US_chronological_basin,all_candidates,rf,0.0,1742,7060047060,0.07137936169626372,0.20559828355107718,45,1999,2010
US_chronological_basin,all_candidates,rf,0.0,1744,7060047060,0.21324280186253827,0.24984198888588696,45,1999,2010
US_chronological_basin,all_candidates,rf,0.0,1752,7060047060,0.02732428109480984,0.18846044287992808,45,1999,2010
US_chronological_basin,all_candidates,rf,0.0,1753,7060047060,0.03384360187055937,0.18846044287992808,45,1999,2010
US_chronological_basin,all_candidates,rf,0.0,1754,7060047060,0.09361807153219687,0.26235791772040024,45,1999,2010
US_chronological_basin,all_candidates,rf,0.0,1755,7060047060,0.5328497903478746,0.38793041200280143,45,1999,2010
US_chronological_basin,all_candidates,rf,0.0,1756,7060047060,0.3989681966623302,0.39953144376320604,45,1999,2010
US_chronological_basin,all_candidates,rf,0.0,1762,7060047060,0.45114957503417075,0.4016939784284472,45,1999,2010
US_chronological_basin,all_candidates,rf,0.0,1768,7060047060,0.010814949128347996,0.1892049183505014,45,1999,2010
US_chronological_basin,all_candidates,rf,0.0,1775,7060047060,0.32364286594823655,0.3635737423533352,45,1999,2010
US_chronological_basin,all_candidates,rf,0.0,1777,7060047060,0.28909389421808096,0.3298664968976505,45,1999,2010
US_chronological_basin,all_candidates,rf,0.0,1848,7060047060,0.4800253185821163,0.40899657174712845,45,1999,2010
US_chronological_basin,all_candidates,rf,0.0,1864,7060047060,0.5318920034094353,0.40196293417493595,45,1999,2010
US_chronological_basin,all_candidates,rf,0.0,1869,7060047060,0.6181993694029077,0.38617123019764144,45,1999,2010
US_chronological_basin,all_candidates,rf,0.0,300,7060047060,0.5006788204045888,0.4140035809538985,45,1999,2010
US_chronological_basin,all_candidates,rf,0.0,307,7060047060,0.13528669233477014,0.2063744476903153,45,1999,2010
US_chronological_basin,all_candidates,rf,0.0,319,7060047060,0.23720243735094432,0.3408277328312389,45,1999,2010
US_chronological_basin,all_candidates,rf,0.0,355,7060047060,0.12272469188767605,0.19620489722096765,45,1999,2010
US_chronological_basin,all_candidates,rf,0.0,362,7060047060,0.3864645066597572,0.36226598128170534,45,1999,2010
US_chronological_basin,all_candidates,rf,0.0,364,7060047060,0.16167768783006337,0.19620489722096765,45,1999,2010
US_chronological_basin,all_candidates,rf,0.0,368,7060047060,0.4096064798436735,0.39725276028382284,45,1999,2010
US_chronological_basin,all_candidates,rf,0.0,373,7060047060,0.37558580011839665,0.4062516406786783,45,1999,2010
US_chronological_basin,all_candidates,rf,0.0,393,7060047060,0.2235727680227117,0.3061418342517532,45,1999,2010
US_chronological_basin,all_candidates,rf,0.0,398,7060047060,0.2636061818578061,0.31930686838509575,45,1999,2010
US_chronological_basin,all_candidates,rf,0.0,399,7060047060,0.13580253516247806,0.24137842979945934,45,1999,2010
US_chronological_basin,all_candidates,rf,0.0,415,7060047060,0.07439807135004639,0.21483220966496805,45,1999,2010
US_chronological_basin,all_candidates,rf,0.0,416,7060047060,0.18256724140525943,0.1989509397684949,45,1999,2010
US_chronological_basin,all_candidates,rf,0.0,421,7060047060,0.2531768818393909,0.3937951911834808,45,1999,2010
US_chronological_basin,all_candidates,rf,0.0,500,7060047060,0.35710034798351037,0.3946768354955717,45,1999,2010
US_chronological_basin,all_candidates,rf,0.0,505,7060047060,0.23801375600200253,0.2814851772021856,45,1999,2010
US_chronological_basin,all_candidates,rf,0.0,511,7060047060,0.08335690047648478,0.2254798704745664,45,1999,2010
US_chronological_basin,all_candidates,rf,0.0,522,7060047060,0.0714074460062018,0.19667853343427225,45,1999,2010
US_chronological_basin,all_candidates,rf,0.0,529,7060047060,0.2180083634577566,0.32228542553101514,45,1999,2010
US_chronological_basin,all_candidates,rf,0.0,530,7060047060,0.24882530842092745,0.31103326486671184,45,1999,2010
US_chronological_basin,all_candidates,rf,0.0,533,7060047060,0.050322851451944275,0.19620489722096765,45,1999,2010
US_chronological_basin,all_candidates,rf,0.0,7313,7060047060,0.1875167246437205,0.28085933130666424,45,1999,2010
US_chronological_basin,all_candidates,rf,0.0,7318,7060047060,0.011418187875291395,0.19483805012913702,45,1999,2010
US_chronological_basin,all_candidates,rf,0.0,753,7060047060,0.15115842356726944,0.31021912696782894,45,1999,2010
US_chronological_basin,all_candidates,rf,0.0,777,7060047060,0.2787970887167416,0.32094749427069447,45,1999,2010
US_chronological_basin,all_candidates,rf,0.0,780,7060047060,0.44557927107970197,0.4320806085197198,45,1999,2010
US_chronological_basin,all_candidates,rf,0.0,784,7060047060,0.21568170232054204,0.37048207457041515,45,1999,2010
US_chronological_basin,all_candidates,rf,0.0,798,7060047060,0.22989713112567728,0.4204858682606425,45,1999,2010
US_chronological_basin,all_candidates,rf,0.0,837,7060047060,0.1446783707599708,0.41590103686367946,45,1999,2010
US_chronological_basin,all_candidates,rf,0.0,868,7060047060,0.6617214722807061,0.3881921666861097,45,1999,2010
US_chronological_basin,all_candidates,rf,0.0,870,7060047060,0.05728962862512673,0.2696836348326205,45,1999,2010
US_chronological_basin,all_candidates,rf,0.0,882,7060047060,0.07487405610658132,0.1892049183505014,45,1999,2010
US_chronological_basin,all_candidates,rf,0.0,884,7060047060,0.058890091762423005,0.18539453638563838,45,1999,2010
US_chronological_basin,all_candidates,rf,0.0,885,7060047060,0.060213697559366314,0.18675000096021857,45,1999,2010
US_chronological_basin,all_candidates,rf,0.0,893,7060047060,0.3039675883467522,0.4185157293413306,45,1999,2010
US_chronological_basin,all_candidates,rf,0.0,895,7060047060,0.01200902548294359,0.18539093370202145,45,1999,2010
US_chronological_basin,all_candidates,rf,0.0,898,7060047060,0.48096220456095834,0.36837929203771375,45,1999,2010
US_chronological_basin,all_candidates,rf,0.0,920,7060047060,0.009702717289224134,0.1889147808643028,45,1999,2010
US_chronological_basin,all_candidates,rf,0.0,931,7060047060,1.2052396392304092,0.41954665491315213,45,1999,2010
US_chronological_basin,all_candidates,rf,0.0,938,7060047060,0.3968494669462763,0.3968755206119629,45,1999,2010
US_chronological_basin,all_candidates,rf,0.0,939,7060047060,0.4656358493251691,0.4180153761248019,45,1999,2010
US_chronological_basin,all_candidates,rf,0.0,948,7060047060,0.5744564251171721,0.4131477472930532,45,1999,2010
US_chronological_basin,all_candidates,rf,0.0,952,7060047060,0.6166240176032683,0.40666461880582794,45,1999,2010
US_chronological_basin,all_candidates,rf,0.0,956,7060047060,1.1283610390792411,0.4317065094357111,45,1999,2010
US_chronological_basin,all_candidates,rf,1.0,419,7060008710,0.4416205857741654,0.4258867038864973,128,1999,2010
US_chronological_basin,all_candidates,rf,1.0,423,7060008710,0.2609668929402653,0.3431679042808723,128,1999,2010
US_chronological_basin,all_candidates,rf,1.0,445,7060008710,0.22415083691444454,0.2607231854368018,128,1999,2010
US_chronological_basin,all_candidates,rf,1.0,448,7060008710,0.22427414079737434,0.24046108667725824,128,1999,2010
US_chronological_basin,all_candidates,rf,1.0,451,7060008710,0.2142445264803189,0.13383929890176516,128,1999,2010
US_chronological_basin,all_candidates,rf,1.0,469,7060008710,0.46365928111475874,0.4103376491921375,128,1999,2010
US_chronological_basin,all_candidates,rf,1.0,470,7060008710,0.30999258982574807,0.3366443111681859,128,1999,2010
US_chronological_basin,all_candidates,rf,1.0,471,7060008710,0.4998953490670137,0.43444487480207,128,1999,2010
US_chronological_basin,all_candidates,rf,1.0,473,7060008710,0.6126285989726578,0.44632601666472305,128,1999,2010
US_chronological_basin,all_candidates,rf,1.0,488,7060008710,0.2871536416436151,0.3405444147076815,128,1999,2010
US_chronological_basin,all_candidates,rf,1.0,492,7060008710,0.44078265052452215,0.3826272962457796,128,1999,2010
US_chronological_basin,all_candidates,rf,1.0,493,7060008710,0.37871473040641057,0.4762327623852744,128,1999,2010
US_chronological_basin,all_candidates,rf,1.0,497,7060008710,0.24859788496998347,0.35796445766774115,128,1999,2010
US_chronological_basin,all_candidates,rf,1.0,502,7060008710,0.30423695353723224,0.22272267716771194,128,1999,2010
US_chronological_basin,all_candidates,rf,1.0,506,7060008710,0.4850553440011199,0.47172470166408276,128,1999,2010
US_chronological_basin,all_candidates,rf,1.0,509,7060008710,0.0984713136044381,0.25642004029761273,128,1999,2010
US_chronological_basin,all_candidates,rf,1.0,517,7060008710,0.34790247771437327,0.34981434353430063,128,1999,2010
US_chronological_basin,all_candidates,rf,1.0,518,7060008710,0.5128392897293542,0.43163015707973457,128,1999,2010
US_chronological_basin,all_candidates,rf,1.0,531,7060008710,0.1943925982432932,0.25197414091216525,128,1999,2010
US_chronological_basin,all_candidates,rf,1.0,536,7060008710,0.25250797575882156,0.22192764538499912,128,1999,2010
US_chronological_basin,all_candidates,rf,1.0,541,7060008710,0.33728275604082486,0.33679367777708086,128,1999,2010
US_chronological_basin,all_candidates,rf,1.0,542,7060008710,0.01879097640749654,0.07295651161576928,128,1999,2010
US_chronological_basin,all_candidates,rf,1.0,549,7060008710,0.17012783932082837,0.1517375993725515,128,1999,2010
US_chronological_basin,all_candidates,rf,1.0,567,7060008710,0.6561024589795234,0.513776704744208,128,1999,2010
US_chronological_basin,all_candidates,rf,1.0,572,7060008710,0.2545793834791667,0.36089197128064904,128,1999,2010
US_chronological_basin,all_candidates,rf,1.0,574,7060008710,0.3997613582889092,0.4091721156406962,128,1999,2010
US_chronological_basin,all_candidates,rf,1.0,575,7060008710,0.34499177519350743,0.39243896244831533,128,1999,2010
US_chronological_basin,all_candidates,rf,1.0,597,7060008710,0.5041937892767199,0.4013298059117634,128,1999,2010
US_chronological_basin,all_candidates,rf,1.0,601,7060008710,0.39773586974715813,0.4061045402966761,128,1999,2010
US_chronological_basin,all_candidates,rf,2.0,1249,7060048410,1.146030395254913,0.5430183104982853,145,1999,2010
US_chronological_basin,all_candidates,rf,2.0,132,7060013550,0.21980128669475302,0.14493161610980587,145,1999,2010
US_chronological_basin,all_candidates,rf,2.0,133,7060013550,0.07419048047485194,0.06657729854623182,145,1999,2010
US_chronological_basin,all_candidates,rf,2.0,144,7060013550,0.24764945974233324,0.4667534777420379,145,1999,2010
US_chronological_basin,all_candidates,rf,2.0,148,7060013550,0.21978420333248716,0.17983164695047626,145,1999,2010
US_chronological_basin,all_candidates,rf,2.0,168,7060013550,0.06938960549224472,0.093082703952732,145,1999,2010
US_chronological_basin,all_candidates,rf,2.0,1776,7060043090,0.07073662060070428,0.07302459717549953,145,1999,2010
US_chronological_basin,all_candidates,rf,2.0,182,7060013550,0.18126164103477693,0.2109504380833578,145,1999,2010
US_chronological_basin,all_candidates,rf,2.0,185,7060013550,0.7485088847580722,0.5433893659240556,145,1999,2010
US_chronological_basin,all_candidates,rf,2.0,191,7060013550,0.22340545467012612,0.32919283761403695,145,1999,2010
US_chronological_basin,all_candidates,rf,2.0,193,7060013550,0.41543160456193257,0.4984770519143747,145,1999,2010
US_chronological_basin,all_candidates,rf,2.0,198,7060013550,0.3030069769194994,0.33159355938636687,145,1999,2010
US_chronological_basin,all_candidates,rf,2.0,204,7060013550,0.30221711336109347,0.38339861762613103,145,1999,2010
US_chronological_basin,all_candidates,rf,2.0,524,7060073920,0.2800087631552244,0.5218701599926826,145,1999,2010
US_chronological_basin,all_candidates,rf,2.0,585,7060013550,0.3782257121411972,0.36328030477645584,145,1999,2010
US_chronological_basin,all_candidates,rf,2.0,592,7060013550,0.3000093946332669,0.5112520835988976,145,1999,2010
US_chronological_basin,all_candidates,rf,2.0,595,7060013550,0.1074165396122517,0.21067280857941575,145,1999,2010
US_chronological_basin,all_candidates,rf,2.0,600,7060013550,0.29413407063408953,0.3070840751331414,145,1999,2010
US_chronological_basin,all_candidates,rf,2.0,605,7060013550,0.29861646818302395,0.30771973635695943,145,1999,2010
US_chronological_basin,all_candidates,rf,2.0,609,7060013550,0.21927506271712457,0.3557634878039295,145,1999,2010
US_chronological_basin,all_candidates,rf,2.0,612,7060013550,0.10733503940308617,0.16335494223930438,145,1999,2010
US_chronological_basin,all_candidates,rf,3.0,1086,7060049270,1.068890884705972,0.4629935490411084,132,1999,2010
US_chronological_basin,all_candidates,rf,3.0,131,7060014200,0.3069620663884905,0.3120019275375072,132,1999,2010
US_chronological_basin,all_candidates,rf,3.0,1761,7060042310,0.2589475273602554,0.18923068940575455,132,1999,2010
US_chronological_basin,all_candidates,rf,3.0,1879,7060043160,0.5783266087608062,0.4202288171467003,132,1999,2010
US_chronological_basin,all_candidates,rf,3.0,310,7060014930,0.06025614607528096,0.08441021787859393,132,1999,2010
US_chronological_basin,all_candidates,rf,3.0,316,7060014930,0.22208480543124837,0.19939119134813674,132,1999,2010
US_chronological_basin,all_candidates,rf,3.0,361,7060014930,0.10503189579573496,0.157345358212872,132,1999,2010
US_chronological_basin,all_candidates,rf,3.0,367,7060014930,0.2686097219279892,0.3610815978905921,132,1999,2010
US_chronological_basin,all_candidates,rf,3.0,372,7060014930,0.30493644885189647,0.3489384486149128,132,1999,2010
US_chronological_basin,all_candidates,rf,3.0,378,7060014930,0.6498951178353334,0.5052775103759353,132,1999,2010
US_chronological_basin,all_candidates,rf,3.0,384,7060014930,0.3093526199502241,0.31587007000795475,132,1999,2010
US_chronological_basin,all_candidates,rf,3.0,386,7060014930,0.5767595458015282,0.49607793607605905,132,1999,2010
US_chronological_basin,all_candidates,rf,3.0,390,7060014930,0.30712394890011324,0.3594802596872042,132,1999,2010
US_chronological_basin,all_candidates,rf,3.0,391,7060014930,0.11565386794679762,0.1399063010266781,132,1999,2010
US_chronological_basin,all_candidates,rf,3.0,41,7060016090,0.30634850007316333,0.3034826880530855,132,1999,2010
US_chronological_basin,all_candidates,rf,3.0,413,7060014930,0.014957428854622506,0.08625613092633427,132,1999,2010
US_chronological_basin,all_candidates,rf,3.0,42,7060016090,0.3638214534858144,0.3552364760642293,132,1999,2010
US_chronological_basin,all_candidates,rf,3.0,55,7060014930,0.2791408868597332,0.3138013221022003,132,1999,2010
US_chronological_basin,all_candidates,rf,3.0,57,7060014930,0.3399568096450151,0.348860634941319,132,1999,2010
US_chronological_basin,all_candidates,rf,3.0,60,7060014930,0.20260488753198175,0.23492806495601443,132,1999,2010
US_chronological_basin,all_candidates,rf,3.0,63,7060014930,0.2699904997815742,0.33553153534411073,132,1999,2010
US_chronological_basin,all_candidates,rf,4.0,114,7060014340,0.28535177249533317,0.3869933927156793,140,1999,2010
US_chronological_basin,all_candidates,rf,4.0,1151,7060047970,0.5378042545337158,0.45370446366065315,140,1999,2010
US_chronological_basin,all_candidates,rf,4.0,1237,7060047970,0.6223175503941138,0.5137253374739644,140,1999,2010
US_chronological_basin,all_candidates,rf,4.0,169,7060013560,0.5336578409890409,0.4968301204709348,140,1999,2010
US_chronological_basin,all_candidates,rf,4.0,1782,7060042740,0.3737584223939941,0.35456079843318783,140,1999,2010
US_chronological_basin,all_candidates,rf,4.0,1796,7060042940,0.295998043259922,0.17871368976559157,140,1999,2010
US_chronological_basin,all_candidates,rf,4.0,180,7060013560,0.5874000740573897,0.4662041884389973,140,1999,2010
US_chronological_basin,all_candidates,rf,4.0,1851,7060043500,0.12392692879677136,0.15046702735511638,140,1999,2010
US_chronological_basin,all_candidates,rf,4.0,1872,7060043500,0.18369572271036105,0.1967183998020598,140,1999,2010
US_chronological_basin,all_candidates,rf,4.0,1883,7060043640,0.25082374609997554,0.21315759728377892,140,1999,2010
US_chronological_basin,all_candidates,rf,4.0,223,7060013180,0.2850384019360485,0.2374048802922586,140,1999,2010
US_chronological_basin,all_candidates,rf,4.0,292,7060022240,0.44723456836304515,0.3514270830042973,140,1999,2010
US_chronological_basin,all_candidates,rf,4.0,431,7060073620,0.15755469955653978,0.18475765516814313,140,1999,2010
US_chronological_basin,all_candidates,rf,4.0,438,7060073620,0.32055745003979785,0.3101709653887344,140,1999,2010
US_chronological_basin,all_candidates,rf,4.0,442,7060073620,0.2880753880040633,0.32704676096625507,140,1999,2010
US_chronological_basin,all_candidates,rf,4.0,449,7060073620,0.426066484362956,0.4239167891114966,140,1999,2010
US_chronological_basin,all_candidates,rf,4.0,450,7060073620,0.36595865847699555,0.36563777933211944,140,1999,2010
US_chronological_basin,all_candidates,rf,4.0,456,7060073620,0.2640694177067812,0.23356552980902837,140,1999,2010
US_chronological_basin,all_candidates,rf,4.0,467,7060073620,0.5066104513145996,0.4162979032355564,140,1999,2010
US_chronological_basin,all_candidates,rf,4.0,477,7060073620,0.26184984754607177,0.27076176878028624,140,1999,2010
US_chronological_basin,all_candidates,rf,4.0,7308,7060043500,0.1498584901974067,0.12335162547007497,140,1999,2010
US_to_BR_retrospective,all_candidates,rf,,1131,6060007000,0.03900697047485797,0.10141115270422735,147,1999,2010
US_to_BR_retrospective,all_candidates,rf,,1145,6060011780,0.9429708577848885,0.15681194217725494,147,1999,2010
US_to_BR_retrospective,all_candidates,rf,,1146,6060011780,0.013958834376054552,0.1521805893251326,147,1999,2010
US_to_BR_retrospective,all_candidates,rf,,1147,6060011780,0.015538399829905177,0.07759499007211035,147,1999,2010
US_to_BR_retrospective,all_candidates,rf,,1154,6060016970,0.48258478754930234,0.5426787107344352,147,1999,2010
US_to_BR_retrospective,all_candidates,rf,,1165,6060016970,0.05479982376369222,0.09047925929428265,147,1999,2010
US_to_BR_retrospective,all_candidates,rf,,1166,6060016970,0.014522934335615542,0.06087406492409652,147,1999,2010
US_to_BR_retrospective,all_candidates,rf,,1167,6060016970,0.03264110433035375,0.06230791200563989,147,1999,2010
US_to_BR_retrospective,all_candidates,rf,,1168,6060016970,0.004896246633112871,0.06087736644686556,147,1999,2010
US_to_BR_retrospective,all_candidates,rf,,1169,6060016970,0.013041530056196318,0.061847002855804425,147,1999,2010
US_to_BR_retrospective,all_candidates,rf,,1170,6060016970,0.03804636339214665,0.06131027923487866,147,1999,2010
US_to_BR_retrospective,all_candidates,rf,,1174,6060016970,0.06398807783334522,0.13989306866761614,147,1999,2010
US_to_BR_retrospective,all_candidates,rf,,1175,6060016970,0.2278760279754066,0.21656105538643747,147,1999,2010
US_to_BR_retrospective,all_candidates,rf,,1176,6060016970,0.00962361517368614,0.0675019497888159,147,1999,2010
US_to_BR_retrospective,all_candidates,rf,,1177,6060016970,0.010775039562047502,0.06674140871805882,147,1999,2010
US_to_BR_retrospective,all_candidates,rf,,1178,6060013750,0.06968261547283974,0.08376590102908887,147,1999,2010
US_to_BR_retrospective,all_candidates,rf,,1179,6060016970,0.009002203183222915,0.06038412483318682,147,1999,2010
US_to_BR_retrospective,all_candidates,rf,,1182,6060016970,0.003226682132372223,0.06320058687591751,147,1999,2010
US_to_BR_retrospective,all_candidates,rf,,1183,6060016970,0.006194988409264891,0.05995121204517372,147,1999,2010
US_to_BR_retrospective,all_candidates,rf,,1186,6060013750,0.22028708651873619,0.1911604485582071,147,1999,2010
US_to_BR_retrospective,all_candidates,rf,,1187,6060013750,0.05586008482184328,0.07093948902008024,147,1999,2010
US_to_BR_retrospective,all_candidates,rf,,1191,6060016970,0.453581512388476,0.4646491460380403,147,1999,2010
US_to_BR_retrospective,all_candidates,rf,,1192,6060016970,0.25037268751853164,0.339498977759147,147,1999,2010
US_to_BR_retrospective,all_candidates,rf,,1195,6060016970,0.017870733285531043,0.06107595876173212,147,1999,2010
US_to_BR_retrospective,all_candidates,rf,,1196,6060016970,0.02853172397064381,0.06083129535048767,147,1999,2010
US_to_BR_retrospective,all_candidates,rf,,1198,6060016970,0.17937642630030817,0.15618549948569171,147,1999,2010
US_to_BR_retrospective,all_candidates,rf,,1199,6060016760,0.04634934107003942,0.09798434567039516,147,1999,2010
US_to_BR_retrospective,all_candidates,rf,,1200,6060016760,0.0717300944791795,0.09868376526000062,147,1999,2010
US_to_BR_retrospective,all_candidates,rf,,1201,6060015560,0.19735753457017197,0.16999378988605846,147,1999,2010
US_to_BR_retrospective,all_candidates,rf,,1202,6060015560,0.04625499102008036,0.06466703911539552,147,1999,2010
US_to_BR_retrospective,all_candidates,rf,,13435,6060013420,0.008285743241785336,0.08773061008429722,147,1999,2010
US_to_BR_retrospective,all_candidates,rf,,13477,6060016970,0.0030196517971885885,0.0613341608371641,147,1999,2010
US_to_BR_retrospective,all_candidates,rf,,197,6060009760,0.14948977772118954,0.13819984274683533,147,1999,2010
US_to_BR_retrospective,all_candidates,rf,,198,6060011780,0.016513504671146834,0.08236408968049082,147,1999,2010
US_to_BR_retrospective,all_candidates,rf,,201,6060007950,0.02581436086770112,0.20759735184624478,147,1999,2010
US_to_BR_retrospective,all_candidates,rf,,202,6060007950,0.3440314527118721,0.36469022831367404,147,1999,2010
US_to_BR_retrospective,all_candidates,rf,,203,6060011780,0.36738124882113904,0.40833605745528423,147,1999,2010
US_to_BR_retrospective,all_candidates,rf,,204,6060016970,0.20186030341636904,0.12003868227309217,147,1999,2010
US_to_BR_retrospective,all_candidates,rf,,205,6060016970,0.126467830862241,0.25552025793054745,147,1999,2010
US_to_BR_retrospective,all_candidates,rf,,206,6060016970,0.0531391459024513,0.06346708481177235,147,1999,2010
US_to_BR_retrospective,all_candidates,rf,,207,6060016970,0.20904500872834825,0.2295280087534647,147,1999,2010
US_to_BR_retrospective,all_candidates,rf,,208,6060016970,0.035571482680546364,0.0792194519643777,147,1999,2010
US_to_BR_retrospective,all_candidates,rf,,209,6060016970,0.014402877168111495,0.06087736644686556,147,1999,2010
US_to_BR_retrospective,all_candidates,rf,,210,6060016970,0.024608854652394346,0.06087736644686556,147,1999,2010
US_to_BR_retrospective,all_candidates,rf,,211,6060016970,0.0375761424301017,0.06376413418048746,147,1999,2010
US_to_BR_retrospective,all_candidates,rf,,212,6060016970,0.03178008471686694,0.07039813391249602,147,1999,2010
US_to_BR_retrospective,all_candidates,rf,,213,6060016970,0.13153628533706824,0.06426257894808494,147,1999,2010
US_to_BR_retrospective,all_candidates,rf,,214,6060016970,0.21844301389331183,0.24110827649630256,147,1999,2010
US_to_BR_retrospective,all_candidates,rf,,215,6060016970,0.00644735468627297,0.06087736644686556,147,1999,2010
US_to_BR_retrospective,all_candidates,rf,,216,6060016970,0.013416882873603873,0.05994791052240469,147,1999,2010
US_to_BR_retrospective,all_candidates,rf,,217,6060016970,0.05699435179103193,0.08807435401079668,147,1999,2010
US_to_BR_retrospective,all_candidates,rf,,218,6060016970,0.12840257330509575,0.15481373412029675,147,1999,2010
US_to_BR_retrospective,all_candidates,rf,,219,6060016970,0.015373456822749244,0.05995121204517372,147,1999,2010
US_to_BR_retrospective,all_candidates,rf,,220,6060016970,0.06626703546888321,0.10270525543337333,147,1999,2010
US_to_BR_retrospective,all_candidates,rf,,221,6060016970,0.08523932220641248,0.07189611685333153,147,1999,2010
US_to_BR_retrospective,all_candidates,rf,,222,6060016970,0.14688711243057964,0.14118124510743016,147,1999,2010
US_to_BR_retrospective,all_candidates,rf,,223,6060013750,0.2093873097513461,0.14204396180285514,147,1999,2010
US_to_BR_retrospective,all_candidates,rf,,225,6060016970,0.025973868472902645,0.06069630084303783,147,1999,2010
US_to_BR_retrospective,all_candidates,rf,,226,6060016970,0.03390302738565481,0.06597391321238634,147,1999,2010
US_to_BR_retrospective,all_candidates,rf,,228,6060016760,0.24050080923475659,0.3453330647601276,147,1999,2010
US_to_BR_retrospective,all_candidates,rf,,229,6060015560,0.1344295002452387,0.24241144738092438,147,1999,2010
US_to_BR_retrospective,all_candidates,rf,,26,6060007950,0.1610421735228621,0.19311460788005852,147,1999,2010
US_to_BR_retrospective,all_candidates,rf,,27,6060011780,0.21935146682547693,0.34298956740172537,147,1999,2010
US_to_BR_retrospective,all_candidates,rf,,28,6060016970,0.015760179377250473,0.06087736644686556,147,1999,2010
US_to_BR_retrospective,all_candidates,rf,,28512,6060016970,0.005104449711395079,0.06135223424718156,147,1999,2010
US_to_BR_retrospective,all_candidates,rf,,29,6060016970,0.009394395687515482,0.061012701523668646,147,1999,2010
US_to_BR_retrospective,all_candidates,rf,,30,6060016970,0.01456099573533467,0.05995121204517372,147,1999,2010
US_to_BR_retrospective,all_candidates,rf,,3464,6060013420,0.0025825778702569433,0.08778644236230114,147,1999,2010
US_to_BR_retrospective,all_candidates,rf,,3472,6060016970,0.004403564873833402,0.05995121204517372,147,1999,2010
US_to_BR_retrospective,all_candidates,rf,,3481,6060014460,0.19810039108073807,0.15996719181446675,147,1999,2010
US_to_BR_retrospective,all_candidates,rf,,3483,6060016970,0.6851183600961861,0.2078145475369033,147,1999,2010
US_to_BR_retrospective,all_candidates,rf,,3486,6060016760,0.03905854412862557,0.08630602816265207,147,1999,2010
US_to_BR_retrospective,all_candidates,rf,,3491,6060015560,0.06939218854386633,0.06598479291021135,147,1999,2010
US_to_BR_retrospective,all_candidates,rf,,40670,6060013420,0.041654511143261255,0.09529872589827418,147,1999,2010
US_to_BR_retrospective,all_candidates,rf,,40862,6060013430,0.008525533835218731,0.0950061242899878,147,1999,2010
US_to_BR_retrospective,all_candidates,rf,,41066,6060015560,0.004850844396302088,0.10236267916538759,147,1999,2010
US_to_BR_retrospective,all_candidates,rf,,6874,6060016760,0.33142262222548674,0.1544068991112726,147,1999,2010
US_to_BR_retrospective,all_candidates,rf,,6875,6060016970,0.020580097384573046,0.07745016168363794,147,1999,2010
US_to_BR_retrospective,all_candidates,rf,,6878,6060007950,0.18692196450990484,0.08047268964213991,147,1999,2010
US_to_BR_retrospective,all_candidates,rf,,6879,6060016760,0.015110566936432878,0.08065953527073004,147,1999,2010
US_to_BR_retrospective,all_candidates,rf,,6883,6060007950,0.020077496945917213,0.16118199702015323,147,1999,2010
US_to_BR_retrospective,all_candidates,rf,,7256,6060016970,0.029625151112564512,0.061379112737232094,147,1999,2010
US_to_BR_retrospective,all_candidates,rf,,7257,6060016970,0.033195674674368486,0.061379112737232094,147,1999,2010
US_to_BR_retrospective,all_candidates,rf,,7259,6060016970,0.021801070557343774,0.07745016168363794,147,1999,2010
US_to_BR_retrospective,all_candidates,rf,,7263,6060015560,0.015137687511056529,0.09617810808670896,147,1999,2010
US_to_BR_retrospective,all_candidates,rf,,7270,6060016970,2.9466869428392818e-05,0.05995121204517372,147,1999,2010
US_to_BR_retrospective,all_candidates,rf,,7274,6060016760,0.07253846404867197,0.09310935328864897,147,1999,2010
US_to_BR_retrospective,all_candidates,rf,,7424,6060015560,0.009991483589237384,0.10160776572458233,147,1999,2010
US_to_BR_retrospective,all_candidates,rf,,8393,6060016970,0.0023328943737665427,0.06872369917692041,147,1999,2010
US_to_BR_retrospective,all_candidates,rf,,8396,6060016970,0.007418562814269232,0.06495102754228049,147,1999,2010
US_to_BR_retrospective,all_candidates,rf,,8448,6060015560,0.009136195841869895,0.06455424735143701,147,1999,2010
US_chronological_basin,exclude_screen_flags,mean,0.0,1017,7060047060,0.3767102226800422,0.3167135474398663,44,1999,2010
US_chronological_basin,exclude_screen_flags,mean,0.0,1026,7060047060,0.25625519090176824,0.3167135474398663,44,1999,2010
US_chronological_basin,exclude_screen_flags,mean,0.0,1033,7060047060,0.3421777595752805,0.3167135474398663,44,1999,2010
US_chronological_basin,exclude_screen_flags,mean,0.0,1036,7060047060,0.1994634532561202,0.3167135474398663,44,1999,2010
US_chronological_basin,exclude_screen_flags,mean,0.0,1042,7060047060,0.3086252424534333,0.3167135474398663,44,1999,2010
US_chronological_basin,exclude_screen_flags,mean,0.0,1067,7060047060,0.5998478490301629,0.3167135474398663,44,1999,2010
US_chronological_basin,exclude_screen_flags,mean,0.0,1092,7060047060,0.5538973189418028,0.3167135474398663,44,1999,2010
US_chronological_basin,exclude_screen_flags,mean,0.0,1101,7060047060,0.5732890822190376,0.3167135474398663,44,1999,2010
US_chronological_basin,exclude_screen_flags,mean,0.0,1112,7060047060,0.45299004517635705,0.3167135474398663,44,1999,2010
US_chronological_basin,exclude_screen_flags,mean,0.0,1121,7060047060,0.29573686102470564,0.3167135474398663,44,1999,2010
US_chronological_basin,exclude_screen_flags,mean,0.0,1122,7060047060,0.4731408184743925,0.3167135474398663,44,1999,2010
US_chronological_basin,exclude_screen_flags,mean,0.0,1125,7060047060,0.29573686102470564,0.3167135474398663,44,1999,2010
US_chronological_basin,exclude_screen_flags,mean,0.0,1127,7060047060,0.5284257833617235,0.3167135474398663,44,1999,2010
US_chronological_basin,exclude_screen_flags,mean,0.0,1192,7060047060,0.15622551667530427,0.3167135474398663,44,1999,2010
US_chronological_basin,exclude_screen_flags,mean,0.0,1586,7060047060,0.10090961354906709,0.3167135474398663,44,1999,2010
US_chronological_basin,exclude_screen_flags,mean,0.0,1587,7060047060,0.2531868046723131,0.3167135474398663,44,1999,2010
US_chronological_basin,exclude_screen_flags,mean,0.0,1592,7060047060,0.32577126117645455,0.3167135474398663,44,1999,2010
US_chronological_basin,exclude_screen_flags,mean,0.0,1595,7060047060,0.09734368127010831,0.3167135474398663,44,1999,2010
US_chronological_basin,exclude_screen_flags,mean,0.0,1600,7060047060,0.1485302141903988,0.3167135474398663,44,1999,2010
US_chronological_basin,exclude_screen_flags,mean,0.0,1617,7060047060,0.24687425297109888,0.3167135474398663,44,1999,2010
US_chronological_basin,exclude_screen_flags,mean,0.0,1619,7060047060,0.13245760053603373,0.3167135474398663,44,1999,2010
US_chronological_basin,exclude_screen_flags,mean,0.0,1620,7060047060,0.26035611659680125,0.3167135474398663,44,1999,2010
US_chronological_basin,exclude_screen_flags,mean,0.0,1631,7060047060,0.11543700302138789,0.3167135474398663,44,1999,2010
US_chronological_basin,exclude_screen_flags,mean,0.0,1634,7060047060,0.16133901010123658,0.3167135474398663,44,1999,2010
US_chronological_basin,exclude_screen_flags,mean,0.0,1636,7060047060,0.3431055207314706,0.3167135474398663,44,1999,2010
US_chronological_basin,exclude_screen_flags,mean,0.0,1645,7060047060,0.4370375957767413,0.3167135474398663,44,1999,2010
US_chronological_basin,exclude_screen_flags,mean,0.0,1650,7060047060,0.15935517429417478,0.3167135474398663,44,1999,2010
US_chronological_basin,exclude_screen_flags,mean,0.0,1654,7060047060,0.4218435553220696,0.3167135474398663,44,1999,2010
US_chronological_basin,exclude_screen_flags,mean,0.0,1655,7060047060,0.2436515966980656,0.3167135474398663,44,1999,2010
US_chronological_basin,exclude_screen_flags,mean,0.0,1656,7060047060,0.1692126379774312,0.3167135474398663,44,1999,2010
US_chronological_basin,exclude_screen_flags,mean,0.0,1683,7060047060,0.39011694488410237,0.3167135474398663,44,1999,2010
US_chronological_basin,exclude_screen_flags,mean,0.0,1691,7060047060,0.09129167479621161,0.3167135474398663,44,1999,2010
US_chronological_basin,exclude_screen_flags,mean,0.0,1699,7060047060,0.08642534293446677,0.3167135474398663,44,1999,2010
US_chronological_basin,exclude_screen_flags,mean,0.0,1703,7060047060,0.6719276083841421,0.3167135474398663,44,1999,2010
US_chronological_basin,exclude_screen_flags,mean,0.0,1706,7060047060,0.1311194154359323,0.3167135474398663,44,1999,2010
US_chronological_basin,exclude_screen_flags,mean,0.0,1707,7060047060,0.20455684515248346,0.3167135474398663,44,1999,2010
US_chronological_basin,exclude_screen_flags,mean,0.0,1709,7060047060,0.07526172636281764,0.3167135474398663,44,1999,2010
US_chronological_basin,exclude_screen_flags,mean,0.0,1712,7060047060,0.08719223605780649,0.3167135474398663,44,1999,2010
US_chronological_basin,exclude_screen_flags,mean,0.0,1713,7060047060,0.18000550115060232,0.3167135474398663,44,1999,2010
US_chronological_basin,exclude_screen_flags,mean,0.0,1714,7060047060,0.2897810133158173,0.3167135474398663,44,1999,2010
US_chronological_basin,exclude_screen_flags,mean,0.0,1718,7060047060,0.39473955746223194,0.3167135474398663,44,1999,2010
US_chronological_basin,exclude_screen_flags,mean,0.0,1723,7060047060,0.1521229922142396,0.3167135474398663,44,1999,2010
US_chronological_basin,exclude_screen_flags,mean,0.0,1726,7060047060,0.09003522408520709,0.3167135474398663,44,1999,2010
US_chronological_basin,exclude_screen_flags,mean,0.0,1735,7060047060,0.058837077999626425,0.3167135474398663,44,1999,2010
US_chronological_basin,exclude_screen_flags,mean,0.0,1739,7060047060,0.2695208573168532,0.3167135474398663,44,1999,2010
US_chronological_basin,exclude_screen_flags,mean,0.0,1740,7060047060,0.1589239050565217,0.3167135474398663,44,1999,2010
US_chronological_basin,exclude_screen_flags,mean,0.0,1741,7060047060,0.3146143807409897,0.3167135474398663,44,1999,2010
US_chronological_basin,exclude_screen_flags,mean,0.0,1742,7060047060,0.07137936169626372,0.3167135474398663,44,1999,2010
US_chronological_basin,exclude_screen_flags,mean,0.0,1744,7060047060,0.21324280186253827,0.3167135474398663,44,1999,2010
US_chronological_basin,exclude_screen_flags,mean,0.0,1752,7060047060,0.02732428109480984,0.3167135474398663,44,1999,2010
US_chronological_basin,exclude_screen_flags,mean,0.0,1753,7060047060,0.03384360187055937,0.3167135474398663,44,1999,2010
US_chronological_basin,exclude_screen_flags,mean,0.0,1754,7060047060,0.09361807153219687,0.3167135474398663,44,1999,2010
US_chronological_basin,exclude_screen_flags,mean,0.0,1755,7060047060,0.5328497903478746,0.3167135474398663,44,1999,2010
US_chronological_basin,exclude_screen_flags,mean,0.0,1756,7060047060,0.3989681966623302,0.3167135474398663,44,1999,2010
US_chronological_basin,exclude_screen_flags,mean,0.0,1762,7060047060,0.45114957503417075,0.3167135474398663,44,1999,2010
US_chronological_basin,exclude_screen_flags,mean,0.0,1768,7060047060,0.010814949128347996,0.3167135474398663,44,1999,2010
US_chronological_basin,exclude_screen_flags,mean,0.0,1775,7060047060,0.32364286594823655,0.3167135474398663,44,1999,2010
US_chronological_basin,exclude_screen_flags,mean,0.0,1777,7060047060,0.28909389421808096,0.3167135474398663,44,1999,2010
US_chronological_basin,exclude_screen_flags,mean,0.0,1848,7060047060,0.4800253185821163,0.3167135474398663,44,1999,2010
US_chronological_basin,exclude_screen_flags,mean,0.0,1864,7060047060,0.5318920034094353,0.3167135474398663,44,1999,2010
US_chronological_basin,exclude_screen_flags,mean,0.0,1869,7060047060,0.6181993694029077,0.3167135474398663,44,1999,2010
US_chronological_basin,exclude_screen_flags,mean,0.0,300,7060047060,0.5006788204045888,0.3167135474398663,44,1999,2010
US_chronological_basin,exclude_screen_flags,mean,0.0,307,7060047060,0.13528669233477014,0.3167135474398663,44,1999,2010
US_chronological_basin,exclude_screen_flags,mean,0.0,319,7060047060,0.23720243735094432,0.3167135474398663,44,1999,2010
US_chronological_basin,exclude_screen_flags,mean,0.0,355,7060047060,0.12272469188767605,0.3167135474398663,44,1999,2010
US_chronological_basin,exclude_screen_flags,mean,0.0,362,7060047060,0.3864645066597572,0.3167135474398663,44,1999,2010
US_chronological_basin,exclude_screen_flags,mean,0.0,364,7060047060,0.16167768783006337,0.3167135474398663,44,1999,2010
US_chronological_basin,exclude_screen_flags,mean,0.0,368,7060047060,0.4096064798436735,0.3167135474398663,44,1999,2010
US_chronological_basin,exclude_screen_flags,mean,0.0,373,7060047060,0.37558580011839665,0.3167135474398663,44,1999,2010
US_chronological_basin,exclude_screen_flags,mean,0.0,393,7060047060,0.2235727680227117,0.3167135474398663,44,1999,2010
US_chronological_basin,exclude_screen_flags,mean,0.0,398,7060047060,0.2636061818578061,0.3167135474398663,44,1999,2010
US_chronological_basin,exclude_screen_flags,mean,0.0,399,7060047060,0.13580253516247806,0.3167135474398663,44,1999,2010
US_chronological_basin,exclude_screen_flags,mean,0.0,415,7060047060,0.07439807135004639,0.3167135474398663,44,1999,2010
US_chronological_basin,exclude_screen_flags,mean,0.0,416,7060047060,0.18256724140525943,0.3167135474398663,44,1999,2010
US_chronological_basin,exclude_screen_flags,mean,0.0,421,7060047060,0.2531768818393909,0.3167135474398663,44,1999,2010
US_chronological_basin,exclude_screen_flags,mean,0.0,500,7060047060,0.35710034798351037,0.3167135474398663,44,1999,2010
US_chronological_basin,exclude_screen_flags,mean,0.0,505,7060047060,0.23801375600200253,0.3167135474398663,44,1999,2010
US_chronological_basin,exclude_screen_flags,mean,0.0,511,7060047060,0.08335690047648478,0.3167135474398663,44,1999,2010
US_chronological_basin,exclude_screen_flags,mean,0.0,522,7060047060,0.0714074460062018,0.3167135474398663,44,1999,2010
US_chronological_basin,exclude_screen_flags,mean,0.0,529,7060047060,0.2180083634577566,0.3167135474398663,44,1999,2010
US_chronological_basin,exclude_screen_flags,mean,0.0,530,7060047060,0.24882530842092745,0.3167135474398663,44,1999,2010
US_chronological_basin,exclude_screen_flags,mean,0.0,533,7060047060,0.050322851451944275,0.3167135474398663,44,1999,2010
US_chronological_basin,exclude_screen_flags,mean,0.0,7313,7060047060,0.1875167246437205,0.3167135474398663,44,1999,2010
US_chronological_basin,exclude_screen_flags,mean,0.0,7318,7060047060,0.011418187875291395,0.3167135474398663,44,1999,2010
US_chronological_basin,exclude_screen_flags,mean,0.0,753,7060047060,0.15115842356726944,0.3167135474398663,44,1999,2010
US_chronological_basin,exclude_screen_flags,mean,0.0,777,7060047060,0.2787970887167416,0.3167135474398663,44,1999,2010
US_chronological_basin,exclude_screen_flags,mean,0.0,780,7060047060,0.44557927107970197,0.3167135474398663,44,1999,2010
US_chronological_basin,exclude_screen_flags,mean,0.0,784,7060047060,0.21568170232054204,0.3167135474398663,44,1999,2010
US_chronological_basin,exclude_screen_flags,mean,0.0,798,7060047060,0.22989713112567728,0.3167135474398663,44,1999,2010
US_chronological_basin,exclude_screen_flags,mean,0.0,837,7060047060,0.1446783707599708,0.3167135474398663,44,1999,2010
US_chronological_basin,exclude_screen_flags,mean,0.0,868,7060047060,0.6617214722807061,0.3167135474398663,44,1999,2010
US_chronological_basin,exclude_screen_flags,mean,0.0,870,7060047060,0.05728962862512673,0.3167135474398663,44,1999,2010
US_chronological_basin,exclude_screen_flags,mean,0.0,882,7060047060,0.07487405610658132,0.3167135474398663,44,1999,2010
US_chronological_basin,exclude_screen_flags,mean,0.0,884,7060047060,0.058890091762423005,0.3167135474398663,44,1999,2010
US_chronological_basin,exclude_screen_flags,mean,0.0,885,7060047060,0.060213697559366314,0.3167135474398663,44,1999,2010
US_chronological_basin,exclude_screen_flags,mean,0.0,893,7060047060,0.3039675883467522,0.3167135474398663,44,1999,2010
US_chronological_basin,exclude_screen_flags,mean,0.0,895,7060047060,0.01200902548294359,0.3167135474398663,44,1999,2010
US_chronological_basin,exclude_screen_flags,mean,0.0,898,7060047060,0.48096220456095834,0.3167135474398663,44,1999,2010
US_chronological_basin,exclude_screen_flags,mean,0.0,920,7060047060,0.009702717289224134,0.3167135474398663,44,1999,2010
US_chronological_basin,exclude_screen_flags,mean,0.0,931,7060047060,1.2052396392304092,0.3167135474398663,44,1999,2010
US_chronological_basin,exclude_screen_flags,mean,0.0,938,7060047060,0.3968494669462763,0.3167135474398663,44,1999,2010
US_chronological_basin,exclude_screen_flags,mean,0.0,939,7060047060,0.4656358493251691,0.3167135474398663,44,1999,2010
US_chronological_basin,exclude_screen_flags,mean,0.0,948,7060047060,0.5744564251171721,0.3167135474398663,44,1999,2010
US_chronological_basin,exclude_screen_flags,mean,0.0,952,7060047060,0.6166240176032683,0.3167135474398663,44,1999,2010
US_chronological_basin,exclude_screen_flags,mean,1.0,419,7060008710,0.4416205857741654,0.2728839735711935,128,1999,2010
US_chronological_basin,exclude_screen_flags,mean,1.0,423,7060008710,0.2609668929402653,0.2728839735711935,128,1999,2010
US_chronological_basin,exclude_screen_flags,mean,1.0,445,7060008710,0.22415083691444454,0.2728839735711935,128,1999,2010
US_chronological_basin,exclude_screen_flags,mean,1.0,448,7060008710,0.22427414079737434,0.2728839735711935,128,1999,2010
US_chronological_basin,exclude_screen_flags,mean,1.0,451,7060008710,0.2142445264803189,0.2728839735711935,128,1999,2010
US_chronological_basin,exclude_screen_flags,mean,1.0,469,7060008710,0.46365928111475874,0.2728839735711935,128,1999,2010
US_chronological_basin,exclude_screen_flags,mean,1.0,470,7060008710,0.30999258982574807,0.2728839735711935,128,1999,2010
US_chronological_basin,exclude_screen_flags,mean,1.0,471,7060008710,0.4998953490670137,0.2728839735711935,128,1999,2010
US_chronological_basin,exclude_screen_flags,mean,1.0,473,7060008710,0.6126285989726578,0.2728839735711935,128,1999,2010
US_chronological_basin,exclude_screen_flags,mean,1.0,488,7060008710,0.2871536416436151,0.2728839735711935,128,1999,2010
US_chronological_basin,exclude_screen_flags,mean,1.0,492,7060008710,0.44078265052452215,0.2728839735711935,128,1999,2010
US_chronological_basin,exclude_screen_flags,mean,1.0,493,7060008710,0.37871473040641057,0.2728839735711935,128,1999,2010
US_chronological_basin,exclude_screen_flags,mean,1.0,497,7060008710,0.24859788496998347,0.2728839735711935,128,1999,2010
US_chronological_basin,exclude_screen_flags,mean,1.0,502,7060008710,0.30423695353723224,0.2728839735711935,128,1999,2010
US_chronological_basin,exclude_screen_flags,mean,1.0,506,7060008710,0.4850553440011199,0.2728839735711935,128,1999,2010
US_chronological_basin,exclude_screen_flags,mean,1.0,509,7060008710,0.0984713136044381,0.2728839735711935,128,1999,2010
US_chronological_basin,exclude_screen_flags,mean,1.0,517,7060008710,0.34790247771437327,0.2728839735711935,128,1999,2010
US_chronological_basin,exclude_screen_flags,mean,1.0,518,7060008710,0.5128392897293542,0.2728839735711935,128,1999,2010
US_chronological_basin,exclude_screen_flags,mean,1.0,531,7060008710,0.1943925982432932,0.2728839735711935,128,1999,2010
US_chronological_basin,exclude_screen_flags,mean,1.0,536,7060008710,0.25250797575882156,0.2728839735711935,128,1999,2010
US_chronological_basin,exclude_screen_flags,mean,1.0,541,7060008710,0.33728275604082486,0.2728839735711935,128,1999,2010
US_chronological_basin,exclude_screen_flags,mean,1.0,542,7060008710,0.01879097640749654,0.2728839735711935,128,1999,2010
US_chronological_basin,exclude_screen_flags,mean,1.0,549,7060008710,0.17012783932082837,0.2728839735711935,128,1999,2010
US_chronological_basin,exclude_screen_flags,mean,1.0,567,7060008710,0.6561024589795234,0.2728839735711935,128,1999,2010
US_chronological_basin,exclude_screen_flags,mean,1.0,574,7060008710,0.3997613582889092,0.2728839735711935,128,1999,2010
US_chronological_basin,exclude_screen_flags,mean,1.0,575,7060008710,0.34499177519350743,0.2728839735711935,128,1999,2010
US_chronological_basin,exclude_screen_flags,mean,1.0,597,7060008710,0.5041937892767199,0.2728839735711935,128,1999,2010
US_chronological_basin,exclude_screen_flags,mean,1.0,601,7060008710,0.39773586974715813,0.2728839735711935,128,1999,2010
US_chronological_basin,exclude_screen_flags,mean,2.0,131,7060014200,0.3069620663884905,0.2806871111046449,142,1999,2010
US_chronological_basin,exclude_screen_flags,mean,2.0,132,7060013550,0.21980128669475302,0.2806871111046449,142,1999,2010
US_chronological_basin,exclude_screen_flags,mean,2.0,133,7060013550,0.07419048047485194,0.2806871111046449,142,1999,2010
US_chronological_basin,exclude_screen_flags,mean,2.0,148,7060013550,0.21978420333248716,0.2806871111046449,142,1999,2010
US_chronological_basin,exclude_screen_flags,mean,2.0,168,7060013550,0.06938960549224472,0.2806871111046449,142,1999,2010
US_chronological_basin,exclude_screen_flags,mean,2.0,1761,7060042310,0.2589475273602554,0.2806871111046449,142,1999,2010
US_chronological_basin,exclude_screen_flags,mean,2.0,1776,7060043090,0.07073662060070428,0.2806871111046449,142,1999,2010
US_chronological_basin,exclude_screen_flags,mean,2.0,1782,7060042740,0.3737584223939941,0.2806871111046449,142,1999,2010
US_chronological_basin,exclude_screen_flags,mean,2.0,182,7060013550,0.18126164103477693,0.2806871111046449,142,1999,2010
US_chronological_basin,exclude_screen_flags,mean,2.0,185,7060013550,0.7485088847580722,0.2806871111046449,142,1999,2010
US_chronological_basin,exclude_screen_flags,mean,2.0,191,7060013550,0.22340545467012612,0.2806871111046449,142,1999,2010
US_chronological_basin,exclude_screen_flags,mean,2.0,193,7060013550,0.41543160456193257,0.2806871111046449,142,1999,2010
US_chronological_basin,exclude_screen_flags,mean,2.0,198,7060013550,0.3030069769194994,0.2806871111046449,142,1999,2010
US_chronological_basin,exclude_screen_flags,mean,2.0,204,7060013550,0.30221711336109347,0.2806871111046449,142,1999,2010
US_chronological_basin,exclude_screen_flags,mean,2.0,585,7060013550,0.3782257121411972,0.2806871111046449,142,1999,2010
US_chronological_basin,exclude_screen_flags,mean,2.0,592,7060013550,0.3000093946332669,0.2806871111046449,142,1999,2010
US_chronological_basin,exclude_screen_flags,mean,2.0,595,7060013550,0.1074165396122517,0.2806871111046449,142,1999,2010
US_chronological_basin,exclude_screen_flags,mean,2.0,600,7060013550,0.29413407063408953,0.2806871111046449,142,1999,2010
US_chronological_basin,exclude_screen_flags,mean,2.0,605,7060013550,0.29861646818302395,0.2806871111046449,142,1999,2010
US_chronological_basin,exclude_screen_flags,mean,2.0,609,7060013550,0.21927506271712457,0.2806871111046449,142,1999,2010
US_chronological_basin,exclude_screen_flags,mean,2.0,612,7060013550,0.10733503940308617,0.2806871111046449,142,1999,2010
US_chronological_basin,exclude_screen_flags,mean,3.0,1249,7060048410,1.146030395254913,0.2772984116016854,132,1999,2010
US_chronological_basin,exclude_screen_flags,mean,3.0,169,7060013560,0.5336578409890409,0.2772984116016854,132,1999,2010
US_chronological_basin,exclude_screen_flags,mean,3.0,1796,7060042940,0.295998043259922,0.2772984116016854,132,1999,2010
US_chronological_basin,exclude_screen_flags,mean,3.0,180,7060013560,0.5874000740573897,0.2772984116016854,132,1999,2010
US_chronological_basin,exclude_screen_flags,mean,3.0,292,7060022240,0.44723456836304515,0.2772984116016854,132,1999,2010
US_chronological_basin,exclude_screen_flags,mean,3.0,310,7060014930,0.06025614607528096,0.2772984116016854,132,1999,2010
US_chronological_basin,exclude_screen_flags,mean,3.0,316,7060014930,0.22208480543124837,0.2772984116016854,132,1999,2010
US_chronological_basin,exclude_screen_flags,mean,3.0,361,7060014930,0.10503189579573496,0.2772984116016854,132,1999,2010
US_chronological_basin,exclude_screen_flags,mean,3.0,367,7060014930,0.2686097219279892,0.2772984116016854,132,1999,2010
US_chronological_basin,exclude_screen_flags,mean,3.0,372,7060014930,0.30493644885189647,0.2772984116016854,132,1999,2010
US_chronological_basin,exclude_screen_flags,mean,3.0,378,7060014930,0.6498951178353334,0.2772984116016854,132,1999,2010
US_chronological_basin,exclude_screen_flags,mean,3.0,384,7060014930,0.3093526199502241,0.2772984116016854,132,1999,2010
US_chronological_basin,exclude_screen_flags,mean,3.0,386,7060014930,0.5767595458015282,0.2772984116016854,132,1999,2010
US_chronological_basin,exclude_screen_flags,mean,3.0,390,7060014930,0.30712394890011324,0.2772984116016854,132,1999,2010
US_chronological_basin,exclude_screen_flags,mean,3.0,391,7060014930,0.11565386794679762,0.2772984116016854,132,1999,2010
US_chronological_basin,exclude_screen_flags,mean,3.0,413,7060014930,0.014957428854622506,0.2772984116016854,132,1999,2010
US_chronological_basin,exclude_screen_flags,mean,3.0,55,7060014930,0.2791408868597332,0.2772984116016854,132,1999,2010
US_chronological_basin,exclude_screen_flags,mean,3.0,57,7060014930,0.3399568096450151,0.2772984116016854,132,1999,2010
US_chronological_basin,exclude_screen_flags,mean,3.0,60,7060014930,0.20260488753198175,0.2772984116016854,132,1999,2010
US_chronological_basin,exclude_screen_flags,mean,3.0,63,7060014930,0.2699904997815742,0.2772984116016854,132,1999,2010
US_chronological_basin,exclude_screen_flags,mean,4.0,1086,7060049270,1.068890884705972,0.2772041351438223,140,1999,2010
US_chronological_basin,exclude_screen_flags,mean,4.0,114,7060014340,0.28535177249533317,0.2772041351438223,140,1999,2010
US_chronological_basin,exclude_screen_flags,mean,4.0,1151,7060047970,0.5378042545337158,0.2772041351438223,140,1999,2010
US_chronological_basin,exclude_screen_flags,mean,4.0,1237,7060047970,0.6223175503941138,0.2772041351438223,140,1999,2010
US_chronological_basin,exclude_screen_flags,mean,4.0,1851,7060043500,0.12392692879677136,0.2772041351438223,140,1999,2010
US_chronological_basin,exclude_screen_flags,mean,4.0,1872,7060043500,0.18369572271036105,0.2772041351438223,140,1999,2010
US_chronological_basin,exclude_screen_flags,mean,4.0,1879,7060043160,0.5783266087608062,0.2772041351438223,140,1999,2010
US_chronological_basin,exclude_screen_flags,mean,4.0,1883,7060043640,0.25082374609997554,0.2772041351438223,140,1999,2010
US_chronological_basin,exclude_screen_flags,mean,4.0,223,7060013180,0.2850384019360485,0.2772041351438223,140,1999,2010
US_chronological_basin,exclude_screen_flags,mean,4.0,41,7060016090,0.30634850007316333,0.2772041351438223,140,1999,2010
US_chronological_basin,exclude_screen_flags,mean,4.0,42,7060016090,0.3638214534858144,0.2772041351438223,140,1999,2010
US_chronological_basin,exclude_screen_flags,mean,4.0,431,7060073620,0.15755469955653978,0.2772041351438223,140,1999,2010
US_chronological_basin,exclude_screen_flags,mean,4.0,438,7060073620,0.32055745003979785,0.2772041351438223,140,1999,2010
US_chronological_basin,exclude_screen_flags,mean,4.0,442,7060073620,0.2880753880040633,0.2772041351438223,140,1999,2010
US_chronological_basin,exclude_screen_flags,mean,4.0,449,7060073620,0.426066484362956,0.2772041351438223,140,1999,2010
US_chronological_basin,exclude_screen_flags,mean,4.0,450,7060073620,0.36595865847699555,0.2772041351438223,140,1999,2010
US_chronological_basin,exclude_screen_flags,mean,4.0,456,7060073620,0.2640694177067812,0.2772041351438223,140,1999,2010
US_chronological_basin,exclude_screen_flags,mean,4.0,467,7060073620,0.5066104513145996,0.2772041351438223,140,1999,2010
US_chronological_basin,exclude_screen_flags,mean,4.0,477,7060073620,0.26184984754607177,0.2772041351438223,140,1999,2010
US_chronological_basin,exclude_screen_flags,mean,4.0,7308,7060043500,0.1498584901974067,0.2772041351438223,140,1999,2010
US_to_BR_retrospective,exclude_screen_flags,mean,,1131,6060007000,0.03900697047485797,0.2807276546025991,146,1999,2010
US_to_BR_retrospective,exclude_screen_flags,mean,,1145,6060011780,0.9429708577848885,0.2807276546025991,146,1999,2010
US_to_BR_retrospective,exclude_screen_flags,mean,,1146,6060011780,0.013958834376054552,0.2807276546025991,146,1999,2010
US_to_BR_retrospective,exclude_screen_flags,mean,,1147,6060011780,0.015538399829905177,0.2807276546025991,146,1999,2010
US_to_BR_retrospective,exclude_screen_flags,mean,,1154,6060016970,0.48258478754930234,0.2807276546025991,146,1999,2010
US_to_BR_retrospective,exclude_screen_flags,mean,,1165,6060016970,0.05479982376369222,0.2807276546025991,146,1999,2010
US_to_BR_retrospective,exclude_screen_flags,mean,,1166,6060016970,0.014522934335615542,0.2807276546025991,146,1999,2010
US_to_BR_retrospective,exclude_screen_flags,mean,,1167,6060016970,0.03264110433035375,0.2807276546025991,146,1999,2010
US_to_BR_retrospective,exclude_screen_flags,mean,,1168,6060016970,0.004896246633112871,0.2807276546025991,146,1999,2010
US_to_BR_retrospective,exclude_screen_flags,mean,,1169,6060016970,0.013041530056196318,0.2807276546025991,146,1999,2010
US_to_BR_retrospective,exclude_screen_flags,mean,,1170,6060016970,0.03804636339214665,0.2807276546025991,146,1999,2010
US_to_BR_retrospective,exclude_screen_flags,mean,,1174,6060016970,0.06398807783334522,0.2807276546025991,146,1999,2010
US_to_BR_retrospective,exclude_screen_flags,mean,,1175,6060016970,0.2278760279754066,0.2807276546025991,146,1999,2010
US_to_BR_retrospective,exclude_screen_flags,mean,,1176,6060016970,0.00962361517368614,0.2807276546025991,146,1999,2010
US_to_BR_retrospective,exclude_screen_flags,mean,,1177,6060016970,0.010775039562047502,0.2807276546025991,146,1999,2010
US_to_BR_retrospective,exclude_screen_flags,mean,,1178,6060013750,0.06968261547283974,0.2807276546025991,146,1999,2010
US_to_BR_retrospective,exclude_screen_flags,mean,,1179,6060016970,0.009002203183222915,0.2807276546025991,146,1999,2010
US_to_BR_retrospective,exclude_screen_flags,mean,,1182,6060016970,0.003226682132372223,0.2807276546025991,146,1999,2010
US_to_BR_retrospective,exclude_screen_flags,mean,,1183,6060016970,0.006194988409264891,0.2807276546025991,146,1999,2010
US_to_BR_retrospective,exclude_screen_flags,mean,,1186,6060013750,0.22028708651873619,0.2807276546025991,146,1999,2010
US_to_BR_retrospective,exclude_screen_flags,mean,,1187,6060013750,0.05586008482184328,0.2807276546025991,146,1999,2010
US_to_BR_retrospective,exclude_screen_flags,mean,,1191,6060016970,0.453581512388476,0.2807276546025991,146,1999,2010
US_to_BR_retrospective,exclude_screen_flags,mean,,1192,6060016970,0.25037268751853164,0.2807276546025991,146,1999,2010
US_to_BR_retrospective,exclude_screen_flags,mean,,1195,6060016970,0.017870733285531043,0.2807276546025991,146,1999,2010
US_to_BR_retrospective,exclude_screen_flags,mean,,1196,6060016970,0.02853172397064381,0.2807276546025991,146,1999,2010
US_to_BR_retrospective,exclude_screen_flags,mean,,1198,6060016970,0.17937642630030817,0.2807276546025991,146,1999,2010
US_to_BR_retrospective,exclude_screen_flags,mean,,1199,6060016760,0.04634934107003942,0.2807276546025991,146,1999,2010
US_to_BR_retrospective,exclude_screen_flags,mean,,1200,6060016760,0.0717300944791795,0.2807276546025991,146,1999,2010
US_to_BR_retrospective,exclude_screen_flags,mean,,1201,6060015560,0.19735753457017197,0.2807276546025991,146,1999,2010
US_to_BR_retrospective,exclude_screen_flags,mean,,1202,6060015560,0.04625499102008036,0.2807276546025991,146,1999,2010
US_to_BR_retrospective,exclude_screen_flags,mean,,13435,6060013420,0.008285743241785336,0.2807276546025991,146,1999,2010
US_to_BR_retrospective,exclude_screen_flags,mean,,13477,6060016970,0.0030196517971885885,0.2807276546025991,146,1999,2010
US_to_BR_retrospective,exclude_screen_flags,mean,,197,6060009760,0.14948977772118954,0.2807276546025991,146,1999,2010
US_to_BR_retrospective,exclude_screen_flags,mean,,198,6060011780,0.016513504671146834,0.2807276546025991,146,1999,2010
US_to_BR_retrospective,exclude_screen_flags,mean,,201,6060007950,0.02581436086770112,0.2807276546025991,146,1999,2010
US_to_BR_retrospective,exclude_screen_flags,mean,,202,6060007950,0.3440314527118721,0.2807276546025991,146,1999,2010
US_to_BR_retrospective,exclude_screen_flags,mean,,203,6060011780,0.36738124882113904,0.2807276546025991,146,1999,2010
US_to_BR_retrospective,exclude_screen_flags,mean,,204,6060016970,0.20186030341636904,0.2807276546025991,146,1999,2010
US_to_BR_retrospective,exclude_screen_flags,mean,,205,6060016970,0.126467830862241,0.2807276546025991,146,1999,2010
US_to_BR_retrospective,exclude_screen_flags,mean,,206,6060016970,0.0531391459024513,0.2807276546025991,146,1999,2010
US_to_BR_retrospective,exclude_screen_flags,mean,,207,6060016970,0.20904500872834825,0.2807276546025991,146,1999,2010
US_to_BR_retrospective,exclude_screen_flags,mean,,208,6060016970,0.035571482680546364,0.2807276546025991,146,1999,2010
US_to_BR_retrospective,exclude_screen_flags,mean,,209,6060016970,0.014402877168111495,0.2807276546025991,146,1999,2010
US_to_BR_retrospective,exclude_screen_flags,mean,,210,6060016970,0.024608854652394346,0.2807276546025991,146,1999,2010
US_to_BR_retrospective,exclude_screen_flags,mean,,211,6060016970,0.0375761424301017,0.2807276546025991,146,1999,2010
US_to_BR_retrospective,exclude_screen_flags,mean,,212,6060016970,0.03178008471686694,0.2807276546025991,146,1999,2010
US_to_BR_retrospective,exclude_screen_flags,mean,,213,6060016970,0.13153628533706824,0.2807276546025991,146,1999,2010
US_to_BR_retrospective,exclude_screen_flags,mean,,214,6060016970,0.21844301389331183,0.2807276546025991,146,1999,2010
US_to_BR_retrospective,exclude_screen_flags,mean,,215,6060016970,0.00644735468627297,0.2807276546025991,146,1999,2010
US_to_BR_retrospective,exclude_screen_flags,mean,,216,6060016970,0.013416882873603873,0.2807276546025991,146,1999,2010
US_to_BR_retrospective,exclude_screen_flags,mean,,217,6060016970,0.05699435179103193,0.2807276546025991,146,1999,2010
US_to_BR_retrospective,exclude_screen_flags,mean,,218,6060016970,0.12840257330509575,0.2807276546025991,146,1999,2010
US_to_BR_retrospective,exclude_screen_flags,mean,,219,6060016970,0.015373456822749244,0.2807276546025991,146,1999,2010
US_to_BR_retrospective,exclude_screen_flags,mean,,220,6060016970,0.06626703546888321,0.2807276546025991,146,1999,2010
US_to_BR_retrospective,exclude_screen_flags,mean,,221,6060016970,0.08523932220641248,0.2807276546025991,146,1999,2010
US_to_BR_retrospective,exclude_screen_flags,mean,,222,6060016970,0.14688711243057964,0.2807276546025991,146,1999,2010
US_to_BR_retrospective,exclude_screen_flags,mean,,223,6060013750,0.2093873097513461,0.2807276546025991,146,1999,2010
US_to_BR_retrospective,exclude_screen_flags,mean,,225,6060016970,0.025973868472902645,0.2807276546025991,146,1999,2010
US_to_BR_retrospective,exclude_screen_flags,mean,,226,6060016970,0.03390302738565481,0.2807276546025991,146,1999,2010
US_to_BR_retrospective,exclude_screen_flags,mean,,228,6060016760,0.24050080923475659,0.2807276546025991,146,1999,2010
US_to_BR_retrospective,exclude_screen_flags,mean,,229,6060015560,0.1344295002452387,0.2807276546025991,146,1999,2010
US_to_BR_retrospective,exclude_screen_flags,mean,,26,6060007950,0.1610421735228621,0.2807276546025991,146,1999,2010
US_to_BR_retrospective,exclude_screen_flags,mean,,27,6060011780,0.21935146682547693,0.2807276546025991,146,1999,2010
US_to_BR_retrospective,exclude_screen_flags,mean,,28,6060016970,0.015760179377250473,0.2807276546025991,146,1999,2010
US_to_BR_retrospective,exclude_screen_flags,mean,,28512,6060016970,0.005104449711395079,0.2807276546025991,146,1999,2010
US_to_BR_retrospective,exclude_screen_flags,mean,,29,6060016970,0.009394395687515482,0.2807276546025991,146,1999,2010
US_to_BR_retrospective,exclude_screen_flags,mean,,30,6060016970,0.01456099573533467,0.2807276546025991,146,1999,2010
US_to_BR_retrospective,exclude_screen_flags,mean,,3464,6060013420,0.0025825778702569433,0.2807276546025991,146,1999,2010
US_to_BR_retrospective,exclude_screen_flags,mean,,3472,6060016970,0.004403564873833402,0.2807276546025991,146,1999,2010
US_to_BR_retrospective,exclude_screen_flags,mean,,3481,6060014460,0.19810039108073807,0.2807276546025991,146,1999,2010
US_to_BR_retrospective,exclude_screen_flags,mean,,3483,6060016970,0.6851183600961861,0.2807276546025991,146,1999,2010
US_to_BR_retrospective,exclude_screen_flags,mean,,3486,6060016760,0.03905854412862557,0.2807276546025991,146,1999,2010
US_to_BR_retrospective,exclude_screen_flags,mean,,3491,6060015560,0.06939218854386633,0.2807276546025991,146,1999,2010
US_to_BR_retrospective,exclude_screen_flags,mean,,40670,6060013420,0.041654511143261255,0.2807276546025991,146,1999,2010
US_to_BR_retrospective,exclude_screen_flags,mean,,40862,6060013430,0.008525533835218731,0.2807276546025991,146,1999,2010
US_to_BR_retrospective,exclude_screen_flags,mean,,41066,6060015560,0.004850844396302088,0.2807276546025991,146,1999,2010
US_to_BR_retrospective,exclude_screen_flags,mean,,6874,6060016760,0.33142262222548674,0.2807276546025991,146,1999,2010
US_to_BR_retrospective,exclude_screen_flags,mean,,6875,6060016970,0.020580097384573046,0.2807276546025991,146,1999,2010
US_to_BR_retrospective,exclude_screen_flags,mean,,6878,6060007950,0.18692196450990484,0.2807276546025991,146,1999,2010
US_to_BR_retrospective,exclude_screen_flags,mean,,6879,6060016760,0.015110566936432878,0.2807276546025991,146,1999,2010
US_to_BR_retrospective,exclude_screen_flags,mean,,6883,6060007950,0.020077496945917213,0.2807276546025991,146,1999,2010
US_to_BR_retrospective,exclude_screen_flags,mean,,7256,6060016970,0.029625151112564512,0.2807276546025991,146,1999,2010
US_to_BR_retrospective,exclude_screen_flags,mean,,7257,6060016970,0.033195674674368486,0.2807276546025991,146,1999,2010
US_to_BR_retrospective,exclude_screen_flags,mean,,7259,6060016970,0.021801070557343774,0.2807276546025991,146,1999,2010
US_to_BR_retrospective,exclude_screen_flags,mean,,7263,6060015560,0.015137687511056529,0.2807276546025991,146,1999,2010
US_to_BR_retrospective,exclude_screen_flags,mean,,7270,6060016970,2.9466869428392818e-05,0.2807276546025991,146,1999,2010
US_to_BR_retrospective,exclude_screen_flags,mean,,7274,6060016760,0.07253846404867197,0.2807276546025991,146,1999,2010
US_to_BR_retrospective,exclude_screen_flags,mean,,7424,6060015560,0.009991483589237384,0.2807276546025991,146,1999,2010
US_to_BR_retrospective,exclude_screen_flags,mean,,8393,6060016970,0.0023328943737665427,0.2807276546025991,146,1999,2010
US_to_BR_retrospective,exclude_screen_flags,mean,,8396,6060016970,0.007418562814269232,0.2807276546025991,146,1999,2010
US_to_BR_retrospective,exclude_screen_flags,mean,,8448,6060015560,0.009136195841869895,0.2807276546025991,146,1999,2010
US_chronological_basin,exclude_screen_flags,persistence,0.0,1017,7060047060,0.3767102226800422,0.30636326916133255,44,1999,2010
US_chronological_basin,exclude_screen_flags,persistence,0.0,1026,7060047060,0.25625519090176824,0.2570394068809823,44,1999,2010
US_chronological_basin,exclude_screen_flags,persistence,0.0,1033,7060047060,0.3421777595752805,0.3247300730084949,44,1999,2010
US_chronological_basin,exclude_screen_flags,persistence,0.0,1036,7060047060,0.1994634532561202,0.19938486125213073,44,1999,2010
US_chronological_basin,exclude_screen_flags,persistence,0.0,1042,7060047060,0.3086252424534333,0.3547932848921898,44,1999,2010
US_chronological_basin,exclude_screen_flags,persistence,0.0,1067,7060047060,0.5998478490301629,0.5325281058862181,44,1999,2010
US_chronological_basin,exclude_screen_flags,persistence,0.0,1092,7060047060,0.5538973189418028,0.4770320849549008,44,1999,2010
US_chronological_basin,exclude_screen_flags,persistence,0.0,1101,7060047060,0.5732890822190376,0.45531807330083274,44,1999,2010
US_chronological_basin,exclude_screen_flags,persistence,0.0,1112,7060047060,0.45299004517635705,0.34233557028067196,44,1999,2010
US_chronological_basin,exclude_screen_flags,persistence,0.0,1121,7060047060,0.29573686102470564,0.22891617481856583,44,1999,2010
US_chronological_basin,exclude_screen_flags,persistence,0.0,1122,7060047060,0.4731408184743925,0.4134959440304958,44,1999,2010
US_chronological_basin,exclude_screen_flags,persistence,0.0,1125,7060047060,0.29573686102470564,0.22891617481856583,44,1999,2010
US_chronological_basin,exclude_screen_flags,persistence,0.0,1127,7060047060,0.5284257833617235,0.44919491946251394,44,1999,2010
US_chronological_basin,exclude_screen_flags,persistence,0.0,1192,7060047060,0.15622551667530427,0.11184784992534777,44,1999,2010
US_chronological_basin,exclude_screen_flags,persistence,0.0,1586,7060047060,0.10090961354906709,0.13120551636747765,44,1999,2010
US_chronological_basin,exclude_screen_flags,persistence,0.0,1587,7060047060,0.2531868046723131,0.26044997089284855,44,1999,2010
US_chronological_basin,exclude_screen_flags,persistence,0.0,1592,7060047060,0.32577126117645455,0.20533204043906844,44,1999,2010
US_chronological_basin,exclude_screen_flags,persistence,0.0,1595,7060047060,0.09734368127010831,0.034416816662003864,44,1999,2010
US_chronological_basin,exclude_screen_flags,persistence,0.0,1600,7060047060,0.1485302141903988,0.1296322465659805,44,1999,2010
US_chronological_basin,exclude_screen_flags,persistence,0.0,1617,7060047060,0.24687425297109888,0.30142176336420584,44,1999,2010
US_chronological_basin,exclude_screen_flags,persistence,0.0,1619,7060047060,0.13245760053603373,0.22437098640261188,44,1999,2010
US_chronological_basin,exclude_screen_flags,persistence,0.0,1620,7060047060,0.26035611659680125,0.2867891046920065,44,1999,2010
US_chronological_basin,exclude_screen_flags,persistence,0.0,1631,7060047060,0.11543700302138789,0.18237004487820957,44,1999,2010
US_chronological_basin,exclude_screen_flags,persistence,0.0,1634,7060047060,0.16133901010123658,0.13342711254633016,44,1999,2010
US_chronological_basin,exclude_screen_flags,persistence,0.0,1636,7060047060,0.3431055207314706,0.4339507826290104,44,1999,2010
US_chronological_basin,exclude_screen_flags,persistence,0.0,1645,7060047060,0.4370375957767413,0.40500646016277186,44,1999,2010
US_chronological_basin,exclude_screen_flags,persistence,0.0,1650,7060047060,0.15935517429417478,0.24036226984060824,44,1999,2010
US_chronological_basin,exclude_screen_flags,persistence,0.0,1654,7060047060,0.4218435553220696,0.41501930654162267,44,1999,2010
US_chronological_basin,exclude_screen_flags,persistence,0.0,1655,7060047060,0.2436515966980656,0.24311288914108478,44,1999,2010
US_chronological_basin,exclude_screen_flags,persistence,0.0,1656,7060047060,0.1692126379774312,0.13246232473135744,44,1999,2010
US_chronological_basin,exclude_screen_flags,persistence,0.0,1683,7060047060,0.39011694488410237,0.3168403195477491,44,1999,2010
US_chronological_basin,exclude_screen_flags,persistence,0.0,1691,7060047060,0.09129167479621161,0.14115894237800788,44,1999,2010
US_chronological_basin,exclude_screen_flags,persistence,0.0,1699,7060047060,0.08642534293446677,0.08269951063557478,44,1999,2010
US_chronological_basin,exclude_screen_flags,persistence,0.0,1703,7060047060,0.6719276083841421,0.5453170994179828,44,1999,2010
US_chronological_basin,exclude_screen_flags,persistence,0.0,1706,7060047060,0.1311194154359323,0.12638208602596696,44,1999,2010
US_chronological_basin,exclude_screen_flags,persistence,0.0,1707,7060047060,0.20455684515248346,0.24333614416725755,44,1999,2010
US_chronological_basin,exclude_screen_flags,persistence,0.0,1709,7060047060,0.07526172636281764,0.05910140801630302,44,1999,2010
US_chronological_basin,exclude_screen_flags,persistence,0.0,1712,7060047060,0.08719223605780649,0.11476065023526917,44,1999,2010
US_chronological_basin,exclude_screen_flags,persistence,0.0,1713,7060047060,0.18000550115060232,0.24864642535655,44,1999,2010
US_chronological_basin,exclude_screen_flags,persistence,0.0,1714,7060047060,0.2897810133158173,0.3481205054128808,44,1999,2010
US_chronological_basin,exclude_screen_flags,persistence,0.0,1718,7060047060,0.39473955746223194,0.42860730755398413,44,1999,2010
US_chronological_basin,exclude_screen_flags,persistence,0.0,1723,7060047060,0.1521229922142396,0.17012289905439995,44,1999,2010
US_chronological_basin,exclude_screen_flags,persistence,0.0,1726,7060047060,0.09003522408520709,0.11003319331536628,44,1999,2010
US_chronological_basin,exclude_screen_flags,persistence,0.0,1735,7060047060,0.058837077999626425,0.06818066653337751,44,1999,2010
US_chronological_basin,exclude_screen_flags,persistence,0.0,1739,7060047060,0.2695208573168532,0.27782016159336365,44,1999,2010
US_chronological_basin,exclude_screen_flags,persistence,0.0,1740,7060047060,0.1589239050565217,0.13195739068823137,44,1999,2010
US_chronological_basin,exclude_screen_flags,persistence,0.0,1741,7060047060,0.3146143807409897,0.27313314024558927,44,1999,2010
US_chronological_basin,exclude_screen_flags,persistence,0.0,1742,7060047060,0.07137936169626372,0.07144875562479625,44,1999,2010
US_chronological_basin,exclude_screen_flags,persistence,0.0,1744,7060047060,0.21324280186253827,0.18514060180860972,44,1999,2010
US_chronological_basin,exclude_screen_flags,persistence,0.0,1752,7060047060,0.02732428109480984,0.035459805641893875,44,1999,2010
US_chronological_basin,exclude_screen_flags,persistence,0.0,1753,7060047060,0.03384360187055937,0.11562318353919038,44,1999,2010
US_chronological_basin,exclude_screen_flags,persistence,0.0,1754,7060047060,0.09361807153219687,0.18057231688009193,44,1999,2010
US_chronological_basin,exclude_screen_flags,persistence,0.0,1755,7060047060,0.5328497903478746,0.44655062100773535,44,1999,2010
US_chronological_basin,exclude_screen_flags,persistence,0.0,1756,7060047060,0.3989681966623302,0.41979724992743306,44,1999,2010
US_chronological_basin,exclude_screen_flags,persistence,0.0,1762,7060047060,0.45114957503417075,0.412154065384219,44,1999,2010
US_chronological_basin,exclude_screen_flags,persistence,0.0,1768,7060047060,0.010814949128347996,0.015619856613700083,44,1999,2010
US_chronological_basin,exclude_screen_flags,persistence,0.0,1775,7060047060,0.32364286594823655,0.30753681030478985,44,1999,2010
US_chronological_basin,exclude_screen_flags,persistence,0.0,1777,7060047060,0.28909389421808096,0.28866603465925067,44,1999,2010
US_chronological_basin,exclude_screen_flags,persistence,0.0,1848,7060047060,0.4800253185821163,0.49658658164455693,44,1999,2010
US_chronological_basin,exclude_screen_flags,persistence,0.0,1864,7060047060,0.5318920034094353,0.5031150877157544,44,1999,2010
US_chronological_basin,exclude_screen_flags,persistence,0.0,1869,7060047060,0.6181993694029077,0.6560245547725598,44,1999,2010
US_chronological_basin,exclude_screen_flags,persistence,0.0,300,7060047060,0.5006788204045888,0.5772129020618625,44,1999,2010
US_chronological_basin,exclude_screen_flags,persistence,0.0,307,7060047060,0.13528669233477014,0.15199896504099472,44,1999,2010
US_chronological_basin,exclude_screen_flags,persistence,0.0,319,7060047060,0.23720243735094432,0.25446752643635245,44,1999,2010
US_chronological_basin,exclude_screen_flags,persistence,0.0,355,7060047060,0.12272469188767605,0.15163693108827428,44,1999,2010
US_chronological_basin,exclude_screen_flags,persistence,0.0,362,7060047060,0.3864645066597572,0.6834958479568397,44,1999,2010
US_chronological_basin,exclude_screen_flags,persistence,0.0,364,7060047060,0.16167768783006337,0.1383190194230687,44,1999,2010
US_chronological_basin,exclude_screen_flags,persistence,0.0,368,7060047060,0.4096064798436735,0.379082216342184,44,1999,2010
US_chronological_basin,exclude_screen_flags,persistence,0.0,373,7060047060,0.37558580011839665,0.4735180279084399,44,1999,2010
US_chronological_basin,exclude_screen_flags,persistence,0.0,393,7060047060,0.2235727680227117,0.231452130987474,44,1999,2010
US_chronological_basin,exclude_screen_flags,persistence,0.0,398,7060047060,0.2636061818578061,0.22566580312075163,44,1999,2010
US_chronological_basin,exclude_screen_flags,persistence,0.0,399,7060047060,0.13580253516247806,0.17167226445144998,44,1999,2010
US_chronological_basin,exclude_screen_flags,persistence,0.0,415,7060047060,0.07439807135004639,0.07504639719742881,44,1999,2010
US_chronological_basin,exclude_screen_flags,persistence,0.0,416,7060047060,0.18256724140525943,0.15424140646912998,44,1999,2010
US_chronological_basin,exclude_screen_flags,persistence,0.0,421,7060047060,0.2531768818393909,0.4033623249586614,44,1999,2010
US_chronological_basin,exclude_screen_flags,persistence,0.0,500,7060047060,0.35710034798351037,0.3883913567909293,44,1999,2010
US_chronological_basin,exclude_screen_flags,persistence,0.0,505,7060047060,0.23801375600200253,0.20885385109238397,44,1999,2010
US_chronological_basin,exclude_screen_flags,persistence,0.0,511,7060047060,0.08335690047648478,0.11800132900555574,44,1999,2010
US_chronological_basin,exclude_screen_flags,persistence,0.0,522,7060047060,0.0714074460062018,0.11691254428100047,44,1999,2010
US_chronological_basin,exclude_screen_flags,persistence,0.0,529,7060047060,0.2180083634577566,0.23026288192145458,44,1999,2010
US_chronological_basin,exclude_screen_flags,persistence,0.0,530,7060047060,0.24882530842092745,0.22267387259007468,44,1999,2010
US_chronological_basin,exclude_screen_flags,persistence,0.0,533,7060047060,0.050322851451944275,0.07136324217767923,44,1999,2010
US_chronological_basin,exclude_screen_flags,persistence,0.0,7313,7060047060,0.1875167246437205,0.20520852725963826,44,1999,2010
US_chronological_basin,exclude_screen_flags,persistence,0.0,7318,7060047060,0.011418187875291395,0.009990941399178617,44,1999,2010
US_chronological_basin,exclude_screen_flags,persistence,0.0,753,7060047060,0.15115842356726944,0.24117939745746328,44,1999,2010
US_chronological_basin,exclude_screen_flags,persistence,0.0,777,7060047060,0.2787970887167416,0.2140993852279181,44,1999,2010
US_chronological_basin,exclude_screen_flags,persistence,0.0,780,7060047060,0.44557927107970197,0.4442817632653581,44,1999,2010
US_chronological_basin,exclude_screen_flags,persistence,0.0,784,7060047060,0.21568170232054204,0.31294276966074225,44,1999,2010
US_chronological_basin,exclude_screen_flags,persistence,0.0,798,7060047060,0.22989713112567728,0.3916034615304203,44,1999,2010
US_chronological_basin,exclude_screen_flags,persistence,0.0,837,7060047060,0.1446783707599708,0.5838143499999547,44,1999,2010
US_chronological_basin,exclude_screen_flags,persistence,0.0,868,7060047060,0.6617214722807061,0.8731623129809849,44,1999,2010
US_chronological_basin,exclude_screen_flags,persistence,0.0,870,7060047060,0.05728962862512673,0.19284397334157782,44,1999,2010
US_chronological_basin,exclude_screen_flags,persistence,0.0,882,7060047060,0.07487405610658132,0.11993547006105995,44,1999,2010
US_chronological_basin,exclude_screen_flags,persistence,0.0,884,7060047060,0.058890091762423005,0.0597863332871911,44,1999,2010
US_chronological_basin,exclude_screen_flags,persistence,0.0,885,7060047060,0.060213697559366314,0.15907445473164122,44,1999,2010
US_chronological_basin,exclude_screen_flags,persistence,0.0,893,7060047060,0.3039675883467522,0.6684285946386119,44,1999,2010
US_chronological_basin,exclude_screen_flags,persistence,0.0,895,7060047060,0.01200902548294359,0.016954826822974313,44,1999,2010
US_chronological_basin,exclude_screen_flags,persistence,0.0,898,7060047060,0.48096220456095834,0.7808173582640034,44,1999,2010
US_chronological_basin,exclude_screen_flags,persistence,0.0,920,7060047060,0.009702717289224134,0.04641114759935739,44,1999,2010
US_chronological_basin,exclude_screen_flags,persistence,0.0,931,7060047060,1.2052396392304092,0.9465393297640908,44,1999,2010
US_chronological_basin,exclude_screen_flags,persistence,0.0,938,7060047060,0.3968494669462763,0.8634668302365714,44,1999,2010
US_chronological_basin,exclude_screen_flags,persistence,0.0,939,7060047060,0.4656358493251691,1.0472790728315737,44,1999,2010
US_chronological_basin,exclude_screen_flags,persistence,0.0,948,7060047060,0.5744564251171721,0.9206177349244119,44,1999,2010
US_chronological_basin,exclude_screen_flags,persistence,0.0,952,7060047060,0.6166240176032683,0.8211088482287082,44,1999,2010
US_chronological_basin,exclude_screen_flags,persistence,1.0,419,7060008710,0.4416205857741654,0.5123694735582704,128,1999,2010
US_chronological_basin,exclude_screen_flags,persistence,1.0,423,7060008710,0.2609668929402653,0.3281289426471837,128,1999,2010
US_chronological_basin,exclude_screen_flags,persistence,1.0,445,7060008710,0.22415083691444454,0.25651928053680195,128,1999,2010
US_chronological_basin,exclude_screen_flags,persistence,1.0,448,7060008710,0.22427414079737434,0.2317178905334348,128,1999,2010
US_chronological_basin,exclude_screen_flags,persistence,1.0,451,7060008710,0.2142445264803189,0.12979874877594105,128,1999,2010
US_chronological_basin,exclude_screen_flags,persistence,1.0,469,7060008710,0.46365928111475874,0.4514458862548698,128,1999,2010
US_chronological_basin,exclude_screen_flags,persistence,1.0,470,7060008710,0.30999258982574807,0.2951550807046912,128,1999,2010
US_chronological_basin,exclude_screen_flags,persistence,1.0,471,7060008710,0.4998953490670137,0.552258455356849,128,1999,2010
US_chronological_basin,exclude_screen_flags,persistence,1.0,473,7060008710,0.6126285989726578,0.6419219353079901,128,1999,2010
US_chronological_basin,exclude_screen_flags,persistence,1.0,488,7060008710,0.2871536416436151,0.39400221523722156,128,1999,2010
US_chronological_basin,exclude_screen_flags,persistence,1.0,492,7060008710,0.44078265052452215,0.4454325172037523,128,1999,2010
US_chronological_basin,exclude_screen_flags,persistence,1.0,493,7060008710,0.37871473040641057,0.4983734540480981,128,1999,2010
US_chronological_basin,exclude_screen_flags,persistence,1.0,497,7060008710,0.24859788496998347,0.3445191078284952,128,1999,2010
US_chronological_basin,exclude_screen_flags,persistence,1.0,502,7060008710,0.30423695353723224,0.22734719598441233,128,1999,2010
US_chronological_basin,exclude_screen_flags,persistence,1.0,506,7060008710,0.4850553440011199,0.4531972413705783,128,1999,2010
US_chronological_basin,exclude_screen_flags,persistence,1.0,509,7060008710,0.0984713136044381,0.22713857137866744,128,1999,2010
US_chronological_basin,exclude_screen_flags,persistence,1.0,517,7060008710,0.34790247771437327,0.3768690160204691,128,1999,2010
US_chronological_basin,exclude_screen_flags,persistence,1.0,518,7060008710,0.5128392897293542,0.5176159493796735,128,1999,2010
US_chronological_basin,exclude_screen_flags,persistence,1.0,531,7060008710,0.1943925982432932,0.24868947074154224,128,1999,2010
US_chronological_basin,exclude_screen_flags,persistence,1.0,536,7060008710,0.25250797575882156,0.24417167838446155,128,1999,2010
US_chronological_basin,exclude_screen_flags,persistence,1.0,541,7060008710,0.33728275604082486,0.36800955082426423,128,1999,2010
US_chronological_basin,exclude_screen_flags,persistence,1.0,542,7060008710,0.01879097640749654,0.04311193366735477,128,1999,2010
US_chronological_basin,exclude_screen_flags,persistence,1.0,549,7060008710,0.17012783932082837,0.1265932506455483,128,1999,2010
US_chronological_basin,exclude_screen_flags,persistence,1.0,567,7060008710,0.6561024589795234,0.5645647910752323,128,1999,2010
US_chronological_basin,exclude_screen_flags,persistence,1.0,574,7060008710,0.3997613582889092,0.45127797746496184,128,1999,2010
US_chronological_basin,exclude_screen_flags,persistence,1.0,575,7060008710,0.34499177519350743,0.45194290740492166,128,1999,2010
US_chronological_basin,exclude_screen_flags,persistence,1.0,597,7060008710,0.5041937892767199,0.47834131386878714,128,1999,2010
US_chronological_basin,exclude_screen_flags,persistence,1.0,601,7060008710,0.39773586974715813,0.3470926370857538,128,1999,2010
US_chronological_basin,exclude_screen_flags,persistence,2.0,131,7060014200,0.3069620663884905,0.28560746610525284,142,1999,2010
US_chronological_basin,exclude_screen_flags,persistence,2.0,132,7060013550,0.21980128669475302,0.15137980082646524,142,1999,2010
US_chronological_basin,exclude_screen_flags,persistence,2.0,133,7060013550,0.07419048047485194,0.039339316309226414,142,1999,2010
US_chronological_basin,exclude_screen_flags,persistence,2.0,148,7060013550,0.21978420333248716,0.17213369635377504,142,1999,2010
US_chronological_basin,exclude_screen_flags,persistence,2.0,168,7060013550,0.06938960549224472,0.047323335903193584,142,1999,2010
US_chronological_basin,exclude_screen_flags,persistence,2.0,1761,7060042310,0.2589475273602554,0.19908684144981176,142,1999,2010
US_chronological_basin,exclude_screen_flags,persistence,2.0,1776,7060043090,0.07073662060070428,0.037824871619879644,142,1999,2010
US_chronological_basin,exclude_screen_flags,persistence,2.0,1782,7060042740,0.3737584223939941,0.30546900694776724,142,1999,2010
US_chronological_basin,exclude_screen_flags,persistence,2.0,182,7060013550,0.18126164103477693,0.18785658629328353,142,1999,2010
US_chronological_basin,exclude_screen_flags,persistence,2.0,185,7060013550,0.7485088847580722,0.5889894278477279,142,1999,2010
US_chronological_basin,exclude_screen_flags,persistence,2.0,191,7060013550,0.22340545467012612,0.3085108444008708,142,1999,2010
US_chronological_basin,exclude_screen_flags,persistence,2.0,193,7060013550,0.41543160456193257,0.5575534844502066,142,1999,2010
US_chronological_basin,exclude_screen_flags,persistence,2.0,198,7060013550,0.3030069769194994,0.36013161974906516,142,1999,2010
US_chronological_basin,exclude_screen_flags,persistence,2.0,204,7060013550,0.30221711336109347,0.3639947327359355,142,1999,2010
US_chronological_basin,exclude_screen_flags,persistence,2.0,585,7060013550,0.3782257121411972,0.3180967080847229,142,1999,2010
US_chronological_basin,exclude_screen_flags,persistence,2.0,592,7060013550,0.3000093946332669,0.5038349664652603,142,1999,2010
US_chronological_basin,exclude_screen_flags,persistence,2.0,595,7060013550,0.1074165396122517,0.1992841916893307,142,1999,2010
US_chronological_basin,exclude_screen_flags,persistence,2.0,600,7060013550,0.29413407063408953,0.2914841171161893,142,1999,2010
US_chronological_basin,exclude_screen_flags,persistence,2.0,605,7060013550,0.29861646818302395,0.2780292342899207,142,1999,2010
US_chronological_basin,exclude_screen_flags,persistence,2.0,609,7060013550,0.21927506271712457,0.3371005389510387,142,1999,2010
US_chronological_basin,exclude_screen_flags,persistence,2.0,612,7060013550,0.10733503940308617,0.15165026134709483,142,1999,2010
US_chronological_basin,exclude_screen_flags,persistence,3.0,1249,7060048410,1.146030395254913,0.8239127479792422,132,1999,2010
US_chronological_basin,exclude_screen_flags,persistence,3.0,169,7060013560,0.5336578409890409,0.6344242896002354,132,1999,2010
US_chronological_basin,exclude_screen_flags,persistence,3.0,1796,7060042940,0.295998043259922,0.15565098867390717,132,1999,2010
US_chronological_basin,exclude_screen_flags,persistence,3.0,180,7060013560,0.5874000740573897,0.4832904433748937,132,1999,2010
US_chronological_basin,exclude_screen_flags,persistence,3.0,292,7060022240,0.44723456836304515,0.4192605790690127,132,1999,2010
US_chronological_basin,exclude_screen_flags,persistence,3.0,310,7060014930,0.06025614607528096,0.05871740866891358,132,1999,2010
US_chronological_basin,exclude_screen_flags,persistence,3.0,316,7060014930,0.22208480543124837,0.23929690396615416,132,1999,2010
US_chronological_basin,exclude_screen_flags,persistence,3.0,361,7060014930,0.10503189579573496,0.11316745303610991,132,1999,2010
US_chronological_basin,exclude_screen_flags,persistence,3.0,367,7060014930,0.2686097219279892,0.3459403401148665,132,1999,2010
US_chronological_basin,exclude_screen_flags,persistence,3.0,372,7060014930,0.30493644885189647,0.3273465216358815,132,1999,2010
US_chronological_basin,exclude_screen_flags,persistence,3.0,378,7060014930,0.6498951178353334,0.7762356282647203,132,1999,2010
US_chronological_basin,exclude_screen_flags,persistence,3.0,384,7060014930,0.3093526199502241,0.28816864438865275,132,1999,2010
US_chronological_basin,exclude_screen_flags,persistence,3.0,386,7060014930,0.5767595458015282,0.53971769691415,132,1999,2010
US_chronological_basin,exclude_screen_flags,persistence,3.0,390,7060014930,0.30712394890011324,0.36884096356216894,132,1999,2010
US_chronological_basin,exclude_screen_flags,persistence,3.0,391,7060014930,0.11565386794679762,0.14183148823740693,132,1999,2010
US_chronological_basin,exclude_screen_flags,persistence,3.0,413,7060014930,0.014957428854622506,0.025991079403934345,132,1999,2010
US_chronological_basin,exclude_screen_flags,persistence,3.0,55,7060014930,0.2791408868597332,0.2907503018645895,132,1999,2010
US_chronological_basin,exclude_screen_flags,persistence,3.0,57,7060014930,0.3399568096450151,0.3920447207419912,132,1999,2010
US_chronological_basin,exclude_screen_flags,persistence,3.0,60,7060014930,0.20260488753198175,0.2651339195738726,132,1999,2010
US_chronological_basin,exclude_screen_flags,persistence,3.0,63,7060014930,0.2699904997815742,0.3599866442466242,132,1999,2010
US_chronological_basin,exclude_screen_flags,persistence,4.0,1086,7060049270,1.068890884705972,0.886849700889463,140,1999,2010
US_chronological_basin,exclude_screen_flags,persistence,4.0,114,7060014340,0.28535177249533317,0.4277469923249715,140,1999,2010
US_chronological_basin,exclude_screen_flags,persistence,4.0,1151,7060047970,0.5378042545337158,0.36127600247276914,140,1999,2010
US_chronological_basin,exclude_screen_flags,persistence,4.0,1237,7060047970,0.6223175503941138,0.5113976516533948,140,1999,2010
US_chronological_basin,exclude_screen_flags,persistence,4.0,1851,7060043500,0.12392692879677136,0.15029361790353898,140,1999,2010
US_chronological_basin,exclude_screen_flags,persistence,4.0,1872,7060043500,0.18369572271036105,0.22630763011596647,140,1999,2010
US_chronological_basin,exclude_screen_flags,persistence,4.0,1879,7060043160,0.5783266087608062,0.5690889313730688,140,1999,2010
US_chronological_basin,exclude_screen_flags,persistence,4.0,1883,7060043640,0.25082374609997554,0.21750201795834728,140,1999,2010
US_chronological_basin,exclude_screen_flags,persistence,4.0,223,7060013180,0.2850384019360485,0.2581780795602524,140,1999,2010
US_chronological_basin,exclude_screen_flags,persistence,4.0,41,7060016090,0.30634850007316333,0.2799836461082167,140,1999,2010
US_chronological_basin,exclude_screen_flags,persistence,4.0,42,7060016090,0.3638214534858144,0.33794968808086145,140,1999,2010
US_chronological_basin,exclude_screen_flags,persistence,4.0,431,7060073620,0.15755469955653978,0.1502796653715764,140,1999,2010
US_chronological_basin,exclude_screen_flags,persistence,4.0,438,7060073620,0.32055745003979785,0.28302003156937616,140,1999,2010
US_chronological_basin,exclude_screen_flags,persistence,4.0,442,7060073620,0.2880753880040633,0.29649115154811123,140,1999,2010
US_chronological_basin,exclude_screen_flags,persistence,4.0,449,7060073620,0.426066484362956,0.5108964331804531,140,1999,2010
US_chronological_basin,exclude_screen_flags,persistence,4.0,450,7060073620,0.36595865847699555,0.3468154854913096,140,1999,2010
US_chronological_basin,exclude_screen_flags,persistence,4.0,456,7060073620,0.2640694177067812,0.2208278974905376,140,1999,2010
US_chronological_basin,exclude_screen_flags,persistence,4.0,467,7060073620,0.5066104513145996,0.4468360595360855,140,1999,2010
US_chronological_basin,exclude_screen_flags,persistence,4.0,477,7060073620,0.26184984754607177,0.3127136822483656,140,1999,2010
US_chronological_basin,exclude_screen_flags,persistence,4.0,7308,7060043500,0.1498584901974067,0.1206408950731354,140,1999,2010
US_to_BR_retrospective,exclude_screen_flags,persistence,,1131,6060007000,0.03900697047485797,0.0511849428749088,146,1999,2010
US_to_BR_retrospective,exclude_screen_flags,persistence,,1145,6060011780,0.9429708577848885,0.12611874564829156,146,1999,2010
US_to_BR_retrospective,exclude_screen_flags,persistence,,1146,6060011780,0.013958834376054552,0.1984659949462975,146,1999,2010
US_to_BR_retrospective,exclude_screen_flags,persistence,,1147,6060011780,0.015538399829905177,0.07187162908445067,146,1999,2010
US_to_BR_retrospective,exclude_screen_flags,persistence,,1154,6060016970,0.48258478754930234,0.8976085268524354,146,1999,2010
US_to_BR_retrospective,exclude_screen_flags,persistence,,1165,6060016970,0.05479982376369222,0.048213952967523205,146,1999,2010
US_to_BR_retrospective,exclude_screen_flags,persistence,,1166,6060016970,0.014522934335615542,0.013770615059198039,146,1999,2010
US_to_BR_retrospective,exclude_screen_flags,persistence,,1167,6060016970,0.03264110433035375,0.027844707089692552,146,1999,2010
US_to_BR_retrospective,exclude_screen_flags,persistence,,1168,6060016970,0.004896246633112871,0.0034567196025580425,146,1999,2010
US_to_BR_retrospective,exclude_screen_flags,persistence,,1169,6060016970,0.013041530056196318,0.016502593422678263,146,1999,2010
US_to_BR_retrospective,exclude_screen_flags,persistence,,1170,6060016970,0.03804636339214665,0.03684246230981675,146,1999,2010
US_to_BR_retrospective,exclude_screen_flags,persistence,,1174,6060016970,0.06398807783334522,0.13629778022778938,146,1999,2010
US_to_BR_retrospective,exclude_screen_flags,persistence,,1175,6060016970,0.2278760279754066,0.22749689984015187,146,1999,2010
US_to_BR_retrospective,exclude_screen_flags,persistence,,1176,6060016970,0.00962361517368614,0.006376029899110316,146,1999,2010
US_to_BR_retrospective,exclude_screen_flags,persistence,,1177,6060016970,0.010775039562047502,0.010943267754871117,146,1999,2010
US_to_BR_retrospective,exclude_screen_flags,persistence,,1178,6060013750,0.06968261547283974,0.08592950974605755,146,1999,2010
US_to_BR_retrospective,exclude_screen_flags,persistence,,1179,6060016970,0.009002203183222915,0.015034621282395511,146,1999,2010
US_to_BR_retrospective,exclude_screen_flags,persistence,,1182,6060016970,0.003226682132372223,0.00661828051237429,146,1999,2010
US_to_BR_retrospective,exclude_screen_flags,persistence,,1183,6060016970,0.006194988409264891,0.006067816867046339,146,1999,2010
US_to_BR_retrospective,exclude_screen_flags,persistence,,1186,6060013750,0.22028708651873619,0.21395279177932425,146,1999,2010
US_to_BR_retrospective,exclude_screen_flags,persistence,,1187,6060013750,0.05586008482184328,0.06282830999224052,146,1999,2010
US_to_BR_retrospective,exclude_screen_flags,persistence,,1191,6060016970,0.453581512388476,0.519298175840785,146,1999,2010
US_to_BR_retrospective,exclude_screen_flags,persistence,,1192,6060016970,0.25037268751853164,0.32435081490294904,146,1999,2010
US_to_BR_retrospective,exclude_screen_flags,persistence,,1195,6060016970,0.017870733285531043,0.010486393037877538,146,1999,2010
US_to_BR_retrospective,exclude_screen_flags,persistence,,1196,6060016970,0.02853172397064381,0.023033534800374907,146,1999,2010
US_to_BR_retrospective,exclude_screen_flags,persistence,,1198,6060016970,0.17937642630030817,0.1686101298400941,146,1999,2010
US_to_BR_retrospective,exclude_screen_flags,persistence,,1199,6060016760,0.04634934107003942,0.06344887503187265,146,1999,2010
US_to_BR_retrospective,exclude_screen_flags,persistence,,1200,6060016760,0.0717300944791795,0.058178404357558194,146,1999,2010
US_to_BR_retrospective,exclude_screen_flags,persistence,,1201,6060015560,0.19735753457017197,0.15671871370025703,146,1999,2010
US_to_BR_retrospective,exclude_screen_flags,persistence,,1202,6060015560,0.04625499102008036,0.02679489978508182,146,1999,2010
US_to_BR_retrospective,exclude_screen_flags,persistence,,13435,6060013420,0.008285743241785336,0.005625004003946265,146,1999,2010
US_to_BR_retrospective,exclude_screen_flags,persistence,,13477,6060016970,0.0030196517971885885,0.003801702589549899,146,1999,2010
US_to_BR_retrospective,exclude_screen_flags,persistence,,197,6060009760,0.14948977772118954,0.1446751137264372,146,1999,2010
US_to_BR_retrospective,exclude_screen_flags,persistence,,198,6060011780,0.016513504671146834,0.07771934020750208,146,1999,2010
US_to_BR_retrospective,exclude_screen_flags,persistence,,201,6060007950,0.02581436086770112,0.22725608004488856,146,1999,2010
US_to_BR_retrospective,exclude_screen_flags,persistence,,202,6060007950,0.3440314527118721,0.4014392858865913,146,1999,2010
US_to_BR_retrospective,exclude_screen_flags,persistence,,203,6060011780,0.36738124882113904,0.4527719341245744,146,1999,2010
US_to_BR_retrospective,exclude_screen_flags,persistence,,204,6060016970,0.20186030341636904,0.12651388904144684,146,1999,2010
US_to_BR_retrospective,exclude_screen_flags,persistence,,205,6060016970,0.126467830862241,0.268362004210275,146,1999,2010
US_to_BR_retrospective,exclude_screen_flags,persistence,,206,6060016970,0.0531391459024513,0.04530640739455872,146,1999,2010
US_to_BR_retrospective,exclude_screen_flags,persistence,,207,6060016970,0.20904500872834825,0.23038081735918156,146,1999,2010
US_to_BR_retrospective,exclude_screen_flags,persistence,,208,6060016970,0.035571482680546364,0.07342849591667319,146,1999,2010
US_to_BR_retrospective,exclude_screen_flags,persistence,,209,6060016970,0.014402877168111495,0.011473776554087217,146,1999,2010
US_to_BR_retrospective,exclude_screen_flags,persistence,,210,6060016970,0.024608854652394346,0.006781063506441843,146,1999,2010
US_to_BR_retrospective,exclude_screen_flags,persistence,,211,6060016970,0.0375761424301017,0.047112188353544054,146,1999,2010
US_to_BR_retrospective,exclude_screen_flags,persistence,,212,6060016970,0.03178008471686694,0.049981106224377306,146,1999,2010
US_to_BR_retrospective,exclude_screen_flags,persistence,,213,6060016970,0.13153628533706824,0.04782436482965008,146,1999,2010
US_to_BR_retrospective,exclude_screen_flags,persistence,,214,6060016970,0.21844301389331183,0.26158549347118343,146,1999,2010
US_to_BR_retrospective,exclude_screen_flags,persistence,,215,6060016970,0.00644735468627297,0.002582428764753614,146,1999,2010
US_to_BR_retrospective,exclude_screen_flags,persistence,,216,6060016970,0.013416882873603873,0.007469629680793396,146,1999,2010
US_to_BR_retrospective,exclude_screen_flags,persistence,,217,6060016970,0.05699435179103193,0.07717629751616428,146,1999,2010
US_to_BR_retrospective,exclude_screen_flags,persistence,,218,6060016970,0.12840257330509575,0.17166027569119788,146,1999,2010
US_to_BR_retrospective,exclude_screen_flags,persistence,,219,6060016970,0.015373456822749244,0.008609994554465884,146,1999,2010
US_to_BR_retrospective,exclude_screen_flags,persistence,,220,6060016970,0.06626703546888321,0.10322105917951138,146,1999,2010
US_to_BR_retrospective,exclude_screen_flags,persistence,,221,6060016970,0.08523932220641248,0.06980661752562788,146,1999,2010
US_to_BR_retrospective,exclude_screen_flags,persistence,,222,6060016970,0.14688711243057964,0.16200094790718225,146,1999,2010
US_to_BR_retrospective,exclude_screen_flags,persistence,,223,6060013750,0.2093873097513461,0.15967890879017382,146,1999,2010
US_to_BR_retrospective,exclude_screen_flags,persistence,,225,6060016970,0.025973868472902645,0.027064574786642665,146,1999,2010
US_to_BR_retrospective,exclude_screen_flags,persistence,,226,6060016970,0.03390302738565481,0.04650962983697041,146,1999,2010
US_to_BR_retrospective,exclude_screen_flags,persistence,,228,6060016760,0.24050080923475659,0.3740382655190293,146,1999,2010
US_to_BR_retrospective,exclude_screen_flags,persistence,,229,6060015560,0.1344295002452387,0.26204054766386714,146,1999,2010
US_to_BR_retrospective,exclude_screen_flags,persistence,,26,6060007950,0.1610421735228621,0.1802686831626447,146,1999,2010
US_to_BR_retrospective,exclude_screen_flags,persistence,,27,6060011780,0.21935146682547693,0.3309035037277781,146,1999,2010
US_to_BR_retrospective,exclude_screen_flags,persistence,,28,6060016970,0.015760179377250473,0.011750127731433444,146,1999,2010
US_to_BR_retrospective,exclude_screen_flags,persistence,,28512,6060016970,0.005104449711395079,0.00834994238426005,146,1999,2010
US_to_BR_retrospective,exclude_screen_flags,persistence,,29,6060016970,0.009394395687515482,0.007443544021113059,146,1999,2010
US_to_BR_retrospective,exclude_screen_flags,persistence,,30,6060016970,0.01456099573533467,0.012219631510790252,146,1999,2010
US_to_BR_retrospective,exclude_screen_flags,persistence,,3464,6060013420,0.0025825778702569433,0.002088320979205795,146,1999,2010
US_to_BR_retrospective,exclude_screen_flags,persistence,,3472,6060016970,0.004403564873833402,0.004715380285320757,146,1999,2010
US_to_BR_retrospective,exclude_screen_flags,persistence,,3481,6060014460,0.19810039108073807,0.1734218487463786,146,1999,2010
US_to_BR_retrospective,exclude_screen_flags,persistence,,3483,6060016970,0.6851183600961861,0.23539498826746114,146,1999,2010
US_to_BR_retrospective,exclude_screen_flags,persistence,,3486,6060016760,0.03905854412862557,0.01695009812455763,146,1999,2010
US_to_BR_retrospective,exclude_screen_flags,persistence,,3491,6060015560,0.06939218854386633,0.03159909309594175,146,1999,2010
US_to_BR_retrospective,exclude_screen_flags,persistence,,40670,6060013420,0.041654511143261255,0.02096502506790672,146,1999,2010
US_to_BR_retrospective,exclude_screen_flags,persistence,,40862,6060013430,0.008525533835218731,0.013196905429490863,146,1999,2010
US_to_BR_retrospective,exclude_screen_flags,persistence,,41066,6060015560,0.004850844396302088,0.0022682000193956055,146,1999,2010
US_to_BR_retrospective,exclude_screen_flags,persistence,,6874,6060016760,0.33142262222548674,0.1162214833401699,146,1999,2010
US_to_BR_retrospective,exclude_screen_flags,persistence,,6875,6060016970,0.020580097384573046,0.0,146,1999,2010
US_to_BR_retrospective,exclude_screen_flags,persistence,,6878,6060007950,0.18692196450990484,0.0,146,1999,2010
US_to_BR_retrospective,exclude_screen_flags,persistence,,6879,6060016760,0.015110566936432878,0.0,146,1999,2010
US_to_BR_retrospective,exclude_screen_flags,persistence,,6883,6060007950,0.020077496945917213,0.11466521257616835,146,1999,2010
US_to_BR_retrospective,exclude_screen_flags,persistence,,7256,6060016970,0.029625151112564512,0.0,146,1999,2010
US_to_BR_retrospective,exclude_screen_flags,persistence,,7257,6060016970,0.033195674674368486,0.0,146,1999,2010
US_to_BR_retrospective,exclude_screen_flags,persistence,,7259,6060016970,0.021801070557343774,0.0,146,1999,2010
US_to_BR_retrospective,exclude_screen_flags,persistence,,7263,6060015560,0.015137687511056529,0.00508549971822826,146,1999,2010
US_to_BR_retrospective,exclude_screen_flags,persistence,,7270,6060016970,2.9466869428392818e-05,0.0021416724666478955,146,1999,2010
US_to_BR_retrospective,exclude_screen_flags,persistence,,7274,6060016760,0.07253846404867197,0.026292696333353155,146,1999,2010
US_to_BR_retrospective,exclude_screen_flags,persistence,,7424,6060015560,0.009991483589237384,0.0033094081278767394,146,1999,2010
US_to_BR_retrospective,exclude_screen_flags,persistence,,8393,6060016970,0.0023328943737665427,0.015010180342409668,146,1999,2010
US_to_BR_retrospective,exclude_screen_flags,persistence,,8396,6060016970,0.007418562814269232,0.004835266608333661,146,1999,2010
US_to_BR_retrospective,exclude_screen_flags,persistence,,8448,6060015560,0.009136195841869895,0.0056852181584494095,146,1999,2010
US_chronological_basin,exclude_screen_flags,ridge,0.0,1017,7060047060,0.3767102226800422,0.34316311724684745,44,1999,2010
US_chronological_basin,exclude_screen_flags,ridge,0.0,1026,7060047060,0.25625519090176824,0.3053689107200557,44,1999,2010
US_chronological_basin,exclude_screen_flags,ridge,0.0,1033,7060047060,0.3421777595752805,0.3697790285221456,44,1999,2010
US_chronological_basin,exclude_screen_flags,ridge,0.0,1036,7060047060,0.1994634532561202,0.26055185323468366,44,1999,2010
US_chronological_basin,exclude_screen_flags,ridge,0.0,1042,7060047060,0.3086252424534333,0.36393359121212354,44,1999,2010
US_chronological_basin,exclude_screen_flags,ridge,0.0,1067,7060047060,0.5998478490301629,0.48205353812672835,44,1999,2010
US_chronological_basin,exclude_screen_flags,ridge,0.0,1092,7060047060,0.5538973189418028,0.45312379448055495,44,1999,2010
US_chronological_basin,exclude_screen_flags,ridge,0.0,1101,7060047060,0.5732890822190376,0.4027637310171868,44,1999,2010
US_chronological_basin,exclude_screen_flags,ridge,0.0,1112,7060047060,0.45299004517635705,0.35631746653721863,44,1999,2010
US_chronological_basin,exclude_screen_flags,ridge,0.0,1121,7060047060,0.29573686102470564,0.2828679122721408,44,1999,2010
US_chronological_basin,exclude_screen_flags,ridge,0.0,1122,7060047060,0.4731408184743925,0.40407983989063745,44,1999,2010
US_chronological_basin,exclude_screen_flags,ridge,0.0,1125,7060047060,0.29573686102470564,0.2828679122721408,44,1999,2010
US_chronological_basin,exclude_screen_flags,ridge,0.0,1127,7060047060,0.5284257833617235,0.4324032213207069,44,1999,2010
US_chronological_basin,exclude_screen_flags,ridge,0.0,1192,7060047060,0.15622551667530427,0.1940203697808972,44,1999,2010
US_chronological_basin,exclude_screen_flags,ridge,0.0,1586,7060047060,0.10090961354906709,0.24232156009752984,44,1999,2010
US_chronological_basin,exclude_screen_flags,ridge,0.0,1587,7060047060,0.2531868046723131,0.3046708477354699,44,1999,2010
US_chronological_basin,exclude_screen_flags,ridge,0.0,1592,7060047060,0.32577126117645455,0.27630124749292273,44,1999,2010
US_chronological_basin,exclude_screen_flags,ridge,0.0,1595,7060047060,0.09734368127010831,0.1686083700519852,44,1999,2010
US_chronological_basin,exclude_screen_flags,ridge,0.0,1600,7060047060,0.1485302141903988,0.23088727941215098,44,1999,2010
US_chronological_basin,exclude_screen_flags,ridge,0.0,1617,7060047060,0.24687425297109888,0.31554304819025275,44,1999,2010
US_chronological_basin,exclude_screen_flags,ridge,0.0,1619,7060047060,0.13245760053603373,0.27255950201414564,44,1999,2010
US_chronological_basin,exclude_screen_flags,ridge,0.0,1620,7060047060,0.26035611659680125,0.28921655764432547,44,1999,2010
US_chronological_basin,exclude_screen_flags,ridge,0.0,1631,7060047060,0.11543700302138789,0.2638241276892392,44,1999,2010
US_chronological_basin,exclude_screen_flags,ridge,0.0,1634,7060047060,0.16133901010123658,0.22314557609186403,44,1999,2010
US_chronological_basin,exclude_screen_flags,ridge,0.0,1636,7060047060,0.3431055207314706,0.3928336264046174,44,1999,2010
US_chronological_basin,exclude_screen_flags,ridge,0.0,1645,7060047060,0.4370375957767413,0.3913153047606414,44,1999,2010
US_chronological_basin,exclude_screen_flags,ridge,0.0,1650,7060047060,0.15935517429417478,0.2990008108840642,44,1999,2010
US_chronological_basin,exclude_screen_flags,ridge,0.0,1654,7060047060,0.4218435553220696,0.38762732274559253,44,1999,2010
US_chronological_basin,exclude_screen_flags,ridge,0.0,1655,7060047060,0.2436515966980656,0.2995248669399103,44,1999,2010
US_chronological_basin,exclude_screen_flags,ridge,0.0,1656,7060047060,0.1692126379774312,0.22822908441199713,44,1999,2010
US_chronological_basin,exclude_screen_flags,ridge,0.0,1683,7060047060,0.39011694488410237,0.3428825601782786,44,1999,2010
US_chronological_basin,exclude_screen_flags,ridge,0.0,1691,7060047060,0.09129167479621161,0.2310377426402329,44,1999,2010
US_chronological_basin,exclude_screen_flags,ridge,0.0,1699,7060047060,0.08642534293446677,0.18912089977189106,44,1999,2010
US_chronological_basin,exclude_screen_flags,ridge,0.0,1703,7060047060,0.6719276083841421,0.4626635333720416,44,1999,2010
US_chronological_basin,exclude_screen_flags,ridge,0.0,1706,7060047060,0.1311194154359323,0.21985321513134928,44,1999,2010
US_chronological_basin,exclude_screen_flags,ridge,0.0,1707,7060047060,0.20455684515248346,0.3104270747193673,44,1999,2010
US_chronological_basin,exclude_screen_flags,ridge,0.0,1709,7060047060,0.07526172636281764,0.17654519037241462,44,1999,2010
US_chronological_basin,exclude_screen_flags,ridge,0.0,1712,7060047060,0.08719223605780649,0.23233121364988135,44,1999,2010
US_chronological_basin,exclude_screen_flags,ridge,0.0,1713,7060047060,0.18000550115060232,0.30197127041721117,44,1999,2010
US_chronological_basin,exclude_screen_flags,ridge,0.0,1714,7060047060,0.2897810133158173,0.33839818783985826,44,1999,2010
US_chronological_basin,exclude_screen_flags,ridge,0.0,1718,7060047060,0.39473955746223194,0.4007676943446331,44,1999,2010
US_chronological_basin,exclude_screen_flags,ridge,0.0,1723,7060047060,0.1521229922142396,0.2529268029835963,44,1999,2010
US_chronological_basin,exclude_screen_flags,ridge,0.0,1726,7060047060,0.09003522408520709,0.22347118223772267,44,1999,2010
US_chronological_basin,exclude_screen_flags,ridge,0.0,1735,7060047060,0.058837077999626425,0.1967190516807948,44,1999,2010
US_chronological_basin,exclude_screen_flags,ridge,0.0,1739,7060047060,0.2695208573168532,0.32114112976213893,44,1999,2010
US_chronological_basin,exclude_screen_flags,ridge,0.0,1740,7060047060,0.1589239050565217,0.2221677703472691,44,1999,2010
US_chronological_basin,exclude_screen_flags,ridge,0.0,1741,7060047060,0.3146143807409897,0.3098418887594492,44,1999,2010
US_chronological_basin,exclude_screen_flags,ridge,0.0,1742,7060047060,0.07137936169626372,0.1954481392657832,44,1999,2010
US_chronological_basin,exclude_screen_flags,ridge,0.0,1744,7060047060,0.21324280186253827,0.2634434162642914,44,1999,2010
US_chronological_basin,exclude_screen_flags,ridge,0.0,1752,7060047060,0.02732428109480984,0.1448669779092827,44,1999,2010
US_chronological_basin,exclude_screen_flags,ridge,0.0,1753,7060047060,0.03384360187055937,0.19681676313674984,44,1999,2010
US_chronological_basin,exclude_screen_flags,ridge,0.0,1754,7060047060,0.09361807153219687,0.25663797969283964,44,1999,2010
US_chronological_basin,exclude_screen_flags,ridge,0.0,1755,7060047060,0.5328497903478746,0.39606000332648406,44,1999,2010
US_chronological_basin,exclude_screen_flags,ridge,0.0,1756,7060047060,0.3989681966623302,0.38221165715658306,44,1999,2010
US_chronological_basin,exclude_screen_flags,ridge,0.0,1762,7060047060,0.45114957503417075,0.3825055528662045,44,1999,2010
US_chronological_basin,exclude_screen_flags,ridge,0.0,1768,7060047060,0.010814949128347996,0.14012940937483578,44,1999,2010
US_chronological_basin,exclude_screen_flags,ridge,0.0,1775,7060047060,0.32364286594823655,0.3511819837905022,44,1999,2010
US_chronological_basin,exclude_screen_flags,ridge,0.0,1777,7060047060,0.28909389421808096,0.3259322396686527,44,1999,2010
US_chronological_basin,exclude_screen_flags,ridge,0.0,1848,7060047060,0.4800253185821163,0.4102296112678983,44,1999,2010
US_chronological_basin,exclude_screen_flags,ridge,0.0,1864,7060047060,0.5318920034094353,0.41259556704427003,44,1999,2010
US_chronological_basin,exclude_screen_flags,ridge,0.0,1869,7060047060,0.6181993694029077,0.5047914576242063,44,1999,2010
US_chronological_basin,exclude_screen_flags,ridge,0.0,300,7060047060,0.5006788204045888,0.4891708354534292,44,1999,2010
US_chronological_basin,exclude_screen_flags,ridge,0.0,307,7060047060,0.13528669233477014,0.20927476213612883,44,1999,2010
US_chronological_basin,exclude_screen_flags,ridge,0.0,319,7060047060,0.23720243735094432,0.3189209043203643,44,1999,2010
US_chronological_basin,exclude_screen_flags,ridge,0.0,355,7060047060,0.12272469188767605,0.2275795015707366,44,1999,2010
US_chronological_basin,exclude_screen_flags,ridge,0.0,362,7060047060,0.3864645066597572,0.47472844379157664,44,1999,2010
US_chronological_basin,exclude_screen_flags,ridge,0.0,364,7060047060,0.16167768783006337,0.1984016418786757,44,1999,2010
US_chronological_basin,exclude_screen_flags,ridge,0.0,368,7060047060,0.4096064798436735,0.39448211715957426,44,1999,2010
US_chronological_basin,exclude_screen_flags,ridge,0.0,373,7060047060,0.37558580011839665,0.4435538478824626,44,1999,2010
US_chronological_basin,exclude_screen_flags,ridge,0.0,393,7060047060,0.2235727680227117,0.2806268918438954,44,1999,2010
US_chronological_basin,exclude_screen_flags,ridge,0.0,398,7060047060,0.2636061818578061,0.30830188533544733,44,1999,2010
US_chronological_basin,exclude_screen_flags,ridge,0.0,399,7060047060,0.13580253516247806,0.2792519541154926,44,1999,2010
US_chronological_basin,exclude_screen_flags,ridge,0.0,415,7060047060,0.07439807135004639,0.17608952366446254,44,1999,2010
US_chronological_basin,exclude_screen_flags,ridge,0.0,416,7060047060,0.18256724140525943,0.2127096396607458,44,1999,2010
US_chronological_basin,exclude_screen_flags,ridge,0.0,421,7060047060,0.2531768818393909,0.40353066075803956,44,1999,2010
US_chronological_basin,exclude_screen_flags,ridge,0.0,500,7060047060,0.35710034798351037,0.386029928103672,44,1999,2010
US_chronological_basin,exclude_screen_flags,ridge,0.0,505,7060047060,0.23801375600200253,0.24534577046393075,44,1999,2010
US_chronological_basin,exclude_screen_flags,ridge,0.0,511,7060047060,0.08335690047648478,0.2419883369961387,44,1999,2010
US_chronological_basin,exclude_screen_flags,ridge,0.0,522,7060047060,0.0714074460062018,0.19567770343490432,44,1999,2010
US_chronological_basin,exclude_screen_flags,ridge,0.0,529,7060047060,0.2180083634577566,0.28325291901236477,44,1999,2010
US_chronological_basin,exclude_screen_flags,ridge,0.0,530,7060047060,0.24882530842092745,0.2649485000039367,44,1999,2010
US_chronological_basin,exclude_screen_flags,ridge,0.0,533,7060047060,0.050322851451944275,0.1678745517077691,44,1999,2010
US_chronological_basin,exclude_screen_flags,ridge,0.0,7313,7060047060,0.1875167246437205,0.2513620050800308,44,1999,2010
US_chronological_basin,exclude_screen_flags,ridge,0.0,7318,7060047060,0.011418187875291395,0.13410994756860187,44,1999,2010
US_chronological_basin,exclude_screen_flags,ridge,0.0,753,7060047060,0.15115842356726944,0.2577906411494336,44,1999,2010
US_chronological_basin,exclude_screen_flags,ridge,0.0,777,7060047060,0.2787970887167416,0.29613356538656865,44,1999,2010
US_chronological_basin,exclude_screen_flags,ridge,0.0,780,7060047060,0.44557927107970197,0.5106844102528658,44,1999,2010
US_chronological_basin,exclude_screen_flags,ridge,0.0,784,7060047060,0.21568170232054204,0.493156552573119,44,1999,2010
US_chronological_basin,exclude_screen_flags,ridge,0.0,798,7060047060,0.22989713112567728,0.5160054985992701,44,1999,2010
US_chronological_basin,exclude_screen_flags,ridge,0.0,837,7060047060,0.1446783707599708,0.674092445476576,44,1999,2010
US_chronological_basin,exclude_screen_flags,ridge,0.0,868,7060047060,0.6617214722807061,0.6348592533063213,44,1999,2010
US_chronological_basin,exclude_screen_flags,ridge,0.0,870,7060047060,0.05728962862512673,0.21486570320167692,44,1999,2010
US_chronological_basin,exclude_screen_flags,ridge,0.0,882,7060047060,0.07487405610658132,0.19720528577250762,44,1999,2010
US_chronological_basin,exclude_screen_flags,ridge,0.0,884,7060047060,0.058890091762423005,0.14225696529600032,44,1999,2010
US_chronological_basin,exclude_screen_flags,ridge,0.0,885,7060047060,0.060213697559366314,0.20341946543789008,44,1999,2010
US_chronological_basin,exclude_screen_flags,ridge,0.0,893,7060047060,0.3039675883467522,0.5702906501956047,44,1999,2010
US_chronological_basin,exclude_screen_flags,ridge,0.0,895,7060047060,0.01200902548294359,0.12164153661381541,44,1999,2010
US_chronological_basin,exclude_screen_flags,ridge,0.0,898,7060047060,0.48096220456095834,0.531631857729111,44,1999,2010
US_chronological_basin,exclude_screen_flags,ridge,0.0,920,7060047060,0.009702717289224134,0.1474965890346742,44,1999,2010
US_chronological_basin,exclude_screen_flags,ridge,0.0,931,7060047060,1.2052396392304092,0.6622668119331845,44,1999,2010
US_chronological_basin,exclude_screen_flags,ridge,0.0,938,7060047060,0.3968494669462763,0.673845355781253,44,1999,2010
US_chronological_basin,exclude_screen_flags,ridge,0.0,939,7060047060,0.4656358493251691,0.8895967547736721,44,1999,2010
US_chronological_basin,exclude_screen_flags,ridge,0.0,948,7060047060,0.5744564251171721,0.736224343614285,44,1999,2010
US_chronological_basin,exclude_screen_flags,ridge,0.0,952,7060047060,0.6166240176032683,0.6203715809729369,44,1999,2010
US_chronological_basin,exclude_screen_flags,ridge,1.0,419,7060008710,0.4416205857741654,0.40293021904352944,128,1999,2010
US_chronological_basin,exclude_screen_flags,ridge,1.0,423,7060008710,0.2609668929402653,0.2974733151954364,128,1999,2010
US_chronological_basin,exclude_screen_flags,ridge,1.0,445,7060008710,0.22415083691444454,0.2877514493638577,128,1999,2010
US_chronological_basin,exclude_screen_flags,ridge,1.0,448,7060008710,0.22427414079737434,0.27003622023478285,128,1999,2010
US_chronological_basin,exclude_screen_flags,ridge,1.0,451,7060008710,0.2142445264803189,0.13387101492739636,128,1999,2010
US_chronological_basin,exclude_screen_flags,ridge,1.0,469,7060008710,0.46365928111475874,0.41923675428480695,128,1999,2010
US_chronological_basin,exclude_screen_flags,ridge,1.0,470,7060008710,0.30999258982574807,0.34930257819597793,128,1999,2010
US_chronological_basin,exclude_screen_flags,ridge,1.0,471,7060008710,0.4998953490670137,0.43690933874963633,128,1999,2010
US_chronological_basin,exclude_screen_flags,ridge,1.0,473,7060008710,0.6126285989726578,0.48487704005517474,128,1999,2010
US_chronological_basin,exclude_screen_flags,ridge,1.0,488,7060008710,0.2871536416436151,0.3236748559840842,128,1999,2010
US_chronological_basin,exclude_screen_flags,ridge,1.0,492,7060008710,0.44078265052452215,0.3092889669826222,128,1999,2010
US_chronological_basin,exclude_screen_flags,ridge,1.0,493,7060008710,0.37871473040641057,0.47003632321539734,128,1999,2010
US_chronological_basin,exclude_screen_flags,ridge,1.0,497,7060008710,0.24859788496998347,0.3296083914935004,128,1999,2010
US_chronological_basin,exclude_screen_flags,ridge,1.0,502,7060008710,0.30423695353723224,0.22520078658956752,128,1999,2010
US_chronological_basin,exclude_screen_flags,ridge,1.0,506,7060008710,0.4850553440011199,0.403509381793443,128,1999,2010
US_chronological_basin,exclude_screen_flags,ridge,1.0,509,7060008710,0.0984713136044381,0.26192067805357666,128,1999,2010
US_chronological_basin,exclude_screen_flags,ridge,1.0,517,7060008710,0.34790247771437327,0.3420055652056535,128,1999,2010
US_chronological_basin,exclude_screen_flags,ridge,1.0,518,7060008710,0.5128392897293542,0.4704565951715908,128,1999,2010
US_chronological_basin,exclude_screen_flags,ridge,1.0,531,7060008710,0.1943925982432932,0.2813371257163924,128,1999,2010
US_chronological_basin,exclude_screen_flags,ridge,1.0,536,7060008710,0.25250797575882156,0.23978989651025043,128,1999,2010
US_chronological_basin,exclude_screen_flags,ridge,1.0,541,7060008710,0.33728275604082486,0.3271988177050209,128,1999,2010
US_chronological_basin,exclude_screen_flags,ridge,1.0,542,7060008710,0.01879097640749654,0.062244684558677266,128,1999,2010
US_chronological_basin,exclude_screen_flags,ridge,1.0,549,7060008710,0.17012783932082837,0.12717278945421365,128,1999,2010
US_chronological_basin,exclude_screen_flags,ridge,1.0,567,7060008710,0.6561024589795234,0.5391391259513824,128,1999,2010
US_chronological_basin,exclude_screen_flags,ridge,1.0,574,7060008710,0.3997613582889092,0.42199240927021714,128,1999,2010
US_chronological_basin,exclude_screen_flags,ridge,1.0,575,7060008710,0.34499177519350743,0.4008874196668495,128,1999,2010
US_chronological_basin,exclude_screen_flags,ridge,1.0,597,7060008710,0.5041937892767199,0.3892896490651627,128,1999,2010
US_chronological_basin,exclude_screen_flags,ridge,1.0,601,7060008710,0.39773586974715813,0.3212934802063294,128,1999,2010
US_chronological_basin,exclude_screen_flags,ridge,2.0,131,7060014200,0.3069620663884905,0.2783188884201381,142,1999,2010
US_chronological_basin,exclude_screen_flags,ridge,2.0,132,7060013550,0.21980128669475302,0.15966704908900514,142,1999,2010
US_chronological_basin,exclude_screen_flags,ridge,2.0,133,7060013550,0.07419048047485194,0.07228874728346552,142,1999,2010
US_chronological_basin,exclude_screen_flags,ridge,2.0,148,7060013550,0.21978420333248716,0.17827011531819628,142,1999,2010
US_chronological_basin,exclude_screen_flags,ridge,2.0,168,7060013550,0.06938960549224472,0.09084284700376533,142,1999,2010
US_chronological_basin,exclude_screen_flags,ridge,2.0,1761,7060042310,0.2589475273602554,0.20039399337647318,142,1999,2010
US_chronological_basin,exclude_screen_flags,ridge,2.0,1776,7060043090,0.07073662060070428,0.07598805605356396,142,1999,2010
US_chronological_basin,exclude_screen_flags,ridge,2.0,1782,7060042740,0.3737584223939941,0.32172129630201796,142,1999,2010
US_chronological_basin,exclude_screen_flags,ridge,2.0,182,7060013550,0.18126164103477693,0.19346753544808826,142,1999,2010
US_chronological_basin,exclude_screen_flags,ridge,2.0,185,7060013550,0.7485088847580722,0.5645027980124542,142,1999,2010
US_chronological_basin,exclude_screen_flags,ridge,2.0,191,7060013550,0.22340545467012612,0.28385470182727895,142,1999,2010
US_chronological_basin,exclude_screen_flags,ridge,2.0,193,7060013550,0.41543160456193257,0.549339700244592,142,1999,2010
US_chronological_basin,exclude_screen_flags,ridge,2.0,198,7060013550,0.3030069769194994,0.3023214116881518,142,1999,2010
US_chronological_basin,exclude_screen_flags,ridge,2.0,204,7060013550,0.30221711336109347,0.3328486235459646,142,1999,2010
US_chronological_basin,exclude_screen_flags,ridge,2.0,585,7060013550,0.3782257121411972,0.8541992676269083,142,1999,2010
US_chronological_basin,exclude_screen_flags,ridge,2.0,592,7060013550,0.3000093946332669,0.4467945573543496,142,1999,2010
US_chronological_basin,exclude_screen_flags,ridge,2.0,595,7060013550,0.1074165396122517,0.1947721292829441,142,1999,2010
US_chronological_basin,exclude_screen_flags,ridge,2.0,600,7060013550,0.29413407063408953,0.2806213202371251,142,1999,2010
US_chronological_basin,exclude_screen_flags,ridge,2.0,605,7060013550,0.29861646818302395,0.28223138408479825,142,1999,2010
US_chronological_basin,exclude_screen_flags,ridge,2.0,609,7060013550,0.21927506271712457,0.3262264069190209,142,1999,2010
US_chronological_basin,exclude_screen_flags,ridge,2.0,612,7060013550,0.10733503940308617,0.18810155837801285,142,1999,2010
US_chronological_basin,exclude_screen_flags,ridge,3.0,1249,7060048410,1.146030395254913,0.8539886093978208,132,1999,2010
US_chronological_basin,exclude_screen_flags,ridge,3.0,169,7060013560,0.5336578409890409,0.5430918766889803,132,1999,2010
US_chronological_basin,exclude_screen_flags,ridge,3.0,1796,7060042940,0.295998043259922,0.20273737211457848,132,1999,2010
US_chronological_basin,exclude_screen_flags,ridge,3.0,180,7060013560,0.5874000740573897,0.4877443222810368,132,1999,2010
US_chronological_basin,exclude_screen_flags,ridge,3.0,292,7060022240,0.44723456836304515,0.3354211833235568,132,1999,2010
US_chronological_basin,exclude_screen_flags,ridge,3.0,310,7060014930,0.06025614607528096,0.06748995257790005,132,1999,2010
US_chronological_basin,exclude_screen_flags,ridge,3.0,316,7060014930,0.22208480543124837,0.2263642767698821,132,1999,2010
US_chronological_basin,exclude_screen_flags,ridge,3.0,361,7060014930,0.10503189579573496,0.1416711708633518,132,1999,2010
US_chronological_basin,exclude_screen_flags,ridge,3.0,367,7060014930,0.2686097219279892,0.3417493201080385,132,1999,2010
US_chronological_basin,exclude_screen_flags,ridge,3.0,372,7060014930,0.30493644885189647,0.3277641938454928,132,1999,2010
US_chronological_basin,exclude_screen_flags,ridge,3.0,378,7060014930,0.6498951178353334,0.6129518812210066,132,1999,2010
US_chronological_basin,exclude_screen_flags,ridge,3.0,384,7060014930,0.3093526199502241,0.28703131604882426,132,1999,2010
US_chronological_basin,exclude_screen_flags,ridge,3.0,386,7060014930,0.5767595458015282,0.501833915048329,132,1999,2010
US_chronological_basin,exclude_screen_flags,ridge,3.0,390,7060014930,0.30712394890011324,0.324075963873534,132,1999,2010
US_chronological_basin,exclude_screen_flags,ridge,3.0,391,7060014930,0.11565386794679762,0.15880240606197865,132,1999,2010
US_chronological_basin,exclude_screen_flags,ridge,3.0,413,7060014930,0.014957428854622506,0.07056111620132635,132,1999,2010
US_chronological_basin,exclude_screen_flags,ridge,3.0,55,7060014930,0.2791408868597332,0.2750367730635107,132,1999,2010
US_chronological_basin,exclude_screen_flags,ridge,3.0,57,7060014930,0.3399568096450151,0.34135353192723583,132,1999,2010
US_chronological_basin,exclude_screen_flags,ridge,3.0,60,7060014930,0.20260488753198175,0.26422500130007204,132,1999,2010
US_chronological_basin,exclude_screen_flags,ridge,3.0,63,7060014930,0.2699904997815742,0.30119525497413624,132,1999,2010
US_chronological_basin,exclude_screen_flags,ridge,4.0,1086,7060049270,1.068890884705972,0.6722224341455397,140,1999,2010
US_chronological_basin,exclude_screen_flags,ridge,4.0,114,7060014340,0.28535177249533317,0.3947496980335695,140,1999,2010
US_chronological_basin,exclude_screen_flags,ridge,4.0,1151,7060047970,0.5378042545337158,0.46143181831596325,140,1999,2010
US_chronological_basin,exclude_screen_flags,ridge,4.0,1237,7060047970,0.6223175503941138,0.4631692762039503,140,1999,2010
US_chronological_basin,exclude_screen_flags,ridge,4.0,1851,7060043500,0.12392692879677136,0.14708620105339537,140,1999,2010
US_chronological_basin,exclude_screen_flags,ridge,4.0,1872,7060043500,0.18369572271036105,0.2028882241742725,140,1999,2010
US_chronological_basin,exclude_screen_flags,ridge,4.0,1879,7060043160,0.5783266087608062,0.45213275459334046,140,1999,2010
US_chronological_basin,exclude_screen_flags,ridge,4.0,1883,7060043640,0.25082374609997554,0.21840802917084012,140,1999,2010
US_chronological_basin,exclude_screen_flags,ridge,4.0,223,7060013180,0.2850384019360485,0.23508041356392417,140,1999,2010
US_chronological_basin,exclude_screen_flags,ridge,4.0,41,7060016090,0.30634850007316333,0.26074633707765077,140,1999,2010
US_chronological_basin,exclude_screen_flags,ridge,4.0,42,7060016090,0.3638214534858144,0.2976757523718502,140,1999,2010
US_chronological_basin,exclude_screen_flags,ridge,4.0,431,7060073620,0.15755469955653978,0.16032344993297837,140,1999,2010
US_chronological_basin,exclude_screen_flags,ridge,4.0,438,7060073620,0.32055745003979785,0.27331143020910736,140,1999,2010
US_chronological_basin,exclude_screen_flags,ridge,4.0,442,7060073620,0.2880753880040633,0.2865469333656267,140,1999,2010
US_chronological_basin,exclude_screen_flags,ridge,4.0,449,7060073620,0.426066484362956,0.376844180489618,140,1999,2010
US_chronological_basin,exclude_screen_flags,ridge,4.0,450,7060073620,0.36595865847699555,0.30978274564637176,140,1999,2010
US_chronological_basin,exclude_screen_flags,ridge,4.0,456,7060073620,0.2640694177067812,0.21919127008475395,140,1999,2010
US_chronological_basin,exclude_screen_flags,ridge,4.0,467,7060073620,0.5066104513145996,0.4198219246905854,140,1999,2010
US_chronological_basin,exclude_screen_flags,ridge,4.0,477,7060073620,0.26184984754607177,0.2647257713382029,140,1999,2010
US_chronological_basin,exclude_screen_flags,ridge,4.0,7308,7060043500,0.1498584901974067,0.11054062798577785,140,1999,2010
US_to_BR_retrospective,exclude_screen_flags,ridge,,1131,6060007000,0.03900697047485797,0.08064296917305605,146,1999,2010
US_to_BR_retrospective,exclude_screen_flags,ridge,,1145,6060011780,0.9429708577848885,0.142178733768929,146,1999,2010
US_to_BR_retrospective,exclude_screen_flags,ridge,,1146,6060011780,0.013958834376054552,0.1830288489254696,146,1999,2010
US_to_BR_retrospective,exclude_screen_flags,ridge,,1147,6060011780,0.015538399829905177,0.07893108009362229,146,1999,2010
US_to_BR_retrospective,exclude_screen_flags,ridge,,1154,6060016970,0.48258478754930234,1.0422375545232279,146,1999,2010
US_to_BR_retrospective,exclude_screen_flags,ridge,,1165,6060016970,0.05479982376369222,0.07909319498089132,146,1999,2010
US_to_BR_retrospective,exclude_screen_flags,ridge,,1166,6060016970,0.014522934335615542,0.03336966753336407,146,1999,2010
US_to_BR_retrospective,exclude_screen_flags,ridge,,1167,6060016970,0.03264110433035375,0.045379665599274976,146,1999,2010
US_to_BR_retrospective,exclude_screen_flags,ridge,,1168,6060016970,0.004896246633112871,0.024045481637372024,146,1999,2010
US_to_BR_retrospective,exclude_screen_flags,ridge,,1169,6060016970,0.013041530056196318,0.03432339166247664,146,1999,2010
US_to_BR_retrospective,exclude_screen_flags,ridge,,1170,6060016970,0.03804636339214665,0.049082335643268665,146,1999,2010
US_to_BR_retrospective,exclude_screen_flags,ridge,,1174,6060016970,0.06398807783334522,0.14539508015884006,146,1999,2010
US_to_BR_retrospective,exclude_screen_flags,ridge,,1175,6060016970,0.2278760279754066,0.21157631570895513,146,1999,2010
US_to_BR_retrospective,exclude_screen_flags,ridge,,1176,6060016970,0.00962361517368614,0.03810129669227377,146,1999,2010
US_to_BR_retrospective,exclude_screen_flags,ridge,,1177,6060016970,0.010775039562047502,0.04339563903206056,146,1999,2010
US_to_BR_retrospective,exclude_screen_flags,ridge,,1178,6060013750,0.06968261547283974,0.0933683719791869,146,1999,2010
US_to_BR_retrospective,exclude_screen_flags,ridge,,1179,6060016970,0.009002203183222915,0.04093651552775304,146,1999,2010
US_to_BR_retrospective,exclude_screen_flags,ridge,,1182,6060016970,0.003226682132372223,0.033956988178170056,146,1999,2010
US_to_BR_retrospective,exclude_screen_flags,ridge,,1183,6060016970,0.006194988409264891,0.03181998878522649,146,1999,2010
US_to_BR_retrospective,exclude_screen_flags,ridge,,1186,6060013750,0.22028708651873619,0.2001137953085382,146,1999,2010
US_to_BR_retrospective,exclude_screen_flags,ridge,,1187,6060013750,0.05586008482184328,0.08184378642978363,146,1999,2010
US_to_BR_retrospective,exclude_screen_flags,ridge,,1191,6060016970,0.453581512388476,0.49909399901643925,146,1999,2010
US_to_BR_retrospective,exclude_screen_flags,ridge,,1192,6060016970,0.25037268751853164,0.3069477966980239,146,1999,2010
US_to_BR_retrospective,exclude_screen_flags,ridge,,1195,6060016970,0.017870733285531043,0.048955135729358445,146,1999,2010
US_to_BR_retrospective,exclude_screen_flags,ridge,,1196,6060016970,0.02853172397064381,0.05624038203471715,146,1999,2010
US_to_BR_retrospective,exclude_screen_flags,ridge,,1198,6060016970,0.17937642630030817,0.16692484203017033,146,1999,2010
US_to_BR_retrospective,exclude_screen_flags,ridge,,1199,6060016760,0.04634934107003942,0.09891276680043218,146,1999,2010
US_to_BR_retrospective,exclude_screen_flags,ridge,,1200,6060016760,0.0717300944791795,0.09814924930479152,146,1999,2010
US_to_BR_retrospective,exclude_screen_flags,ridge,,1201,6060015560,0.19735753457017197,0.1898364228793237,146,1999,2010
US_to_BR_retrospective,exclude_screen_flags,ridge,,1202,6060015560,0.04625499102008036,0.06661621613720525,146,1999,2010
US_to_BR_retrospective,exclude_screen_flags,ridge,,13435,6060013420,0.008285743241785336,0.05271236948691729,146,1999,2010
US_to_BR_retrospective,exclude_screen_flags,ridge,,13477,6060016970,0.0030196517971885885,0.028848001736529738,146,1999,2010
US_to_BR_retrospective,exclude_screen_flags,ridge,,197,6060009760,0.14948977772118954,0.14966380192286843,146,1999,2010
US_to_BR_retrospective,exclude_screen_flags,ridge,,198,6060011780,0.016513504671146834,0.0850340811468843,146,1999,2010
US_to_BR_retrospective,exclude_screen_flags,ridge,,201,6060007950,0.02581436086770112,0.21615258523063438,146,1999,2010
US_to_BR_retrospective,exclude_screen_flags,ridge,,202,6060007950,0.3440314527118721,0.36128947389023613,146,1999,2010
US_to_BR_retrospective,exclude_screen_flags,ridge,,203,6060011780,0.36738124882113904,0.39344216225986073,146,1999,2010
US_to_BR_retrospective,exclude_screen_flags,ridge,,204,6060016970,0.20186030341636904,0.11637238151642887,146,1999,2010
US_to_BR_retrospective,exclude_screen_flags,ridge,,205,6060016970,0.126467830862241,0.2464435558581511,146,1999,2010
US_to_BR_retrospective,exclude_screen_flags,ridge,,206,6060016970,0.0531391459024513,0.05537900076283536,146,1999,2010
US_to_BR_retrospective,exclude_screen_flags,ridge,,207,6060016970,0.20904500872834825,0.21970961712593445,146,1999,2010
US_to_BR_retrospective,exclude_screen_flags,ridge,,208,6060016970,0.035571482680546364,0.07696533156464569,146,1999,2010
US_to_BR_retrospective,exclude_screen_flags,ridge,,209,6060016970,0.014402877168111495,0.030690702652466206,146,1999,2010
US_to_BR_retrospective,exclude_screen_flags,ridge,,210,6060016970,0.024608854652394346,0.027874016749516728,146,1999,2010
US_to_BR_retrospective,exclude_screen_flags,ridge,,211,6060016970,0.0375761424301017,0.0573553416937147,146,1999,2010
US_to_BR_retrospective,exclude_screen_flags,ridge,,212,6060016970,0.03178008471686694,0.06312163614884175,146,1999,2010
US_to_BR_retrospective,exclude_screen_flags,ridge,,213,6060016970,0.13153628533706824,0.07025879795537532,146,1999,2010
US_to_BR_retrospective,exclude_screen_flags,ridge,,214,6060016970,0.21844301389331183,0.23736909836437667,146,1999,2010
US_to_BR_retrospective,exclude_screen_flags,ridge,,215,6060016970,0.00644735468627297,0.02239522346768069,146,1999,2010
US_to_BR_retrospective,exclude_screen_flags,ridge,,216,6060016970,0.013416882873603873,0.03639439439989356,146,1999,2010
US_to_BR_retrospective,exclude_screen_flags,ridge,,217,6060016970,0.05699435179103193,0.09393405923701559,146,1999,2010
US_to_BR_retrospective,exclude_screen_flags,ridge,,218,6060016970,0.12840257330509575,0.16996730733104054,146,1999,2010
US_to_BR_retrospective,exclude_screen_flags,ridge,,219,6060016970,0.015373456822749244,0.0337689770894361,146,1999,2010
US_to_BR_retrospective,exclude_screen_flags,ridge,,220,6060016970,0.06626703546888321,0.10647257168591762,146,1999,2010
US_to_BR_retrospective,exclude_screen_flags,ridge,,221,6060016970,0.08523932220641248,0.08422286086205732,146,1999,2010
US_to_BR_retrospective,exclude_screen_flags,ridge,,222,6060016970,0.14688711243057964,0.16091058818421677,146,1999,2010
US_to_BR_retrospective,exclude_screen_flags,ridge,,223,6060013750,0.2093873097513461,0.15848054767657627,146,1999,2010
US_to_BR_retrospective,exclude_screen_flags,ridge,,225,6060016970,0.025973868472902645,0.06060130761069041,146,1999,2010
US_to_BR_retrospective,exclude_screen_flags,ridge,,226,6060016970,0.03390302738565481,0.0761775016315156,146,1999,2010
US_to_BR_retrospective,exclude_screen_flags,ridge,,228,6060016760,0.24050080923475659,0.33427441855745527,146,1999,2010
US_to_BR_retrospective,exclude_screen_flags,ridge,,229,6060015560,0.1344295002452387,0.25017640117297657,146,1999,2010
US_to_BR_retrospective,exclude_screen_flags,ridge,,26,6060007950,0.1610421735228621,0.194103783294343,146,1999,2010
US_to_BR_retrospective,exclude_screen_flags,ridge,,27,6060011780,0.21935146682547693,0.2857200647210978,146,1999,2010
US_to_BR_retrospective,exclude_screen_flags,ridge,,28,6060016970,0.015760179377250473,0.029080101706080774,146,1999,2010
US_to_BR_retrospective,exclude_screen_flags,ridge,,28512,6060016970,0.005104449711395079,0.04080913156026203,146,1999,2010
US_to_BR_retrospective,exclude_screen_flags,ridge,,29,6060016970,0.009394395687515482,0.02633752079984414,146,1999,2010
US_to_BR_retrospective,exclude_screen_flags,ridge,,30,6060016970,0.01456099573533467,0.029158149695116098,146,1999,2010
US_to_BR_retrospective,exclude_screen_flags,ridge,,3464,6060013420,0.0025825778702569433,0.04776066538477494,146,1999,2010
US_to_BR_retrospective,exclude_screen_flags,ridge,,3472,6060016970,0.004403564873833402,0.03143063616016051,146,1999,2010
US_to_BR_retrospective,exclude_screen_flags,ridge,,3481,6060014460,0.19810039108073807,0.18626740590936475,146,1999,2010
US_to_BR_retrospective,exclude_screen_flags,ridge,,3483,6060016970,0.6851183600961861,0.2315279856116758,146,1999,2010
US_to_BR_retrospective,exclude_screen_flags,ridge,,3486,6060016760,0.03905854412862557,0.068009034683992,146,1999,2010
US_to_BR_retrospective,exclude_screen_flags,ridge,,3491,6060015560,0.06939218854386633,0.0649560725780507,146,1999,2010
US_to_BR_retrospective,exclude_screen_flags,ridge,,40670,6060013420,0.041654511143261255,0.07461902120674702,146,1999,2010
US_to_BR_retrospective,exclude_screen_flags,ridge,,40862,6060013430,0.008525533835218731,0.05604863077087813,146,1999,2010
US_to_BR_retrospective,exclude_screen_flags,ridge,,41066,6060015560,0.004850844396302088,0.07543567090420714,146,1999,2010
US_to_BR_retrospective,exclude_screen_flags,ridge,,6874,6060016760,0.33142262222548674,0.15349287821046906,146,1999,2010
US_to_BR_retrospective,exclude_screen_flags,ridge,,6875,6060016970,0.020580097384573046,0.03435534710464164,146,1999,2010
US_to_BR_retrospective,exclude_screen_flags,ridge,,6878,6060007950,0.18692196450990484,0.04566961688876581,146,1999,2010
US_to_BR_retrospective,exclude_screen_flags,ridge,,6879,6060016760,0.015110566936432878,0.04751688108235305,146,1999,2010
US_to_BR_retrospective,exclude_screen_flags,ridge,,6883,6060007950,0.020077496945917213,0.1449882431085008,146,1999,2010
US_to_BR_retrospective,exclude_screen_flags,ridge,,7256,6060016970,0.029625151112564512,0.027981471563946536,146,1999,2010
US_to_BR_retrospective,exclude_screen_flags,ridge,,7257,6060016970,0.033195674674368486,0.02797165656460221,146,1999,2010
US_to_BR_retrospective,exclude_screen_flags,ridge,,7259,6060016970,0.021801070557343774,0.03433549280690218,146,1999,2010
US_to_BR_retrospective,exclude_screen_flags,ridge,,7263,6060015560,0.015137687511056529,0.07391867217142123,146,1999,2010
US_to_BR_retrospective,exclude_screen_flags,ridge,,7270,6060016970,2.9466869428392818e-05,0.029034507362219186,146,1999,2010
US_to_BR_retrospective,exclude_screen_flags,ridge,,7274,6060016760,0.07253846404867197,0.07027040830754971,146,1999,2010
US_to_BR_retrospective,exclude_screen_flags,ridge,,7424,6060015560,0.009991483589237384,0.07687996828761884,146,1999,2010
US_to_BR_retrospective,exclude_screen_flags,ridge,,8393,6060016970,0.0023328943737665427,0.043076225301658166,146,1999,2010
US_to_BR_retrospective,exclude_screen_flags,ridge,,8396,6060016970,0.007418562814269232,0.031423158351312486,146,1999,2010
US_to_BR_retrospective,exclude_screen_flags,ridge,,8448,6060015560,0.009136195841869895,0.0459589990400488,146,1999,2010
US_chronological_basin,exclude_screen_flags,rf,0.0,1017,7060047060,0.3767102226800422,0.3358033122264613,44,1999,2010
US_chronological_basin,exclude_screen_flags,rf,0.0,1026,7060047060,0.25625519090176824,0.33182875038780424,44,1999,2010
US_chronological_basin,exclude_screen_flags,rf,0.0,1033,7060047060,0.3421777595752805,0.35675293720087325,44,1999,2010
US_chronological_basin,exclude_screen_flags,rf,0.0,1036,7060047060,0.1994634532561202,0.2959720265255113,44,1999,2010
US_chronological_basin,exclude_screen_flags,rf,0.0,1042,7060047060,0.3086252424534333,0.3718210466563854,44,1999,2010
US_chronological_basin,exclude_screen_flags,rf,0.0,1067,7060047060,0.5998478490301629,0.41779264908710745,44,1999,2010
US_chronological_basin,exclude_screen_flags,rf,0.0,1092,7060047060,0.5538973189418028,0.4159538696489193,44,1999,2010
US_chronological_basin,exclude_screen_flags,rf,0.0,1101,7060047060,0.5732890822190376,0.4063523326783015,44,1999,2010
US_chronological_basin,exclude_screen_flags,rf,0.0,1112,7060047060,0.45299004517635705,0.37653714746789985,44,1999,2010
US_chronological_basin,exclude_screen_flags,rf,0.0,1121,7060047060,0.29573686102470564,0.3154779820073216,44,1999,2010
US_chronological_basin,exclude_screen_flags,rf,0.0,1122,7060047060,0.4731408184743925,0.39299292968744554,44,1999,2010
US_chronological_basin,exclude_screen_flags,rf,0.0,1125,7060047060,0.29573686102470564,0.3154779820073216,44,1999,2010
US_chronological_basin,exclude_screen_flags,rf,0.0,1127,7060047060,0.5284257833617235,0.4149290793039259,44,1999,2010
US_chronological_basin,exclude_screen_flags,rf,0.0,1192,7060047060,0.15622551667530427,0.20803120514233026,44,1999,2010
US_chronological_basin,exclude_screen_flags,rf,0.0,1586,7060047060,0.10090961354906709,0.20706329874714322,44,1999,2010
US_chronological_basin,exclude_screen_flags,rf,0.0,1587,7060047060,0.2531868046723131,0.3204604962668758,44,1999,2010
US_chronological_basin,exclude_screen_flags,rf,0.0,1592,7060047060,0.32577126117645455,0.29508017041211937,44,1999,2010
US_chronological_basin,exclude_screen_flags,rf,0.0,1595,7060047060,0.09734368127010831,0.20050484264273202,44,1999,2010
US_chronological_basin,exclude_screen_flags,rf,0.0,1600,7060047060,0.1485302141903988,0.21770113751697615,44,1999,2010
US_chronological_basin,exclude_screen_flags,rf,0.0,1617,7060047060,0.24687425297109888,0.344514399990307,44,1999,2010
US_chronological_basin,exclude_screen_flags,rf,0.0,1619,7060047060,0.13245760053603373,0.31446989065642295,44,1999,2010
US_chronological_basin,exclude_screen_flags,rf,0.0,1620,7060047060,0.26035611659680125,0.328835170972305,44,1999,2010
US_chronological_basin,exclude_screen_flags,rf,0.0,1631,7060047060,0.11543700302138789,0.25967346961187093,44,1999,2010
US_chronological_basin,exclude_screen_flags,rf,0.0,1634,7060047060,0.16133901010123658,0.20651310862287134,44,1999,2010
US_chronological_basin,exclude_screen_flags,rf,0.0,1636,7060047060,0.3431055207314706,0.40094044879034785,44,1999,2010
US_chronological_basin,exclude_screen_flags,rf,0.0,1645,7060047060,0.4370375957767413,0.3852612748069461,44,1999,2010
US_chronological_basin,exclude_screen_flags,rf,0.0,1650,7060047060,0.15935517429417478,0.3334824993786592,44,1999,2010
US_chronological_basin,exclude_screen_flags,rf,0.0,1654,7060047060,0.4218435553220696,0.3908668761957936,44,1999,2010
US_chronological_basin,exclude_screen_flags,rf,0.0,1655,7060047060,0.2436515966980656,0.32071876069721683,44,1999,2010
US_chronological_basin,exclude_screen_flags,rf,0.0,1656,7060047060,0.1692126379774312,0.20623238704049218,44,1999,2010
US_chronological_basin,exclude_screen_flags,rf,0.0,1683,7060047060,0.39011694488410237,0.3365870583370563,44,1999,2010
US_chronological_basin,exclude_screen_flags,rf,0.0,1691,7060047060,0.09129167479621161,0.2067284307564885,44,1999,2010
US_chronological_basin,exclude_screen_flags,rf,0.0,1699,7060047060,0.08642534293446677,0.20172347856366563,44,1999,2010
US_chronological_basin,exclude_screen_flags,rf,0.0,1703,7060047060,0.6719276083841421,0.4166543972824616,44,1999,2010
US_chronological_basin,exclude_screen_flags,rf,0.0,1706,7060047060,0.1311194154359323,0.20710024169534136,44,1999,2010
US_chronological_basin,exclude_screen_flags,rf,0.0,1707,7060047060,0.20455684515248346,0.3179426158338885,44,1999,2010
US_chronological_basin,exclude_screen_flags,rf,0.0,1709,7060047060,0.07526172636281764,0.2023943573976199,44,1999,2010
US_chronological_basin,exclude_screen_flags,rf,0.0,1712,7060047060,0.08719223605780649,0.21089423381941763,44,1999,2010
US_chronological_basin,exclude_screen_flags,rf,0.0,1713,7060047060,0.18000550115060232,0.31999948403385015,44,1999,2010
US_chronological_basin,exclude_screen_flags,rf,0.0,1714,7060047060,0.2897810133158173,0.346845559045193,44,1999,2010
US_chronological_basin,exclude_screen_flags,rf,0.0,1718,7060047060,0.39473955746223194,0.39107800338952414,44,1999,2010
US_chronological_basin,exclude_screen_flags,rf,0.0,1723,7060047060,0.1521229922142396,0.2181549309675422,44,1999,2010
US_chronological_basin,exclude_screen_flags,rf,0.0,1726,7060047060,0.09003522408520709,0.20710024169534136,44,1999,2010
US_chronological_basin,exclude_screen_flags,rf,0.0,1735,7060047060,0.058837077999626425,0.2219798322204351,44,1999,2010
US_chronological_basin,exclude_screen_flags,rf,0.0,1739,7060047060,0.2695208573168532,0.3318108776732309,44,1999,2010
US_chronological_basin,exclude_screen_flags,rf,0.0,1740,7060047060,0.1589239050565217,0.20651310862287134,44,1999,2010
US_chronological_basin,exclude_screen_flags,rf,0.0,1741,7060047060,0.3146143807409897,0.33817703853647574,44,1999,2010
US_chronological_basin,exclude_screen_flags,rf,0.0,1742,7060047060,0.07137936169626372,0.2038887935675725,44,1999,2010
US_chronological_basin,exclude_screen_flags,rf,0.0,1744,7060047060,0.21324280186253827,0.25156440204146807,44,1999,2010
US_chronological_basin,exclude_screen_flags,rf,0.0,1752,7060047060,0.02732428109480984,0.18988418547468924,44,1999,2010
US_chronological_basin,exclude_screen_flags,rf,0.0,1753,7060047060,0.03384360187055937,0.19017152717897645,44,1999,2010
US_chronological_basin,exclude_screen_flags,rf,0.0,1754,7060047060,0.09361807153219687,0.2691253565329015,44,1999,2010
US_chronological_basin,exclude_screen_flags,rf,0.0,1755,7060047060,0.5328497903478746,0.39233491727385933,44,1999,2010
US_chronological_basin,exclude_screen_flags,rf,0.0,1756,7060047060,0.3989681966623302,0.4021927027984446,44,1999,2010
US_chronological_basin,exclude_screen_flags,rf,0.0,1762,7060047060,0.45114957503417075,0.4145660081787908,44,1999,2010
US_chronological_basin,exclude_screen_flags,rf,0.0,1768,7060047060,0.010814949128347996,0.1903007974103716,44,1999,2010
US_chronological_basin,exclude_screen_flags,rf,0.0,1775,7060047060,0.32364286594823655,0.36094666743000675,44,1999,2010
US_chronological_basin,exclude_screen_flags,rf,0.0,1777,7060047060,0.28909389421808096,0.3281293304719556,44,1999,2010
US_chronological_basin,exclude_screen_flags,rf,0.0,1848,7060047060,0.4800253185821163,0.4087044724749829,44,1999,2010
US_chronological_basin,exclude_screen_flags,rf,0.0,1864,7060047060,0.5318920034094353,0.4011678897790749,44,1999,2010
US_chronological_basin,exclude_screen_flags,rf,0.0,1869,7060047060,0.6181993694029077,0.3921060615691767,44,1999,2010
US_chronological_basin,exclude_screen_flags,rf,0.0,300,7060047060,0.5006788204045888,0.4207599259272579,44,1999,2010
US_chronological_basin,exclude_screen_flags,rf,0.0,307,7060047060,0.13528669233477014,0.2120878514379899,44,1999,2010
US_chronological_basin,exclude_screen_flags,rf,0.0,319,7060047060,0.23720243735094432,0.3329303988914996,44,1999,2010
US_chronological_basin,exclude_screen_flags,rf,0.0,355,7060047060,0.12272469188767605,0.19725849711151827,44,1999,2010
US_chronological_basin,exclude_screen_flags,rf,0.0,362,7060047060,0.3864645066597572,0.3696160852203246,44,1999,2010
US_chronological_basin,exclude_screen_flags,rf,0.0,364,7060047060,0.16167768783006337,0.19753921869389743,44,1999,2010
US_chronological_basin,exclude_screen_flags,rf,0.0,368,7060047060,0.4096064798436735,0.40065516334994533,44,1999,2010
US_chronological_basin,exclude_screen_flags,rf,0.0,373,7060047060,0.37558580011839665,0.4110202695608027,44,1999,2010
US_chronological_basin,exclude_screen_flags,rf,0.0,393,7060047060,0.2235727680227117,0.29821109822763747,44,1999,2010
US_chronological_basin,exclude_screen_flags,rf,0.0,398,7060047060,0.2636061818578061,0.3175875504585127,44,1999,2010
US_chronological_basin,exclude_screen_flags,rf,0.0,399,7060047060,0.13580253516247806,0.24436189701070987,44,1999,2010
US_chronological_basin,exclude_screen_flags,rf,0.0,415,7060047060,0.07439807135004639,0.2199537565471343,44,1999,2010
US_chronological_basin,exclude_screen_flags,rf,0.0,416,7060047060,0.18256724140525943,0.1997751347827424,44,1999,2010
US_chronological_basin,exclude_screen_flags,rf,0.0,421,7060047060,0.2531768818393909,0.4029072633183619,44,1999,2010
US_chronological_basin,exclude_screen_flags,rf,0.0,500,7060047060,0.35710034798351037,0.4044268664849491,44,1999,2010
US_chronological_basin,exclude_screen_flags,rf,0.0,505,7060047060,0.23801375600200253,0.28006605778164906,44,1999,2010
US_chronological_basin,exclude_screen_flags,rf,0.0,511,7060047060,0.08335690047648478,0.22945925662547068,44,1999,2010
US_chronological_basin,exclude_screen_flags,rf,0.0,522,7060047060,0.0714074460062018,0.19699599023777162,44,1999,2010
US_chronological_basin,exclude_screen_flags,rf,0.0,529,7060047060,0.2180083634577566,0.31991635366205307,44,1999,2010
US_chronological_basin,exclude_screen_flags,rf,0.0,530,7060047060,0.24882530842092745,0.309960982026965,44,1999,2010
US_chronological_basin,exclude_screen_flags,rf,0.0,533,7060047060,0.050322851451944275,0.19753921869389743,44,1999,2010
US_chronological_basin,exclude_screen_flags,rf,0.0,7313,7060047060,0.1875167246437205,0.28006605778164906,44,1999,2010
US_chronological_basin,exclude_screen_flags,rf,0.0,7318,7060047060,0.011418187875291395,0.19753921869389743,44,1999,2010
US_chronological_basin,exclude_screen_flags,rf,0.0,753,7060047060,0.15115842356726944,0.30817073552023216,44,1999,2010
US_chronological_basin,exclude_screen_flags,rf,0.0,777,7060047060,0.2787970887167416,0.3164321573132148,44,1999,2010
US_chronological_basin,exclude_screen_flags,rf,0.0,780,7060047060,0.44557927107970197,0.4346585491753594,44,1999,2010
US_chronological_basin,exclude_screen_flags,rf,0.0,784,7060047060,0.21568170232054204,0.3738230029829912,44,1999,2010
US_chronological_basin,exclude_screen_flags,rf,0.0,798,7060047060,0.22989713112567728,0.4267647594023915,44,1999,2010
US_chronological_basin,exclude_screen_flags,rf,0.0,837,7060047060,0.1446783707599708,0.42259870536544597,44,1999,2010
US_chronological_basin,exclude_screen_flags,rf,0.0,868,7060047060,0.6617214722807061,0.3924283822960321,44,1999,2010
US_chronological_basin,exclude_screen_flags,rf,0.0,870,7060047060,0.05728962862512673,0.2716007740570488,44,1999,2010
US_chronological_basin,exclude_screen_flags,rf,0.0,882,7060047060,0.07487405610658132,0.19002007582799244,44,1999,2010
US_chronological_basin,exclude_screen_flags,rf,0.0,884,7060047060,0.058890091762423005,0.1852962550214592,44,1999,2010
US_chronological_basin,exclude_screen_flags,rf,0.0,885,7060047060,0.060213697559366314,0.18744335115009034,44,1999,2010
US_chronological_basin,exclude_screen_flags,rf,0.0,893,7060047060,0.3039675883467522,0.4162804799485815,44,1999,2010
US_chronological_basin,exclude_screen_flags,rf,0.0,895,7060047060,0.01200902548294359,0.18548674232453582,44,1999,2010
US_chronological_basin,exclude_screen_flags,rf,0.0,898,7060047060,0.48096220456095834,0.37739922402348314,44,1999,2010
US_chronological_basin,exclude_screen_flags,rf,0.0,920,7060047060,0.009702717289224134,0.1894009319298741,44,1999,2010
US_chronological_basin,exclude_screen_flags,rf,0.0,931,7060047060,1.2052396392304092,0.42452583236090746,44,1999,2010
US_chronological_basin,exclude_screen_flags,rf,0.0,938,7060047060,0.3968494669462763,0.40175281228470666,44,1999,2010
US_chronological_basin,exclude_screen_flags,rf,0.0,939,7060047060,0.4656358493251691,0.4250278927214925,44,1999,2010
US_chronological_basin,exclude_screen_flags,rf,0.0,948,7060047060,0.5744564251171721,0.41495791656335335,44,1999,2010
US_chronological_basin,exclude_screen_flags,rf,0.0,952,7060047060,0.6166240176032683,0.4127179731113013,44,1999,2010
US_chronological_basin,exclude_screen_flags,rf,1.0,419,7060008710,0.4416205857741654,0.4258867038864973,128,1999,2010
US_chronological_basin,exclude_screen_flags,rf,1.0,423,7060008710,0.2609668929402653,0.34316790428087224,128,1999,2010
US_chronological_basin,exclude_screen_flags,rf,1.0,445,7060008710,0.22415083691444454,0.2607231854368018,128,1999,2010
US_chronological_basin,exclude_screen_flags,rf,1.0,448,7060008710,0.22427414079737434,0.24046108667725818,128,1999,2010
US_chronological_basin,exclude_screen_flags,rf,1.0,451,7060008710,0.2142445264803189,0.13383929890176516,128,1999,2010
US_chronological_basin,exclude_screen_flags,rf,1.0,469,7060008710,0.46365928111475874,0.41033764919213744,128,1999,2010
US_chronological_basin,exclude_screen_flags,rf,1.0,470,7060008710,0.30999258982574807,0.3366443111681859,128,1999,2010
US_chronological_basin,exclude_screen_flags,rf,1.0,471,7060008710,0.4998953490670137,0.43444487480206995,128,1999,2010
US_chronological_basin,exclude_screen_flags,rf,1.0,473,7060008710,0.6126285989726578,0.44632601666472305,128,1999,2010
US_chronological_basin,exclude_screen_flags,rf,1.0,488,7060008710,0.2871536416436151,0.3405444147076815,128,1999,2010
US_chronological_basin,exclude_screen_flags,rf,1.0,492,7060008710,0.44078265052452215,0.3826272962457796,128,1999,2010
US_chronological_basin,exclude_screen_flags,rf,1.0,493,7060008710,0.37871473040641057,0.4762327623852744,128,1999,2010
US_chronological_basin,exclude_screen_flags,rf,1.0,497,7060008710,0.24859788496998347,0.35796445766774115,128,1999,2010
US_chronological_basin,exclude_screen_flags,rf,1.0,502,7060008710,0.30423695353723224,0.22272267716771194,128,1999,2010
US_chronological_basin,exclude_screen_flags,rf,1.0,506,7060008710,0.4850553440011199,0.47172470166408276,128,1999,2010
US_chronological_basin,exclude_screen_flags,rf,1.0,509,7060008710,0.0984713136044381,0.25642004029761273,128,1999,2010
US_chronological_basin,exclude_screen_flags,rf,1.0,517,7060008710,0.34790247771437327,0.34981434353430063,128,1999,2010
US_chronological_basin,exclude_screen_flags,rf,1.0,518,7060008710,0.5128392897293542,0.43163015707973457,128,1999,2010
US_chronological_basin,exclude_screen_flags,rf,1.0,531,7060008710,0.1943925982432932,0.25197414091216525,128,1999,2010
US_chronological_basin,exclude_screen_flags,rf,1.0,536,7060008710,0.25250797575882156,0.22192764538499912,128,1999,2010
US_chronological_basin,exclude_screen_flags,rf,1.0,541,7060008710,0.33728275604082486,0.33679367777708097,128,1999,2010
US_chronological_basin,exclude_screen_flags,rf,1.0,542,7060008710,0.01879097640749654,0.07295651161576928,128,1999,2010
US_chronological_basin,exclude_screen_flags,rf,1.0,549,7060008710,0.17012783932082837,0.1517375993725515,128,1999,2010
US_chronological_basin,exclude_screen_flags,rf,1.0,567,7060008710,0.6561024589795234,0.513776704744208,128,1999,2010
US_chronological_basin,exclude_screen_flags,rf,1.0,574,7060008710,0.3997613582889092,0.4091721156406962,128,1999,2010
US_chronological_basin,exclude_screen_flags,rf,1.0,575,7060008710,0.34499177519350743,0.39243896244831533,128,1999,2010
US_chronological_basin,exclude_screen_flags,rf,1.0,597,7060008710,0.5041937892767199,0.4013298059117635,128,1999,2010
US_chronological_basin,exclude_screen_flags,rf,1.0,601,7060008710,0.39773586974715813,0.40610454029667603,128,1999,2010
US_chronological_basin,exclude_screen_flags,rf,2.0,131,7060014200,0.3069620663884905,0.3055482069377847,142,1999,2010
US_chronological_basin,exclude_screen_flags,rf,2.0,132,7060013550,0.21980128669475302,0.15038555989470054,142,1999,2010
US_chronological_basin,exclude_screen_flags,rf,2.0,133,7060013550,0.07419048047485194,0.06739825443896821,142,1999,2010
US_chronological_basin,exclude_screen_flags,rf,2.0,148,7060013550,0.21978420333248716,0.18184797222647395,142,1999,2010
US_chronological_basin,exclude_screen_flags,rf,2.0,168,7060013550,0.06938960549224472,0.09533603371518941,142,1999,2010
US_chronological_basin,exclude_screen_flags,rf,2.0,1761,7060042310,0.2589475273602554,0.1932749592064037,142,1999,2010
US_chronological_basin,exclude_screen_flags,rf,2.0,1776,7060043090,0.07073662060070428,0.07541634431676753,142,1999,2010
US_chronological_basin,exclude_screen_flags,rf,2.0,1782,7060042740,0.3737584223939941,0.3102162472538319,142,1999,2010
US_chronological_basin,exclude_screen_flags,rf,2.0,182,7060013550,0.18126164103477693,0.20184593549891205,142,1999,2010
US_chronological_basin,exclude_screen_flags,rf,2.0,185,7060013550,0.7485088847580722,0.5460522994916238,142,1999,2010
US_chronological_basin,exclude_screen_flags,rf,2.0,191,7060013550,0.22340545467012612,0.3070301050888545,142,1999,2010
US_chronological_basin,exclude_screen_flags,rf,2.0,193,7060013550,0.41543160456193257,0.4910276686734277,142,1999,2010
US_chronological_basin,exclude_screen_flags,rf,2.0,198,7060013550,0.3030069769194994,0.3405131791666706,142,1999,2010
US_chronological_basin,exclude_screen_flags,rf,2.0,204,7060013550,0.30221711336109347,0.4040161507939932,142,1999,2010
US_chronological_basin,exclude_screen_flags,rf,2.0,585,7060013550,0.3782257121411972,0.35086239822308096,142,1999,2010
US_chronological_basin,exclude_screen_flags,rf,2.0,592,7060013550,0.3000093946332669,0.517732528127996,142,1999,2010
US_chronological_basin,exclude_screen_flags,rf,2.0,595,7060013550,0.1074165396122517,0.21222050954437294,142,1999,2010
US_chronological_basin,exclude_screen_flags,rf,2.0,600,7060013550,0.29413407063408953,0.30110864749650373,142,1999,2010
US_chronological_basin,exclude_screen_flags,rf,2.0,605,7060013550,0.29861646818302395,0.30221099859462525,142,1999,2010
US_chronological_basin,exclude_screen_flags,rf,2.0,609,7060013550,0.21927506271712457,0.35577040930523507,142,1999,2010
US_chronological_basin,exclude_screen_flags,rf,2.0,612,7060013550,0.10733503940308617,0.17138152727192327,142,1999,2010
US_chronological_basin,exclude_screen_flags,rf,3.0,1249,7060048410,1.146030395254913,0.5458688259863043,132,1999,2010
US_chronological_basin,exclude_screen_flags,rf,3.0,169,7060013560,0.5336578409890409,0.4967476946265287,132,1999,2010
US_chronological_basin,exclude_screen_flags,rf,3.0,1796,7060042940,0.295998043259922,0.17478297695573639,132,1999,2010
US_chronological_basin,exclude_screen_flags,rf,3.0,180,7060013560,0.5874000740573897,0.46999979297291483,132,1999,2010
US_chronological_basin,exclude_screen_flags,rf,3.0,292,7060022240,0.44723456836304515,0.35883363848994043,132,1999,2010
US_chronological_basin,exclude_screen_flags,rf,3.0,310,7060014930,0.06025614607528096,0.08174692459856732,132,1999,2010
US_chronological_basin,exclude_screen_flags,rf,3.0,316,7060014930,0.22208480543124837,0.21264912351321674,132,1999,2010
US_chronological_basin,exclude_screen_flags,rf,3.0,361,7060014930,0.10503189579573496,0.157144749435422,132,1999,2010
US_chronological_basin,exclude_screen_flags,rf,3.0,367,7060014930,0.2686097219279892,0.35818856449226644,132,1999,2010
US_chronological_basin,exclude_screen_flags,rf,3.0,372,7060014930,0.30493644885189647,0.34976283502758265,132,1999,2010
US_chronological_basin,exclude_screen_flags,rf,3.0,378,7060014930,0.6498951178353334,0.5048467093634796,132,1999,2010
US_chronological_basin,exclude_screen_flags,rf,3.0,384,7060014930,0.3093526199502241,0.3170782387633392,132,1999,2010
US_chronological_basin,exclude_screen_flags,rf,3.0,386,7060014930,0.5767595458015282,0.48942809386330466,132,1999,2010
US_chronological_basin,exclude_screen_flags,rf,3.0,390,7060014930,0.30712394890011324,0.3575356625791147,132,1999,2010
US_chronological_basin,exclude_screen_flags,rf,3.0,391,7060014930,0.11565386794679762,0.1479809645476064,132,1999,2010
US_chronological_basin,exclude_screen_flags,rf,3.0,413,7060014930,0.014957428854622506,0.08217825615940906,132,1999,2010
US_chronological_basin,exclude_screen_flags,rf,3.0,55,7060014930,0.2791408868597332,0.3164906207839424,132,1999,2010
US_chronological_basin,exclude_screen_flags,rf,3.0,57,7060014930,0.3399568096450151,0.349236493462626,132,1999,2010
US_chronological_basin,exclude_screen_flags,rf,3.0,60,7060014930,0.20260488753198175,0.24947886037628375,132,1999,2010
US_chronological_basin,exclude_screen_flags,rf,3.0,63,7060014930,0.2699904997815742,0.340629036614381,132,1999,2010
US_chronological_basin,exclude_screen_flags,rf,4.0,1086,7060049270,1.068890884705972,0.4511027565499404,140,1999,2010
US_chronological_basin,exclude_screen_flags,rf,4.0,114,7060014340,0.28535177249533317,0.39806529006442226,140,1999,2010
US_chronological_basin,exclude_screen_flags,rf,4.0,1151,7060047970,0.5378042545337158,0.47029808601164547,140,1999,2010
US_chronological_basin,exclude_screen_flags,rf,4.0,1237,7060047970,0.6223175503941138,0.5233210914055975,140,1999,2010
US_chronological_basin,exclude_screen_flags,rf,4.0,1851,7060043500,0.12392692879677136,0.14963332971918095,140,1999,2010
US_chronological_basin,exclude_screen_flags,rf,4.0,1872,7060043500,0.18369572271036105,0.18931440337277444,140,1999,2010
US_chronological_basin,exclude_screen_flags,rf,4.0,1879,7060043160,0.5783266087608062,0.40100229333792187,140,1999,2010
US_chronological_basin,exclude_screen_flags,rf,4.0,1883,7060043640,0.25082374609997554,0.20818403276326441,140,1999,2010
US_chronological_basin,exclude_screen_flags,rf,4.0,223,7060013180,0.2850384019360485,0.24613015396704221,140,1999,2010
US_chronological_basin,exclude_screen_flags,rf,4.0,41,7060016090,0.30634850007316333,0.3043892689230312,140,1999,2010
US_chronological_basin,exclude_screen_flags,rf,4.0,42,7060016090,0.3638214534858144,0.3493988589781363,140,1999,2010
US_chronological_basin,exclude_screen_flags,rf,4.0,431,7060073620,0.15755469955653978,0.18267280824027343,140,1999,2010
US_chronological_basin,exclude_screen_flags,rf,4.0,438,7060073620,0.32055745003979785,0.30708363405162536,140,1999,2010
US_chronological_basin,exclude_screen_flags,rf,4.0,442,7060073620,0.2880753880040633,0.32014882991346005,140,1999,2010
US_chronological_basin,exclude_screen_flags,rf,4.0,449,7060073620,0.426066484362956,0.41233246881990093,140,1999,2010
US_chronological_basin,exclude_screen_flags,rf,4.0,450,7060073620,0.36595865847699555,0.3737345815512607,140,1999,2010
US_chronological_basin,exclude_screen_flags,rf,4.0,456,7060073620,0.2640694177067812,0.224745794224084,140,1999,2010
US_chronological_basin,exclude_screen_flags,rf,4.0,467,7060073620,0.5066104513145996,0.4114668643288209,140,1999,2010
US_chronological_basin,exclude_screen_flags,rf,4.0,477,7060073620,0.26184984754607177,0.2647198340001833,140,1999,2010
US_chronological_basin,exclude_screen_flags,rf,4.0,7308,7060043500,0.1498584901974067,0.11188659695674533,140,1999,2010
US_to_BR_retrospective,exclude_screen_flags,rf,,1131,6060007000,0.03900697047485797,0.09802731540292635,146,1999,2010
US_to_BR_retrospective,exclude_screen_flags,rf,,1145,6060011780,0.9429708577848885,0.16735540462085916,146,1999,2010
US_to_BR_retrospective,exclude_screen_flags,rf,,1146,6060011780,0.013958834376054552,0.14589365956826078,146,1999,2010
US_to_BR_retrospective,exclude_screen_flags,rf,,1147,6060011780,0.015538399829905177,0.07726367550937659,146,1999,2010
US_to_BR_retrospective,exclude_screen_flags,rf,,1154,6060016970,0.48258478754930234,0.549034213439485,146,1999,2010
US_to_BR_retrospective,exclude_screen_flags,rf,,1165,6060016970,0.05479982376369222,0.0897272322366634,146,1999,2010
US_to_BR_retrospective,exclude_screen_flags,rf,,1166,6060016970,0.014522934335615542,0.06232677830298248,146,1999,2010
US_to_BR_retrospective,exclude_screen_flags,rf,,1167,6060016970,0.03264110433035375,0.06411699269948984,146,1999,2010
US_to_BR_retrospective,exclude_screen_flags,rf,,1168,6060016970,0.004896246633112871,0.06253198235853001,146,1999,2010
US_to_BR_retrospective,exclude_screen_flags,rf,,1169,6060016970,0.013041530056196318,0.06341647065052822,146,1999,2010
US_to_BR_retrospective,exclude_screen_flags,rf,,1170,6060016970,0.03804636339214665,0.06296298987050973,146,1999,2010
US_to_BR_retrospective,exclude_screen_flags,rf,,1174,6060016970,0.06398807783334522,0.13560752476717997,146,1999,2010
US_to_BR_retrospective,exclude_screen_flags,rf,,1175,6060016970,0.2278760279754066,0.21809782334888259,146,1999,2010
US_to_BR_retrospective,exclude_screen_flags,rf,,1176,6060016970,0.00962361517368614,0.07049826462133063,146,1999,2010
US_to_BR_retrospective,exclude_screen_flags,rf,,1177,6060016970,0.010775039562047502,0.06897062095915885,146,1999,2010
US_to_BR_retrospective,exclude_screen_flags,rf,,1178,6060013750,0.06968261547283974,0.08483326248722943,146,1999,2010
US_to_BR_retrospective,exclude_screen_flags,rf,,1179,6060016970,0.009002203183222915,0.06283373678951511,146,1999,2010
US_to_BR_retrospective,exclude_screen_flags,rf,,1182,6060016970,0.003226682132372223,0.0653564696815916,146,1999,2010
US_to_BR_retrospective,exclude_screen_flags,rf,,1183,6060016970,0.006194988409264891,0.06253198235853001,146,1999,2010
US_to_BR_retrospective,exclude_screen_flags,rf,,1186,6060013750,0.22028708651873619,0.18701399576445651,146,1999,2010
US_to_BR_retrospective,exclude_screen_flags,rf,,1187,6060013750,0.05586008482184328,0.07352368160325318,146,1999,2010
US_to_BR_retrospective,exclude_screen_flags,rf,,1191,6060016970,0.453581512388476,0.46247356948428675,146,1999,2010
US_to_BR_retrospective,exclude_screen_flags,rf,,1192,6060016970,0.25037268751853164,0.3349828498463748,146,1999,2010
US_to_BR_retrospective,exclude_screen_flags,rf,,1195,6060016970,0.017870733285531043,0.06369827375346727,146,1999,2010
US_to_BR_retrospective,exclude_screen_flags,rf,,1196,6060016970,0.02853172397064381,0.06321602464123478,146,1999,2010
US_to_BR_retrospective,exclude_screen_flags,rf,,1198,6060016970,0.17937642630030817,0.1509095990023954,146,1999,2010
US_to_BR_retrospective,exclude_screen_flags,rf,,1199,6060016760,0.04634934107003942,0.10257461221203,146,1999,2010
US_to_BR_retrospective,exclude_screen_flags,rf,,1200,6060016760,0.0717300944791795,0.10085531383093978,146,1999,2010
US_to_BR_retrospective,exclude_screen_flags,rf,,1201,6060015560,0.19735753457017197,0.17197001252918662,146,1999,2010
US_to_BR_retrospective,exclude_screen_flags,rf,,1202,6060015560,0.04625499102008036,0.06567199504752605,146,1999,2010
US_to_BR_retrospective,exclude_screen_flags,rf,,13435,6060013420,0.008285743241785336,0.08821233238453388,146,1999,2010
US_to_BR_retrospective,exclude_screen_flags,rf,,13477,6060016970,0.0030196517971885885,0.06253198235853001,146,1999,2010
US_to_BR_retrospective,exclude_screen_flags,rf,,197,6060009760,0.14948977772118954,0.1389116734797817,146,1999,2010
US_to_BR_retrospective,exclude_screen_flags,rf,,198,6060011780,0.016513504671146834,0.08059847190015702,146,1999,2010
US_to_BR_retrospective,exclude_screen_flags,rf,,201,6060007950,0.02581436086770112,0.20338516810344245,146,1999,2010
US_to_BR_retrospective,exclude_screen_flags,rf,,202,6060007950,0.3440314527118721,0.3736147892921282,146,1999,2010
US_to_BR_retrospective,exclude_screen_flags,rf,,203,6060011780,0.36738124882113904,0.411449663053662,146,1999,2010
US_to_BR_retrospective,exclude_screen_flags,rf,,204,6060016970,0.20186030341636904,0.12229690217233807,146,1999,2010
US_to_BR_retrospective,exclude_screen_flags,rf,,205,6060016970,0.126467830862241,0.259056477728627,146,1999,2010
US_to_BR_retrospective,exclude_screen_flags,rf,,206,6060016970,0.0531391459024513,0.06390194430958132,146,1999,2010
US_to_BR_retrospective,exclude_screen_flags,rf,,207,6060016970,0.20904500872834825,0.2340013208491748,146,1999,2010
US_to_BR_retrospective,exclude_screen_flags,rf,,208,6060016970,0.035571482680546364,0.08015091924486668,146,1999,2010
US_to_BR_retrospective,exclude_screen_flags,rf,,209,6060016970,0.014402877168111495,0.06240272927753538,146,1999,2010
US_to_BR_retrospective,exclude_screen_flags,rf,,210,6060016970,0.024608854652394346,0.06253198235853001,146,1999,2010
US_to_BR_retrospective,exclude_screen_flags,rf,,211,6060016970,0.0375761424301017,0.06431617824854982,146,1999,2010
US_to_BR_retrospective,exclude_screen_flags,rf,,212,6060016970,0.03178008471686694,0.0714537744925652,146,1999,2010
US_to_BR_retrospective,exclude_screen_flags,rf,,213,6060016970,0.13153628533706824,0.06517562320273952,146,1999,2010
US_to_BR_retrospective,exclude_screen_flags,rf,,214,6060016970,0.21844301389331183,0.2459225709376593,146,1999,2010
US_to_BR_retrospective,exclude_screen_flags,rf,,215,6060016970,0.00644735468627297,0.06253198235853001,146,1999,2010
US_to_BR_retrospective,exclude_screen_flags,rf,,216,6060016970,0.013416882873603873,0.06232677830298248,146,1999,2010
US_to_BR_retrospective,exclude_screen_flags,rf,,217,6060016970,0.05699435179103193,0.09046141272434521,146,1999,2010
US_to_BR_retrospective,exclude_screen_flags,rf,,218,6060016970,0.12840257330509575,0.14994423267382298,146,1999,2010
US_to_BR_retrospective,exclude_screen_flags,rf,,219,6060016970,0.015373456822749244,0.06240272927753538,146,1999,2010
US_to_BR_retrospective,exclude_screen_flags,rf,,220,6060016970,0.06626703546888321,0.10454546394551262,146,1999,2010
US_to_BR_retrospective,exclude_screen_flags,rf,,221,6060016970,0.08523932220641248,0.07337873651814063,146,1999,2010
US_to_BR_retrospective,exclude_screen_flags,rf,,222,6060016970,0.14688711243057964,0.14089136436081007,146,1999,2010
US_to_BR_retrospective,exclude_screen_flags,rf,,223,6060013750,0.2093873097513461,0.1403963286900907,146,1999,2010
US_to_BR_retrospective,exclude_screen_flags,rf,,225,6060016970,0.025973868472902645,0.06349122329865606,146,1999,2010
US_to_BR_retrospective,exclude_screen_flags,rf,,226,6060016970,0.03390302738565481,0.06730316755807966,146,1999,2010
US_to_BR_retrospective,exclude_screen_flags,rf,,228,6060016760,0.24050080923475659,0.3507960223157553,146,1999,2010
US_to_BR_retrospective,exclude_screen_flags,rf,,229,6060015560,0.1344295002452387,0.2406333096653863,146,1999,2010
US_to_BR_retrospective,exclude_screen_flags,rf,,26,6060007950,0.1610421735228621,0.18582286603310766,146,1999,2010
US_to_BR_retrospective,exclude_screen_flags,rf,,27,6060011780,0.21935146682547693,0.3460755889176241,146,1999,2010
US_to_BR_retrospective,exclude_screen_flags,rf,,28,6060016970,0.015760179377250473,0.06253198235853001,146,1999,2010
US_to_BR_retrospective,exclude_screen_flags,rf,,28512,6060016970,0.005104449711395079,0.06334527772222942,146,1999,2010
US_to_BR_retrospective,exclude_screen_flags,rf,,29,6060016970,0.009394395687515482,0.06296298987050973,146,1999,2010
US_to_BR_retrospective,exclude_screen_flags,rf,,30,6060016970,0.01456099573533467,0.06253198235853001,146,1999,2010
US_to_BR_retrospective,exclude_screen_flags,rf,,3464,6060013420,0.0025825778702569433,0.08840599513651998,146,1999,2010
US_to_BR_retrospective,exclude_screen_flags,rf,,3472,6060016970,0.004403564873833402,0.06253198235853001,146,1999,2010
US_to_BR_retrospective,exclude_screen_flags,rf,,3481,6060014460,0.19810039108073807,0.15365908277062473,146,1999,2010
US_to_BR_retrospective,exclude_screen_flags,rf,,3483,6060016970,0.6851183600961861,0.20844700603933713,146,1999,2010
US_to_BR_retrospective,exclude_screen_flags,rf,,3486,6060016760,0.03905854412862557,0.09019457840757332,146,1999,2010
US_to_BR_retrospective,exclude_screen_flags,rf,,3491,6060015560,0.06939218854386633,0.06758148569290374,146,1999,2010
US_to_BR_retrospective,exclude_screen_flags,rf,,40670,6060013420,0.041654511143261255,0.0958807776759421,146,1999,2010
US_to_BR_retrospective,exclude_screen_flags,rf,,40862,6060013430,0.008525533835218731,0.09578335826546311,146,1999,2010
US_to_BR_retrospective,exclude_screen_flags,rf,,41066,6060015560,0.004850844396302088,0.10728616382324647,146,1999,2010
US_to_BR_retrospective,exclude_screen_flags,rf,,6874,6060016760,0.33142262222548674,0.15625457440770635,146,1999,2010
US_to_BR_retrospective,exclude_screen_flags,rf,,6875,6060016970,0.020580097384573046,0.0790563212273936,146,1999,2010
US_to_BR_retrospective,exclude_screen_flags,rf,,6878,6060007950,0.18692196450990484,0.08097562336402206,146,1999,2010
US_to_BR_retrospective,exclude_screen_flags,rf,,6879,6060016760,0.015110566936432878,0.0830295911029983,146,1999,2010
US_to_BR_retrospective,exclude_screen_flags,rf,,6883,6060007950,0.020077496945917213,0.15866751957093592,146,1999,2010
US_to_BR_retrospective,exclude_screen_flags,rf,,7256,6060016970,0.029625151112564512,0.06346737828727261,146,1999,2010
US_to_BR_retrospective,exclude_screen_flags,rf,,7257,6060016970,0.033195674674368486,0.06346737828727261,146,1999,2010
US_to_BR_retrospective,exclude_screen_flags,rf,,7259,6060016970,0.021801070557343774,0.0790563212273936,146,1999,2010
US_to_BR_retrospective,exclude_screen_flags,rf,,7263,6060015560,0.015137687511056529,0.0990884147961696,146,1999,2010
US_to_BR_retrospective,exclude_screen_flags,rf,,7270,6060016970,2.9466869428392818e-05,0.06253198235853001,146,1999,2010
US_to_BR_retrospective,exclude_screen_flags,rf,,7274,6060016760,0.07253846404867197,0.0944490785353217,146,1999,2010
US_to_BR_retrospective,exclude_screen_flags,rf,,7424,6060015560,0.009991483589237384,0.10571695945796643,146,1999,2010
US_to_BR_retrospective,exclude_screen_flags,rf,,8393,6060016970,0.0023328943737665427,0.07078581081459716,146,1999,2010
US_to_BR_retrospective,exclude_screen_flags,rf,,8396,6060016970,0.007418562814269232,0.06560520267138543,146,1999,2010
US_to_BR_retrospective,exclude_screen_flags,rf,,8448,6060015560,0.009136195841869895,0.06518974593529357,146,1999,2010
