country,ID,period,flagged,LAT,LON,early_start,early_end,late_start,late_end,early_nyears,late_nyears,mean_shift,season_shift,abs_shape_change,early_shape,early_ratio,early_low10,early_cv,early_zero_delta,early_mean_in,early_concentration,early_trend,early_month1,early_month2,early_month3,early_month4,early_month5,early_month6,early_month7,early_month8,early_month9,early_month10,early_month11,early_month12,late_shape,late_ratio,late_low10,late_cv,late_zero_delta,late_mean_in,late_concentration,late_trend,late_month1,late_month2,late_month3,late_month4,late_month5,late_month6,late_month7,late_month8,late_month9,late_month10,late_month11,late_month12,MAIN_BAS
US,1001,train,False,37.840623,-96.813814,1980,1989,1990,1999,10,10,0.30357989200048513,0.23480505749603375,0.08594881659214063,0.213492722042096,0.572851244440706,0.0,3.5793356285817914,-0.10876712328767121,3.588237378509033,0.11041336395757737,0.39328281506996987,0.03499247349740156,0.07043428425904878,0.1446805099372617,0.1711750187804933,0.14047604741217934,0.11018365315173384,0.042640821101816266,0.052411775078577194,0.03664314848732969,0.11268782919538384,0.03924866993584086,0.044425769162933525,0.2994415386342366,0.7572490798431898,0.029212189318620185,3.7985236008908774,-0.401697699890471,4.860984517496864,0.12967962211756645,0.3619415152206642,0.020500607420091493,0.0461520640472545,0.09030169916717806,0.1426166209455653,0.1891570665601596,0.20290851449074773,0.056436468942660294,0.040485667069055785,0.022231041312289226,0.025932281778027956,0.11600802187658876,0.04726994639038119,7060047060.0
US,1003,train,False,37.741526,-95.921996,1980,1989,1990,1999,10,10,0.026468497180830178,0.1790047968356784,0.03334426937705248,0.4312350447711745,0.9863783381343949,0.0037978029965581965,3.292402688188013,-0.021626060771968245,15.008677398921673,0.10582730192679754,0.3666886342569876,0.0340810462752199,0.08516582476220926,0.13374220854977995,0.1492959655270022,0.1356966714822,0.12585834199344595,0.015462033509247491,0.06111150387181932,0.039760479683307266,0.10276839104342553,0.06128852693282357,0.05576900636951958,0.39789077539412204,0.9657489691380513,0.0035958606576160577,3.6712907746100636,-0.08242059145673604,15.411238627752114,0.11142053394138113,0.1836589403357946,0.03193860824769264,0.05785435052104286,0.10608031617401,0.1444107478715702,0.172172787489001,0.10804813551279706,0.058030135452563955,0.024337580865347205,0.032168749814997635,0.04794047586307344,0.14583602213716468,0.07118209005073947,7060047060.0
US,1006,train,False,37.689583,-93.76875,1980,1989,1990,1999,10,10,0.10326090585019816,0.17892085930867035,0.06862479260299192,0.5012735670465239,0.9014397634809794,-0.04884094855848108,2.146493076321936,0.0002737476047084588,34.7863841744526,0.10456745716180378,0.3717491462529604,0.06847122711069707,0.10576480474599391,0.1456131816343494,0.14490075819444762,0.08024100435804025,0.06564613301974953,0.030011317755819156,0.028363227588115,0.026150343142133707,0.0630303919950164,0.1122953944082225,0.12951221604741553,0.432648774443532,0.917394424756589,-0.06240525465652513,2.1213441714161885,0.0,38.57046995878772,0.10316978296641854,-0.18471233776016818,0.07661065288287822,0.0721940257848428,0.12081555104529067,0.13318199627391117,0.17359620630911554,0.08733334493391853,0.04599332835005481,0.018870787050905658,0.06590735221914285,0.04443869924504921,0.09130161757639188,0.0697564383284985,7060047060.0
US,1007,train,False,37.649318,-96.06875,1980,1989,1990,1999,10,10,0.1012363802221713,0.17994865333664378,0.003370227203922993,0.41288169543431374,0.9792224413395029,0.004836773181822407,3.3945711580149878,-0.0186148371201752,10.535605333912565,0.11277308543351316,0.3654310620084692,0.03773766771639144,0.09037694410725597,0.1436526438625422,0.1731421180092142,0.1436773462048166,0.11550591684656727,0.020758416345979806,0.03051248322970433,0.035918092340008166,0.09985387693193219,0.050350492835891235,0.05851400156969656,0.40951146823039075,0.9638037299089863,0.004803547971459319,3.44507563388024,-0.07749178532311062,11.658049494400528,0.11580871225993541,0.283416625615017,0.03610864698756296,0.0539979771158255,0.11459343401843726,0.1427400367338031,0.16622323358751798,0.14542629407383686,0.0422962001113121,0.02941249864129473,0.02154153384130112,0.03285104552218003,0.1393027131343879,0.07550638623254037,7060047060.0
US,1017,train,False,37.136323,-90.774448,1980,1989,1990,1999,10,10,0.07311152670124513,0.1465821377019887,0.0737201061130533,0.3606118019797683,0.9908748197156512,-0.050661013468160376,2.141879787126787,0.0046537092800438,27.393040097895348,0.10154911964275169,0.2153384659784099,0.07464930463429661,0.10554976679910183,0.0961019456108242,0.12415678952327222,0.10447270141598894,0.07703013699145232,0.03414289495215856,0.0384565448931413,0.03097420178615421,0.04185087469762931,0.11603178299128616,0.15658305570469416,0.286891695866715,0.9924843437302984,-0.010208946932849452,1.7789201090995068,0.0,29.470816331888248,0.10589994434186288,0.00940432931704901,0.10060860964647546,0.08089615329031082,0.11565827205850188,0.168033351621012,0.1474698422602029,0.06847957612171923,0.04632966051058345,0.030987956835868743,0.03298023952790784,0.031359315365402166,0.10100069477415227,0.07619632798786323,7060047060.0
US,1017,test,False,37.136323,-90.774448,2000,2009,2010,2019,10,10,0.24177886827061593,0.08936960038271644,0.07034695351870962,0.30636326916133255,0.9922848092369912,-0.01580790911346774,2.2306606206254185,0.0,24.48117988842435,0.1125031076862521,0.2414487875196399,0.08021223841706773,0.09831273395018997,0.15294341900555344,0.14130351989282972,0.17864208861531267,0.06628227910014979,0.03561890605251853,0.027048614557814526,0.034183008397172296,0.02746530510192866,0.06603710995856618,0.09195077695089626,0.3767102226800422,0.9876262748847598,-0.0023538985585335784,2.4312780824503624,0.0,31.177089769061546,0.11043514027520925,0.2682665491913383,0.07085769949007727,0.07294722455822401,0.11012121267682091,0.1698499780751085,0.18867677075119466,0.06599329110025977,0.04798978220344943,0.050519010942912675,0.03050277382722329,0.04241249263045537,0.06262717877348059,0.08750258497079351,7060047060.0
US,1020,train,False,36.886385,-95.972917,1980,1989,1990,1999,9,10,0.1264518298373936,0.10368673838130858,0.056279475519197264,0.333527076276568,0.940247040841603,0.0018631831169473106,3.277256998108301,-0.016272643536997235,15.028045147744768,0.11613333508568152,0.6101453409496851,0.03154561242154381,0.07433880701904934,0.13604994950723592,0.13146400013661463,0.15718244332174308,0.15585559921808123,0.034163278349276516,0.00749389829431002,0.03431277623910032,0.128132866924903,0.05725769292619929,0.052203075641942674,0.3898065517957653,0.9409835525025927,0.010722676044316665,2.5456494155489597,-0.17031763417305587,13.242962802673143,0.1186907207201656,0.26047681760258123,0.042334228504317443,0.06438728829498072,0.13039724294539828,0.13638870977592482,0.18851885477303257,0.15723792577369927,0.06507032946243375,0.008991380487609644,0.014728861162183374,0.05963426890641763,0.07079761904172621,0.06151329087227613,7060047060.0
US,1021,train,False,36.747179,-98.140473,1980,1989,1990,1999,10,10,0.496890099717678,0.1073774999729562,0.017372212820955246,0.1620128204900244,0.9126215519401153,-0.034510886173520605,1.9494305080143708,0.014234875444839857,16.44650127149811,0.10625221111845684,0.3508020547251844,0.03615974383299278,0.048004089295222645,0.11571361871880338,0.11845323023618493,0.1537837249009544,0.16699403138479896,0.07298944436759494,0.0391342489733661,0.055229729708423,0.08548102580657224,0.07175698727306903,0.03630012550201757,0.17938503331097966,0.9837281574271821,-0.009516058301949558,2.142351195680906,-0.022453450164293537,27.03150035142546,0.09958990698955555,0.9251681107875727,0.04121907009567097,0.04246432887140811,0.08324885766368521,0.118141136769547,0.1537377172647501,0.13617919617382712,0.09932066959429454,0.09162718955390482,0.05269131715717277,0.04981939617761298,0.0863739007378418,0.0451772199402844,7060047060.0
US,1023,train,False,36.702154,-96.927032,1980,1989,1990,1999,10,10,0.1501581106666808,0.1657399597456631,0.03365804442986445,0.23897077545471382,0.9646084507883987,-0.0587195959163853,1.9204448090587967,0.0035587188612099642,96.4413993594901,0.09867014534510682,0.39068110447727017,0.037150820198804176,0.05603473190697841,0.1273276966001512,0.13755291984553938,0.12339156224456364,0.12506015893128747,0.07160496887594638,0.045299063829510204,0.06040718077644558,0.10291419432430789,0.0692423454072826,0.04401435705918306,0.20531273102484937,0.9734506699702858,-0.0640365647246809,2.0757766288171977,0.0,112.06663772258996,0.10531744171909926,0.3552068345579249,0.0385988280688527,0.05314233634177258,0.09182338816753771,0.09747856191700682,0.1630258795693422,0.16350688451568543,0.10288268383028253,0.060981036189354194,0.03929217536143681,0.03676030192000544,0.09781618862987984,0.05469173548884379,7060047060.0
US,1026,train,False,36.597936,-93.311648,1980,1989,1990,1999,10,10,0.2185779546537356,0.13266077177107072,0.015066426171802871,0.26443048161331983,0.9440440657054554,-0.06305714104806295,1.658047623013759,0.0,115.44731036544448,0.1065229029769647,0.48077986199881,0.066982584122454,0.12036804704558872,0.1502347595114182,0.14943335710877106,0.08592249402973347,0.0764788555386758,0.041208070987490575,0.03836838864406936,0.02346404164913268,0.03916620316404027,0.06918101241365521,0.13919218578497064,0.24936405544151696,0.9635442535005001,-0.05810966301812613,1.3500730960120721,0.0,143.65178239052625,0.10416587429849726,-0.23265865730586846,0.10225968378372326,0.09375223696294377,0.13292150400956357,0.14952026874768545,0.1423901254375188,0.08899209975629571,0.043786356051745336,0.030886066637519406,0.03977521297288496,0.022545850169155057,0.07860744087113002,0.07456315459983466,7060047060.0
US,1026,test,False,36.597936,-93.311648,2000,2009,2010,2019,10,10,0.2549232335422741,0.09738623792432205,0.0007842159792140757,0.2570394068809823,0.9202904184214576,-0.05956829174173921,1.9329042041822417,0.0,102.15240640185935,0.10352977314736937,0.31323564866123843,0.0797436732275865,0.10745101764938948,0.12882660217834394,0.16554757052970456,0.13089612346799653,0.08703987261249245,0.07267343833724466,0.04949059766845664,0.05324734319901321,0.024361279274150327,0.031909088280272,0.06881339357534969,0.25625519090176824,0.9450275120005358,-0.0257968425393448,2.353702440695854,0.000547645125958379,131.81364068672943,0.1079854083838313,0.21433592578440372,0.07065842354275062,0.07395430614602447,0.12114385860103834,0.15238708358948222,0.18524602189539774,0.08771875340273182,0.06288524121515583,0.04430755643078221,0.034257535340183234,0.04542657866503378,0.03846205618224654,0.08355258498917316,7060047060.0
US,1027,train,False,36.550855,-99.565839,1980,1989,1990,1999,10,10,0.03604704495362899,0.07020123313768403,0.011518525707300165,0.32345810442127193,0.7699943347651091,-0.08133749322764462,1.5436590078279313,0.2972898987133863,1.5280980730350675,0.10011964052178093,0.4697863155001918,0.07447409624788685,0.0791894454400519,0.12287003232018316,0.11643951678346408,0.17178608681016833,0.10098228845918143,0.046291166173737255,0.033354533313777114,0.04547346188505887,0.07311583276305095,0.06494307795520672,0.07108046184823347,0.31193957871397177,0.8025099153692096,-0.08963592067563729,1.4831488707888962,0.354052573932092,1.584186327642586,0.10141898533818432,0.715269595607717,0.07693418278972222,0.0693805764897862,0.10814373395615604,0.15367321768000688,0.16011080875902745,0.10909034740593501,0.04637018082953728,0.04005382376024902,0.06109454353533913,0.04930661178944447,0.06423698214930208,0.061604990855494146,7060047060.0
US,1028,train,False,36.530647,-96.161815,1980,1989,1990,1999,10,10,0.0617958998647069,0.15123682119874357,0.25070321727962597,0.32473392542809654,0.8784119162347289,0.03790334893590532,4.495808537766118,-0.30166986038872157,1.503824902026129,0.10402259502032285,0.7886095234760014,0.037618920455049144,0.10870178460824362,0.1292508094246845,0.11899947703078043,0.13691918330279454,0.1337711137071595,0.017361506886700975,0.01954927766813019,0.08964509156039936,0.06605041931334658,0.07813036478901318,0.06400205125369787,0.5754371427077225,0.8961345026381734,0.017503429148660547,4.420707377786396,-0.39895947426067907,1.5996865392598059,0.12408540653373873,0.23693405539163362,0.04540183018493509,0.06497683337731314,0.12731563966257708,0.19570785864519807,0.18170639403548178,0.134413519881108,0.037370973509523654,0.020855723993111756,0.0274373546712459,0.03567738345296422,0.0669863145470313,0.06215017403950992,7060047060.0
US,1032,train,False,36.424078,-95.679416,1980,1989,1990,1999,10,10,0.0542625464506606,0.1622783814717032,0.06320053498721023,0.15100373056709615,0.9341916487209542,-0.008807273498599954,1.9093428186636696,-0.002737476047084588,96.5111393594306,0.10596780501988483,0.6528388177841026,0.045915683171464244,0.08332768502621793,0.1412633074730011,0.1578306114664742,0.10960423819607701,0.12536371276388475,0.027321339584226834,0.023133450142134502,0.0381643046316188,0.10706104737524835,0.07994984227491965,0.06106477789473263,0.21420426555430638,0.9346418753281985,-0.010010523847427727,1.901154025390803,0.00301204819277108,101.89276960387004,0.11003948271771764,0.02122957551142552,0.05325412103420171,0.05651583380602817,0.11300832587411318,0.13234723233416582,0.1792088900484264,0.13999878969882967,0.06654525696121573,0.02554905602393765,0.02350429758700123,0.03999288489954881,0.09751901518802601,0.07255629654450567,7060047060.0
US,1033,train,False,36.422916,-93.849219,1980,1989,1990,1999,10,10,0.17695552194440706,0.14878408461508105,0.027637297488185053,0.27286741044476037,0.8785201816164869,-0.003578898394876881,2.403084072305966,0.0002737476047084588,39.56077663525587,0.11614792884979291,0.5378479468470226,0.05632674662377675,0.12443760159231633,0.16393451238239332,0.15973673520719203,0.10161157606161692,0.08269943793035729,0.01361010907088514,0.01861437829149424,0.010806459047173351,0.04811722984735265,0.0906990374093113,0.12940617653613068,0.3005047079329454,0.9417753684618974,0.0,2.0897146938155586,0.004107338444687842,47.21887280974199,0.11912753477198086,-0.10136003996221046,0.11738687606691683,0.09887436948455444,0.1469771893339025,0.17804202253025306,0.13512950095266626,0.05858340410724959,0.02063794984544991,0.006710051021829001,0.022136421421812418,0.020878551249321503,0.10824197721793803,0.0864016867681064,7060047060.0
US,1033,test,False,36.422916,-93.849219,2000,2009,2010,2019,10,10,0.22733770975971582,0.13166261225938103,0.017447686566785636,0.3247300730084949,0.862604324196285,0.015284525769802638,2.9077783544206093,0.0005474952094169176,35.20025469569718,0.12123877146521975,0.15799846460736583,0.09408124730676952,0.10853715565555806,0.14806324563902212,0.20070698749181123,0.14046521463903638,0.08024828389331269,0.04512598393779659,0.01102181554647028,0.03536495036456065,0.011168464662471603,0.04189553836882787,0.08332111249436298,0.3421777595752805,0.8945686834568324,0.009612981659361525,3.0234916689421394,0.002738225629791895,44.185250222167916,0.1304454235519942,0.2809954165863432,0.06224769752529746,0.07973172469385877,0.14600493903433986,0.1825121142409537,0.21459802159541266,0.07255491352323405,0.03338534013447612,0.02829373993257657,0.009455799699148481,0.03691097749333396,0.03646825154696925,0.09783648058039907,7060047060.0
US,1036,train,False,36.365385,-92.572917,1980,1989,1990,1999,10,10,0.20480159502477485,0.09821703098869233,0.0066486637096695445,0.13303452444255287,0.9493411211028682,-0.05921638944556165,1.224190917006162,0.0,171.18075882216354,0.10362572324325744,0.4689058809779031,0.08485697181320001,0.10083948420026705,0.1441923356118443,0.1457340235491241,0.08278317071261518,0.0696900408633908,0.05087622951472234,0.047883289374660715,0.02870529527395868,0.03036808887006294,0.06845964169468495,0.1456114285214688,0.13968318815222242,0.9663752605749484,-0.05897452347192257,0.9902152932717133,0.0,210.08698565517665,0.09716104447912591,-0.2803134621473226,0.09197009841693427,0.089951278357507,0.13683198416382547,0.13942000524041756,0.1272411248857618,0.08283710550162138,0.05773412805233943,0.04427474944089299,0.04559230761241565,0.03978547915398768,0.06879622610826704,0.0755655130660296,7060047060.0
US,1036,test,False,36.365385,-92.572917,2000,2009,2010,2019,10,10,0.30812524854413725,0.11772174354672221,7.859200398946387e-05,0.19938486125213073,0.9214609695042725,-0.05677181239436406,1.4202090079419925,0.0,145.89395072443116,0.09867604211101992,0.35535644056866456,0.0855600882029073,0.09626738105148375,0.12098291074784859,0.16031529523584953,0.11879246144736307,0.0704240398187171,0.08743852148218308,0.06856861275081265,0.05433322257822525,0.025885344128717624,0.03988581927230665,0.07154630328358529,0.1994634532561202,0.9385041932155626,-0.013869499704570248,1.5421385930368146,0.0,198.54290868371683,0.10217353986347476,0.18860005745571706,0.08828772496811557,0.07028764441759466,0.10367261433338408,0.13841666335240768,0.17856392456618478,0.08645545260757188,0.06946503791469665,0.054900089301717234,0.03344215097988042,0.0467949694382242,0.0473743460617145,0.08233938205850838,7060047060.0
US,1042,train,False,36.252069,-92.238377,1980,1989,1990,1999,10,10,0.09437328426924677,0.13098333564507403,0.05912667744321043,0.3138499487783836,0.9284754431130097,-0.20090652028865524,1.8488703094412717,0.0002737476047084588,57.44806933136854,0.10200108728179559,0.4300583289333021,0.07061635153022637,0.1204225848972781,0.11767089060610077,0.13514301546553117,0.09980540444586448,0.0718850447875974,0.04408423038931108,0.030852645270774713,0.027749129331503492,0.04206321665371278,0.09629854595815267,0.14340894066394708,0.2547232713351732,0.9508634693229956,-0.09661893372575525,1.409841592643993,0.0,63.13369886673301,0.10342209824382638,-0.2602052041363965,0.09675078609196351,0.0882718693329088,0.1404099981533548,0.1501231573107436,0.1421364167353336,0.06448169751300616,0.035656408947761696,0.028487674658630308,0.052547768732904704,0.038011124990350566,0.08718592861076604,0.07593716892227609,7060047060.0
US,1042,test,False,36.252069,-92.238377,2000,2009,2010,2019,10,10,0.3306817131724919,0.10064691536321631,0.046168042438756496,0.3547932848921898,0.9004845119710189,-0.0951260269668482,2.1265709219112487,0.0,46.62361018762674,0.1125186529930956,0.3383911301775861,0.08396532524232184,0.10201321508839233,0.16231030874539615,0.17099262576456528,0.14896507989452176,0.05647754872711831,0.04486644780595799,0.035054041043312716,0.03997806891603653,0.02908742936515319,0.04835172845436558,0.0779381809528584,0.3086252424534333,0.9295489526787414,-0.031416480274116095,2.360839982801652,0.0,64.8961813102841,0.11055371638379502,0.18985375836605808,0.06990057537030396,0.07483413271893637,0.12138411533002215,0.16588566349949568,0.1879784976030656,0.07628788749818698,0.05781994419539236,0.04744254647135866,0.027925770200303568,0.04556858643127664,0.04833970907212199,0.07663257160953607,7060047060.0
US,1048,train,False,36.152083,-96.25625,1980,1989,1990,1999,10,10,0.28495051683104183,0.12501128814011228,0.031319954926945545,0.12378337727700363,0.9935118515372846,-0.042771035700166556,1.76959823972269,0.05557076375581713,231.14552106333096,0.10000043098621043,0.5114377993591113,0.045374556830975965,0.0550498027014744,0.108136952780902,0.1326183731172234,0.1388000078447701,0.12634297680394715,0.07183172047895454,0.03269251961090498,0.0495082031092593,0.12052317819728028,0.06668090013667073,0.05244080838763712,0.15510333220394917,0.9872041954856434,-0.060100319955276094,1.6559056305396582,0.03231106243154436,307.35332768742956,0.10190357261875733,0.43011302004052615,0.046420156974751645,0.052489124709186305,0.09661640269623034,0.11356984387787492,0.16299603247343505,0.14499104223236892,0.09364352267048129,0.07431391868923258,0.03789225769446666,0.040257592788268896,0.08363690300008035,0.05317320219362305,7060047060.0
US,1053,train,False,35.870603,-95.232292,1980,1989,1990,1999,10,10,0.20363597674209027,0.1531796821120625,0.02525969231628622,0.04136678635257782,1.0022430086726022,-0.01503210930873042,1.4261795646804294,0.08787298111141528,271.4206358449676,0.09825179699905708,0.6285745262588782,0.06798677545945397,0.0848538327342096,0.14010239078052453,0.146727002032003,0.09444061437834933,0.09061694416944874,0.04180407281199974,0.030094840283062262,0.034196122980619206,0.08064063191592773,0.08963990657891882,0.09889686587548303,0.06662647866886404,0.9914801897274997,-0.018637209484748896,1.331252814411558,0.05613362541073385,332.72148414033603,0.0986299198232129,-0.046009320727582625,0.06520805372556293,0.05522317150849284,0.1045349081650724,0.12175140854440876,0.15651348060881196,0.12471169200309055,0.08343011732528216,0.04118919831210329,0.0384877884862538,0.04611086967273955,0.08297291543283981,0.07986639621534182,7060047060.0
US,1067,train,False,35.520559,-91.992829,1980,1989,1990,1999,10,10,0.03429922759685008,0.12532143700533158,0.038752353155022734,0.4509479302521174,0.906588865607924,0.017358778147080707,3.261237865094601,0.0002737476047084588,47.877683150168544,0.1293564962574452,0.21074782733767844,0.06806896278947222,0.14890060565567476,0.15004094597069267,0.15563431171058098,0.10245010391649685,0.032055767854025814,0.009567760039539021,0.0051749895346110105,0.005376656221458531,0.04117767114305982,0.10325850089309155,0.17829372427129686,0.4897002834071401,0.9327895675637717,0.02228844083300027,2.1834311029646556,0.0,49.54833800509237,0.13011830133051644,-0.2202698712599,0.13948811664026825,0.10571168778497884,0.16570388816221587,0.1831807887970855,0.10734898190520384,0.032571201358077395,0.007150590478578479,0.00199562173896847,0.006942205575158899,0.026040500509108694,0.10697150392314038,0.11689491312721538,7060047060.0
US,1067,test,False,35.520559,-91.992829,2000,2009,2010,2019,10,10,0.28762652526410215,0.1416777901694289,0.06731974314394473,0.5325281058862181,0.8795286373590949,0.024935813751253016,2.7401890245875937,0.0,44.28791500516026,0.12766275020728313,0.42522001352613203,0.12242334262756724,0.13426315902196195,0.18765301494941622,0.15220641070271865,0.13021890942135347,0.026395742720654213,0.013774321089720664,0.008178959862534762,0.04215329942024221,0.013604718279771947,0.052208556732883285,0.11691956517117531,0.5998478490301629,0.9189361237921302,0.032034709361356155,2.5294958032542993,0.0002738225629791895,59.04727333914301,0.1160326697795257,0.12382060084637601,0.08618506386187293,0.11538368948529068,0.1567240702012561,0.13846804253805253,0.16648707310602312,0.04792211932708487,0.018277072756287017,0.03680019107978962,0.004721745147771574,0.04433937108509841,0.07223317092206437,0.11245839048940903,7060047060.0
US,1084,train,False,35.102957,-93.651042,1980,1989,1990,1999,10,10,0.1933255156991143,0.17405632207890348,0.027688705360304267,0.4924780194355774,0.973174738806431,0.006165522200854318,2.7495371169992144,0.0,14.888216062857975,0.1189744178383268,0.43318956987690693,0.06137519523698227,0.1670786197344338,0.13930143051323846,0.11137378080732231,0.13347651354357523,0.0576600678232409,0.016963205257191905,0.00620011552979226,0.002630793812646862,0.07417753068278513,0.08238761624708797,0.14737513081170284,0.5201667247958817,0.9800656294309117,0.003135243683870126,2.798103573290314,0.0,18.063540097812055,0.1246775426810344,-0.07778957006965559,0.1555508400429201,0.103368069954207,0.13658323816834014,0.14193293713393657,0.15318146820049794,0.03496278898607497,0.015043002787597834,0.0034550887619018518,0.006511886966140643,0.023967814043000142,0.1081230893830229,0.1173197755723599,7060047060.0
US,1086,train,False,35.02896,-104.688235,1980,1989,1990,1999,9,10,0.29779585658611285,0.08714831294427909,0.04401144163327231,0.5709754863431433,0.8533389603235029,-0.09152290487098834,1.8125542996238453,0.038028597505324,3.376204027129271,0.13689101770503523,0.12192963339989069,0.01747445499380554,0.017950707360901763,0.04664202709030824,0.09375773711491948,0.21991987622824435,0.19001018680740236,0.0844365643073621,0.14765927441809962,0.09608941738608735,0.03924052269497049,0.027084430741384984,0.019734800856513884,0.526964044709871,0.8068730228193545,-0.11988628784595354,1.7654747231944625,0.04381161007667032,4.547364644129878,0.15079172228849985,-0.03696189889277269,0.014551824264572792,0.012822661338139208,0.03429990119595168,0.06415319356564957,0.23677869322406392,0.18469348718484313,0.1092133682200003,0.18553305907730322,0.08007141249519723,0.026530662384301594,0.03472333811800257,0.016628398931974705,7060049270.0
US,1086,test,False,35.02896,-104.688235,2000,2009,2010,2019,10,9,0.0838625725704819,0.2568055383385927,0.1820411838165089,0.886849700889463,0.9433882350733138,-0.07151047483751333,2.170107208437083,0.6515192992061319,2.181498589604732,0.1513102709768624,0.6028168432258246,0.015785044989198107,0.028701813886062577,0.06368531833778873,0.18443330230009172,0.27242785685186205,0.09168172726396309,0.05798170009896484,0.1380295858420765,0.0628195945131614,0.051272837789715205,0.017936725140793967,0.015244492986321896,1.068890884705972,0.7866015003850757,-0.016051735235042792,4.556462627365029,0.04533008822634621,2.0060136507674065,0.1469334687798465,0.07616419069279995,0.006401803526234785,0.00814155894869797,0.03272781845714424,0.12105478032941555,0.15748994777375072,0.09470561551611809,0.08174227427517114,0.13526217525949602,0.252569932000295,0.09154357621281299,0.011481002916597613,0.00687951478426597,7060049270.0
US,1092,train,False,34.95283,-93.16166,1980,1989,1990,1999,10,10,0.06012716719919289,0.14562191262241608,0.004251788683704849,0.4189342757222991,0.9778848294355372,0.004295279265155943,2.830373837790921,0.0,26.37015965849842,0.11584752261878395,0.29917253631555774,0.05781188091836422,0.13533032496816874,0.13855751655128634,0.12056062955866476,0.11568152411263886,0.07405926025548687,0.02348363541366702,0.006920388533403154,0.003106216604498595,0.06635386230341865,0.0886796443248323,0.16945511645557046,0.4146824870385942,0.9856578676802634,0.0050557841214166266,2.4979435639414254,0.002738225629791895,28.004360273264254,0.12330529003097052,-0.15260135237406272,0.14547845760905598,0.09872816728709621,0.14353408499171488,0.12403807059270029,0.1475200257821791,0.04066619450452617,0.008123391289263118,0.0029809214205657195,0.006977164365277469,0.03379540049617417,0.10247152135177355,0.14568660030967345,7060047060.0
US,1092,test,False,34.95283,-93.16166,2000,2009,2010,2019,10,10,0.17825728349236422,0.1448278619161013,0.07686523398690204,0.4770320849549008,0.9575537839461474,0.013561574557632386,2.9698155346615747,-0.0021899808376676707,25.056205572291855,0.11660116447041392,0.2218132928115878,0.10852972094657135,0.1312550106968388,0.17606819629410345,0.13391778627791975,0.10803314228150566,0.04891749082952659,0.017947329793499157,0.011909947446619822,0.06369990667131925,0.009926613057555121,0.06355010370048085,0.1262447520040602,0.5538973189418028,0.9993041773467161,0.006382877185372685,2.852377155326435,0.0,29.94549236166132,0.11868289148269728,0.046875268595449604,0.08837136316021556,0.11429521520036094,0.13672573626436918,0.12443647923625152,0.18364427215279042,0.07305252911734383,0.017343233108662485,0.01329174857364393,0.0054180617942906645,0.039153101446184786,0.07326197782281049,0.13100628212307602,7060047060.0
US,1093,train,False,34.939583,-94.719351,1980,1989,1990,1999,10,10,0.20143851002148508,0.14509492264849383,0.007258476506298739,0.4843329479499407,0.9750359899651789,0.005777108708673754,2.5913856493048564,-0.06378319189707089,34.273199620204956,0.11569473157903479,0.36780969038935707,0.05699559785841402,0.1355309983406304,0.12796788121987762,0.0986060626372975,0.17609126283075605,0.08924861249618365,0.017120609935579574,0.0063290619247538095,0.005144330478127781,0.07383042388416287,0.09105413029352524,0.12208102810069144,0.49159142445623943,0.9682519080353343,0.008778282132129762,2.5812545142781387,-0.12212486308871852,41.92164189540772,0.11462814242125562,-0.17032345871939059,0.1297185528069325,0.0967825647806486,0.12142550940738657,0.13056272830434734,0.16272717467056638,0.043354242171704194,0.013837741838086517,0.006483538998923562,0.02781934402638902,0.04131709772601063,0.10863994170401979,0.11733156356498484,7060047060.0
US,1101,train,False,34.756146,-90.122793,1980,1989,1990,1999,10,10,0.0013417847484569264,0.09323250132290689,0.001990956952512668,0.47304425656149385,0.7863218545411311,0.014368647173017694,2.1993407839386583,-0.09061045715849986,47.97250511477563,0.10097618313030068,-0.21817609947708289,0.10680047885079955,0.10655429434217369,0.12421663085875055,0.1309311880137,0.09486251931876977,0.07950555732743346,0.06317481419488562,0.033100010222727384,0.02223127637522722,0.03529739199278707,0.06407473657872431,0.13925110192402135,0.4750352135140065,0.8794136349089269,-0.04780403223679352,2.040683466940804,-0.018072289156626505,48.03691709432592,0.10645852587472977,-0.21677153083980907,0.12267909851468167,0.1272987784792673,0.15657808193364897,0.13491372412635178,0.08665851835617343,0.07773288180590793,0.04065786844097685,0.04358587208216341,0.032010824850172065,0.029532905822284433,0.03896829748688567,0.10938314810148625,7060047060.0
US,1101,test,False,34.756146,-90.122793,2000,2009,2010,2019,10,10,0.006161171242510895,0.1383570636550596,0.11797100891820489,0.45531807330083274,0.8691284308604055,-0.09927147126130142,2.1535715177315673,0.04544210238160416,42.688162196288935,0.10085269079135606,-0.25244301733047836,0.0991500319207889,0.11835224113881238,0.12641546240389318,0.11064961987878792,0.12053184961707657,0.0368219058109834,0.043012784065689404,0.03582627035586824,0.040776037907126715,0.07038477589671964,0.05697557417909553,0.14110344682515824,0.5732890822190376,0.8598479492754703,-0.031797134834142086,2.5548919090042594,0.052371812448587886,42.95198316212849,0.11177727642636705,0.2533270014985211,0.08912381237837785,0.16518880561546803,0.14913981623074538,0.15475930842964697,0.0936640088493215,0.054369106038731366,0.05015204063863406,0.025309732698087475,0.03481094822342929,0.03430893667760816,0.04333192473795931,0.10584155948199062,7060047060.0
US,1112,train,False,34.574105,-93.195081,1980,1989,1990,1999,10,10,0.0029421217241441693,0.10338795847145563,0.04626892172047181,0.35617277519421003,0.8131803758695767,0.05322271687631688,2.295918239746783,-0.047358335614563374,61.0279818587264,0.10127485344351389,0.1483002842350891,0.05888690281274326,0.11000467086231855,0.1262402270335502,0.10340766481254253,0.09956339473569702,0.0677227947819804,0.04108793973845527,0.026222396284116704,0.027535447573099763,0.07724531079186345,0.1072457742363709,0.15483747633726197,0.40244169691468185,0.7958133812993828,0.0009775066005414587,2.0212204308570048,-0.08655162969049575,60.84869398022777,0.10421433112583477,-0.27253723048084755,0.1224047796814421,0.09273121519922534,0.11851184093787841,0.12383099888346098,0.1190101422675353,0.04813808526825876,0.030364486662566626,0.021975665440554716,0.02473302666237058,0.0581832424229849,0.10358789357422594,0.13652862299949628,7060047060.0
US,1112,test,False,34.574105,-93.195081,2000,2009,2010,2019,10,10,0.20934817451140905,0.12664597464373517,0.11065447489568508,0.34233557028067196,0.7943084425042268,-0.011981441808909076,2.2039426370601407,0.06788940596769777,55.33557735155143,0.09929488395278306,0.2057542869820786,0.10452240370944155,0.11168614324670206,0.14346141532046866,0.10686459747041914,0.11086117624936666,0.06376376968410252,0.034395173256128474,0.024032245314663407,0.07678615020163466,0.03375290880224358,0.07600425514841241,0.11386976159641679,0.45299004517635705,0.8182816869883733,-0.005453168568187358,3.0210746573857183,0.010131434830230004,68.22180450652412,0.11180393419951248,0.22075933145016122,0.08387463567109563,0.10915728817227335,0.11542321471528812,0.12155155332519038,0.19768470786082898,0.06592115908698755,0.02964079539331206,0.033433988819328075,0.015302916422610035,0.047329263072195586,0.07393657512446765,0.10674390233642261,7060047060.0
US,1120,train,False,34.239978,-98.05608,1980,1989,1990,1999,10,10,0.0828422113373287,0.18589160356324383,0.11915781746632559,0.7056786843803173,0.7077923187175593,-0.0037589016153187684,5.136527748062047,0.4979468929646866,7.448984534708419,0.12760621327517285,0.8199631292974494,0.05231812131223403,0.08567555261223941,0.11663051202808061,0.06120448944919302,0.2069426107751212,0.15875971059819602,0.02690748420453,0.010002667839192089,0.038245371099544845,0.16300741023593066,0.034345767308735765,0.04596030253700232,0.5865208669139917,0.7846490962100287,-0.0042215764341332965,3.2043979774136098,0.3075027382256298,8.092356145391845,0.1171374642185062,-0.35331794715470916,0.04979937992611725,0.0676844815784547,0.12527601566888988,0.14182909024410575,0.20323322452625775,0.13230946962088924,0.03682508886849491,0.023427866818564982,0.056818155588650415,0.02778524631875853,0.05271081603345581,0.08230116480736072,7060047060.0
US,1121,train,False,34.216058,-93.110417,1980,1989,1990,1999,10,10,0.0480414904397197,0.10487282776922197,0.020819615574292738,0.2503995987981038,0.813600457104462,-0.03949618851478701,2.215544953296546,-0.039967150287434985,27.319302796252433,0.10292844019786536,0.14319023093367655,0.060005187640653525,0.12074898410591932,0.12441803211600273,0.11306259871092433,0.09216279974540012,0.0649906099524335,0.05482154041786713,0.023124322260879366,0.02497818544456072,0.0567527271155137,0.10710470147872472,0.1578303110111207,0.22957998322381107,0.7935874322737028,-0.03744560493841949,1.981120511037788,-0.04600219058050383,28.663800066749207,0.10339198688269495,-0.15572487690784284,0.12952464056512272,0.09846095978327,0.13699586020465038,0.10887157773727808,0.1111783324168238,0.043760707319609946,0.03782446957391809,0.024047971123985264,0.027814550666136365,0.056376629246929405,0.09362037865677793,0.13152392270549804,7060047060.0
US,1121,test,False,34.216058,-93.110417,2000,2009,2010,2019,10,10,0.09464807226220955,0.09863863841875474,0.06682068620613982,0.22891617481856583,0.7839994589509961,-0.0221188165873853,2.1075851777649977,-0.05420202573227484,25.223621908635742,0.09441786043033314,0.1661035005365498,0.10657341260641238,0.10708787459076977,0.13315126618475434,0.10915800285583835,0.10634169706269508,0.06783928101041778,0.04686460697731619,0.03732951441086474,0.06626861602449784,0.04444517183961967,0.06774826679754542,0.10719228963926837,0.29573686102470564,0.8413760103790091,-0.015740923436388395,2.339627738890213,0.10843373493975904,27.727619354552598,0.10541274857403385,0.33307979023625,0.07740695745469027,0.1268613979689415,0.13698268963188961,0.13129802077579564,0.13206380881913687,0.06658282520849024,0.02721216228116835,0.03866430325093026,0.017705333255540537,0.04851526600195501,0.07385831931682808,0.12284891603463348,7060047060.0
US,1122,train,False,34.211828,-94.228715,1980,1989,1990,1999,10,10,0.08464019701804655,0.09203731623931964,0.059667948175554486,0.3854413630817297,0.9914973154608191,0.02262107989830323,2.461338499034706,0.029838488913222008,14.96930008892868,0.10718965260349231,0.10689416323416809,0.06129544937637621,0.12021829946890551,0.13355039921509454,0.10704333789734315,0.11699474309846834,0.0585376441576198,0.05277528443026073,0.011069713419017049,0.015405238257582608,0.05933461501973135,0.10825202047703754,0.15552325518256319,0.4451093112572842,0.992495878008447,0.03784068253714288,2.3296534935742264,0.000547645125958379,16.291469709306156,0.10876675900331663,-0.37471814466076586,0.13081905320665432,0.09672727878018905,0.13032098092661487,0.1098667455462347,0.10059491434510281,0.03838158950920672,0.0368381722658881,0.006925279002171408,0.020988384334809446,0.07160179297205557,0.09957257319791084,0.157363235913162,7060047060.0
US,1122,test,False,34.211828,-94.228715,2000,2009,2010,2019,10,10,0.15991502149053177,0.08994975790630869,0.05964487444389671,0.4134959440304958,0.9813353918572516,0.023498414050697417,2.5564297858414453,0.0,13.004514517761553,0.10610130608808527,0.12774029757040617,0.110476251553191,0.12722638489389818,0.14911648156722604,0.1272473414389581,0.10781043367447957,0.05992354254313754,0.027849234474369006,0.015048564899020875,0.04895498166913479,0.031028817685975665,0.07987909792051585,0.11543886768009357,0.4731408184743925,0.9938176124603729,0.023025722687503573,2.6457720475046,0.0,15.259642361801928,0.11021576764467048,0.33787334659985263,0.08899752951042014,0.11312385558081509,0.1381461142861493,0.13932980299699615,0.15309409908772445,0.05793551190939756,0.03318698894500345,0.03001651171360365,0.007882748542413805,0.03927707873524976,0.07954122241159872,0.11946853628062788,7060047060.0
US,1125,train,False,34.149561,-93.716351,1980,1989,1990,1999,10,10,0.0480414904397197,0.10487282776922197,0.020819615574292738,0.2503995987981038,0.813600457104462,-0.03949618851478701,2.215544953296546,-0.039967150287434985,27.319302796252433,0.10292844019786536,0.14319023093367655,0.060005187640653525,0.12074898410591932,0.12441803211600273,0.11306259871092433,0.09216279974540012,0.0649906099524335,0.05482154041786713,0.023124322260879366,0.02497818544456072,0.0567527271155137,0.10710470147872472,0.1578303110111207,0.22957998322381107,0.7935874322737028,-0.03744560493841949,1.981120511037788,-0.04600219058050383,28.663800066749207,0.10339198688269495,-0.15572487690784284,0.12952464056512272,0.09846095978327,0.13699586020465038,0.10887157773727808,0.1111783324168238,0.043760707319609946,0.03782446957391809,0.024047971123985264,0.027814550666136365,0.056376629246929405,0.09362037865677793,0.13152392270549804,7060047060.0
US,1125,test,False,34.149561,-93.716351,2000,2009,2010,2019,10,10,0.09464807226220955,0.09863863841875474,0.06682068620613982,0.22891617481856583,0.7839994589509961,-0.0221188165873853,2.1075851777649977,-0.05420202573227484,25.223621908635742,0.09441786043033314,0.1661035005365498,0.10657341260641238,0.10708787459076977,0.13315126618475434,0.10915800285583835,0.10634169706269508,0.06783928101041778,0.04686460697731619,0.03732951441086474,0.06626861602449784,0.04444517183961967,0.06774826679754542,0.10719228963926837,0.29573686102470564,0.8413760103790091,-0.015740923436388395,2.339627738890213,0.10843373493975904,27.727619354552598,0.10541274857403385,0.33307979023625,0.07740695745469027,0.1268613979689415,0.13698268963188961,0.13129802077579564,0.13206380881913687,0.06658282520849024,0.02721216228116835,0.03866430325093026,0.017705333255540537,0.04851526600195501,0.07385831931682808,0.12284891603463348,7060047060.0
US,1127,train,False,34.099584,-94.381595,1980,1989,1990,1999,10,10,0.7217954479672353,0.12929658324276777,0.014698641145735991,0.3658333337956943,0.9736618983606008,0.016534203224303195,2.459952068733201,0.0032858707557502738,8.512908953470223,0.10475907278189345,0.041899360667005454,0.05842025690133796,0.11718964693336743,0.12857182766221031,0.0991051648695287,0.13263080085353737,0.061149733296806764,0.048504720254734256,0.011951859765977842,0.02222450794469419,0.06948898461971087,0.10706666782911825,0.143695829068976,0.3805319749414303,0.9856966030276655,0.009702846317287532,2.2286883940449917,0.0,17.5206320332119,0.11694846923784744,-0.09790753709411246,0.14795681774810543,0.09725860570421477,0.13744334053685453,0.1123638255871221,0.10895410221850442,0.04285787154572019,0.016264598529437315,0.004986238527755353,0.012167362353209017,0.05135489154721994,0.1088789525662318,0.15951339313562515,7060047060.0
US,1127,test,False,34.099584,-94.381595,2000,2009,2010,2019,10,10,0.19566748164620432,0.1280628137835535,0.07923086389920958,0.44919491946251394,0.9595637285914601,0.01591560384616979,2.804049486658994,0.0,15.959180842587195,0.11482090485220135,0.16411794976983077,0.10850285071391469,0.13203839840723022,0.17188293798689935,0.13089301659574842,0.11067673081428901,0.05507383241523348,0.01958166865002236,0.011972541189931287,0.05739774253660322,0.012523318222655242,0.06532085034431173,0.12413611212316077,0.5284257833617235,0.9957413181855927,0.017740460388302952,2.6993068431054565,0.0,19.408318186997,0.11644007050760218,0.1627056718360024,0.08970651434901483,0.11461395965726777,0.13698962427285513,0.1265624263815012,0.17394253401250717,0.06876413512723666,0.017521701972925595,0.01681583059106528,0.0068395744733003175,0.040397401677485054,0.07546983641052715,0.13237646107431378,7060047060.0
US,1134,train,False,33.85427,-95.557174,1980,1989,1990,1999,10,10,0.1941646562699637,0.17825879573371675,0.08598685466168299,0.5571952770472767,0.7222464321925547,0.0,3.5518417172724055,0.18614837120175196,4.784956279214622,0.12987351534421238,0.09494334070590187,0.03378998819867923,0.1610571275930223,0.1400024262602937,0.04690563227056419,0.20786956136991716,0.13297431898098502,0.026494240370356536,0.005579856228835058,0.018319023843414484,0.040584530762437336,0.0913382400698211,0.09508505405167386,0.6431821317089597,0.7886137397440047,0.0,3.140853285531555,0.03806133625410735,5.810354265203105,0.10889700776779641,-0.135429513995389,0.09992265914273325,0.10861970666457346,0.1398657984267127,0.10295343906274987,0.1402041678122018,0.08821113547464621,0.017463149339058133,0.009499317957424478,0.014093944967080161,0.05549795495778472,0.09150884281961025,0.13215988337542503,7060047060.0
US,114,test,False,42.159508,-122.606267,2000,2009,2010,2019,10,10,0.07311041547045898,0.091373054988762,0.14239521982963832,0.4277469923249715,0.43636652968147815,-0.20236363604836055,1.0808981233020007,0.016217702034084663,2.194955454153421,0.10289994244755832,0.14681381824851794,0.12448899610809847,0.11644103060156807,0.14130569712298838,0.13461054187864366,0.11117337951491217,0.058283078584598,0.04811424906450605,0.0447994073056906,0.03623901771878773,0.037773377053763,0.04046734575845941,0.10630387928798443,0.28535177249533317,0.4225147461222142,-0.0522005822235413,1.1129058681197426,0.0,2.04020712918353,0.11459582982998444,0.03024353649730687,0.10957452832366726,0.1448480130498902,0.1667726189980741,0.15935431671066266,0.10267321186634712,0.06960967594635147,0.04954302753608765,0.0403733076372809,0.02893722042016788,0.017130587312335282,0.02714982454969952,0.08403366764943579,7060014340.0
US,1151,test,False,33.356409,-97.052189,2000,2009,2010,2019,10,10,0.3593579176608104,0.257818631541481,0.1765282520609467,0.36127600247276914,0.4337219319410637,0.016535106443871146,4.24857156339216,-0.15110867779906928,11.974522248896083,0.11480430363648189,0.09899785921413104,0.05742875506759573,0.09724469238477888,0.13984742904856196,0.1180059371566361,0.11307834166004377,0.20274400161519415,0.07049528382863503,0.03339947371703163,0.01667799905986158,0.03216541360086211,0.06963410919172243,0.04927856366907667,0.5378042545337158,0.6253881389229607,0.022473507602702163,3.7805944042654516,-0.08187294633077766,17.152418163404608,0.11269843385007244,1.023651808349659,0.0565011748125472,0.06426200019391544,0.09539646048727377,0.09347229084039527,0.23314271800757333,0.09200837013895269,0.034288143645638834,0.039708851188432405,0.06331687814459895,0.09608053204176098,0.06165313663291996,0.07016944386599092,7060047970.0
US,1192,train,False,32.707095,-93.916361,1980,1989,1990,1999,9,10,0.2321221948927431,0.0822697452518916,0.019804332852084786,0.10082846070458008,0.9107117713984846,-0.022398925463062706,1.2015286694654035,-0.003350593968930856,70.59043982299178,0.10557655970268315,0.2577013491297732,0.09567788997187116,0.13880948289244283,0.14449874405108756,0.10475869413552044,0.11118951536871798,0.0983878022613491,0.045022586624555536,0.02310973888583227,0.022036684616448646,0.03922252761305717,0.05019611212125873,0.12709022145785862,0.0810241278524953,0.934994407731124,-0.026076825584472753,0.9756105153965353,-0.0032858707557502738,89.0338751475864,0.10645124172531308,-0.23995024205909726,0.14293169781750292,0.13596365592778853,0.15079478189590828,0.11728684357272076,0.09842822462568711,0.0659668748387058,0.04983164981169556,0.02765681103735083,0.027676889869554196,0.03753930003974015,0.05139152165373336,0.09453174890961248,7060047060.0
US,1192,test,False,32.707095,-93.916361,2000,2009,2010,2019,10,9,0.16546407184970702,0.05336767743444636,0.044377666749956496,0.11184784992534777,0.9035005954070567,0.010442063685003233,1.1841741234097767,-0.0043799616753353405,70.20642874002706,0.09981553361653334,-0.32248403148357285,0.10529912048142964,0.114100328483527,0.1601966890064096,0.11472779263167808,0.11196421813860556,0.07776385507622723,0.06302532481128041,0.044448423429174225,0.0395267584885787,0.04037092015362964,0.043144749208826876,0.08543182009063309,0.15622551667530427,0.8873059815143196,0.03104389837792835,1.420116568896265,-0.012169151201703681,82.83941346624606,0.10385534974082651,0.6488897148642269,0.09904561516003746,0.11499203161265026,0.17291687225108185,0.12398907664090066,0.10951209287618724,0.07242087562818181,0.045732857176029824,0.03447390910811139,0.027639328335281953,0.06801574051585975,0.042980093915846694,0.08828150677983136,7060047060.0
US,1207,train,False,32.398735,-90.063542,1980,1989,1990,1999,10,9,0.16318872150292038,0.15984355873446024,0.004649239526908475,0.11785138413251008,1.148115940484881,0.06796311312995812,2.1292055126145284,-0.0024637284423761293,115.43394112918904,0.13272088754436168,-0.6775447307891646,0.11712126044577513,0.161728294597125,0.18184570884288354,0.16325310573322782,0.11624307911752829,0.03196482686161171,0.023550795264888742,0.010072932951328682,0.004260420706545152,0.01599896653641235,0.051396277963684636,0.12256433097898886,0.1132021446056016,1.3414240507358022,0.06573008094473065,1.7880092698562995,0.0,98.053152742745,0.14511653456226264,-0.18460551664639394,0.19094439793865292,0.2210061698725453,0.1551040861530359,0.1325693196705326,0.08784412859846638,0.05301132834895338,0.0179120142394488,0.012966293044561653,0.00706310509213277,0.010672453759402697,0.03482026818441647,0.0760864350978512,7060046870.0
US,1237,train,False,31.953148,-96.698596,1980,1989,1990,1999,10,10,0.4869150265525149,0.23720812204611674,0.002699647912451364,0.6127042881238852,0.7207570076753232,-0.006251619718131537,3.850817468552106,0.578154941144265,4.478839286847816,0.12831176814602874,0.5335401474825288,0.045698695932511815,0.10820668772542666,0.08509901518505669,0.07616300585164697,0.18660789800801383,0.19454205782976,0.010248405325155434,0.009568557572063631,0.013426941553384591,0.08102669518325953,0.05042121019809735,0.13899082963562354,0.6154039360363366,0.8329833971739259,0.0,3.5283903863511155,0.47699890470974815,7.288362890911471,0.11624757902533925,-0.15751584423206352,0.10286195222554956,0.13431204294989932,0.1544412446391426,0.08581026256216584,0.13218965118088316,0.03440377762336121,0.01034974177416322,0.03512617816325429,0.0150865617363253,0.05837510017067214,0.07013258996652501,0.1669108970080582,7060047970.0
US,1237,test,False,31.953148,-96.698596,2000,2009,2010,2019,10,10,0.3607024034796394,0.21612682017874255,0.11091989874071906,0.5113976516533948,0.7115238817327626,-0.012290988951054502,4.202546028096286,0.6142896249657815,4.6375438320697295,0.11348420328269136,0.14133103746616377,0.061299374945404585,0.08662375523746182,0.1902408080098596,0.09872673090495492,0.13307885529366476,0.13212096663052425,0.02561634054390981,0.01725310068723325,0.030373278790883793,0.03609553041356445,0.08535250482387315,0.10321875371866548,0.6223175503941138,0.7910632034218039,-0.00420938782401031,4.549364800930497,0.49315443592552033,6.651798591778181,0.11909044123751142,0.8432263224885654,0.0803476410067209,0.048218003199852186,0.10838941861442923,0.09308276708326611,0.14655594093030017,0.10858152172290053,0.011771287712742029,0.027164877294558524,0.014309168080755032,0.20978522228703006,0.07878202469391128,0.07301212737353394,7060047970.0
US,1249,test,False,31.834514,-99.561775,2000,2009,2010,2019,10,10,0.18508935093396636,0.23948663898503994,0.3221176472756707,0.8239127479792422,0.3160763931769448,0.22858755493396585,5.54696670929945,-0.18122091431699971,0.12249135788730324,0.11898190926348741,0.6112076984510866,0.02878351857350134,0.04850926310465625,0.12274152334911673,0.05904628539458822,0.06923714354587503,0.19729078155535162,0.06496535532117888,0.07465456251778504,0.03846164472817313,0.07384680484448979,0.18888309034019446,0.033580026725089314,1.146030395254913,0.17744371958588637,0.0,4.756642440292364,0.13663745892661555,0.10179399647999109,0.1065589050986228,0.57188815602634,0.04843623096783694,0.061381700542718735,0.05265242397082249,0.07359617139407343,0.20077515446541608,0.1486518744314725,0.07018473193562601,0.05943528474499235,0.07000013290194783,0.08689044011455725,0.08334373563012064,0.04465211890041565,7060048410.0
US,131,train,False,40.802949,-122.760687,1980,1989,1990,1999,10,10,0.006345095725789746,0.09029409971856145,0.06366100149344334,0.3096339590706054,0.9794459964360831,0.08994767062908322,1.3323012313290084,0.003011223651793047,55.47382863579468,0.11941415234345529,-0.48493818346244194,0.0894456447948334,0.1358989048188872,0.16137913791721537,0.14291189621782796,0.1564521769654162,0.09153960014599236,0.03598564374872581,0.01297044259521774,0.009351428264120795,0.014306506511928137,0.05682173137270952,0.09293688664712553,0.37329496056404876,0.8866631782283035,0.10403382597731743,1.7676686325922808,0.000823271130625686,55.82693444918223,0.1288319728888399,0.7772826639160695,0.12056038224745784,0.11683553901716427,0.16137659487300982,0.13599277214844419,0.19288032194456783,0.11156798064369902,0.03870848053780447,0.012616166774649643,0.006363887641370132,0.009717466873925992,0.0342894172943379,0.059090990003568836,7060014200.0
US,131,test,False,40.802949,-122.760687,2000,2009,2010,2019,10,10,0.06348045387693255,0.08087287357969342,0.021354600283237657,0.28560746610525284,1.0387295254373958,0.09890502284779853,1.2509711698840338,-0.000547645125958379,51.637544312176246,0.13496976734523797,-0.11395780894392987,0.10995642899122861,0.10823016182768293,0.13906116730460907,0.16326417020076833,0.21680338475658745,0.09927480225897187,0.028789718232179778,0.011033886574174381,0.007389004490053779,0.009592885222907015,0.025609883422347053,0.08099450671848986,0.3069620663884905,0.8628902833532985,0.09170118879435211,1.387587084926113,0.0016488046166529267,48.46144614535169,0.12559478608966415,0.19596981174108696,0.09169145206838275,0.12636963446337565,0.16034999015722914,0.17844980432861313,0.15419548809973985,0.10278878968409205,0.032225640168766334,0.012027050229824747,0.009335412155798124,0.019749590039369453,0.03095517775648123,0.0818619708483276,7060014200.0
US,132,test,False,40.720459,-122.422031,2000,2009,2010,2019,10,9,0.09484542525248418,0.04330429427838928,0.06842148586828778,0.15137980082646524,1.0110791379052595,-0.01106554108848674,0.940202634458797,0.0008219178082191781,216.88388130401032,0.10345359051609285,-0.026629949657781222,0.12585004831400798,0.13720984082416443,0.14540286132015012,0.11684891986603167,0.10348306796374519,0.054658159189935454,0.04376971879310544,0.03859723170647877,0.03605125382833052,0.04198489297380471,0.049449811403491924,0.10669419381675382,0.21980128669475302,0.9685059849233658,0.018901647379031987,1.158266764108267,0.0,197.2588204561889,0.1074353711992174,0.1944574160942324,0.11814228481037116,0.14227383506924063,0.16884571659794703,0.1258746022763716,0.07835665337770487,0.0575479586088551,0.0407068956207518,0.03567287564632623,0.034487129842730155,0.0416512034979636,0.052331774329748504,0.10410907032198932,7060013550.0
US,133,test,False,40.599432,-122.540564,2000,2009,2010,2019,10,9,0.38964098299719185,0.06002252937253903,0.034851164165625524,0.039339316309226414,0.989540477028686,-0.0012747739782721465,0.738718936681558,0.0,41.70673984005379,0.08977433401622237,-0.23398848083968798,0.06326397172238028,0.08278702964014228,0.09134982420356433,0.08892926224903101,0.0818215952891657,0.09649084305632669,0.11909230590532285,0.12047158086021202,0.093814507548639,0.06822100755390569,0.039365166909981625,0.054392905061328566,0.07419048047485194,0.98315001730592,0.03888656379954115,0.8567447867603069,0.0,28.24797460452463,0.09556850714938628,-0.1669061266981931,0.06298535652757632,0.06987775613138845,0.0900374303025209,0.0799993149209406,0.06355222833527696,0.12128441341307607,0.15269116018035353,0.1202814574647612,0.08431285702723376,0.06587148281730527,0.03308353307747938,0.05602300980208748,7060013550.0
US,144,test,True,39.814583,-122.339583,2000,2009,2010,2019,10,10,0.056973823444499715,0.07930175842176614,1.6872165037785687,1.934865963520902,1928.1341584855518,0.03070381281346462,2.2140724023437706,0.0,16.255310147706755,0.1477409265413715,0.09180571889621071,0.1806213685445474,0.19582953762512326,0.17685486445685883,0.13253887184284133,0.08291681175663698,0.03473710749870335,0.015686751105816858,0.01190321274795098,0.008943829533059397,0.01311000338505208,0.00855058219714639,0.13830705930626305,0.24764945974233324,0.9565587704719566,0.0352516539377188,2.553518131993218,0.013292716698975353,15.355071498857871,0.1586148499686949,0.46334264483433657,0.17271309608254504,0.22016685333912112,0.21422640807632337,0.13654735770876267,0.06271328880967181,0.04024597241630035,0.01412706278550485,0.008535185768451796,0.015978118801170244,0.0074538612901483715,0.009591841233820956,0.0977009536881794,7060013550.0
US,148,test,False,39.539616,-121.481218,2000,2009,2010,2019,10,10,0.12449097362519446,0.08236897109822007,0.04765050697871212,0.17213369635377504,1.0348474820635667,-0.04702930836761731,1.1596360614959162,0.0024725274725274724,136.96822379315975,0.10742940941177835,0.1517404081428594,0.10878890560047046,0.1188902211521243,0.1512883718763684,0.13877372369263458,0.13858585157209485,0.05437869597384118,0.0378495251735252,0.03783397811611397,0.03419940396813628,0.03742753719311248,0.042391314753769574,0.09959247092780861,0.21978420333248716,0.9637119574295689,-0.035465364794177084,1.5151465306988225,0.0016429353778751369,155.12634740763448,0.11673147892506198,0.35358506803523077,0.10386974822104683,0.13779892247034659,0.17838164943581059,0.16377289414171375,0.10805090719988393,0.06506312431634001,0.03853291860250284,0.029002228598436073,0.026950486968207756,0.029524282372591394,0.033130275785911274,0.08592256188720894,7060013550.0
US,1586,test,False,40.846824,-85.467105,2000,2009,2010,2019,10,10,0.11973739389370139,0.11716099370538219,0.03029590281841056,0.13120551636747765,0.9973386572306365,0.013754815349390256,1.9331742217465466,-0.006569942513003011,21.4361292762153,0.10688368229641317,0.2573925175719547,0.13962492284325767,0.11795296004711074,0.156173337921632,0.11976905612860349,0.10076104913062191,0.07358474482555213,0.0606419392451682,0.030770541683470376,0.026710379501279805,0.035140097601769026,0.030975731958569824,0.10789523911296496,0.10090961354906709,0.9991179557435355,0.02636695318712937,1.7640328128740947,-0.0024644030668127055,24.162822131113387,0.1116097093465785,0.23104706075559459,0.1087630535157934,0.09601281916447736,0.15648328920984517,0.14552502217165306,0.1245232957370848,0.12133230579551053,0.06529655111416993,0.01750823340861436,0.01236695775694913,0.020040754735240758,0.04590638888726612,0.08624132850339528,7060047060.0
US,1587,test,False,40.806373,-85.675829,2000,2009,2010,2019,10,10,0.12190758503016404,0.12622748406934253,0.007263166220535466,0.26044997089284855,0.9986216292092314,0.00017349920612678274,1.954251429385852,-0.01587736107309061,17.29114540044514,0.10144800275981476,0.11761384336926078,0.12813889558043998,0.12177190494105712,0.13891551143806957,0.11243825907489002,0.10711978761323798,0.0711394339059805,0.05449256714894101,0.024395143037455703,0.033328462907743855,0.05055596399091981,0.04677292771014802,0.11093114265111648,0.2531868046723131,1.0016021096974674,-0.008370476910187566,1.9204834055659905,-0.006297918948521358,19.532937221415306,0.10286241817647775,0.16809441181495813,0.10134363615491675,0.08919322495201819,0.1321967096452549,0.14135682098844818,0.11681083597149951,0.12604370789747982,0.0735786731328928,0.032642865116580176,0.021890289203001918,0.02804366957737028,0.052152699453095336,0.08474686790744226,7060047060.0
US,1592,test,False,40.714103,-85.955208,2000,2009,2010,2019,10,10,0.05134986988330395,0.1171105220693295,0.12043922073738611,0.20533204043906844,0.994158727471028,-0.0014288977331314535,1.865891916556676,-0.003011223651793047,26.004893472607385,0.10451840766610214,0.16800033138188633,0.1369889728490653,0.1165376683493849,0.14995096644820285,0.1135207166298109,0.10974759068347015,0.05872028381690567,0.054165278618660766,0.01978077714510062,0.03662261354686972,0.04815895348582055,0.04486439818172562,0.11094178024498302,0.32577126117645455,0.9987084960792157,-0.001415518868102673,1.8288678326787133,-0.0038335158817086527,27.3751207936489,0.10640294638524676,0.09862474497871139,0.11051881952955009,0.09787363100404056,0.1451210708663924,0.15378462952376074,0.10457471431339878,0.11658731132609486,0.050907720972548996,0.032035159664585144,0.025846715359782252,0.0220747174200598,0.05158959732843149,0.08908591269135482,7060047060.0
US,1595,train,False,40.672896,-81.193735,1980,1989,1990,1999,10,10,0.003104082258705364,0.0666260570600145,0.012221589878347275,0.06809392471954524,1.0043110307457401,0.002100955121157179,1.0781911508884767,0.0002748763056624519,49.977269358408655,0.10322523197131565,-0.1793442251450168,0.0938211810373707,0.12922238414189563,0.14264847452917884,0.14209544684509154,0.09393572955447535,0.08545450811364139,0.05815681908176897,0.031688987492102555,0.021840778465932197,0.028398310364569544,0.0710503450659724,0.10168703530800101,0.08031551459789252,0.9939189602975927,8.643735883586158e-05,1.1474272666107366,0.0,50.1326439365413,0.10223348396567085,0.021840427200796313,0.13986223421959143,0.11214881553084963,0.1379337963914743,0.1254839433150308,0.09887130341923206,0.08337822176923516,0.06133012658927428,0.03858160629668134,0.024508699236159587,0.03131389329529515,0.050708510192732585,0.09587884974444387,7060047060.0
US,1595,test,False,40.672896,-81.193735,2000,2009,2010,2019,10,8,0.05024152556749529,0.07137020207875183,0.06292686460810445,0.034416816662003864,0.998428045804109,0.0006430481643211333,1.1270095862217524,0.0,52.09563118085575,0.10583905206559494,0.22527637158794375,0.13734903238003368,0.11996487657246302,0.14516749032718035,0.1341877661861421,0.10365133031307233,0.07762528097246296,0.0455266570440586,0.033551318005937275,0.03214734471703904,0.030558842399602174,0.04072434103449171,0.09954572004751687,0.09734368127010831,0.9632481415071572,0.0007081373765839815,1.2972231003550223,0.0013712718546451835,54.779860447129025,0.10914323097251415,-0.16105673944678112,0.13118120684409032,0.08684516466813645,0.16867638501567814,0.13291095906146674,0.10793416404032338,0.08540455710995139,0.07276181393947073,0.0208989707959544,0.016082180479109524,0.028470496333708066,0.047437223951387664,0.10139687776072341,7060047060.0
US,1600,train,False,40.624274,-82.324353,1980,1989,1990,1999,10,10,0.24227130776084344,0.09112183730941582,0.06321685913748669,0.10470174751046628,1.0011771380019878,0.016231976691533423,1.4265630579667694,0.00027464982147761604,7.659777715069385,0.1043242309070383,-0.1915152174489759,0.07419875911519197,0.1252575434992586,0.1561258736562762,0.14206867316656255,0.09604543936781464,0.09382446419400291,0.05437228074437634,0.02695474596345308,0.021142165985131765,0.03672243160867898,0.08164188547212084,0.09164573722713203,0.16791860664795297,0.988042210522931,0.008325398054777089,1.4910863261799072,0.0,6.011724565083274,0.1046439453389017,0.061000284486258376,0.1313971743183035,0.1085049150881474,0.14247922734359167,0.1355930453476299,0.10896102043357123,0.08520279706067488,0.05598653585947415,0.0392120556362665,0.021636218592497883,0.02330477864198749,0.049434270805453026,0.09828796087240245,7060047060.0
US,1600,test,False,40.624274,-82.324353,2000,2009,2010,2019,10,8,0.15078101375252312,0.09313395700817238,0.01889796762441831,0.1296322465659805,0.992732723779439,0.009481407093990906,1.5235978063749205,0.015329865863673693,5.850045896860631,0.10584956565351644,0.24491766821369268,0.14059918212488615,0.10707748526201767,0.15433693970036488,0.13113134648835995,0.11339522624810632,0.07562158977280986,0.055779832735590056,0.03894434674741127,0.03080098093061367,0.03159666031658051,0.036253251087476616,0.0844631585857832,0.1485302141903988,0.9776054297391759,0.004047773072610671,1.614548398779204,0.0,6.8020940995033055,0.10589713644030167,-0.24758627688633797,0.09921020764613803,0.08683876962675306,0.16414349098884762,0.14502166434275574,0.10851132211696338,0.08334879694350433,0.08498221239496169,0.022752786968449793,0.0203701779465584,0.03288465589234608,0.05317399069068849,0.09876192444203351,7060047060.0
US,1606,train,False,40.523591,-81.277152,1980,1989,1990,1999,10,10,0.0030826053589739577,0.10240606583904169,0.03468105147971798,0.1449948136777572,0.8975309849753828,-0.05228516969352747,1.3003576925840694,0.00577240241891149,2.715875282271076,0.09945007345465876,-0.23667493176114482,0.06154964855410058,0.12279975488022134,0.13911240796427657,0.13580204967503776,0.11615462372804311,0.09536977523867754,0.06622191691340283,0.04631308289586318,0.03305389235182991,0.031869459452088196,0.07102007903776043,0.08073330930869864,0.1796758651574752,0.8464439659176378,-0.0601042879334606,1.3510240436935945,0.0010992030777686177,2.7075162010652183,0.09868294221815647,0.050754827876188714,0.13313100627568453,0.0981209901736349,0.1334061070680363,0.12672326921493074,0.1067938247959778,0.07516345591487263,0.05763807193302882,0.04171929439662196,0.035439597307467235,0.04247658377876434,0.05082261099713787,0.09856518814384285,7060047060.0
US,1617,train,False,40.356622,-81.225946,1980,1989,1990,1999,10,10,0.054790152384102085,0.11516276984470349,0.10109071849802825,0.23197201107308346,0.7708906017277898,-0.02928535084445377,1.7133366677461206,0.06306802533737262,2.4528759691105977,0.10055309871700643,-0.3002326143280744,0.09245926301817553,0.13703478768635413,0.13556557612974826,0.13091187593743928,0.10252401877859664,0.09228659677777608,0.0605872869348343,0.051833443511977204,0.02417432159235645,0.02293476156229554,0.07716029401367822,0.07252777405676836,0.3330627295711117,0.8610840029895894,-0.04940140724240632,1.4850594103071524,0.03542982697061247,2.5910193078492796,0.11009069387708019,-0.08476348372579498,0.15500183071037033,0.1320855941485508,0.15191304877778194,0.11591479272547779,0.09636995742983931,0.05057790884521004,0.043555204462999875,0.026169837781727406,0.022118827269902084,0.027446865134149914,0.07455773272460156,0.10428839998938907,7060047060.0
US,1617,test,False,40.356622,-81.225946,2000,2009,2010,2019,10,8,0.03847682446850603,0.08681571343805874,0.05454751039310696,0.30142176336420584,0.9321330714796852,-0.04063700998375019,1.611391802451932,0.0008216926869350862,2.805324507034007,0.10275512429369857,0.11103678735854029,0.13568736848629567,0.10299376469290625,0.14924843410643238,0.12294570088834053,0.09812170209442538,0.06299396884817818,0.03146526935585563,0.029003039359921563,0.05369204022469521,0.035505303655801325,0.06829575028061942,0.11004765800652856,0.24687425297109888,0.9553223023394234,-0.02012767060845277,1.4867713757950065,0.0,2.699434742861685,0.10775102880937165,-0.2238887200547091,0.09745637850201717,0.100164143927271,0.16325994005863867,0.13976023197781742,0.10448083483637789,0.06909665736072232,0.050324764354081335,0.024726033805185642,0.01606305128856339,0.03165619545852411,0.07569774645181858,0.12731402197898262,7060047060.0
US,1619,train,False,40.270656,-81.279319,1980,1989,1990,1999,10,10,0.048786880422750256,0.14159221019602797,5.179623756121354e-05,0.16883416146689098,0.9014293949861337,0.0,1.5914641351224288,0.0,2.8554786733818616,0.09903457007074513,-0.3805587454243016,0.07672483798722099,0.12016805568647618,0.12739090854523688,0.14008825706877098,0.11420061368784679,0.08444238564738965,0.05661935779739286,0.06353942311340319,0.026217789934143376,0.022736644630694646,0.07544315942258237,0.09242856647884204,0.16878236522932977,0.8583152522151039,-0.04283856134406795,1.4618659925676916,0.0,2.719512428634167,0.11208315429200885,-0.14218249762979698,0.15519533532813673,0.13639384105893065,0.16364320536188326,0.11931936339984431,0.0899015633678564,0.060180942674111275,0.0433991359503945,0.02755187832866134,0.02018154426232584,0.029016269237759365,0.05842434849230761,0.09679257253778874,7060047060.0
US,1619,test,False,40.270656,-81.279319,2000,2009,2010,2019,10,8,0.04092693030857159,0.09974680085471055,0.09191338586657816,0.22437098640261188,0.8412254821303804,-0.12697558429207081,1.5645470236560048,-0.0032849712565015056,3.2628320027811166,0.09918070719460381,0.28142203496649093,0.13622768030029714,0.10420979320449474,0.1522808867590754,0.11571933130295756,0.08914496430798648,0.056120631015403676,0.04465229785429817,0.03163422848977725,0.05723544995767959,0.05670537470710157,0.06351758669814206,0.09255177540278631,0.13245760053603373,0.7528937040805473,-0.09894904763581909,1.3590073597499155,-0.001026694045174538,3.3991400089525734,0.09715919957544013,0.02772993297596434,0.09981956549750792,0.08476666713328158,0.14352373804640267,0.14118463535591097,0.11046482261401146,0.0754652638063437,0.052555048777197036,0.039557253611441655,0.04094938010277368,0.04999177544502781,0.0813088163583711,0.0804130332517307,7060047060.0
US,1620,train,False,40.191827,-81.218352,1980,1989,1990,1999,10,10,0.09569327216270924,0.11301328803673129,0.03297305563689032,0.19324023859734607,0.889351214316224,-0.10630062477326027,1.3566171188080567,0.036243822075782535,3.1939291738957998,0.09724750929029555,-0.27927387542848997,0.0678725839752564,0.11923944344116977,0.1211831564360801,0.14506756761606043,0.10361258714736203,0.09132827631637935,0.06651070682724024,0.057780282045429114,0.030846061416114214,0.02883506803217072,0.0855215485466439,0.08220271820009376,0.2262132942342364,0.8559459637342403,-0.14351164711098094,1.167886033630556,0.0,3.5146682759711636,0.09728503562633493,-0.10048077310033124,0.13583024195557145,0.10358532801921153,0.14211689946164457,0.11076113531577733,0.09936630517900057,0.0756118049977354,0.07470810784553346,0.04718154212139927,0.03664298386583726,0.038962631595006125,0.05673000616639133,0.07850301347689154,7060047060.0
US,1620,test,False,40.191827,-81.218352,2000,2009,2010,2019,10,8,0.03295170861559293,0.07317706528478249,0.02643298809520528,0.2867891046920065,0.8360053673790245,-0.25940501928073084,1.3024184185492091,0.0,3.9392709882794974,0.09144120304488096,0.10750630872940144,0.12353543882860032,0.09592582524322811,0.12917290683603969,0.10948051756073786,0.08911822508033196,0.06939206816963084,0.06209294603615998,0.055181648790233184,0.07504461141264432,0.04621593939471309,0.05841914569655267,0.08642072695112789,0.26035611659680125,0.6549315999104903,-0.1859794177033299,3.6004568977185567,-0.017111567419575632,4.071239043636977,0.09836345329748715,-0.12178737344096563,0.1650567111457622,0.09254600826946754,0.1266104993014775,0.1129681016243758,0.0871580373569405,0.0671336213315451,0.07504099055777005,0.06462313345580986,0.03609738905729154,0.051994619111509,0.043757917436260715,0.07701297135179007,7060047060.0
US,1631,train,False,39.99397,-82.081891,1980,1989,1990,1999,10,10,0.08257509598346019,0.10619258349624422,0.00739125186884218,0.1813161446867694,1.0014548263817886,0.0006795454729703351,1.5439136101456647,0.00027570995312930797,25.16387891637997,0.10554187069969317,-0.21855080477720393,0.07780342446742065,0.14262854857745927,0.1354822254780068,0.14611894799243938,0.11245595920245259,0.08207784226513254,0.041893425411967625,0.03760117396063389,0.019032222693791977,0.02757578132827436,0.08409909680657432,0.09323135181584652,0.18870739655561158,0.9955199482596392,-0.008137580308908552,1.6442865403307163,-0.0005492996429552321,27.329991417292593,0.10649244501124544,0.08283681569215792,0.1447691823402928,0.11778608005537139,0.1354964015066191,0.129568532878525,0.10732980064473584,0.08933891186824512,0.07058864071789737,0.040857538646351346,0.01382943015536472,0.021696906399419194,0.0378038256086105,0.09093474917856754,7060047060.0
US,1631,test,False,39.99397,-82.081891,2000,2009,2010,2019,10,8,0.04277584741020782,0.10888528487484511,0.06693304185682168,0.18237004487820957,0.9992558150447364,-0.006687082226727743,1.7965246604349387,-0.0002737476047084588,25.407194683642985,0.11062726305558984,0.13796210219692154,0.15367883579248928,0.11180532966045045,0.16477213928392198,0.11986450226139869,0.0969777838280478,0.08441490644394543,0.028885509474391384,0.022188914698137975,0.03400220720206338,0.03534517167989955,0.044300267181607934,0.10376443249364606,0.11543700302138789,0.9985752175504237,0.0003751888360185801,1.5570482042946239,0.0,24.343297178707523,0.11245727842243869,-0.10785574331509266,0.10561728998697188,0.09576071319115352,0.17951445528249704,0.1419678798724831,0.11071430077035863,0.07535518997698022,0.07616861282520908,0.021190335999589825,0.014526257992182054,0.02495814009347501,0.039442420543396466,0.11478440346570327,7060047060.0
US,1634,test,False,39.951705,-83.746098,2000,2009,2010,2019,10,10,0.11736228751789635,0.08618255909032846,0.027911897554906417,0.13342711254633016,0.9946190911507528,-0.012444641043612172,1.4604272420453568,-0.01834108951546674,26.47993880888053,0.10476861884289747,0.027262679356954304,0.12940001384177804,0.12387037396757088,0.1358783179341194,0.1234177955763187,0.12405486327362389,0.05628548051759303,0.0322541637942186,0.0313454981478846,0.038339865544107794,0.041667177588925755,0.05145319523889084,0.11203325457496847,0.16133901010123658,0.998552946334774,-0.009610196631703337,1.6527479599121726,-0.016976998904709748,29.7773997383804,0.1120706912244856,0.17198463904757122,0.09725627372754028,0.1478128283657257,0.14313901017270067,0.15401170760746954,0.1274355770482342,0.05550741742594954,0.05243674601474446,0.022274754655711333,0.016502535975577246,0.03134421944674585,0.05227539966619619,0.100003529893405,7060047060.0
US,1636,train,False,39.924326,-81.433961,1980,1989,1990,1999,10,10,0.016813501496060167,0.1461636822173842,0.04326899582587668,0.41263267089453565,0.8665496511809576,-0.006225566058706069,1.9238243772612593,0.000550812448361333,4.497582988593259,0.10560153276540513,-0.044682031939408645,0.07549779407913439,0.13561052301411963,0.1423387459106154,0.1428321803344322,0.09571875172960788,0.07979793262315855,0.034827666297317955,0.0391632263167953,0.017624611721744017,0.030429284506400457,0.09651671237938622,0.10964257108728799,0.4559016667204123,0.8241376673504762,-0.007084829842464032,2.2425828820893416,0.0,4.422595041807806,0.1151724768494599,0.2528587476526968,0.16568791967329052,0.11731412422689441,0.16657299640330128,0.11549664079254887,0.11069469602337963,0.09200230771204866,0.03923282434920681,0.01869296792540585,0.01777844041773547,0.024227833657254248,0.048680210842147825,0.08361903797678633,7060047060.0
US,1636,test,False,39.924326,-81.433961,2000,2009,2010,2019,10,8,0.051720870392615664,0.12448330578109672,0.09084526189753978,0.4339507826290104,0.8403775163523791,-0.0360767266379826,2.2446739619548914,-0.0008212428141253764,4.4573981156048035,0.10163223961667055,-0.19395021499683118,0.13805271630470617,0.11434222849669091,0.14879411396148148,0.12382357313252712,0.10347046414951346,0.06235128298563274,0.037153747208735655,0.04731312201938052,0.07251094439594603,0.032888748532664686,0.04624831929484948,0.07305073951787179,0.3431055207314706,0.8261856995739542,-0.04879449390219183,1.817388522225937,-0.00034246575342465754,4.232718014194957,0.11268463585435064,0.03360551804637961,0.11014454550885319,0.1147195417370049,0.1764078592445188,0.1415802137054349,0.09947189280994868,0.05934212505836695,0.06601283092638999,0.01815397080828714,0.019659704175708413,0.03010327263858517,0.0414767809018467,0.12292726248505499,7060047060.0
US,1645,test,False,39.720158,-87.067708,2000,2009,2010,2019,10,10,0.0368567240436838,0.090420495615259,0.03203113561396942,0.40500646016277186,0.9842464248476146,0.07661589662923436,2.3168711424044877,-0.060498220640569395,7.43448846858052,0.10172144442873651,0.2599794527566089,0.1228540937469347,0.11332046284029096,0.12188552599670478,0.11609839481112144,0.12625778967325618,0.10522965502172932,0.05895527452320947,0.018644140468792862,0.031754800550213694,0.04546096615531912,0.0397393518870865,0.09979954432534088,0.4370375957767413,0.9867421978227968,0.08340467457814493,2.500992371295743,-0.06462212486308871,7.165465681103863,0.11512123274717781,0.17894030151440649,0.11238795467871494,0.10332454397876988,0.12247728333632793,0.20013340068329702,0.09464729576545411,0.10745332115650147,0.06252534079189759,0.012650181500556355,0.023051087727173427,0.026128885144985046,0.03736144357718444,0.09785926165913769,7060047060.0
US,1650,train,False,39.539648,-82.056248,1980,1989,1990,1999,10,10,0.04367921431678395,0.1301756755526021,0.13796827297063946,0.18326550068947162,0.8929612767781062,-0.0977459516831703,1.8500190750809216,0.06033766952670911,1.4027861441373142,0.1094229975772452,-0.20551566733985438,0.05368679974820264,0.13580112093463723,0.15865897815638133,0.1472072247653014,0.12350252035468354,0.0712123520237873,0.04161002058110573,0.03976803635165504,0.023006321860939885,0.02566793218256296,0.07869491558006987,0.10118377746067307,0.3212337736601111,0.9124396956624904,-0.04550469331299276,2.188919101545507,0.07338444687842277,1.4654166082313442,0.11713628228984155,-0.02673783555984083,0.14533781268000398,0.10554073408856644,0.18131842588903715,0.13352144973610344,0.12899536207237974,0.07519390549862154,0.04800084027672026,0.033480255746358684,0.011633122763614907,0.0195732844806158,0.03589139236263442,0.0815134144053437,7060047060.0
US,1650,test,False,39.539648,-82.056248,2000,2009,2010,2019,10,8,0.03580606368731453,0.1547707397271093,0.08100709554643346,0.24036226984060824,0.9552683629587635,-0.01812992367569667,2.2026971916168043,0.020296215030170053,1.3697428504137945,0.10807826460154893,-0.12012271445980008,0.13602401959388993,0.11318332899538047,0.14950166984998564,0.14251958109151472,0.12456829492267164,0.062102232162127305,0.029088960510165712,0.018733905162593725,0.05668275146701279,0.03704102188197922,0.050709436968794264,0.07984479739388468,0.15935517429417478,0.86893992036192,-0.03644667599623932,2.0003251620906863,-0.04246575342465753,1.321565419892793,0.109182476816422,-0.05322864007729904,0.0869314313925198,0.09979776061111804,0.18543196392240338,0.144392765903976,0.0904692376041695,0.043216269882813935,0.10444731612182473,0.041936092697426756,0.023265571588835136,0.031815864687768036,0.0500442104975218,0.09825151508962285,7060047060.0
US,1654,test,False,39.486722,-86.914583,2000,2009,2010,2019,10,10,0.0361674004642545,0.10347626905753245,0.0068242487804469065,0.41501930654162267,0.9970326987654147,0.015980999331358662,1.9264089615183217,-0.010128661374212975,12.085184995556562,0.09739278663581888,0.2813546524733344,0.12259739531039317,0.10061278838134562,0.12162019178286741,0.10083844253155926,0.12490077096994463,0.10578265984136118,0.06323603587940983,0.017215570804014507,0.04140611606464654,0.05381790371548428,0.05615609190377577,0.09181603281519772,0.4218435553220696,0.9947747337749554,0.01910190580283522,1.9224861307194148,-0.012048192771084338,11.655905033672239,0.11465323911981275,0.1327204488259488,0.12486353439589831,0.10235013621991615,0.12720649554799973,0.19364777370100475,0.10464701023548507,0.09080262113285813,0.06252057153550723,0.013105438816851465,0.01946450439451036,0.02252122792220287,0.04597750608368912,0.09289318001407666,7060047060.0
US,1655,test,False,39.485819,-84.059259,2000,2009,2010,2019,10,10,0.16725128016693647,0.11363158541559577,0.000538707556980822,0.24311288914108478,0.9799897137384159,0.059395776993244116,2.397865638811001,-0.1489186969614016,7.492115138936828,0.11638888872377506,-0.06751815114032411,0.14264351648511545,0.11690706678995313,0.17739652821494073,0.11789197705208193,0.12256218172829686,0.0940612141936921,0.02511856312768752,0.009517314754984053,0.02602163256107234,0.030910066244133998,0.04199963709245398,0.09497030175558792,0.2436515966980656,0.9899267265955669,0.050473889437692473,2.0025077094722477,-0.10569550930996714,8.856064095314062,0.11263992093922413,0.2126099858201052,0.1067938993007612,0.13421007419978223,0.15208706379911693,0.15291416981208555,0.09836374658316792,0.09287967214663612,0.04590314804335372,0.015524007817866977,0.013634529345189023,0.016204642836784466,0.0644444436744514,0.10704060244080436,7060047060.0
US,1656,test,False,39.44049,-84.996875,2000,2009,2010,2019,10,10,0.025247487860875044,0.09127801383365133,0.03675031324607375,0.13246232473135744,0.9961850012861077,0.045162411113829556,1.6772526351759325,-0.04681084040514646,16.05317302862051,0.10359454750172994,0.06518249376686713,0.14699314024945284,0.0907070815215792,0.14279744897595872,0.10940035536218139,0.12320265493614102,0.08715362478370817,0.055381281459895085,0.020736954046625115,0.02484338035739035,0.045688610165942264,0.05777633999498486,0.09531912814614087,0.1692126379774312,0.9960897682366173,0.048247749009595164,1.7174688193462029,-0.045180722891566265,16.463635084309573,0.1110562271960577,0.2262847383948315,0.11631402129940371,0.1151535337319847,0.14734211098334546,0.16167780046816344,0.11195739927811181,0.08487939161225458,0.04050595849851001,0.015144341653015718,0.023581334340804186,0.0203391854834036,0.06516486452918563,0.09794005812181726,7060047060.0
US,168,test,False,39.241269,-121.269088,2000,2009,2010,2019,9,10,0.27035005062642076,0.11501548114552618,0.02206626958905114,0.047323335903193584,0.9854227483679152,0.027724421382364545,1.3525546009591844,0.0,58.63858476654979,0.09627072618858006,0.2833984169345309,0.09398064792425527,0.0826649725102293,0.0986587492467453,0.11200285490240086,0.16357761562346335,0.09307284384472499,0.08541106061006347,0.07316211582717146,0.04240793261176179,0.051731430735560725,0.03673759833502148,0.06659217782860191,0.06938960549224472,0.9352449583223543,0.03209881790980793,1.634712982957943,0.0,76.84135514264568,0.1026407788228522,0.5080892507474011,0.09139512999119635,0.12067629080280469,0.14076838919803006,0.1353865344533968,0.12365249934052142,0.10458368719539518,0.07028090123434158,0.05877600673622089,0.027682114698472288,0.03140061389835613,0.029597738724840887,0.0658000937264238,7060013550.0
US,1683,test,False,39.021119,-84.146664,2000,2009,2010,2019,10,10,0.16218977562807033,0.11899060898961447,0.07327662533635326,0.3168403195477491,0.9763144939646814,0.07614313221615653,2.7245313081794515,-0.21680810292909938,11.530915191504304,0.10881570129297989,0.05686963588176037,0.14024636265382875,0.1425642427617755,0.15984198444791906,0.10842396900978665,0.10557518870745367,0.04283931854074745,0.036814290685374694,0.030382880006524834,0.035776696304297036,0.04323294292113594,0.05262039207853692,0.10168173188261953,0.39011694488410237,0.9913708869835566,0.06474296927579098,2.5362074548726983,-0.17606790799561883,13.561318083202375,0.11512784400117923,0.1744800416767759,0.092610518966081,0.14313267775118602,0.14893422575654292,0.17075127537884574,0.09917040034787397,0.07244344668842535,0.04693452828646433,0.018263350804801643,0.01828464268003752,0.018802307496207725,0.054880427119891856,0.1157921987236419,7060047060.0
US,169,test,False,39.197467,-123.180998,2000,2009,2010,2019,10,10,0.33858512321479733,0.06210855494041023,0.10076644861119455,0.6344242896002354,0.6016631963129283,-0.2534314178163253,1.4086296403260938,0.05365453052285792,7.7126388544952125,0.11530234842520268,-0.12564702375910158,0.1567801239028691,0.16617525058471805,0.129984622608688,0.09396912108061686,0.06547363725790736,0.04076045634719157,0.03567355298303578,0.03314739345278913,0.035672321362826075,0.04153789933112654,0.04610356295048859,0.15472205813774303,0.5336578409890409,0.7709980446889974,-0.23628138973362986,1.747683515311114,0.16319824753559695,5.497400090619395,0.11698860305678345,0.11309728962830583,0.16978595136839836,0.1441825148909359,0.16665200246691064,0.09178301683062261,0.05601358782311963,0.04506781031353462,0.03812380624389843,0.036829700281204865,0.03766775492386288,0.03388267133962481,0.04295065140617293,0.13706053211171423,7060013560.0
US,1691,train,False,38.840775,-80.617632,1980,1989,1990,1999,10,10,0.15273624523506288,0.17436453754866402,0.06702866878328236,0.08702381677991299,0.9813047996455352,0.004941935607511672,1.6035937950581607,0.0,10.205178160693812,0.09967558068339398,-0.36567640746335656,0.07023928290552771,0.110125570783811,0.1586256999704172,0.143542012366964,0.08851537081408554,0.06831157658341867,0.04388412681791852,0.0589582004556961,0.05396015628684895,0.029916286029247667,0.08956543765297047,0.08435627933309411,0.15405248556319534,0.9755643991083973,-0.00746840720755747,1.7398303337896657,0.0,8.759676797903074,0.117206814922073,-0.14720787884885875,0.15962219282413795,0.12102670937841249,0.1888311785603788,0.09620392509362881,0.10045696191074502,0.04240238920555985,0.04726094447431825,0.03332186146812132,0.013960928142592194,0.0268019679467847,0.057198059969795094,0.11291288102552569,7060047060.0
US,1691,test,False,38.840775,-80.617632,2000,2009,2010,2019,10,8,0.0696937863797214,0.14097332480882457,0.04986726758179627,0.14115894237800788,0.9904688962163037,0.016243674463171126,1.6663874564369043,0.0,8.15702138702754,0.10350002603770296,-0.11731736739043647,0.11513776894348196,0.12645744910399423,0.1149823654106602,0.15098298025642204,0.11150005136970378,0.06589175719529711,0.03752687127267617,0.03976765023775911,0.030125849944476833,0.027518950319127326,0.07292301914725353,0.10718528679914768,0.09129167479621161,0.9947968543316621,0.0055468762484227364,1.5149195946755227,0.0,7.607885611653865,0.11816876347777037,0.010451796517422517,0.12835628580822087,0.1328349018759947,0.1820405865671276,0.11375848232304414,0.09442053540370736,0.03414292400310415,0.04972761828300981,0.01934818025035546,0.008889162322302876,0.0347033698494102,0.059658699039573805,0.14211925427414898,7060047060.0
US,1699,train,False,38.661883,-80.690625,1980,1989,1990,1999,10,10,0.027174336908971065,0.10907918942987227,0.03348507296982929,0.07538628582363757,0.994881491126561,0.04585086773900826,1.3156794251105912,0.0,34.77069781408571,0.10350614151193191,0.014562940028069078,0.07816613009320159,0.12900844641124518,0.14519408609593057,0.13260582640486135,0.11115606768284189,0.06195521925642826,0.04121546485048704,0.038855772951505656,0.018798678516381968,0.03911754353597567,0.09994481532654785,0.10398194887459289,0.10887135879346686,0.9893078701495781,0.0369914528839855,1.3606408200216746,0.0,35.728523671266096,0.10927768989143785,-0.06636070761801903,0.14095416506970948,0.11657131030554599,0.17497577625278793,0.09982781071631376,0.10566935493963203,0.04890517857123909,0.048032767697948786,0.03839297472622285,0.01978502518842692,0.03343999220407656,0.06075788067650336,0.11268776365159326,7060047060.0
US,1699,test,False,38.661883,-80.690625,2000,2009,2010,2019,10,8,0.03461267557100262,0.1052123416382309,0.003725832298891993,0.08269951063557478,0.9974044280487498,0.0440358887908207,1.2325924229677678,0.0,35.8315692796669,0.10140472176954969,-0.09009555764181153,0.10760337687890335,0.11314000853717877,0.12774892343524683,0.14359575718509252,0.11553278162007653,0.060205695000344804,0.044899542293523526,0.02961660261647815,0.034505989543870144,0.03621541905931881,0.08238536983487323,0.10455053399509336,0.08642534293446677,0.994207837308475,-0.007355734328410503,1.2326417535099632,0.0,37.09350933817089,0.10940896940763196,0.12379421058752509,0.1228078507094831,0.11234200265978186,0.17021996839208287,0.11092136022872659,0.09317765227918369,0.05286866466151903,0.05485143949828522,0.023605820162225944,0.011992722484301738,0.041244576358332355,0.06886164022394438,0.13710630234213322,7060047060.0
US,1703,test,False,38.433971,-86.706038,2000,2009,2010,2019,10,10,0.19155242094118322,0.13112676030927184,0.12661050896615933,0.5453170994179828,0.8649388109083753,0.07774021830332191,2.8154029670390552,-0.2737476047084588,7.036255003372253,0.11411394453090208,0.2020431408535698,0.1243142461512675,0.12704797723780106,0.17734691787613074,0.12865552473960848,0.11948752345261311,0.03559944927581116,0.03191227737419579,0.016549064359573307,0.03760090482466832,0.03241750670947072,0.0630764736087878,0.10599213439007198,0.6719276083841421,0.877085468072254,0.06841271481958024,2.9052077824044047,-0.24780941949616647,8.521807701061162,0.11666008127070611,0.2038032991294222,0.08876054615434933,0.11643460035850792,0.1448144667046899,0.19920689665387567,0.10405089472323029,0.0773511892890365,0.04751701446541965,0.009172223920436935,0.017348061887285857,0.03563641800002622,0.05646539308248047,0.10324229476066134,7060047060.0
US,1706,train,False,38.301903,-82.413806,1980,1989,1990,1999,10,10,0.48254917826879873,0.11995927191027025,0.060860729368162086,0.15456968018575368,0.9884289654549073,0.00900743545880536,1.6970793128068202,0.0005514199062586159,7.923083878097742,0.10784683522274133,-0.3205334402142523,0.07517053434336406,0.15106269870364922,0.15006649984723786,0.14494934077485436,0.09655316250931056,0.0909706431379028,0.04744034879341542,0.039382834204479175,0.01753745082191525,0.02210570579269058,0.07617660316130082,0.0885841779098799,0.09370895081759159,0.9971094013817416,0.00344058209214572,1.2902908531194757,0.0,12.836975105896082,0.09925286637911494,0.16051762501244118,0.1378461531662186,0.10509896941762573,0.14098465089192222,0.11707737656161082,0.09997138099114773,0.07892942398438109,0.05782234707983935,0.04328797600249571,0.03254023676429069,0.04161250364940037,0.051176092859135006,0.09365288863193286,7060047060.0
US,1706,test,False,38.301903,-82.413806,2000,2009,2010,2019,10,8,0.19888310775772622,0.09575928573462249,0.004737329409965352,0.12638208602596696,0.9881953900855722,0.009396926643333185,1.5367653447641998,-0.0002738975623116954,10.51762316389395,0.10079046221210751,-0.06493048175446184,0.13286402047948154,0.11679558421057944,0.14937694741323154,0.118423814644122,0.08993329498389217,0.07880755481131613,0.04379865223995609,0.0352330484579044,0.04746595897969499,0.04325860054111193,0.047506290959700395,0.09653623227900943,0.1311194154359323,0.9941919675065991,0.016100734773249966,1.7477995874507415,0.0,8.620724579017642,0.10963418320782313,-0.15607007666035158,0.10377892740291095,0.10149341133820798,0.18616604113829827,0.1401591869758643,0.08904964382858305,0.08942900495931147,0.05972720366368969,0.04186305671496154,0.01597174538709496,0.030210941358980056,0.041559795104060944,0.10059104212803677,7060047060.0
US,1707,train,False,38.251318,-82.984298,1980,1989,1990,1999,10,10,0.18200019659255917,0.11516386698339467,0.01246616278399365,0.1766465981355411,0.9251456135947105,0.04012996336229949,2.3507313238106247,0.0,6.961340353372451,0.1195746430602032,0.2585100946471312,0.14627451382955053,0.16347775205909834,0.15203317963703303,0.1254529423251728,0.1073691119663111,0.047130680664083414,0.021864866598492457,0.018585725157610394,0.014239298145610967,0.021632163017947365,0.07089216507301455,0.11104760152607507,0.18911276091953474,0.9724465000396242,0.015271762522387294,2.142719497815577,0.0,8.350924338063717,0.1332771468659715,0.03007476376696702,0.15129303111453052,0.14526744560857202,0.22404598607367732,0.0975790659640002,0.1230720065225944,0.06297061729276429,0.028454578675298735,0.015111359608696358,0.008701265397673113,0.0215979746561391,0.034084945335270754,0.08782172375078327,7060047060.0
US,1707,test,False,38.251318,-82.984298,2000,2009,2010,2019,10,8,0.14590806479859025,0.13315850448708597,0.03877929901477409,0.24333614416725755,0.9684549105583644,0.04642886675506615,2.4953492487753532,-0.0002737476047084588,7.277799860646599,0.10788587842270606,-0.042326942447866577,0.11588751946437194,0.13451714929719572,0.15765492213931379,0.14855200903129392,0.09984901882492188,0.060287985530280405,0.028174567571747265,0.024089699401863986,0.04594767509351866,0.03809559889870402,0.06636472759180038,0.08057912715498805,0.20455684515248346,0.9802077562492466,0.028069479929992255,2.2627743910638594,0.0013740982480247338,8.42106802796276,0.12100982599262575,0.02953851442957279,0.09632531993948136,0.1340434423934106,0.17145719865509831,0.16924737289538594,0.11946123455232874,0.030077512854765332,0.07737562752659358,0.0200737581000633,0.021056955446514654,0.014148581783866403,0.03630628027254757,0.11042671557994437,7060047060.0
US,1709,train,False,38.224185,-80.890208,1980,1989,1990,1999,10,10,0.04758270459216093,0.10305639867369307,0.012409775602666248,0.037074278808256186,0.992846623655603,0.007981179789937934,1.24071899976185,0.0,57.68570714074594,0.10131180632304876,-0.07298247499313161,0.08137314695573068,0.12624612506062619,0.15164512209145534,0.1269447091457589,0.10164231924452227,0.0649005509849079,0.043757854478223654,0.04751435187309762,0.022882046157344967,0.038970617290512766,0.09252683067525681,0.10159632604256305,0.049484054410922435,0.9880216016220793,0.03892999455943281,1.2826441220098699,0.0,55.00514511325937,0.11258482836028898,-0.06662423394864705,0.151332264464979,0.12494303844021791,0.17656863462217867,0.10091143358126463,0.10134640316199364,0.04723022194390817,0.03610695037377777,0.032867261238436106,0.019608779175953453,0.034466168138499995,0.0648487501825063,0.10977009467628442,7060047060.0
US,1709,test,False,38.224185,-80.890208,2000,2009,2010,2019,10,8,0.004242902384424885,0.08679530407116334,0.016160318346514616,0.05910140801630302,0.9927007047823136,0.039649322341757665,1.2817508734557266,0.0,54.924856333289696,0.09813344336262171,-0.10907849962457995,0.10241383667638468,0.10307879007916217,0.12867982038268086,0.13591280994248645,0.11125992415635833,0.06274534048888576,0.05932775696994178,0.031697328442927775,0.03814174103894494,0.035140557166413754,0.08861634079474331,0.10298575386107024,0.07526172636281764,0.9843788888059136,0.003511402808014956,1.3352232593416782,0.004118050789293068,55.158392221832635,0.1066141101714572,0.09762309779427854,0.11596695008605133,0.09909610031561855,0.1647044990857887,0.11291164538747882,0.10632369298593967,0.0633814239991013,0.05551171954779162,0.024196208194796894,0.017278128747855982,0.039528347970786394,0.06592189217391987,0.13517939150487093,7060047060.0
US,1712,train,False,38.142806,-82.386678,1980,1989,1990,1999,10,10,0.11220969843626664,0.15153349453525086,0.022284709714644912,0.11327803545271622,0.9535438546795829,-0.0005418619397557952,1.774957257094796,0.0,4.982819057594115,0.11657569529864019,0.07027183462565112,0.08366416482476703,0.17495258899614502,0.14821145422277612,0.1501850696296827,0.10672216047337856,0.0714068968931993,0.037258943983629104,0.01570755565296376,0.017448706016070344,0.01880943612572326,0.07685859647203797,0.0987744267096268,0.13556274516736114,0.9691050507661447,-0.009059829818007271,1.9347135991075106,0.0,5.574516042926647,0.1348752548558852,-0.23209096507766924,0.14698607891886234,0.152330536038996,0.2245740564234785,0.11175991521721022,0.11358798045860423,0.046207217806689245,0.01930746013267408,0.017091032219328627,0.010301247707875185,0.022409117814585964,0.03892384676630515,0.09652151049539051,7060047060.0
US,1712,test,False,38.142806,-82.386678,2000,2009,2010,2019,10,8,0.19923590353398202,0.1112859344174627,0.027568414177462683,0.11476065023526917,0.9731772928680016,0.005340287172574174,2.1358892532728664,-0.0008216926869350862,4.21325656709101,0.10809966517621086,-0.05952774015653373,0.10642274848066559,0.131674922381117,0.1465819304370569,0.16702159858723553,0.09892967988044622,0.06582649777498945,0.028449504057553063,0.024371498099595705,0.04451121259362793,0.036828727593158826,0.07053741365540028,0.07884426645915336,0.08719223605780649,0.9895764030681901,-0.001330506348698363,1.9360313839659047,0.0,5.142152589771486,0.11532528217904826,-0.01632200362464271,0.10855967406808521,0.12597418391733933,0.16866564961208322,0.16075894357449413,0.10468492982950292,0.046182814655070466,0.05175778732409751,0.016598293774000603,0.01361281870120895,0.062402892285430445,0.029530154052389762,0.11127185820629741,7060047060.0
US,1713,test,False,38.125451,-82.696959,2000,2009,2010,2019,10,8,0.24319199845258269,0.14202638409976398,0.06864092420594767,0.24864642535655,0.9460740417984685,0.003549386420659631,2.2861446829930157,0.0,6.98712314208691,0.10335641913809071,-0.1622354579163356,0.11384633417353035,0.13382606857169768,0.135513225080827,0.15310423982284888,0.09174782269070586,0.052403791943596414,0.03498705937529507,0.02904649104832391,0.05070688969000454,0.0438834098062028,0.07929836678469383,0.08163630101227358,0.18000550115060232,0.9465115430146,-0.0022220296509160836,2.3001017822346506,0.0010369858278603526,8.910772181566987,0.12116185809918877,0.25093800742930183,0.09139412164147956,0.13818184582837326,0.16585553067250602,0.18930322200789063,0.10283735446072072,0.03584214666132323,0.07571259087838608,0.026547855008533034,0.02038426395637343,0.020878900442512144,0.03211161163636645,0.1009505568055354,7060047060.0
US,1714,test,False,38.114969,-83.530932,2000,2009,2010,2019,10,10,0.18680020887211812,0.09647666105172786,0.05833949209706352,0.3481205054128808,0.9933782073843318,0.04683657987376529,1.8520844171173045,-0.06131946345469477,28.716870523532375,0.10546762870687822,-0.23617674778827788,0.1141711125386744,0.13399255488052406,0.14073525861796052,0.14789211847605338,0.11041573673393551,0.0645920285175903,0.039401655653621866,0.025038324069489828,0.04174941315535173,0.03340633976887205,0.060958665984014934,0.08764679160391128,0.2897810133158173,0.9941839000342381,0.04666881248691047,1.5968535616284594,-0.07037239868565169,34.614926198370554,0.11606975281841408,0.19514976104273793,0.10673387495559929,0.16586360836685415,0.16185471812617253,0.14263067746932184,0.09828773941136774,0.03854575173559027,0.05853958381657226,0.022972530609125293,0.03231783681745325,0.022297257072642584,0.03796141012115417,0.1119950114981468,7060047060.0
US,1718,test,False,38.002023,-85.302083,2000,2009,2010,2019,10,10,0.20362693800466788,0.08618049070493788,0.03386775009175219,0.42860730755398413,0.9907621611196612,0.05532035661695461,2.4462139390327886,-0.09252669039145907,13.313363200089661,0.10819425004869816,-0.0053634972447619686,0.12267573853958248,0.1394373296585855,0.154397824144267,0.11761025832488067,0.10349829852905836,0.03650405495915449,0.027950972800380215,0.019473616571139173,0.05306052517573952,0.04260499927256715,0.0640955273308737,0.11869085469377179,0.39473955746223194,0.9963137673180321,0.08498741609772643,2.420942779323224,-0.0887185104052574,16.32006317741321,0.10744591111267122,0.1385252342207187,0.09262675219807394,0.1448512758590091,0.137076332940806,0.14039203731480832,0.1111582026604275,0.04941058686275942,0.0637345079111836,0.019568259979554234,0.02514356443339802,0.03266115594771513,0.06314631823809881,0.12023100565416589,7060047060.0
US,1723,test,False,37.840562,-82.871875,2000,2009,2010,2019,10,8,0.23102259189047794,0.10271395269314323,0.01799990684016034,0.17012289905439995,0.9693660132063304,0.0011697682727395747,1.8647518208309388,0.0,4.5878032356768506,0.10700580089369462,-0.0730328903388019,0.10857296830029124,0.13009132002800067,0.14164858718016657,0.1643931822603536,0.10607858389028853,0.04744235134495143,0.037978669384019274,0.028172479953846124,0.041065214511073055,0.038875175549392495,0.0692088780319397,0.08647258956567731,0.1521229922142396,0.9887180401420098,0.028225351976431022,1.5082833773917237,0.0,5.780116877534951,0.11370830613115783,-0.03356354804123542,0.11715496560472642,0.14039688208473095,0.17309532079429504,0.13676891843994723,0.1028126483207845,0.04273079499430048,0.06611909357095713,0.03282732150921426,0.01723290564004465,0.02487105563962177,0.03993310986015697,0.10605698354122067,7060047060.0
US,1726,train,False,37.734423,-82.725985,1980,1989,1990,1999,10,10,0.1954159798843241,0.12112951721917598,0.04105277925821642,0.08353403566670939,0.9884610199554901,0.0,2.0824655075315293,0.0,6.173882043545706,0.121162288145598,-0.07190250123392346,0.08206497769549463,0.16026114958607407,0.1849801533877702,0.16049503467346096,0.11204900694067643,0.0634590315844383,0.026242014440854666,0.02485226284484731,0.029650852077555016,0.016703145536181227,0.06594802599791806,0.07329434523472897,0.1245868149249258,0.9833128108167184,-0.023562403097045444,1.8789268855939782,0.0,7.506308500801624,0.12603410916466015,-0.2007345097629127,0.13434373502703445,0.14731123823859266,0.21472057790606017,0.11776544621981302,0.10815646421896952,0.05166752404500094,0.02925431496500875,0.020135898607096057,0.01525463869279514,0.03800217529670921,0.03529463646352697,0.08809335031939326,7060047060.0
US,1726,test,False,37.734423,-82.725985,2000,2009,2010,2019,10,8,0.17719026290245432,0.1044603531128161,0.019997969230159188,0.11003319331536628,0.9899735102738592,-0.007522541484616284,1.938747538202022,-0.0002737476047084588,6.819503768096104,0.10569428487665353,-0.077001416170191,0.10528294143359043,0.12302052298739583,0.1341736100142626,0.17004928189703614,0.11179149671335613,0.072725653750295,0.05621944567173719,0.036310518678925895,0.03496632816257889,0.030334473347577575,0.04991504456181,0.0752106827814343,0.09003522408520709,0.9885836444960264,-0.02421742520672953,1.5776737851203737,0.0006858710562414266,8.14152061928855,0.10647605634174816,0.08239095594503078,0.1122542611556289,0.11748957303744377,0.1661231174137694,0.12923591176909802,0.10878232239644543,0.04277524794953814,0.06515685521257632,0.0607004386520139,0.024189554613705946,0.031177807451594784,0.03553536519342446,0.10657954515476067,7060047060.0
US,1733,train,False,37.600451,-81.8213,1980,1989,1990,1999,9,10,0.23056496333291468,0.16563059329516713,0.020967634034589275,0.09914707512082031,0.9968968000072789,0.028228642849614738,1.6347901167499457,0.0,19.730550619590574,0.12161847596300691,-0.0013711068532968578,0.08808769487763222,0.1626930155685902,0.13593108843145743,0.16491522777968443,0.1619905379477779,0.06959024998219503,0.031794050166675546,0.022169445857230123,0.020320833456242134,0.01467366363048874,0.05106024518938025,0.07677394711264585,0.12011470915540959,0.9994523189167022,0.01747316897676839,1.5329891172344974,0.0,24.84690483128165,0.13247327912524576,-0.06580308235092092,0.15112933771621564,0.15672170495694188,0.2160386245518958,0.11702235643821109,0.11034671677722523,0.04516029516198182,0.023515899852873647,0.0214562864482129,0.013491301952157779,0.02670955943406025,0.031188451065004175,0.08721946564521978,7060047060.0
US,1735,train,False,37.42702,-82.405835,1980,1989,1990,1999,10,10,0.11143386467945435,0.31196214324828864,0.0472200369091299,0.05021260200258204,0.9150877991572358,-0.00023558564045753349,1.5591887160549915,0.0,13.936899239516164,0.09846325773667422,0.0415458721872344,0.119264255465438,0.11996220736098663,0.12108425754643576,0.10473012226085456,0.1480911044001591,0.0770727465507102,0.05702009539556964,0.0540784818658257,0.035985013161877556,0.060105473696200284,0.05127654135902821,0.05132970093691453,0.09743263891171194,0.9561858263892226,0.044006028486385323,1.6239746234821804,0.0,15.57977827694176,0.12010030592862601,0.14670798713619412,0.03415748256933911,0.029694989316605285,0.07754436095761894,0.11272818468549828,0.15509964216601252,0.16818586668263513,0.15747020657190253,0.12433505192691557,0.07112075485032131,0.026684945804998143,0.02588971632968229,0.017088798138471077,7060047060.0
US,1735,test,False,37.42702,-82.405835,2000,2009,2010,2019,8,8,0.28493088529272703,0.09472076816172205,0.009343588533751085,0.06818066653337751,0.9426010978263439,0.051740081045686226,1.4830194365705751,0.0,11.23492313087125,0.10805685617492314,0.2410891105839185,0.025275427763419116,0.04935998661612803,0.07054070801704686,0.1097325603853995,0.10624456297175604,0.147771059801082,0.18123403640575475,0.09994179218201457,0.0659440659176397,0.06776413890494506,0.04711969726350943,0.029071963771305064,0.058837077999626425,1.0297801869205245,0.011189028096374405,1.4059297362803018,0.0,14.9387416458595,0.10891068636106277,0.043721811190974416,0.02515324655922033,0.04116903728941233,0.09011923716405189,0.1124409594938789,0.13359287345574372,0.16651916030017117,0.12397788475106382,0.12627922110517534,0.061126928194019416,0.051578572608170364,0.04437163913638172,0.023671239942711118,7060047060.0
US,1739,test,False,37.338027,-83.469937,2000,2009,2010,2019,10,10,0.2873119798677827,0.13844239936891056,0.008299304276510433,0.27782016159336365,0.9972347617283356,0.045528322232698794,2.2634570977094106,-0.005201204489460718,13.652307754496006,0.11783907629048807,-0.2323933828543197,0.13637181685724592,0.13101362538509587,0.14414384414727055,0.18407467286628285,0.10982088119366852,0.05861201048269178,0.02919819398627574,0.028659356605151877,0.04054142315850227,0.014056863075410712,0.04202824899426847,0.08147906324813534,0.2695208573168532,0.9988946238164508,0.0021423720524354688,1.7926229666865046,-0.0032858707557502738,18.1963414286593,0.11980683034065125,0.0666749453834467,0.12077483976893512,0.17731373080140217,0.1553779310739368,0.13601191382603509,0.08490681429993528,0.0332144554503472,0.04610420206757865,0.030949806070421297,0.020149913716754116,0.026025491515422727,0.037948717121742435,0.131222184287489,7060047060.0
US,1740,test,False,37.278458,-86.246529,2000,2009,2010,2019,10,10,0.11736858302313118,0.08635622558324668,0.02696651436829034,0.13195739068823137,0.9946158404181332,-0.014631878082138545,1.4543404653542356,-0.01834108951546674,26.479854317059235,0.10476650396199182,0.02725786108472926,0.1294267342478443,0.12387019847130668,0.13586642215030667,0.12341351791288471,0.12402156727365349,0.05641860882917675,0.032221672423388144,0.03131764734353265,0.03840389670043229,0.0416451861572561,0.05137148115645758,0.11202306733376058,0.1589239050565217,0.9985570233179016,-0.008902697323161565,1.64583696024176,-0.016976998904709748,29.77749218883439,0.1120731304470153,0.17198443217146414,0.09730109507551309,0.14771320769348412,0.1431991489077894,0.1539382391960915,0.12758803294285642,0.05552385621644372,0.05245462770636335,0.022294861076946292,0.01649798195041774,0.031289375613190916,0.052227828524659244,0.09997174509624432,7060047060.0
US,1741,test,False,37.247917,-85.339277,2000,2009,2010,2019,10,10,0.25865430600912703,0.07089658846970327,0.04148124049540042,0.27313314024558927,0.9884678273641654,0.052145602421723,2.0265076384947105,-0.10977278948809198,27.960171755396598,0.11619903141609152,0.02908181818340548,0.14524486241973988,0.14423990598763303,0.13748693841064835,0.15332635960050903,0.09705270078990628,0.04722877252729852,0.017533682563612575,0.016559371609027585,0.030737853716761007,0.03238462448498491,0.05924718064432068,0.11895774724555805,0.3146143807409897,0.9944967344811642,0.023923317661886274,2.0198925137096477,-0.04791894852135816,36.213622719236625,0.11135598591981297,0.1138577221376541,0.11686276383199655,0.15371404118648885,0.13183860500430652,0.13474199834941047,0.11067226240012133,0.03765221329287452,0.04975580352764824,0.01970624671611831,0.022694524533580715,0.03369256122427467,0.058585273837405506,0.13008370609577438,7060047060.0
US,1742,train,False,37.231204,-82.347917,1980,1989,1990,1999,10,10,0.19914117681911547,0.13600457346989958,0.007966282499977079,0.04797029335750777,0.9667178271336438,0.06965057316363156,1.5366815911895861,0.0,7.121740867343498,0.10896400297786393,-0.0665587020816223,0.10201659883816759,0.1670828884940948,0.13619941135457472,0.1333523034007884,0.12482740856978213,0.06449408432456252,0.04018162959068024,0.027015218101043677,0.03832730198411149,0.023832824842416462,0.06951074648375556,0.07315958401602227,0.05593657585748485,0.9927395311254192,0.026517231930692633,1.581925639218791,0.0,8.691046659860787,0.1222952340035034,-0.2266207261971261,0.12787017340680393,0.14836070238005436,0.20373755666649151,0.12739365014485693,0.09818577672472005,0.047459418940467325,0.028184464008992764,0.030760034261619565,0.014801078705341605,0.03863716808499981,0.03738669847344264,0.09722327820220955,7060047060.0
US,1742,test,False,37.231204,-82.347917,2000,2009,2010,2019,10,8,0.20004070620914666,0.09346107265588431,6.939392853252957e-05,0.07144875562479625,0.9792432838865158,0.06702240578003398,1.6925856458323467,0.0,7.514899842892678,0.10546684133239916,-0.171625775882985,0.12232824122885273,0.11262248131268932,0.13560013525602602,0.16234140151249812,0.10958424158521574,0.08585527168266038,0.052221970512484714,0.03746315952064367,0.034578341008633266,0.027692067219577107,0.04505499878177907,0.07465769037893982,0.07137936169626372,0.9958599373739886,0.004038162216010161,1.3615734195979365,0.0,9.179093033882603,0.10940141585196357,-0.04486998551875722,0.11372714177607866,0.12233409495554604,0.16659674232820967,0.13824583751634942,0.10273206231306482,0.04344808169457819,0.048664826792129544,0.037349286147643865,0.02674431815525987,0.03127757509698748,0.049248319431261525,0.11963171379289098,7060047060.0
US,1744,test,False,37.22716,-83.031211,2000,2009,2010,2019,10,10,0.13886708705647952,0.11211278919394527,0.02810220005392855,0.18514060180860972,0.9808482486851527,0.05248288569080265,2.277433404454118,-0.07254311524774158,2.038759846979056,0.10922943549430884,-0.3205800800217264,0.12007973275030426,0.11821219902180756,0.1377674958835031,0.1734444050363161,0.1101849990945641,0.07803473183099847,0.05464745623472582,0.03344757735921589,0.026342952196522888,0.026789943566622135,0.04181511558313646,0.0792333914422833,0.21324280186253827,0.991622657957668,-0.004724344378033277,1.7605588082590997,-0.019715224534501644,2.342476708117053,0.11418694991177748,0.054833873259846296,0.12501654634278214,0.1691887731223405,0.14432375640190376,0.1364610210678485,0.08861011571460697,0.037659558781833656,0.05172928838019926,0.037977394833804,0.022430372461578193,0.03134345856922324,0.03546651437625194,0.11979319994762776,7060047060.0
US,1752,train,False,37.018747,-88.218748,1980,1989,1990,1999,10,10,0.1586881294566474,0.04661796317111355,0.001518198086994292,0.03613597001788454,0.9989971078781148,-0.02332240572362478,0.7637643052564413,0.0,859.5168199005344,0.09212180190342907,-0.24781262458587816,0.11623792801458227,0.12343638574843224,0.1072092483717363,0.08905167460332333,0.09290858575164794,0.0673979512520841,0.061550877199912556,0.05803401063203401,0.0464771373338205,0.04440118255091322,0.0765731031155856,0.11672191542592784,0.034617771930890245,0.998946710414258,-0.012878533959660045,0.6424508243084088,0.0002738225629791895,1007.3299782389043,0.093716480185678,-0.10416467815175447,0.12065417834985089,0.1172166799711314,0.13568802235836228,0.08919930465246953,0.0768685826182318,0.06741561733135629,0.05594070100718849,0.0546480194573089,0.04363576553128094,0.0579588252717138,0.06942108820902464,0.11135321524208097,7060047060.0
US,1752,test,False,37.018747,-88.218748,2000,2009,2010,2019,10,10,0.1470401292772927,0.055434315603708574,0.008135524547084036,0.035459805641893875,0.9991209771813873,-0.007266941817592592,0.7529394823524576,0.0,810.3259685402905,0.09225503953725636,-0.20371287174862834,0.1128581513183464,0.12307026052586752,0.11787795539243932,0.1027331690870601,0.09656217482418265,0.05304526081341704,0.05059624841204593,0.057680163496374434,0.0598862954493189,0.053204102292408295,0.068855696679331,0.10363052170920833,0.02732428109480984,0.9996039850357081,0.0017785177114993357,0.8299975019858894,0.0,938.6819648777124,0.09954967168271135,0.14020901201550864,0.12530617237803982,0.13509371650831203,0.14120352584838214,0.0994012889718991,0.09798603344099616,0.0465412422727475,0.05302234847651416,0.04262707025037474,0.041121855202899175,0.04911587564348274,0.061163039872797954,0.10741783113355445,7060047060.0
US,1753,train,False,37.010296,-88.268652,1980,1989,1990,1999,10,10,0.24271341524334578,0.07126168489966608,0.013689557574132052,0.09670953365517937,1.1346108398785844,0.10825123545686867,0.8384955972177011,0.0005474952094169176,1385.6340702897958,0.0910949772407404,-0.3436766018556196,0.12200895933970078,0.11647574725270933,0.11557378381643932,0.07466143298400951,0.08430683490536843,0.06432458370314813,0.06449420281545688,0.06054940480356658,0.0528745684654924,0.0519126344320385,0.07968271010010523,0.1131351373819648,0.11039909122931142,1.0810260675677397,0.08080237358025213,0.8109421377643637,0.0002738225629791895,1766.2722682882516,0.09895913133606402,-0.13939156791568996,0.14104987179600942,0.13369690888794822,0.13747643554653355,0.07535256104951644,0.06388257920596402,0.05734044543086177,0.04908691576177215,0.05015343210317462,0.04490488933758862,0.0594710994153353,0.06960235805411041,0.11798250341118541,7060047060.0
US,1753,test,False,37.010296,-88.268652,2000,2009,2010,2019,10,10,0.2819829324106651,0.07033120788501603,0.081779581668631,0.11562318353919038,1.1168129791606987,0.10988834926901601,0.942205114142189,0.0,1259.561645258295,0.09123497916839567,-0.2018448796203376,0.12056061155375423,0.11779322783372657,0.09853045218100828,0.0711292075434309,0.08253388250958298,0.054233352820447604,0.054715325118420824,0.06407087193023077,0.06792072473997644,0.059851774962393245,0.07942806203094657,0.12923250677608156,0.03384360187055937,1.157246267693468,0.05548799380870169,0.8281629111336185,0.0,1669.871524870351,0.09903361214160604,0.050157794630153504,0.13897960542564802,0.1379721025707696,0.12380619599752946,0.07749709541674697,0.06378828292609529,0.049078469617679074,0.05327350375908819,0.046989904316233,0.04597692048929698,0.05959396998140212,0.07372173513718783,0.12932221436232358,7060047060.0
US,1754,train,False,36.959995,-84.267474,1980,1989,1990,1999,10,10,0.2408940786539323,0.134880312800417,0.07317880866453241,0.1992024191079188,0.9346334935222114,0.0002905646485475564,2.0545978893679266,0.018216947281258625,10.990095833391365,0.10859244076547452,-0.10890238566200851,0.12079086113424878,0.15604041623042691,0.1293415081546189,0.1070654028962086,0.12452582829012444,0.053020071890955534,0.03810558989243209,0.020532487794621253,0.030677084357415316,0.020858136685100375,0.09301685654830731,0.10602575612554058,0.1260236104433864,0.9803472122068154,-0.017938215171427793,1.8089176668045135,0.015426997245179062,13.983646882896707,0.11702199826010909,-0.1504522391165355,0.15436156318188035,0.13653388477412026,0.18036447043175255,0.0995222706344102,0.07613467452060432,0.06226980254172619,0.028377726120143908,0.02308880151980283,0.020314355132247486,0.03719079864986992,0.05366795423297146,0.12817369826047056,7060047060.0
US,1754,test,False,36.959995,-84.267474,2000,2009,2010,2019,10,10,0.3019314617578967,0.08664656238854024,0.08695424534789506,0.18057231688009193,0.8887001366766364,-0.02315042747263352,1.936518417470896,0.019521583722848505,10.840452575131755,0.10527292553472589,-0.16861930349589732,0.14061831692419346,0.13828497213171506,0.13263475774107225,0.13781408256176822,0.08448861774630446,0.0591574241955464,0.03837396855726478,0.03480166634532669,0.05183445405447078,0.02784770738110407,0.05332502637020708,0.10081900599102668,0.09361807153219687,0.9616791092099787,0.0033691142223622027,1.6611493442701586,0.009350935093509358,14.661370934078914,0.10756183403984386,0.13772191553099467,0.11448967142531932,0.161460222660863,0.1300081325251227,0.12063248161045213,0.083861684657546,0.042619336781143206,0.06149827587078399,0.03371613901794485,0.03210079813142146,0.03308392392150672,0.05059953940139947,0.13592979399649713,7060047060.0
US,1755,test,False,36.893486,-86.122475,2000,2009,2010,2019,10,10,0.20280292329806057,0.0722210625693879,0.08629916934013926,0.44655062100773535,0.9985126348310044,-0.03084963345706327,1.7992580867988675,-0.012592389816589104,36.635227284185724,0.11112268666886867,-0.06347091620444013,0.14145392299651635,0.14785464365234213,0.13408932912812616,0.1423034317733471,0.10014249095062688,0.049150890062296275,0.03305017450337167,0.02773189779094116,0.03752397199471017,0.025957065739884624,0.05108183540237334,0.10966034600546411,0.5328497903478746,0.9969519190140002,-0.040521775637077644,2.0478111653411477,-0.0038335158817086527,44.87196422367335,0.11096928060233376,0.04315137057318117,0.11544669791484437,0.1695397637888773,0.13460548543804635,0.12320604363008374,0.11307093857426902,0.04417334255501929,0.06461229903728896,0.031130296353976464,0.01983930348804336,0.02607189995838799,0.04662760207186449,0.11167632718929847,7060047060.0
US,1756,train,False,36.867817,-85.14375,1980,1989,1990,1999,10,10,0.18066209913516212,0.12182537347942457,0.015432865058715772,0.4285038130979538,0.9764308596194671,0.1787443979011022,1.6766390332316308,0.0,234.0701175170326,0.11102309455451916,-0.18355983819936325,0.1215589801716746,0.15464264020897253,0.1391487475064525,0.11998158987844157,0.1217846502788371,0.057943294314358865,0.024012267909893397,0.02131715555771548,0.032672018781971846,0.01939829539766793,0.08102611547244305,0.10651424452157106,0.4439366781566696,0.9952948631576838,0.2800035913450378,1.63354495378628,0.0,280.4184122168814,0.12604332150686923,-0.11317010418883426,0.15834544242482787,0.14590943962531272,0.19207832802930433,0.11069298258295955,0.08372454718161582,0.06171536136119174,0.023530374831523072,0.017042205089239565,0.009860379238334585,0.026921273970405793,0.042851136059865146,0.12732852960541982,7060047060.0
US,1756,test,False,36.867817,-85.14375,2000,2009,2010,2019,10,10,0.3562142233255433,0.08678203220434699,0.02082905326510287,0.41979724992743306,0.9942822422387801,0.07669776908536026,1.7239450951822657,-0.0002738975623116954,217.19449642392536,0.11480049829056341,-0.13985614476117308,0.13292290930403636,0.1446314270210716,0.1468931585602897,0.16309617314084368,0.09133900014653742,0.04949885052787852,0.0269935953484715,0.02743670901970881,0.042059587804108726,0.01943349507779775,0.050513868989618786,0.10518122505963702,0.3989681966623302,0.9872467632069555,0.15963769199469505,1.4621608909958308,0.0,310.1349335572031,0.11578080353032046,0.09910006288200819,0.12197734897811192,0.16730032235129322,0.14586794117446777,0.132930414497423,0.08368070570568531,0.03442331132904098,0.04990020236559313,0.025582131694590404,0.023169465938786927,0.028537859007382455,0.04934690597056887,0.1372833909870562,7060047060.0
US,1761,train,False,36.59626,-78.294784,1980,1989,1990,1999,10,10,0.16528798642288023,0.09528962948721752,0.017180398846742995,0.29594218307387776,1.0098829027725857,-0.11738730032430364,1.333780669135654,0.0,203.71006858438767,0.09826370853978422,-0.0566708234417997,0.08981637453978963,0.11683671357340636,0.14500373544014675,0.1518381270082064,0.08545876010579646,0.06014390905033257,0.05286291212748176,0.04855945009646994,0.04943422643659784,0.04704383605017777,0.07260559232920313,0.08039636324239136,0.31312258192062076,0.9988984557777586,-0.12625319661666168,1.318495004305886,0.0,240.3234530274259,0.10177811764848545,-0.0665218865026282,0.13938924345212875,0.1152495530848922,0.1664119641442029,0.11405917574021898,0.08090929782201557,0.06399412545270189,0.04644888709869012,0.036619553937576314,0.05791889939341223,0.059017478561816376,0.05028715427172049,0.0696946670406243,7060042310.0
US,1761,test,False,36.59626,-78.294784,2000,2009,2010,2019,10,10,0.1677503813184319,0.09663112614060629,0.059860685910443634,0.19908684144981176,0.9937053094046263,-0.0746819821925473,1.2264290037716379,0.013961127840131399,181.6956549396565,0.09050283938888581,-0.13576553120144733,0.09215125420262309,0.08897456371267755,0.1291258861529657,0.12129759220269823,0.09405164936118122,0.08260922579454535,0.052441566556022876,0.04985381014863756,0.06138862511350645,0.05836801338577528,0.07434407285718998,0.09539374051217678,0.2589475273602554,0.995677003498112,-0.09235238522490258,1.3704241134214117,0.007667031763417305,214.88079726733017,0.09386650663886856,0.2872375211331883,0.10740250391588321,0.10952074745859014,0.110211594832132,0.10745158867095453,0.11077479165358682,0.058053609109066005,0.04316647924909273,0.037023375947250976,0.04417893201927364,0.07283785911577442,0.08186237832919492,0.11751613969920068,7060042310.0
US,1762,train,False,36.538312,-85.450254,1980,1989,1990,1999,10,10,0.15297577157743056,0.12188107443984289,0.029555300159873843,0.4368390798461641,0.9310293543209205,0.00286629333553241,1.9355664482968884,0.0,40.750704324030906,0.10764035279259461,-0.2588405922113418,0.13339472351790718,0.1502383686017964,0.1298439804843031,0.11780757666281237,0.109640275639079,0.0488021351074745,0.026107022376363476,0.03623326825648473,0.037436453327301326,0.02312175135856911,0.07567626340906744,0.11169818125884122,0.40728377968629026,0.9457311887838866,0.02818251825129669,1.8355073300963152,0.0,47.48666311742479,0.12230889335529477,-0.12460792344750883,0.16121255688345504,0.1439942198384333,0.18668740195082054,0.100651905679606,0.07606176459127606,0.06245672426548729,0.026717479806788173,0.02594365093931833,0.016020573652486436,0.028780508758043957,0.04247901675557842,0.12899419687870664,7060047060.0
US,1762,test,False,36.538312,-85.450254,2000,2009,2010,2019,10,10,0.2975707226735794,0.08457305783952712,0.03899550964995174,0.412154065384219,0.8682484177008507,0.0,2.0531477556837183,0.0,38.70679014465981,0.1182469600710423,-0.20133942728663362,0.12913220531692882,0.15951287100411815,0.14993068117314193,0.15991227100270297,0.0990491302237505,0.032447988814984875,0.039459485664197214,0.025268075874051513,0.03937732850788837,0.018112238250068996,0.04060851530157524,0.1071892088665915,0.45114957503417075,0.9368290479243733,0.13315013072836654,1.7288036218179679,0.0,52.12192904883229,0.11368984425790887,0.0831711813581917,0.11970733228275768,0.17491154999728575,0.1358003915794862,0.13418723086136922,0.07316119400119611,0.03376142961898293,0.05059403532779316,0.03062072518949336,0.029972409660076187,0.032112463027384644,0.05224667900491792,0.13292455944925677,7060047060.0
US,1768,train,False,36.29189,-86.658869,1980,1989,1990,1999,10,10,0.19458885811163323,0.09275865156959301,0.0020265275615006934,0.01141900667580789,0.9982570630643803,-0.0038239759951301214,0.8304465968736515,0.0,460.6178670864622,0.09002957781828987,-0.22131511714390423,0.11597210635415331,0.10224561300468839,0.1085176340757941,0.09114915376652206,0.09531884850426263,0.08768347081755028,0.06991528963255503,0.06221600035796247,0.04883290496942719,0.043103469949296744,0.06577926415963246,0.10926624440815536,0.009392479114307196,0.9998978796680738,-0.005817626265075699,0.787439448861813,0.0,559.5638470067622,0.09817719273714538,-0.1353436356579915,0.1287279668731487,0.11704297603520193,0.14808473117012433,0.11450544574070949,0.08142862605926714,0.07357458969033694,0.05475539313808561,0.05261566232979327,0.0399434052973928,0.04538550890086312,0.04914027870054524,0.09479541606453135,7060047060.0
US,1768,test,False,36.29189,-86.658869,2000,2009,2010,2019,10,10,0.3313962876792499,0.08826429437607998,0.004804907485352087,0.015619856613700083,0.9998307679755669,0.022014446045780355,0.8503306855462381,0.0,426.6119156698088,0.09607556466072127,-0.15136077496587275,0.10887752431127529,0.11797674208344869,0.12805913744083933,0.13094496650777374,0.11063850546485951,0.055075498239838434,0.053271195058785956,0.061170314997605106,0.05147605811842876,0.044584678553643835,0.04954735474144791,0.08837802448205358,0.010814949128347996,0.9999876195469625,0.002637932553820156,0.8144084257891205,0.0,594.2327187491072,0.10169183822016065,0.14272290407113494,0.1268216267092078,0.13398086556664165,0.1460720671739803,0.10288255323309357,0.09264459138255984,0.048188290339945004,0.06103712699359047,0.045554702963167125,0.03590177396462116,0.04173984742605155,0.048261322938079,0.11691523130906252,7060047060.0
US,1775,train,False,36.155261,-86.617997,1980,1989,1990,1999,10,10,0.10756646569530345,0.12795691665017772,0.05515117051827556,0.43284421189940087,0.9818894232718706,-0.009961844663752358,2.2604186423053165,0.3107810781078108,40.27868467574158,0.1095088142045932,-0.10932050332079216,0.1216248767106887,0.13478464185868808,0.14566131058106147,0.09644612907455499,0.10186816552857654,0.04140623109558323,0.03524942727323712,0.019592822978364087,0.03384381142425668,0.02280173784371482,0.1130813162615813,0.13363952936969298,0.3776930413811253,0.9823684401066055,-0.02832156019475658,2.07460998072892,0.21987197328138045,44.85292835132813,0.12405195121264476,-0.06500706114594204,0.16706913803337917,0.1417159134624623,0.18188445227588537,0.08619201386628239,0.06467200359068712,0.05499716309336152,0.029905437925246713,0.017355615776526827,0.017361419359352242,0.03180237652669822,0.0566382653722976,0.15040620071782032,7060047060.0
US,1775,test,False,36.155261,-86.617997,2000,2009,2010,2019,10,10,0.21343044852368906,0.07634571194391065,0.016106055643446693,0.30753681030478985,0.9535644560349701,-0.02906562710039841,2.3117104162438413,0.19381557150745446,35.750597710393926,0.12166215080944864,-0.22211379487148677,0.14418251214036554,0.17021017064174365,0.1426218431366559,0.13182857570387832,0.10543285623855175,0.03316000890129397,0.019814526401104437,0.015744962840191803,0.03138644273874504,0.022315132362815616,0.05264486641020027,0.13065810248445367,0.32364286594823655,0.9438461384896617,-0.012156464956581308,1.9641152717682056,0.019994367783722895,44.25628683351206,0.11524554508189284,0.10564505530493577,0.13560329766562423,0.16593786114275913,0.12669525075815685,0.12615565392730918,0.07351501565193534,0.02669697166380018,0.05307773588159371,0.022707473218282172,0.027872646747738546,0.03282613526666223,0.058475670831738394,0.15043628724439986,7060047060.0
US,1776,train,False,36.132374,-81.228204,1980,1989,1990,1999,10,10,0.26245458135554395,0.07755052093427692,0.010528831767736238,0.05274874156491627,1.0002222854280094,0.03837658114622805,0.9961640925843691,0.0,15.798914734564008,0.09018467918521887,-0.37217019420130254,0.07354920339940524,0.0935729810428649,0.11579240138511426,0.13505290471350292,0.10389244050515263,0.08113253220922809,0.0735608348620024,0.05815191851687867,0.05604696094109986,0.05257586220109679,0.07482741298778174,0.08184454723587253,0.04221990979718003,1.002537484138153,0.012390189680036048,1.0089140636863145,0.0,20.54044422016128,0.08766042798741168,-0.193389315260063,0.10387072366237043,0.09316706141400474,0.11965028744648963,0.1038593183064838,0.08976415589318511,0.08153323521512462,0.06375333688657987,0.07887188365889639,0.04839021479749555,0.07482630866311885,0.06724750395638981,0.07506597009986114,7060043090.0
US,1776,test,False,36.132374,-81.228204,2000,2009,2010,2019,10,10,0.4643794450785035,0.06316746820834164,0.032911748980824634,0.037824871619879644,1.001709963261468,0.008825608133221094,1.0538902459924626,0.0,12.751718064961496,0.08587511997871101,-0.04114994771629653,0.09162404078276158,0.07416552938741576,0.10561387114863295,0.1049464011850052,0.08478225397336042,0.09310480237232405,0.07731683875108043,0.06857821785320897,0.07954918762164073,0.05422236812361766,0.07275183980528113,0.09334464899567117,0.07073662060070428,0.9995340973114488,0.02275775507073791,1.0758528412598416,0.0002738225629791895,20.28832216673016,0.08655947309942028,0.19069012332163385,0.09908422682204836,0.08512470360115594,0.08717050032462971,0.10338124031249281,0.10817403532332467,0.08308492402078674,0.0762957875464705,0.06590727140812662,0.05525893973623041,0.06788655996770497,0.067595027180095,0.10103678375693424,7060043090.0
US,1777,train,False,36.096527,-85.82558,1980,1989,1990,1999,10,10,0.25731912896465026,0.08904696697413923,0.04322147785285149,0.24429288791643886,0.9709013522210326,0.060942435135520834,1.7564291542791934,0.008781558726673985,92.32992420066637,0.11292072741195958,-0.13651069168474128,0.14010528449731321,0.1364942735902493,0.1604416461736537,0.11870917242393068,0.10737636569974764,0.04861534187308829,0.032031016259218295,0.020660579265181164,0.021942546537767404,0.02531633063318549,0.07642040418986916,0.11188703885679571,0.28751436576929035,1.0020654165507268,0.11954427083279393,1.808570226365711,0.0008214676889375684,119.42486439439578,0.12307856912025904,-0.13468374843747535,0.15904599752376455,0.1422174243564673,0.18156846084194384,0.10583772010612458,0.0729981705442945,0.05791671208140805,0.028999796302917623,0.01802488475853757,0.016181191053681022,0.028529542732712864,0.046051354636019726,0.14262874506212825,7060047060.0
US,1777,test,False,36.096527,-85.82558,2000,2009,2010,2019,10,10,0.3027838895399721,0.10054328314348177,0.00042785955883029025,0.28866603465925067,0.9894407430786789,0.12116603221008508,2.1932050876156004,0.0,87.75213303463106,0.12333553164796199,-0.33059639915100614,0.12882836390975153,0.1606746366282617,0.1542348292534238,0.1576830382370027,0.12159094537447943,0.030517127562347462,0.02845996379874059,0.019528219150721098,0.0275707587813598,0.018307693110870094,0.04008222535313084,0.11252219883991105,0.28909389421808096,1.0010166147853112,0.05567706116257391,1.6051813880487409,0.000547645125958379,118.78320913327222,0.11584048976940431,0.2086960620396206,0.13851964978578762,0.1624065766304789,0.13434849770802815,0.1298467015788688,0.06877033043452715,0.032859399193234384,0.044477415783532905,0.02061986121317402,0.028213902537969935,0.036376373703011215,0.05532188274774946,0.14823940868363744,7060047060.0
US,1782,test,False,35.945046,-78.582442,2000,2009,2010,2019,10,10,0.1784024692417078,0.11054329453767733,0.06828941544622685,0.30546900694776724,0.7840006832487895,0.015596060642901317,2.109277533276527,0.0,18.492917748299607,0.09749969083784413,-0.2387279223185241,0.08539476578630306,0.0959431180476417,0.16979720169084642,0.13178764259705691,0.05660586324749876,0.06207457460806822,0.05689947431986675,0.05478087678410359,0.06137080944046425,0.057455469080459905,0.07078775217596446,0.09710245222172602,0.3737584223939941,0.7796915180284791,0.007062223230234052,2.4377571164160274,0.00027533039647577095,22.104701061419135,0.09389815243918001,0.3349508633001601,0.0936189680048422,0.11173919954940202,0.11065164148659634,0.11831664550503541,0.09989841523864497,0.05685087733715547,0.05111636170917461,0.03592474966078022,0.05551980534614589,0.0552426729383007,0.08470339544148657,0.12641726778243553,7060042740.0
US,1796,train,False,35.656806,-79.06867,1980,1989,1990,1999,10,10,0.1298554732732556,0.14097852593136811,0.03977379485211746,0.17354119992034625,0.9613340040559263,0.07343249820539659,1.9587229788421887,-0.0002737476047084588,45.19479450888093,0.11104932850935585,-0.33079397290987006,0.11373653256744007,0.15943313286427063,0.18480430483644925,0.11299357952848035,0.07004850249425829,0.0683386821419665,0.05576338967531021,0.04390839880549224,0.024970509534103007,0.026702322669272933,0.061876031278578894,0.07742461360437777,0.2133149947724637,0.9728179523707632,0.11516150567959309,2.0405569038806908,0.0,51.46167664006881,0.11167788972511697,0.11637724089777877,0.16747034395668448,0.1265455175833029,0.17878521073283088,0.10855185467529216,0.06032797988237882,0.04615034918673417,0.03285835728864288,0.027403461415351833,0.07603990268841986,0.06287764405707962,0.04779863016514497,0.06519074836813729,7060042940.0
US,1796,test,False,35.656806,-79.06867,2000,2009,2010,2019,10,10,0.1450740790451283,0.11760101230801312,0.14034705458601485,0.15565098867390717,0.9799455918610531,0.08518389342891834,1.9345140520949657,0.0,40.397569114327325,0.09709389011438213,-0.32712256588691885,0.08710047725894039,0.09543799413571506,0.16319300105918574,0.13580640495332175,0.05166074054161086,0.06527665103448196,0.05155184365180505,0.05326459823010338,0.07286541948956307,0.05566597438290021,0.07087361455588366,0.09730328070648914,0.295998043259922,0.9561366339764864,0.07152607144216794,2.2111281386672563,0.000547645125958379,46.7046481463899,0.09507277215223371,0.3759573529545474,0.10195335486590953,0.11622081365053402,0.1172007496022824,0.11645349373967605,0.07606232750543858,0.05085641941362942,0.04113848526060564,0.04604411553003444,0.052663642564219716,0.05830886575760394,0.09380618544137716,0.12929154666868906,7060042940.0
US,180,test,False,38.718758,-123.011209,2000,2009,2010,2019,10,9,0.4497716357121973,0.20788315999439527,0.10410963068249601,0.4832904433748937,0.9439419589561682,0.3207034241938092,2.565492684142796,-0.0008303349017437033,7.071486703645175,0.18035720992607757,0.02806082106484861,0.2156628654535073,0.23702436313458136,0.17406098975873255,0.09564832456755455,0.03439123653284762,0.009826205130111018,0.006659165220458551,0.004119417002318004,0.004555470687454227,0.006666935846377673,0.020625719308339552,0.19075930735771765,0.5874000740573897,0.6372770527490905,0.19979038890149392,7.087037711452934,-0.0027556644213104714,11.087766427837925,0.22067196795101207,0.7405638414324773,0.16565568424270039,0.1464296711762375,0.15181256385037012,0.06189444871656735,0.03553775365073165,0.006721393493059813,0.0026954229778044297,0.002159534932925369,0.0023049215706573475,0.00771595531347446,0.04038334113313192,0.3766893089423398,7060013560.0
US,182,test,False,38.710426,-121.156241,2000,2009,2010,2019,10,9,0.17019184212787805,0.06140719995319915,0.006594945258506596,0.18785658629328353,0.9993560227734105,0.14166097202318761,1.2217035255678654,0.0,91.44361697974449,0.11004661573856006,0.2824122056049349,0.09858132635530893,0.11683357686804446,0.14608913739362533,0.1485304243007392,0.15730114817562002,0.07677862484523565,0.04342873726713908,0.04175330612436081,0.03590699487627653,0.024153294705337214,0.03281338528995507,0.0778300437983577,0.18126164103477693,0.9868752204400374,0.060812554399683035,1.6298687930736628,0.0,108.4093583155646,0.10891344836734601,0.37874193436764225,0.11159671892492881,0.13242346069020003,0.1508160699857721,0.14353491075409427,0.11614251106633978,0.08344273918346554,0.04575555860177558,0.03516351001585239,0.02907178291869523,0.023301586166604066,0.03183705259750397,0.09691409909476827,7060013550.0
US,1848,train,False,34.407344,-89.792634,1980,1989,1990,1999,10,10,0.08910077893817939,0.0946406403947517,0.06804594553693921,0.545399858814601,0.9002337452631628,-0.08596605111617123,1.7899555816989965,-0.021352313167259787,75.29716575270673,0.10198663748252534,-0.26410765842951206,0.10448417127157958,0.1026469893985702,0.13442039660428293,0.12145129342261235,0.10204957926313832,0.06229314118907042,0.04385028219075568,0.033965047250116856,0.02469395300378257,0.04099671878443378,0.08459101560191805,0.14455741201973932,0.47735391327766175,0.9561130061608042,-0.07848132299153182,1.580042533201372,-0.01095290251916758,82.31417047718541,0.10711521955396082,-0.17207909675642166,0.12694764910250395,0.14390250955644462,0.14597834933691348,0.11723026518362208,0.0903633309443583,0.07525426586903906,0.039015056935142324,0.034417151292787544,0.030644413954465606,0.03173718590967154,0.04209618075123028,0.12241364116382127,7060047060.0
US,1848,test,False,34.407344,-89.792634,2000,2009,2010,2019,10,10,0.11869253839409577,0.12867041965347054,0.016561263062440656,0.49658658164455693,0.9028173293747714,-0.09717172345015929,1.5928769945415826,0.04379961675335341,71.53830099108534,0.10228204893869772,-0.23797818413790675,0.11841197316114697,0.12771663759690083,0.10961813848152877,0.11275273026579663,0.11819551216566253,0.047501218702384315,0.04297204808949635,0.031248138183119032,0.0443762703635598,0.05033027023051953,0.05213770395425177,0.14473935880563357,0.4800253185821163,0.8672843324591842,-0.008239969020218372,1.846706006503946,0.029299014238773277,63.53179225740909,0.11483906411468948,0.22752760825727825,0.11352158902949588,0.17738949592970568,0.13609782021085978,0.1570642037070143,0.09521914199674265,0.05226874798439499,0.04641092495760265,0.024516474481112476,0.028332302231983256,0.03262439148629288,0.040450590096083226,0.09610431788871232,7060047060.0
US,185,test,False,38.513668,-122.106948,2000,2009,2010,2019,9,9,0.014649939580044348,0.09751882517465352,0.1595194569103443,0.5889894278477279,0.7864484779410427,0.031017329723165253,2.76464092363676,0.0012195121951219512,15.827240912790705,0.1587889723131167,-0.0344602761962647,0.19742133586358585,0.18855515899916045,0.1510272740792816,0.09044161150997262,0.042366926599901725,0.0165157917978716,0.015677493088929614,0.014231595901307976,0.01625783400237229,0.01932581478112207,0.02580042904361122,0.2223787343328831,0.7485088847580722,0.6231966599964998,0.04023300210791505,2.975812782498766,0.0,15.59706295303315,0.15179633885450125,0.2992472982111536,0.21328428043264494,0.18808625948583232,0.19686967976271472,0.08468391339684019,0.03474973525437895,0.03659700075871911,0.018138005000356793,0.014380298917108231,0.013664332987564004,0.02321236680930246,0.03503692804951709,0.14129719914502112,7060013550.0
US,1851,train,False,34.360491,-82.822993,1980,1989,1990,1999,10,10,0.28198715780940314,0.06488461752793737,0.0004271268113548998,0.15219308828672024,0.9901758087565,-0.21979587846808443,1.0112457566548703,0.11661647960580344,96.07990292562793,0.08911529634844839,-0.37488320712828527,0.10413834008274268,0.10386641721107152,0.11873067513260302,0.10674878012161017,0.0902650621465253,0.06505453669556158,0.06951738575106074,0.055666380854451476,0.04941537582789092,0.06151198173700253,0.07961428065646521,0.09547078378301468,0.15176596147536534,1.0029763871447628,-0.22127638404201835,1.030445226136241,0.0914567360350493,127.37905488058956,0.09170180450344897,-0.060939498330252084,0.11691914492493316,0.11196922133133545,0.1347945593347232,0.10119922707590213,0.07813868457518496,0.0660011331841583,0.046241531355077845,0.07470918325759626,0.04674585167529724,0.06945970720862384,0.07135129390745547,0.08247046216971206,7060043500.0
US,1851,test,False,34.360491,-82.822993,2000,2009,2010,2019,10,10,0.24342705255660116,0.10968092157185547,0.02636668910676762,0.15029361790353898,0.9716803831228912,-0.16349970485518403,1.1602428578372805,0.12181768409526417,84.90372105337285,0.08666155573041594,-0.011453652368025148,0.09143307362618003,0.07645791221501089,0.11683183893631621,0.08886428978842831,0.07363052297523005,0.08199972934893106,0.08204729776214026,0.06584349081689472,0.09851510749303807,0.056969952783571524,0.06455470631147579,0.10285207794278306,0.12392692879677136,0.9777194959779699,-0.1978733532986289,1.0678765364210911,0.09665936473165389,108.30431254509143,0.09124683638475752,0.059006724941523064,0.12021770720457103,0.10910697556334693,0.1016082805068364,0.1041215710138504,0.0856908805004014,0.06338977874417624,0.06806235617630994,0.06534320792627972,0.04305445550571297,0.051068416709721016,0.06902569872534951,0.11931067142344427,7060043500.0
US,1864,train,False,34.151653,-89.90447,1980,1989,1990,1999,10,10,0.16835118851636535,0.11126350822261659,0.1043103980722509,0.5072388098280598,0.7984121355646204,-0.08916607482409353,1.9238042886435165,-0.015056118258965233,34.303405258493115,0.0977347634964827,-0.32701551504433857,0.09837465374455397,0.09985557902873099,0.12708127537655742,0.11935320390517579,0.10156971897397347,0.053746996843327864,0.045198359342890494,0.0396092335508638,0.042118699927028255,0.046145806700863344,0.08879009555357122,0.1381563770524633,0.4029284117558089,0.8815860009902294,-0.11800061944328304,1.6030080151167014,-0.009309967141292442,40.593007245206124,0.10380141078491092,0.03111136359737167,0.1287090221288171,0.13267160181077245,0.14799078864108217,0.12108643467211709,0.0771383482791028,0.07176354515312454,0.04264084259504454,0.04706305826591315,0.03976229715958128,0.029712139893942762,0.045815959383336956,0.11564596201716526,7060047060.0
US,1864,test,False,34.151653,-89.90447,2000,2009,2010,2019,10,10,0.07224198901153696,0.1190246103825921,0.028776915693680905,0.5031150877157544,0.8220005623622744,-0.14163207304693015,1.794645053659882,0.04900082124281412,31.78658550389396,0.09819635764003813,-0.3687835695944046,0.1117003657737728,0.12682577052030033,0.10393222746966321,0.10947980612092598,0.11013637692350486,0.05856563522808843,0.04511296940511471,0.04493440719888686,0.04970763129461663,0.04378376265631766,0.05506294438468946,0.14075810302411904,0.5318920034094353,0.7907213965445072,-0.09814870334202831,1.9160975788358106,0.055585980284775474,29.571243101933426,0.1065597831261103,0.3045127307254314,0.1069486408481109,0.16469184989022442,0.12313037303062489,0.15348152122112893,0.09242298690899614,0.05498368417207784,0.0579126101465602,0.03638343757947076,0.03181427737834307,0.04894279226637568,0.039418483439490906,0.0898693431185965,7060047060.0
US,1869,train,False,33.814591,-89.76874,1980,1989,1990,1999,10,10,0.06527097395585398,0.1015791224965421,0.07874600498598394,0.7065411305347361,0.830080058739058,-0.01074995827819573,2.618865770447003,-0.0637831918970709,63.08551615890453,0.11096172616196566,-0.5319483322856272,0.10608025056363904,0.12054989638505546,0.14668707215208845,0.13730523537269804,0.08165386182677271,0.06125533173233579,0.0389225081455586,0.020974268827722072,0.019535823214933714,0.025834829656181238,0.0867321525123539,0.15446876961066114,0.6277951255487522,0.8894841545668335,0.03140382503582397,2.340120534459789,-0.08461117196056955,67.34052293271903,0.1186413005252658,-0.034942810177290035,0.13048671982100038,0.14900856503009258,0.16359056151792575,0.1400721729253746,0.09737754406754237,0.07092892980292155,0.03281446180233012,0.02462054619199632,0.01687351347692826,0.020076746309811627,0.030903267127193247,0.1232469719268831,7060047060.0
US,1869,test,False,33.814591,-89.76874,2000,2009,2010,2019,10,10,0.08521202913273106,0.11676713614997258,0.03782518536965218,0.6560245547725598,0.8431531034336353,0.048724458673171205,2.278080064187224,-0.07281686285245004,56.95804685313242,0.10751051264450187,-0.3350401559936331,0.13061176771931385,0.12787196175094176,0.13259261110104995,0.12285468091768491,0.11197592251040094,0.05223815321269321,0.029303697835558914,0.022795749351466697,0.043364295412377324,0.03643197640286912,0.05296777515171094,0.13699140863393225,0.6181993694029077,0.8694903321661945,0.050690343009916664,2.3243293570030694,-0.021905805038335155,52.305574248753906,0.11813002725658658,0.2489955164784639,0.12553316604694048,0.17330644526784358,0.1349322396821914,0.16842989241685674,0.0858286720092402,0.051205356256688365,0.032219434511543174,0.02403303029173395,0.016113879778954173,0.05569677133937519,0.0348054970484299,0.09789561535020293,7060047060.0
US,1872,test,False,33.662099,-82.196875,2000,2009,2010,2019,10,10,0.29675745330272807,0.12389006181120321,0.042611907405605415,0.22630763011596647,0.8952652573233841,0.32127410837048026,0.8811079026415247,0.0,173.47813558963517,0.08585604101581157,0.052859562102890396,0.08648156710603208,0.08750067793187302,0.12443507835416855,0.07972020799339535,0.07960236290054928,0.08535592832438049,0.08613618953201621,0.07683650130402593,0.07769765096605195,0.06397516065033383,0.06576954285807586,0.08648913207909721,0.18369572271036105,0.8255540376923138,0.1709565942395866,0.8938301149229556,-0.0002738225629791895,233.4129085999135,0.09106196787092681,0.08919704707196977,0.13202457204425297,0.10191877933618775,0.08923551744485843,0.08285321716463355,0.06361011044660592,0.06616915146519324,0.07354287452963508,0.06646025632242844,0.049693524147019746,0.06143737586458232,0.08176692525343264,0.13128769598116996,7060043500.0
US,1879,train,False,33.452083,-80.16573,1980,1989,1990,1999,9,10,0.18522695043263213,0.0567653490851715,0.20081661608905774,0.1079913856813288,1.673144781603894,0.27540021730366027,0.8660951806062743,0.001524390243902439,153.9384527303707,0.09438109093963509,-0.33022113553073995,0.1287821729461238,0.1151743653397067,0.13884977403359858,0.10618256966149134,0.07366432297632979,0.06116739884520523,0.06363211164745622,0.05780759471825075,0.04768284231319621,0.048367158838171505,0.06899545697577993,0.08969423170469007,0.30880800177038653,0.8431730982617094,0.23210065188954337,0.8276756385956394,0.0,185.2636258591679,0.09727771646436555,-0.17766021627676448,0.13248331498726715,0.13281685603766838,0.13842947600373873,0.09962452039795984,0.07092570422157911,0.05761193142479228,0.042131398575692654,0.05711281559475062,0.035489305514100254,0.08378887518423793,0.06632931835721087,0.0832564837010022,7060043160.0
US,1879,test,False,33.452083,-80.16573,2000,2009,2010,2019,9,10,0.19571819710029362,0.11441308104587287,0.009237677387737397,0.5690889313730688,1.1134521442840235,0.5674484491085543,1.0123680547972618,0.0,122.70922308929022,0.08976910862961981,-0.208838332949999,0.10321511639934498,0.0763346037559717,0.1330619944270554,0.11308459289463596,0.073919381830202,0.08030587496019904,0.06671282351419146,0.06827742268920584,0.073870031765972,0.04875692262267118,0.062010891471510586,0.10045034366903989,0.5783266087608062,0.9625930956797436,0.5192646245218502,0.9588947423297874,0.0,149.23701007238392,0.09271441561160629,0.2042820120892,0.14301495575031467,0.10090477653937698,0.09587237914917815,0.09446047618644192,0.08597077114348552,0.07181567396102116,0.06215900916199253,0.053554188752896345,0.04303793199385668,0.04924750161412967,0.08558041207710651,0.11438192367019982,7060043160.0
US,1883,test,False,33.352754,-83.157149,2000,2009,2010,2019,10,9,0.03258071307375283,0.07708987396576068,0.03332172814162826,0.21750201795834728,0.789273422808907,-0.0974117660963703,1.150895521079422,0.0,23.731133920513138,0.08775454437251859,0.07613428347269248,0.08691901212084892,0.10455632850608676,0.11837951642325321,0.091158215257108,0.10917349852276095,0.08229961378928459,0.08334006283169564,0.06689082422741802,0.06055589179605721,0.05703808968041302,0.06103579965208426,0.07865314719298949,0.25082374609997554,0.7982026396611046,-0.126856984836294,1.4536054831336098,0.0,24.517044428786633,0.08829984547226408,0.2079034219491775,0.08595186144498183,0.07983029489014166,0.13575367987279424,0.09588276908348997,0.09685912151680193,0.0713493294455025,0.062208888572500835,0.065596817627723,0.05484904433073964,0.07760609144116319,0.08062408464341972,0.09348801713074156,7060043640.0
US,191,test,False,38.22259,-121.022487,2000,2009,2010,2019,10,10,0.3667282219061986,0.10126064322556437,0.08510538973074466,0.3085108444008708,0.97446402738314,0.383776820943998,1.4092010191278883,0.020595602560534373,16.28431245872095,0.11235081135789618,0.5694904836628231,0.08617331238377335,0.06972843661680515,0.13097566048760154,0.1439695096439209,0.18165046811792598,0.1297237912836269,0.04086140142893342,0.03565207733805499,0.029971182967268348,0.07235427851143174,0.030358733726533124,0.048581147494124524,0.22340545467012612,0.9641237981508696,0.2591245160607209,1.544624116145089,-0.002465753424657534,23.498355510958906,0.11243809424565546,0.54530678628848,0.08242940957604117,0.10898863723028794,0.11717756352685883,0.13994003904390856,0.1535774195760179,0.16178785374122,0.06184383515603011,0.025652070517088787,0.02655738695417576,0.039696755855963065,0.02481393490089156,0.05753509392151631,7060013550.0
US,1910,train,False,31.627517,-85.064945,1980,1989,1990,1999,10,10,0.23532717716392185,0.0785085857052702,0.056197979667389056,0.13212928002796215,0.9953799930839182,-0.22477778683037056,0.9645202295055885,0.017793594306049824,228.56588303409546,0.09640916766778658,-0.4579026787891701,0.10016372091459327,0.12858286649700776,0.14857891576960394,0.12322017228591703,0.07386596685235404,0.06008419145819753,0.06392844400758332,0.0613635968144105,0.049245252626811564,0.044930146484882576,0.056313060350488886,0.08972366593814946,0.07593130036057309,0.9999744752237426,-0.04925114628057215,1.0928964499959695,0.0065717415115005475,289.20959698120544,0.1012125600244496,-0.06621229982189465,0.1132850649093095,0.14030352592068854,0.1732422257962664,0.08240414320001703,0.06578569511740649,0.04993939045079412,0.06765703002303498,0.0471295298722606,0.04401183569194228,0.055382100931465034,0.06761967476858972,0.0932397833182253,7060045890.0
US,193,test,False,38.152175,-120.813047,2000,2009,2010,2019,9,10,0.257425410851128,0.11464382385998106,0.14212187988827402,0.5575534844502066,0.963724043704792,0.13943095248537526,3.3348485011173916,-0.0012285012285012285,5.347180713537772,0.17870267915092622,0.485607942894777,0.18991965610048173,0.20496007088536122,0.2353566057666951,0.1942280707538319,0.046188093473524046,0.014539141309438248,0.0069575307153070575,0.009732045456287003,0.007327202527795543,0.0090880963942197,0.013053905562624807,0.06864958105443368,0.41543160456193257,0.8407627955354152,0.06502615991566915,3.521137304600947,-0.0019209659714599342,6.917087941991202,0.1918481643392557,0.5924180894209968,0.21626953473005764,0.2521955004662344,0.25115020420989703,0.09637470782365465,0.03528238875758491,0.017587606218827975,0.010993950746901472,0.007905856561416253,0.005554560701118076,0.006802170901903145,0.01598921069264709,0.08389430818975727,7060013550.0
US,198,test,False,37.948664,-120.522863,2000,2009,2010,2019,10,10,0.16662774726103183,0.064781412049389,0.05712464282956575,0.36013161974906516,1.0146767485806134,-0.3348751066620448,1.0712453342579211,0.03888280394304491,38.06135405837447,0.10351856611228497,0.3904793496656046,0.07740546019428318,0.07525582930534946,0.11327469109555215,0.1319681271952931,0.17192277169656364,0.12766924783305322,0.06211667253189759,0.051309478246740974,0.04688506110175901,0.044442158899171906,0.03626842394568932,0.061482077954646455,0.3030069769194994,0.8803355654819364,-0.1828257068966945,1.2623081834130998,0.0,44.96242699963888,0.10232211745411725,0.39414250834910103,0.08425282068903572,0.10156888018416509,0.11985239468252816,0.12234111256852981,0.14160298433946647,0.14370524316143454,0.0707586089644626,0.04554904035939265,0.0411594522635214,0.03496015189902235,0.03240186760589625,0.061847443282544934,7060013550.0
US,204,train,False,37.877114,-120.602083,1980,1989,1990,1999,9,10,0.07910936318808322,0.06219538925792871,0.10867334458944211,0.29135699824859973,0.5508110521667875,-0.05558399436704094,0.7716129215571101,0.0,47.20003836612245,0.09864767619744906,-0.29717017270399265,0.05532942053202833,0.04664487875951624,0.09264955742452066,0.11422793877843375,0.12266520606507551,0.12167867556672445,0.13115622983858513,0.11684100290227796,0.07732916840140469,0.03939762199271631,0.03177100590279335,0.05030929383592341,0.40003034283804184,0.5069736010055119,0.01374609836792628,0.8029520378746215,0.0,43.60995030163615,0.09496291017658251,0.675826962992497,0.06676907358284055,0.0857723873933182,0.08498626574851366,0.10086307211038611,0.1283051564726026,0.11401976655532936,0.11635768157704059,0.11044647514033229,0.07710823607115225,0.0453858991585038,0.028027343474207534,0.04195864271577295,7060013550.0
US,204,test,False,37.877114,-120.602083,2000,2009,2010,2019,10,9,0.03116346983458007,0.05135467853752835,0.06177761937484205,0.3639947327359355,0.47479977399481016,0.0675385150841319,0.7500946029131652,0.0,40.370174903464296,0.10915138910055429,0.17719979914540104,0.047322014035384025,0.03509828258869145,0.07848607783626288,0.12929625277466436,0.16320893654601426,0.129339504365841,0.12779528925646202,0.11501061187629495,0.08278127329633532,0.04192494241694195,0.020977089944758113,0.02875972506234973,0.30221711336109347,0.5330053811332831,0.0296870799008837,0.8319812066711363,0.0,39.1315011068306,0.11358009335706809,-0.06355362043892655,0.026793958861592953,0.03973517433724362,0.05687781063511695,0.1360316899732393,0.17673748443125722,0.13125884188954104,0.1281188656660593,0.11719021067235641,0.0775961002073066,0.0610567742951366,0.02387654704236287,0.024726541988787005,7060013550.0
US,223,test,False,37.117567,-121.548868,2000,2009,2010,2019,9,10,0.326890970785977,0.045769394055588705,0.02686032237579611,0.2581780795602524,0.9845677730847745,0.08491680240062272,0.8694121679214257,0.0,5.951658788904506,0.0989506941761914,-0.159232841786516,0.13242669730807852,0.14297495773534855,0.13383949758115263,0.10675991052756093,0.08383165311431046,0.05603197125061586,0.048996833812792545,0.043440894402728775,0.04708769300575721,0.057950374178425065,0.0523988806771918,0.0942606364060376,0.2850384019360485,1.0102451247033801,-0.05127428704761481,1.0110952044289556,0.0,4.292112336845014,0.09963286656937345,-0.000811388577547283,0.13379417710077066,0.12240956317759719,0.14632929587803398,0.10761764773149948,0.0725896961240391,0.05815591678212409,0.049438714046951916,0.04778741116261548,0.04891369641904467,0.04398833167085908,0.054730644341378726,0.11424490556508557,7060013180.0
US,292,train,False,48.828116,-113.523663,1980,1989,1990,1999,10,10,0.022776526622361383,0.06868115583909801,0.008504030998224499,0.3606498919615112,0.9579478982806757,-0.1448733383301926,1.1541172654240401,0.5130602144624691,5.525519380053255,0.15313173799744248,-0.019351870654317663,0.022373552574364006,0.016313372516500394,0.034680977889325816,0.08811408056064197,0.2307685173876323,0.24758262901599423,0.13263708468905833,0.061581691095596094,0.05814905393550368,0.04448889731942565,0.03863165075461141,0.024678492261346212,0.3691539229597357,0.9856475436662943,-0.1445887105955801,1.2471912987911724,0.4589041095890411,5.652815700248164,0.15749160108785099,0.11404838738007456,0.019934781952448827,0.01962807538359918,0.024768559628359964,0.07154037844030951,0.21344740384220706,0.2678449036726705,0.14618447653853484,0.07062673766090098,0.03571390264504434,0.049181402441454705,0.05347654153104141,0.027652836263428675,7060022240.0
US,292,test,False,48.828116,-113.523663,2000,2009,2010,2019,10,10,0.08794884531693617,0.03209206025971073,0.027973989294032442,0.4192605790690127,1.009333085489066,-0.1494290383946415,1.3017454323028421,0.44018614837120174,5.253329663587998,0.15894078154719476,0.008197114842616877,0.024227248800807354,0.01538194467122593,0.028319157191477966,0.08030251748156078,0.22741126992034422,0.26945194872302175,0.12197140927372724,0.05968368082632558,0.04395413420879211,0.047187430915633606,0.058051088835014523,0.02405816915206875,0.44723456836304515,1.0053751111633733,-0.1465823631713038,1.2485591930132585,0.47261774370208104,5.73628014863803,0.1633889225674527,-0.16380925107076305,0.0156692273453466,0.017541537705430557,0.028872082267694006,0.06914828886629829,0.2190561710999702,0.2821839634493431,0.1343923384112127,0.05791625257774686,0.04180745551023588,0.047076826494155136,0.058988644298474696,0.027347211974091862,7060022240.0
US,293,train,False,48.599168,-109.949037,1980,1989,1990,1999,9,10,0.18879325180201204,0.1070966510217685,0.0754413647999303,0.33683225773105047,0.9449469551703719,0.011159422509363335,1.2124438504490496,0.067067383739323,9.31540546720246,0.1349595817392077,-0.1424658865433086,0.009253853951754426,0.020443874599923726,0.09053800961000938,0.1548969359236133,0.16220631964370827,0.17444800919814837,0.15162830276196912,0.12975165119250895,0.07217643494591097,0.01890645621878103,0.009494837097472626,0.00625531485619968,0.26139089293112017,0.9788755236133414,0.01593441758742978,1.2158891434102723,0.001095290251916758,11.251064915488039,0.11975589044355368,-0.037603753448629436,0.011833131707860765,0.026572488051273775,0.12351904082517445,0.09264414974611955,0.15563151972529055,0.16655634052588167,0.13560927603378634,0.11539328166710147,0.09131822701468807,0.05102952014655548,0.017434655763568813,0.01245836879269905,7060047060.0
US,297,train,False,48.411432,-115.313542,1980,1989,1990,1999,10,10,0.1488661524938492,0.042130991812126053,0.040366643027142546,0.33837266673520694,1.0067219379726478,0.03746105841312279,1.0913246450773717,0.0,292.9097254094014,0.15256260053672768,-0.1268245305247382,0.026028867443036785,0.023135545142319,0.03135900139532687,0.06603329877681952,0.22265753119809648,0.2533720241838381,0.14121294104562965,0.07300512681192875,0.052861151743804166,0.043887269697831716,0.03731310208036699,0.029134140481002015,0.3787393097623495,0.9998572492226533,0.07254206603453892,1.0884348879357364,0.0,339.9269051457576,0.15359865439730144,0.10037895702567093,0.02686617359496673,0.02424791529504951,0.030201081591957484,0.06800081767656385,0.19691089219256408,0.2657017484895224,0.16140873843281686,0.07379022150585739,0.04257943653542539,0.038942551902986317,0.0377508747417983,0.03359954804049192,7060014930.0
US,300,train,False,48.322931,-111.102097,1980,1989,1990,1999,10,10,0.25966180868645716,0.07855364410623686,0.022260620709479984,0.36472893475508983,0.9248164312977717,0.18611336528252076,1.412669512283669,0.0,19.581076267510074,0.15188621306936528,0.09089411315541977,0.031519346205915975,0.0476469644489298,0.08001627368201013,0.11146237520359585,0.25925613867715613,0.22747869901511336,0.06830064884749469,0.028582092875033143,0.03520670474896783,0.04085838329351649,0.0378184327108091,0.031853940291457425,0.3869895554645698,0.9913697911437591,0.37910270709587207,1.3534960386188533,0.0,25.386699927291183,0.15501885096810689,0.11904325511289476,0.027676431273682887,0.04248762085367675,0.07959007220300762,0.0984087156515742,0.2295217212486293,0.26063656953849684,0.10170801929903268,0.02953565654260841,0.019308742542767415,0.030419238380517195,0.045113359780569115,0.03559385268543758,7060047060.0
US,300,test,False,48.322931,-111.102097,2000,2009,2010,2019,9,10,0.2499472330760575,0.051752612001834654,0.07653408165727371,0.5772129020618625,0.9571744900494608,0.34711954410970564,1.6649610979164624,0.0,17.524966359747076,0.18513284085551898,-0.1085350359477116,0.03201008213733831,0.031620859882518,0.061512934025795656,0.10468873168618346,0.2505147410588106,0.3104764522449874,0.07176491509551948,0.021268377124873516,0.01846098232232228,0.026674495363891004,0.03972101641141227,0.031286412646347926,0.5006788204045888,0.9938754033028661,0.4894073872083008,1.5658951369014027,0.0,22.501314876015922,0.17067502768105142,-0.05179277753417139,0.03141050568785914,0.037473827776642696,0.0876683073045292,0.11384644417259275,0.2578577100650564,0.2696675286133218,0.0683827112230531,0.020106674567509898,0.019868499366097952,0.028510567656436572,0.0350659446479199,0.030141278918980285,7060047060.0
US,307,train,False,48.001098,-106.414583,1980,1989,1990,1999,10,10,0.030132818080406423,0.031934527368011,0.06647569540875181,0.21519984956162452,0.967676263839532,0.10483318448721454,0.6649491992540103,0.0,277.9940354054043,0.09120777796307745,-0.31883396346775056,0.06646398052125962,0.07239287082192802,0.09434710194076124,0.07630554668302371,0.12087494751886645,0.14714612619322548,0.09583136264996248,0.06458003682075356,0.06978393854739837,0.06595714729373046,0.065458758046396,0.060858182962694594,0.1487241541528727,0.8690073529150101,-0.05683105992690686,0.6325058454492742,0.0,286.4982638180786,0.09388710565850565,0.2704382709154726,0.06220212873852381,0.07016344574606222,0.09448833902809473,0.07902748762489263,0.11700446848898564,0.1577222710870108,0.11001180785385195,0.06889479606188734,0.06418567365282038,0.06277051707902236,0.05773605095380538,0.05579301368504273,7060047060.0
US,307,test,False,48.001098,-106.414583,2000,2009,2010,2019,10,10,0.43849067178886214,0.06369121965279678,0.01671227270622458,0.15199896504099472,0.9506526235647658,0.018098670542409684,0.5525309739589966,0.0,195.5944770476321,0.09179831181653081,0.24665719811286435,0.06497223699278565,0.06587714322834672,0.09451749588370671,0.08100065352541004,0.11489119892994339,0.15491886279353534,0.0921130840204302,0.06699671612298048,0.06786860132110695,0.07046115111152272,0.06564127106959468,0.06074158500063711,0.13528669233477014,0.8525667066125187,-0.04178663130627187,0.8625936117527255,0.0,303.24291774384096,0.10119484598830718,-0.10751278826908942,0.05436197950608263,0.05969217425249958,0.09416992003894105,0.0893400864743729,0.15032350998295696,0.1748383384443557,0.08926976683673502,0.06394309985189596,0.058643799092026494,0.060510390191423305,0.05223893599012059,0.0526679993385898,7060047060.0
US,310,train,False,47.954652,-118.98095,1980,1989,1990,1999,10,10,0.0810527166611016,0.019734908752014186,0.025770556068907546,0.02493670051525934,0.9678776923686789,-0.04491548591782021,0.3353311690696251,0.0,2973.6091521835137,0.08732361610935441,-0.19138680676028033,0.09065503097609269,0.07591452047741443,0.0734802742835802,0.07768174539177743,0.11647941312350184,0.11833544520795125,0.09638450118048911,0.08203476301488759,0.06056283092709278,0.06397644785228382,0.06457261238945339,0.0799224151754754,0.05070725658416689,0.9672340229675119,-0.05146951748924735,0.38686476539341386,0.0,3224.6652114948133,0.08885655778013223,0.18937318185970073,0.0821306200254589,0.07564081448233013,0.07463668648099044,0.07697062950245817,0.11576551661332925,0.13325154108439624,0.09960173740364799,0.08247992746988772,0.06036819240897313,0.060306232014267096,0.06261072548414025,0.0762373770301207,7060014930.0
US,310,test,False,47.954652,-118.98095,2000,2009,2010,2019,10,8,0.13797487344417875,0.04117628700151735,0.0015387374063673756,0.05871740866891358,0.9595968986156079,-0.08721306320150307,0.3615389990459634,0.0,2844.2443050097795,0.08963635144228267,0.056729034835018025,0.07627684940527707,0.06149682232624358,0.06635200295957315,0.0787560251686664,0.1215053820048164,0.13461116007958557,0.10208132418586385,0.07955480400824118,0.06534022662140243,0.06368373563149976,0.06590592790395806,0.08443573970487252,0.06025614607528096,0.9642840020766658,-0.05720758641224829,0.43763312525778303,0.0,3265.040880895158,0.09281620448673844,-0.03281633689842512,0.0750005658313254,0.05927885411076323,0.07294191666172785,0.08684277656818465,0.12789982075475995,0.1419443764581425,0.11485329095720782,0.07762093432520689,0.05750337395666965,0.054001116070967047,0.05761816892277162,0.07449480538227347,7060014930.0
US,316,test,False,47.676175,-114.232292,2000,2009,2010,2019,10,10,0.17478629712459584,0.053469007369446084,0.017212098534905795,0.23929690396615416,1.0317622037728411,0.0036920322162386932,0.9198160396699597,0.0,278.8279208775198,0.1322553012936673,0.1346365593749024,0.04114909860887229,0.03990132311105581,0.046224395299053055,0.09888126141089691,0.21321685440267663,0.22007926311144407,0.11020056955477071,0.06378300627741175,0.04181881786113934,0.040128266561533656,0.04429232116160725,0.040324822639538495,0.22208480543124837,1.0680520771135218,0.05756425509425292,0.9638042192880842,0.0,332.0817314269132,0.13522194683771405,-0.17173900843701173,0.037015145894538026,0.04080745101513697,0.06341946023509759,0.12430982846352794,0.223156101879366,0.2101919329112681,0.10437387514579224,0.04633539792809753,0.035229431436800726,0.03561215518233278,0.04278038385362402,0.03676883605441808,7060014930.0
US,319,train,False,47.60042,-112.762395,1980,1989,1990,1999,10,10,0.1176087844577858,0.054916309716660394,0.04686018962264829,0.21245137045040394,0.9898627189061171,-0.09954730557974689,1.4076001024250282,0.0,20.8993602376645,0.17878306142169006,-0.04566855677082315,0.026501987768047026,0.023114903099803016,0.03007057440049988,0.07359369468627382,0.28312678288882126,0.26989933905984453,0.10413061374002731,0.047589606096518175,0.039971330702441986,0.03869406079063113,0.034195180416808114,0.029111926350283625,0.16559118082775565,0.9994942326125438,-0.0714456114444991,1.483548417447879,0.0,23.507683668408813,0.19205598935930623,-0.020688401309536458,0.021356998086727794,0.021234725313622735,0.02639791084614287,0.08072330464982516,0.26851761136479557,0.3044562434728385,0.11736040908014236,0.04577963853890709,0.029706091382016825,0.02693594451701073,0.03081349702422987,0.026717625723740313,7060047060.0
US,319,test,False,47.60042,-112.762395,2000,2009,2010,2019,10,10,0.17995685049348936,0.01993922604952658,0.017265089085408136,0.25446752643635245,0.9932432025563718,-0.10288107366763169,1.4737484826372802,0.0,17.577982054396426,0.2044473064840004,0.1164946098838401,0.020393959113877657,0.016875969945464163,0.02629883098132005,0.08398811803237181,0.303008349034085,0.2986136855629349,0.10129956124575654,0.04408040566884243,0.029562972772675913,0.026052711321087368,0.027919862275085187,0.02190557404649889,0.23720243735094432,0.999157377595217,-0.07959130006901208,1.5590582381519715,0.0,21.043757276834608,0.20614023016082322,-0.06818944877750532,0.01894246907900155,0.017470138597723565,0.03137410835641819,0.09355357457669335,0.30771267251193263,0.2951094155921224,0.10067558393474137,0.038055008992155824,0.02478165717613498,0.024920287628273474,0.026897549235060554,0.020507534319742244,7060047060.0
US,355,train,False,45.305859,-107.957143,1980,1989,1990,1999,10,10,0.11641632455468075,0.07861304282684722,0.02196178370223653,0.14694369268442994,1.0029631207953422,0.10568860911165946,0.6293490541262613,0.0,88.94604075451187,0.09388112066303132,-0.28149185134302607,0.05904428376003898,0.058952934319149546,0.07428797097357874,0.06466785163025648,0.10676394674855336,0.16391709280105626,0.11415111154500761,0.07188410110735069,0.07695533656123861,0.08066587466728539,0.06890902418620524,0.05980047170027913,0.12498190898219341,0.9933267177934023,0.10832506121312967,0.773160866930241,0.0,99.92763027725526,0.10638775844015284,0.40080741368096906,0.04464372283197421,0.04757021070305234,0.0672576114872282,0.0722853772877421,0.12072903405473147,0.19668893894076672,0.13517309068339553,0.07512070569243569,0.07622107760356431,0.07054190940429853,0.05034995815980652,0.0434183631510042,7060047060.0
US,355,test,False,45.305859,-107.957143,2000,2009,2010,2019,10,10,0.5993540131911596,0.09554907069520659,0.028912239200598225,0.15163693108827428,0.9995188347807233,0.1481901996696605,0.8536635005720736,0.0,62.18596115358828,0.10202997310561678,0.3956750792853766,0.05094869578831833,0.05002744122828381,0.06538503345875334,0.06037440556389493,0.12297863943469645,0.19342877801735578,0.102344091958007,0.06680138284718076,0.08536802001045994,0.08630239974023692,0.06382738278143009,0.05221372917138261,0.12272469188767605,1.000765417360952,0.11254180157603419,0.8866982559084782,0.0,113.23703567505197,0.11689853801205446,0.24506515803274426,0.04336414165096088,0.04612968007129218,0.06411173855294255,0.08143406450361514,0.14682933537841653,0.22593224898100306,0.12047933680612612,0.058146083352975886,0.05925031794523047,0.06227316035311428,0.049394625636046685,0.042655266768276315,7060047060.0
US,361,test,False,45.013574,-117.78289,2000,2009,2010,2019,10,9,0.2418776097023461,0.06973195249300046,0.008135557240374944,0.11316745303610991,0.9880187597221117,-0.08562998640159589,1.3497599897375814,0.0,3.285015508633676,0.12955281896047335,0.26010313139167457,0.06702509977830996,0.08855880145808404,0.16166038165269073,0.13671201049883533,0.18197434242736288,0.17942464461974478,0.024497565702371847,0.014125400371725811,0.01902508065250507,0.025618901158584537,0.0426573639362319,0.058720407743553034,0.10503189579573496,0.97424440422711,-0.06863377531197527,1.5286782185351593,0.003346516580468512,4.183921575464169,0.133232509914059,-0.3601908309306971,0.05554381947548089,0.09304662139006417,0.1285577671380458,0.13598255501325798,0.18796068430371504,0.20994549010544186,0.05172405368669839,0.01563585758637043,0.016461880141179455,0.024677553346351737,0.03649020087365908,0.04397351693973526,7060014930.0
US,362,train,False,44.997869,-112.860426,1980,1989,1990,1999,10,10,0.15679931119543355,0.05096717260092145,0.10938783542079805,0.18660787035216692,1.021844975352698,-0.14456302422795858,0.8086162775109564,0.0,11.836071792709586,0.09050239045067564,-0.6450683551935997,0.05539877172036385,0.04706406037878955,0.06285844796042166,0.0714092071387425,0.1123781741709763,0.13561674399380697,0.1089874400150964,0.08387440085222922,0.08370660541241251,0.08979857859405826,0.08064394904041863,0.06826362072268416,0.29599570577296497,0.966560709590321,-0.31080807791153775,0.7130896536856305,0.0,10.118369041323396,0.09106725965464879,0.8441235289907152,0.05758892824330925,0.05351957330449711,0.07324246233663531,0.07585609440861843,0.08669008856485437,0.14862638906987216,0.1202463772305593,0.07884173737635675,0.0722259690052517,0.08146137614304173,0.08386596825506945,0.06783503606193445,7060047060.0
US,362,test,False,44.997869,-112.860426,2000,2009,2010,2019,10,10,0.3432245866090692,0.06165612687664964,0.29703134129708253,0.6834958479568397,0.9909066992495372,-0.3962494960994228,0.4910932181647418,0.0,5.499796689002885,0.08519387427349721,0.18205870732214594,0.07817325613113972,0.07106262737292816,0.07824118231157606,0.07015501258262913,0.06332114467820399,0.10557502725294358,0.0980812330810796,0.07806528774379902,0.07908958960000394,0.09437842948815144,0.09719888895648461,0.08665832080106084,0.3864645066597572,1.016239058687711,-0.44939944362865886,0.5735025670072189,0.0,7.75188246460149,0.08696380800343341,-0.0945276061464143,0.06765717850003562,0.06083164936459504,0.07622512558945475,0.08124688008832172,0.08651460914966294,0.13068696104345814,0.1003400941900631,0.07130309713699105,0.07657996611866705,0.08793712515654653,0.08545456536916908,0.07522274829303498,7060047060.0
US,364,test,False,44.863227,-111.334057,2000,2009,2010,2019,10,9,0.05489612765421153,0.02013247723496428,0.02335866840699466,0.1383190194230687,0.9971944658293135,0.038659068828214856,0.4906567314972369,0.0,26.726372310152065,0.09494241416566929,0.0437506346403076,0.07018529809931992,0.06275778322476186,0.07130005141421314,0.08697563233189357,0.16719244667696068,0.13172052985174307,0.07517804609533012,0.06368139068975441,0.06147850395267602,0.07131095371663784,0.06821090736495472,0.07000845658175461,0.16167768783006337,1.0028053509791346,0.04613494152534048,0.5464731387215753,0.0,28.23456488580398,0.09613587809707276,-0.024142283281971544,0.06582225238582175,0.05972111201033977,0.06925012114186051,0.08674803320757594,0.16405314604883192,0.14418826294298617,0.0792819784955993,0.06512708672239438,0.06359361966348813,0.06957950339565067,0.06498027953654731,0.06765460444890428,7060047060.0
US,367,train,False,44.671057,-117.999626,1980,1989,1990,1999,10,10,0.16281460501277584,0.06620746989265858,0.07426722810850306,0.25254283386666726,0.9627467703770449,0.000426340785161066,1.4169296696537819,0.0008287292817679558,3.5964969496268813,0.17102318139378814,-0.5499224944435945,0.032789034617604684,0.04560499684594895,0.14030685265556203,0.22324796366898145,0.2553736017847976,0.17159146718301352,0.046066516475798985,0.02084028137294917,0.012589923236063134,0.01055117203546064,0.017786935508681805,0.023251254615138224,0.3268100619751703,0.973061458636046,-0.021981994463038057,1.4154119161428202,0.0,3.0561186541236456,0.17017861625068167,0.6249552980685059,0.044368843748430496,0.05970354088070254,0.1366190729951189,0.1932115645509168,0.27923725408763483,0.16576547621158777,0.03405852199199197,0.012845287489501766,0.006976770897707271,0.009510012598345597,0.022959615115085884,0.03474403943297585,7060014930.0
US,367,test,False,44.671057,-117.999626,2000,2009,2010,2019,10,10,0.08515038967739215,0.06770908153418151,0.07733061818687731,0.3459403401148665,0.9806187766293829,0.019646896928285244,1.564456700291432,0.0,2.4957291480845,0.20196760843852557,0.21048358690843766,0.03379955169373861,0.03928761540178306,0.1202248628742276,0.24417479816059912,0.31877345374467786,0.14712524941678193,0.022139441159666862,0.010735412140815342,0.005922034654138092,0.008844619443999727,0.02087391261052603,0.028099048699045746,0.2686097219279892,1.0169601003078057,0.043789417263678625,1.4709310316581796,0.0,2.717551578351449,0.18064009515592777,-0.09703674375425721,0.03327949109525072,0.049261413234246564,0.13514904615774453,0.21864934382832363,0.27825878488516065,0.17604529396793925,0.03421624899020094,0.011082849146771259,0.0058972562908127715,0.010311430474553542,0.019816723356885165,0.02803211857211108,7060014930.0
US,368,test,False,44.654902,-112.363205,2000,2009,2010,2019,10,8,0.09744052654240949,0.09127810383945294,0.030524263501489513,0.379082216342184,0.9545358404593625,-0.15354635811678063,1.3718798253165199,0.22587779928117224,3.3110521554235324,0.16782114069095191,0.5802960026809804,0.02402698932172861,0.02418257381549081,0.03330306103974242,0.25279948074469166,0.2433291034640968,0.17804565415980309,0.052170044758022754,0.029522954636145543,0.02789536488164428,0.052812787094891886,0.05138723664711526,0.030524749436626777,0.4096064798436735,0.984116125615725,-0.12995816051899992,1.2357714325376161,0.049623545516769334,3.6499246996547927,0.13616636849124705,-0.07038066934410617,0.025205956482517732,0.03008194742379085,0.0796586588746241,0.20023077703384415,0.20461970333549145,0.1795151564691666,0.06330845970795809,0.03639784842594818,0.03496314617098858,0.05865753014693354,0.05554371977208075,0.03181709615665598,7060047060.0
US,372,train,False,44.504773,-118.18281,1980,1989,1990,1999,10,10,0.14698634550858897,0.058909967951784534,0.04697326059809184,0.22511329529632332,0.9815658587301822,-0.09561130098085047,1.4670715950058968,0.0,2.998163714880804,0.16853858419834408,-0.5003629663685258,0.043883180940611465,0.07086981174463378,0.21284755435776628,0.28274067996339364,0.16736778865470336,0.056470909743129336,0.026930043787961405,0.015764186776119533,0.01654967033407756,0.02725130699821403,0.0378558923618042,0.041468974337585236,0.27208655589441516,0.9988573904206764,-0.06291052772398442,1.5722164179680609,0.0,2.58833202048079,0.15890350647858248,0.7369083802520816,0.07012874626092801,0.08942722908380799,0.2164963973792464,0.25777759922116106,0.1579597716759588,0.04817565150318823,0.019147503990204713,0.015119330357004754,0.012796078644171375,0.023188682914125392,0.03902198715321493,0.05076102181698813,7060014930.0
US,372,test,False,44.504773,-118.18281,2000,2009,2010,2019,10,10,0.10545302799749741,0.06453535337821517,0.022410072783985047,0.3273465216358815,0.9885634618052884,-0.0392042197071523,1.713041321024961,0.0010967918837400603,1.9821420733226949,0.19391939302334138,0.2244651197683884,0.05341377268544881,0.0563146401499432,0.18881454706945097,0.34135178781392145,0.17068112667246185,0.045646119457476,0.011343431062767284,0.012227831030100108,0.013326189179156215,0.02320320823828169,0.03935743148233218,0.04431991515866035,0.30493644885189647,0.9853750745638944,-0.024135479314793182,1.7503219858907608,0.0,2.202583838228705,0.18241127497589835,0.07527549835328637,0.04751333611494506,0.07526308746847667,0.22097586554263887,0.30917122773323485,0.14996875747191776,0.058460516255479864,0.011954621851257174,0.012016486582630551,0.012665156036439104,0.02166474278464899,0.03709480191131658,0.0432514002470145,7060014930.0
US,373,train,False,44.500233,-109.186819,1980,1989,1990,1999,10,10,0.1335153005611856,0.026381201279696814,0.10799476899552918,0.3254509700098153,1.001009866367106,-0.05751728279607177,1.5222689419151105,0.0,32.37823907530836,0.2014887742536037,-0.26064108238588907,0.017546214652809266,0.016369808480194255,0.02223087033125174,0.053943526063740456,0.17252677160014895,0.35074684767104075,0.1946200811402286,0.05888010434508195,0.03650333268222858,0.03234502083531307,0.02503819572779732,0.019249226470164926,0.4334457390053445,0.969980293794721,-0.05025524027501616,1.555858578797818,0.0,37.00310633923044,0.21307330233849486,0.4012308187960502,0.017583324602559538,0.014771437797579333,0.02231109742470518,0.04520749548201812,0.17835849581601265,0.36131605491177193,0.20448301392012688,0.05797593729186058,0.029477338213290072,0.02615809783379286,0.024230646362199692,0.018127060344083134,7060047060.0
US,373,test,False,44.500233,-109.186819,2000,2009,2010,2019,10,10,0.39661921310835274,0.04376747875478948,0.09793222779004324,0.4735180279084399,1.0026884827338935,-0.06556502658954107,1.6119896931454147,0.0,29.056903745244128,0.2098499237211466,0.29081802620861474,0.01735259016664094,0.01581352614072899,0.022622429379667255,0.04915356922280036,0.22770041916166797,0.3470231059181337,0.17138682826615986,0.042260584766304544,0.02808032802123307,0.03242863137641762,0.027129598303868397,0.019048389276377104,0.37558580011839665,0.9993582480275633,-0.002843265183758352,1.5507931997553892,0.0,43.20150439536803,0.21349991592543363,0.15348326057931405,0.01570474005033183,0.013178358778631723,0.024101179457436134,0.05461098474970809,0.1953836529962853,0.35906384714739065,0.19476583541486014,0.04367214953846033,0.026389557690362792,0.030912004506938102,0.025023465113300523,0.017194224556294508,7060047060.0
US,378,test,False,44.129764,-110.817278,2000,2009,2010,2019,9,10,0.1415256067031591,0.06716239778894043,0.12634051042938688,0.7762356282647203,0.5586979164945205,-0.09702004936549662,1.679986964212583,0.822477650063857,0.2513655698950094,0.22303554661795055,0.18756784418713165,0.04455320033057364,0.03192697884007832,0.033286807263768696,0.07523981637395666,0.38652216889685703,0.2391647995457928,0.03227445977872056,0.019022327889930423,0.018547685691936912,0.02976678591687116,0.0429987812533288,0.046696188218184914,0.6498951178353334,0.7951506788829236,-0.1115405909683137,1.5640427740792955,0.7717421896988461,0.28958067838438967,0.2062696706048069,0.08965085425922335,0.03705286599437964,0.0332390107082641,0.03685169310772732,0.07212137388245131,0.3416651588599415,0.2699959351459989,0.04567930889958426,0.02493177222108222,0.028659517169947364,0.03179500546343504,0.03614380886750159,0.041864549679686516,7060014930.0
US,384,train,False,43.857485,-110.591126,1980,1989,1990,1999,10,10,0.0820798215108054,0.03362671560563456,0.11601612297675465,0.21376127474572473,0.9844603022885828,-0.06699777672621945,1.3558331047798218,0.0,41.36990512376168,0.1781689683987987,-0.13120490496867215,0.03282067251268437,0.029063819627764022,0.03182508839359816,0.062404972242868194,0.241675717215552,0.30148221880328596,0.12556012893593857,0.04539975312279073,0.03404145954909476,0.030967097170118734,0.03224816458856276,0.032510907837741805,0.3297773977224794,0.9908149194916978,-0.029998025945657033,1.4380799101011215,0.0,44.908788412960135,0.19006635438328348,0.5223178108037261,0.03295372855494994,0.025940560258942154,0.028561054502525246,0.05971274010866573,0.2609109203967752,0.3108986357656746,0.11536070765331247,0.04980591203710445,0.03447734005453819,0.02565493372119499,0.02619717762002172,0.029526289326295398,7060014930.0
US,384,test,False,43.857485,-110.591126,2000,2009,2010,2019,10,10,0.14042032076102878,0.04966070056421221,0.021183975561571367,0.28816864438865275,0.9959838902854723,-0.03730646609108042,1.3558482183973681,0.0,35.82779269604693,0.18490371047487314,0.14251203905567922,0.03586324871145824,0.030537978052480822,0.03365152443395153,0.07216695149174468,0.3053734260513455,0.26253604847984463,0.09189606036313312,0.041269428436029015,0.03140885895891083,0.031002338936928706,0.03077072372766616,0.03352341235650689,0.3093526199502241,1.0060408328641095,-0.0335719617197974,1.3614366048851165,0.0,41.22909701313157,0.1783644887839964,-0.018001731421201803,0.03204686133367099,0.029276232514567204,0.03473454601384591,0.07324285201270017,0.26216672778468814,0.2882435052510823,0.11063840739780496,0.04265121242525022,0.03241700447956192,0.03160029568951133,0.030834812122664073,0.03214754297465287,7060014930.0
US,385,train,False,43.663883,-108.827888,1980,1989,1990,1999,10,10,0.1557277506233861,0.06335796754954734,0.11299024990844386,0.1099424423164424,0.9645557620108859,0.0,1.9362234353116317,0.0002737476047084547,0.7615685466382603,0.24150301439727803,-0.1741178957537296,0.002737918604921523,0.003938055119756739,0.006973779997668532,0.050010744327717016,0.226667058159246,0.3900241331495076,0.17016667512650796,0.06257962092283817,0.037448374992280285,0.030941587701189557,0.013096932181517884,0.0054151197168485505,0.22293269222488626,0.913873970526655,-0.03392239026652629,1.9176355523568744,0.06170094496942745,0.8898989653387793,0.24794740512415359,0.2722651600601685,0.006439957440535758,0.008263187889379964,0.01693236420325275,0.03549673449810484,0.22788084199757802,0.41132996102159614,0.1407682117115846,0.043134126617826445,0.03981262040188722,0.03620192925224828,0.020601719284177932,0.013138345681828067,7060047060.0
US,386,train,False,43.639982,-117.238522,1980,1989,1990,1999,10,10,0.37450116111953924,0.1058689614372803,0.013326190717540987,0.3861207390441238,0.5758703478710361,-0.14324077238134292,1.8909243636309931,0.0,40.988329666146946,0.1568787665021221,-0.5169887413573208,0.04278584280531001,0.12825738395732839,0.2375204767686107,0.21880101161529267,0.1577663671228971,0.0774087340055558,0.025540531918634913,0.018493509579824926,0.015712478885718084,0.01814786885288929,0.023403805857678765,0.036161988630259295,0.3994469297616648,0.35094786037352566,-0.18332381094091865,1.9991826713492216,0.0,28.18489575075003,0.14802704965131958,0.6902840258361219,0.07524413478076807,0.09011430978640612,0.25033507191116994,0.15834103740486663,0.19189529716955595,0.07226078109913076,0.03023848757402634,0.023517403626844784,0.02281299648567027,0.024497846872622717,0.026698604808186158,0.0340440284807524,7060014930.0
US,386,test,False,43.639982,-117.238522,2000,2009,2010,2019,10,10,0.04524619365627814,0.08181402981832409,0.03704184888737827,0.53971769691415,0.28809581604823414,-0.23573166278665256,1.7922773055269763,0.0,23.267133210543648,0.14928592305506228,0.47151882502695464,0.06226024846484828,0.06498205739838316,0.19075571681860495,0.25477663692179875,0.17117661387118144,0.06155004111549667,0.03146216670258139,0.0245890551540338,0.02485242703198923,0.030958006043720385,0.030993119921421324,0.05164391055594049,0.5767595458015282,0.296935012972094,-0.20509929543511748,1.587301141420191,0.0,24.3440621744091,0.13195283514729472,0.05917073284687883,0.06399682752632495,0.1087658689404573,0.18517751344038713,0.20874879343617614,0.15105995450055712,0.0950303057635336,0.03427554126931775,0.02271682853919838,0.022851368950242753,0.028463316776042108,0.030137751176041817,0.04877592968172084,7060014930.0
US,390,train,False,43.580736,-111.740813,1980,1989,1990,1999,10,10,0.24749169572939855,0.024623445084603745,0.008536567888661029,0.3333417885795932,0.981017848460487,-0.12277866650703748,1.7964231867724199,0.22420417124039516,4.768132906594521,0.1940315486071497,-0.46815134115921253,0.02745812640531062,0.03634540391882791,0.05928612570431186,0.201679209515269,0.3520325258028196,0.1323218936575858,0.04232143642487391,0.023257618475196976,0.026857334079983537,0.03591026559016308,0.03535109826187361,0.0271789621637842,0.3418783564682542,0.9730725574819257,-0.1002752873799419,1.8288334173981233,0.36391018619934284,3.7227517342889347,0.20258326465190704,0.9842891230338175,0.030315370160849394,0.0294741352689419,0.05865332896560195,0.19410554894581158,0.3677572485482246,0.136368739991936,0.04107340314001759,0.022914717563259735,0.023979786935194976,0.03510543165859504,0.031078694408473294,0.029173594413093865,7060014930.0
US,390,test,False,43.580736,-111.740813,2000,2009,2010,2019,10,10,0.44669070789908993,0.04545995142965417,0.0617170146620557,0.36884096356216894,0.9247812266514749,-0.10917597655353396,1.9775161465806423,0.37271214642262895,2.146509054648218,0.18983483070731608,0.7168895443572377,0.03665228173266484,0.03658425044954963,0.06969927806252955,0.2928070048321227,0.283007726142344,0.10493568647914585,0.02605722812731899,0.01756561114966982,0.027431128320749166,0.03138463049328441,0.037421544039975614,0.036453630170645485,0.30712394890011324,0.9725616446440845,-0.094776154980089,1.909465825313444,0.38616874135546336,3.3552743310467372,0.1848268851556337,0.08027095075156003,0.02943390934257053,0.0381659449189191,0.09116702722115394,0.276869099982819,0.2812865582202029,0.1149536209427121,0.02740432130668707,0.014076325456076202,0.021012265961357322,0.04243011065201039,0.03398385690634062,0.02921695908915086,7060014930.0
US,391,test,False,43.526359,-116.052083,2000,2009,2010,2019,10,10,0.2042850793570908,0.06979547852603454,0.026177620290609313,0.14183148823740693,0.9970788002649755,0.005798532136504968,0.9811887482834951,0.0,61.94240051526044,0.1410931687870791,0.16977179674623188,0.015256959875059718,0.03328541826163314,0.06727099456751497,0.1422638628654694,0.21608514620738775,0.17084317471801508,0.15784343616057475,0.11031650210808586,0.03126776524456794,0.020579914588020557,0.019770995499241596,0.015215829904429299,0.11565386794679762,1.0003626327319766,0.010197108170192457,1.0389201088555928,0.0,75.98150904503389,0.14603889656311525,0.14776471111183778,0.012971590007447879,0.037368170110872824,0.09720277548783936,0.1669463991178818,0.21945397529246136,0.1785727551369996,0.13108602839884492,0.0938441082958962,0.0249432192520433,0.016317138336257687,0.009902651458088945,0.011391189105366307,7060014930.0
US,393,train,False,43.414157,-108.177221,1980,1989,1990,1999,10,10,0.09169906876804691,0.052015188072457294,0.049576568124484466,0.3241559659288293,0.996897518606655,0.24805172817632268,1.1446278300404924,0.0,40.389626552188595,0.12904298627080915,-0.29526515736964737,0.03593494757189994,0.037411563474549964,0.05181924187475801,0.05123482759455479,0.1298815076477064,0.25367428768314615,0.148573433283622,0.069175759584586,0.0628697245870252,0.07103648461163566,0.049559508301148206,0.0388287137853677,0.2745793978043448,0.9973700210227535,0.0692941901048923,1.3155650009549464,0.0,44.268441967355585,0.1502728709154391,0.5630114232227841,0.03548046122015524,0.037154202554755184,0.05102603233736063,0.048435383652055825,0.12408950943064094,0.3021520877798642,0.15211082125936135,0.062127305659860035,0.05031606060642294,0.05416669583022451,0.048064580669126555,0.03487685900017281,7060047060.0
US,393,test,False,43.414157,-108.177221,2000,2009,2010,2019,10,10,0.6268726348564517,0.12807207334522042,0.007879362964762299,0.231452130987474,0.996715806945024,0.029548832149291333,1.1877355988748197,0.0,24.964325592961114,0.11517503455489166,0.4110569172268104,0.05152862639559529,0.04937909085971598,0.0687621204748366,0.056419745784044156,0.14125981420731246,0.2272955059857898,0.11734861712062446,0.049686373491106425,0.055767188638887605,0.06573248350189285,0.06383526569605004,0.05298516784414424,0.2235727680227117,1.0004562874482081,0.022694358592804068,1.408499545143002,0.0,46.72692095101752,0.16207001535991772,0.4118773461760596,0.03356878047426275,0.034797701237735235,0.04719539407290463,0.05146388246551267,0.15900610627173606,0.3178194766332634,0.13715042775394776,0.043675722010379364,0.04180203080329509,0.05319779805513937,0.04480266773748465,0.03552001248433907,7060047060.0
US,398,train,False,43.209951,-109.044413,1980,1989,1990,1999,10,10,0.025322091200551983,0.018259208481072126,0.008553241127997574,0.2227897731507099,0.9619487468758674,-0.012318031467884578,1.5183776702999783,0.0,7.866516679441555,0.20942221654193394,-0.22297298552857894,0.011008566732836539,0.008998722216818484,0.009930736035973796,0.02040067958772039,0.13982484887627009,0.3223507710308436,0.2599168489089965,0.11697320138568311,0.05200809801359906,0.029642601899543538,0.015546510923868826,0.013398414387845992,0.21423653202271234,0.9978530853635309,0.004227988879600509,1.525748277841649,0.0,8.068256793339366,0.2104961153257982,0.382367950337427,0.012272244405644627,0.007913500476616403,0.009318783248963562,0.020145940657162156,0.13533800078737743,0.3331276951144476,0.24907299512994036,0.11898950176720673,0.05497241466292132,0.028666008744190907,0.01662123747783282,0.013561677527696256,7060047060.0
US,398,test,False,43.209951,-109.044413,2000,2009,2010,2019,10,10,0.2790833582428999,0.058329656929354844,0.03794037873705447,0.22566580312075163,1.0149840514000403,-0.0002738701128450777,1.4685607940969818,0.0,6.207322085421155,0.20360316069320106,0.22221209095708577,0.011555822496868463,0.009610444378708382,0.009886346945258707,0.017938882379462066,0.18619266961482628,0.31388499009787274,0.2359662947429745,0.09922853408336343,0.050609389604735586,0.034601248513005806,0.018035066949212017,0.012490310193712037,0.2636061818578061,0.9950030519103513,0.0020402812929054756,1.540072229579357,0.0,8.205567891486897,0.21440169635093337,0.20644509308591896,0.010309242707426041,0.009660177145622341,0.011964365400362772,0.02748247445507122,0.13843292893867248,0.3535316284822486,0.2375579372220654,0.09031125165140959,0.05020333557293069,0.03924074616759433,0.01841333691697836,0.01289257533961797,7060047060.0
US,399,train,False,43.195527,-108.760417,1980,1989,1990,1999,10,10,0.010661302779499142,0.07579256477768818,0.005478276196399873,0.11964124722574618,0.9760696992880458,0.0,1.178867175548141,0.07363810566657542,7.468293109528136,0.1736491208451973,-0.018657535320000983,0.0001438450304939139,0.00014744940355054388,0.02053876844306016,0.052334274805950876,0.13043322707764612,0.21267887905025523,0.24614955154624368,0.1701779782986252,0.1338717394098791,0.027046385494782214,0.006317225819576577,0.00016067561993631313,0.12511952342214605,0.9793039795614412,0.0,1.1824063575968544,0.2878746219411603,7.389094306814687,0.16434262049697976,0.1933995892356694,0.000902866390651133,0.0006811707362114021,0.006927743980476679,0.038298567890346066,0.12314547529092779,0.19417387041530826,0.22379647856840912,0.18066769666957033,0.14502046692354306,0.07844394510257062,0.006857303866758692,0.001084414165226788,7060047060.0
US,399,test,False,43.195527,-108.760417,2000,2009,2010,2019,10,9,0.05476476068795793,0.06997123561313189,0.03586972928897192,0.17167226445144998,0.9826879030771636,0.0,1.1496944076528812,0.3693150684931507,6.697275278380891,0.15952151010121557,0.037402609119361836,0.005429508187648378,0.004683636639893629,0.005810929568582554,0.03790745837970869,0.14196096237893732,0.21115071327882926,0.20845902366595612,0.17805370213519656,0.10464416113922795,0.08310748891936275,0.015299394197792061,0.003493021508864886,0.13580253516247806,0.9413727969506981,0.0,1.1823631452980832,0.41140591643793845,6.340362909936309,0.16962376063383194,-0.07982195453280717,0.0011420654561960155,0.001299009289508774,0.0016333519955711972,0.033320031125965745,0.11162215829422191,0.2031299229064434,0.21872894745355878,0.19827442712413665,0.14368021013090657,0.08355202676427309,0.0018969514199380605,0.0017208980392795998,7060047060.0
US,41,test,False,48.732466,-121.067305,2000,2009,2010,2019,10,10,0.140044319021497,0.03922830545866937,0.026364853964946644,0.2799836461082167,0.9949397405554259,0.07211258490546514,1.0387689006301808,0.0016424856282507528,82.1411178242818,0.11949826812492612,-0.01506014064242452,0.06644832844801782,0.03748572388914131,0.05441695650765235,0.0864327307781475,0.19328827009512212,0.20170341878281892,0.10016391428611768,0.04315051448708371,0.02839668641186654,0.04565071350118271,0.08170862676885197,0.06115411604399749,0.30634850007316333,1.0138933501224023,0.1388666152591356,0.8899185383260438,0.0024644030668127055,94.48896320771227,0.11403576084708011,-0.06869262755316298,0.05688699359618089,0.05537094545057131,0.054047224685429905,0.08669823772971391,0.1981146491636015,0.17551236202260317,0.10812665568719525,0.043961451654628426,0.03232151432889213,0.047640390695046116,0.08327164096653421,0.05804793401960316,7060016090.0
US,413,test,False,42.667609,-113.484084,2000,2009,2010,2019,10,10,0.2682029506364684,0.07955898987656278,0.011033650549311838,0.025991079403934345,1.0108991449793356,0.0006909563531142628,0.9097928103249533,0.0,152.0597736645906,0.13769225339256005,0.07796410383883241,0.022825991944632473,0.015756315192824093,0.022514644274918803,0.09112832987831584,0.15277242617330533,0.16892682259707073,0.1953875803565148,0.16096830884615557,0.10163694496914913,0.03602730351225659,0.014145067309980618,0.01791026494487607,0.014957428854622506,0.9989075533153313,-0.0044028072986217704,0.8466165393465135,0.0,198.83525985963,0.12153971338085033,0.08006888339516033,0.02716475703312502,0.027202591843739608,0.05750379102319222,0.111206050871611,0.15442024894273138,0.16696036191239433,0.15855702733952873,0.13125540617750947,0.09058787146289489,0.03644465885826826,0.0165616187170687,0.022135615817936414,7060014930.0
US,415,train,False,42.543117,-106.727083,1980,1989,1990,1999,10,10,0.29040670688758674,0.06309458928173894,0.051798634826919675,0.04176134685472984,0.9332021828567034,-0.005590728367936513,0.807097954903245,0.0,48.83233728525691,0.10949725954933866,-0.11617866306839594,0.04117492486469375,0.037497019245242555,0.05055697288270669,0.07718762463762063,0.10848709641915306,0.14002077431049273,0.1745658372457735,0.14887060712272004,0.08982092741106189,0.042631762000534826,0.046665341851796924,0.04252111200820329,0.09355998168164952,0.9187150045111238,0.13260286281456055,0.8899699009971674,-0.008214676889375685,36.52460108225392,0.11632510361994167,0.3130371173132011,0.03710620541842535,0.03412556366274619,0.06307149863016465,0.09227287423534582,0.11898864150511201,0.15918890356253076,0.16734495042773936,0.15469574672127887,0.08273658032982559,0.01641994537561475,0.037399556764459406,0.036649533366757144,7060047060.0
US,415,test,False,42.543117,-106.727083,2000,2009,2010,2019,10,9,0.309394566468622,0.08573375869928651,0.0006483258473824194,0.07504639719742881,0.9112988882419646,0.04117446326901345,0.7652020526565466,0.0,31.952450512939535,0.11693231717150619,-0.027600987471842996,0.04091053127362749,0.038177004101687194,0.0549469405923924,0.10815816349608143,0.1071077618875832,0.15174437736771704,0.18684041676638008,0.14726181497584245,0.06726845370631647,0.018783853579144617,0.0374841781480714,0.04131650410515609,0.07439807135004639,0.9350092870525094,0.04438954436320184,1.0737926134535987,0.0,43.538405895468756,0.1370166537041605,-0.24907238515358932,0.02711164674640393,0.025158437879492877,0.052809956906920676,0.09553345355461289,0.12637015207562224,0.20574740731054478,0.19930875533479994,0.14050121936993526,0.06717437306253678,0.007358198613795547,0.026399453448591757,0.026526945696743468,7060047060.0
US,416,train,False,42.46391,-106.853706,1980,1989,1990,1999,10,10,0.21353155160738166,0.0953553364356666,0.041297469067160586,0.1960284693729651,0.9686292992396829,-0.06355924533492952,0.8771950836287825,0.0,50.41385639149081,0.09368501444325866,-0.2597495096224253,0.07692834844101766,0.0717314405611881,0.08395597307724825,0.10180168877019205,0.11679331146859133,0.14758918479416605,0.11259185830673785,0.0655604316930656,0.04197333143867573,0.05334190727185539,0.05906030172450904,0.06867222245275284,0.1547310003058045,0.8972141200842985,-0.16389353584880573,0.7561427155371724,0.014786418400876232,40.72061658057129,0.10244216982690249,0.45612712703858166,0.05052443475113092,0.0509382107804955,0.08362516689262808,0.10091401241166827,0.1273310038833175,0.1694815532190278,0.12592000857065858,0.10025621270477401,0.05687467575912529,0.040178899663256704,0.04466658174888477,0.049289239615032565,7060047060.0
US,416,test,False,42.46391,-106.853706,2000,2009,2010,2019,10,9,0.3360280610759849,0.1660320237029262,0.028325834936129446,0.15424140646912998,0.9826239277783338,-0.11839158219150583,0.6299105700403722,0.0,32.517514579480036,0.0978611451160484,0.24620783899584667,0.053479741208068476,0.05357627435948503,0.06673108523041406,0.10060322251398454,0.1311224446628856,0.14129021790007795,0.13560575157287977,0.10139372488399628,0.059822535818926804,0.05254975337644863,0.05123544264285913,0.052589805829973704,0.18256724140525943,0.9565703404959414,-0.07167801823104947,1.109489558985452,0.0,45.504304022742204,0.13363694471796433,-0.22425561932970972,0.03506730292748803,0.04143236571608948,0.05861289079036023,0.12868068189277848,0.17117315871767144,0.23919406816942437,0.1235710394302041,0.06275095525819571,0.043719417400491685,0.03138511675781428,0.030804355748221237,0.033608647191260985,7060047060.0
US,419,test,False,42.252083,-109.432426,2000,2009,2010,2019,10,10,0.27312157101185913,0.12284171899944434,0.07074888778410504,0.5123694735582704,0.9731779616045748,-0.09497589070099118,1.5548394665442866,0.5482720789906748,1.8427922290757393,0.1983534653889277,0.1099574634985931,0.019929927406181797,0.015029955541972988,0.04051144157465366,0.060308109778544436,0.2746505891928134,0.31277785442488615,0.11569335403343017,0.0513643344618145,0.03073429284814297,0.035869850148474804,0.023079334994899982,0.02005095559418521,0.4416205857741654,0.9907992630405739,-0.0825920854695994,1.7629136141644925,0.6467688937568455,2.4215395320610504,0.21551817910259946,0.3158428006152405,0.01042866426406974,0.011132150041353072,0.03800716227607782,0.05205090842077309,0.195305320193013,0.3771451282366976,0.15345839028353295,0.06919566390655511,0.03361237234093244,0.027179371598372866,0.01901546452550021,0.013469403913122095,7060008710.0
US,42,test,False,48.714583,-121.13032,2000,2009,2010,2019,10,10,0.11384452762914575,0.03763271315620739,0.02587176540495295,0.33794968808086145,0.9586161835460318,0.2462971210637109,0.9671500100287183,0.0,103.5288525631504,0.11329471378937848,0.003626223899345497,0.06357521144537116,0.03611952779398329,0.0530794252286869,0.08102193007269308,0.17930286131383172,0.19242767115411769,0.1111610289752035,0.05835960393090465,0.0369574919491133,0.04942927927871424,0.0796846981549387,0.05888127070244195,0.3638214534858144,0.9324248271039156,0.2897566640704344,0.8344537214635749,0.0052026286966046,116.01214341180929,0.10956966530462835,-0.08138508197447149,0.05517469437389839,0.05168660570775028,0.05209166524398118,0.08358235001922772,0.18587220951814903,0.16972201394669312,0.1160706698930165,0.05595562765020305,0.039735590539347575,0.051629269390072285,0.08273283562712165,0.05574646809053905,7060016090.0
US,421,train,False,42.154838,-106.906358,1980,1989,1990,1999,10,10,0.16682738338355682,0.053470687139978254,0.04106174690104708,0.4451925713611003,0.986260680766853,0.19403249954628565,1.474036545153828,0.0,44.954281819092515,0.1694301679306444,-0.33795636951156327,0.02420035079018426,0.02768675116257256,0.051936486005786923,0.10986224472310802,0.235510862118287,0.2802019184004112,0.12093586592061388,0.04131244505334057,0.020677210635030578,0.031389957692097945,0.029414205073688793,0.02687170242487822,0.4041308244600532,0.9125367103871347,0.2099189724079727,1.3999429108809447,0.0,38.04686275717495,0.1790363777009081,0.5680285464918959,0.025403756151275245,0.027487792048095677,0.06315318658006405,0.09016498864998432,0.2219955958129778,0.316279490299925,0.10835615218688707,0.036923817913862636,0.022184275891706393,0.02882208393260938,0.03288014912210926,0.026348711410503045,7060047060.0
US,421,test,False,42.154838,-106.906358,2000,2009,2010,2019,10,9,0.4046794936819497,0.07973495878848735,0.1501854431192705,0.4033623249586614,0.9814841438520797,0.3390100505943146,1.4162097025869957,0.0,29.240185207750624,0.16904116910038242,0.6303553851502042,0.03170055005622694,0.030639826545994193,0.06787245920743268,0.11960437234742392,0.257690406307077,0.26684985279999046,0.07866662425951333,0.02995095795055813,0.022469618583332993,0.032059420766229,0.03206093763416577,0.030434973542055654,0.2531768818393909,0.9586370963335793,0.17934285030015623,1.621727019079147,0.0,43.82583407615861,0.18403359599319563,-0.2793518825467403,0.02623168892777691,0.027960408735690147,0.05254425119018407,0.0998908100765339,0.23554922122320926,0.3137420614920448,0.1108686038273948,0.030591728479109626,0.019940348815727548,0.028224972536489396,0.028330327925559735,0.026125576770279827,7060047060.0
US,423,train,False,42.028371,-110.065625,1980,1989,1990,1999,10,10,0.09805952582727549,0.04730157470057869,0.20657988150455353,0.10170469106856041,0.9916868463121791,-0.00017055123150810987,1.2151432704392306,0.0,50.91334290906423,0.14631835448319375,-0.1926425616771446,0.025787849771192653,0.02402197037648017,0.038530516767140824,0.08379838778646857,0.15917104622183895,0.26299056838178136,0.17304799728960105,0.07543511707505436,0.04532800308104891,0.04810457751174848,0.03583615945863901,0.02794780627900558,0.3082845725731139,0.9860167407254582,0.1871193265977264,1.2824098014422927,0.0,46.15777887320031,0.1606250200755872,0.6057708652588382,0.024637386135734532,0.022319029596630593,0.04820457516848288,0.06492044004550754,0.15145135453190034,0.29911398605433326,0.17201712302396216,0.0769392157017391,0.04146588235398864,0.03762331978356805,0.035706702164422593,0.025600985439730224,7060008710.0
US,423,test,False,42.028371,-110.065625,2000,2009,2010,2019,10,10,0.406323514241831,0.05176700753768915,0.06716204970691836,0.3281289426471837,0.9858451211314578,0.1990465687625178,1.157789881956303,0.0,31.653438552113215,0.13766261484075168,0.37880373049118266,0.0348284022959362,0.03163978192786496,0.060011622428655334,0.09079949144570111,0.15873691947586044,0.26106309020364177,0.1426272954829794,0.05397016911408893,0.03879954658831844,0.046717084764651015,0.0450489355104304,0.03575766076187184,0.2609668929402653,0.9880440517998883,0.23542414661125025,1.274428591959591,0.0,47.52093258502389,0.15498991385641095,0.29559429167487433,0.027458065205655004,0.026884520856335678,0.05197023906523328,0.08399895303391682,0.16938980291069766,0.2864810268552021,0.158323482934271,0.05171971231446426,0.03429775656046655,0.04235953214766736,0.037294593493279224,0.029822314622810937,7060008710.0
US,431,test,False,41.623799,-111.871746,2000,2009,2010,2019,10,9,0.24490615633097035,0.10427680019309443,0.0072750341849633915,0.1502796653715764,0.955491675414184,-0.15098010543280752,1.356595262779434,0.14632107023411373,2.2833306349320486,0.1475526619639061,0.6672984461652254,0.04684125961363869,0.04680885228095268,0.11587870117961603,0.21969877065527288,0.25311390164469455,0.08356751528891546,0.021303303199826186,0.020154944980259694,0.03572793716236057,0.04522808016487797,0.05723943345430422,0.054437300375281175,0.15755469955653978,0.9921918746569645,-0.19463769243107018,1.3871851248689144,0.17150890346766634,2.916958133384495,0.12940407654100192,0.21824151981120896,0.0608349167960752,0.07381700859633963,0.12800217146739423,0.19493863973011374,0.21180984170330833,0.11285076577130919,0.03309796439650681,0.030228549708678033,0.03266365246254017,0.02976495297859673,0.03980801103843588,0.052183525350701976,7060073620.0
US,438,test,False,41.254826,-111.841795,2000,2009,2010,2019,9,10,0.07800858326785406,0.06722837513314767,0.03753741847042169,0.28302003156937616,0.9446029256503705,-0.09976085472728212,1.3476092409934095,0.07049130302105584,5.944215309913831,0.15755205584797957,0.5538597777452956,0.049175752401083773,0.047227209637795156,0.13593975225887775,0.2499662748904681,0.2400600149618481,0.09143692183897065,0.034042408722654474,0.022243550026675763,0.025919037998352962,0.03114179015538829,0.03530936034428716,0.03753792676359797,0.32055745003979785,0.9649097303001861,-0.11784443114329335,1.5839561350335123,0.027382256297918947,6.426481019532676,0.15817567094479132,0.09700918561558523,0.03835040870025428,0.06055034616081131,0.13065431512466666,0.22553571834074776,0.25186407094230034,0.13087765455359937,0.03583545405009938,0.023110954614281407,0.024803997086372754,0.0271090756983685,0.02053053896446395,0.030777465764034416,7060073620.0
US,442,test,False,41.185867,-111.39784,2000,2009,2010,2019,10,10,0.23089299248257608,0.07563626220399762,0.008415763544047938,0.29649115154811123,0.936921036857683,-0.026192299582189996,1.2366862375800292,0.0,0.6223203101679382,0.14633025188828616,0.3855228798512707,0.04726546681569431,0.0449834681196481,0.08030666172386508,0.21213414736335373,0.2684694321563862,0.08289079013729278,0.049936797883685755,0.04572426634059164,0.0401899988653603,0.04379329361137977,0.040614142778623824,0.04369153420411869,0.2880753880040633,0.980959925368162,-0.015641899561591444,1.823018427767052,0.0,0.7839520994055272,0.16449876678252473,0.03340241952966607,0.03715163554705287,0.0418025811442834,0.08534345979021485,0.21367175388755721,0.2912429336985042,0.12917914620861903,0.04359825437144038,0.03139983153828917,0.02791196071002953,0.031793562844516114,0.03152276523917255,0.03538211502032059,7060073620.0
US,445,train,False,41.025296,-110.582609,1980,1989,1990,1999,9,9,0.00933152172204088,0.052954068508273305,0.05710151463606705,0.16593482699961593,0.975169271109752,-0.08257122918662217,1.5757980907245928,0.0,4.783445806617496,0.21913008625654753,-0.15544458146807344,0.012422045540485366,0.011331105001467548,0.022301524795189594,0.04023788938262457,0.25140944350454664,0.3557350947845416,0.14136377838146083,0.0642056665685937,0.03567627172246771,0.0321024063947868,0.019410642590166536,0.01380413133366899,0.22303634163568298,0.9800438718781315,-0.07228229622149251,1.6473910925879434,0.0,4.8282915491584495,0.2206728397969042,0.24821786646770766,0.01397282873899245,0.011631187556661223,0.013491034505947179,0.029120755337406885,0.2235251508040258,0.36022077282080306,0.17958420377622558,0.06561531178840414,0.04061491680175211,0.02856680885600951,0.0178040886556515,0.01585294035812051,7060008710.0
US,445,test,False,41.025296,-110.582609,2000,2009,2010,2019,10,10,0.23959882835853402,0.1054479146664773,0.03236844362235741,0.25651928053680195,1.0024505349824646,-0.09490887136183676,1.6206183035434094,0.0,3.5372088529017254,0.21263147320192172,0.19121685489564383,0.017300520690730382,0.014515319255197544,0.01835065151299187,0.04965436605974141,0.3193866834397779,0.2951555915806309,0.11902807959557969,0.045354419202578655,0.03662698550158325,0.0405858119514813,0.02438828888182188,0.019653282327885404,0.22415083691444454,0.9978923422594886,-0.11660978253214142,1.7469402209886873,0.0,4.494870172567741,0.21876662020115634,0.04234298386207347,0.014420862478758727,0.012423793596301903,0.01756413212129755,0.05363370334423591,0.2278509699185559,0.3705454756621281,0.14162087098557685,0.047048720142951424,0.03484935940257324,0.042377412921596955,0.021015288922361604,0.016649410503661893,7060008710.0
US,448,test,False,40.987986,-110.386982,2000,2009,2010,2019,10,8,0.3471971847806439,0.14933665425328715,0.007443749736060462,0.2317178905334348,1.0049134120200416,-0.015753495023415835,1.6219766989671138,0.0,1.0910277353979345,0.21612032325911973,0.18230913391559914,0.01439062745946916,0.012314472938884559,0.015962567488494946,0.03662412743580057,0.2997206589971436,0.31270363171600357,0.1423556607950697,0.05197683936051717,0.03998674297967721,0.03462664283790779,0.022015462971427174,0.01732256501960435,0.22427414079737434,0.9986946349777827,-0.018567591978412158,2.0550777601531545,0.051765512512855674,1.5439086931679857,0.2509249718981517,-0.21425505910341391,0.011150860873393138,0.010668337517901819,0.013945182095941474,0.03533770720429208,0.18699738651556166,0.4186446240322915,0.1857513227320689,0.047298465127857334,0.030834624649076083,0.02950618198846373,0.016381011959542623,0.0134842953036094,7060008710.0
US,449,train,False,40.963948,-111.430527,1980,1989,1990,1999,10,10,0.2002324488368115,0.06029848755065287,0.00039411400044203626,0.3056927469306642,0.9721187032599881,-0.29476666908531907,1.0332693522591823,0.05929844097995546,11.028058826168582,0.12110082143959104,-0.21900671983278205,0.036706777966970416,0.04398436595687618,0.06385029844736428,0.1033468951277095,0.20194957662758245,0.2036501038963082,0.07991430837063322,0.05651033800887576,0.05454681927428431,0.061819784258847134,0.05109284571389377,0.04262788635065459,0.3052986329302222,0.9627613185223413,-0.21602763163967245,0.9892643770593111,0.10788608981380066,9.02691236856517,0.11656823315519123,0.6012859107151769,0.03456372150923182,0.03879598373388235,0.06405732728591389,0.0799826486580293,0.17324656625531093,0.21175453855680657,0.1041108167703501,0.06852812109656772,0.06727032843671764,0.060919992230878454,0.05384442556366577,0.04292552990264536,7060073620.0
US,449,test,False,40.963948,-111.430527,2000,2009,2010,2019,10,10,0.14110870133187392,0.07398999291122252,0.08482994881749706,0.5108964331804531,0.9696799406485894,-0.33689552646232085,0.9568956537529651,0.38835484756934907,5.8697722132596155,0.10735702820570839,0.593178823768765,0.041816558941697814,0.03665324021224044,0.050093290901840955,0.1001345357178295,0.1729174531217312,0.17419127882880314,0.0924597714511733,0.08517202760601016,0.0762925982064137,0.06691928489120968,0.056322094850176106,0.04702786527087399,0.426066484362956,0.9827172645343734,-0.24957891149761155,1.2284199076384137,0.0,6.759335113199836,0.11652097951239127,-0.3654232590385546,0.03352628807643437,0.03796186336504478,0.06749455938763903,0.10253699954134543,0.16466933878281506,0.20429295074265966,0.11523573698642105,0.08000823992589978,0.07257796576537243,0.05014810187275718,0.038260946514089775,0.03328700903952162,7060073620.0
US,450,test,False,40.919468,-111.597917,2000,2009,2010,2019,10,10,0.060568758646416504,0.03358970090927062,0.019143172985685963,0.3468154854913096,0.8700660993305919,-0.1269723343646806,1.0276429351848544,-0.0002745744096650192,1.4917619727773401,0.11895823485614883,0.5802682058803363,0.05968047998962617,0.05851326051985449,0.10908070591289203,0.18507583279762096,0.1958247408321379,0.12398764199561806,0.04773304011486638,0.041771931195618395,0.03678604942038366,0.04166887244078006,0.050209854352685164,0.0496675904279169,0.36595865847699555,0.9398891733340826,-0.13351716681323397,1.249751737235638,0.0,1.5849085555867664,0.12088165107032404,-0.20268950202576705,0.0572081995757144,0.06346564779017089,0.11237469229124766,0.17730340534498434,0.20214286317489952,0.1324545600089183,0.056431685926456435,0.037000885926882714,0.038645690513330305,0.040861504527827226,0.037692535219710596,0.04441832969985773,7060073620.0
US,451,train,False,40.915665,-109.420471,1980,1989,1990,1999,10,10,0.13776919801505666,0.09264181661193632,0.08225760448581076,0.3237178312207538,0.9350720153096027,0.16924808203047575,1.1568943541827401,0.0,71.63498213911933,0.12924235175125154,-0.32556481267799864,0.028771657132681202,0.031347705150624815,0.06022645783633074,0.10707267754746079,0.1651267315513335,0.21938711629201132,0.15901181671690368,0.07286817310968523,0.0456042977914939,0.04778908838278626,0.03393662260835996,0.02885765588032864,0.24146022673494305,0.9201582674133303,0.028177543231690316,0.9574616408821446,0.0,62.41554319358462,0.11465838825101682,0.650666311425186,0.05182921800660107,0.05173930278302308,0.07943026984355757,0.07488859071742712,0.12911599914786298,0.21941464482710982,0.13749317362470906,0.07196763275914772,0.04483875201244499,0.04652682022613513,0.04764204316233751,0.04511355288964393,7060008710.0
US,451,test,False,40.915665,-109.420471,2000,2009,2010,2019,10,10,0.487099481986538,0.09592993372917427,0.08444577770437783,0.12979874877594105,0.9262510682177284,0.17726987843336317,0.8686424712243862,0.0,38.217058606942075,0.09893683777914887,0.4183264091248917,0.0600769064903179,0.06011674095455655,0.09021606427948498,0.08887513407913673,0.13209959182865605,0.17333826182033024,0.10711412282289556,0.0658018282547218,0.05559183973753937,0.0583305130075347,0.05557455382206908,0.05286444290275718,0.2142445264803189,0.9490221955880126,0.006408994412088977,1.0659061179816054,0.0,62.201645744618794,0.12120930367941184,0.3299818209125144,0.04631227713926477,0.048232843423248434,0.07685230630379805,0.09365526645118624,0.15084708405341468,0.23222689943979435,0.12062779433579754,0.05591344893900733,0.04444381940705949,0.046443940156450966,0.04300163202080102,0.041442688330177176,7060008710.0
US,456,train,False,40.787922,-111.40263,1980,1989,1990,1999,10,10,0.19397852372617264,0.10004898735402348,0.08777534756480154,0.18164272735736248,0.9978190510600973,-0.03716871748056077,1.4330299227032486,0.0,7.5507044370519365,0.16558845271165717,-0.27783048163923824,0.030398361102850397,0.03137806857037311,0.05246998820518967,0.10119565880642256,0.23859962725144696,0.2840209852509892,0.07989610834825837,0.03353348179776232,0.0387409987783453,0.04298162573499318,0.034430274863598995,0.03235482128977005,0.269418074922164,0.9839723658696103,-0.18157499696440824,1.3646278506722334,0.0,6.219330958994079,0.15382917893809842,0.6054385463905922,0.04002270580369236,0.035784660522184666,0.06937173196902287,0.0644273806757848,0.1753189180280612,0.30482254732631364,0.09498282116097634,0.04331662019901404,0.04524890595824858,0.04668961230008172,0.04131280512886739,0.038701290927752416,7060073620.0
US,456,test,False,40.787922,-111.40263,2000,2009,2010,2019,9,10,0.05831101399992027,0.08529400676474115,0.04324152021624361,0.2208278974905376,1.0153872349115038,-0.1837776212878215,1.2118976497707954,0.0,3.974980712455272,0.1267994268440707,0.5254313198564357,0.054065673072402336,0.047709006944073776,0.07841321467571538,0.09152957683727123,0.22445143056074698,0.20315619276400387,0.06454451197212847,0.042490781858217336,0.04117611714681606,0.05307809213268938,0.04952632871144892,0.04985907332448624,0.2640694177067812,0.9939574519108053,-0.1071792672623858,1.559111760647753,0.0,4.213656971185136,0.1297561011972431,-0.42077348427223377,0.04962930838517318,0.05092501077317402,0.07044177762225007,0.07369809032716691,0.17857768033062774,0.24983649469159352,0.09469355567770443,0.03443491821463687,0.04395695674956038,0.05554590983242045,0.04879590894408294,0.04946438845160965,7060073620.0
US,467,test,False,40.599261,-111.422917,2000,2009,2010,2019,10,10,0.09120895039698482,0.11106252278477445,0.05977439177851407,0.4468360595360855,0.9693267967361094,0.3028675451147182,1.5273312854001904,0.0,8.075257229713914,0.20430037618885427,0.3844564086539522,0.03759778157189159,0.03490867416187645,0.05204473086427171,0.10981073676289337,0.37235655536982504,0.20523060999866138,0.03774923629663224,0.020931392972034394,0.024474252131568182,0.033841415461139605,0.035096977925952615,0.035957636483253196,0.5066104513145996,0.9581307709649596,0.2801441686104416,1.547601356180838,0.000547645125958379,8.846427224570217,0.18679403271336936,0.15681232918670812,0.03126297291674043,0.032199385792856985,0.05267135645357559,0.11227544058466239,0.28219108223319683,0.28610486730229867,0.062096071980667945,0.022509783436029038,0.02564596205360223,0.03299518610011723,0.030274605136386093,0.029773286009866604,7060073620.0
US,469,test,False,40.577988,-109.420236,2000,2009,2010,2019,10,10,0.04802624494837366,0.09702932291768734,0.012213394859888926,0.4514458862548698,0.9805789130087681,-0.17754256640928423,1.4776283333603695,0.0010979961570134504,0.9873688521314118,0.19081039444799294,0.27776546561872933,0.03640902539908538,0.032145303747464084,0.03870044141231342,0.10924542640993928,0.3684440858387872,0.1672285271600689,0.06891554604481397,0.03522072107675855,0.02537959954501244,0.03907190854245854,0.040784289086690795,0.03845512573660749,0.46365928111475874,0.8947583946959263,-0.16935511116039959,1.4668121777698093,0.004654983570646221,0.9410699146189501,0.1726258614549857,0.20500062856434373,0.033455990732079624,0.029742275339999267,0.04129538518653396,0.09551132894016685,0.30073587664931584,0.23826656170535937,0.07413715213338685,0.04549732353745109,0.03327773559392334,0.038933162637832204,0.0352876422326061,0.03385956531134552,7060008710.0
US,470,test,False,40.561752,-110.701662,2000,2009,2010,2019,10,10,0.23466139134052758,0.16416391726790366,0.014837509121056858,0.2951550807046912,0.41332205619290874,-0.023180268407345564,1.7999240379557593,0.026641032683328757,3.435033563924035,0.2308020220093691,0.3834017982536202,0.020709686808337745,0.016065551624842737,0.0166120076252023,0.039242773901506114,0.3479785832981051,0.303284624619474,0.10097633894270938,0.04031244304155383,0.031749888758046234,0.03550276692758382,0.025702349542921617,0.02186298490971726,0.30999258982574807,0.5073795397408399,-0.00432155874845137,2.0228813739051588,0.0,4.343533068955665,0.22898079981873348,0.20644602372992707,0.016781354518125628,0.013881923889046776,0.01571320760355468,0.03932283658529868,0.1932222542105007,0.4001201502237978,0.1519091364419867,0.047541186138337195,0.03940116556981437,0.03693827849954227,0.02467928042130455,0.020489225898690677,7060008710.0
US,471,test,False,40.562222,-110.489005,2000,2009,2010,2019,10,10,0.23952134734008282,0.13602459606626716,0.052363106289835315,0.552258455356849,1.0156666239478382,-0.23043929447971487,1.564133558257978,0.438543662742951,2.8376236851287606,0.18349972345415272,0.36839228459457396,0.024566040153165943,0.02064947757940033,0.023549099108978247,0.03800748074284447,0.31468177816992493,0.23873886842924283,0.11828419889012928,0.05873593358918884,0.05237267655302798,0.047839735044410636,0.03440491532774265,0.028169796411943775,0.4998953490670137,0.913834761772042,-0.15896335171876977,1.5896255262475145,0.0073972602739726025,3.6056004553007743,0.16821167601998852,0.006896075746254101,0.028146837470801836,0.022899589244561785,0.028909008903865357,0.048064781278106795,0.17884333295768196,0.3201344687552414,0.13061436646030064,0.058549782735164695,0.057581483165330134,0.05240739769391298,0.03758946503298491,0.03625948630204751,7060008710.0
US,473,train,False,40.510417,-109.53125,1980,1989,1990,1999,10,10,0.3939115502306534,0.14294459735176238,0.01610145213668801,0.5684287503804903,0.8788283216217937,0.0,1.6178168109623998,0.464632454923717,0.798925106460586,0.13554135563558062,-0.22893422339038919,0.07093556392278592,0.05792802667388467,0.053463761536981264,0.07835326743933206,0.27635090468520496,0.11608582863377229,0.05403777465808147,0.024712627079161876,0.017332600287555174,0.037058237907042435,0.11834399994743157,0.0953974072287664,0.5845302025171784,0.8622582583167424,-0.07787296182636912,1.4047651814045203,0.5022062879205736,1.1846216945707921,0.13097552764797407,0.3322675944777335,0.05846533800164676,0.052171917322474094,0.06521059460856801,0.06882876567231676,0.24455315972721306,0.19545647116827605,0.050481889840972606,0.038781285678945863,0.05509106343344294,0.03147287049728375,0.07360882027991869,0.06587782376894127,7060008710.0
US,473,test,False,40.510417,-109.53125,2000,2009,2010,2019,10,10,0.17494059897778694,0.17036206449208222,0.029293336335332376,0.6419219353079901,0.9290457650699164,-0.1042383560574735,1.3724624120717888,0.5086514693765449,1.2653691499823232,0.15890174115435557,0.2342672375141396,0.06871540771006042,0.0580178792938828,0.057779245323449746,0.07607459830844121,0.3304928009567004,0.1253404174416346,0.03315420228977287,0.018829207288657113,0.02268999464507286,0.059597476952261565,0.08118785611938983,0.06812091367067662,0.6126285989726578,1.0153405012298442,-0.03800765104480615,1.3816334434895887,0.5129405286343612,1.0622861158244967,0.12645493259175528,-0.10964221193837778,0.055804941039067045,0.04536317422993262,0.03529852777585142,0.058870233740923636,0.2401517702662329,0.185482174817771,0.07130809843082064,0.04936510004542743,0.053703477151728934,0.07011451266373316,0.07509911135228828,0.059438878486222924,7060008710.0
US,477,test,False,40.407034,-111.525821,2000,2009,2010,2019,8,10,0.16129518191816783,0.08290095299732264,0.05086383470229383,0.3127136822483656,1.0120246521870793,-0.29454720321232475,0.6775665369023748,0.0,9.067632638182106,0.09141889932584125,0.3296614192564198,0.07294269534463167,0.06567867781995816,0.07273914558760165,0.07640914907295225,0.1350821627501167,0.14660812328217748,0.07448633240746524,0.07068516677194937,0.07328005767596774,0.07245117660540601,0.06908926447185233,0.07054804820992135,0.26184984754607177,0.9748682503509897,-0.32837134314231037,0.677268286490606,0.0,10.654756390086037,0.09339424009117937,-0.012849810395901523,0.05877764611590412,0.0585157493843183,0.06752608883769484,0.07226941455819844,0.11565527227968489,0.147735796694702,0.11681137988608327,0.10319381209214631,0.08021964446195097,0.06729580419577778,0.0553007306484512,0.056698660845087914,7060073620.0
US,488,train,False,40.191264,-110.444834,1980,1989,1990,1999,10,10,0.06563524954376375,0.1120257761892356,0.11813887302660744,0.18971329810181345,0.9565550108965482,-0.11912515956005221,1.1237044761525332,0.0041062140706268815,6.174178508690495,0.10748027807622905,-0.5711483354543516,0.06146040373532604,0.058871964188957765,0.06730379360137251,0.10088993175334805,0.20932433829129626,0.14096110118626956,0.05614267088894291,0.059318911995484544,0.06627284894590577,0.06520859449158402,0.05771625515453159,0.056529185766980905,0.3078521711284209,0.9459857841513497,-0.2791115436930152,0.6979121653015539,0.0,5.781947647096615,0.09328518328460407,0.43325369637802646,0.07520559644757803,0.07343095601189385,0.08629349849569733,0.0792009611324036,0.13822242302481955,0.14971436279455858,0.07352328172569969,0.05108731613079837,0.055269554508777505,0.06854279222930997,0.07990601592970989,0.06960324156875361,7060008710.0
US,488,test,False,40.191264,-110.444834,2000,2009,2010,2019,10,10,0.24112938072008314,0.0903211158106636,0.10684857359360644,0.39400221523722156,0.9727130898824928,-0.28922811462367026,0.6772365156965107,0.0,4.691798381238502,0.09347338205512741,0.2243600451060676,0.08572592254574206,0.08110880672218972,0.0896080268644719,0.08295411086101809,0.15336257282173654,0.12069499820529368,0.056615942374220025,0.03910839910388678,0.050982245414300235,0.07837947291052698,0.08494383789218254,0.07651566428443127,0.2871536416436151,0.9511025671047619,-0.30065223373778327,0.7439102251019091,0.0,5.97118463974475,0.09060942378580158,-0.0642885113055557,0.06780565357697531,0.0635225315237966,0.07955262356659511,0.11753094036179937,0.13547177095262367,0.12110609217073381,0.07223238549064225,0.0649169954977576,0.06489039824844951,0.07651680110256964,0.06620976129683191,0.07024404621122533,7060008710.0
US,492,train,False,40.139748,-105.856013,1980,1989,1990,1999,10,10,0.11733975362731346,0.0429341405235116,0.00013749593881873245,0.4384275048880408,2.230017487014864,0.33529903930386057,1.121907672246356,0.0,4.354769411303792,0.14963320053079418,-0.18992212220158255,0.031093766115749166,0.0257611380116449,0.03199142462881004,0.06849150136735037,0.18155308421884678,0.2573788525816183,0.17807512689617153,0.07454739993485843,0.044205145750006766,0.04146192137645389,0.0331195298280579,0.03232110929043182,0.43829000894922204,2.211498995877636,0.10772631239170012,1.2119767955973573,-0.0008214676889375684,3.8726224268814384,0.16736399918320627,0.25650999356935666,0.02866594437173103,0.02381501754903167,0.029397294716670002,0.06418061383119583,0.18616013562438813,0.28626618166118395,0.18751488693457616,0.07288933261983885,0.03968269694176432,0.036141034616973475,0.02448793882282802,0.020798922309818512,7060008710.0
US,492,test,False,40.139748,-105.856013,2000,2009,2010,2019,9,9,0.22094148097317717,0.07380072940654733,0.004649866679230175,0.4454325172037523,2.7041148756664097,0.06671369034675396,1.137567089552449,0.0,3.3098945153544737,0.15129676321281207,0.04221863040460578,0.03312655110084532,0.026911946002219543,0.03641094176088984,0.08502285269932762,0.2226018677997939,0.25202539223952075,0.1356100398139815,0.06247922684060575,0.04906283001390799,0.036800389169592586,0.030153174468678007,0.029794788090636914,0.44078265052452215,2.505968472338553,0.0936652021882796,1.206250576751876,0.0,4.12826739243814,0.162964160521079,0.17039037070448512,0.032717571096829844,0.029751298405022417,0.03826090534719314,0.07712948347157901,0.18613526099201186,0.2929574090284204,0.16250643170640583,0.04562393083424333,0.04121420485183106,0.03355285037346495,0.029072861066243925,0.031077792826754266,7060008710.0
US,493,test,False,40.137146,-111.028275,2000,2009,2010,2019,8,10,0.012488547206396292,0.062391301210893604,0.1196587236416875,0.4983734540480981,0.08346481377983858,-0.08457881900225557,1.0911148111513693,0.0,7.4585261508145475,0.1404272943597122,0.15108459341298788,0.03900363163436587,0.03616672513553321,0.05421008658726348,0.09517470256989013,0.2735879543655444,0.17720744356668655,0.09124647916261461,0.05492448728010785,0.04948404352127811,0.04074188840590585,0.04295870182410685,0.04529385594670319,0.37871473040641057,0.14910049238130493,-0.11481715469810204,1.1696584999596649,0.0002744990392533626,7.365959211274985,0.12548835585812307,0.15052501813450966,0.048002801882935583,0.0483167851370381,0.07333438524984603,0.09923822682482845,0.23196415236048426,0.18250678922247635,0.08838903568333699,0.043812414772297845,0.05003848368438244,0.040539371564896565,0.036363235446370185,0.0574943181711071,7060008710.0
US,497,train,False,40.03395,-106.205943,1980,1989,1990,1999,10,10,0.010514603242059347,0.03330928898283356,0.049777127707475166,0.4786282147657819,0.9963163272394652,-0.12313690108154107,1.432922018615701,0.0,3.9177262252784093,0.17918592656981155,-0.2140947908010343,0.027011626387441156,0.02535867879056728,0.030991642177189162,0.0591027820650949,0.17113139007063355,0.33491162275864256,0.15376433905538764,0.056383928955456075,0.04140800467246675,0.038506715819911136,0.03144967775102898,0.029979591496180905,0.4288510870583067,0.9784047135290982,-0.14625452034218897,1.4349353307319899,0.0,3.9591368889788394,0.18538374250833153,0.32976828004944736,0.02912921089629166,0.025598711827890863,0.033892136897635865,0.0521726092292335,0.188292928231252,0.3421288575808221,0.14277608310950207,0.04856162391950056,0.034111032335418824,0.038344622316586155,0.035122081484443776,0.029870102171422785,7060008710.0
US,497,test,False,40.03395,-106.205943,2000,2009,2010,2019,10,10,0.1117978972061238,0.10792166599030209,0.09592122285851173,0.3445191078284952,1.006474514072977,-0.0025199370886710456,1.4113733900966206,0.0,3.783163229031528,0.1779588241261239,0.47155219926654723,0.032398077752115055,0.027789477344541097,0.036855117493384826,0.07863010004879542,0.2602098227426906,0.29246730307145974,0.09521814194340203,0.03747418049631785,0.02889008867552063,0.0381570253957742,0.03711499916865044,0.03479566586734793,0.24859788496998347,1.002118963736275,0.04403369586393196,1.4833114280449164,0.0,4.230661610652095,0.1946751155914499,-0.10454627423033173,0.027663239570516116,0.024754372967823266,0.03237783386142245,0.0655258640150329,0.19458018113443085,0.3555702578460702,0.13423508093724681,0.04327595271816474,0.025779679717172536,0.035279124784408984,0.031966831435437146,0.028991581012273927,7060008710.0
US,500,test,False,39.949456,-105.357859,2000,2009,2010,2019,8,10,0.1312707645166871,0.042469365874450826,0.03129100880741892,0.3883913567909293,1.0038372931584572,-0.07165816177305742,1.4893646805943848,0.0,3.7800416118848514,0.20206164813283836,-0.03237738487333443,0.012758521110212624,0.010630421600756156,0.016390393107901243,0.045321084266213216,0.26426462976387993,0.31563921404948736,0.14655742244509132,0.06273878075068126,0.046369890693149826,0.04109310625578878,0.021787498553782498,0.016449037403055644,0.35710034798351037,0.9983923094577102,-0.0650925800080276,1.3959513414862494,0.0,3.3150219780307,0.19113430188584585,-0.06748792925571638,0.013810123247478052,0.011740446580027895,0.01727437948101141,0.04857092718999097,0.22283990871170736,0.32352530505732807,0.15036432700712551,0.07100258715361728,0.059513080975144406,0.04339497165594155,0.022559550359850022,0.015404392580777459,7060047060.0
US,502,train,False,39.876756,-106.329309,1980,1989,1990,1999,10,10,0.07392213390722384,0.049210668915683486,0.09932763517712451,0.3791958479881675,1.0000017558830407,0.13608016719848678,1.3380054058027475,0.0,14.2322355995866,0.167885436928728,-0.17503745982608077,0.01954636604245593,0.020232094973109394,0.02548009946097087,0.04461944137288428,0.14077385638905912,0.2982079802948342,0.1954850265663789,0.1058002647977283,0.058850582058417075,0.03716382651849047,0.02873687099051708,0.0251035905351544,0.279868212811043,0.9784457669076642,0.010703754352396191,1.2154046640773863,0.0,13.218103543422703,0.1558156286615056,0.5632277183020994,0.026950343409598725,0.025285323267924206,0.03357809709157199,0.057251668258489465,0.13987847681469265,0.29073306000033133,0.17627867330917957,0.09088071292959835,0.05213611813693234,0.04173008434572652,0.0363963943998595,0.028901048036095642,7060008710.0
US,502,test,False,39.876756,-106.329309,2000,2009,2010,2019,9,10,0.2801152058414193,0.08778303641349514,0.0768897575528199,0.22734719598441233,0.9933334049743603,-0.17558482843623688,1.1256076117205311,0.0,9.90039030601447,0.13902218716442255,0.457873434038527,0.03502803036807792,0.030734822185781555,0.03820185588389523,0.059938262060338046,0.17281083714474768,0.26210345739331165,0.1340981448399401,0.07561631646908014,0.05918978538968055,0.05561080698172234,0.03925880117908948,0.03740888010433533,0.30423695353723224,0.9814249876159351,0.01807875771798611,1.2963362857196745,0.0,13.101010793698741,0.16517223828806843,0.02994081694679821,0.02796789552495127,0.026812879793608125,0.036021529537502775,0.06011069748377714,0.15897519335986465,0.3002989400684011,0.1835132631549067,0.06963188438897293,0.04074750610068499,0.037853295986311784,0.030229471412774527,0.027837443188244063,7060008710.0
US,505,train,False,39.832745,-105.241537,1980,1989,1990,1999,8,10,1.6298726436036406,0.43495286178773407,0.512480924625015,0.7575121462286087,9.426098110841224,0.501193986026175,2.4708231877491404,-0.003080082135523614,0.2833234315636501,0.262682457010038,-0.8205048370927956,0.016864039046687915,0.014687019292712667,0.03569270567623154,0.14700666791719685,0.451210055378009,0.17710638267162257,0.0354070835029843,0.032132720974857566,0.01977028869813969,0.026216592411211093,0.02440300485336243,0.01950343957698429,0.24503122160359367,1.020314433389794,0.01936559489813849,1.479778990777827,-0.03420467185761958,1.445863147880445,0.12616094544182807,1.434682890006034,0.01788165996510973,0.021859268492332832,0.042411804579241826,0.036610807143775084,0.12665305436369678,0.17797338103882382,0.19265251322307575,0.14416975952448152,0.09097327093617966,0.03092571496819244,0.07356293828015803,0.04432582748493255,7060047060.0
US,505,test,False,39.832745,-105.241537,2000,2009,2010,2019,10,10,0.13729777138056576,0.09254348305972918,0.02915990490961856,0.20885385109238397,0.9971444216129272,0.17106441998098557,0.8813195654953467,-0.09282584884994524,2.4433777640403513,0.10209783255747427,0.10027797337427959,0.044486513388141066,0.04081859984424655,0.05960441661006403,0.07593242394898979,0.1099343324876443,0.16070907789339994,0.16000156949205072,0.094229736031418,0.08428435826233958,0.05592248067914023,0.05569759257923962,0.058378898783326284,0.23801375600200253,0.9982001670176605,0.2327945275755555,0.9659629670189073,-0.01259928786633799,2.129918338275398,0.09797784813812707,0.013859599691610599,0.05516862574463848,0.04687146183505716,0.05252573931117458,0.05890617950167859,0.09162485133927789,0.14521274571867046,0.13792540882629992,0.12542057340547846,0.10104394524938837,0.07805003843328219,0.043141005254557725,0.0641094253804962,7060047060.0
US,506,train,False,39.788265,-111.12828,1980,1989,1990,1999,10,10,0.2861988500785428,0.08637347861475768,0.11060532791273647,0.377389187211598,0.8333021160756792,-0.045764959085154,1.85001608660332,0.11798839458413928,3.1246613753968964,0.18289169719998913,-0.44448979774004715,0.025696724501785912,0.024610049996934853,0.03576694100467545,0.08945035519482283,0.32779660317043413,0.22318074184962824,0.08912727296101235,0.04574965507376373,0.045194597241265434,0.038931408065452665,0.02883345291467112,0.025662198025553064,0.48799451512433445,0.7607995296472149,-0.06050342592153479,1.7575330987637519,0.1344884488448845,2.3469745363536245,0.1966612862227988,0.6706684857486612,0.055651502015757005,0.02229103345112187,0.05181229067285991,0.09633958283094811,0.3612807269669112,0.20474694090940387,0.06542623562303478,0.04070612143937086,0.033043128247188504,0.028879465710225927,0.020004088159599625,0.019818883973578567,7060008710.0
US,506,test,False,39.788265,-111.12828,2000,2009,2010,2019,10,10,0.08644245800593099,0.07626917956731709,0.03185810263054156,0.4531972413705783,0.7595108936474902,-0.09484570695182883,1.4900677498288826,0.10156895127993394,2.2881021570843187,0.15571874029772076,0.5756245891701797,0.0446783512749749,0.04332726466175524,0.057121203868039185,0.11239741560693962,0.32363414373391386,0.13108394768347825,0.05418025302348979,0.05746910175281724,0.04653639725118766,0.04724236964994639,0.04228488893179917,0.040044662561658576,0.4850553440011199,0.7421574419826198,-0.1529715134264127,1.6996655122271211,0.1336443468715697,2.0986205828518423,0.15540550325521302,-0.2783382566541687,0.043561115980194014,0.04233719425387354,0.06206234252480736,0.1238963846308289,0.2945155063106794,0.1888419067207087,0.044899204083720536,0.04335796303129543,0.03105190173903649,0.04317743582261319,0.04018326949115461,0.04211577541108783,7060008710.0
US,509,train,False,39.61875,-106.060416,1980,1989,1990,1999,10,10,0.08040344146107246,0.026761846785037173,0.021271205782740374,0.10885871512045749,0.8246108889719711,-0.04979369862726141,1.3463632426040735,0.0,8.535216537767251,0.18564800157755174,-0.14684042686596216,0.02242577591404065,0.019040679458080134,0.022690633766894147,0.039955983623341254,0.1653958786407602,0.3329690459081192,0.18088278452993928,0.08315878019762081,0.04725074892721813,0.03692100149909467,0.025543040360426723,0.023765647174464746,0.13012992090319786,0.7361866514264088,0.07617625132848975,1.405816961880382,0.0,9.24982070367568,0.19238009272986942,0.4140710147087582,0.023092376652583887,0.02065161833915538,0.025041033368080143,0.03860536206973578,0.1770322682577066,0.3434665638554055,0.17371004676395074,0.07539208344470087,0.044849699707041585,0.03349654688809421,0.023593713776238492,0.0210686868773068,7060008710.0
US,509,test,False,39.61875,-106.060416,2000,2009,2010,2019,10,10,0.1524550121083171,0.10019575276707413,0.12866725777422933,0.22713857137866744,0.5772523704903072,-0.07685556356212771,1.2814827949836458,0.0,7.5943320120845685,0.17242604904094547,0.2956216948721376,0.026963579780483957,0.021868012086812137,0.029217916919859678,0.052568475279712354,0.23122108431111146,0.293634792071003,0.13336352288170147,0.06982044835334725,0.046788292574131335,0.039159996854116134,0.028556421372102177,0.02683745751561915,0.0984713136044381,0.7220673768976803,-0.06385921443701953,1.4621871928295294,0.0,8.84504303693033,0.19286955233388506,0.0014419319793507995,0.024266225012790164,0.020475454627647487,0.025491923631060384,0.052749554958822234,0.1542405505018756,0.3555600256926234,0.1714529623480453,0.0665466312799818,0.042716104242431004,0.03559154360531109,0.026897610973595627,0.02401141312581596,7060008710.0
US,511,train,False,39.55497,-105.05625,1980,1989,1990,1999,10,10,0.5622711937573648,0.18488100930354745,0.07798722008715508,0.06300718847173692,0.9834085340616254,-0.11437987366697733,1.5927459020645174,0.0,9.16245110613869,0.15969091879836272,-0.3630948940024309,0.01704965946551836,0.01726965711152161,0.024737351111227983,0.08213498395927485,0.2799219538231435,0.20002619391962273,0.11835677908847789,0.11731037048456357,0.04971498891925403,0.041249405107032976,0.03203278297796777,0.02019587403239462,0.140994408558892,0.9616035403370687,-0.21458508981423888,1.85929403242532,0.0,5.22180191691483,0.1629332780091959,0.9262558449715186,0.024138153752242836,0.02189294608889046,0.030299065666504622,0.055420831493436795,0.1562842134696705,0.26581721886413295,0.2167174932951915,0.10961548361526813,0.04250906251165051,0.029113718006172747,0.024540166871490493,0.023651646365348233,7060047060.0
US,511,test,False,39.55497,-105.05625,2000,2009,2010,2019,10,10,0.17967210046941726,0.0891672696965378,0.03464442852907096,0.11800132900555574,0.9638647759623309,-0.17254988556638967,1.5325583773413194,0.0,4.18733978077316,0.13690708148014147,0.8086842109870972,0.03228726117088731,0.02973826715631313,0.051160495306424074,0.08986095480681902,0.2170361001268702,0.208694223325403,0.14465662949837302,0.08850052599727846,0.04156433276085877,0.036594395744156724,0.03228517899070971,0.02762163511590671,0.08335690047648478,0.9717689013060363,-0.10178065312317572,2.0101889576592327,0.0,5.011512348842008,0.1572997903851686,0.716404989833249,0.024910549925646085,0.02438363470922038,0.03077240775558283,0.0729922333178256,0.19719439139557618,0.25427163924206436,0.1882464832782494,0.0824086547019008,0.0415068823701009,0.029599209066448782,0.02624870872403265,0.02746520551335203,7060047060.0
US,517,train,False,39.364977,-106.814496,1980,1989,1990,1999,10,10,0.00979089939179792,0.04469606705057687,0.08123044041033683,0.5477265816759423,1.0085778179765754,0.3977771498031348,1.4251598205161846,0.0,5.090873958787099,0.192089959403674,0.013096571385245963,0.02120080533681515,0.016397245365298883,0.02180622454385375,0.05983773858269843,0.22460169148334694,0.3301353770225685,0.14308445477462892,0.05812602438957103,0.0386670402350528,0.03485416068222766,0.02691364632317632,0.02437559126076181,0.4664961412656055,0.9542086783765178,0.25035760152690933,1.366107690075214,0.0,5.1409630017897685,0.1794484145223378,0.364169913565679,0.0206827470587018,0.017350471771885746,0.025044713911341526,0.0537460525147682,0.2445016331585414,0.29393343291682617,0.14120007617583794,0.06163154558951949,0.04639098124199477,0.03905898101524161,0.03125839294055014,0.02520097170479133,7060008710.0
US,517,test,False,39.364977,-106.814496,2000,2009,2010,2019,10,10,0.08269897577879996,0.10215044551774696,0.028966538306095857,0.3768690160204691,0.9881558737017342,0.1794728565794016,1.2238817706426144,0.0228021978021978,4.07259820378444,0.1673610993557487,0.34990181372383244,0.02251533795384405,0.019188420335170497,0.029521492570551172,0.08466645491845383,0.2652580077038861,0.2574202711225028,0.1093062294471201,0.0640364772028394,0.0458102034284738,0.044580895650530125,0.03201434717548159,0.025681862491146457,0.34790247771437327,0.9763900959713779,0.16551882440590368,1.3305270245855867,0.0,4.4237163716057495,0.17505872298212466,-0.016523071143194522,0.021737939105558303,0.02035506967015831,0.030728206515369602,0.07600239735272826,0.18242878137330762,0.32587046622978916,0.13437954777347663,0.06741413586044764,0.0486861135751635,0.040845110510633185,0.02794895011085988,0.023603281922508004,7060008710.0
US,518,test,False,39.289893,-111.272992,2000,2009,2010,2019,10,10,0.06520985532248907,0.14843571583560955,0.004776659650319259,0.5176159493796735,0.9846043585581831,-0.09854546041896713,1.5462688468219858,0.0,2.622309191798437,0.19882347537599218,0.3503449224666028,0.02713532851378373,0.02516371043153981,0.033615284557364365,0.056766010015017125,0.3514108174839322,0.23766621411765768,0.07167002399513157,0.04828605065591573,0.0453424329759187,0.0411090330270551,0.031611982891644574,0.03022311133503939,0.5128392897293542,0.9887096271612902,-0.0553607419326366,1.872395046004646,0.0,2.45676500323694,0.21346652278898584,-0.11432422250629617,0.023421675416377626,0.02015460560967966,0.02469709900795979,0.059893038694891036,0.25499985479917875,0.3583978859323533,0.09624703933617167,0.043740665872346485,0.03832502923507289,0.03272779214783855,0.024343351057144944,0.023051962890985354,7060008710.0
US,522,train,False,39.210039,-105.273882,1980,1989,1990,1999,10,10,0.10602644131536675,0.08051339166880664,0.01306109137733398,0.10182267023143081,1.005193326154937,-0.09588139576756866,1.0292608458013919,0.0,6.879593217427011,0.12212756139456506,0.051270746077402146,0.022824384605222865,0.02276263190316906,0.04478079607055423,0.08851246516051986,0.15894371568861626,0.18510554651387218,0.1465985404645561,0.14096657665306556,0.07580842679316001,0.05171624770846981,0.03386521496567961,0.02811545347311456,0.08876157885409683,1.0039188306230782,-0.09104763339369079,1.010652582745362,0.0,6.187512100368025,0.11147611452075575,0.47613540516615094,0.037029047187092066,0.03259663735312838,0.0492211835013109,0.08108335199058535,0.12499685001365773,0.1597192262251508,0.17269725996630547,0.12721548411787334,0.0832169768790896,0.05399455550677743,0.03806046159085936,0.04016896566816966,7060047060.0
US,522,test,False,39.210039,-105.273882,2000,2009,2010,2019,10,10,0.07569034154316379,0.09029511347506915,0.045505098274798664,0.11691254428100047,0.9960058399399804,-0.12931981945998344,0.6898952403578583,0.0,5.443996671248963,0.10042449697616257,0.23988430647929215,0.04214328681397315,0.03511628106729082,0.05598792446975399,0.09003811526353381,0.11970957640222107,0.1474107867671336,0.13825207835654363,0.12422139878203475,0.07415536251262059,0.062073116564080016,0.06128752306213813,0.04960454993867663,0.0714074460062018,1.004439851385521,-0.1267544259534332,1.0128517262441894,0.0,5.872050050597648,0.11625611234024837,0.18643851490467966,0.04383338661451401,0.03844966021756159,0.049472876032883605,0.07095410985043356,0.11183354183378148,0.18577942447031212,0.18515507517762256,0.11908631551380654,0.06196321656767008,0.05310391740724359,0.04074044560082544,0.03962803071334543,7060047060.0
US,524,test,True,39.173654,-119.90502,2000,2009,2010,2019,10,9,0.5932556532755087,0.14980602157415537,0.3278096082062588,0.6078183713614832,0.022553824367952086,-0.14723075502394586,2.4483105073956164,0.05557076375581713,2.253876915499272,0.14185587758953588,1.1962936124591788,0.05504181978344986,0.06318044610708126,0.06554293816957144,0.06276162311664078,0.2080305434182462,0.2451194383815703,0.13171501085576914,0.02858596039611626,0.027556957116526216,0.029941423902052244,0.04375137695573492,0.03877246179724137,0.2800087631552244,0.011033416909382244,-0.03439173000185789,2.3270897836049174,0.0737905695039804,4.079226798392751,0.13696571030347604,0.9166710579988675,0.03654416898776634,0.07091663995959196,0.11780938060126271,0.09775307875063635,0.148048486037202,0.2234766304051441,0.178607597130569,0.03650530377727415,0.01867093531542336,0.02308418989778072,0.02665969481312636,0.02192389432422283,7060073920.0
US,529,train,False,38.989297,-105.895655,1980,1989,1990,1999,10,10,0.12853056949979427,0.0597922643885017,0.003929343967018606,0.08941677905848672,0.9393456010861144,-0.053947508664924294,1.2225282033677853,-0.0008225939128050452,0.9978835847212123,0.14104679284154478,0.04444902603183525,0.029150363042576632,0.028722451188236124,0.04375513106688189,0.0702843575146873,0.13536971762284097,0.2754829540736558,0.14576469550281315,0.09637245879739272,0.049811893725059134,0.04591293676720027,0.04340065213067108,0.03597238856798497,0.09334612302550532,0.9458453736923655,0.0,1.4908874932429383,0.0019262520638414968,0.8775255321919392,0.15978903304340034,0.7261654794106848,0.02080550497303423,0.02178570633740244,0.04791696781826354,0.06978700897576343,0.12778860250347143,0.3008410083219244,0.1760370688916646,0.09379158249846797,0.04267722336541687,0.03312385609058372,0.036848554214192066,0.02859691600981531,7060047060.0
US,529,test,False,38.989297,-105.895655,2000,2009,2010,2019,10,10,0.26020816889667786,0.1017119217260439,0.012254518463697989,0.23026288192145458,0.9133009257537548,0.0,1.26498268945115,0.0,0.6006089924582111,0.14230593681798998,0.2045387398802605,0.03127966187498684,0.03363731133187509,0.05755914471463967,0.06600693888395244,0.1926824868563519,0.2589337367622358,0.1248973356939527,0.08295339833404156,0.03303221879721323,0.04515586654780504,0.03425903228217758,0.039602867920767997,0.2180083634577566,0.9074429786343281,-0.030804377685888805,1.393424756677157,0.0,0.7791100422390344,0.15589252613392665,0.22333540414591402,0.03332440104301904,0.030756884191269162,0.04445835329113071,0.07375622488308028,0.1288431732795194,0.30557183239157293,0.1586016086022328,0.07484767015652784,0.044270970882049065,0.038013315861843346,0.03459580821860848,0.03295975719914694,7060047060.0
US,530,test,False,38.97361,-105.623608,2000,2009,2010,2019,10,10,0.23098438395600374,0.0959961851123069,0.026151435830852776,0.22267387259007468,0.777807423639462,0.13071485694405935,0.9619574058060902,0.0,4.113342680167581,0.13106316656372854,0.13721018353409234,0.03353819255187603,0.026952001535421266,0.036185229760921686,0.06317960555842089,0.16525314494285778,0.2284824754080373,0.15704572679764864,0.10465879001773751,0.04555060502130322,0.058327845818530476,0.04476054760367767,0.03606583498356758,0.24882530842092745,0.6868980594931688,0.06433620806767171,1.2402041352072422,0.0,5.18215185528676,0.15341385720682393,0.11335887863114662,0.03169282418625508,0.029491979944105188,0.03514392402851036,0.04906568166149234,0.12163023326869574,0.28897482627111054,0.18668423753754745,0.08519555499806347,0.039540520867138426,0.04842848954918529,0.04643072785804174,0.037720999829854426,7060047060.0
US,531,test,False,38.942351,-107.350889,2000,2009,2010,2019,10,10,0.010921481231610323,0.10052738899045117,0.05429687249824905,0.24868947074154224,1.0052726228648867,-0.06595075145508854,1.7526663006707455,0.005474952094169176,3.4356444518700138,0.2285974879666776,0.820932923941889,0.017963152705631914,0.01836674512451414,0.054053028625371834,0.2277097578470377,0.38094353581694373,0.15548935270516082,0.04044764538039973,0.021591845815987075,0.019933911823785972,0.024793962130685163,0.021035231161836473,0.017671830862645413,0.1943925982432932,0.9841144030974391,-0.09642001372079327,1.7045546087596375,0.009038619556285949,3.398326281258394,0.1949209854112507,0.10087881457946456,0.016447572673409693,0.019607653885958462,0.055994522506831235,0.19620701995288967,0.316306642008109,0.21451867493001248,0.057882627330028795,0.027882319251955473,0.034524120560884324,0.023657665588154034,0.01958361908991326,0.01738756222185359,7060008710.0
US,533,test,False,38.902254,-105.478234,2000,2009,2010,2019,10,10,0.09073060417608056,0.09724468231892917,0.02104039072573495,0.07136324217767923,0.9944835097896096,0.009035113193039452,0.6884053924858059,0.0,3.078729183835402,0.0950263849174528,0.021576402155364244,0.05358451645708048,0.04860676661212634,0.059041846605243094,0.07154857904565531,0.07350511874106405,0.12747786371961822,0.14440682792140921,0.1315338681382095,0.08522295140612009,0.07556834123151478,0.06792567151982798,0.06157764860213086,0.050322851451944275,0.9951601769762516,0.07420611338091877,1.0344137647179479,0.0,3.371128360398114,0.11136496006849299,0.12118454442091232,0.06154313258740966,0.04373206327851471,0.05096324894147262,0.05728345249974108,0.06512667566466093,0.16612972666861814,0.19504103116100932,0.12634352763958034,0.07109441565373337,0.06002437615752789,0.04922250319961946,0.05349584654811244,7060047060.0
US,536,train,False,38.820602,-106.604289,1980,1989,1990,1999,10,10,0.046424315007389756,0.017166371425664684,0.03370523036864975,0.3797459357380617,1.0023460103293729,0.11310140950201321,1.2357711020353013,0.0,6.40030337836283,0.1650129105136207,0.002089337116871795,0.027616359602279605,0.02474268954739179,0.0285276963183552,0.053810543678430904,0.18001393337452798,0.30624542782524633,0.14912896844798385,0.0706793290727827,0.048236917510548316,0.04301565272905601,0.03667376471212909,0.03130871718126815,0.34604070536941195,0.9998646361111037,0.20574176111613757,1.2889885119330473,0.0,6.109965197053034,0.16739423290784677,0.3642450011051548,0.028212847784375505,0.025106043844501755,0.027866976770473242,0.052350486012047934,0.17359367079171262,0.3097679083368163,0.1581814060996565,0.072873382933611,0.04967447443293625,0.04080321999666776,0.031052384964768157,0.030517198032432972,7060008710.0
US,536,test,False,38.820602,-106.604289,2000,2009,2010,2019,10,10,0.1315869747664058,0.09124972747032792,0.008336297374360008,0.24417167838446155,1.0090277508661536,0.024695204013992583,1.1363484488696003,0.0,4.755140577098704,0.14859848456030134,0.3434958931577558,0.03274500743985506,0.029308697411973773,0.03628752938905071,0.0696360655180157,0.23454479069908243,0.24783024807697507,0.10856602380871487,0.06570300641695338,0.0524136225389806,0.051836930928038503,0.03676167212792604,0.0343664056444339,0.25250797575882156,0.9947278935077319,0.015226618341734242,1.2558153682367943,0.0,5.423889805764561,0.15921447772125127,0.160990063025217,0.032517222494394385,0.028127411141064065,0.03566220864475976,0.0690746972042104,0.15835822816600692,0.3102686218122251,0.13687908987937222,0.06620129408137389,0.04797327159868368,0.04839745529565825,0.034461798493203126,0.03207870118904816,7060008710.0
US,541,train,False,38.45367,-107.333611,1980,1989,1990,1999,10,10,0.07114103382150021,0.015715062303927267,0.08903528928131954,0.46587959991807515,1.00429293969416,0.10108940865083309,1.2060522684090662,0.007938680536545305,43.026268113045866,0.15261453316530274,-0.10507268171965778,0.02514066001102265,0.022594873572929223,0.037791730190044365,0.08154117528802038,0.2069213364806125,0.2675429657566009,0.13184815724190116,0.07356370690355674,0.05037376583469547,0.043904728505998386,0.03173758850421363,0.027039311710404666,0.3768443106367556,0.9764292162002435,0.01300950037056897,1.1759872221718517,0.007119386637458927,40.07167724744829,0.15328067555640573,0.39014662205540884,0.025502854229526247,0.024400650656079256,0.03818542326758916,0.0694236025716069,0.20880853928305124,0.2662483257467915,0.13897224730917287,0.07649494815416465,0.04958370554533102,0.04333803122892296,0.03294845230862414,0.02609321969914017,7060008710.0
US,541,test,False,38.45367,-107.333611,2000,2009,2010,2019,10,10,0.12975481390961366,0.09095238501321709,0.03072679478343937,0.36800955082426423,1.0015072592597134,-0.08853211705597146,1.1108245908308259,0.012866137421297564,30.75155198512638,0.14544483904210814,0.418524520610017,0.029376474498517543,0.026884706602358213,0.04628792571932035,0.09353288985240929,0.24604291457864028,0.22261126217532937,0.10687566365040763,0.07138937605534074,0.04688846606043697,0.045254297045495426,0.03426225176499909,0.03059377199674517,0.33728275604082486,0.9816351980184085,-0.05546669008926581,1.2193525029391026,0.009583789704271631,35.01215468613585,0.15270119657843836,0.20736641751551693,0.026322496724269114,0.0261233081525615,0.042780909734952556,0.09315895810547589,0.1742318204408292,0.2872231749746037,0.13006535980253092,0.07454015211716014,0.046559971080102326,0.03881805983796907,0.031629117843963876,0.028546671185581622,7060008710.0
US,542,train,False,38.451537,-107.53435,1980,1989,1990,1999,10,10,0.0956655686427061,0.11254638401221066,0.0005505150598834052,0.021431478897278186,0.9995034255140707,0.0500457513572013,0.5807729676804216,0.0,47.25659226867336,0.08638638032831795,-0.05751556873544713,0.08031846100563897,0.07827386807305202,0.08527422053990304,0.08020850096007959,0.08644742937246316,0.10819699224042258,0.11943951965460872,0.09000556635066558,0.0722380989695711,0.06761889912866186,0.06064744574201969,0.07133099796291388,0.02088096383739478,1.0000256635847569,0.021343540119397895,0.6923720021892102,0.0,42.945273442882204,0.09595178183757844,0.3629351206365728,0.04938440465194732,0.04259465043619089,0.0657330144557988,0.08251303113439216,0.12591053263990565,0.13025230938868487,0.1384733658454382,0.10229391256275591,0.0877117137773255,0.06954652534018078,0.05091415637533504,0.05467238339204477,7060008710.0
US,542,test,False,38.451537,-107.53435,2000,2009,2010,2019,10,10,0.10050634569067694,0.08233420560793075,0.024320957259858226,0.04311193366735477,1.0000643607882571,0.03684278608009912,0.664848985834187,0.0005474952094169176,33.0148303846749,0.0961896176520023,0.31119905491445754,0.050273523590604996,0.04582624260836145,0.0501490897529979,0.09404830948541136,0.12291077081033336,0.11472583084697692,0.12381980160194175,0.12214382375693372,0.10387430272003262,0.08303329149930865,0.041409561663426804,0.04778545166367048,0.01879097640749654,0.9987455183577582,0.011594939095492581,0.8756018196341171,0.004107338444687842,36.50551013512548,0.10720716174722451,0.16913934066055974,0.04208655800006584,0.03611293029415508,0.04232953979488393,0.0671829853102154,0.14407915117480358,0.1701989739812494,0.12782958246627185,0.11296055562136502,0.09512016231070057,0.08041494665294788,0.03221626148481288,0.0494683529085283,7060008710.0
US,549,test,False,38.230238,-107.540387,2000,2009,2010,2019,10,9,0.2703904970898788,0.10247615462115411,0.04353458867528007,0.1265932506455483,2.33442283514735,0.16445613205561319,1.6206632387200157,0.0,1.0932500018051472,0.2166680876539033,0.18925888022445306,0.01453417405397926,0.012266069046565627,0.01590732533986251,0.03648239766267594,0.30227231745826877,0.31146999908319367,0.1417936218661008,0.05177172533634095,0.03982949392559041,0.03449003887096605,0.021928610786823715,0.01725422656963213,0.17012783932082837,1.7780872844486546,0.11967681158597031,2.044399248123484,-0.02375875723423698,1.432677985494003,0.22463145226597303,-0.1086181942159532,0.012337721743617726,0.011987529043655958,0.014509126549777181,0.04288546388524736,0.21314470577475655,0.3769001487490769,0.17005370266650668,0.050810337707649963,0.03704447182571961,0.03687289680325979,0.01896629675128389,0.014487598499448504,7060008710.0
US,55,train,False,47.323654,-121.340171,1980,1989,1990,1999,10,10,0.13588768468188092,0.06920398505417447,0.001048127977401725,0.2912385396257221,0.9972833406031761,-0.18637907976856222,1.1023336614379051,0.032302217355598135,8.938637330266566,0.10858665330772062,-0.10353263173963394,0.07799723283724043,0.07511221598275454,0.08811606613732892,0.14005737129025095,0.18201006728663643,0.12224655476731444,0.04678585839986192,0.01975637873598228,0.022081828425085548,0.045382733425369325,0.08965738005242048,0.09079631265975482,0.2901904116483204,0.9830428914657785,-0.07486721332655472,1.1769547208144464,0.0208105147864184,10.239684804653395,0.10550144937058714,0.23870902849477343,0.0864785726245186,0.08492203240852736,0.07816600144457857,0.12733548081601512,0.16353690898869466,0.11049215002192582,0.04637255308895571,0.0220794298595157,0.01672924627108576,0.051102446416233724,0.13252744477914602,0.08025773328080281,7060014930.0
US,55,test,False,47.323654,-121.340171,2000,2009,2010,2019,10,10,0.11063562413670225,0.057607118353477864,0.011609415004856294,0.2907503018645895,1.0032271011377991,0.0747973868980237,1.1725977978056037,0.0,8.997640531447253,0.11385384899423161,0.02088926824527961,0.08775017989165768,0.04757205229937924,0.07478030135073953,0.12139133059661483,0.20041996271278226,0.1406680449061319,0.04912591395389967,0.027125389253587148,0.020064342722409007,0.044965209357281315,0.1119089334573504,0.07422833949816701,0.2791408868597332,1.007483181169364,0.046352887057255154,1.0226156809079692,0.0,10.050254965950758,0.10582904278539844,-0.07915831058902717,0.08168270846346898,0.06981685196798074,0.07926920055454977,0.12980296498063393,0.1816241767137414,0.11415554567527988,0.0542511959128412,0.029398413448160465,0.016834835710574675,0.05798406676824458,0.1089070787737884,0.07627296103073589,7060014930.0
US,567,test,False,37.578215,-108.571436,2000,2009,2010,2019,10,10,0.08470676318519667,0.11733344291717622,0.09153766790429108,0.5645647910752323,0.268524394455213,-0.05497543345956685,1.560243649387302,0.0,11.949125127252962,0.20518384735309908,0.5175356900826912,0.015345217879899217,0.015595649412798219,0.05767219115916435,0.20848566170750454,0.3571622214186727,0.1516525230672325,0.049315633469901164,0.03967575913786998,0.0378660604862366,0.038766078729451245,0.015108479273080223,0.013354524258189214,0.6561024589795234,0.26363646552357045,-0.03865613403090722,1.6172427062699448,0.0,10.978637085833451,0.19154300402835128,0.32334895278896186,0.012610542573726798,0.01474480298815723,0.05691149283995005,0.1844954657382453,0.29003303575869427,0.24740648963945075,0.06866289076076042,0.041907978191968606,0.035711823964878465,0.02217830623214559,0.013328971826825863,0.012008199485196418,7060008710.0
US,57,train,False,47.265956,-121.205208,1980,1989,1990,1999,10,10,0.17103750082663816,0.07217875325520923,0.004024961832244767,0.43366761398859066,0.9660829318834206,-0.12652195859382317,1.0879431915485265,0.0544757733369833,7.739894936423111,0.11413194264863477,-0.14291800361283594,0.07989158777282142,0.077010443544078,0.0956645564685197,0.1480095710304094,0.18881485825683872,0.13168130564129343,0.045522362940193524,0.016641455665674487,0.01588701406177017,0.03375544118442089,0.07793581685195566,0.08918558658202468,0.4296426521563459,0.975399009347923,-0.09937534192465751,1.1296932198645295,0.024917853231106242,9.183658128779939,0.10738336809927164,0.28957127139072203,0.08548112084315125,0.08802367468259709,0.08266316392308276,0.1316682106713793,0.17386138586421418,0.11348508579427385,0.0511172082474233,0.016770125701917285,0.017446342882558145,0.04300845253167846,0.11697595038679781,0.07949927847092655,7060014930.0
US,57,test,False,47.265956,-121.205208,2000,2009,2010,2019,10,10,0.11155155174318346,0.058907191022174524,0.05208791109697608,0.3920447207419912,1.0110070628679273,-0.11699045215344524,1.144822625461938,0.0,7.805409044283635,0.11535753597478866,0.04112739105642606,0.09129968066792883,0.05229294262042703,0.08400705315175518,0.12861633141723505,0.20511228813191335,0.1353319813150262,0.03836959802215871,0.01924085134653903,0.029883998514439854,0.038444588250895834,0.10199005544474021,0.07541063111694074,0.3399568096450151,1.0283074077243695,-0.10176957053847396,0.9939934542976976,0.0,8.726536121104973,0.1072083128792644,-0.05738950243028059,0.0825706771523557,0.07532232963699703,0.0842546179955384,0.1375076697127883,0.1854710186979083,0.10963631785768817,0.03787171547631684,0.01679535700458453,0.03517819739478634,0.05857287036821542,0.10009217771727823,0.07672705098554268,7060014930.0
US,572,train,True,37.399487,-108.273317,1980,1989,1990,1999,10,10,0.15410083137957845,0.11771276929165997,0.09854694752808102,0.4042914326696435,0.8314191886046012,-0.004257305834687025,5.086393081574515,0.5734767025089605,0.4697806729562876,0.18247513069656246,0.16070304243016603,0.0003923609509555261,0.001150257052729575,0.010194953379870085,0.19131352407016344,0.2560619215520451,0.17272166783780998,0.10114285239950356,0.1941713526525524,0.04572257112330161,0.014878488618066416,0.01107599977924862,0.0011740505837535534,0.3057444851415625,0.9057462165820032,-0.01277255418019107,1.3465098772536122,0.562157721796276,0.5480501316530946,0.15620083285368197,0.1573560779345129,0.007511840523798512,0.008908307779847411,0.045051869822236204,0.17693803757172616,0.2549485802253702,0.16977931633673066,0.11646824202987072,0.094889762687084,0.07288409926418216,0.025400534445299584,0.015592955462835763,0.011626453851018617,7060008710.0
US,572,test,True,37.399487,-108.273317,2000,2009,2010,2019,10,9,0.04815415598657776,0.09373701952236482,0.08515256034824975,0.33973194382741645,0.9204058967366474,-0.019839713823147427,1.5411749322941624,0.6045733407696597,0.5040395284498903,0.18590727213403574,0.2955728733412553,0.007387391117134204,0.006293203144843114,0.04311701263025922,0.23410968652481545,0.2891939813539511,0.17090183154542743,0.07800372704257379,0.06294901726030816,0.07434139057805327,0.026560500429300193,0.0043799959307652,0.0027622624425688597,0.2545793834791667,0.8929038723073995,0.0,1.4412049431566354,0.32063197026022305,0.4803430511235161,0.19288637206416806,0.26893101987237233,0.0023610658516949688,0.0032613572406131218,0.05076303887846958,0.21409310455853708,0.2901568884557244,0.2031339101866383,0.11988314817926593,0.05899791539901299,0.02858925879047838,0.011419109405761534,0.0035623542167567152,0.01377884883704702,7060008710.0
US,574,train,False,37.382549,-107.659343,1980,1989,1990,1999,10,10,0.11937019992060441,0.05374158077539734,0.017737703619411294,0.33479150399728164,1.006674317329764,-0.03106815358384386,1.5437725842399301,0.0,3.350161542508242,0.2067621481437306,0.1402552291640157,0.010894847208491458,0.009633799789908758,0.018166250991966938,0.07354364181766271,0.24756927699661485,0.3464634707751357,0.10134740559979541,0.06623116277455678,0.05144447964274541,0.0387118627141503,0.022101392515241517,0.013892409173730077,0.35252920761669293,0.9624672328129426,-0.018734032330196628,1.5776725507972247,0.0,2.973198669579504,0.1967150749482851,0.16626847149020388,0.01154148758818792,0.010173379552481696,0.019833249472676645,0.055664905358796354,0.26404033046544806,0.3147698233988852,0.11037735628956954,0.07567874395899318,0.0660105431011688,0.03454266577386992,0.02255078705236639,0.014816727987556417,7060008710.0
US,574,test,False,37.382549,-107.659343,2000,2009,2010,2019,10,10,0.07422721799219092,0.1426615362413129,0.05151661917605266,0.45127797746496184,1.0296794601494914,-0.02891865854967293,1.633515139254015,0.0,2.3911897531907464,0.20424078622695363,0.47089972015513387,0.013694365035369084,0.011689861018154932,0.026961616263211734,0.10022243338866439,0.3642221077400299,0.21619479158269927,0.06025887529594176,0.055256709397492776,0.05175382521158012,0.05959158174002567,0.023750128715697136,0.016403704611133055,0.3997613582889092,0.9698112592134065,-0.018703895669374172,1.6797933233336864,0.0,2.2201257285664395,0.18828179884836418,0.26109203993603225,0.012649896267847358,0.01269438991445652,0.029619834842211746,0.10926181152958798,0.24559216395360725,0.31330665313466555,0.09310642436906326,0.05451372066157978,0.05077511348367663,0.04195747791831146,0.021618514429616365,0.014903999495376062,7060008710.0
US,575,train,False,37.377799,-107.572064,1980,1989,1990,1999,10,10,0.15011177720856625,0.043804252226192025,0.015785302103431986,0.31270564937142453,0.9641828004955616,-0.07433085644112378,1.3482080133638301,0.0035587188612099642,13.01747411946504,0.16058783564121606,0.04749839412595194,0.017968860654717818,0.01559885858568066,0.025809252719114516,0.07477619296659051,0.21268774898956236,0.28324451798237404,0.1138054646446332,0.06639235359040621,0.0813220319256799,0.05240379619120402,0.03063633305733072,0.025354588692706008,0.3284909514748565,0.973101035971925,-0.09195944078670532,1.2725242435531445,0.0,11.202991498424527,0.1640788169204257,0.21311806171673087,0.017680497959470205,0.016270463248268717,0.028908521890618443,0.06811472001275302,0.2399252141315158,0.26979510374391946,0.11526660948491471,0.07772712200027135,0.07070875450422569,0.04500876671555453,0.029733506294584534,0.02086072001390358,7060008710.0
US,575,test,False,37.377799,-107.572064,2000,2009,2010,2019,10,10,0.05538823903144396,0.10048780401617492,0.10695113221141422,0.45194290740492166,0.9995241297992955,-0.17198284508721362,1.3009173124706426,0.0038324664659184233,9.740070291025441,0.16142074076580418,0.46604880329332227,0.021650718170872267,0.01844947289078103,0.0369636142455987,0.09770284456371633,0.2953336689951206,0.20678782066122553,0.08011508721979292,0.06133552576925971,0.05737114662674698,0.0680815731366752,0.03194798645472034,0.02426054126549034,0.34499177519350743,0.9727905894148225,-0.15769190076646777,1.3471361347163902,0.0,9.215253454807373,0.15730121530777932,0.29003610958980586,0.020606643794368128,0.01998935283924814,0.04007550799221499,0.11099849279957842,0.22048898979687262,0.2713975555897121,0.0980457343765358,0.05691300407148403,0.05652731561647841,0.05368086499050384,0.02979743639841095,0.0214791017345926,7060008710.0
US,585,test,False,37.219517,-119.984278,2000,2009,2010,2019,10,10,0.23120086836597592,0.437066643572592,0.06012900405647431,0.3180967080847229,0.9191741681579213,-0.011037148570831127,18.54610644726859,0.6480272495032643,4.291114354647142,0.2881982532944987,-0.6696061897175261,0.09770764635291064,0.10139360206722013,0.11511995129147687,0.09297851637394618,0.029465565575943885,0.01754952220182614,0.010866251489266081,0.006369375601468555,0.004479914812030013,0.49440885270026746,0.003915172507065358,0.025745629026578672,0.3782257121411972,0.7995361424100244,-0.008222373571178925,3.537478289677834,0.5869505114735969,3.405342722221432,0.17739522019363416,0.7413840113628702,0.17367868885504023,0.269920067547176,0.23414818921162875,0.09720003271808614,0.04007956749294315,0.019383105155414665,0.013170527996133746,0.014137719142635261,0.008698846396751529,0.05734220912767544,0.006352488112806409,0.06588855824370866,7060013550.0
US,592,test,False,37.110637,-119.881035,2000,2009,2010,2019,10,10,0.2420381447622817,0.16456597669382148,0.20382557183199335,0.5038349664652603,0.8707766940988068,-0.02878835836660323,3.135653101120722,0.48064424978807574,2.6689029070329355,0.14033360113974055,0.7400305852273584,0.12267631506590725,0.15145054169277994,0.22537613319056105,0.18265798186300122,0.09673610440969956,0.03792993874244672,0.020018499704314976,0.019963599434826694,0.00871189249799267,0.06286100638760159,0.03521505601658822,0.036402930994280165,0.3000093946332669,0.8722987169241982,-0.013886998622829478,2.796350685886344,0.47520088667220833,3.3997627048356693,0.16035438127626991,0.3279727378008321,0.16897800354049292,0.22490128116137198,0.23165973448557403,0.12728099100432813,0.07107054557116917,0.04057241736186348,0.017460796452581574,0.01205393088799111,0.02303098223448057,0.01147883999719448,0.013541167208946327,0.05797131009400633,7060013550.0
US,595,test,False,37.002085,-119.702082,2000,2009,2010,2019,10,10,0.09870905251404571,0.0610061213925141,0.091867652077079,0.1992841916893307,0.9817031940171475,-0.17520147661353652,1.008631170047626,0.0,62.115153804735925,0.11750433619134674,0.3520050859751718,0.04853568567566591,0.052633663742123006,0.08508341118867364,0.11069344365480951,0.20107390474366002,0.1741818327406842,0.10382985180089148,0.07254068529096869,0.0526361088998981,0.038527396522162076,0.029017488235235464,0.031246527505227856,0.1074165396122517,0.9891668530638704,0.005621897318914448,1.2012485206672268,0.0,68.55929795027937,0.11507890857987813,0.25379415356053914,0.0502815970426534,0.06645789716004753,0.08386495693541383,0.11484514533874876,0.15533485017074122,0.20026481278912842,0.11529542318368988,0.0684699414733384,0.05388224002764882,0.028549527773456845,0.029399220800826614,0.03335438730430618,7060013550.0
US,597,train,False,36.939635,-111.485228,1980,1989,1990,1999,10,10,0.21006350806877772,0.03660834552145345,0.1557559138040659,0.2852379244914313,0.9689977253711418,0.13094976435542593,0.9564028519934036,0.0,528.3220020074824,0.11799337237019997,-0.11008412391160657,0.04476397335411819,0.0504036547897371,0.06613364646942767,0.09558828976034085,0.18565916392213405,0.20591043653382143,0.10342800754316736,0.05299252996972742,0.04370271457072928,0.05283346065489479,0.05062245339965391,0.04796166903224788,0.4409938382954972,0.9122690782646306,0.25462641613373116,0.971869611744018,0.0,428.2222951921322,0.12606012682603324,0.4930655125416812,0.04359981280428827,0.04282679462911938,0.06302809745859317,0.08519122478825263,0.19771630513909366,0.22327804594176465,0.10146059781308837,0.05164505637560299,0.05088630946727994,0.04914766119725954,0.049016892126635854,0.04220320225902156,7060008710.0
US,597,test,False,36.939635,-111.485228,2000,2009,2010,2019,10,10,0.1415098815063266,0.09998188011289291,0.02585247540793273,0.47834131386878714,1.0480886977841386,0.3619874085920725,0.961386955395382,0.0,314.0283721712748,0.1217991392562819,0.5313603061073099,0.047361483091424565,0.048171496265047874,0.06425116243808165,0.09450287029259483,0.21568601479940422,0.1964545426457128,0.06944512722962987,0.046158607894682784,0.05235911419631205,0.06681574822823795,0.0527519803964648,0.04604185252240663,0.5041937892767199,0.9825941808215481,0.3152537333829298,1.0447539068200313,0.0,361.7644178532311,0.12846244550238375,0.07371754571470768,0.040934635951113844,0.04399345887167435,0.05865427771978353,0.08228493426043543,0.16845732667271815,0.24871435710366074,0.10956393909773723,0.05376186168152034,0.05110948295130741,0.05644639385328817,0.04473447929487167,0.041344852541889056,7060008710.0
US,60,train,False,46.86875,-121.302083,1980,1989,1990,1999,10,10,0.09896713730913534,0.0750604702992245,0.01361202681871801,0.13458598700415925,0.9959169628988384,0.06719892828244436,1.1161289532453682,0.0,7.63628249907759,0.12713857532457898,-0.26663103969809493,0.06341940990709306,0.0669531901051149,0.07399980315533018,0.10736520242370536,0.21682107740432052,0.19706763917378525,0.06473527186494289,0.022789341064499077,0.020905270401627533,0.026462381320687095,0.059525453899140796,0.07995595927975326,0.12097396018544124,0.998746978620707,0.04088635690294057,1.127083592296349,0.0,8.43068510159214,0.11348406561465606,0.46214682893767933,0.0685802872680461,0.08366661946621433,0.0668942771339761,0.10353920806204242,0.19326342217747128,0.1690986311279093,0.0842132998427602,0.03026804656194526,0.019696107968426357,0.031136584022271145,0.08108068129946529,0.06856283506947215,7060014930.0
US,60,test,False,46.86875,-121.302083,2000,2009,2010,2019,10,10,0.1397583586007589,0.07252713764947344,0.06252903204189086,0.2651339195738726,0.9952164891052565,0.2205818582550476,1.1892356473479915,0.0,7.372244237117,0.12867132560047145,0.1059330718638606,0.08348776551575034,0.048576645888456275,0.06242024947537327,0.09795786839382159,0.2209036548236054,0.1987111657505567,0.06487260440940609,0.026640856315442073,0.01999556435033232,0.025075347536188182,0.08471779698836299,0.0666404805527049,0.20260488753198175,1.0049392552453842,0.25531911329005136,0.992025827448872,0.0,8.478050489209803,0.1136979980611836,-0.0737365947670794,0.06730033832987355,0.06566993352502254,0.07183948425399807,0.10576799674838569,0.20170964366739466,0.16175687354064647,0.07155981408088334,0.02644944921796625,0.020142941565472923,0.04466022743053863,0.08956392902925356,0.07357936861056413,7060014930.0
US,600,test,False,36.831978,-119.321848,2000,2009,2010,2019,10,10,0.1375971120836367,0.08583071346225422,0.0026499535179002054,0.2914841171161893,0.9854995592726085,-0.11584832884950155,1.2744097431755645,0.0,57.845748832847036,0.1493503315634606,0.35399718452005935,0.05586639760596979,0.048364139374340094,0.07949980830679212,0.13085271441339036,0.26160561536955806,0.19958742397062823,0.09178295013896573,0.03790432485299124,0.02135631801009543,0.018133568371424148,0.024872063966735955,0.030174675619108773,0.29413407063408953,0.970119358392357,-0.08389380787539102,1.3646481226461635,0.0,66.37875676042809,0.13363881824722074,0.2726127533153754,0.05214227389437316,0.06032949082790514,0.08063061685055498,0.12844241599756814,0.18690384860024645,0.2254779890697533,0.11628464655934684,0.04654984847083513,0.024261436883722846,0.02287569521740809,0.019877539401212216,0.036224198227073734,7060013550.0
US,601,train,False,36.801492,-107.609481,1980,1989,1990,1999,10,10,0.18289011063461694,0.06410099864748295,0.04833027785509186,0.2461852990799549,0.8763036005536423,0.17704145000905558,1.0390603739554203,0.0,47.92036930466125,0.13135415697998615,0.19187922539268393,0.021131701228581504,0.02923548379417224,0.08350352712574484,0.1532354713898787,0.2060027122145813,0.19962796539672142,0.08013830816564431,0.055264484026590406,0.05035481258706928,0.05509301590190064,0.038592977045048014,0.027819541124067176,0.29451557693504676,0.7890583449320354,0.1762684897307028,1.0726048921898041,0.0,39.91094311532692,0.1336643218103431,0.06449328077555416,0.01756855951193351,0.02793530926702631,0.09467413543559335,0.12703844562617247,0.21031272566784195,0.20736382377643192,0.08693827481098142,0.07761302903306784,0.06209081943991799,0.039937788480992914,0.02828520801826037,0.02024188093177969,7060008710.0
US,601,test,False,36.801492,-107.609481,2000,2009,2010,2019,10,10,0.07745256499404292,0.0799537267455567,0.05064323266140436,0.3470926370857538,0.760275414529583,0.18585282664613295,1.2104541953791959,0.0,29.596805705157955,0.14092040691152657,0.6502319001929352,0.02531457096810424,0.03639790973147029,0.09413611940038709,0.15853576958757934,0.2587672409440101,0.15830985389222457,0.05410004231396991,0.04992670854326091,0.048494004278709146,0.05977709163651276,0.030477255782805426,0.025763432920966427,0.39773586974715813,0.6613152620028266,0.12142286587560583,1.2047163561558183,0.0,27.3909830960006,0.13786610083163223,0.30419121049723497,0.023307832148423635,0.032936827528592304,0.09631420752123693,0.1579006741341994,0.20924762722336188,0.21065476376519465,0.07132292169471312,0.052681177868168456,0.05394738432479509,0.04441021884485908,0.02545228159000296,0.021824083356452556,7060008710.0
US,605,test,False,36.418267,-119.001457,2000,2009,2010,2019,9,10,0.1478973464654906,0.12402075263937878,0.02058723389310324,0.2780292342899207,0.9777230776277857,-0.059619538335079145,1.3945946911493212,-0.00030873726458783575,15.055467134871577,0.1665267481506447,0.2808050971685125,0.05795911314387004,0.06045829331944074,0.1153600025688269,0.1625841479029122,0.29189596893226194,0.17229779663025194,0.056396951797203436,0.016475444202981856,0.0069746159922050716,0.008648376484324594,0.027417610636282546,0.02353167838943869,0.29861646818302395,0.9585476910686421,-0.03712452786923166,1.9969300207042908,-0.00027472527472527483,17.45521637202381,0.13154239422156677,0.13023671167453374,0.06388900978671685,0.08291521695615899,0.11162685854247274,0.15553282425223564,0.19349013213413177,0.19260873477089774,0.07510666468330243,0.02025010822386118,0.03874201812529738,0.015011482790551757,0.012587162472064673,0.03823978726230884,7060013550.0
US,609,test,False,36.062301,-118.92174,2000,2009,2010,2019,10,10,0.28541658730617786,0.12135523206336803,0.11782547623391412,0.3371005389510387,0.9476579405152398,-0.008750433374277364,1.6552548764206074,0.01026352288488211,3.875274730165431,0.1395117974750434,0.2478756515213366,0.10865547342251947,0.10851274272489007,0.1775276120048269,0.1975817779410403,0.18450354122265294,0.07536597341474686,0.027968515049518472,0.010688932618786983,0.003461321816806603,0.009304336785730826,0.04595895441384986,0.05047081858463067,0.21927506271712457,0.9603795825323784,0.005431261158178364,2.0184172165978365,0.0022111663902708682,5.155340386797227,0.1347815284105147,0.2780300884686886,0.12931083324837625,0.15627576865934836,0.19028117435845748,0.1657622761396406,0.12690283539511488,0.08328997780293207,0.027819136089855367,0.01255894602295153,0.008575771622673945,0.010200795561762982,0.014173308939082682,0.07484917615980378,7060013550.0
US,612,test,False,35.648325,-118.481266,2000,2009,2010,2019,10,10,0.20631731248148283,0.09086129282148486,0.044315221944008665,0.15165026134709483,0.9406399400377489,0.06689315757683946,1.5692873822112205,0.0,22.488598054372325,0.1455860439691526,0.4905711394269214,0.05206890780552933,0.05060990341894479,0.08977274486043836,0.13473017344408247,0.2694961868666617,0.17544587401759246,0.0771599995402322,0.03754745542507807,0.02290342058176634,0.02256437770926803,0.035227283484609406,0.03247367284579673,0.10733503940308617,0.9355185214362766,0.013457924492715797,1.4861885637256471,0.0,27.64170657974398,0.1274378774854091,0.2819176310528148,0.06315472472539338,0.06765012281091114,0.08949556162117696,0.14863759346937072,0.19327020951925092,0.19174715674137918,0.10021112769538669,0.04198657584235716,0.02372032321287066,0.022889193232456126,0.02086915124979674,0.03636825987965025,7060013550.0
US,63,train,False,46.654792,-121.128322,1980,1989,1990,1999,10,10,0.11358045822020597,0.05753834252789011,0.024633118732821924,0.30441039329100594,0.9814779622278116,-0.32599868175028923,0.846288821543631,0.11415275116342732,13.547677482275835,0.10618579101910619,-0.27314506572120467,0.06285044120557083,0.06807671748491528,0.08397785536085885,0.10748138917165755,0.1733482439328859,0.16776575608156036,0.08979299868622317,0.052925729484394696,0.042955259051884194,0.034852734888406796,0.04923872028305755,0.06673415436858482,0.32904351202382787,0.9902781989408588,-0.27148088599256415,0.8825025632650957,0.04737130339539978,15.177219511921203,0.09911223580057299,0.4909423823408074,0.0693698931367749,0.08437477488753996,0.07083574368861402,0.09824216263364625,0.16117619907686384,0.1475790458487205,0.09618856351171237,0.050820217104287795,0.042635714964017024,0.04244049037701203,0.06997623316302451,0.06636096160778683,7060014930.0
US,63,test,False,46.654792,-121.128322,2000,2009,2010,2019,10,10,0.16645324313666257,0.060046030552387816,0.08999614446505,0.3599866442466242,1.0099280930667902,-0.26746628976017467,0.8878963046953716,0.0,13.062082215292573,0.10786588126377401,0.08794226949973229,0.0763045582992492,0.05492802700008801,0.06802547315081388,0.09996865461950392,0.1821834091642254,0.17078383716772255,0.08586006728370017,0.046470378822156454,0.042120622533524214,0.03710253051260826,0.07455821906008409,0.06169422238632389,0.2699904997815742,1.001416817126566,-0.2591239823848871,0.7596273052689779,0.0,15.427733845937109,0.09827396071717914,-0.026322675353678455,0.06834108821688006,0.06804773733553128,0.07728888882801244,0.10437812715223002,0.16428733580602095,0.14217033575182694,0.09009309097471248,0.050680500205285896,0.04652202265155594,0.049898914514162444,0.06898523336416545,0.06930672519961613,7060014930.0
US,7308,test,False,34.025484,-82.600552,2000,2009,2010,2019,10,10,0.3797232626718053,0.0712401639902245,0.029217595124271314,0.1206408950731354,0.9818066130975722,-0.17393461485074266,0.6892331097270148,0.07966055297016152,130.3010713888955,0.08572928735279293,0.2645467683495373,0.07331106550218866,0.06870037010889551,0.07632506572328926,0.05951942311305869,0.07550624833259609,0.09161348727899864,0.10752495750521378,0.0982099262343651,0.10513376400266254,0.0851805000999152,0.07628257490716989,0.08269261719164667,0.1498584901974067,0.9880345668570696,-0.2545033046936254,0.5802170636093785,0.0755750273822563,190.4845272049661,0.08637869960207763,0.17156925763040146,0.1118550855378836,0.07958983383500437,0.06420812423644966,0.06308865947489299,0.057881915942968314,0.07906087647906163,0.10039371000390793,0.09671038021716216,0.08933409414824346,0.08066468415902295,0.07842123659922944,0.09879139936617351,7060043500.0
US,7311,train,False,37.275927,-95.786274,1980,1989,1990,1999,10,10,0.012735690779385831,0.1418858335042366,0.015098903801406494,0.4474633442800421,0.9521401130346037,0.016163928005500705,4.056050710336622,-0.026006022447303587,14.349338019059182,0.10860876868729939,0.796990969587322,0.02862644468509673,0.07931822173980987,0.13420282754521623,0.12591593921231578,0.15497048871432542,0.1266549017950223,0.02656452696078425,0.02731498134227666,0.051776700624698795,0.12963113622049405,0.06092472168185423,0.054099109478105645,0.4625622480814486,0.9632334439154656,0.009770694580843843,3.1258380306277447,-0.1278751369112815,14.533255422639174,0.11100962859996791,0.18182359166190998,0.040452356944729144,0.06246672095559792,0.12148195437543721,0.14807137001474077,0.1495987192885748,0.1559628317476269,0.04461380785996899,0.0220731678785143,0.02612346649139346,0.05358449369306672,0.10567422652924297,0.06989688422110678,7060047060.0
US,7313,train,False,46.648333,-111.727374,1980,1989,1990,1999,10,10,0.016795091542185142,0.040630725158858086,0.02589408935582005,0.1374545475084566,1.005712246827166,0.15012767313362205,0.7271757656173921,0.0,151.30055322833724,0.10046498064382085,-0.45299160294512253,0.058078216582111306,0.05728557323426636,0.07039593601594718,0.08756579006092104,0.1445311414782707,0.17960909913196416,0.08294436649711719,0.04448736164224815,0.05932248573795031,0.07708985735111254,0.07641088811275305,0.062279284155338024,0.16334863686427664,0.9940190882910276,0.14929292454699172,0.8042434022879195,0.0,153.86311889663398,0.10801456976465942,0.47288899698271747,0.05589978713464857,0.05464667009966538,0.06776448359572841,0.08340552961518291,0.14364035868740652,0.20820424927871484,0.09260525084876588,0.04686205230270693,0.04902151348141357,0.06771183213701289,0.07326364564823741,0.056974627170516844,7060047060.0
US,7313,test,False,46.648333,-111.727374,2000,2009,2010,2019,10,9,0.26716559064649253,0.05583824104602891,0.017691802615917768,0.20520852725963826,0.9978945476022505,0.3253599624368361,0.6950788343308575,0.0,108.95801294814268,0.10266773736836539,0.2515432771990054,0.06822010879993383,0.06582157789059663,0.0799025895989971,0.09227130723526786,0.1431580073412649,0.18714630806782565,0.06832998230406712,0.03585005069149042,0.046043054405072864,0.06902122485503687,0.07564025243870509,0.06859553637174169,0.1875167246437205,1.001452177632477,0.2439238491863416,0.8563315140941108,0.0,142.32713795366465,0.11192389256603835,-0.0617043958149242,0.06116207827640025,0.05785420412183828,0.07451392021447673,0.09105714686227107,0.16540060465250306,0.20634825831491135,0.08252716332111616,0.03604656316214633,0.04255578668454722,0.060822003561472764,0.06459477478182193,0.05711749604649469,7060047060.0
US,7318,train,False,36.29222,-85.944131,1980,1989,1990,1999,10,10,0.19646777087752398,0.08838579536439375,0.002249597130140256,0.009482138580244128,1.0004304124306604,0.004538690295254893,0.731501112242488,0.0,321.0636193566285,0.08780293631001823,-0.22078325783359481,0.10850758890696371,0.09240157626872017,0.10616440231101425,0.08979432258084495,0.08971658753646249,0.09635450631368028,0.08076187329486118,0.07450274375063096,0.0571254731820937,0.04565962980122501,0.060008547087315706,0.09900274896618762,0.007232541450103872,1.0000271899616804,-0.004024325493206773,0.7073015402430136,0.0,390.7652771430187,0.09464357788293899,-0.12975836962209564,0.11725611977258585,0.11108282297089989,0.14225488556736596,0.11465985712108516,0.08471413172153272,0.08092952375648502,0.0608184451127107,0.061845031782460855,0.0472135168248211,0.044369020138968776,0.04966312144327145,0.08519352378781259,7060047060.0
US,7318,test,False,36.29222,-85.944131,2000,2009,2010,2019,10,10,0.3014800868433598,0.09838435948630993,0.0014272464761127777,0.009990941399178617,0.9998464458244897,-0.0030309732918615793,0.7615813945106766,0.0,306.7771450939591,0.09245654801208715,-0.10809888385089683,0.10291945085220648,0.10543710712965179,0.11973251493352616,0.13175133617910528,0.10643176476909413,0.06459128811915216,0.06099390769243038,0.0724619319531994,0.05590701965470382,0.048106827467512596,0.05043575687511397,0.08123109437430381,0.011418187875291395,0.9999767548097795,-9.80281764032554e-05,0.7426145345695488,0.0,414.7191976665159,0.09819473102245771,0.12395263645740105,0.1216743877807542,0.12461864001526696,0.14322096831886602,0.10132713104133627,0.09166854140022969,0.05548822475093999,0.06636060508407957,0.05347825643122708,0.04121189124782512,0.04058166175760791,0.0475458589024054,0.1128238332694618,7060047060.0
US,753,train,False,47.50613,-101.432292,1980,1989,1990,1999,10,10,0.10173026538558334,0.0450203929290161,0.035316677920449874,0.17427081067419065,0.9770814130868407,0.1328233166008785,0.5027576820838915,0.0,592.1410764271375,0.09119656342189213,-0.19964921866365093,0.06555330392767779,0.07167794653462574,0.10227692625395471,0.07571599538209123,0.09894278033310068,0.14851676348527573,0.11057307219504588,0.06934486705716349,0.0615950417975688,0.07358677588087112,0.06319368137105158,0.05902284578157321,0.13895413275374077,0.9105544959891098,-0.0021596356530806703,0.616111231947644,0.0,655.5503924842452,0.09710246513479119,0.39517072962326627,0.05514467646203156,0.06432411996988344,0.09719930495272226,0.07099287595517668,0.10537485975158992,0.16882863684819122,0.12778282766925278,0.07041155173056816,0.05975164521385568,0.06803528226793247,0.0613065231475868,0.05084769603120938,7060047060.0
US,753,test,False,47.50613,-101.432292,2000,2009,2010,2019,10,10,0.4626151809929313,0.06468286466874956,0.09002097389019384,0.24117939745746328,0.9439444965561102,0.1345145733906928,0.5956438032176127,0.0,474.70296382834044,0.09838797351846866,0.10118538114762932,0.06374498939616423,0.06152417213999359,0.09394621144237661,0.0766562110320133,0.11336764804084631,0.17986551845894838,0.11380038280758166,0.062370575957116765,0.05758603170052225,0.06217421225183365,0.05863675001397639,0.05632729675862707,0.15115842356726944,0.9434401600781777,0.04917111659762991,0.8220608268122673,0.0,753.9337128208882,0.10571233066696135,-0.08951050257959627,0.04610217833337344,0.050273375274478053,0.08459719828039075,0.08609497184401067,0.12562452298606347,0.19509681849763286,0.12553024984331798,0.06986610071768591,0.06611656877706723,0.05630649480732525,0.04947290738366358,0.04491861325499078,7060047060.0
US,758,train,False,47.428657,-94.053087,1980,1989,1990,1999,10,10,0.06392512032981265,0.0252376401695716,0.12282177495933538,0.3216319873704798,0.6994676223504814,-0.2081225309067403,0.6538382336839933,0.0,18.467966842678443,0.08344692308547333,0.004589437082880522,0.08257355701919496,0.07673953788440403,0.08195959153395689,0.0868440929054896,0.08306346156099376,0.08477020218210553,0.08542877389783103,0.08249067576114331,0.08543206333171742,0.0867278210948757,0.07820881897950763,0.08576140384878013,0.19881021241114444,0.7065222646867698,-0.17690570443204753,0.673129511438636,0.0,17.32434242207962,0.08378266796996653,-0.029497953529286542,0.08389823725413786,0.07849523642486142,0.07682685875729965,0.08240625801594027,0.08888669397466184,0.09109766130585428,0.09540300753684096,0.07772954995430517,0.07878429088470947,0.08676015731262017,0.074489909984277,0.08522213859449175,7060047060.0
US,768,train,False,47.251326,-93.588285,1980,1989,1990,1999,10,10,0.304593637337424,0.10949723203202849,0.04980699654990761,0.21365432451167746,0.7220143872968805,0.002924328924243681,0.8868983280856775,0.0,14.21408731489306,0.08507034601026954,0.7321477175722864,0.07422378813691283,0.062145110383503045,0.07737945425713617,0.07679227495853752,0.09365286282128996,0.0897703788706689,0.09224577671039334,0.06764791973707553,0.08349361233316298,0.09129612448583511,0.10762059566497406,0.08373210164051052,0.16384732796176985,1.1851332173077747,-0.09108053925679317,0.9180450241764552,0.0,10.48179455007778,0.08940565531092977,0.36279593774660307,0.05236016752645297,0.05576993524277128,0.06403716409280132,0.09011725373176632,0.11648885685895326,0.1126727556107315,0.08666250703362607,0.08001480415661572,0.11534642572255945,0.09751030915797232,0.06752873796853945,0.06149108289721045,7060047060.0
US,777,test,False,46.96493,-98.751547,2000,2009,2010,2019,10,8,0.08973296764093872,0.22578419173028436,0.06469770348882348,0.2140993852279181,0.8539535281818578,-0.03269558879061272,2.8367368119788163,0.15651932165693636,3.853985751420748,0.10533293887669401,-0.6988306154096225,0.05641364822413509,0.011361018377081193,0.08683671986324244,0.19664871028795933,0.07104168273155216,0.11937069178274633,0.10637415178813737,0.08837816373625726,0.06614239356619829,0.06686269651940409,0.06827484272930036,0.06229528039398609,0.2787970887167416,0.8925732075600478,-0.05654394392323602,2.412451200459014,0.11643127798828798,3.523218453546906,0.14058610539273572,-0.7201623042018073,0.016560395828355397,0.018503633818429503,0.05806250538970124,0.23923235879509827,0.1462234754923431,0.09258392806323545,0.14277895566359794,0.15284949488180288,0.05968561059370458,0.03834520698822673,0.020123353395707488,0.015051081089797507,7060047060.0
US,780,train,False,46.932526,-98.709425,1980,1989,1990,1999,10,10,0.9806608331202402,0.14585889889606476,0.029274245562714074,0.5250318077288993,0.6841731011255603,0.0,3.0227872089087846,0.44862918859041817,1.7177953748989132,0.18000181321545458,-0.28619631839838844,0.008983558483316965,0.012466489584859387,0.19648505343903466,0.32177814525845516,0.139911688651365,0.08840385254582338,0.056777233729498555,0.0434382597268338,0.040047309833825394,0.05056263224653815,0.027996897548525152,0.013148878951924457,0.4957575621661853,0.8639969042946969,0.0,2.8261194960529283,0.38943248532289626,4.580016235599376,0.22011815320452682,1.1632252414759836,0.005496706931608162,0.006789443678346331,0.12647475216754273,0.40359999030653976,0.14701059152776605,0.06625655397916866,0.06323349301153099,0.09392015141638053,0.036405294105177934,0.02528487560716,0.017291754541734528,0.008236392727044468,7060047060.0
US,780,test,False,46.932526,-98.709425,2000,2009,2010,2019,10,9,0.37141359133521507,0.11383278708823615,0.0012975078143438457,0.4442817632653581,0.8230519378286179,-0.018930265789709168,3.8263700640113405,0.3848891322200931,3.8562585866958097,0.21824398247469587,0.03288394883809608,0.007779117609219836,0.0072321116605500325,0.04702903668506707,0.4084590505568367,0.14532436753864134,0.08953048987895999,0.10686213286648567,0.06290888150925611,0.046582095070042205,0.03619571352132225,0.03111365842965843,0.010983344673960383,0.44557927107970197,0.8583959475483618,-0.030550536738787226,3.089980728371507,0.2658959537572254,5.590736472500364,0.17406834014694686,-1.5003288038672529,0.0070502126036876365,0.007183587650705531,0.055363978349923404,0.31433361919530256,0.19644299250071776,0.09730793703652853,0.09342298293511114,0.10218793990408918,0.048277063651536244,0.04182345984873,0.025965983898887466,0.010640242424780578,7060047060.0
US,784,test,False,46.867223,-102.828566,2000,2009,2010,2019,10,9,0.49586980018512133,0.31774788609412785,0.09726106734020021,0.31294276966074225,0.7676449952792106,0.0,5.079735057752598,0.5188945290468133,0.7259887578146528,0.23578222679120656,0.1304700133675807,0.013504888150924151,0.021645145260928745,0.420657539264795,0.1774601613992393,0.04318817996465892,0.11470464243900155,0.09172149872241685,0.03724786074214095,0.0294227927997576,0.0256251876981527,0.016499359070427377,0.008322744487556785,0.21568170232054204,0.7753535193409892,-0.009703723437453843,3.56046258674527,0.5164290142591444,1.192019646897755,0.12979856083890146,-0.827959946758997,0.037044917253945354,0.04586412271908405,0.1877393786218409,0.1952316954553628,0.15005069651840933,0.08508308317026747,0.03651333253997715,0.07291902168784246,0.04410849394074704,0.11935063858436014,0.016644496134388304,0.009450123373774986,7060047060.0
US,789,train,False,46.783615,-93.321528,1980,1989,1990,1999,10,10,0.042310534672277564,0.04112447745047476,0.1376875835992175,0.19184004240450772,0.7203964513996931,-0.12492540258016331,0.6025660749765698,0.0,14.632332273870594,0.08387348939638142,-0.020466247135061583,0.0814908581674167,0.07612110615868556,0.08563221159787365,0.08261826911204766,0.08496375715344444,0.07677888511926073,0.08606006971221276,0.09901168521051104,0.08975622389552174,0.07742826001466699,0.08649791873867022,0.0736407551196885,0.054152458805290196,0.8778394283281307,-0.08076167782032191,0.6491035603574169,0.0,14.026144956029652,0.08392245728077,-0.04447203764364636,0.08236534078480373,0.08011904188239785,0.0710084545612578,0.09209545828817724,0.09006577893109641,0.08128043469934985,0.0918725935177074,0.09471321213794938,0.07505372822130331,0.0805477831759463,0.0789981670715915,0.08188000672841944,7060047060.0
US,798,train,False,46.596531,-101.812192,1980,1989,1990,1999,10,9,0.08801034909031946,0.16336246384998204,0.008394743495006768,0.2181445176454499,0.8963043860138686,-0.05250443457679845,3.684538270550208,0.11813875731401505,3.8079323193337133,0.1623102986841998,-0.4756849841903386,0.018161652965564982,0.09087138121748997,0.2825373878248999,0.2095671742302754,0.08985141269946595,0.1259089349536008,0.04695083293819374,0.030860523972735008,0.024936663530932126,0.03343038796465901,0.028640519852002767,0.01828312785018044,0.20974977415044313,0.8218071676760573,-0.03705302868762485,4.157057819138835,0.23743447425223557,3.4871193505562723,0.18935457900719396,1.2102044563323755,0.013400517489787118,0.0626763732438603,0.3685872338442283,0.13944334838432054,0.09169991083243495,0.08864515010524951,0.08565948516080335,0.06761599144780994,0.02201496068700631,0.026048000883082914,0.020351773771902174,0.013857254149514565,7060047060.0
US,798,test,False,46.596531,-101.812192,2000,2009,2010,2019,10,9,0.30597557870060776,0.27004764498478995,0.16170633040474303,0.3916034615304203,0.7405469521851392,-0.0860804357620851,5.365690697540188,0.28233351678591084,3.2876227622984437,0.2119256402243588,0.1496220718668508,0.016755101287281842,0.016188901461122986,0.37438609007662704,0.2188747978307833,0.046082091563673294,0.09644085057672218,0.0843758884062438,0.044460056143368475,0.03539719593238651,0.025322286169346654,0.024532459893151122,0.017184280659292814,0.22989713112567728,0.9016300181513486,-0.07451035006481234,2.88010339375181,0.1163003663003663,4.464424513426436,0.13871069840011557,-0.8906620499370316,0.029415942978553145,0.0437885901355663,0.15515158718046437,0.24705667773333329,0.1355977157543312,0.13916394675695815,0.03777873995082656,0.07997230021989897,0.031181202299176536,0.057380939615498464,0.02571182249286871,0.017800534882524397,7060047060.0
US,836,train,False,45.767747,-96.639471,1980,1989,1990,1999,10,10,0.1863300073155016,0.10579149661799413,0.2568246408756707,0.787906559518037,0.20063427036415896,-0.03568782747547113,1.4771869135925266,0.6142857142857143,10.324598779604916,0.11250260172413004,0.17994927152353102,0.016272517230436198,0.020897234632789224,0.10963761858843288,0.19290248329156146,0.11830027372437521,0.12607253459902482,0.09331474367921362,0.0650422334900988,0.07629457301721156,0.0958702371439904,0.06597652612631984,0.019419024476546042,0.5310819186423663,0.48142953417485435,-0.043836938891320676,1.9460193769444198,0.5646445237441668,12.439280976071178,0.12401247946725516,0.2856132460625339,0.013206158384223026,0.018266254120845416,0.1459438490427507,0.22304517575201174,0.09617946380770728,0.09832425318506079,0.12544017660884313,0.07225937426369523,0.05508286932227502,0.0767962947277348,0.05775620804406526,0.017699922740787473,7060022240.0
US,837,train,False,45.751107,-102.203155,1980,1989,1990,1999,10,10,0.4634024533025021,0.10589147676274172,0.08158945126923908,0.27041759724420017,0.8236268897081455,0.0007487016410924833,2.351586355751093,0.0017064846416382253,2.671291059388631,0.15041443240494992,-0.08621632073097596,0.02219521862663208,0.06983436611898816,0.2398396842907883,0.17285280811981382,0.20912712728697247,0.08080312839713166,0.04221921309432673,0.04125194297663806,0.02819561517051581,0.04109965616219398,0.030147109853654513,0.022434129902344273,0.1888281459749611,0.904830786539308,0.01318905526471271,3.0107085022240825,0.009171762090050026,4.245944753133902,0.15826595268294383,0.774606738176855,0.013500819352429992,0.06262142826877373,0.27303990439294334,0.16486267734098256,0.1737519161412844,0.09511036823255839,0.10060322991948674,0.03877673251960246,0.0190794811650511,0.025862434012731576,0.017056158658623748,0.01573484999553191,7060047060.0
US,837,test,False,45.751107,-102.203155,2000,2009,2010,2019,8,8,0.12726661180856386,0.3502367700184991,0.43913597923998393,0.5838143499999547,0.7974310232142765,0.12275119418947324,6.624278253011373,0.0,3.937741731896338,0.2690634531855847,1.052000516939233,0.009993159528942808,0.03102636197135046,0.3809225768654484,0.33616912250221237,0.061740927900776704,0.04634438816293992,0.04865611108672207,0.023272244324414697,0.014928392121366912,0.01654937608486265,0.020756073081133152,0.009641266369829815,0.1446783707599708,0.8760504755510014,0.0009782720415880799,2.5591695907534526,0.0,4.472171148730626,0.1282758714371828,-1.0290360990188376,0.02078630227366046,0.04795588149588845,0.22941407491544502,0.13744085443371665,0.14190786003297245,0.13335833382027812,0.06640616129798216,0.04169027292217845,0.06166284485358395,0.06982341160929001,0.029659131682022558,0.019894870662981814,7060047060.0
US,868,test,False,44.735438,-103.677318,2000,2009,2010,2019,10,9,0.019527555132187138,0.13552271642995511,0.2114408407002788,0.8731623129809849,0.8359445226746032,-0.198974703065228,0.962589094979188,0.6403484124754144,4.965141220369777,0.09277067650917983,0.18237397682397624,0.0734662418115184,0.07282055592567882,0.11401727545856322,0.10374099079152571,0.14508242615953795,0.09713322071072274,0.050172766503378846,0.048743762904851044,0.04758918583924194,0.0695485200370441,0.0935154215034466,0.08416963235449065,0.6617214722807061,0.8277156047247092,-0.08807230466970124,1.1008793646755708,0.5368453105968332,5.063051148776597,0.09254378179780341,0.0014530301131154312,0.04632813174849966,0.04792225753163313,0.10813256128783323,0.12978181972990493,0.11558015386778762,0.10356215277020901,0.07375190665229477,0.06532799555610797,0.06871029963271606,0.11131698887548676,0.07630766538655526,0.053278066960971635,7060047060.0
US,870,train,False,44.456316,-100.39797,1980,1989,1990,1999,10,10,0.08175820923762325,0.07394621553291456,0.0025304916539591604,0.12669204423514033,0.9947996914775833,-0.1935185522264874,0.412529354441,0.0,672.7386005225646,0.08578722803742378,-0.11105686558824582,0.08529776551102727,0.10032614075097987,0.12043850499284871,0.08427861233407516,0.08543654187009017,0.08057625017259783,0.08111104348479696,0.08253134119328637,0.06920109755059167,0.06508485207764796,0.07022904690530175,0.07548880315675625,0.12416155258118117,0.9098368995015396,-0.22593660064428692,0.5193573465092846,0.0,730.051481387422,0.08519089650115225,0.5281847874758063,0.07342178845320724,0.07816785743582541,0.09738078952174492,0.07977609783053775,0.10251061496287198,0.09724651152107873,0.0971219932782594,0.09015311362440478,0.07946626119219725,0.07138884730311344,0.06919185850156019,0.06417426637519903,7060047060.0
US,870,test,False,44.456316,-100.39797,2000,2009,2010,2019,10,10,0.47791237978025686,0.10794879139683182,0.1355543447164511,0.19284397334157782,0.9608815863519427,-0.25317897605466894,0.5013183936368081,0.0,523.9931038798177,0.08528192945613607,-0.08932122043182773,0.0784886262749974,0.08192925186018417,0.10560612934370898,0.09741389972951023,0.08165274129535409,0.10120592079294016,0.08853709373896103,0.08715823708444512,0.07492242136256763,0.06305480728024382,0.06626336565194034,0.07376750558514701,0.05728962862512673,0.9457461938825408,-0.06812183012425156,0.7054343504976915,0.0,845.0458645684517,0.0907936803267915,-0.10942520920605558,0.05706526308566447,0.06175170118354864,0.0866643928084059,0.08037393029363103,0.10280251337924667,0.12576479721131573,0.12205518242646776,0.10696592986559449,0.08358080326116647,0.06331078680755257,0.05813231676988321,0.05153238290752309,7060047060.0
US,882,train,False,44.072917,-103.490625,1980,1989,1990,1999,10,10,0.7245534192242024,0.10495471114556304,0.03434334813760587,0.11070731366390146,1.1038495860792226,0.053553672216113506,0.8524362183586064,0.0,1.0806915306656828,0.10473008176767809,-0.35994874582001934,0.03629052333352371,0.038333408601638114,0.0767175526466819,0.1270357554127329,0.1815854766138616,0.127185597995616,0.08951638358027249,0.091101393873179,0.0732753000467723,0.07263031503605462,0.04976473537064931,0.03656355748901799,0.0763639655262956,0.9376126626883755,0.03278646388990498,1.132951637287245,0.0,2.2303411629125196,0.12247579129009478,0.9984886130494235,0.0343452489118994,0.033672271246776714,0.06435234783509704,0.1100718389847826,0.17647211904648422,0.21695384571575765,0.10470284700569392,0.08095872663177665,0.053174254142133726,0.04827511895048236,0.04364987002027184,0.03337151150884393,7060047060.0
US,882,test,False,44.072917,-103.490625,2000,2009,2010,2019,10,9,0.6505177975078721,0.1339031632194943,0.04506141395447863,0.11993547006105995,0.9939268940698923,0.10374573129130835,0.8632369639829068,0.0,1.0678350998583654,0.0993873164877168,-0.15629036246778436,0.061025127619777034,0.0600601443419186,0.09090659297990392,0.13635175360032523,0.1640396801403248,0.1225743569155528,0.08819065503238073,0.04973923155077363,0.048010356140704494,0.06247828107023352,0.06005258521188821,0.05657123539621704,0.07487405610658132,1.002571553296354,-0.08826681373450104,1.1474350469146868,0.0,2.046541152035026,0.11158532051148251,0.14579949482033058,0.04776708320451498,0.04373937856164881,0.06209417387828777,0.07898461708514123,0.17307300115328983,0.19208056255917463,0.11660673297572685,0.0723040197178643,0.04927619261808642,0.06559521504532226,0.053827255379858975,0.04465176782108401,7060047060.0
US,884,train,False,44.039785,-99.448646,1980,1989,1990,1999,10,10,0.005291000393910347,0.027919475409088467,0.019477279719488302,0.06718560258555839,1.015623304176413,-0.11484188273045667,0.38275442875530663,0.0,680.1242555673084,0.08605191874646925,-0.009559030558043016,0.07740662473939991,0.061290284732512634,0.06754790057138672,0.06768554442224184,0.07982383667099131,0.0800892666772273,0.09935925232257545,0.11777962224570437,0.09818631774915457,0.0867369741822241,0.08299815297615562,0.08109622271042614,0.04770832286607009,1.0190555857107992,-0.06039677105665428,0.528171802484677,0.0,683.7323300158489,0.08559193348085958,0.6015892529857251,0.07481975186266276,0.0583012769613517,0.0661410194113194,0.08279003255446177,0.08214200221785822,0.08557672397922042,0.09721791407449132,0.10806389159101673,0.10319568217716305,0.08542264308367543,0.07866407161531057,0.07766499047146855,7060047060.0
US,884,test,False,44.039785,-99.448646,2000,2009,2010,2019,10,10,0.46460679455377984,0.0740348346253366,0.000896241524768096,0.0597863332871911,1.0139569119771528,-0.10855568751477758,0.47528177015689405,0.0,478.7728954897753,0.08647681748725627,-0.39589722635013824,0.07676795512670341,0.06675564007152907,0.07559199674777839,0.07560664729558966,0.06973946340989622,0.0938855192746289,0.1073209406058185,0.12120386466818742,0.09302272369817376,0.0755717079666569,0.07151146631253295,0.07302207482250471,0.058890091762423005,0.9957339216084011,-0.14293172566905038,0.768858416002807,0.0,761.913595391376,0.09214019796649109,-0.12339706741149885,0.06375335761354084,0.04951138201489977,0.055588987323034876,0.06897746317218109,0.07999472937006101,0.11164047081379709,0.12706439568918398,0.12787631740950617,0.10974145087388992,0.07645230991517396,0.07352084648961912,0.055878289315112135,7060047060.0
US,885,train,False,44.027173,-103.786348,1980,1989,1990,1999,10,10,0.49004064487259963,0.07841842968872603,0.2442276095148871,0.40510612536787843,0.9946598515175425,-0.35719392925973187,0.5010892564604325,0.017793594306049824,0.36478783463660996,0.08900204366189907,-0.13938827394533093,0.06830957803642566,0.06180035130849336,0.08685741598109216,0.11873849630339393,0.13140510837383887,0.10215561215818086,0.08114208128020525,0.07706799874551024,0.06504855475258774,0.07555437339950863,0.06427832752435089,0.06764210213641236,0.16087851585299134,0.9720417741379069,-0.24511314428516456,0.727161652479002,0.0002738225629791895,0.5954733017643697,0.09655956770607896,0.8034894632245684,0.05338683425594254,0.04758004883338529,0.08294817891966368,0.10808461377980821,0.14046083358213665,0.15163023711276818,0.0964087170934907,0.08108569198415572,0.06565230522649781,0.062141619188509925,0.05632626541020095,0.05429465461344048,7060047060.0
US,885,test,False,44.027173,-103.786348,2000,2009,2010,2019,10,9,0.4103148379712225,0.09405202685471453,0.09886075717227491,0.15907445473164122,0.9889698587208292,0.20330268403672472,0.6411602375615936,0.0,0.34205975684071466,0.09035884777127681,-0.4693311288072287,0.07174455566935277,0.06584193710505368,0.10299916889828344,0.13599377734093357,0.12449618715274585,0.08840042784418642,0.07799983613573884,0.05616657645830146,0.06019144379053522,0.07372722648492816,0.06825751907891525,0.07418134404102554,0.060213697559366314,0.9982812948642632,0.02763855997754183,0.6473982824946946,0.0,0.5155840250569877,0.09249663841739571,-0.0276286878732838,0.06336845385215563,0.0588491849052748,0.07932071570490866,0.1010385350339068,0.14504243751086698,0.13091492161630516,0.09369884731310026,0.07014723434198882,0.061503057453961035,0.07039004664202796,0.0625581934357338,0.0631683721897702,7060047060.0
US,893,train,False,43.342073,-103.435489,1980,1989,1990,1999,10,10,0.5192835429763721,0.1579272873133171,0.20129928920239393,0.4328182991654588,0.9644711855596891,-0.10397760513053435,2.359814031430024,0.3508675296061691,2.5919042822891285,0.11937102291476787,-0.12610652089238022,0.02981631290527608,0.08419523196646207,0.1835949781311037,0.08745963413584623,0.14550151568422415,0.18312004049145314,0.07104925476054555,0.06489653836926547,0.048421845658079596,0.04726319689014974,0.027060845369331593,0.027620605638262706,0.23151900996306485,0.8828264050214085,-0.08342261914716316,2.7733809162729615,0.04286504424778761,4.356532281637098,0.14786583081161958,0.3607063996937527,0.02543385985572782,0.07024962930476152,0.1394220344475298,0.08547136603574325,0.1920938349764712,0.26199739914512565,0.05780555323541969,0.03498622099513925,0.018760284064516755,0.032846551858956685,0.05951845473672912,0.021414811343879365,7060047060.0
US,893,test,False,43.342073,-103.435489,2000,2009,2010,2019,10,9,0.7896982402054739,0.22847468641591995,0.36446100629185973,0.6684285946386119,0.8831571870671386,-0.1318945334318232,3.303224620328861,0.34943727696953064,1.8999397484217835,0.1233620413813891,-0.4369194519930581,0.046509353478713794,0.057973140013960166,0.14599325672613048,0.20996145559347157,0.14553633750894615,0.1393632335435793,0.06918804514631788,0.042156074824227306,0.030481864859206037,0.030239172803296355,0.03826884229455982,0.04432922320759116,0.3039675883467522,0.912533973264946,-0.11934523745223169,3.089933576071733,0.07177914110429448,4.185057379156664,0.1573065976093185,0.3774869848821094,0.02727179418992379,0.051332503703551004,0.13937995164985123,0.064350273243766,0.21239514994407857,0.2721718827541023,0.07049742181254183,0.03288219924496657,0.01780960780700613,0.05773702090733693,0.026171143864848825,0.028001050878026738,7060047060.0
US,895,train,False,42.850337,-97.483244,1980,1989,1990,1999,10,10,0.04548468421823961,0.02209310570427973,0.0023758250965697503,0.01803764537299367,0.995850834420202,0.013771531974168376,0.32057116004460184,0.0,771.101575330818,0.0882163719602315,0.02050276064891048,0.057095686638903555,0.04792106736836795,0.062277109547268686,0.0751791498063976,0.08849347177630483,0.08601526456820655,0.1009881225172013,0.10633348980994796,0.10216647129242096,0.10892716637431138,0.09879939964417683,0.06580360065649245,0.01566182027642392,0.9957852752842958,0.013904831833597612,0.5246793780523626,0.0,806.984768624617,0.08838797778129076,0.6448680062057824,0.0546042466962438,0.05035495547364757,0.06382586134074845,0.07685561504134385,0.09046340611417782,0.09097825590316502,0.0975940044954509,0.1066410677459991,0.11135996825411244,0.10805673196634721,0.08718635036233066,0.0620795366064332,7060047060.0
US,895,test,False,42.850337,-97.483244,2000,2009,2010,2019,10,10,0.49315321521193545,0.053507428469085114,0.004945801340030724,0.016954826822974313,0.9931636567867258,0.014704394696813672,0.40549122622084643,0.0,569.7049650389198,0.08847025088718112,-0.3382000902179747,0.059681341855482045,0.04928600422993993,0.06233797957475034,0.0760770519119897,0.08755474803666848,0.09515622323362896,0.104158030718203,0.1114136752960875,0.11096863443880525,0.10097371340384283,0.08056483489578332,0.061827762404818624,0.01200902548294359,0.9958666555892591,7.503680182465471e-07,0.7143558630037422,0.0,932.8755796796474,0.09342857872307284,-0.06155894917414304,0.048881165929812176,0.04092270648878728,0.053612655469828754,0.06917940355760373,0.08505130549525075,0.1085301501136407,0.124372969481226,0.12419288082662958,0.11379493263681423,0.09453392842370283,0.08487789399328256,0.05205000758342123,7060047060.0
US,898,train,False,42.48023,-104.953299,1980,1989,1990,1999,10,10,0.21983946368612148,0.06580529573968669,0.0196857461898462,0.5662502738108114,0.9737073462061074,-0.43513911504034924,0.7509315310078873,0.0,54.13073471415196,0.09898402577387037,-0.17992935751580355,0.045134385967808936,0.04447624001641375,0.056139004518848075,0.08409214070606337,0.13890998628524995,0.12537494523571596,0.13955408471977704,0.11741990887708798,0.0853671633155991,0.06665178154616062,0.05319138090897015,0.04368897790230489,0.5859360200006576,0.9735179877525879,-0.40518762719488755,0.7810420660654508,0.0,43.447906562554564,0.10496074063335302,0.4112027507728532,0.04167649571952431,0.03983040549741038,0.06612227245764632,0.09162131280294655,0.15592831431414603,0.15664947291082523,0.12318023474794762,0.11550880638445807,0.07065080370794756,0.05317091721261149,0.04555033585302132,0.040110628391515135,7060047060.0
US,898,test,False,42.48023,-104.953299,2000,2009,2010,2019,10,9,0.38540435893730546,0.0950717363745119,0.2998551537030451,0.7808173582640034,0.9641949020889449,-0.42698566778263414,0.6923905772120128,0.0,34.188774397219674,0.10275308995342616,0.01897677466559467,0.044312425595311435,0.04426339674136054,0.06321091145425056,0.10579242651395217,0.13690037981483988,0.12927420195859143,0.15038315084260415,0.12218349449279578,0.06428588238250361,0.05125078983370767,0.04486361774056638,0.043279322629516455,0.48096220456095834,0.9721832727341545,-0.32741145365724805,0.945806448406967,0.0,50.26463333165787,0.12259500889910911,-0.21534885155846464,0.03245733643840089,0.030372753126138168,0.056735970201988076,0.09580272602161047,0.1626277232356893,0.18322780249323695,0.16577394326162107,0.11859999890041356,0.06123334765541191,0.03363031141858731,0.03072215624013114,0.028815931006771163,7060047060.0
US,920,train,False,40.958721,-100.403511,1980,1989,1990,1999,10,10,0.04149527222642394,0.03048695887645926,0.0008139641615943776,0.0038316823727043915,0.9848146440920219,-0.015266473498567922,0.2890771122472753,0.0,46.376132645592065,0.08470590819183194,0.1348053780929139,0.07843009654192906,0.08134937890297972,0.09124509393949279,0.08231210857341659,0.09078240882357445,0.08723566161082545,0.09943440499098388,0.1024930854264524,0.07617415753911448,0.06974962640981117,0.06780548567248099,0.07298849156893897,0.004645646534298769,0.9802949976996709,-0.01591328701642826,0.3427150716434504,0.0,44.4911223727122,0.08531385433167095,0.3626643398480268,0.07071747195851605,0.07628951283909204,0.09088048995769837,0.07984168091070178,0.0811353106230959,0.09076303382228948,0.10758154089088864,0.10685202511563145,0.0838002840080857,0.0744605584821175,0.06992193820711486,0.06775615318476819,7060047060.0
US,920,test,False,40.958721,-100.403511,2000,2009,2010,2019,10,9,0.5362438771521204,0.1252786684520713,0.03670843031013325,0.04641114759935739,1.0092884755436426,0.05121483940367458,0.6857123533272765,0.0035587188612099642,27.465021525885017,0.1014635249206564,-0.4567119910444214,0.06404941892831653,0.061576515176434,0.06604092732763812,0.07523281567687072,0.07787518170418903,0.1094830215194363,0.17946439057289637,0.14495679693134392,0.05083583930656784,0.057087654843185905,0.05522219553673634,0.05817524247638482,0.009702717289224134,1.000845321933376,-0.020636209651981447,0.3413849924713863,0.0,46.95347076848631,0.0851918881903934,0.17003064307238702,0.07329884290232824,0.07158243260444472,0.0808402929775302,0.08575931997038273,0.08516249357557455,0.09713893545379695,0.10929869833915822,0.1021879067786502,0.07659545882964378,0.07295624554988404,0.07235608975382032,0.07282328326478611,7060047060.0
US,929,train,False,40.677414,-99.843679,1980,1989,1990,1999,10,10,0.021329299216753323,0.07118767736957557,0.002767042171136845,0.036037552122846386,0.9129804761578436,-0.08746696662925384,0.48933429285992114,0.0016424856282507526,32.377937741959165,0.08606564700175907,0.13460798314225947,0.09326205806676785,0.0987157189275124,0.11635129421552363,0.09122349275832693,0.08960481753088083,0.07782258554888963,0.07499363433275814,0.07281024963125769,0.07129961595500171,0.05937261247370027,0.06721504125333866,0.08732887930604216,0.03880459429398323,0.9059239741470457,-0.08533906005224598,0.43778451615421915,0.0002738225629791895,33.07595410126673,0.08401265926019066,0.5416195328685877,0.0868267335501967,0.09017343380271657,0.0974452351892273,0.08157507154534967,0.07615250279679443,0.08166375695277014,0.09253006845175996,0.08882313323915407,0.07664057519389078,0.08155263272410643,0.07349125000284029,0.07312560655119354,7060047060.0
US,931,test,False,40.634268,-99.853071,2000,2009,2010,2019,10,10,0.3860422891707009,0.2523388229180634,0.2587003094663184,0.9465393297640908,0.3842734317529319,0.0,2.1992247864993444,0.12729263618943332,0.8885479950963473,0.21247987291817763,-1.507693413893183,0.010508598268561396,0.02823768908232886,0.19560998020840265,0.2782537719709471,0.2673032804868902,0.15176460397949604,0.009996241394996002,0.029736749813950625,0.016395715201457915,6.540370983929244e-05,0.0,0.012127965883129943,1.2052396392304092,0.09540972915926756,0.0,1.8116253596729706,0.18592552026286968,1.307184613453815,0.1579007897774913,-0.1365407418008738,0.06689418159219314,0.0189739358660886,0.14527830536639202,0.25786503534712546,0.20853676815625213,0.057920410076737934,0.026390897533995983,0.009992797811355793,0.031216102954613287,0.043074703769329835,0.011981239728685467,0.12187562179723009,7060047060.0
US,938,train,False,40.378902,-100.219447,1980,1989,1990,1999,10,10,0.01595000327589979,0.07081190549591232,0.0433344942437639,0.702380894129278,0.8490759053331112,-0.3681870336275995,2.6398224576931235,0.0,1.6401084544368931,0.09220293107224278,-0.25216977485893943,0.06776766365299731,0.09696517128336866,0.08332225919378547,0.08055218211909256,0.09421024889168617,0.08965839593651356,0.15684405579554014,0.09533384903949885,0.044699137625095066,0.05790923886193667,0.06381707623510846,0.06892072136537702,0.7457153883730419,0.8200260072689199,-0.32482678457842573,1.7242019854717336,0.0293713972001098,1.6664779272103774,0.08689101076552555,-0.2748523096459301,0.08802011046017488,0.07740209497093842,0.09645330537830937,0.0744561035131279,0.08484798689467385,0.09300364214822593,0.128595181814901,0.0877922344396329,0.0681348619254743,0.06059542686795736,0.07012272959125372,0.07057632199533033,7060047060.0
US,938,test,False,40.378902,-100.219447,2000,2009,2010,2019,10,9,0.02648730152533227,0.13889800784148013,0.46661736329029513,0.8634668302365714,0.8056596115798611,-0.25658909769196514,3.909658527090258,0.0,1.656604549804211,0.09760979418711846,0.5555167206909112,0.06053094674026808,0.09588650290205046,0.07338432899903687,0.07473414347170872,0.1355168515370765,0.11109958435453349,0.07342141988540085,0.056997400517866795,0.03219262411396652,0.04746079424255179,0.15570603996971447,0.08306936326582534,0.3968494669462763,0.9847311660888703,-0.36016721124464884,0.706609558373962,0.0,1.6133015865751337,0.08674475469884167,0.1909297173526405,0.0948782520479229,0.0940921288968914,0.11040233012813117,0.09578029398803153,0.09982888714561516,0.08979927576533357,0.07156082579625993,0.067926398929671,0.04937740477970562,0.0635090939781313,0.07745127320319561,0.0853938353411108,7060047060.0
US,939,train,False,40.360837,-100.666251,1980,1989,1990,1999,10,10,0.06623021184195163,0.11315823523746403,0.06863435018351305,0.6130784473053309,0.7370597607095053,-0.04629620868204884,1.4523976349873304,0.0,0.676981281165239,0.08821628564942437,0.028388732701183875,0.07441864570541892,0.09989551731052156,0.1213798395368773,0.09722955328446582,0.09978500152009515,0.09971485877699741,0.06347982359062034,0.08033534873034257,0.04309195896022959,0.07816193477555292,0.06920097722482059,0.07330654058405786,0.681712797488844,0.7215756681582892,-0.042854952732191205,2.1373945965735928,0.0010985992859104642,0.6335971934786769,0.08577637040621613,-0.0427399105821,0.07652819998546527,0.07493647237864191,0.10286788908380742,0.0857577635782202,0.0859824420978615,0.07786706271505837,0.09597497988343758,0.09079333559787296,0.11118749675729964,0.06405541364874337,0.06888618656895526,0.06516275770463653,7060047060.0
US,939,test,False,40.360837,-100.666251,2000,2009,2010,2019,8,8,1.0735618810157574,0.4488475146270021,0.5816432235064046,1.0472790728315737,0.2822993778457949,0.0,7.465231322200396,0.0,1.2677020113220052,0.1428798763021348,1.242516962488417,0.03655344468521082,0.06560539282680537,0.03669737397771439,0.08190331947516341,0.0576149820145534,0.0374965099760594,0.039056976396702796,0.19252989766960385,0.22034493675281924,0.018121388233101124,0.19091763886900537,0.023158139123260774,0.4656358493251691,0.9055212985727906,0.0,1.3337886987952243,0.0,0.43328652058172623,0.09288283639589379,-0.4038042277540226,0.08083457909237306,0.0860294414971216,0.11408190358651453,0.11081508072916273,0.10787128327662027,0.13374235237540527,0.07812102200730457,0.049949894426801575,0.0314054826392935,0.056508898866683185,0.0735895815983314,0.07705047990438843,7060047060.0
US,948,test,False,40.072869,-99.21467,2000,2009,2010,2019,10,9,0.03275571610846363,0.1256975072830847,0.3461613098072398,0.9206177349244119,0.4635299997545749,0.0,4.068131324505309,0.5934489402697495,5.407128573919553,0.10220441101093898,0.01639509874179969,0.035699831883700774,0.16267946521442966,0.09815361969998831,0.09672508582146387,0.12350242906879338,0.11646035143708171,0.11382821712668495,0.07136422292646212,0.035710776119509506,0.05375908803149101,0.036013341186383545,0.05610357148401114,0.5744564251171721,0.6611824012584524,-0.05533317927787558,1.2291181550496997,0.5053962380511872,5.232883544956685,0.09375912171897019,-0.2648131502190957,0.056736567908481826,0.08145507318411709,0.10746611711610432,0.12477081815594661,0.12182476400095506,0.13019722490436497,0.07109915419066541,0.09125160591492577,0.05619939767524327,0.053692700782576756,0.04891968871624672,0.05638688745037223,7060047060.0
US,952,test,False,39.886843,-98.028963,2000,2009,2010,2019,10,9,0.10088792483106233,0.19784072632303681,0.20448483062543987,0.8211088482287082,0.7492835670101345,-0.0402379314344745,2.9690034801892953,0.029444138690148593,2.363027371031034,0.09885423937615768,0.09309787454013856,0.03838963901186462,0.04020451946302924,0.0634413394758776,0.0679235191982233,0.1104286647055916,0.11631292580744622,0.14982962298593036,0.11401065169442823,0.06019875119700383,0.06285534406607599,0.1257596835075234,0.05064533888700561,0.6166240176032683,0.8387636640313687,-0.03760632333633741,2.7615478604636214,0.0,2.1362579063380407,0.12417701491976953,-0.17134857883043403,0.03041017189329881,0.03085606570488014,0.04169020746989247,0.059258815100701724,0.2119807220716578,0.16224561955424607,0.1139468115458483,0.14617738073074177,0.07838799737086107,0.04090147900011501,0.0356883205015036,0.04845640905625325,7060047060.0
US,953,train,False,39.805524,-99.93575,1980,1989,1990,1999,8,9,0.5435500902387427,0.238799551996926,0.05985364162283602,0.8280720704660718,0.29132624972206916,-0.023565529299756915,5.132175324004546,0.016370106761565834,0.2652178917986141,0.13757357124119138,0.0337301807308145,0.029003547740729996,0.03447108599064797,0.052156806072381545,0.05065362858765544,0.12890387390325977,0.08249408726608529,0.22485904032073517,0.10947501235955305,0.031765229248980696,0.026060744392001463,0.20484437885247417,0.02531256526549547,0.7682184288432358,0.3327238948439183,-0.0067645091765787604,3.679573952723103,0.004019789734075448,0.456734295524437,0.11585518195692014,0.22576156574611814,0.03829772208543782,0.04136441715323606,0.12160032405457545,0.05599477007802308,0.10093106192185025,0.1869777733445926,0.16632015138631956,0.11969421835956598,0.05401860195831091,0.031880528701358796,0.05255652777137328,0.030363903185356325,7060047060.0
US,956,test,True,39.659702,-99.127083,2000,2009,2010,2019,10,8,6.568592369728437,0.7067967876111312,0.1587231875232875,0.9696378515559536,0.254852131714828,0.0,6.701568200457938,0.6809798270893372,2.047669942725484,0.1330057701150266,0.5435694876440611,0.020445707710367435,0.1105960723438516,0.08785738181993356,0.11814726214062256,0.26973641886549626,0.09853743533744463,0.06481455809203712,0.05792849368464917,0.023668210565517146,0.055779613266853136,0.02745726105397913,0.06503158511924834,1.1283610390792411,0.0007951275289208764,-1.1608579557532883e-05,3.814326190914895,0.47126839523475816,1458.6912420602905,0.2772373721116749,1.0495147385651018,0.061212168458677496,0.027242457188397295,7.398855018254795e-05,0.00010983501544903372,0.00020920650588969426,0.12104234996920549,0.36232682374154646,0.34682964075501393,0.08078021007670343,6.082728470249156e-05,5.502697504897975e-05,5.7465479183195943e-05,7060047060.0
US,982,train,False,38.51407,-95.715718,1980,1989,1990,1999,10,10,0.06609152287136455,0.193269710323336,0.06510023750424249,0.4883897830894642,0.8574531470965114,0.05962343442623997,3.3532070998144206,-0.010676156583629894,7.111297832474402,0.10982863444015435,-0.05415868375751777,0.03287695761050301,0.07490570428413539,0.12163248450695635,0.15134297113775977,0.16971475937389527,0.13013332260120192,0.060693055857970024,0.04474312349952756,0.04505472724180714,0.09686193011427846,0.03792204054341714,0.03411892322854787,0.5534900205937067,0.8800925223286761,0.06254518987290497,3.8323861099786862,-0.003559693318729463,7.5971736217002395,0.12222905161746009,0.2769697595385508,0.019712827668231115,0.03628111097079419,0.0832455361479115,0.13815714503900503,0.22047724095294685,0.11825565877331774,0.11953759058002755,0.026661475074006968,0.02761204692142454,0.054355710078142556,0.10101919508484944,0.05468446270934249,7060047060.0
US,989,train,False,38.264873,-93.40625,1980,1989,1990,1999,10,10,0.10702602354718396,0.17623160016639203,0.007546270714843845,0.25255283657771027,0.9615475507366306,-0.05050452538493497,1.8155443103816056,0.10539282781275663,299.86966285832176,0.10096474097644989,0.28059455355680774,0.050149323090494656,0.08518088211155515,0.14085372227994952,0.14831864850245105,0.0919000743910527,0.11884219857515955,0.039525794210420295,0.035477353157272296,0.026689271987994,0.09668912830586521,0.07750368789873698,0.08886991548904855,0.24500656586286643,0.9694570873962505,-0.057632013825337704,1.5721670042503468,0.10788608981380066,333.7439047614371,0.10474221281973213,0.013846181831904269,0.04877636142330126,0.058526300941794604,0.08994212834570048,0.12857774577789624,0.19007999756864558,0.10735956622842327,0.08482287595697624,0.027384536709686137,0.046643089634427835,0.05271363464663413,0.09030446549454636,0.07486929727196782,7060047060.0
BR,1131,test,False,-2.817133999999953,-54.29984399999995,2000,2009,2010,2019,10,10,0.08285789384306336,0.04731022335169908,0.012177972400050835,0.0511849428749088,0.9608024284173398,-0.038838047585558116,0.9815413835250265,0.0,220.66419914098583,0.10621080357408197,0.505166120643488,0.0637639300211449,0.0764667862233348,0.14157126815248458,0.15549477933417913,0.15462812811814766,0.1132864663218761,0.07293570682844518,0.053980441188673955,0.04753091519977445,0.040875098102266146,0.03726991779079116,0.04219656271888197,0.03900697047485797,1.001244272719418,0.0277200953425893,0.6579869785531225,0.0,239.72680894030668,0.10279267355822856,-0.3934585404614856,0.06261371116088162,0.09300379278795962,0.1324867666336118,0.16450653710741397,0.1418835185054318,0.09241632232016339,0.07199135213819177,0.05595295547413583,0.045014520531893386,0.04221872302402114,0.04578874377451189,0.052123056541783765,6060007000.0
BR,1145,test,False,-9.35612599999996,-38.210530999999946,2000,2009,2010,2019,9,10,0.15504112056430003,0.07443306641923972,0.816852112136597,0.12611874564829156,0.4577562198844012,-0.13564855398875741,0.888148497270082,0.022208700943109214,1389.2518162458168,0.0859840152491589,0.8245656286011528,0.09624631267755068,0.10720182171670642,0.11396508034546207,0.08282478897620087,0.09122001279360005,0.06977124037050653,0.07366553693790028,0.07840352664081027,0.07812478785586083,0.07236241405266253,0.0675539232407473,0.06866055439199226,0.9429708577848885,0.1617626476260356,-0.4639749760116108,0.48157279905182787,0.3085980284775465,1189.727417510953,0.08382269289312012,-0.8006996977895777,0.09064608044101638,0.08051236550367899,0.08737134525395873,0.07950680023005895,0.07898835866156735,0.07431415187526116,0.07725936046833774,0.0785595558389211,0.07915116534729612,0.09469389716287062,0.08680583137580121,0.09219108784123174,6060011780.0
BR,1146,test,False,-9.415352999999923,-38.20806299999998,2000,2009,2010,2019,9,10,0.33696995796436136,0.07172637364444681,0.18450716057024294,0.1984659949462975,0.9028276742323625,0.03686161802721827,0.6920939267349067,-0.006997261940979617,1396.891113912735,0.08622819795074471,0.284310040521897,0.10494022737597208,0.1076159080050828,0.11450778218448518,0.08397270048645088,0.08070353411410629,0.06925752560342595,0.07379502550490458,0.07516294401160839,0.07376210193304779,0.0680161735208858,0.07215632703648034,0.07610975022354986,0.013958834376054552,0.9999877919438681,0.01395278647105859,0.34758763371583057,0.0,997.2828745614871,0.08347905045021853,-0.5694365139167517,0.08986628858026308,0.08109652275463392,0.08656978936407293,0.08177764370857424,0.0823063097607722,0.07643080186793616,0.08346184990533695,0.08155623536460437,0.08025606689624905,0.08763942499687816,0.0834152177462786,0.08562384905440035,6060011780.0
BR,1147,test,False,-9.61435199999994,-37.81457799999998,2000,2009,2010,2019,10,10,0.4726595960017319,0.048748422745857625,0.056333229254545494,0.07187162908445067,1.0406237957175413,0.09150865362050849,0.5094801555327618,0.0,1881.2428463204753,0.084690376711939,0.1747980188212247,0.09425004416338172,0.10087231972045815,0.10361213440484854,0.08236403736707609,0.08477113376398429,0.06867136657125543,0.07026489290679779,0.07548447015683087,0.0762387977372034,0.08120901320849322,0.07969780674305847,0.08256398325661207,0.015538399829905177,1.0732227451424283,0.044354360469859314,0.47228266770935406,0.0,1172.6580983023,0.08378418417374732,-0.7890967081950655,0.09062057369534646,0.08049356371685205,0.08698143123285355,0.07995439863639571,0.07907127939244338,0.07464333654919579,0.07732526835152641,0.0789954775456512,0.0795999950847012,0.09426229639783028,0.08601250441508543,0.09203987498211856,6060011780.0
BR,1154,test,False,-14.873359999999934,-55.78371099999998,2000,2009,2010,2019,8,10,0.7802656465140727,0.37171840789010785,0.4150237393031331,0.8976085268524354,0.5300127284946434,0.24769422054137208,8.20695347212367,0.0,329.0347260500054,0.32394564851672175,-0.8816761006009837,0.5433078878713096,0.10053734493735801,0.08839146165134495,0.05468833105671585,0.026146451021611953,0.01901452344420198,0.016955319445647293,0.014064043650552336,0.014559810690612488,0.023327598146347907,0.031300372481666366,0.06770685560263111,0.48258478754930234,0.9982750242658388,0.5166672803065098,1.0567802133411335,0.0,150.79143380974492,0.123414171914654,-0.06550760054174955,0.17158947998120191,0.17300584421281795,0.17191219917215492,0.09854111902174745,0.052942798892805135,0.035868946816322245,0.027210847108061938,0.024448844057732674,0.025368165955551403,0.03917751675789421,0.06781131126178531,0.11212292676192498,6060016970.0
BR,1165,test,False,-17.988425999999947,-48.529931999999974,2000,2009,2010,2019,10,10,0.3508157696488799,0.09868024338346204,0.006585870796169013,0.048213952967523205,0.9963407372387975,0.015093748054847476,0.823498861913375,0.002737476047084588,440.3699670340439,0.10969248016862825,0.2147507105808793,0.13423337915748138,0.1469445782841166,0.1643456707682358,0.12366190287397427,0.07967217721613988,0.05461501187118793,0.044035369688002035,0.0327585691618806,0.029986593168710555,0.03262150768880372,0.05480148348955804,0.10232375663190904,0.05479982376369222,1.0029510242301733,0.0247790484509361,0.6178610365612609,0.0,310.07042159884594,0.09498653120074155,-0.4460423393199742,0.11878732773897752,0.09826174902683645,0.12979430806055792,0.128026037924129,0.08143722154145011,0.06088416252749346,0.052391748142450664,0.0471286696320823,0.044225647292006606,0.05381253563784386,0.07434956224794546,0.11090103022822677,6060016970.0
BR,1166,test,False,-18.503428999999983,-49.485274999999945,2000,2009,2010,2019,10,10,0.2533050486375726,0.06620020249482034,0.000752319276417503,0.013770615059198039,0.9961410444311851,-0.019073066975231454,0.4730978447154838,0.0,1489.0106576399385,0.0843047041212151,0.3088906351863397,0.0680649773497703,0.08060014093615103,0.0847421026463549,0.08694953885742729,0.07586023444343139,0.07624469540278127,0.07959858743096652,0.0961815677730685,0.09588311331997003,0.09849355254407738,0.07840945666779366,0.07897203262820782,0.014522934335615542,1.0000117591264808,-0.023406617118398934,0.527030062783634,0.0,1155.816317375232,0.0862548384435007,-0.4048430889919725,0.08690569401314888,0.0790081551340412,0.07385511646052689,0.05953563022142144,0.06397554247333644,0.06182206550199953,0.08407916825169652,0.09800317682914403,0.10705398610126518,0.1062743953755951,0.09192373713193869,0.08756333250588609,6060016970.0
BR,1167,test,False,-18.911495999999943,-48.038705999999934,2000,2009,2010,2019,10,10,0.16445373698408997,0.0413715594570057,0.004796397240661197,0.027844707089692552,0.9999571376419362,-0.036480253901076856,0.46283775726566667,0.0,317.12361518565245,0.08412859208854463,0.19388989716005262,0.09031281085299746,0.08156929732622549,0.08286776066182192,0.07955757657518606,0.07114955212638611,0.06679167192742294,0.0761871731476544,0.09163642676498329,0.09002415747198268,0.09255783445358913,0.0886523999874504,0.08869333870429988,0.03264110433035375,0.9995754017437523,-0.059564953205118745,0.3904964989942425,0.0,269.0340399465451,0.08535671310451656,-0.35922428682085733,0.09660347627066017,0.08222415745669083,0.08690247190124549,0.07024123797199862,0.06669903045885377,0.06596205241820509,0.07089933277738934,0.07498946472098883,0.08518388020917432,0.10004382384791409,0.10263591371935966,0.09761515824751991,6060016970.0
BR,1168,test,False,-19.99020399999995,-47.755161999999984,2000,2009,2010,2019,10,10,0.11618843051868122,0.0739046286729921,0.0014395270305548285,0.0034567196025580425,0.9992694276784487,0.006234671045634822,0.4370550919472852,0.0,931.6182507174964,0.08486906446381338,0.3515731588345109,0.09934593073410201,0.10645432583329575,0.09889042434879868,0.08718684233856007,0.07575030887306554,0.07116016995878255,0.07406273761087469,0.07722438630997679,0.07481772046238873,0.07726483039924875,0.07661392370152723,0.08122839942937925,0.004896246633112871,0.9999920776995251,-0.003956799480015414,0.526555553736803,0.0,829.4266658130547,0.08586203235195047,-0.5367381487149889,0.1022947281077875,0.08047234617734504,0.09669838772119227,0.07107811721621883,0.0659857755289448,0.05737403690412725,0.0691696635378557,0.07604623951467808,0.09045546453823226,0.09885741693247396,0.09481581355090309,0.09675201027024127,6060016970.0
BR,1169,test,False,-20.027007999999967,-47.43552599999998,2000,2009,2010,2019,10,10,0.15741037780156134,0.07909996342969422,0.003461063366481946,0.016502593422678263,0.9895724897049217,-0.014244729175063801,0.4564729904229944,0.0,852.1865538810666,0.08471087513304199,0.3603705146033095,0.09832801650136233,0.10574351632700389,0.09844169901202575,0.08453698729248006,0.07514147200381507,0.0712467907406683,0.074591841213867,0.07940429330924341,0.0764924652138957,0.07814197018384925,0.07758214155651875,0.0803488066452707,0.013041530056196318,0.9998802977083757,-0.010403211229568629,0.5336327502564243,0.0,728.0684620218027,0.08613204659821404,-0.48585956082016407,0.10099531322773728,0.07950809074503076,0.09403933386834391,0.06799942332123327,0.06342384133624683,0.05632325754933196,0.07048231005816183,0.07823037959106066,0.09437943520779495,0.10149570251116784,0.09525521929725535,0.0978676932866355,6060016970.0
BR,1170,test,False,-20.152543999999978,-47.27702999999997,2000,2009,2010,2019,10,10,0.17222958916860934,0.08014929570939965,0.0012039010823299001,0.03684246230981675,0.9940882648445069,0.007858223989622012,0.4515290075445826,0.0,878.0609981482363,0.08471790711114555,0.36335401088977703,0.0974894253186669,0.10629592016721451,0.09888797913278535,0.08445749083358864,0.07502333490453693,0.07208118009287122,0.07416908503510725,0.07863894660785661,0.0766408194982827,0.07911167657801686,0.0770825065006243,0.0801216353304489,0.03804636339214665,1.0000387085748772,-0.018549163385237183,0.5290714750384395,0.0,739.1393553403336,0.08618805241479845,-0.5368676777210778,0.10067087460595726,0.07964501882032293,0.09418758504324008,0.06717381388126775,0.06271727313399979,0.056844502177157474,0.07044119222000676,0.07839525578856595,0.09347254740506254,0.10248343748092205,0.09596370643390323,0.0980047930095941,6060016970.0
BR,1174,test,False,-21.327665999999965,-44.61513999999994,2000,2009,2010,2019,10,10,0.10357173033357557,0.06271532744260598,0.07230970239444416,0.13629778022778938,0.9904867556417893,0.08694499545204676,0.7976601767434796,0.0,112.0018461024689,0.10639880853125627,0.11793973258417728,0.16637701070385474,0.15019181112054178,0.12297892853033421,0.08455617085529836,0.063937055943487,0.051547370249035794,0.04694363468611443,0.03985130250160159,0.04057847841880783,0.04154593053785195,0.06709203310980548,0.12440027334326687,0.06398807783334522,0.9962716395328397,0.062358802134602966,0.9112419152511093,0.0,100.98213539136783,0.10818830853553242,-0.6343656373769669,0.18837743874569016,0.10861326543220423,0.1214729826210983,0.07783920000465083,0.061584169522517815,0.05230123725457177,0.044048276891249426,0.03790945832433662,0.03485470181752199,0.051564583150916166,0.08075939404701818,0.14067529218822455,6060016970.0
BR,1175,test,False,-21.57782499999996,-46.62291699999997,2000,2009,2010,2019,10,10,0.1943272835919722,0.07506486520656343,0.00037912813525473044,0.22749689984015187,0.9970299867151059,0.2619136239676669,0.7686135957069541,0.0,51.01395566062438,0.10656271701109937,0.18868332417532813,0.16941052182095764,0.15678664941259854,0.1272369927189329,0.09084157337252864,0.07040172282883567,0.053274834798239384,0.04546376604736402,0.04010477130065375,0.04460848514606087,0.043092685927023706,0.0579738755459571,0.1008041210808476,0.2278760279754066,1.0027391008855804,0.03226455521870276,0.8160307848866973,0.0,42.00429824039241,0.10486022671730322,-0.2195672276704258,0.1651375652409563,0.10905443355841404,0.14616968229460833,0.08925740403826857,0.06421438686956651,0.05564079595491861,0.04199578042645277,0.037391371076157684,0.03550168351261994,0.054028959661688886,0.07359222941439768,0.12801570795195075,6060016970.0
BR,1176,test,False,-21.76041699999996,-48.98919699999993,2000,2009,2010,2019,10,10,0.15834493379510042,0.05443371608618742,0.0032475852745758246,0.006376029899110316,0.9998513296463932,-0.003890412795253218,0.5530762113886556,0.0,491.55023746235975,0.0924278388627563,0.04714628306600288,0.14061561394389846,0.13519690206228896,0.10875737656424436,0.07513701223404735,0.0707195011541583,0.06514735478417844,0.06538706203271814,0.06244267698932649,0.06023068616970982,0.06365558430947164,0.06789371694221216,0.08481651281374603,0.00962361517368614,1.000265190700833,-0.008583301525005069,0.6603634933999701,0.0,575.885629276791,0.09224138811196783,-0.16627856122884452,0.15551631701102397,0.0959481712103995,0.11145037218053479,0.07784438140234319,0.06658764375794218,0.07949934643240045,0.0678874917878318,0.05718679506764812,0.054433440253306306,0.06827085171904979,0.06789584256591559,0.09747934661160439,6060016970.0
BR,1177,test,False,-22.15369499999997,-48.751011999999946,2000,2009,2010,2019,10,10,0.13776697101819968,0.06136595312327819,0.00016822819282361415,0.010943267754871117,0.9941394984242397,-0.0028076292573704542,0.6155187591867685,0.0,418.50254869493807,0.09119758554719369,0.04123330897690793,0.13709250954139593,0.132449163967145,0.10465817155725081,0.07802600572680855,0.06936058216103758,0.06466962091751308,0.06651936015621997,0.06389788958336405,0.06270865890060263,0.06662498096149547,0.07028655877041738,0.0837064977567495,0.010775039562047502,1.000226956957965,-0.01167002809146779,0.6928990904090743,0.0,480.318752397138,0.09245240214829818,-0.15622582643275443,0.156983739092521,0.09528129751361765,0.1099772462145934,0.07540787377874236,0.06294558336698756,0.07957875317533619,0.06856430361105682,0.05818263995415998,0.05502156440576877,0.06937496022068801,0.06852394696682064,0.10015809169970746,6060016970.0
BR,1178,test,False,-22.527927999999974,-44.56704899999994,2000,2009,2010,2019,10,10,0.005763769645302967,0.04651607860540617,0.016246894273217807,0.08592950974605755,0.9975360611620261,0.07556363103840547,0.5080980746713274,0.0,194.31746637308228,0.0871157755474927,0.10652227360580706,0.11751247888877618,0.11875658393952396,0.09674426643163905,0.07827407101495272,0.0686895151128021,0.06917557242351595,0.07276620218401683,0.06942711442059445,0.06874663524216865,0.07073740185589106,0.07913170872047529,0.0900384497656438,0.06968261547283974,1.0002453193457164,0.0717628142581923,0.5446083888253966,0.0,193.2006867807197,0.0888490014323578,-0.45971914393514623,0.13187352871623617,0.09452419172976896,0.11836045925286065,0.07971852125629608,0.06341613056479506,0.06731472213867397,0.06820272718366187,0.06449727408064117,0.06313957890874344,0.07698826637867863,0.07908262883140664,0.09288197095823753,6060013750.0
BR,1179,test,False,-22.545366999999946,-52.00018399999993,2000,2009,2010,2019,10,10,0.28801511526394236,0.061714219422769175,0.006032418099172597,0.015034621282395511,0.9942377654455472,-0.00847872785618437,0.4408249276149133,0.0,1093.914105667964,0.08399344160661604,-0.060922921271556886,0.10044793459404627,0.09117023019779902,0.08383527279444006,0.07374704789440494,0.07549462222285586,0.07708892652060317,0.07940310935541844,0.08303177018467534,0.09137147013435239,0.08467649273634452,0.07796859015626437,0.08176453320879548,0.009002203183222915,1.000014838483149,-0.019999650700035402,0.5962939332546998,0.0,1459.0379820957746,0.08571524089776979,0.05144499134190071,0.11565911712515381,0.08462620272306362,0.07797550985970834,0.06999589961987696,0.06494022487261333,0.08137245612020037,0.07160768583786457,0.07533988053133407,0.07185389991671608,0.09367792901800576,0.09579643596794735,0.09715475840751582,6060016970.0
BR,1182,test,False,-22.93958299999997,-50.24687499999993,2000,2009,2010,2019,10,10,0.2112441665084083,0.06485639593042272,0.0033915983800020676,0.00661828051237429,0.983721644401441,-0.004021706625733981,0.3859075800027637,0.0,433.0665632152648,0.08459502753763416,-0.06822145965076491,0.10287539739595443,0.095450881482236,0.09726903162716721,0.0814946013214176,0.0839838914778161,0.06876500912278542,0.07022576304755987,0.07598114082789525,0.08624727501465623,0.08093079579251267,0.0742840760701145,0.08249213681988472,0.003226682132372223,1.0000102841438827,0.0015333225598086592,0.5470283002500577,0.0,534.9298454868883,0.08593240547471163,-0.031032107099629867,0.11984400535736696,0.09171469376943053,0.07816111269807356,0.07007636968398928,0.06977884164765182,0.07402859664321272,0.07153955775917024,0.07157553495641052,0.07426387306521,0.09016078448628095,0.08848739554742638,0.10036923438577712,6060016970.0
BR,1183,test,False,-22.94369599999993,-50.517132999999944,2000,2009,2010,2019,10,10,0.2424682007771248,0.06239749233767524,0.00012717154221855188,0.006067816867046339,0.9996546472360078,0.0032782476245320274,0.3745932382093866,0.0,454.0027184632841,0.08457953297981453,-0.0356577650461612,0.10322178718470605,0.0958870680118231,0.09669233439915353,0.08082455679900434,0.08413899486621304,0.06941238520815646,0.07121955477479038,0.0754646220987098,0.08599087953994891,0.08011977910562847,0.07396689200785499,0.08306114600401104,0.006194988409264891,1.0000334176648529,-0.0004321667300689753,0.5414783224206734,0.0,578.576853027922,0.08580103454589566,-0.03200162719687121,0.11959473448463666,0.09099979494645975,0.07888140315147883,0.07016932127930416,0.07039179503962384,0.07488312675932497,0.07188543477538671,0.07146589707425431,0.0746927518860566,0.08989538181057095,0.08796480350243736,0.09917555529046597,6060016970.0
BR,1186,test,False,-23.193124999999952,-46.027675999999985,2000,2009,2010,2019,10,10,0.0035452775448193865,0.057260664624544266,0.006334294739411939,0.21395279177932425,0.9444057683134642,0.088068032202789,0.7657421725525838,0.0,22.709715999952394,0.09771549982338068,0.17648016062091976,0.1405413489058226,0.14512555698265028,0.12432648244428632,0.08986789096864163,0.06694243271784542,0.0563757304260408,0.05520350405366186,0.04480786601890595,0.048622510051319595,0.05623305098628991,0.0728642926672346,0.09908933377730116,0.22028708651873619,1.0154014946915595,-0.19223378976513217,0.8488303948837835,0.0,22.629346304387514,0.09887986115815711,-0.33968689694842924,0.16405767876433347,0.10526309122154813,0.13371197653810266,0.08710531612900317,0.0714935003280825,0.06920811095915264,0.05628775648398172,0.043069582631234775,0.039074507354487246,0.05673248746139707,0.06951495472793442,0.10448103740074223,6060013750.0
BR,1187,test,False,-23.37350799999996,-45.86809299999993,2000,2009,2010,2019,10,10,0.10008580023077118,0.06520196724841645,0.006968225170397246,0.06282830999224052,0.988667234333433,0.05762846512870769,0.535859278177605,0.0,66.51805361763411,0.08795306359167902,-0.09653777911232667,0.06449853622653325,0.05863132470666708,0.05843423067810245,0.057981769480302356,0.08297776213503025,0.09384498449485844,0.10666114147439155,0.09896568471451803,0.11293815257028456,0.10468519894944953,0.08858242230041101,0.07179879226945159,0.05586008482184328,1.0069285477945047,0.05962879684431112,0.544943673384497,0.0,73.52012615838849,0.08477520372439182,-0.5291171693225193,0.08325503880892214,0.07456129107888651,0.07853849484491454,0.06839300360729833,0.07111871036219385,0.08385899368423856,0.09513705045525377,0.0980198594702812,0.09647546673791911,0.09829535520760566,0.0837598198230945,0.06858691591939181,6060013750.0
BR,1191,test,False,-23.673675999999944,-46.72696599999995,2000,2009,2010,2019,10,10,0.0375507332902824,0.08182586968294563,0.06571666345230898,0.519298175840785,1.316437613312453,0.6659778118703394,3.4342682850090003,-0.07473309608540925,14.332934966495674,0.0952587252749328,0.18549786428873374,0.14970286326062412,0.09596508861780377,0.1374781730133168,0.0633199627964224,0.08912424856235204,0.05107890294232594,0.06020507411826507,0.04940528771364711,0.053103824097939935,0.07627424009690043,0.07543034259621924,0.09891199218418316,0.453581512388476,1.194823907205574,0.6972261770023149,0.9052844274231325,-0.024917853231106242,13.804702573535248,0.09645976640697372,-0.00556043023294074,0.15440730127585034,0.11674503734794495,0.13230809140696276,0.09235229376619447,0.06928651041771441,0.07449830113306923,0.064094827895328,0.04641794108510455,0.04958997753297209,0.052941458375192624,0.06314848658030053,0.08420977318336616,6060016970.0
BR,1192,test,False,-23.70689999999996,-46.676823999999954,2000,2009,2010,2019,9,10,0.8717088797726277,0.13271626111330526,0.07397812738441739,0.32435081490294904,1.1554801307496114,0.23398107216715464,1.6731566660584245,-0.08305445695162762,16.38309158013783,0.10190298971097458,0.2851481251001934,0.1446625172196466,0.1173282616290674,0.11571863675132228,0.06225919531614701,0.052263623632351694,0.037671916694836556,0.0486924419066222,0.03274213070256857,0.042836678784664246,0.11088726300238025,0.09985599866164531,0.1350813356987478,0.25037268751853164,0.776745701408121,0.2515549302617407,1.2967631752601048,-0.024644030668127054,39.171861945806945,0.10422485439748631,-0.5801361967669534,0.17970889413788269,0.13123344832465098,0.13547482310771417,0.0872630049061762,0.057260613841987405,0.056511595836613665,0.047558567130041536,0.04031981022916776,0.05042703145971678,0.056231136525253,0.06924154038499179,0.08876953411580403,6060016970.0
BR,1195,test,False,-25.534536999999943,-53.009056999999984,2000,2009,2010,2019,10,10,0.28456533319703176,0.07938023195127451,0.007384340247653505,0.010486393037877538,0.9974558261224084,-0.01735649666146878,0.7745576728768242,0.0,986.79668295941,0.08690311284056827,-0.090633524278887,0.07697489428656583,0.08733045199169129,0.07584809231726206,0.06299288496025732,0.07286307659483938,0.05971092227314556,0.07330548679290594,0.07876915698044559,0.10406173554471818,0.12081446514023716,0.10382836451213921,0.08350046860579245,0.017870733285531043,1.001751531832263,-0.05251520102958869,0.6742072750399024,0.0,1311.6345105713367,0.08462700518905175,-0.2169498699999386,0.08250401957925214,0.08255904356813162,0.07611654445142779,0.0696464525606478,0.061129937153730954,0.09880706851518446,0.08593423055628768,0.09211276655276547,0.08685173225335074,0.09798671100249833,0.08099043785463907,0.08536105595208392,6060016970.0
BR,1196,test,False,-25.794051999999965,-52.11483399999997,2000,2009,2010,2019,10,10,0.2855731395590783,0.09503734362102925,0.005498189170268904,0.023033534800374907,1.0062252127609297,-0.00770575916906118,0.7180457930332599,0.0,815.1980696751132,0.08737229987123878,-0.0882287400520772,0.08074463261794428,0.07757064242558187,0.07498878750755099,0.05586365225889073,0.06805593670468449,0.07310866850537862,0.07143404916346509,0.07787079715964713,0.10559770184310377,0.12518049746284668,0.10362303007523463,0.08596160427567183,0.02853172397064381,1.0039292269319235,0.015230117328708855,0.605233573839227,0.000547645125958379,1084.640910953101,0.08454562519362026,-0.200037244260748,0.09003959360122878,0.08323249818261116,0.08072200436540213,0.07052494521871461,0.06219331649403413,0.09971716833813925,0.0924624082816585,0.08991995527173358,0.08203829338132265,0.0917914891810435,0.0830288675776224,0.07432946010648951,6060016970.0
BR,1198,test,False,-26.009196999999972,-51.66709699999995,2000,2009,2010,2019,10,10,0.29800147390882736,0.14319272986239195,0.01076629646021407,0.1686101298400941,0.993084387086091,-0.16375629243162054,0.8458162217794021,0.0073911853271283875,597.6533698139706,0.09261789244115813,-0.05422596626967585,0.08082516472718174,0.07432016486230925,0.06788124341398177,0.042515058645533885,0.07411730201486445,0.06774062191968115,0.068638600264397,0.06629395082197552,0.1153547792274429,0.15309311763515332,0.10709322490897108,0.08212677155850803,0.17937642630030817,1.0093389850571675,-0.05507991399292348,0.8092568122125974,0.01095290251916758,805.13696890844,0.08789535231456438,-0.21962855190125583,0.09899716814687791,0.07723413296188116,0.07916634981402101,0.06335824539036979,0.06817167817989067,0.1277135518685536,0.09152304079726443,0.07341504553848428,0.06682920277977938,0.11302427746075339,0.06893364885096295,0.07163365821116136,6060016970.0
BR,1199,test,False,-27.278605789999972,-52.38147290999996,2000,2009,2010,2019,10,10,0.18195333693630725,0.11939446414968394,0.017099533961833224,0.06344887503187265,0.985542100217541,-0.04766486065495278,1.072899591516322,0.0,1016.2063345568662,0.09724253906131503,-0.01111950870969604,0.056744170686945566,0.05017973266897323,0.047160782469644336,0.04889519117119398,0.08081118659488343,0.07675703294065674,0.09802856208365589,0.07645606903076993,0.13039472161936871,0.16602125760390227,0.09527390528613196,0.07327738784387401,0.04634934107003942,1.0024756420137162,-0.053751904893246154,1.0261601883341156,0.0,1218.9986593058004,0.08739391914322957,-0.10962528403431182,0.07606380101465,0.06948787483312102,0.06417834260772924,0.06263436296187533,0.07471242471746427,0.10565523219226873,0.09873264285412252,0.09686374873775673,0.0924629079300939,0.12129595764484702,0.07566376191995676,0.06224894258611445,6060016760.0
BR,1200,test,False,-27.525971999999967,-51.78947999999997,2000,2009,2010,2019,10,10,0.16684053970759852,0.12325218675150236,0.013551690121621301,0.058178404357558194,0.985862226883504,0.09617446470668037,1.093407243115666,0.0,746.2930368496015,0.09821842342153225,-0.05817926637245523,0.05686139880194868,0.05071952352345853,0.04858978798507337,0.04759950467180705,0.08048013905706183,0.07622222824248598,0.09515055285110324,0.07492839605867448,0.1399627449965845,0.1663112710624645,0.09319156502086832,0.06998288772846942,0.0717300944791795,1.0028847852627674,0.03808815104951272,0.9608120875038846,0.0,881.7943570693842,0.08776058283545049,-0.12195629589865602,0.07927279578086677,0.07143889270088613,0.06266408901874536,0.05844249393351627,0.07323554980047305,0.10315558132810401,0.09780797108255092,0.10054175504138432,0.09699407659263737,0.12160691030375938,0.07307794424965962,0.06176194016741687,6060016760.0
BR,1201,test,False,-28.55523299999993,-52.54270799999995,2000,2009,2010,2019,10,10,0.212631333114768,0.140260891798411,0.04063882086991494,0.15671871370025703,0.980697897955841,0.17475594953421264,1.483052075737121,-0.0008212428141253763,34.93634036269574,0.10529713488072454,-0.25676785817694026,0.047583007033670834,0.04332755110923601,0.030398295590756137,0.03370131943615068,0.06480073578627982,0.08842455720819792,0.10727633426345526,0.09152309117171843,0.13492378158025717,0.18287690402649145,0.09766879098469644,0.07749563180908996,0.19735753457017197,0.997653309538627,0.12893367137714398,1.2780880682915006,0.01725082146768894,43.21375691719447,0.08745626932847557,0.29783229705638375,0.07695984496016654,0.05217496194540279,0.058940750700188775,0.07214875269886815,0.0832420695829309,0.09544673948850822,0.11652064205345442,0.0897949432107423,0.08965314099037501,0.1138751786125785,0.0734084131510566,0.07783456260572774,6060015560.0
BR,1202,test,False,-29.44765499999994,-53.287720999999976,2000,2009,2010,2019,10,10,0.21805752400303133,0.06233194496154041,0.019460091234998544,0.02679489978508182,0.9965413552212257,0.016367025059518318,0.7655511581648341,0.0,325.328924914801,0.08903837028604838,-0.33233988481943433,0.07193461170887959,0.06288242097687413,0.059631756789559835,0.05875947108632478,0.06777850018436551,0.07738276948303908,0.09374871657663703,0.08401856970614413,0.10650437748628895,0.13647843882590016,0.09888414231532071,0.08199622486066613,0.04625499102008036,1.0006084784980285,0.10098817385693272,0.8619012415999336,0.0,404.59811718038156,0.08606892100669217,0.1343760479793999,0.09820984402480479,0.06389615672073418,0.06432825530412173,0.06305701663458951,0.0697122530557967,0.07671707507759885,0.10168875326116089,0.0791988573937217,0.08817284063330554,0.10481891927543799,0.0920286604750885,0.09817136814363957,6060015560.0
BR,13435,test,False,-19.70218699999998,-42.96468699999997,2000,2009,2010,2019,10,10,0.3246147004833674,0.06914401272005616,0.002660739237839072,0.005625004003946265,1.0013556312167062,-0.0035467591204488796,0.8856578258807283,-0.0005474952094169176,71.61467451667679,0.10646520125199543,0.007393739886644041,0.17877135797507943,0.11687400257148343,0.11433123635531409,0.08351192850895355,0.059306895893250895,0.049007733335366656,0.04507090456250637,0.04040512845607634,0.04073456167771715,0.043448197998861224,0.08637907581663415,0.14215897684875672,0.008285743241785336,1.0000138501210434,-0.002262694674175341,1.1541379589019585,0.0,51.763501870922425,0.10974709952644959,-0.5197900341415145,0.15781907934998954,0.09462668523166498,0.115299205945014,0.076122647274885,0.06104436176211654,0.04924564135283598,0.041313120192347216,0.03564206116467029,0.0307002778182031,0.052114879506413865,0.1037186433254488,0.1823533970764107,6060013420.0
BR,13477,test,False,-21.602593999999954,-46.94674799999996,2000,2009,2010,2019,10,10,0.13918222831522098,0.039635571015413734,0.0007820507923613105,0.003801702589549899,1.00293922040767,0.00072013939353171,0.502348226841907,-0.0010949904188338351,77.76272274921942,0.08832021993860142,0.2710806769623785,0.12117593768248922,0.11478243906970156,0.11218169788878952,0.09093732527788669,0.07995693591127917,0.06818855085438347,0.06453073712525643,0.06323650563324544,0.07089055210338277,0.06938414672085873,0.06574767770444065,0.07898749402828642,0.0030196517971885885,0.999964881816034,-0.0024337743493342153,0.5392804236431176,0.0,67.65897040196359,0.0880681388681879,-0.20606381623726983,0.11228985576651432,0.09703304236145856,0.12495440947440252,0.09491889839391392,0.07918463176936942,0.07313733983496072,0.06456220952326788,0.06053693433521358,0.06136233515212848,0.07341467441735797,0.06845597510358647,0.09014969386782609,6060016970.0
BR,197,test,False,-6.752164999999934,-43.56882799999994,2000,2009,2010,2019,10,10,0.2213737001980947,0.04006341341574879,0.004814663994752333,0.1446751137264372,0.9817144982889293,0.1311266577907784,0.7310134329430579,0.0,425.9240717407174,0.09841276593503814,0.03256198558057128,0.12120568549644464,0.1266942753928751,0.13984704918525848,0.1271285706933187,0.09118570662123834,0.05866575474122561,0.05068573517691026,0.0560242741993402,0.04076817783930121,0.042402006887577975,0.05756581089143242,0.08782695287507712,0.14948977772118954,0.9986370995583502,0.22463887905323285,0.5591863256894253,0.0,341.3428491237678,0.09697225682622199,-0.19574841684736957,0.11187335489687404,0.12198403266956516,0.14591180586105426,0.12072702761161913,0.08141585771969805,0.0599563285777068,0.052414897868682475,0.0463010734249828,0.04064193050403013,0.051988419417371264,0.07047762546238506,0.09630764598603068,6060009760.0
BR,198,test,False,-9.142166999999972,-38.31189199999994,2000,2009,2010,2019,10,10,0.45851106121718016,0.060710025124639085,0.06120583553635525,0.07771934020750208,0.9995924074102579,0.060057071998947296,0.5215799835687603,0.0,1902.634658390761,0.08562082724611084,0.2046066112714167,0.10296945026078222,0.09901631871506705,0.1072043067858378,0.09675071775253104,0.08564907767352088,0.06751433062902076,0.07137564319920513,0.07475937014811856,0.07447136200882154,0.07463188719241,0.06739429426556495,0.07826324136912001,0.016513504671146834,0.9991618102251266,-0.00962264402160031,0.46660040337554093,0.0,1202.8918428258487,0.08377770121540076,-0.7561436216809008,0.09255593501158801,0.08225127065263892,0.08709128629393413,0.08474247191190072,0.08423888219303818,0.07526387082593297,0.07556745307876066,0.07847262682625085,0.0774413656815042,0.09206285528812376,0.07904873511499708,0.09126324712133059,6060011780.0
BR,201,test,False,-13.395154999999932,-48.14711299999993,2000,2009,2010,2019,10,10,0.06684773933244564,0.2223908132554539,0.20144171917718745,0.22725608004488856,0.9855310038930021,0.22778015445316926,0.776651459281788,0.0,692.4439944237006,0.0965893713892197,-0.16999092016993683,0.11315535066363985,0.14469069370329302,0.13629610516959398,0.10495997719412903,0.07184537925184872,0.055922366146847674,0.05533812278401949,0.04695011049225956,0.04763603884642493,0.05685928609375096,0.06969803769858914,0.09664853195560387,0.02581436086770112,0.9997672135654592,-0.002028106723826112,0.4900414865496378,0.0,647.6689077725923,0.08774959344525649,-0.48219776739244014,0.08488527824833082,0.07432223637563895,0.07512946787444978,0.05444624081660692,0.05977346941202423,0.06931489986841415,0.07273211118718036,0.0794966522372355,0.1027001766733909,0.113476575013544,0.11584366929296787,0.09787922300021674,6060007950.0
BR,202,test,False,-13.836895999999967,-48.30368699999997,2000,2009,2010,2019,10,10,0.21749564504167018,0.0717018262306946,0.0574078331747192,0.4014392858865913,0.9446479369545647,0.278652774853705,0.987749176830783,0.0,638.3093323224509,0.12677797430425158,-0.10208165901412596,0.1555856602344267,0.1822725005883468,0.17507469155286318,0.11687125754580696,0.06056379336524682,0.038551892531072336,0.02946219289764584,0.02122368501497884,0.018995553401855228,0.02378699822010778,0.05826523392795691,0.1193465407196926,0.3440314527118721,1.0937469657485486,0.4655759683685397,1.0669338823338699,0.0,513.5397147705446,0.12733105233956013,-0.5180301194950295,0.1840407315927909,0.13986054388853944,0.167798370770419,0.1207265703168889,0.060267265051601446,0.03796312281520983,0.02494349829326857,0.014599857095514751,0.009009825206761385,0.031808512615596495,0.07036182061231011,0.13861988174109913,6060007950.0
BR,203,test,False,-18.215176999999983,-45.26887199999993,2000,2009,2010,2019,10,10,0.5122654865536197,0.08401124030215473,0.08539068530343535,0.4527719341245744,0.9495475244911574,0.3553586143688057,1.0476321327005116,0.0,667.7057777857785,0.12936959957048566,0.327267375206111,0.18516733608963226,0.18278215083509314,0.15329382420237989,0.08927925361308262,0.0515367624551502,0.03736515618623796,0.03135786320952901,0.02503338326379147,0.024632496854209773,0.021772128576018703,0.054718548727970925,0.1430610959869042,0.36738124882113904,1.0138190491361183,0.16414194734280357,1.2225951092971017,0.0,400.0470389379653,0.12490655060375852,-0.5578855404239613,0.18990862631329625,0.11073536079066514,0.16429077704783526,0.08986783402667035,0.0543373831717882,0.0413355116234072,0.02971846661247791,0.022025912172928774,0.01731491428439667,0.03409884213703674,0.08034032512173163,0.16602604669776566,6060011780.0
BR,204,test,False,-18.407775999999956,-49.096386999999936,2000,2009,2010,2019,10,10,0.27069913260454775,0.05097721504909424,0.0753464143749222,0.12651388904144684,0.9826812967271251,-0.18640192469442698,0.4531549836511548,0.002737476047084588,1410.7955185071235,0.08755463991367154,0.28153934801978225,0.10518281758196106,0.11054809890835572,0.11536924059867688,0.09630020672725742,0.07771809655123035,0.06298342508410985,0.06261001881538397,0.06763450780796214,0.0661617444604667,0.06959727385752032,0.07286203333065262,0.09303253627642306,0.20186030341636904,1.0121275537346435,-0.2908171342897377,0.37983595146681204,0.0,1076.219686176326,0.08611402462916216,-0.38926954160135085,0.10580714732945837,0.0861873247850375,0.10468827120418371,0.08987478254741652,0.07156667541025903,0.06222231902313851,0.06167317864326461,0.06597382783058225,0.07469758113268934,0.08679944444521848,0.09060840040530008,0.09990104724345178,6060016970.0
BR,205,test,False,-18.446973999999955,-47.98437699999994,2000,2009,2010,2019,10,10,0.3739025961358603,0.12700631221449427,0.141894173348034,0.268362004210275,0.9670412059486694,0.06471909910139226,0.8917247937267717,0.0,455.1721785740924,0.11597512519487006,0.26845778411771776,0.1649387279240931,0.1652131489466261,0.15446146468825958,0.10725013194844626,0.06647281142203301,0.04735280295680415,0.04004459271431189,0.0332648951392762,0.030844608957730713,0.02997431276424688,0.04796719395565501,0.11221530858251702,0.126467830862241,1.038072743004491,0.06609051420040213,0.6985501348833664,0.0,313.1784530717733,0.09603226013562247,-0.39612924423265816,0.14366468607392452,0.10215702961053126,0.12743053473036264,0.09160491087811236,0.07044162085262314,0.05535052785053792,0.05320650574000013,0.049478451666976384,0.04394041696588756,0.05562287502863017,0.08694502720979606,0.12015741339261783,6060016970.0
BR,206,test,False,-19.017153999999948,-50.49967899999996,2000,2009,2010,2019,10,10,0.23664415734495,0.035633242735728175,0.007832738507892581,0.04530640739455872,0.9981758688462581,-0.0036704742465367155,0.38260096222297557,0.0,2438.3770049455084,0.08593551831576159,0.2613278499574795,0.09390950350173427,0.10474080762627418,0.11145137886770957,0.09770515132323619,0.07520417244279617,0.06722258996694676,0.06744196676946161,0.07350836320837252,0.07328092470199903,0.07587176881870891,0.07037329832124975,0.08929007445151119,0.0531391459024513,1.003905381751555,0.05991494053784421,0.3723198721706664,0.0,1924.5429264369734,0.0858666537770717,-0.36399181328922486,0.10364522595630336,0.09464161021171151,0.10989774539551564,0.08607259145390707,0.0695468760994071,0.06053203433069335,0.06899557718528802,0.0735862336658064,0.07467968240342554,0.07994489566238835,0.08170292218470665,0.09675460545084709,6060016970.0
BR,207,test,False,-19.129516999999964,-47.696298999999954,2000,2009,2010,2019,10,10,0.2609162248955832,0.06376533558461299,0.021335808630833314,0.23038081735918156,0.9452620836436852,0.16493852188378852,0.8562455904007735,0.0,265.97890029338606,0.11189182990226876,0.18773721744109872,0.16045691673173865,0.15739404483703182,0.14961603758521727,0.10025157982614123,0.07028641613149333,0.052506744198617096,0.04363767957882971,0.033187355268156755,0.032033135835746004,0.032504987566959145,0.05229246061894041,0.11583264182112864,0.20904500872834825,1.0867702709128346,0.27496315199028587,0.7716174442070489,0.0,204.89563635054049,0.10385133220475516,-0.13767650773644116,0.14855461471438558,0.11020105296190373,0.15198913029470396,0.10384668903993871,0.0755040837336962,0.058034435211276485,0.04570734641542141,0.035044835907159955,0.027363094143614177,0.044425727420155506,0.07992640603542904,0.11940258412231534,6060016970.0
BR,208,test,False,-19.86712499999993,-50.34593599999994,2000,2009,2010,2019,10,10,0.1356746600253017,0.05417158097161156,0.03785701323612683,0.07342849591667319,1.0005552417446733,-0.09943351209749571,0.4216506546238023,-0.001368738023542294,1876.8337025416868,0.08711611144370221,0.25479838469640265,0.10498703279432424,0.11464729421091772,0.11414878822314926,0.09505993168502695,0.07895960895623766,0.07138487450605062,0.07072810664323588,0.07358531036283465,0.06692011071941523,0.06985282328819024,0.06699945338241528,0.07272666522820233,0.035571482680546364,1.0039671819936888,0.009163005897833884,0.44393665492607787,0.0,1638.7135219694985,0.08579408669379109,-0.3637473042922822,0.11059031467577257,0.09208601661792447,0.10982697207035233,0.08177918550683072,0.07150054390941372,0.06642146551996937,0.0705610160602509,0.0721671339310997,0.07158008727055773,0.07997035772205398,0.08175250557353485,0.09176440114223978,6060016970.0
BR,209,test,False,-20.027690999999948,-48.21770899999996,2000,2009,2010,2019,10,10,0.11645502551989288,0.07380283385791832,0.002929100614024278,0.011473776554087217,0.9989804026724778,-0.018838819344160408,0.4564153986008254,0.0,967.9923672597864,0.08578324750541143,0.34796017790673767,0.10424563279768691,0.11248059448447432,0.10286021967673718,0.08741068269474515,0.07562635492176656,0.06964388153984233,0.07149610128347311,0.07492110002422986,0.07165636685218621,0.07421258352810589,0.07419246419925242,0.0812540179974999,0.014402877168111495,0.999927282429194,-0.020346411453678426,0.47895360554107813,0.0,861.5810887951014,0.0860417929224917,-0.37215053850804786,0.10460881748933065,0.0829212790170622,0.101223745764415,0.07190212946574778,0.06511203378317292,0.05731893567526016,0.06809065644829612,0.07406732061339605,0.08840551950905401,0.09590130549979264,0.09282846016203256,0.0976197965724398,6060016970.0
BR,210,test,False,-20.13124999999997,-48.56763999999998,2000,2009,2010,2019,10,10,0.15959276210642326,0.07029747346953291,0.017827791145952503,0.006781063506441843,0.9997466853617952,-0.005639275791564353,0.4548665777906509,0.0,1119.5290967640256,0.08734470092488969,0.34135817669207624,0.10861756094040752,0.11875241422988973,0.11001146752518909,0.09186612770265458,0.07760407212118521,0.06935121203346414,0.06922315063274632,0.06922311059254516,0.06647204006398834,0.0682415450118447,0.06957507395000277,0.08106222519608237,0.024608854652394346,1.0002772317959443,-0.007912397502810017,0.49069804853359267,0.0,954.388350347437,0.08658026572751781,-0.4331730668957256,0.11168275335694111,0.0871615667304185,0.10981231259719065,0.07909987324144799,0.06826431189776956,0.058695965716962485,0.06488444875147115,0.067815602432881,0.07789961115200168,0.08847634101357293,0.08823534540328903,0.09797186770605387,6060016970.0
BR,211,test,False,-20.28548399999994,-47.06297999999998,2000,2009,2010,2019,10,10,0.16978253364569368,0.07381197931137734,0.009536045923442357,0.047112188353544054,0.9990653067467213,0.028492959439282345,0.4749407030129706,0.0,861.1718058147561,0.08475083901264258,0.36108077263047966,0.10132800867285194,0.10366960204090585,0.0966533420483081,0.0837453603137474,0.07452838247347461,0.06773964675997417,0.07505417698786221,0.08382314030167294,0.07606735482647056,0.08130328571835771,0.0783550956259919,0.07773260423038265,0.0375761424301017,1.0037020222097477,-0.0234313172140388,0.5447227592393252,0.0,726.6983688735178,0.08627736394954577,-0.535279280017064,0.10372931656915006,0.08015982464527974,0.09623465037741254,0.06624510980249597,0.06142122487290523,0.0598177385574899,0.06842201160043652,0.07910111175854792,0.08828989573708597,0.10287088349041036,0.09418742069254174,0.09952081189624384,6060016970.0
BR,212,test,False,-20.31363099999993,-49.188072999999974,2000,2009,2010,2019,10,10,0.18949650868635806,0.05954606889560302,0.018201021507510365,0.049981106224377306,0.9942271766829713,0.025342154026160767,0.45685180054595137,0.0,1674.9957385698472,0.09066860280773179,0.2540246135889481,0.12009932850177293,0.13030975159774133,0.1172062697681335,0.09355188274165423,0.07698960674277824,0.06687764541670466,0.06413574055286426,0.06139641382600945,0.06074128184314648,0.0610962003615798,0.06437971929769391,0.08321615934992126,0.03178008471686694,1.004482288241606,-0.009020633161133343,0.4821107064096863,0.0,1385.850613442902,0.08864465975407382,-0.376106836899093,0.12284150422528244,0.09584828875997624,0.11903000243263379,0.08355771165548624,0.07084083488718565,0.06295224739169426,0.06121450133777626,0.05930138795003041,0.06476879531999831,0.07737163053278887,0.08166787250522195,0.10060522300192547,6060016970.0
BR,213,test,False,-20.666889999999967,-51.300122999999985,2000,2009,2010,2019,10,10,0.1296581432214928,0.08382250432321559,0.08371192050741816,0.04782436482965008,0.9976883740466151,0.068174435663752,0.5518213598241903,0.0,732.7820100542734,0.09033563554579567,-0.028506492962214944,0.11122556796683619,0.11786263913053292,0.12733143093724775,0.10211641894368267,0.08354712894475075,0.06428492866279586,0.05691390760238774,0.06378102812740098,0.06361474843152083,0.07613027779464725,0.05436355266482588,0.07882837079337102,0.13153628533706824,0.9033126633259073,-0.05059854460474045,0.6449718130394371,0.0,834.2277166876995,0.08904246907827702,-0.086284842581867,0.13235841734558015,0.09415645220451913,0.11666139932206382,0.08426902265115702,0.06004252165873182,0.07111082540424662,0.06581280564250247,0.0653824327963909,0.06758361266361702,0.06803599559117393,0.0762836725714976,0.0983028421485193,6060016970.0
BR,214,test,False,-20.66897199999994,-46.31356299999993,2000,2009,2010,2019,10,10,0.25754026171287125,0.07389462625949128,0.043142479577871595,0.26158549347118343,0.9591829820870497,0.07406879350351951,0.8134881102764197,0.0,809.0451749717325,0.1095379724898569,0.2786143371092929,0.1758367386050502,0.15806145933367874,0.12732240158067593,0.08637882900834237,0.06269167090223163,0.05082193501734949,0.045934991750699664,0.03863182488988164,0.04098439049365069,0.03893432085703864,0.06032503723191537,0.11407640032948538,0.21844301389331183,1.0479087627807544,0.04256910013618477,0.8678469456683918,0.0,625.3518768661603,0.108441995437146,-0.4684162856163935,0.18759561603976294,0.10641322127672968,0.1312657541626169,0.07983385724304463,0.061266829702567804,0.0567294362948913,0.043660974053400255,0.034717220256865966,0.03289643758638525,0.05411212188462559,0.07525576211287827,0.13625276938623143,6060016970.0
BR,215,test,False,-20.772787999999935,-51.61865199999994,2000,2009,2010,2019,10,10,0.11564361275988783,0.03164311752906187,0.0038649259215193556,0.002582428764753614,0.9997205893022036,-0.00022422313336031575,0.29958710750199585,0.0,6350.816611374213,0.08456416254783106,0.18772884736287063,0.09357763591135475,0.09806229010971756,0.10313094337331263,0.0930283512574216,0.08022210726069062,0.07559607568825887,0.07536320677744691,0.07800287369596907,0.07425723220200917,0.07845220991079206,0.07187467597325747,0.07843239783976935,0.00644735468627297,0.9999226173673901,0.007826888787553615,0.33341243790016717,0.0,5657.2606564197495,0.0845592304885696,-0.32296129606201995,0.1003030683299933,0.08541879274348167,0.10265693908047593,0.08571605915143982,0.07565689109067796,0.07231992820123567,0.07312312610810548,0.07687099425833877,0.0751935153713353,0.08074437004192378,0.07759869280935523,0.09439762281363695,6060016970.0
BR,216,test,False,-21.11810799999995,-50.20032999999995,2000,2009,2010,2019,10,10,0.15290428686532564,0.06532802488173639,0.005947253192810477,0.007469629680793396,0.9962068231209865,-0.011204278235575555,0.47884575131445306,0.0,631.9758564054956,0.08788397638150056,-0.0025829013538084112,0.12174693715698612,0.11811422141196593,0.10787717152645068,0.08177184577126805,0.07259327721218209,0.06659475237426486,0.0722226653227474,0.07669348101720141,0.06988231868962613,0.0693621725870031,0.06684944167944386,0.07629171525086052,0.013416882873603873,1.0001623695934263,-0.027558208442538583,0.6518744110311331,0.0,736.3867662991889,0.08860592657877737,-0.20473474882396034,0.14152647448477246,0.0920927721101286,0.10219062003745068,0.07236514150250327,0.06580996616005952,0.08058783846608855,0.0732985942582507,0.06742734897979204,0.061718441957023674,0.0756109672669903,0.07537520913978625,0.09199662563715387,6060016970.0
BR,217,test,False,-21.29802099999995,-49.780895999999984,2000,2009,2010,2019,10,10,0.12504024027724098,0.058889129475477336,0.02018194572513235,0.07717629751616428,0.9899476920217687,0.05099684108516558,0.6003086346113496,0.0,602.8151158485978,0.09372193249467163,0.006002610000446275,0.144133951458894,0.13991274657826994,0.10974730841424717,0.07323099525720429,0.06852524127748293,0.06307454567227294,0.06542267460219911,0.0621942998069552,0.060370327857473836,0.062418822726370456,0.06534484917522165,0.0856242371734085,0.05699435179103193,1.0039397917286266,-0.04168237286495433,0.698134640970448,0.0,683.1065038511755,0.09321667739851786,-0.15357911599049487,0.15933031165511724,0.09770322589248842,0.11273308383312555,0.07549583312212506,0.06642888565353511,0.07967204742409222,0.0652247532780756,0.05525521510506722,0.05292408071773722,0.06843525812368008,0.06902180982098685,0.09777549537396923,6060016970.0
BR,218,test,False,-22.52010299999995,-48.533826999999974,2000,2009,2010,2019,10,10,0.10753175096306493,0.057540601658365984,0.04325770238610213,0.17166027569119788,0.9930860226260088,0.13087370791176667,0.7410308659280356,0.0,362.0971756370583,0.10128476553319636,0.04298094215765676,0.16030991538709696,0.15213015814388509,0.12117914683090168,0.07511260806673119,0.06611541764431929,0.05229689308780196,0.05803207866062367,0.04796677284859059,0.048681921364015786,0.05445818381946349,0.06448549182946195,0.09923141231710833,0.12840257330509575,1.0033858675536809,0.08401222801355535,0.8625147976631715,0.0,403.2046977082243,0.10053571690284742,-0.15346702693530678,0.17501858525993266,0.11304379252710808,0.12496462521017962,0.07755320575106284,0.06593085690856791,0.07795127864372205,0.055010979204946485,0.04080748379446225,0.04059263456798373,0.05655826223537583,0.06834801504356788,0.10422028085309068,6060016970.0
BR,219,test,False,-22.60224999999997,-52.86850099999998,2000,2009,2010,2019,10,10,0.2942657340233531,0.05296114102328332,0.00676346226828336,0.008609994554465884,0.9996352236642967,-0.01095990185384638,0.3775710700191172,0.0,1210.5567650386618,0.08393561184526302,-0.05067190414512175,0.10190027095911494,0.0868454864500158,0.08499783995378138,0.07415209051091343,0.07692348006827719,0.07727358355789765,0.07974320710399711,0.0822066184764067,0.08994952807071575,0.08440795783691876,0.07874858929849704,0.0828513477134643,0.015373456822749244,1.000105786238522,-0.04238408336480487,0.563220624279524,0.0,1624.7372724163451,0.08540567314474715,0.06534673314845132,0.11434308732023356,0.08566647932499637,0.07930501734233567,0.07193065820365843,0.06669468907169986,0.08209742896357979,0.07284224968648446,0.0745293863493543,0.07088862963229492,0.0926705232030569,0.09382879003658666,0.09520306086571907,6060016970.0
BR,220,test,False,-22.66457699999995,-51.356228999999985,2000,2009,2010,2019,10,10,0.31324576389881303,0.06957773571770386,0.03695402371062817,0.10322105917951138,0.9960218567761387,0.012134213662832008,0.4998635217242051,0.0,1030.2367064074792,0.08545477809251688,0.02811167821381188,0.11198116953209325,0.10581591259741382,0.08759061282356362,0.06642741661364546,0.0791753534086647,0.0681665274949292,0.07612215303798085,0.07463773002444991,0.08930308860271471,0.08463535536551635,0.07462845793445072,0.08151622256457741,0.06626703546888321,1.0088215136089198,-0.0052092751600962845,0.6319474644059538,0.0,1409.217170218423,0.08626087565347478,0.04301589004183246,0.11928919761208703,0.09199417668412302,0.07995799425147161,0.06973573517476933,0.06838884240559896,0.09418064885772467,0.07711768011133613,0.06538437420257266,0.061219574195336586,0.09108469306561998,0.0904295615933135,0.0912175218460464,6060016970.0
BR,221,test,False,-23.131400999999983,-49.73201899999998,2000,2009,2010,2019,10,10,0.17224369283364127,0.07981673475749668,0.0154327046807846,0.06980661752562788,0.992337822124154,-0.0233275297249958,0.546908498225348,0.0,332.2254902839437,0.08559384115997976,-0.02336724769049137,0.10848846493131119,0.11066990135252389,0.09544219121709488,0.07804287661179894,0.07948421052136567,0.06610967397098627,0.0768505426533818,0.0732921534866272,0.08713996740917197,0.0781536599028567,0.07187472194721689,0.07445163599566458,0.08523932220641248,1.01103020642868,-0.10105939569524289,0.607948983623253,0.0,394.6730177067956,0.08653877842670611,-0.032878873599228135,0.12380889732066587,0.09734701949693259,0.08060382186575325,0.0717903794459463,0.07133584332947412,0.08286029190445648,0.0712668722013688,0.06299805357479751,0.06576311858019507,0.09202595174370427,0.08505173038233003,0.09514802015437562,6060016970.0
BR,222,test,False,-23.212196999999943,-49.22934399999997,2000,2009,2010,2019,10,10,0.12426443029885233,0.06700929833220423,0.01511383547660261,0.16200094790718225,0.9844466456024364,0.27416306270807983,0.6664381574448038,0.0,221.86066714889887,0.09384363014874121,-0.002298304189178811,0.13746063247869672,0.14738474590731127,0.1065016258473459,0.0752757039709291,0.07018981580776054,0.05890016095006399,0.06836637549096591,0.057483489583437374,0.06477121413318755,0.06388510512836484,0.06168164877102727,0.08809948193090944,0.14688711243057964,1.0214664431901703,0.2104969602758299,0.7157774938762734,0.0,251.2162167601235,0.09087942826735088,-0.09299118621173914,0.14165781504684302,0.11252143485419731,0.10060630984565028,0.07652142184688865,0.06782950505915908,0.08536681570212501,0.06646139485170642,0.04990528424025844,0.05036403958683279,0.07782146692912939,0.07613038407349955,0.09481412796370996,6060016970.0
BR,223,test,False,-23.36500099999995,-45.65903099999997,2000,2009,2010,2019,10,10,0.04018765502803305,0.061179270680272756,0.04970840096117227,0.15967890879017382,0.9619548263508024,0.09453221730144912,0.7277884426193258,0.0,59.50352335503477,0.0945324384151321,0.11186786200930365,0.13804006673479727,0.13595607463289308,0.10810074903397453,0.09103485592422061,0.06824609618458982,0.05684733431218393,0.05818762903627763,0.04796941431583799,0.05145833947548085,0.06060073088851003,0.08001321505542415,0.10354549440580993,0.2093873097513461,1.0549566281473752,-0.09008742690480642,0.8230662174774154,0.0,61.94353113481594,0.097810033129727,-0.32215381278041005,0.16005614451501346,0.10064614799806708,0.13100222742323794,0.08907138237595505,0.06854591201650638,0.06426997151188313,0.05562096064654291,0.04540524045035328,0.042363298905939206,0.06031279872429059,0.07062115954722357,0.11208475588498744,6060013750.0
BR,225,test,False,-25.54219699999993,-53.48854199999994,2000,2009,2010,2019,10,10,0.28515938489240017,0.09247411221644902,0.0010907063137400204,0.027064574786642665,0.9986191183670186,-0.016371929158725453,0.7334679417815466,0.0,1295.4235953330003,0.08750786202655914,-0.11680476039461542,0.07441765638584341,0.08149586235149438,0.06785354109004468,0.06092020097971349,0.08064848905738209,0.06626994933967277,0.07538952439176377,0.07526172210104932,0.1019162658199373,0.12933577850279074,0.10475670654826195,0.08173430343204598,0.025973868472902645,1.0019108043661278,-0.05580199578203588,0.6583977419382969,0.0,1722.8796865174136,0.08470194732101245,-0.18517233399065144,0.08333232496706706,0.07756058486492494,0.07979339467951908,0.06941117373530771,0.06564291686384943,0.10462774364395276,0.08709224665973422,0.0847328613511598,0.08020087643071583,0.10140455535899534,0.08087005654493197,0.08533126489984191,6060016970.0
BR,226,test,False,-25.61014199999994,-52.614327999999944,2000,2009,2010,2019,10,10,0.286653728126887,0.1104496147958999,0.012606602451315604,0.04650962983697041,0.99190449839762,0.0016025067640910793,0.7804990726306725,0.0008212428141253764,962.0344208288204,0.08855051911777906,-0.07186772840845088,0.07626795345736567,0.07761622553779311,0.07047484283514374,0.05255114264206771,0.07197491821009284,0.07270861806123997,0.07392775969346992,0.07277162470846613,0.10846954561215587,0.1316319999835117,0.10813606096692041,0.08346930829177286,0.03390302738565481,1.0042044060052941,0.022560778487375786,0.680311429481758,0.001095290251916758,1281.394168919155,0.08505281512313077,-0.20286048510277474,0.08706211197721879,0.07942636469362153,0.07846320893042973,0.07023409454878464,0.062430869786893564,0.11132089338390569,0.09225467527840922,0.08800643291907662,0.07878741202512893,0.09379815840455784,0.08104102145829632,0.07717475659367717,6060016970.0
BR,228,test,False,-27.55305199999998,-52.73848899999996,2000,2009,2010,2019,10,10,0.18730816871609293,0.08042156258497188,0.13353745628427272,0.3740382655190293,0.9834848551902396,0.11158827130237486,1.2420420008886168,0.0046537092800438,56.14986766564706,0.09739830993498805,-0.01842308473417608,0.05343451674288627,0.03557451202927484,0.033342305258319646,0.04015009271221025,0.08973912502393754,0.10179761354851627,0.11128117435652865,0.08642594849306728,0.10752124945740166,0.14859619090065143,0.1056851730789692,0.0864520983982371,0.24050080923475659,1.0368206961540023,-0.013047007520018309,1.025352056703475,0.029572836801752465,67.71667745606933,0.09154497349087486,0.05950328058264468,0.07114012502782519,0.03989390488927747,0.04220835472281641,0.0597579688715551,0.08766421049107448,0.11718347432361763,0.12365721186849599,0.08784866665398357,0.08229464726027429,0.11650287794560633,0.08465844017903275,0.08719011776644074,6060016760.0
BR,229,test,False,-29.014227999999942,-53.18846799999994,2000,2009,2010,2019,10,10,0.21033221014041695,0.11568717678299183,0.12761104741862844,0.26204054766386714,0.9905798954660348,0.18738364596468285,1.0111671397597517,0.0,208.61612441550918,0.09783338680408642,-0.2434157958336686,0.05973975038307488,0.039811518281442866,0.03969598046118414,0.04104500831454433,0.06612482324286421,0.08738106944428649,0.10525880991446221,0.09208580506703566,0.11679458517544068,0.1589860291328358,0.10868633624034395,0.08439028434248474,0.1344295002452387,1.0077419387733353,0.04300484398194319,0.903178119343518,0.0008214676889375684,257.4506491559122,0.08747443512225316,0.15342012220175386,0.08286039448468682,0.050448989658774056,0.05754646509227049,0.06525413999174594,0.08018513378400215,0.10061073517436725,0.11298023410132077,0.07954699294704594,0.0844602595327306,0.11210319125096069,0.08475513510192705,0.08924832888016826,6060015560.0
BR,26,test,False,-3.8327909999999297,-49.64723399999997,2000,2009,2010,2019,10,10,0.17679118691493084,0.024896555413849004,0.01922650963978259,0.1802686831626447,0.9955827221013986,0.22733643574025245,0.8863205507339051,0.0,10822.510663495757,0.13453003456836046,-0.07944023244640515,0.10696221599275567,0.1468951013377701,0.19337880919526892,0.19204792446041175,0.1349980916729592,0.053550029452701195,0.02992212018300709,0.020495506887370812,0.016462770071890086,0.018549105032328327,0.02838869511311815,0.05834963060041852,0.1610421735228621,0.9964684171809515,0.13109540579663378,0.8582823275387967,0.0,9068.774132667031,0.13093710552673168,-0.32312819182947666,0.10683122519868218,0.14741011055195327,0.19422657036999938,0.1896525885896039,0.11679522315448107,0.04965635109560388,0.029648438309614947,0.020624687126520345,0.01910202897395025,0.023032005917488288,0.03587223034582515,0.06714854036627732,6060007950.0
BR,27,train,False,-9.42265999999995,-40.824116999999944,1980,1989,1990,1999,9,10,0.22576518007686008,0.040620062383543105,0.11064693653322921,0.18534479259940562,1.0119467578494206,0.1591551872613637,0.7002056686161018,0.0,2722.814175628188,0.10235287177338172,-0.47290753803058905,0.14301556094400922,0.13427205236913867,0.14015392620796013,0.11683007860256059,0.07085063181375308,0.05099864244593873,0.04646128230923318,0.04232808914229713,0.03799534045445201,0.04688054216921668,0.06413973557818818,0.10607411796325256,0.29599172913263483,1.0038235485480833,0.25161121241940876,0.8291247985678974,0.0,2172.548253091417,0.10642213125164622,-0.35859534836271045,0.15928769543403956,0.12667280621782515,0.1554095003753225,0.10039489163471707,0.06600158800462201,0.04864931137932806,0.04455977242968987,0.03986471779296815,0.03668022266286996,0.0431732868010266,0.06526201042390378,0.11404419684368725,6060011780.0
BR,27,test,False,-9.42265999999995,-40.824116999999944,2000,2009,2010,2019,10,10,0.43886642727694314,0.05895157013633877,0.11155203690230117,0.3309035037277781,0.9774311520624968,0.17985941369586333,0.688822634591284,0.0,1948.55892980556,0.10688147369313927,0.18975071357367845,0.1493061525603738,0.14344435492570787,0.149339483150598,0.11781585696342362,0.06667842525327507,0.048002354286350864,0.043171684060077424,0.04068193462867142,0.03746641071708811,0.04029194951845519,0.05825400391923644,0.10554739001674227,0.21935146682547693,1.016331494348597,0.20944757594195684,0.7795281203184631,0.0,1256.3662950815117,0.10155776420144055,-0.6681791615101444,0.14371387040718342,0.12854743771052846,0.11170419984409971,0.11806190525379578,0.06603010770395144,0.05204986162770523,0.04567305225559491,0.04050316471652435,0.03760429868007876,0.048235883120339426,0.07376809063066322,0.1341081280495353,6060011780.0
BR,28,test,False,-20.372909999999933,-51.377076999999986,2000,2009,2010,2019,10,10,0.17794148355854267,0.03257972766837829,0.004010051645817029,0.011750127731433444,0.9995533789061981,0.00585314769540821,0.31582296778219393,0.0,5156.427772531808,0.08509291016999099,0.22655125828991365,0.09418244392612272,0.10034459607893263,0.10786719039770593,0.0957043470639665,0.07758396456581478,0.07213249792520371,0.07282210053123446,0.07690290082097431,0.07296474733710531,0.07800815362365211,0.07149425586821269,0.0799928018610748,0.015760179377250473,1.0188529093392504,0.03925009336816767,0.32985399882916405,0.0,4315.885699371398,0.08481348283712793,-0.35743935634380064,0.10023001617775387,0.08845607017785861,0.10624797767131636,0.08447719608545637,0.07403716834847031,0.06925524147296071,0.07236227183268404,0.07594194412670764,0.0761098648466455,0.08073477970380943,0.0787095961344331,0.09343787342190404,6060016970.0
BR,28512,test,False,-23.456806824999944,-46.907071050999946,2000,2009,2010,2019,10,10,0.12154357102187271,0.03271116117421419,0.003245492672864971,0.00834994238426005,1.0058354431858036,0.0036001683692906705,0.6468920653034508,0.0,109.25414952490904,0.0895572111457106,0.0708810018181536,0.12657479651637285,0.11434842360945013,0.10687052310520696,0.07342592808025962,0.06573550673585514,0.05791676089635267,0.06690377579561545,0.05764963221855057,0.06347413359626854,0.0763476584848008,0.08758433500499224,0.10316852595627511,0.005104449711395079,0.9966462336822671,-0.004998351925537184,0.6583954079014644,0.0,123.37399924083687,0.09078092527824384,-0.04967265438154811,0.13695705666223018,0.10717844467192517,0.11364695944047637,0.07621819926331666,0.06549191096085426,0.0698601015230313,0.06270553154746653,0.05433813694907101,0.05788317747329332,0.06945690863118403,0.08227819403752433,0.10398537883962684,6060016970.0
BR,29,test,False,-22.471581999999955,-52.958684999999946,2000,2009,2010,2019,10,10,0.08006067883169223,0.029038646445436814,0.0019508516664024228,0.007443544021113059,0.9950206469061067,0.004859129251792094,0.2834397327085246,0.0,7244.096251816851,0.0847356530109194,0.16221189383995646,0.09527951779609135,0.09958489030623405,0.10413962295615359,0.09255866108013805,0.08028912674979406,0.07518570796325737,0.0749649081096505,0.07616499614571555,0.0735490490624285,0.0772521935949943,0.07194663773568621,0.07908468849985656,0.009394395687515482,1.0001934290616328,-0.00588346174195819,0.30982673693019913,0.0,6686.73790909587,0.08476956651918621,-0.2654650112773648,0.1023487031519962,0.08825279487884527,0.10408877318449951,0.0859379079725247,0.07647306718016503,0.07340263958790288,0.07240998795349093,0.07353940861061832,0.07329373655988813,0.08011148074965964,0.07686275809431259,0.09327874207609674,6060016970.0
BR,30,test,False,-25.405426999999975,-54.594791999999984,2000,2009,2010,2019,10,10,0.0942590435897738,0.03241001695253861,0.002341364224544418,0.012219631510790252,0.9996194094146017,0.013681310493855906,0.22834646634645303,0.0,10534.444055247823,0.08394863203284084,0.09538998382182745,0.09245717020955788,0.0962996869579173,0.09502654734028501,0.08480491091575919,0.08129790149335465,0.076126962337635,0.0764364830574659,0.07547889679339684,0.07761034930933564,0.08288584148792433,0.0781623974175854,0.08341285267978273,0.01456099573533467,1.0003035607559476,0.014589956236873638,0.28573921870811014,0.0,11575.714410974531,0.08440764244832019,-0.08251634988883166,0.10114046725721088,0.08618216526799037,0.09696658681002547,0.08217157254766226,0.07585134711186885,0.08292550488534817,0.07737469793989006,0.07163946279299876,0.06723718079670482,0.08484131567115748,0.08195610929823433,0.09171358962090854,6060016970.0
BR,3464,test,False,-19.501357999999986,-40.91554699999995,2000,2009,2010,2019,10,10,0.33730121740891494,0.07639161438529149,0.0004942568910511484,0.002088320979205795,0.999893449172909,-0.0002591687677074201,0.8661053462159374,0.0,744.6884966398472,0.10832857670351767,0.12392597607699814,0.17951579711116944,0.12475323415522593,0.1168464279041041,0.0844733418722105,0.0598064209535111,0.049208442856978084,0.044508215870375616,0.03906811086743084,0.03775444393551446,0.04017150615036514,0.07922507448273848,0.14466898384037635,0.0025825778702569433,1.0000046476515325,-0.0007385043763764376,1.1482274585912444,0.0,531.4795857078512,0.11228746665962709,-0.6127497169964277,0.1590478985971307,0.092874856562336,0.10706716892101108,0.07975200807560365,0.06311119302066892,0.05107477109008171,0.04309479275823859,0.037510390194282595,0.031180842222136834,0.04559820873056156,0.09157614825311397,0.19811172157483456,6060013420.0
BR,3472,test,False,-22.900807999999927,-49.99479199999996,2000,2009,2010,2019,10,10,0.20736542627272878,0.06516518737529217,0.0003118154114873555,0.004715380285320757,1.0008010370556233,0.0058207479571837925,0.39125528911929724,0.0,432.3613881203458,0.08459374348119758,-0.042182061317101005,0.1033128923940082,0.09615299249835405,0.09628202875640188,0.08054494848319249,0.08391250458757558,0.06832736178814593,0.0707216033235867,0.07700926458686243,0.08632006433556552,0.08083217288931953,0.07436328370112448,0.08222088265586332,0.004403564873833402,0.9998766997146079,0.001709144362510484,0.5601139173094389,0.0,531.9913401957633,0.08592222842703687,-0.05327838423632943,0.1199212880657779,0.09108560732374732,0.0769403652471843,0.06879300706095386,0.06988377923869256,0.07376590841741236,0.07168802714818692,0.07266515210503824,0.0756887048970435,0.09080613025647229,0.08901478618795279,0.09974724405153806,6060016970.0
BR,3481,test,False,-25.14062999999993,-48.87182399999995,2000,2009,2010,2019,10,10,0.264287539114064,0.06955196356678679,0.024678542334359482,0.1734218487463786,0.9621640021562217,-0.08085651439527272,1.3170142386981145,0.0,19.458337341156962,0.08570640746377171,-0.08711812949983057,0.10343250401477903,0.10189787010045813,0.08838663533902326,0.06584614497332127,0.09590795181130504,0.06593746645202259,0.0758807101361633,0.058482781422606066,0.08092097696034627,0.0910177764275644,0.07987511681884679,0.09241406554356377,0.19810039108073807,1.0115465706639994,-0.24662449071033166,0.6367107310444178,0.007119386637458927,25.344536202914426,0.08579959367947865,-0.15768038141144608,0.11344334077482736,0.10414563921705167,0.09763786987924218,0.08077998510030485,0.07347077681601194,0.08455741730440304,0.07685394377100413,0.07199787995832722,0.06256960062391366,0.08014744998890103,0.06914984724564247,0.08524624932037039,6060014460.0
BR,3483,test,False,-25.75625999999994,-52.08541699999995,2000,2009,2010,2019,9,10,0.17342068578495054,0.12032432635825141,0.44972337182872496,0.23539498826746114,0.7019165918895861,-0.16319068034260134,0.8486764166266242,0.0,125.61991871694173,0.08822208228154536,-0.1307806272243845,0.08072605838078264,0.07325447998825284,0.05732598627321458,0.04159823750472764,0.08167343523068589,0.08723410306793777,0.10744710183032859,0.08087385742929581,0.11639887474092354,0.10596822975518172,0.09242904175227029,0.07507059404639858,0.6851183600961861,0.31007559119587547,-0.2667542716735426,1.035470596851496,0.0,149.40810413253806,0.08920827275416739,-0.1878218145393969,0.08939186708901437,0.06933499170957445,0.0789117738828546,0.0689286673291057,0.06711146795908679,0.14609998680762665,0.10299832568953139,0.08382770816868958,0.05665948631931282,0.08498417999888111,0.07575838526300496,0.07599315978331762,6060016970.0
BR,3486,test,False,-26.65388699999994,-52.54185099999995,2000,2009,2010,2019,10,10,0.13964387118151536,0.1374090169222017,0.02210844600406794,0.01695009812455763,0.9934682754183539,-0.003389441253377678,1.122442291476851,0.0,78.70028717393288,0.097664141861148,-0.09720526881848725,0.0605640074848023,0.05008300289623088,0.046656269725947296,0.05088383299691487,0.08833117733557126,0.07739376126897546,0.07625829982739242,0.07139406264860806,0.10733457453484115,0.17533183755647871,0.11509625769181156,0.0806729160324258,0.03905854412862557,1.000428079959869,-0.037376521087609596,0.9885245107889783,0.0,90.49464480848295,0.08745231797169346,-0.07594499905307454,0.08007907154232718,0.05791438347310986,0.07602135214399505,0.06493764862346375,0.08436929291362848,0.12232152672447304,0.09530362570785797,0.07406464555584633,0.0712859687904488,0.11689019099203327,0.07801872605841738,0.07879356747439903,6060016760.0
BR,3491,test,False,-29.259050999999943,-53.23645799999997,2000,2009,2010,2019,10,10,0.2536758519111716,0.0631258126244165,0.037793095447924585,0.03159909309594175,0.999745793778862,-0.044847409540057295,0.6651913716809994,0.0,267.1243101038654,0.08817047385681323,-0.2733035658132453,0.08002241477163001,0.06737087234529225,0.06546005286831877,0.058268671909750686,0.06359608946923896,0.07451258544522635,0.08336885828844727,0.08145447626606091,0.10520545495614107,0.13015200695702384,0.10520096468404351,0.08538755203882623,0.06939218854386633,1.0000844732121776,-0.17792893803425802,0.7402098705818246,0.0,344.2575203152531,0.08544995092462941,0.1525117550350626,0.0970220423793814,0.07095450211115546,0.06796255309488321,0.0648587556458571,0.0695806390736385,0.07381997993475106,0.09593786923809788,0.07983215788433481,0.08440124092183587,0.1025686851659926,0.09277761177716483,0.10028396277290713,6060015560.0
BR,40670,test,False,-19.11432912099997,-42.66127761299998,2000,2009,2010,2019,8,10,0.4376382881678751,0.0921055119090517,0.020689486075354535,0.02096502506790672,0.9982152753607233,-0.006591014807642319,1.0566426641592366,0.0,151.53205221780792,0.1162072010679682,-0.10856126315122842,0.1872369822751476,0.1281652714145686,0.1252845349355556,0.08607507178526375,0.05498069882005542,0.04463917294702607,0.04052515751073785,0.03277185807866545,0.03158552351880688,0.032045199236827165,0.07446768206092656,0.16222284741641893,0.041654511143261255,1.0004538844366468,-0.05527845760830159,1.3361213676048447,0.0,97.82291753357302,0.1163058401202186,-0.5579149690356638,0.15538728828751683,0.09762928778630328,0.11656862757283418,0.07853270574864449,0.061184487460616964,0.04545575102564974,0.037143372826578924,0.02959323196132171,0.024684373426494655,0.04561603095379117,0.10602377440395454,0.20218106854629347,6060013420.0
BR,40862,test,False,-20.913644999999978,-41.72119699999996,2000,2009,2010,2019,9,10,0.5326046762277831,0.1198184011299722,0.004671371594272132,0.013196905429490863,0.9866628213506661,-0.013473079219374458,0.9517400132138559,0.009765028989929814,44.533249618037594,0.1106662987965002,0.26204092764445863,0.17601079278224585,0.12102414362642756,0.11964304371155123,0.09808085778635771,0.06122886487857297,0.04508743999000431,0.03976788807761409,0.03362150661448803,0.03425124561439117,0.03512411592530084,0.08402895695360776,0.15213114403943842,0.008525533835218731,0.9999529623352689,-0.0023379851967070373,1.0005592337195084,0.0,26.144305826269505,0.1058866883339457,-0.43233241933694233,0.10406304345208965,0.07509192685026451,0.13647916645878067,0.10142022858763876,0.07330873430213965,0.054100846637702114,0.045323118475631786,0.03904855842163451,0.032312810590738233,0.05062597996916333,0.10238750569652312,0.18583808055769363,6060013430.0
BR,41066,test,False,-29.030821037999942,-51.521426847999976,2000,2009,2010,2019,10,10,0.007105616377224256,0.10590733400984939,0.002582644376906483,0.0022682000193956055,0.9998725547683474,0.00015271034529500414,1.6244682238840018,0.0,306.1351207718889,0.10373474039937543,-0.16920436663215058,0.045241877135290744,0.04861352778216533,0.04506991291352082,0.03863051576821681,0.07655209450787347,0.08075342244371021,0.13442563147296768,0.08156597549520694,0.15140900181883676,0.16273552871892633,0.07688341059261312,0.05811910135067168,0.004850844396302088,1.0000491571077048,-0.0010121694388796991,1.5191102953185105,0.0,303.9675521197438,0.0943992867477711,-0.019715787351295894,0.06190062300881122,0.051560255966510454,0.06072163211099236,0.05961710067490274,0.06972171273235508,0.110785361191317,0.1327392892237027,0.10119759259542663,0.10402349762293613,0.13624011584026866,0.06187248588270446,0.049620333150072776,6060015560.0
BR,6874,test,False,-27.778444814999943,-51.18900240499994,2000,2009,2010,2019,10,10,0.1195438113260521,0.13898572160336575,0.21520113888531683,0.1162214833401699,0.9437390153366082,0.019516626417238093,1.4618389969908836,0.004927456884752259,282.26360517244115,0.1021586087738253,-0.021258118117615268,0.05186191286170258,0.04453581342067359,0.048194412447591296,0.040163789202152564,0.08367049987833541,0.06987456080302358,0.11010022392259183,0.08693622655154128,0.16242726343278474,0.15859427709035365,0.08004775588886157,0.06359326450038788,0.33142262222548674,1.0145133789682377,-0.001638996782648952,1.5291087645671557,0.0,318.1061766072194,0.09109438432998365,-0.15894197235661828,0.07543935277862215,0.07178232720963859,0.05843349018451587,0.05181769085710197,0.08086714305908885,0.11335324272227125,0.1187213368690826,0.10110522019141002,0.10178704859101702,0.11994486126250661,0.05391951741714025,0.05282876885760473,6060016760.0
BR,6875,test,False,-18.52736084199995,-51.147844593999935,2000,2009,2010,2019,10,10,0.06494328212669336,0.04844986414868449,0.020580097384573046,0.0,1.0,0.0,0.5679649279469318,0.0,214.3807628020646,0.09864352727876367,0.1172231795046537,0.11744511187373036,0.13643333530278395,0.14887184033836773,0.11284623690024478,0.08129457221679466,0.059850385436508474,0.0522606777397028,0.042840924719204775,0.04416463677995529,0.05038048688565108,0.06466874845525104,0.08894304335180496,0.020580097384573046,0.9966674110722267,-0.0021758269040877353,0.6202000442588014,0.0,200.90063192929824,0.10049427098432555,-0.24388461620504248,0.10914161618056298,0.10877050392910682,0.17056792164226156,0.12340156448658214,0.08601254002356525,0.06685638300764267,0.052769673950574754,0.04268180271021405,0.03635023467877258,0.04695748808274684,0.06863424212492765,0.0878560291830427,6060016970.0
BR,6878,test,False,-6.589608350999981,-47.46457271699995,2000,2009,2010,2019,10,10,0.19778661237364994,0.03338906078696298,0.18692196450990484,0.0,1.0,0.0,0.7089746629410568,0.0,3645.8377831696794,0.10552173832831899,-0.1254683697081143,0.12163239769436587,0.13541817300361433,0.1561135983294144,0.13847709113129442,0.09078064511862752,0.05228405162920292,0.04331127837985828,0.037363493687466935,0.03599997567704544,0.0406266750081822,0.055317734993892864,0.09267488534703482,0.18692196450990484,1.2530542858053242,-0.0002659971235481394,0.7042641255622382,0.0,2991.573703450164,0.10569057609395881,-0.41582348934762664,0.1268943997971323,0.13120981040946622,0.15999218458813622,0.13771773229760575,0.07250731694511178,0.047348012282726754,0.039467539986844755,0.03599526024134621,0.03907987585080113,0.047913919165634124,0.06463296488810355,0.0972409835470913,6060007950.0
BR,6879,test,False,-27.141517721999943,-53.04275880599994,2000,2009,2010,2019,10,10,0.1996860899414699,0.10795597742502225,0.015110566936432878,0.0,1.0,0.0,1.0228428167686352,0.0,1283.6394401911075,0.0965139815383783,0.11582435578938677,0.05723998946229849,0.04920593890270116,0.04458232154160256,0.046583323112273686,0.08143161375764965,0.08105774628598875,0.09800813151023395,0.08243853163820683,0.1301860846981164,0.15874468574995665,0.09883421751133693,0.07168741582963488,0.015110566936432878,0.9972614925293775,-0.020065015284877103,1.0195017761582028,0.0,1567.3486689891981,0.08719268961170716,-0.08723738017340665,0.07370498444864768,0.06634421170519918,0.06488899907755946,0.06468617239992865,0.07479676138076978,0.10578038896426623,0.09740368170405239,0.09365907177249262,0.09066050229808191,0.12256432826746141,0.07954626108294263,0.06596463689859813,6060016760.0
BR,6883,test,False,-9.761948324999937,-48.37049084899997,2000,2009,2010,2019,10,10,0.26594310326352466,0.10526360653932175,0.09458771563025115,0.11466521257616835,0.9767376752137322,0.1487903953471006,0.9160490918052621,0.0,2027.3486020136318,0.11781827809342815,-0.23803806148335382,0.14502252615828673,0.1597946269426057,0.1722262834053647,0.132486985557418,0.07418089737948334,0.0421123783588952,0.03450626499592064,0.027333936429206698,0.02708217160232953,0.03281456755891202,0.04981395733669658,0.10262540427488084,0.020077496945917213,1.0005332954201542,0.011375207448867603,0.699539369994856,0.0,1553.9277045676777,0.09971330829594469,-0.46214365617485104,0.13460051774693949,0.11967354164953502,0.1439651623962306,0.11732855759264488,0.06287993351848672,0.04657744130470732,0.041341255693006604,0.041523274229959856,0.04917580594223528,0.058374739222514634,0.07870336916754127,0.1058564015361983,6060007950.0
BR,7256,test,False,-18.80891651899998,-51.17423571699993,2000,2009,2010,2019,10,10,0.12463932517133125,0.027488829762217826,0.029625151112564512,0.0,1.0,0.0,0.38771830225470066,0.0,193.8043616921966,0.09027183877327823,0.03607385101077415,0.10984398410267532,0.11703023167979827,0.1281605954641892,0.10055899708255937,0.0801141678228289,0.0675239841643034,0.06367307555325223,0.05747246283602966,0.05607481007224828,0.0604114134554361,0.0700392572736549,0.08909702049302426,0.029625151112564512,0.9849568292406283,-0.0067075917925137445,0.43066131159473325,0.0,171.09344687326382,0.09096454888229616,-0.11178126822553118,0.10837004467679597,0.10448719999220965,0.13475915786631731,0.10371288361354347,0.08079828665832545,0.06846745114616715,0.06291865088589589,0.054695061068724155,0.04836061121974565,0.0581855800938508,0.07924623238301312,0.09599884039541144,6060016970.0
BR,7257,test,False,-19.14382029999996,-50.756319118999954,2000,2009,2010,2019,10,10,0.16930157289646405,0.02935367302371996,0.033195674674368486,0.0,1.0,0.0,0.3877880707552359,0.0,211.20163250157702,0.09027599456272613,0.03672291503466911,0.10985246713953932,0.11708867763967937,0.12815238546621546,0.10054348576108213,0.08011801051074163,0.06750953567762914,0.06368122543168707,0.05745919591107835,0.05607437846702806,0.060410061351554335,0.07002755907383437,0.0890830175699307,0.033195674674368486,0.9924997482653246,-0.011034986343234776,0.429991410414926,0.0,178.30787812495038,0.09022622933264271,-0.06778168365584797,0.10561845545749834,0.1018124972406358,0.13348239617269406,0.10342118406555607,0.08347163079232144,0.06953261649543288,0.06281736493790581,0.05446899251632372,0.05008496141292857,0.061784451170330934,0.07973088374352466,0.09377456599484774,6060016970.0
BR,7259,test,False,-18.72124172499997,-51.00298359399994,2000,2009,2010,2019,10,10,0.11841448518191115,0.048430503707328335,0.021801070557343774,0.0,1.0,0.0,0.5683312632163796,0.0,223.4105892530261,0.0986500726464907,0.11884368550161338,0.11745934779522159,0.13645600387681725,0.14887838352870197,0.1128714954654145,0.08130612637386403,0.05986217638767527,0.05227018656542481,0.04282359255207062,0.044169816458297165,0.05037694174869959,0.06463299254628418,0.08889293670152888,0.021801070557343774,0.9946689860853156,-0.007842817847694375,0.6268097884472107,0.0,198.46183224280523,0.10067746601481842,-0.20417052734078348,0.10952377019466596,0.10947177283332876,0.16961438067739742,0.12448184612467357,0.08520326168547815,0.06673000875375049,0.05226478002749634,0.04277907887748195,0.035016878995898976,0.04606910436033073,0.06955858315350665,0.08928653431599093,6060016970.0
BR,7263,test,False,-29.004544279999948,-51.383212594999975,2000,2009,2010,2019,10,10,0.07173667089143679,0.10524577045806277,0.010052187792828269,0.00508549971822826,0.9982194503034364,-0.0043082118117064964,1.5840003602228176,0.0002737476047084588,174.12483402702563,0.10100722360474929,-0.09304115231658085,0.045977056493379305,0.05269778758450984,0.050172347670789964,0.04311073161435874,0.07964810488732942,0.08076292685751549,0.1253368516221439,0.08115246437133514,0.14958473599567512,0.1585179097066442,0.07714351988273288,0.055895563313585944,0.015137687511056529,1.0001942950889973,-0.004213998091344503,1.5979663968976108,0.0,187.07491466419037,0.0950682331393668,-0.010832033216028708,0.06482960042848018,0.05567136127971809,0.06322479870587928,0.05512078700504431,0.06831898018328607,0.10866080328078535,0.13484371552306498,0.10210487044912309,0.10667877235286131,0.1371733789762602,0.059021858007281415,0.04435107380821594,6060015560.0
BR,7270,test,False,-23.16874588299993,-49.368449898999984,2000,2009,2010,2019,9,10,0.18359142310259308,0.08896595629361188,0.002112205597219503,0.0021416724666478955,1.0000597780945766,-0.0011873726669497586,0.41346981241035186,0.0,210.54889249069961,0.08447704180971322,0.012451672577122139,0.0719979029159214,0.10079239466464507,0.10000097199750492,0.08759185148111975,0.08652962601542652,0.07471059143546956,0.07886328469451213,0.08406530410304863,0.08719835914050181,0.08272307105449103,0.07870496577442165,0.06682167672293748,2.9466869428392818e-05,1.0000006734344442,0.0,0.5719018506082907,0.0,252.9797175226598,0.08557698742509837,-0.12432481402776749,0.11420615115854045,0.09800130915088423,0.07717799922122523,0.07397843452669495,0.07551194893633899,0.07240896314140385,0.07172122103878975,0.06968314404850194,0.07230340717477761,0.08830015176795776,0.0862421918335522,0.10046507800133306,6060016970.0
BR,7274,test,False,-27.60288157399998,-51.32649867199996,2000,2009,2010,2019,10,10,0.12671149522374625,0.1471249415118572,0.04624576771531881,0.026292696333353155,0.9858719925936218,-0.015129658571711843,1.0341425366032553,0.008212428141253765,332.6743942134121,0.10101734121497025,0.02365372404772038,0.05898433668365043,0.052294493072895444,0.05044966064368444,0.04398616181988182,0.07302107119359766,0.06103956394645535,0.08797588357883761,0.07630182711148273,0.14454095897177321,0.176023786557666,0.10265716040568652,0.07272509601438863,0.07253846404867197,1.000477471463029,-0.15961089107018844,1.1001969623956427,0.0032858707557502738,377.61520906174104,0.08901712571661552,-0.11612378020569361,0.08539300835903113,0.0738594413685656,0.06411190843929822,0.05644755848708054,0.07894446724578766,0.11521260240033467,0.09167515542592353,0.08553379783632149,0.10106987136449717,0.12749891696259805,0.06488185906168871,0.05537141304887339,6060016760.0
BR,7424,test,False,-29.065681581999968,-51.674677680999935,2000,2009,2010,2019,10,10,0.0021377471475423388,0.10949942731340985,0.006682075461360644,0.0033094081278767394,0.9993755638254581,0.0,1.6421490442563795,0.0,316.9350751220954,0.10458623735223843,-0.1621776016439553,0.04532248172430906,0.048923902204642974,0.04474173072577747,0.0381936584356013,0.07615539457135473,0.07965433679692577,0.13356561573298809,0.08012278941758781,0.1521990737852996,0.1671042356378016,0.07714394128019497,0.056872839687516594,0.009991483589237384,1.000085028171791,-0.007118786135087545,1.5272560480466915,0.0,316.25827174428935,0.09452478642319,-0.05499191285887342,0.06165799373710709,0.05081225909092669,0.06073647359631398,0.058324430480830323,0.06977201927210837,0.11133238753843243,0.13399596924078933,0.10316442866684256,0.10619292981953386,0.13285535772309648,0.06207383367491987,0.049081917159099146,6060015560.0
BR,8393,test,False,-21.291399999999953,-44.62147699999997,2000,2009,2010,2019,10,10,0.012283429864938787,0.10947816940761501,0.012677285968643126,0.015010180342409668,0.9893442945760703,0.007049783481659381,0.6117447495277916,-0.0005474952094169176,114.66073184180563,0.09197072034985623,0.22883160648037953,0.12869676476872052,0.14154015132150186,0.0940623450548751,0.06637463831065378,0.0618903339096695,0.0632057363532173,0.0668733960528382,0.06549602416996642,0.06586842871727783,0.06439998710154586,0.07406436502428888,0.1075278292154447,0.0023328943737665427,1.0000151772176307,0.0,0.8202276040635109,0.0,113.26091963208565,0.0991511644597214,-0.6885820823932111,0.17342876363171622,0.09707744269686366,0.07689931216995194,0.06387292479683916,0.05871281301315795,0.05420562046224825,0.05507916319290449,0.051369735902485156,0.05861587224793439,0.0806667836426036,0.09065420927415237,0.13941735896914284,6060016970.0
BR,8396,test,False,-21.622916999999973,-47.01041699999996,2000,2009,2010,2019,10,10,0.16168467700735734,0.03949921299301123,0.0025832962059355712,0.004835266608333661,0.9818218587652814,-0.006374908389668504,0.5128647461202295,0.0,76.52397548550526,0.08852636098168892,0.24363525550318538,0.12324517665305082,0.11559883226507578,0.11114670008841483,0.09039564286228993,0.07942818414142179,0.06759356617970977,0.06367781853838117,0.06275785418901587,0.07076251660120146,0.06930307253812813,0.06610593153856846,0.07998470440474195,0.007418562814269232,0.9999575298502091,0.0038460258723446695,0.5562080801424005,0.0,65.09966607358287,0.08831461354789677,-0.2723720363646418,0.11555106088830264,0.09758080688789211,0.12400915446063267,0.09476508070803219,0.0784735273242518,0.07244852725071413,0.06388604442480808,0.05994826333765603,0.060739692418651944,0.0732032775353632,0.06855248909397775,0.09084207566971748,6060016970.0
BR,8448,test,False,-29.07435099999998,-53.20867999999996,2000,2009,2010,2019,10,10,0.21370989931380302,0.055345429684970464,0.003450977683420485,0.0056852181584494095,1.0000838407824884,0.00018219292241937246,0.6579905004176649,0.0,210.85707477832395,0.08705194957386854,-0.28761698753570963,0.08824429014664978,0.07554928038990463,0.07341718459079685,0.06001597361384974,0.05999440624605808,0.07042345218471499,0.07740109448839809,0.08019633570641867,0.09997262204704732,0.12112531352359246,0.10594194551392605,0.0877181015486433,0.009136195841869895,0.9997463765707123,0.020034252116236044,0.7385375912528157,0.0,261.09659445489467,0.08516704977633764,0.15787750993391908,0.09384561818463609,0.08167974405031421,0.0720389445236192,0.06393680307937967,0.0668967602925204,0.06938652127435059,0.09429248168857776,0.08376262274821365,0.08273887508278262,0.10052004114642585,0.09085070614792899,0.100050881781251,6060015560.0
