scenario,model,ID,MAIN_BAS,observed,predicted
cars,mean,1017,7060047060,0.3767102226800422,0.316469790499904
cars,mean,1026,7060047060,0.25625519090176824,0.316469790499904
cars,mean,1033,7060047060,0.3421777595752804,0.316469790499904
cars,mean,1036,7060047060,0.19946345325612022,0.316469790499904
cars,mean,1042,7060047060,0.3086252424534333,0.316469790499904
cars,mean,1067,7060047060,0.5998478490301629,0.316469790499904
cars,mean,1086,7060049270,1.0688908847059717,0.27651890957555814
cars,mean,1092,7060047060,0.5538973189418028,0.316469790499904
cars,mean,1101,7060047060,0.5732890822190375,0.316469790499904
cars,mean,1112,7060047060,0.4529900451763571,0.316469790499904
cars,mean,1121,7060047060,0.29573686102470564,0.316469790499904
cars,mean,1122,7060047060,0.4731408184743925,0.316469790499904
cars,mean,1125,7060047060,0.29573686102470564,0.316469790499904
cars,mean,1127,7060047060,0.5284257833617235,0.316469790499904
cars,mean,114,7060014340,0.28535177249533317,0.27740389010987415
cars,mean,1151,7060047970,0.537804254533716,0.27740389010987415
cars,mean,1192,7060047060,0.15622551667530427,0.316469790499904
cars,mean,1237,7060047970,0.6223175503941138,0.27740389010987415
cars,mean,1249,7060048410,1.146030395254913,0.2817222883067987
cars,mean,131,7060014200,0.30696206638849055,0.27651890957555814
cars,mean,132,7060013550,0.21980128669475302,0.2817222883067987
cars,mean,133,7060013550,0.07419048047485194,0.2817222883067987
cars,mean,144,7060013550,0.24764945974233324,0.2817222883067987
cars,mean,148,7060013550,0.21978420333248716,0.2817222883067987
cars,mean,1586,7060047060,0.10090961354906708,0.316469790499904
cars,mean,1587,7060047060,0.2531868046723131,0.316469790499904
cars,mean,1592,7060047060,0.3257712611764545,0.316469790499904
cars,mean,1595,7060047060,0.0973436812701083,0.316469790499904
cars,mean,1600,7060047060,0.14853021419039886,0.316469790499904
cars,mean,1617,7060047060,0.24687425297109888,0.316469790499904
cars,mean,1619,7060047060,0.13245760053603373,0.316469790499904
cars,mean,1620,7060047060,0.26035611659680125,0.316469790499904
cars,mean,1631,7060047060,0.11543700302138787,0.316469790499904
cars,mean,1634,7060047060,0.16133901010123658,0.316469790499904
cars,mean,1636,7060047060,0.34310552073147055,0.316469790499904
cars,mean,1645,7060047060,0.43703759577674123,0.316469790499904
cars,mean,1650,7060047060,0.15935517429417478,0.316469790499904
cars,mean,1654,7060047060,0.4218435553220695,0.316469790499904
cars,mean,1655,7060047060,0.2436515966980656,0.316469790499904
cars,mean,1656,7060047060,0.16921263797743122,0.316469790499904
cars,mean,168,7060013550,0.06938960549224474,0.2817222883067987
cars,mean,1683,7060047060,0.3901169448841023,0.316469790499904
cars,mean,169,7060013560,0.5336578409890408,0.27740389010987415
cars,mean,1691,7060047060,0.09129167479621161,0.316469790499904
cars,mean,1699,7060047060,0.08642534293446677,0.316469790499904
cars,mean,1703,7060047060,0.6719276083841421,0.316469790499904
cars,mean,1706,7060047060,0.13111941543593233,0.316469790499904
cars,mean,1707,7060047060,0.20455684515248346,0.316469790499904
cars,mean,1709,7060047060,0.07526172636281764,0.316469790499904
cars,mean,1712,7060047060,0.08719223605780649,0.316469790499904
cars,mean,1713,7060047060,0.18000550115060232,0.316469790499904
cars,mean,1714,7060047060,0.28978101331581735,0.316469790499904
cars,mean,1718,7060047060,0.394739557462232,0.316469790499904
cars,mean,1723,7060047060,0.15212299221423958,0.316469790499904
cars,mean,1726,7060047060,0.09003522408520709,0.316469790499904
cars,mean,1735,7060047060,0.05883707799962642,0.316469790499904
cars,mean,1739,7060047060,0.26952085731685316,0.316469790499904
cars,mean,1740,7060047060,0.1589239050565217,0.316469790499904
cars,mean,1741,7060047060,0.3146143807409897,0.316469790499904
cars,mean,1742,7060047060,0.07137936169626372,0.316469790499904
cars,mean,1744,7060047060,0.21324280186253824,0.316469790499904
cars,mean,1752,7060047060,0.02732428109480984,0.316469790499904
cars,mean,1753,7060047060,0.03384360187055937,0.316469790499904
cars,mean,1754,7060047060,0.09361807153219688,0.316469790499904
cars,mean,1755,7060047060,0.5328497903478746,0.316469790499904
cars,mean,1756,7060047060,0.3989681966623302,0.316469790499904
cars,mean,1761,7060042310,0.2589475273602554,0.27651890957555814
cars,mean,1762,7060047060,0.45114957503417075,0.316469790499904
cars,mean,1768,7060047060,0.010814949128347994,0.316469790499904
cars,mean,1775,7060047060,0.32364286594823655,0.316469790499904
cars,mean,1776,7060043090,0.07073662060070428,0.2817222883067987
cars,mean,1777,7060047060,0.28909389421808096,0.316469790499904
cars,mean,1782,7060042740,0.37375842239399404,0.27740389010987415
cars,mean,1796,7060042940,0.2959980432599221,0.27740389010987415
cars,mean,180,7060013560,0.5874000740573897,0.27740389010987415
cars,mean,182,7060013550,0.18126164103477693,0.2817222883067987
cars,mean,1848,7060047060,0.4800253185821163,0.316469790499904
cars,mean,185,7060013550,0.7485088847580723,0.2817222883067987
cars,mean,1851,7060043500,0.12392692879677134,0.27740389010987415
cars,mean,1864,7060047060,0.5318920034094353,0.316469790499904
cars,mean,1869,7060047060,0.6181993694029078,0.316469790499904
cars,mean,1872,7060043500,0.18369572271036105,0.27740389010987415
cars,mean,1879,7060043160,0.5783266087608062,0.27651890957555814
cars,mean,1883,7060043640,0.25082374609997554,0.27740389010987415
cars,mean,191,7060013550,0.2234054546701261,0.2817222883067987
cars,mean,193,7060013550,0.4154316045619325,0.2817222883067987
cars,mean,198,7060013550,0.3030069769194994,0.2817222883067987
cars,mean,204,7060013550,0.30221711336109347,0.2817222883067987
cars,mean,223,7060013180,0.28503840193604846,0.27740389010987415
cars,mean,292,7060022240,0.4472345683630451,0.27740389010987415
cars,mean,300,7060047060,0.5006788204045888,0.316469790499904
cars,mean,307,7060047060,0.13528669233477014,0.316469790499904
cars,mean,310,7060014930,0.06025614607528096,0.27651890957555814
cars,mean,316,7060014930,0.2220848054312484,0.27651890957555814
cars,mean,319,7060047060,0.23720243735094437,0.316469790499904
cars,mean,355,7060047060,0.12272469188767607,0.316469790499904
cars,mean,361,7060014930,0.10503189579573496,0.27651890957555814
cars,mean,362,7060047060,0.3864645066597572,0.316469790499904
cars,mean,364,7060047060,0.16167768783006337,0.316469790499904
cars,mean,367,7060014930,0.26860972192798926,0.27651890957555814
cars,mean,368,7060047060,0.4096064798436735,0.316469790499904
cars,mean,372,7060014930,0.30493644885189647,0.27651890957555814
cars,mean,373,7060047060,0.37558580011839665,0.316469790499904
cars,mean,378,7060014930,0.6498951178353334,0.27651890957555814
cars,mean,384,7060014930,0.3093526199502241,0.27651890957555814
cars,mean,386,7060014930,0.5767595458015281,0.27651890957555814
cars,mean,390,7060014930,0.3071239489001133,0.27651890957555814
cars,mean,391,7060014930,0.11565386794679762,0.27651890957555814
cars,mean,393,7060047060,0.2235727680227117,0.316469790499904
cars,mean,398,7060047060,0.2636061818578061,0.316469790499904
cars,mean,399,7060047060,0.13580253516247803,0.316469790499904
cars,mean,41,7060016090,0.3063485000731634,0.27651890957555814
cars,mean,413,7060014930,0.014957428854622506,0.27651890957555814
cars,mean,415,7060047060,0.07439807135004639,0.316469790499904
cars,mean,416,7060047060,0.18256724140525943,0.316469790499904
cars,mean,419,7060008710,0.4416205857741654,0.2728839735711935
cars,mean,42,7060016090,0.3638214534858144,0.27651890957555814
cars,mean,421,7060047060,0.2531768818393909,0.316469790499904
cars,mean,423,7060008710,0.2609668929402653,0.2728839735711935
cars,mean,431,7060073620,0.15755469955653975,0.27740389010987415
cars,mean,438,7060073620,0.3205574500397978,0.27740389010987415
cars,mean,442,7060073620,0.2880753880040633,0.27740389010987415
cars,mean,445,7060008710,0.22415083691444454,0.2728839735711935
cars,mean,448,7060008710,0.22427414079737434,0.2728839735711935
cars,mean,449,7060073620,0.426066484362956,0.27740389010987415
cars,mean,450,7060073620,0.3659586584769955,0.27740389010987415
cars,mean,451,7060008710,0.2142445264803189,0.2728839735711935
cars,mean,456,7060073620,0.2640694177067812,0.27740389010987415
cars,mean,467,7060073620,0.5066104513145995,0.27740389010987415
cars,mean,469,7060008710,0.46365928111475874,0.2728839735711935
cars,mean,470,7060008710,0.30999258982574807,0.2728839735711935
cars,mean,471,7060008710,0.4998953490670137,0.2728839735711935
cars,mean,473,7060008710,0.6126285989726578,0.2728839735711935
cars,mean,477,7060073620,0.2618498475460717,0.27740389010987415
cars,mean,488,7060008710,0.2871536416436151,0.2728839735711935
cars,mean,492,7060008710,0.4407826505245222,0.2728839735711935
cars,mean,493,7060008710,0.37871473040641057,0.2728839735711935
cars,mean,497,7060008710,0.24859788496998347,0.2728839735711935
cars,mean,500,7060047060,0.35710034798351037,0.316469790499904
cars,mean,502,7060008710,0.30423695353723224,0.2728839735711935
cars,mean,505,7060047060,0.23801375600200253,0.316469790499904
cars,mean,506,7060008710,0.4850553440011199,0.2728839735711935
cars,mean,509,7060008710,0.0984713136044381,0.2728839735711935
cars,mean,511,7060047060,0.08335690047648478,0.316469790499904
cars,mean,517,7060008710,0.3479024777143732,0.2728839735711935
cars,mean,518,7060008710,0.5128392897293541,0.2728839735711935
cars,mean,522,7060047060,0.0714074460062018,0.316469790499904
cars,mean,524,7060073920,0.2800087631552244,0.2817222883067987
cars,mean,529,7060047060,0.21800836345775654,0.316469790499904
cars,mean,530,7060047060,0.24882530842092745,0.316469790499904
cars,mean,531,7060008710,0.1943925982432932,0.2728839735711935
cars,mean,533,7060047060,0.050322851451944275,0.316469790499904
cars,mean,536,7060008710,0.25250797575882156,0.2728839735711935
cars,mean,541,7060008710,0.3372827560408248,0.2728839735711935
cars,mean,542,7060008710,0.018790976407496537,0.2728839735711935
cars,mean,549,7060008710,0.1701278393208284,0.2728839735711935
cars,mean,55,7060014930,0.2791408868597332,0.27651890957555814
cars,mean,567,7060008710,0.6561024589795234,0.2728839735711935
cars,mean,57,7060014930,0.3399568096450151,0.27651890957555814
cars,mean,572,7060008710,0.25457938347916664,0.2728839735711935
cars,mean,574,7060008710,0.39976135828890924,0.2728839735711935
cars,mean,575,7060008710,0.3449917751935075,0.2728839735711935
cars,mean,585,7060013550,0.37822571214119727,0.2817222883067987
cars,mean,592,7060013550,0.3000093946332669,0.2817222883067987
cars,mean,595,7060013550,0.1074165396122517,0.2817222883067987
cars,mean,597,7060008710,0.5041937892767199,0.2728839735711935
cars,mean,60,7060014930,0.20260488753198175,0.27651890957555814
cars,mean,600,7060013550,0.2941340706340895,0.2817222883067987
cars,mean,601,7060008710,0.3977358697471582,0.2728839735711935
cars,mean,605,7060013550,0.298616468183024,0.2817222883067987
cars,mean,609,7060013550,0.21927506271712457,0.2817222883067987
cars,mean,612,7060013550,0.10733503940308617,0.2817222883067987
cars,mean,63,7060014930,0.2699904997815742,0.27651890957555814
cars,mean,7308,7060043500,0.1498584901974067,0.27740389010987415
cars,mean,7313,7060047060,0.18751672464372046,0.316469790499904
cars,mean,7318,7060047060,0.011418187875291395,0.316469790499904
cars,mean,753,7060047060,0.15115842356726944,0.316469790499904
cars,mean,777,7060047060,0.27879708871674164,0.316469790499904
cars,mean,780,7060047060,0.44557927107970197,0.316469790499904
cars,mean,784,7060047060,0.21568170232054204,0.316469790499904
cars,mean,798,7060047060,0.22989713112567728,0.316469790499904
cars,mean,837,7060047060,0.1446783707599708,0.316469790499904
cars,mean,868,7060047060,0.6617214722807061,0.316469790499904
cars,mean,870,7060047060,0.05728962862512674,0.316469790499904
cars,mean,882,7060047060,0.07487405610658132,0.316469790499904
cars,mean,884,7060047060,0.058890091762423005,0.316469790499904
cars,mean,885,7060047060,0.060213697559366314,0.316469790499904
cars,mean,893,7060047060,0.3039675883467522,0.316469790499904
cars,mean,895,7060047060,0.01200902548294359,0.316469790499904
cars,mean,898,7060047060,0.4809622045609584,0.316469790499904
cars,mean,920,7060047060,0.009702717289224134,0.316469790499904
cars,mean,931,7060047060,1.2052396392304092,0.316469790499904
cars,mean,938,7060047060,0.3968494669462763,0.316469790499904
cars,mean,939,7060047060,0.4656358493251691,0.316469790499904
cars,mean,948,7060047060,0.5744564251171721,0.316469790499904
cars,mean,952,7060047060,0.6166240176032683,0.316469790499904
cars,mean,956,7060047060,1.1283610390792411,0.316469790499904
cars,persistence,1017,7060047060,0.3767102226800422,0.3063632691613325
cars,persistence,1026,7060047060,0.25625519090176824,0.25703940688098237
cars,persistence,1033,7060047060,0.3421777595752804,0.32473007300849493
cars,persistence,1036,7060047060,0.19946345325612022,0.19938486125213073
cars,persistence,1042,7060047060,0.3086252424534333,0.35479328489218975
cars,persistence,1067,7060047060,0.5998478490301629,0.5325281058862181
cars,persistence,1086,7060049270,1.0688908847059717,0.886849700889463
cars,persistence,1092,7060047060,0.5538973189418028,0.4770320849549008
cars,persistence,1101,7060047060,0.5732890822190375,0.45531807330083274
cars,persistence,1112,7060047060,0.4529900451763571,0.3423355702806719
cars,persistence,1121,7060047060,0.29573686102470564,0.22891617481856585
cars,persistence,1122,7060047060,0.4731408184743925,0.4134959440304958
cars,persistence,1125,7060047060,0.29573686102470564,0.22891617481856585
cars,persistence,1127,7060047060,0.5284257833617235,0.449194919462514
cars,persistence,114,7060014340,0.28535177249533317,0.42774699232497143
cars,persistence,1151,7060047970,0.537804254533716,0.36127600247276914
cars,persistence,1192,7060047060,0.15622551667530427,0.11184784992534776
cars,persistence,1237,7060047970,0.6223175503941138,0.5113976516533948
cars,persistence,1249,7060048410,1.146030395254913,0.8239127479792422
cars,persistence,131,7060014200,0.30696206638849055,0.28560746610525284
cars,persistence,132,7060013550,0.21980128669475302,0.15137980082646524
cars,persistence,133,7060013550,0.07419048047485194,0.03933931630922641
cars,persistence,144,7060013550,0.24764945974233324,1.934865963520902
cars,persistence,148,7060013550,0.21978420333248716,0.17213369635377504
cars,persistence,1586,7060047060,0.10090961354906708,0.13120551636747765
cars,persistence,1587,7060047060,0.2531868046723131,0.26044997089284855
cars,persistence,1592,7060047060,0.3257712611764545,0.20533204043906847
cars,persistence,1595,7060047060,0.0973436812701083,0.034416816662003864
cars,persistence,1600,7060047060,0.14853021419039886,0.1296322465659805
cars,persistence,1617,7060047060,0.24687425297109888,0.30142176336420584
cars,persistence,1619,7060047060,0.13245760053603373,0.22437098640261194
cars,persistence,1620,7060047060,0.26035611659680125,0.2867891046920065
cars,persistence,1631,7060047060,0.11543700302138787,0.18237004487820957
cars,persistence,1634,7060047060,0.16133901010123658,0.13342711254633016
cars,persistence,1636,7060047060,0.34310552073147055,0.4339507826290103
cars,persistence,1645,7060047060,0.43703759577674123,0.40500646016277175
cars,persistence,1650,7060047060,0.15935517429417478,0.24036226984060827
cars,persistence,1654,7060047060,0.4218435553220695,0.41501930654162267
cars,persistence,1655,7060047060,0.2436515966980656,0.2431128891410848
cars,persistence,1656,7060047060,0.16921263797743122,0.13246232473135744
cars,persistence,168,7060013550,0.06938960549224474,0.047323335903193584
cars,persistence,1683,7060047060,0.3901169448841023,0.31684031954774916
cars,persistence,169,7060013560,0.5336578409890408,0.6344242896002354
cars,persistence,1691,7060047060,0.09129167479621161,0.1411589423780079
cars,persistence,1699,7060047060,0.08642534293446677,0.08269951063557478
cars,persistence,1703,7060047060,0.6719276083841421,0.5453170994179828
cars,persistence,1706,7060047060,0.13111941543593233,0.12638208602596696
cars,persistence,1707,7060047060,0.20455684515248346,0.24333614416725757
cars,persistence,1709,7060047060,0.07526172636281764,0.05910140801630302
cars,persistence,1712,7060047060,0.08719223605780649,0.11476065023526918
cars,persistence,1713,7060047060,0.18000550115060232,0.24864642535655
cars,persistence,1714,7060047060,0.28978101331581735,0.3481205054128808
cars,persistence,1718,7060047060,0.394739557462232,0.4286073075539841
cars,persistence,1723,7060047060,0.15212299221423958,0.17012289905439995
cars,persistence,1726,7060047060,0.09003522408520709,0.11003319331536628
cars,persistence,1735,7060047060,0.05883707799962642,0.06818066653337751
cars,persistence,1739,7060047060,0.26952085731685316,0.27782016159336365
cars,persistence,1740,7060047060,0.1589239050565217,0.1319573906882313
cars,persistence,1741,7060047060,0.3146143807409897,0.2731331402455893
cars,persistence,1742,7060047060,0.07137936169626372,0.07144875562479625
cars,persistence,1744,7060047060,0.21324280186253824,0.1851406018086097
cars,persistence,1752,7060047060,0.02732428109480984,0.035459805641893875
cars,persistence,1753,7060047060,0.03384360187055937,0.11562318353919038
cars,persistence,1754,7060047060,0.09361807153219688,0.18057231688009193
cars,persistence,1755,7060047060,0.5328497903478746,0.44655062100773546
cars,persistence,1756,7060047060,0.3989681966623302,0.41979724992743306
cars,persistence,1761,7060042310,0.2589475273602554,0.19908684144981176
cars,persistence,1762,7060047060,0.45114957503417075,0.41215406538421895
cars,persistence,1768,7060047060,0.010814949128347994,0.015619856613700082
cars,persistence,1775,7060047060,0.32364286594823655,0.30753681030478985
cars,persistence,1776,7060043090,0.07073662060070428,0.03782487161987965
cars,persistence,1777,7060047060,0.28909389421808096,0.28866603465925067
cars,persistence,1782,7060042740,0.37375842239399404,0.30546900694776724
cars,persistence,1796,7060042940,0.2959980432599221,0.1556509886739072
cars,persistence,180,7060013560,0.5874000740573897,0.4832904433748937
cars,persistence,182,7060013550,0.18126164103477693,0.18785658629328353
cars,persistence,1848,7060047060,0.4800253185821163,0.49658658164455693
cars,persistence,185,7060013550,0.7485088847580723,0.5889894278477281
cars,persistence,1851,7060043500,0.12392692879677134,0.15029361790353898
cars,persistence,1864,7060047060,0.5318920034094353,0.5031150877157544
cars,persistence,1869,7060047060,0.6181993694029078,0.6560245547725599
cars,persistence,1872,7060043500,0.18369572271036105,0.2263076301159665
cars,persistence,1879,7060043160,0.5783266087608062,0.5690889313730689
cars,persistence,1883,7060043640,0.25082374609997554,0.21750201795834728
cars,persistence,191,7060013550,0.2234054546701261,0.3085108444008708
cars,persistence,193,7060013550,0.4154316045619325,0.5575534844502066
cars,persistence,198,7060013550,0.3030069769194994,0.36013161974906516
cars,persistence,204,7060013550,0.30221711336109347,0.3639947327359355
cars,persistence,223,7060013180,0.28503840193604846,0.25817807956025235
cars,persistence,292,7060022240,0.4472345683630451,0.4192605790690127
cars,persistence,300,7060047060,0.5006788204045888,0.5772129020618625
cars,persistence,307,7060047060,0.13528669233477014,0.15199896504099472
cars,persistence,310,7060014930,0.06025614607528096,0.05871740866891358
cars,persistence,316,7060014930,0.2220848054312484,0.23929690396615416
cars,persistence,319,7060047060,0.23720243735094437,0.25446752643635245
cars,persistence,355,7060047060,0.12272469188767607,0.15163693108827428
cars,persistence,361,7060014930,0.10503189579573496,0.1131674530361099
cars,persistence,362,7060047060,0.3864645066597572,0.6834958479568398
cars,persistence,364,7060047060,0.16167768783006337,0.1383190194230687
cars,persistence,367,7060014930,0.26860972192798926,0.3459403401148665
cars,persistence,368,7060047060,0.4096064798436735,0.379082216342184
cars,persistence,372,7060014930,0.30493644885189647,0.3273465216358815
cars,persistence,373,7060047060,0.37558580011839665,0.4735180279084399
cars,persistence,378,7060014930,0.6498951178353334,0.7762356282647203
cars,persistence,384,7060014930,0.3093526199502241,0.28816864438865275
cars,persistence,386,7060014930,0.5767595458015281,0.5397176969141498
cars,persistence,390,7060014930,0.3071239489001133,0.368840963562169
cars,persistence,391,7060014930,0.11565386794679762,0.14183148823740693
cars,persistence,393,7060047060,0.2235727680227117,0.23145213098747397
cars,persistence,398,7060047060,0.2636061818578061,0.22566580312075163
cars,persistence,399,7060047060,0.13580253516247803,0.17167226445145
cars,persistence,41,7060016090,0.3063485000731634,0.2799836461082167
cars,persistence,413,7060014930,0.014957428854622506,0.025991079403934348
cars,persistence,415,7060047060,0.07439807135004639,0.07504639719742881
cars,persistence,416,7060047060,0.18256724140525943,0.15424140646912998
cars,persistence,419,7060008710,0.4416205857741654,0.5123694735582704
cars,persistence,42,7060016090,0.3638214534858144,0.33794968808086145
cars,persistence,421,7060047060,0.2531768818393909,0.4033623249586614
cars,persistence,423,7060008710,0.2609668929402653,0.3281289426471836
cars,persistence,431,7060073620,0.15755469955653975,0.1502796653715764
cars,persistence,438,7060073620,0.3205574500397978,0.28302003156937616
cars,persistence,442,7060073620,0.2880753880040633,0.29649115154811123
cars,persistence,445,7060008710,0.22415083691444454,0.25651928053680195
cars,persistence,448,7060008710,0.22427414079737434,0.23171789053343483
cars,persistence,449,7060073620,0.426066484362956,0.5108964331804531
cars,persistence,450,7060073620,0.3659586584769955,0.3468154854913096
cars,persistence,451,7060008710,0.2142445264803189,0.12979874877594105
cars,persistence,456,7060073620,0.2640694177067812,0.2208278974905376
cars,persistence,467,7060073620,0.5066104513145995,0.4468360595360856
cars,persistence,469,7060008710,0.46365928111475874,0.4514458862548698
cars,persistence,470,7060008710,0.30999258982574807,0.2951550807046913
cars,persistence,471,7060008710,0.4998953490670137,0.552258455356849
cars,persistence,473,7060008710,0.6126285989726578,0.6419219353079901
cars,persistence,477,7060073620,0.2618498475460717,0.3127136822483656
cars,persistence,488,7060008710,0.2871536416436151,0.3940022152372216
cars,persistence,492,7060008710,0.4407826505245222,0.4454325172037523
cars,persistence,493,7060008710,0.37871473040641057,0.4983734540480982
cars,persistence,497,7060008710,0.24859788496998347,0.3445191078284952
cars,persistence,500,7060047060,0.35710034798351037,0.38839135679092923
cars,persistence,502,7060008710,0.30423695353723224,0.22734719598441233
cars,persistence,505,7060047060,0.23801375600200253,0.20885385109238397
cars,persistence,506,7060008710,0.4850553440011199,0.45319724137057826
cars,persistence,509,7060008710,0.0984713136044381,0.2271385713786674
cars,persistence,511,7060047060,0.08335690047648478,0.11800132900555574
cars,persistence,517,7060008710,0.3479024777143732,0.3768690160204692
cars,persistence,518,7060008710,0.5128392897293541,0.5176159493796735
cars,persistence,522,7060047060,0.0714074460062018,0.11691254428100045
cars,persistence,524,7060073920,0.2800087631552244,0.6078183713614831
cars,persistence,529,7060047060,0.21800836345775654,0.2302628819214546
cars,persistence,530,7060047060,0.24882530842092745,0.22267387259007465
cars,persistence,531,7060008710,0.1943925982432932,0.24868947074154224
cars,persistence,533,7060047060,0.050322851451944275,0.07136324217767923
cars,persistence,536,7060008710,0.25250797575882156,0.24417167838446155
cars,persistence,541,7060008710,0.3372827560408248,0.36800955082426423
cars,persistence,542,7060008710,0.018790976407496537,0.043111933667354774
cars,persistence,549,7060008710,0.1701278393208284,0.1265932506455483
cars,persistence,55,7060014930,0.2791408868597332,0.2907503018645895
cars,persistence,567,7060008710,0.6561024589795234,0.5645647910752323
cars,persistence,57,7060014930,0.3399568096450151,0.3920447207419912
cars,persistence,572,7060008710,0.25457938347916664,0.3397319438274165
cars,persistence,574,7060008710,0.39976135828890924,0.4512779774649619
cars,persistence,575,7060008710,0.3449917751935075,0.4519429074049217
cars,persistence,585,7060013550,0.37822571214119727,0.3180967080847229
cars,persistence,592,7060013550,0.3000093946332669,0.5038349664652603
cars,persistence,595,7060013550,0.1074165396122517,0.1992841916893307
cars,persistence,597,7060008710,0.5041937892767199,0.4783413138687872
cars,persistence,60,7060014930,0.20260488753198175,0.26513391957387267
cars,persistence,600,7060013550,0.2941340706340895,0.2914841171161893
cars,persistence,601,7060008710,0.3977358697471582,0.3470926370857538
cars,persistence,605,7060013550,0.298616468183024,0.2780292342899207
cars,persistence,609,7060013550,0.21927506271712457,0.33710053895103864
cars,persistence,612,7060013550,0.10733503940308617,0.1516502613470948
cars,persistence,63,7060014930,0.2699904997815742,0.3599866442466242
cars,persistence,7308,7060043500,0.1498584901974067,0.12064089507313541
cars,persistence,7313,7060047060,0.18751672464372046,0.20520852725963823
cars,persistence,7318,7060047060,0.011418187875291395,0.009990941399178617
cars,persistence,753,7060047060,0.15115842356726944,0.2411793974574633
cars,persistence,777,7060047060,0.27879708871674164,0.2140993852279181
cars,persistence,780,7060047060,0.44557927107970197,0.4442817632653582
cars,persistence,784,7060047060,0.21568170232054204,0.3129427696607423
cars,persistence,798,7060047060,0.22989713112567728,0.39160346153042036
cars,persistence,837,7060047060,0.1446783707599708,0.5838143499999546
cars,persistence,868,7060047060,0.6617214722807061,0.8731623129809849
cars,persistence,870,7060047060,0.05728962862512674,0.19284397334157782
cars,persistence,882,7060047060,0.07487405610658132,0.11993547006105995
cars,persistence,884,7060047060,0.058890091762423005,0.0597863332871911
cars,persistence,885,7060047060,0.060213697559366314,0.15907445473164122
cars,persistence,893,7060047060,0.3039675883467522,0.6684285946386119
cars,persistence,895,7060047060,0.01200902548294359,0.016954826822974316
cars,persistence,898,7060047060,0.4809622045609584,0.7808173582640034
cars,persistence,920,7060047060,0.009702717289224134,0.04641114759935739
cars,persistence,931,7060047060,1.2052396392304092,0.9465393297640908
cars,persistence,938,7060047060,0.3968494669462763,0.8634668302365714
cars,persistence,939,7060047060,0.4656358493251691,1.0472790728315737
cars,persistence,948,7060047060,0.5744564251171721,0.920617734924412
cars,persistence,952,7060047060,0.6166240176032683,0.8211088482287083
cars,persistence,956,7060047060,1.1283610390792411,0.9696378515559538
cars,ridge,1017,7060047060,0.3767102226800422,0.31403426390611316
cars,ridge,1026,7060047060,0.25625519090176824,0.2826764292080235
cars,ridge,1033,7060047060,0.3421777595752804,0.32343740998250803
cars,ridge,1036,7060047060,0.19946345325612022,0.24977986467590563
cars,ridge,1042,7060047060,0.3086252424534333,0.3397987659751794
cars,ridge,1067,7060047060,0.5998478490301629,0.44696408536725074
cars,ridge,1086,7060049270,1.0688908847059717,0.6700251927070635
cars,ridge,1092,7060047060,0.5538973189418028,0.4101394029695778
cars,ridge,1101,7060047060,0.5732890822190375,0.3846047841217939
cars,ridge,1112,7060047060,0.4529900451763571,0.32873754805558725
cars,ridge,1121,7060047060,0.29573686102470564,0.2570649710736188
cars,ridge,1122,7060047060,0.4731408184743925,0.37057755018418076
cars,ridge,1125,7060047060,0.29573686102470564,0.2570649710736188
cars,ridge,1127,7060047060,0.5284257833617235,0.3933049541673267
cars,ridge,114,7060014340,0.28535177249533317,0.39673199547048815
cars,ridge,1151,7060047970,0.537804254533716,0.45899314331563923
cars,ridge,1192,7060047060,0.15622551667530427,0.19101681687545652
cars,ridge,1237,7060047970,0.6223175503941138,0.438106712952284
cars,ridge,1249,7060048410,1.146030395254913,0.8396428085061272
cars,ridge,131,7060014200,0.30696206638849055,0.2742563868345303
cars,ridge,132,7060013550,0.21980128669475302,0.1623983404024154
cars,ridge,133,7060013550,0.07419048047485194,0.07437569196937244
cars,ridge,144,7060013550,0.24764945974233324,-92.08032292103675
cars,ridge,148,7060013550,0.21978420333248716,0.18007885657556583
cars,ridge,1586,7060047060,0.10090961354906708,0.21455183301776998
cars,ridge,1587,7060047060,0.2531868046723131,0.28258842021401126
cars,ridge,1592,7060047060,0.3257712611764545,0.2539264379865366
cars,ridge,1595,7060047060,0.0973436812701083,0.15995790733273332
cars,ridge,1600,7060047060,0.14853021419039886,0.21422123779808483
cars,ridge,1617,7060047060,0.24687425297109888,0.3049509558967853
cars,ridge,1619,7060047060,0.13245760053603373,0.2599205265204169
cars,ridge,1620,7060047060,0.26035611659680125,0.2878846724086346
cars,ridge,1631,7060047060,0.11543700302138787,0.24270119060299328
cars,ridge,1634,7060047060,0.16133901010123658,0.2108114441458862
cars,ridge,1636,7060047060,0.34310552073147055,0.37208046800795636
cars,ridge,1645,7060047060,0.43703759577674123,0.36480461923725294
cars,ridge,1650,7060047060,0.15935517429417478,0.27005031801616325
cars,ridge,1654,7060047060,0.4218435553220695,0.3711659211120998
cars,ridge,1655,7060047060,0.2436515966980656,0.2690747877143469
cars,ridge,1656,7060047060,0.16921263797743122,0.2100150335726731
cars,ridge,168,7060013550,0.06938960549224474,0.09014947713056107
cars,ridge,1683,7060047060,0.3901169448841023,0.3069477379727127
cars,ridge,169,7060013560,0.5336578409890408,0.5564120739066933
cars,ridge,1691,7060047060,0.09129167479621161,0.21354889537617344
cars,ridge,1699,7060047060,0.08642534293446677,0.18130979321650456
cars,ridge,1703,7060047060,0.6719276083841421,0.4345167490539431
cars,ridge,1706,7060047060,0.13111941543593233,0.20511628349469044
cars,ridge,1707,7060047060,0.20455684515248346,0.2730483921521761
cars,ridge,1709,7060047060,0.07526172636281764,0.16651650535004292
cars,ridge,1712,7060047060,0.08719223605780649,0.20026974732887756
cars,ridge,1713,7060047060,0.18000550115060232,0.2717290725037754
cars,ridge,1714,7060047060,0.28978101331581735,0.3262354237474674
cars,ridge,1718,7060047060,0.394739557462232,0.3742510431906909
cars,ridge,1723,7060047060,0.15212299221423958,0.23086826437627878
cars,ridge,1726,7060047060,0.09003522408520709,0.1968363614551424
cars,ridge,1735,7060047060,0.05883707799962642,0.17939017385577397
cars,ridge,1739,7060047060,0.26952085731685316,0.2930984054797006
cars,ridge,1740,7060047060,0.1589239050565217,0.2099543323365059
cars,ridge,1741,7060047060,0.3146143807409897,0.2894267552168903
cars,ridge,1742,7060047060,0.07137936169626372,0.17474352653094646
cars,ridge,1744,7060047060,0.21324280186253824,0.23365711152136762
cars,ridge,1752,7060047060,0.02732428109480984,0.14957735146622725
cars,ridge,1753,7060047060,0.03384360187055937,0.1983127719162578
cars,ridge,1754,7060047060,0.09361807153219688,0.23357145265518642
cars,ridge,1755,7060047060,0.5328497903478746,0.3871364744904357
cars,ridge,1756,7060047060,0.3989681966623302,0.37431046365161885
cars,ridge,1761,7060042310,0.2589475273602554,0.19756466331836364
cars,ridge,1762,7060047060,0.45114957503417075,0.36632125830531825
cars,ridge,1768,7060047060,0.010814949128347994,0.14089709442110587
cars,ridge,1775,7060047060,0.32364286594823655,0.31805892003462166
cars,ridge,1776,7060043090,0.07073662060070428,0.07675059009779675
cars,ridge,1777,7060047060,0.28909389421808096,0.3007374036319094
cars,ridge,1782,7060042740,0.37375842239399404,0.32409479350351766
cars,ridge,1796,7060042940,0.2959980432599221,0.19808112271755962
cars,ridge,180,7060013560,0.5874000740573897,0.48542696129948293
cars,ridge,182,7060013550,0.18126164103477693,0.19587379665255963
cars,ridge,1848,7060047060,0.4800253185821163,0.4094285818145766
cars,ridge,185,7060013550,0.7485088847580723,0.5651639500096932
cars,ridge,1851,7060043500,0.12392692879677134,0.1423540279811597
cars,ridge,1864,7060047060,0.5318920034094353,0.40757724012348584
cars,ridge,1869,7060047060,0.6181993694029078,0.49463175014041405
cars,ridge,1872,7060043500,0.18369572271036105,0.2247691036406966
cars,ridge,1879,7060043160,0.5783266087608062,0.46089139912957683
cars,ridge,1883,7060043640,0.25082374609997554,0.2216793543257476
cars,ridge,191,7060013550,0.2234054546701261,0.28769534510155104
cars,ridge,193,7060013550,0.4154316045619325,0.5464467643018304
cars,ridge,198,7060013550,0.3030069769194994,0.30623945310060097
cars,ridge,204,7060013550,0.30221711336109347,0.34085681185400524
cars,ridge,223,7060013180,0.28503840193604846,0.2470573367453076
cars,ridge,292,7060022240,0.4472345683630451,0.31868380939852176
cars,ridge,300,7060047060,0.5006788204045888,0.48940767401019986
cars,ridge,307,7060047060,0.13528669233477014,0.22153731423241768
cars,ridge,310,7060014930,0.06025614607528096,0.06955820897956205
cars,ridge,316,7060014930,0.2220848054312484,0.22757332791538767
cars,ridge,319,7060047060,0.23720243735094437,0.3115631219113839
cars,ridge,355,7060047060,0.12272469188767607,0.22976828887518919
cars,ridge,361,7060014930,0.10503189579573496,0.14636455182230335
cars,ridge,362,7060047060,0.3864645066597572,0.5112034310758107
cars,ridge,364,7060047060,0.16167768783006337,0.2129448029463168
cars,ridge,367,7060014930,0.26860972192798926,0.34721072194762936
cars,ridge,368,7060047060,0.4096064798436735,0.38571983095912127
cars,ridge,372,7060014930,0.30493644885189647,0.3348329358852029
cars,ridge,373,7060047060,0.37558580011839665,0.43975314952257094
cars,ridge,378,7060014930,0.6498951178353334,0.5966016529369524
cars,ridge,384,7060014930,0.3093526199502241,0.29347230855456485
cars,ridge,386,7060014930,0.5767595458015281,0.5148930502588362
cars,ridge,390,7060014930,0.3071239489001133,0.32442731383005186
cars,ridge,391,7060014930,0.11565386794679762,0.1606673377900013
cars,ridge,393,7060047060,0.2235727680227117,0.2769247564762746
cars,ridge,398,7060047060,0.2636061818578061,0.29881657778437903
cars,ridge,399,7060047060,0.13580253516247803,0.26759242776992587
cars,ridge,41,7060016090,0.3063485000731634,0.2604743000153468
cars,ridge,413,7060014930,0.014957428854622506,0.07171649096185989
cars,ridge,415,7060047060,0.07439807135004639,0.18155820984877005
cars,ridge,416,7060047060,0.18256724140525943,0.22314962044483258
cars,ridge,419,7060008710,0.4416205857741654,0.40293021904352955
cars,ridge,42,7060016090,0.3638214534858144,0.30092822295776483
cars,ridge,421,7060047060,0.2531768818393909,0.3986714568547728
cars,ridge,423,7060008710,0.2609668929402653,0.2974733151954364
cars,ridge,431,7060073620,0.15755469955653975,0.14646574989787803
cars,ridge,438,7060073620,0.3205574500397978,0.2660337719671102
cars,ridge,442,7060073620,0.2880753880040633,0.2869084003353808
cars,ridge,445,7060008710,0.22415083691444454,0.2877514493638577
cars,ridge,448,7060008710,0.22427414079737434,0.2700362202347829
cars,ridge,449,7060073620,0.426066484362956,0.3619781038367664
cars,ridge,450,7060073620,0.3659586584769955,0.31090350345430606
cars,ridge,451,7060008710,0.2142445264803189,0.13387101492739623
cars,ridge,456,7060073620,0.2640694177067812,0.2134596020621075
cars,ridge,467,7060073620,0.5066104513145995,0.4289440193673282
cars,ridge,469,7060008710,0.46365928111475874,0.41923675428480706
cars,ridge,470,7060008710,0.30999258982574807,0.3493025781959781
cars,ridge,471,7060008710,0.4998953490670137,0.43690933874963656
cars,ridge,473,7060008710,0.6126285989726578,0.48487704005517496
cars,ridge,477,7060073620,0.2618498475460717,0.2634202962595544
cars,ridge,488,7060008710,0.2871536416436151,0.3236748559840842
cars,ridge,492,7060008710,0.4407826505245222,0.30928896698262226
cars,ridge,493,7060008710,0.37871473040641057,0.47003632321539746
cars,ridge,497,7060008710,0.24859788496998347,0.32960839149350046
cars,ridge,500,7060047060,0.35710034798351037,0.3843738514295811
cars,ridge,502,7060008710,0.30423695353723224,0.22520078658956746
cars,ridge,505,7060047060,0.23801375600200253,0.25342873170830105
cars,ridge,506,7060008710,0.4850553440011199,0.403509381793443
cars,ridge,509,7060008710,0.0984713136044381,0.2619206780535766
cars,ridge,511,7060047060,0.08335690047648478,0.2223714194408576
cars,ridge,517,7060008710,0.3479024777143732,0.3420055652056535
cars,ridge,518,7060008710,0.5128392897293541,0.4704565951715909
cars,ridge,522,7060047060,0.0714074460062018,0.2029553906884948
cars,ridge,524,7060073920,0.2800087631552244,0.5729715205040355
cars,ridge,529,7060047060,0.21800836345775654,0.279604728361614
cars,ridge,530,7060047060,0.24882530842092745,0.27031221180249554
cars,ridge,531,7060008710,0.1943925982432932,0.28133712571639247
cars,ridge,533,7060047060,0.050322851451944275,0.17437326626456695
cars,ridge,536,7060008710,0.25250797575882156,0.2397898965102504
cars,ridge,541,7060008710,0.3372827560408248,0.3271988177050209
cars,ridge,542,7060008710,0.018790976407496537,0.0622446845586771
cars,ridge,549,7060008710,0.1701278393208284,0.12717278945421365
cars,ridge,55,7060014930,0.2791408868597332,0.27009146969168146
cars,ridge,567,7060008710,0.6561024589795234,0.5391391259513825
cars,ridge,57,7060014930,0.3399568096450151,0.3452402963902323
cars,ridge,572,7060008710,0.25457938347916664,0.2648934925420527
cars,ridge,574,7060008710,0.39976135828890924,0.4219924092702173
cars,ridge,575,7060008710,0.3449917751935075,0.40088741966684965
cars,ridge,585,7060013550,0.37822571214119727,0.7507072975103517
cars,ridge,592,7060013550,0.3000093946332669,0.4297663609706403
cars,ridge,595,7060013550,0.1074165396122517,0.19721961336013216
cars,ridge,597,7060008710,0.5041937892767199,0.38928964906516283
cars,ridge,60,7060014930,0.20260488753198175,0.2547615941674363
cars,ridge,600,7060013550,0.2941340706340895,0.28263579883445966
cars,ridge,601,7060008710,0.3977358697471582,0.3212934802063294
cars,ridge,605,7060013550,0.298616468183024,0.28302049283081177
cars,ridge,609,7060013550,0.21927506271712457,0.3276313685506026
cars,ridge,612,7060013550,0.10733503940308617,0.18684942418440897
cars,ridge,63,7060014930,0.2699904997815742,0.31198600836466506
cars,ridge,7308,7060043500,0.1498584901974067,0.10807102742250782
cars,ridge,7313,7060047060,0.18751672464372046,0.2606701582141462
cars,ridge,7318,7060047060,0.011418187875291395,0.13691120538923812
cars,ridge,753,7060047060,0.15115842356726944,0.2731467207891925
cars,ridge,777,7060047060,0.27879708871674164,0.24887850010036122
cars,ridge,780,7060047060,0.44557927107970197,0.43515099292617854
cars,ridge,784,7060047060,0.21568170232054204,0.3730075078011609
cars,ridge,798,7060047060,0.22989713112567728,0.3971500315738871
cars,ridge,837,7060047060,0.1446783707599708,0.5285493848374703
cars,ridge,868,7060047060,0.6617214722807061,0.6487455926480108
cars,ridge,870,7060047060,0.05728962862512674,0.23306264567688373
cars,ridge,882,7060047060,0.07487405610658132,0.20164451023529673
cars,ridge,884,7060047060,0.058890091762423005,0.15723138034976844
cars,ridge,885,7060047060,0.060213697559366314,0.2174367421673474
cars,ridge,893,7060047060,0.3039675883467522,0.5213272696378913
cars,ridge,895,7060047060,0.01200902548294359,0.13630761906467034
cars,ridge,898,7060047060,0.4809622045609584,0.5678220245950838
cars,ridge,920,7060047060,0.009702717289224134,0.15604123253905297
cars,ridge,931,7060047060,1.2052396392304092,0.6725262178087215
cars,ridge,938,7060047060,0.3968494669462763,0.6186363558488637
cars,ridge,939,7060047060,0.4656358493251691,0.7389217312544767
cars,ridge,948,7060047060,0.5744564251171721,0.6677434087091256
cars,ridge,952,7060047060,0.6166240176032683,0.5922300741796137
cars,ridge,956,7060047060,1.1283610390792411,0.7116941108144782
cars,rf,1017,7060047060,0.3767102226800422,0.3385744776260276
cars,rf,1026,7060047060,0.25625519090176824,0.33899403317790316
cars,rf,1033,7060047060,0.3421777595752804,0.35708359344803964
cars,rf,1036,7060047060,0.19946345325612022,0.2945906696501239
cars,rf,1042,7060047060,0.3086252424534333,0.3677046484578829
cars,rf,1067,7060047060,0.5998478490301629,0.4136103183716483
cars,rf,1086,7060049270,1.0688908847059717,0.4629935490411084
cars,rf,1092,7060047060,0.5538973189418028,0.41172654485742355
cars,rf,1101,7060047060,0.5732890822190375,0.4041138280293078
cars,rf,1112,7060047060,0.4529900451763571,0.3746610536630769
cars,rf,1121,7060047060,0.29573686102470564,0.3191970314365093
cars,rf,1122,7060047060,0.4731408184743925,0.38148722166937177
cars,rf,1125,7060047060,0.29573686102470564,0.3191970314365093
cars,rf,1127,7060047060,0.5284257833617235,0.41172654485742355
cars,rf,114,7060014340,0.28535177249533317,0.3869933927156793
cars,rf,1151,7060047970,0.537804254533716,0.4537044636606533
cars,rf,1192,7060047060,0.15622551667530427,0.20417836741081133
cars,rf,1237,7060047970,0.6223175503941138,0.5137253374739644
cars,rf,1249,7060048410,1.146030395254913,0.5430183104982853
cars,rf,131,7060014200,0.30696206638849055,0.3120019275375072
cars,rf,132,7060013550,0.21980128669475302,0.14493161610980587
cars,rf,133,7060013550,0.07419048047485194,0.06657729854623182
cars,rf,144,7060013550,0.24764945974233324,0.4667534777420379
cars,rf,148,7060013550,0.21978420333248716,0.17983164695047626
cars,rf,1586,7060047060,0.10090961354906708,0.20997162787167847
cars,rf,1587,7060047060,0.2531868046723131,0.32645884887887716
cars,rf,1592,7060047060,0.3257712611764545,0.29823766235522925
cars,rf,1595,7060047060,0.0973436812701083,0.20404162070033102
cars,rf,1600,7060047060,0.14853021419039886,0.21733483551815497
cars,rf,1617,7060047060,0.24687425297109888,0.3433355073384211
cars,rf,1619,7060047060,0.13245760053603373,0.31917703082005433
cars,rf,1620,7060047060,0.26035611659680125,0.3301837467962757
cars,rf,1631,7060047060,0.11543700302138787,0.25768032523899803
cars,rf,1634,7060047060,0.16133901010123658,0.20847386488542
cars,rf,1636,7060047060,0.34310552073147055,0.3920362742226719
cars,rf,1645,7060047060,0.43703759577674123,0.380747799778568
cars,rf,1650,7060047060,0.15935517429417478,0.3371713751879167
cars,rf,1654,7060047060,0.4218435553220695,0.3790279944232078
cars,rf,1655,7060047060,0.2436515966980656,0.32934195814640516
cars,rf,1656,7060047060,0.16921263797743122,0.20847386488542
cars,rf,168,7060013550,0.06938960549224474,0.093082703952732
cars,rf,1683,7060047060,0.3901169448841023,0.3367895520400985
cars,rf,169,7060013560,0.5336578409890408,0.4968301204709348
cars,rf,1691,7060047060,0.09129167479621161,0.2081675961235262
cars,rf,1699,7060047060,0.08642534293446677,0.20311352279004777
cars,rf,1703,7060047060,0.6719276083841421,0.4122993356111544
cars,rf,1706,7060047060,0.13111941543593233,0.20841298574872053
cars,rf,1707,7060047060,0.20455684515248346,0.3249083891575563
cars,rf,1709,7060047060,0.07526172636281764,0.20417410111998455
cars,rf,1712,7060047060,0.08719223605780649,0.21255098380374246
cars,rf,1713,7060047060,0.18000550115060232,0.3243694355251685
cars,rf,1714,7060047060,0.28978101331581735,0.3412210033698054
cars,rf,1718,7060047060,0.394739557462232,0.3872725367726319
cars,rf,1723,7060047060,0.15212299221423958,0.21943452953551265
cars,rf,1726,7060047060,0.09003522408520709,0.20841298574872053
cars,rf,1735,7060047060,0.05883707799962642,0.21998419840769057
cars,rf,1739,7060047060,0.26952085731685316,0.3335914422367541
cars,rf,1740,7060047060,0.1589239050565217,0.20847386488542
cars,rf,1741,7060047060,0.3146143807409897,0.34046817136738894
cars,rf,1742,7060047060,0.07137936169626372,0.20559828355107715
cars,rf,1744,7060047060,0.21324280186253824,0.24984198888588696
cars,rf,1752,7060047060,0.02732428109480984,0.18846044287992808
cars,rf,1753,7060047060,0.03384360187055937,0.18846044287992808
cars,rf,1754,7060047060,0.09361807153219688,0.26235791772040024
cars,rf,1755,7060047060,0.5328497903478746,0.3879304120028014
cars,rf,1756,7060047060,0.3989681966623302,0.39953144376320593
cars,rf,1761,7060042310,0.2589475273602554,0.18923068940575455
cars,rf,1762,7060047060,0.45114957503417075,0.4016939784284471
cars,rf,1768,7060047060,0.010814949128347994,0.1892049183505014
cars,rf,1775,7060047060,0.32364286594823655,0.36357374235333517
cars,rf,1776,7060043090,0.07073662060070428,0.07302459717549953
cars,rf,1777,7060047060,0.28909389421808096,0.3298664968976505
cars,rf,1782,7060042740,0.37375842239399404,0.3545607984331879
cars,rf,1796,7060042940,0.2959980432599221,0.17871368976559157
cars,rf,180,7060013560,0.5874000740573897,0.4662041884389972
cars,rf,182,7060013550,0.18126164103477693,0.2109504380833578
cars,rf,1848,7060047060,0.4800253185821163,0.40899657174712845
cars,rf,185,7060013550,0.7485088847580723,0.5433893659240555
cars,rf,1851,7060043500,0.12392692879677134,0.15046702735511633
cars,rf,1864,7060047060,0.5318920034094353,0.40196293417493595
cars,rf,1869,7060047060,0.6181993694029078,0.3861712301976414
cars,rf,1872,7060043500,0.18369572271036105,0.1967183998020598
cars,rf,1879,7060043160,0.5783266087608062,0.4202288171467003
cars,rf,1883,7060043640,0.25082374609997554,0.21315759728377892
cars,rf,191,7060013550,0.2234054546701261,0.32919283761403695
cars,rf,193,7060013550,0.4154316045619325,0.4984770519143747
cars,rf,198,7060013550,0.3030069769194994,0.33159355938636687
cars,rf,204,7060013550,0.30221711336109347,0.38339861762613103
cars,rf,223,7060013180,0.28503840193604846,0.2374048802922586
cars,rf,292,7060022240,0.4472345683630451,0.3514270830042973
cars,rf,300,7060047060,0.5006788204045888,0.4140035809538985
cars,rf,307,7060047060,0.13528669233477014,0.2063744476903153
cars,rf,310,7060014930,0.06025614607528096,0.08441021787859393
cars,rf,316,7060014930,0.2220848054312484,0.19939119134813674
cars,rf,319,7060047060,0.23720243735094437,0.340827732831239
cars,rf,355,7060047060,0.12272469188767607,0.19620489722096765
cars,rf,361,7060014930,0.10503189579573496,0.157345358212872
cars,rf,362,7060047060,0.3864645066597572,0.3622659812817053
cars,rf,364,7060047060,0.16167768783006337,0.19620489722096765
cars,rf,367,7060014930,0.26860972192798926,0.36108159789059213
cars,rf,368,7060047060,0.4096064798436735,0.39725276028382284
cars,rf,372,7060014930,0.30493644885189647,0.3489384486149129
cars,rf,373,7060047060,0.37558580011839665,0.4062516406786783
cars,rf,378,7060014930,0.6498951178353334,0.5052775103759353
cars,rf,384,7060014930,0.3093526199502241,0.31587007000795475
cars,rf,386,7060014930,0.5767595458015281,0.49607793607605905
cars,rf,390,7060014930,0.3071239489001133,0.3594802596872042
cars,rf,391,7060014930,0.11565386794679762,0.13990630102667806
cars,rf,393,7060047060,0.2235727680227117,0.3061418342517531
cars,rf,398,7060047060,0.2636061818578061,0.3193068683850958
cars,rf,399,7060047060,0.13580253516247803,0.24137842979945934
cars,rf,41,7060016090,0.3063485000731634,0.3034826880530855
cars,rf,413,7060014930,0.014957428854622506,0.08625613092633429
cars,rf,415,7060047060,0.07439807135004639,0.21483220966496808
cars,rf,416,7060047060,0.18256724140525943,0.1989509397684949
cars,rf,419,7060008710,0.4416205857741654,0.4258867038864974
cars,rf,42,7060016090,0.3638214534858144,0.3552364760642293
cars,rf,421,7060047060,0.2531768818393909,0.3937951911834807
cars,rf,423,7060008710,0.2609668929402653,0.3431679042808723
cars,rf,431,7060073620,0.15755469955653975,0.18475765516814313
cars,rf,438,7060073620,0.3205574500397978,0.3101709653887344
cars,rf,442,7060073620,0.2880753880040633,0.32704676096625507
cars,rf,445,7060008710,0.22415083691444454,0.2607231854368018
cars,rf,448,7060008710,0.22427414079737434,0.24046108667725818
cars,rf,449,7060073620,0.426066484362956,0.4239167891114966
cars,rf,450,7060073620,0.3659586584769955,0.36563777933211944
cars,rf,451,7060008710,0.2142445264803189,0.13383929890176516
cars,rf,456,7060073620,0.2640694177067812,0.23356552980902837
cars,rf,467,7060073620,0.5066104513145995,0.4162979032355564
cars,rf,469,7060008710,0.46365928111475874,0.4106861640797847
cars,rf,470,7060008710,0.30999258982574807,0.3366443111681859
cars,rf,471,7060008710,0.4998953490670137,0.4344448748020701
cars,rf,473,7060008710,0.6126285989726578,0.44632601666472316
cars,rf,477,7060073620,0.2618498475460717,0.27076176878028624
cars,rf,488,7060008710,0.2871536416436151,0.3408929295953286
cars,rf,492,7060008710,0.4407826505245222,0.3826272962457796
cars,rf,493,7060008710,0.37871473040641057,0.4762327623852744
cars,rf,497,7060008710,0.24859788496998347,0.3579644576677412
cars,rf,500,7060047060,0.35710034798351037,0.3946768354955716
cars,rf,502,7060008710,0.30423695353723224,0.22272267716771194
cars,rf,505,7060047060,0.23801375600200253,0.2814851772021855
cars,rf,506,7060008710,0.4850553440011199,0.47172470166408276
cars,rf,509,7060008710,0.0984713136044381,0.25642004029761273
cars,rf,511,7060047060,0.08335690047648478,0.2254798704745664
cars,rf,517,7060008710,0.3479024777143732,0.34946582864665354
cars,rf,518,7060008710,0.5128392897293541,0.4319786719673817
cars,rf,522,7060047060,0.0714074460062018,0.19667853343427225
cars,rf,524,7060073920,0.2800087631552244,0.5218701599926826
cars,rf,529,7060047060,0.21800836345775654,0.32228542553101514
cars,rf,530,7060047060,0.24882530842092745,0.31103326486671184
cars,rf,531,7060008710,0.1943925982432932,0.25197414091216525
cars,rf,533,7060047060,0.050322851451944275,0.19620489722096765
cars,rf,536,7060008710,0.25250797575882156,0.22192764538499912
cars,rf,541,7060008710,0.3372827560408248,0.33679367777708086
cars,rf,542,7060008710,0.018790976407496537,0.07295651161576928
cars,rf,549,7060008710,0.1701278393208284,0.1517375993725515
cars,rf,55,7060014930,0.2791408868597332,0.3138013221022003
cars,rf,567,7060008710,0.6561024589795234,0.513776704744208
cars,rf,57,7060014930,0.3399568096450151,0.348860634941319
cars,rf,572,7060008710,0.25457938347916664,0.360543456393002
cars,rf,574,7060008710,0.39976135828890924,0.4095206305283434
cars,rf,575,7060008710,0.3449917751935075,0.3927874773359624
cars,rf,585,7060013550,0.37822571214119727,0.36328030477645584
cars,rf,592,7060013550,0.3000093946332669,0.5112520835988976
cars,rf,595,7060013550,0.1074165396122517,0.21067280857941573
cars,rf,597,7060008710,0.5041937892767199,0.4013298059117635
cars,rf,60,7060014930,0.20260488753198175,0.23492806495601443
cars,rf,600,7060013550,0.2941340706340895,0.3070840751331414
cars,rf,601,7060008710,0.3977358697471582,0.40610454029667603
cars,rf,605,7060013550,0.298616468183024,0.30771973635695943
cars,rf,609,7060013550,0.21927506271712457,0.35576348780392947
cars,rf,612,7060013550,0.10733503940308617,0.16335494223930438
cars,rf,63,7060014930,0.2699904997815742,0.33553153534411073
cars,rf,7308,7060043500,0.1498584901974067,0.12335162547007497
cars,rf,7313,7060047060,0.18751672464372046,0.2808593313066643
cars,rf,7318,7060047060,0.011418187875291395,0.19483805012913702
cars,rf,753,7060047060,0.15115842356726944,0.3102191269678289
cars,rf,777,7060047060,0.27879708871674164,0.32094749427069436
cars,rf,780,7060047060,0.44557927107970197,0.4320806085197198
cars,rf,784,7060047060,0.21568170232054204,0.37048207457041515
cars,rf,798,7060047060,0.22989713112567728,0.4204858682606425
cars,rf,837,7060047060,0.1446783707599708,0.41590103686367946
cars,rf,868,7060047060,0.6617214722807061,0.3881921666861097
cars,rf,870,7060047060,0.05728962862512674,0.2696836348326205
cars,rf,882,7060047060,0.07487405610658132,0.1892049183505014
cars,rf,884,7060047060,0.058890091762423005,0.1853945363856384
cars,rf,885,7060047060,0.060213697559366314,0.18675000096021863
cars,rf,893,7060047060,0.3039675883467522,0.4185157293413306
cars,rf,895,7060047060,0.01200902548294359,0.1853909337020215
cars,rf,898,7060047060,0.4809622045609584,0.3683792920377138
cars,rf,920,7060047060,0.009702717289224134,0.18891478086430283
cars,rf,931,7060047060,1.2052396392304092,0.41954665491315213
cars,rf,938,7060047060,0.3968494669462763,0.3968755206119629
cars,rf,939,7060047060,0.4656358493251691,0.41801537612480183
cars,rf,948,7060047060,0.5744564251171721,0.4131477472930532
cars,rf,952,7060047060,0.6166240176032683,0.4066646188058279
cars,rf,956,7060047060,1.1283610390792411,0.431706509435711
raw,mean,1017,7060047060,0.39350694741793457,0.30127679804664953
raw,mean,1026,7060047060,0.27047730320991026,0.30127679804664953
raw,mean,1033,7060047060,0.34903146806745766,0.30127679804664953
raw,mean,1036,7060047060,0.20717264498721943,0.30127679804664953
raw,mean,1042,7060047060,0.3236531161741061,0.30127679804664953
raw,mean,1067,7060047060,0.6167405131405999,0.30127679804664953
raw,mean,1086,7060049270,1.1065786202138204,0.27446582998975044
raw,mean,1092,7060047060,0.6010081256172075,0.30127679804664953
raw,mean,1101,7060047060,0.5979508334437655,0.30127679804664953
raw,mean,1112,7060047060,0.4993501914700653,0.30127679804664953
raw,mean,1121,7060047060,0.32837844858050913,0.30127679804664953
raw,mean,1122,7060047060,0.5217491049159911,0.30127679804664953
raw,mean,1125,7060047060,0.32837844858050913,0.30127679804664953
raw,mean,1127,7060047060,0.5663454133318315,0.30127679804664953
raw,mean,114,7060014340,0.28504764230307755,0.27432881696082967
raw,mean,1151,7060047970,0.5843168922743912,0.27432881696082967
raw,mean,1192,7060047060,0.16430907051601795,0.30127679804664953
raw,mean,1237,7060047970,0.6706848696134027,0.27432881696082967
raw,mean,1249,7060048410,1.1752645856080293,0.28004638634225504
raw,mean,131,7060014200,0.27333918635913207,0.27446582998975044
raw,mean,132,7060013550,0.22046421488839568,0.28004638634225504
raw,mean,133,7060013550,0.0872185410310191,0.28004638634225504
raw,mean,148,7060013550,0.21833227848872927,0.28004638634225504
raw,mean,1586,7060047060,0.10904752528982808,0.30127679804664953
raw,mean,1587,7060047060,0.2799957740271275,0.30127679804664953
raw,mean,1592,7060047060,0.34382574108077185,0.30127679804664953
raw,mean,1595,7060047060,0.10842850910012612,0.30127679804664953
raw,mean,1600,7060047060,0.16390038915031843,0.30127679804664953
raw,mean,1617,7060047060,0.26566128757157614,0.30127679804664953
raw,mean,1619,7060047060,0.14994540981136933,0.30127679804664953
raw,mean,1620,7060047060,0.27244922316425124,0.30127679804664953
raw,mean,1631,7060047060,0.13586625120138024,0.30127679804664953
raw,mean,1634,7060047060,0.1758207414989661,0.30127679804664953
raw,mean,1636,7060047060,0.37686352202262224,0.30127679804664953
raw,mean,1645,7060047060,0.46880108927990805,0.30127679804664953
raw,mean,1650,7060047060,0.1902835665834986,0.30127679804664953
raw,mean,1654,7060047060,0.4581723993322289,0.30127679804664953
raw,mean,1655,7060047060,0.27903405496887934,0.30127679804664953
raw,mean,1656,7060047060,0.2013737127912082,0.30127679804664953
raw,mean,1683,7060047060,0.44087707368667267,0.30127679804664953
raw,mean,169,7060013560,0.5358492196096671,0.27432881696082967
raw,mean,1691,7060047060,0.11616721478804654,0.30127679804664953
raw,mean,1699,7060047060,0.10173478820258915,0.30127679804664953
raw,mean,1703,7060047060,0.716660099941124,0.30127679804664953
raw,mean,1706,7060047060,0.14395730556039704,0.30127679804664953
raw,mean,1707,7060047060,0.2516954924878223,0.30127679804664953
raw,mean,1709,7060047060,0.09069195877190259,0.30127679804664953
raw,mean,1712,7060047060,0.1190201878087824,0.30127679804664953
raw,mean,1713,7060047060,0.2096398232608936,0.30127679804664953
raw,mean,1714,7060047060,0.3091300571912571,0.30127679804664953
raw,mean,1718,7060047060,0.44885605648942306,0.30127679804664953
raw,mean,1723,7060047060,0.19395669459263004,0.30127679804664953
raw,mean,1726,7060047060,0.10896403881507782,0.30127679804664953
raw,mean,1735,7060047060,0.06979095290564989,0.30127679804664953
raw,mean,1739,7060047060,0.29666539359342553,0.30127679804664953
raw,mean,1740,7060047060,0.1758207414989661,0.30127679804664953
raw,mean,1741,7060047060,0.3534252217323681,0.30127679804664953
raw,mean,1742,7060047060,0.08480826170244422,0.30127679804664953
raw,mean,1744,7060047060,0.2387276522901479,0.30127679804664953
raw,mean,1752,7060047060,0.0302958959256767,0.30127679804664953
raw,mean,1753,7060047060,0.034264448408433124,0.30127679804664953
raw,mean,1755,7060047060,0.5562673086774179,0.30127679804664953
raw,mean,1761,7060042310,0.27724474371309005,0.27446582998975044
raw,mean,1768,7060047060,0.01211858013282131,0.30127679804664953
raw,mean,1776,7060043090,0.0855439313352062,0.28004638634225504
raw,mean,1777,7060047060,0.30228136103486564,0.30127679804664953
raw,mean,182,7060013550,0.18271699961023843,0.28004638634225504
raw,mean,1848,7060047060,0.5028227720001452,0.30127679804664953
raw,mean,1851,7060043500,0.16275547134539953,0.27432881696082967
raw,mean,1864,7060047060,0.5453666496134132,0.30127679804664953
raw,mean,1869,7060047060,0.6497507178945514,0.30127679804664953
raw,mean,1879,7060043160,0.5747260555684761,0.27446582998975044
raw,mean,1883,7060043640,0.2594859396710334,0.27432881696082967
raw,mean,191,7060013550,0.24386640433051454,0.28004638634225504
raw,mean,198,7060013550,0.30894982013781086,0.28004638634225504
raw,mean,204,7060013550,0.3066385469683326,0.28004638634225504
raw,mean,292,7060022240,0.44893864747877954,0.27432881696082967
raw,mean,307,7060047060,0.13710457100078935,0.30127679804664953
raw,mean,310,7060014930,0.06279365977724899,0.27446582998975044
raw,mean,316,7060014930,0.2222499551419378,0.27446582998975044
raw,mean,319,7060047060,0.23881827227462005,0.30127679804664953
raw,mean,355,7060047060,0.12340187249362164,0.30127679804664953
raw,mean,361,7060014930,0.10836787673158613,0.27446582998975044
raw,mean,362,7060047060,0.3841607485850629,0.30127679804664953
raw,mean,364,7060047060,0.16250170400561625,0.30127679804664953
raw,mean,368,7060047060,0.41289960337289583,0.30127679804664953
raw,mean,372,7060014930,0.2942816619350156,0.27446582998975044
raw,mean,373,7060047060,0.37558270113787345,0.30127679804664953
raw,mean,384,7060014930,0.3030019109094392,0.27446582998975044
raw,mean,386,7060014930,0.572864021275219,0.27446582998975044
raw,mean,391,7060014930,0.11630684303528308,0.27446582998975044
raw,mean,393,7060047060,0.22427692059245702,0.30127679804664953
raw,mean,398,7060047060,0.2627616778487855,0.30127679804664953
raw,mean,41,7060016090,0.30546303515284856,0.27446582998975044
raw,mean,413,7060014930,0.015188338602546802,0.27446582998975044
raw,mean,415,7060047060,0.0745806789865424,0.30127679804664953
raw,mean,416,7060047060,0.17890221425805486,0.30127679804664953
raw,mean,419,7060008710,0.44082065466842046,0.27446314928967364
raw,mean,42,7060016090,0.366221789192078,0.27446582998975044
raw,mean,421,7060047060,0.25493325998242067,0.30127679804664953
raw,mean,423,7060008710,0.26117307204484375,0.27446314928967364
raw,mean,442,7060073620,0.2752968810628519,0.27432881696082967
raw,mean,445,7060008710,0.224138830757966,0.27446314928967364
raw,mean,448,7060008710,0.22416607699504454,0.27446314928967364
raw,mean,449,7060073620,0.4238798871954068,0.27432881696082967
raw,mean,451,7060008710,0.22090927233216076,0.27446314928967364
raw,mean,456,7060073620,0.25605914571423927,0.27432881696082967
raw,mean,467,7060073620,0.5064303907785369,0.27432881696082967
raw,mean,469,7060008710,0.45052235055286904,0.27446314928967364
raw,mean,470,7060008710,0.31479673590326607,0.27446314928967364
raw,mean,477,7060073620,0.2528298707120241,0.27432881696082967
raw,mean,488,7060008710,0.28199738486015824,0.27446314928967364
raw,mean,497,7060008710,0.2464086886680948,0.27446314928967364
raw,mean,500,7060047060,0.3562560410703974,0.30127679804664953
raw,mean,502,7060008710,0.30211006397508533,0.27446314928967364
raw,mean,505,7060047060,0.23924474713225585,0.30127679804664953
raw,mean,509,7060008710,0.09916879377383866,0.27446314928967364
raw,mean,511,7060047060,0.08440368437655454,0.30127679804664953
raw,mean,517,7060008710,0.3486366875331364,0.27446314928967364
raw,mean,518,7060008710,0.5042386268704302,0.27446314928967364
raw,mean,522,7060047060,0.07026054013384717,0.30127679804664953
raw,mean,524,7060073920,0.28463745446912436,0.28004638634225504
raw,mean,530,7060047060,0.24882327314142194,0.30127679804664953
raw,mean,531,7060008710,0.19126019666584598,0.27446314928967364
raw,mean,533,7060047060,0.06207667745984695,0.30127679804664953
raw,mean,536,7060008710,0.25553116336390597,0.27446314928967364
raw,mean,541,7060008710,0.33512067960589664,0.27446314928967364
raw,mean,542,7060008710,0.021829390999163038,0.27446314928967364
raw,mean,549,7060008710,0.17266983428947952,0.27446314928967364
raw,mean,55,7060014930,0.2855472312792672,0.27446582998975044
raw,mean,567,7060008710,0.6598461853590809,0.27446314928967364
raw,mean,57,7060014930,0.3434381800795077,0.27446582998975044
raw,mean,574,7060008710,0.4025920589861338,0.27446314928967364
raw,mean,575,7060008710,0.3423624117302833,0.27446314928967364
raw,mean,595,7060013550,0.10828677413827531,0.28004638634225504
raw,mean,597,7060008710,0.504672677607412,0.27446314928967364
raw,mean,60,7060014930,0.2041065565749272,0.27446582998975044
raw,mean,600,7060013550,0.2973337878686663,0.28004638634225504
raw,mean,601,7060008710,0.3984804482743115,0.27446314928967364
raw,mean,612,7060013550,0.11004515406213367,0.28004638634225504
raw,mean,63,7060014930,0.2689459370149505,0.27446582998975044
raw,mean,7308,7060043500,0.17291437604455698,0.27432881696082967
raw,mean,7313,7060047060,0.18782556894938995,0.30127679804664953
raw,mean,7318,7060047060,0.01404860943222809,0.30127679804664953
raw,mean,753,7060047060,0.15216346333752714,0.30127679804664953
raw,mean,870,7060047060,0.05984246578898476,0.30127679804664953
raw,mean,882,7060047060,0.07469940515764761,0.30127679804664953
raw,mean,884,7060047060,0.0763158000949986,0.30127679804664953
raw,mean,885,7060047060,0.06626214192426286,0.30127679804664953
raw,mean,895,7060047060,0.014271387481084304,0.30127679804664953
raw,mean,898,7060047060,0.4804827463621658,0.30127679804664953
raw,mean,920,7060047060,0.010603340710536624,0.30127679804664953
raw,mean,931,7060047060,1.2472731177871326,0.30127679804664953
raw,mean,938,7060047060,0.38426009158298446,0.30127679804664953
raw,persistence,1017,7060047060,0.39350694741793457,0.32732625657686143
raw,persistence,1026,7060047060,0.27047730320991026,0.2834168970340526
raw,persistence,1033,7060047060,0.34903146806745766,0.33911868468061473
raw,persistence,1036,7060047060,0.20717264498721943,0.21383819202015208
raw,persistence,1042,7060047060,0.3236531161741061,0.3812739904689628
raw,persistence,1067,7060047060,0.6167405131405999,0.5506501849189527
raw,persistence,1086,7060049270,1.1065786202138204,0.8848431516750894
raw,persistence,1092,7060047060,0.6010081256172075,0.5212600112783097
raw,persistence,1101,7060047060,0.5979508334437655,0.48238399696401857
raw,persistence,1112,7060047060,0.4993501914700653,0.38296951698055165
raw,persistence,1121,7060047060,0.32837844858050913,0.25815139018932476
raw,persistence,1122,7060047060,0.5217491049159911,0.45839296501237914
raw,persistence,1125,7060047060,0.32837844858050913,0.25815139018932476
raw,persistence,1127,7060047060,0.5663454133318315,0.4843791452026821
raw,persistence,114,7060014340,0.28504764230307755,0.419876774547364
raw,persistence,1151,7060047970,0.5843168922743912,0.39937269564133215
raw,persistence,1192,7060047060,0.16430907051601795,0.12311908521187284
raw,persistence,1237,7060047970,0.6706848696134027,0.5579418713718229
raw,persistence,1249,7060048410,1.1752645856080293,0.8786082927534192
raw,persistence,131,7060014200,0.27333918635913207,0.24841927731797692
raw,persistence,132,7060013550,0.22046421488839568,0.14926934675484932
raw,persistence,133,7060013550,0.0872185410310191,0.046577233014649444
raw,persistence,148,7060013550,0.21833227848872927,0.18173948436536902
raw,persistence,1586,7060047060,0.10904752528982808,0.13506777257551217
raw,persistence,1587,7060047060,0.2799957740271275,0.27537901244813345
raw,persistence,1592,7060047060,0.34382574108077185,0.21977552761039992
raw,persistence,1595,7060047060,0.10842850910012612,0.04052037059224774
raw,persistence,1600,7060047060,0.16390038915031843,0.14189920675046158
raw,persistence,1617,7060047060,0.26566128757157614,0.31342708481125076
raw,persistence,1619,7060047060,0.14994540981136933,0.2411145373293386
raw,persistence,1620,7060047060,0.27244922316425124,0.29373950829282947
raw,persistence,1631,7060047060,0.13586625120138024,0.20831804751261715
raw,persistence,1634,7060047060,0.1758207414989661,0.14422797835809964
raw,persistence,1636,7060047060,0.37686352202262224,0.48578499594909874
raw,persistence,1645,7060047060,0.46880108927990805,0.4352714907165549
raw,persistence,1650,7060047060,0.1902835665834986,0.29790227844638123
raw,persistence,1654,7060047060,0.4581723993322289,0.44796201049184103
raw,persistence,1655,7060047060,0.27903405496887934,0.2795508120545117
raw,persistence,1656,7060047060,0.2013737127912082,0.1581455963637178
raw,persistence,1683,7060047060,0.44087707368667267,0.38006640718230245
raw,persistence,169,7060013560,0.5358492196096671,0.6260428067800482
raw,persistence,1691,7060047060,0.11616721478804654,0.16906698920481789
raw,persistence,1699,7060047060,0.10173478820258915,0.0932043910144893
raw,persistence,1703,7060047060,0.716660099941124,0.6006220667118699
raw,persistence,1706,7060047060,0.14395730556039704,0.13765369183842868
raw,persistence,1707,7060047060,0.2516954924878223,0.29054549589074513
raw,persistence,1709,7060047060,0.09069195877190259,0.06746998050513128
raw,persistence,1712,7060047060,0.1190201878087824,0.14040051365660172
raw,persistence,1713,7060047060,0.2096398232608936,0.28784117898830874
raw,persistence,1714,7060047060,0.3091300571912571,0.3715533410694491
raw,persistence,1718,7060047060,0.44885605648942306,0.4887165938297443
raw,persistence,1723,7060047060,0.19395669459263004,0.2058555663805134
raw,persistence,1726,7060047060,0.10896403881507782,0.12855630496026077
raw,persistence,1735,7060047060,0.06979095290564989,0.08022106913608207
raw,persistence,1739,7060047060,0.29666539359342553,0.30490781245337906
raw,persistence,1740,7060047060,0.1758207414989661,0.14422797835809964
raw,persistence,1741,7060047060,0.3534252217323681,0.30269984489098456
raw,persistence,1742,7060047060,0.08480826170244422,0.08475095118718173
raw,persistence,1744,7060047060,0.2387276522901479,0.21328782928822254
raw,persistence,1752,7060047060,0.0302958959256767,0.04174413093244561
raw,persistence,1753,7060047060,0.034264448408433124,0.12688018325062994
raw,persistence,1755,7060047060,0.5562673086774179,0.4676057793716548
raw,persistence,1761,7060042310,0.27724474371309005,0.22092728935311007
raw,persistence,1768,7060047060,0.01211858013282131,0.019045252163574136
raw,persistence,1776,7060043090,0.0855439313352062,0.04673633933514659
raw,persistence,1777,7060047060,0.30228136103486564,0.292893701696213
raw,persistence,182,7060013550,0.18271699961023843,0.18876530730899535
raw,persistence,1848,7060047060,0.5028227720001452,0.5055296456992726
raw,persistence,1851,7060043500,0.16275547134539953,0.21430080920704023
raw,persistence,1864,7060047060,0.5453666496134132,0.5237262413583994
raw,persistence,1869,7060047060,0.6497507178945514,0.6825118324280082
raw,persistence,1879,7060043160,0.5747260555684761,0.5557630083151025
raw,persistence,1883,7060043640,0.2594859396710334,0.23033722735379167
raw,persistence,191,7060013550,0.24386640433051454,0.3272170127162451
raw,persistence,198,7060013550,0.30894982013781086,0.36301238201428054
raw,persistence,204,7060013550,0.3066385469683326,0.3778348677466956
raw,persistence,292,7060022240,0.44893864747877954,0.42200139136783466
raw,persistence,307,7060047060,0.13710457100078935,0.15470541289290046
raw,persistence,310,7060014930,0.06279365977724899,0.06604083258205336
raw,persistence,316,7060014930,0.2222499551419378,0.23956559273349093
raw,persistence,319,7060047060,0.23881827227462005,0.25458913624304513
raw,persistence,355,7060047060,0.12340187249362164,0.1511515807310599
raw,persistence,361,7060014930,0.10836787673158613,0.11765121509929247
raw,persistence,362,7060047060,0.3841607485850629,0.6821706073259356
raw,persistence,364,7060047060,0.16250170400561625,0.13855064487215552
raw,persistence,368,7060047060,0.41289960337289583,0.3949308315381802
raw,persistence,372,7060014930,0.2942816619350156,0.3156344414759076
raw,persistence,373,7060047060,0.37558270113787345,0.47070628348938015
raw,persistence,384,7060014930,0.3030019109094392,0.2819591444181446
raw,persistence,386,7060014930,0.572864021275219,0.528810898347174
raw,persistence,391,7060014930,0.11630684303528308,0.14040808614001055
raw,persistence,393,7060047060,0.22427692059245702,0.2318804158587709
raw,persistence,398,7060047060,0.2627616778487855,0.2315010968717211
raw,persistence,41,7060016090,0.30546303515284856,0.28046628020470366
raw,persistence,413,7060014930,0.015188338602546802,0.026689603366676348
raw,persistence,415,7060047060,0.0745806789865424,0.07569707632721556
raw,persistence,416,7060047060,0.17890221425805486,0.14739472370243467
raw,persistence,419,7060008710,0.44082065466842046,0.5000644879242638
raw,persistence,42,7060016090,0.366221789192078,0.33841626142315506
raw,persistence,421,7060047060,0.25493325998242067,0.4035093113691528
raw,persistence,423,7060008710,0.26117307204484375,0.3286078843081458
raw,persistence,442,7060073620,0.2752968810628519,0.2857415201534098
raw,persistence,445,7060008710,0.224138830757966,0.2585428572103122
raw,persistence,448,7060008710,0.22416607699504454,0.2339789882123406
raw,persistence,449,7060073620,0.4238798871954068,0.5045444976662925
raw,persistence,451,7060008710,0.22090927233216076,0.13899259893238797
raw,persistence,456,7060073620,0.25605914571423927,0.22083893395156676
raw,persistence,467,7060073620,0.5064303907785369,0.44718494903775585
raw,persistence,469,7060008710,0.45052235055286904,0.4130908565376275
raw,persistence,470,7060008710,0.31479673590326607,0.295631999210478
raw,persistence,477,7060073620,0.2528298707120241,0.3057173466462336
raw,persistence,488,7060008710,0.28199738486015824,0.390309253085163
raw,persistence,497,7060008710,0.2464086886680948,0.3400521138301063
raw,persistence,500,7060047060,0.3562560410703974,0.3863352444733229
raw,persistence,502,7060008710,0.30211006397508533,0.22638360625180481
raw,persistence,505,7060047060,0.23924474713225585,0.21416520673928122
raw,persistence,509,7060008710,0.09916879377383866,0.22663711791862462
raw,persistence,511,7060047060,0.08440368437655454,0.11562480452300766
raw,persistence,517,7060008710,0.3486366875331364,0.37667294299469406
raw,persistence,518,7060008710,0.5042386268704302,0.49206455984819475
raw,persistence,522,7060047060,0.07026054013384717,0.1178565130813419
raw,persistence,524,7060073920,0.28463745446912436,0.6056334554122743
raw,persistence,530,7060047060,0.24882327314142194,0.22146285246209962
raw,persistence,531,7060008710,0.19126019666584598,0.24304869606496618
raw,persistence,533,7060047060,0.06207667745984695,0.0717785558395135
raw,persistence,536,7060008710,0.25553116336390597,0.246914396231868
raw,persistence,541,7060008710,0.33512067960589664,0.3855330714681625
raw,persistence,542,7060008710,0.021829390999163038,0.062185232801962954
raw,persistence,549,7060008710,0.17266983428947952,0.1289048748424131
raw,persistence,55,7060014930,0.2855472312792672,0.29859361974404636
raw,persistence,567,7060008710,0.6598461853590809,0.568167901667212
raw,persistence,57,7060014930,0.3434381800795077,0.39010191957263496
raw,persistence,574,7060008710,0.4025920589861338,0.4532693325676319
raw,persistence,575,7060008710,0.3423624117302833,0.45090363592699056
raw,persistence,595,7060013550,0.10828677413827531,0.19201996238898328
raw,persistence,597,7060008710,0.504672677607412,0.481298882047343
raw,persistence,60,7060014930,0.2041065565749272,0.2663200574555232
raw,persistence,600,7060013550,0.2973337878686663,0.29213311975886014
raw,persistence,601,7060008710,0.3984804482743115,0.3477240963723892
raw,persistence,612,7060013550,0.11004515406213367,0.14999185935931425
raw,persistence,63,7060014930,0.2689459370149505,0.3629869753237469
raw,persistence,7308,7060043500,0.17291437604455698,0.13151636261207936
raw,persistence,7313,7060047060,0.18782556894938995,0.20539925152870275
raw,persistence,7318,7060047060,0.01404860943222809,0.011668990812269998
raw,persistence,753,7060047060,0.15216346333752714,0.2442817547925933
raw,persistence,870,7060047060,0.05984246578898476,0.1978266320944444
raw,persistence,882,7060047060,0.07469940515764761,0.12314076028634954
raw,persistence,884,7060047060,0.0763158000949986,0.08297545924434035
raw,persistence,885,7060047060,0.06626214192426286,0.18094667801319542
raw,persistence,895,7060047060,0.014271387481084304,0.020511690869501536
raw,persistence,898,7060047060,0.4804827463621658,0.7789655626985532
raw,persistence,920,7060047060,0.010603340710536624,0.04751129309744815
raw,persistence,931,7060047060,1.2472731177871326,0.9539932496405352
raw,persistence,938,7060047060,0.38426009158298446,0.8131914182348002
raw,ridge,1017,7060047060,0.39350694741793457,0.3897313108371438
raw,ridge,1026,7060047060,0.27047730320991026,0.34907145702043435
raw,ridge,1033,7060047060,0.34903146806745766,0.4191563832620049
raw,ridge,1036,7060047060,0.20717264498721943,0.291785962258776
raw,ridge,1042,7060047060,0.3236531161741061,0.4095911209330601
raw,ridge,1067,7060047060,0.6167405131405999,0.5310105899954826
raw,ridge,1086,7060049270,1.1065786202138204,0.69615913866152
raw,ridge,1092,7060047060,0.6010081256172075,0.5161748803435695
raw,ridge,1101,7060047060,0.5979508334437655,0.4228561415380797
raw,ridge,1112,7060047060,0.4993501914700653,0.3993724740403788
raw,ridge,1121,7060047060,0.32837844858050913,0.3231750950978779
raw,ridge,1122,7060047060,0.5217491049159911,0.46311633532930685
raw,ridge,1125,7060047060,0.32837844858050913,0.3231750950978779
raw,ridge,1127,7060047060,0.5663454133318315,0.4864948791393481
raw,ridge,114,7060014340,0.28504764230307755,0.38053941748339
raw,ridge,1151,7060047970,0.5843168922743912,0.5096524404311769
raw,ridge,1192,7060047060,0.16430907051601795,0.1938794420956515
raw,ridge,1237,7060047970,0.6706848696134027,0.5115021308777155
raw,ridge,1249,7060048410,1.1752645856080293,0.8879088802845776
raw,ridge,131,7060014200,0.27333918635913207,0.2440768515148814
raw,ridge,132,7060013550,0.22046421488839568,0.157966683904569
raw,ridge,133,7060013550,0.0872185410310191,0.07583566745031003
raw,ridge,148,7060013550,0.21833227848872927,0.1881258012223774
raw,ridge,1586,7060047060,0.10904752528982808,0.27579011088640304
raw,ridge,1587,7060047060,0.2799957740271275,0.3353285780691598
raw,ridge,1592,7060047060,0.34382574108077185,0.309075753980574
raw,ridge,1595,7060047060,0.10842850910012612,0.19130723044419465
raw,ridge,1600,7060047060,0.16390038915031843,0.26183551858785054
raw,ridge,1617,7060047060,0.26566128757157614,0.3371527818239338
raw,ridge,1619,7060047060,0.14994540981136933,0.3049395542481972
raw,ridge,1620,7060047060,0.27244922316425124,0.3040572562470915
raw,ridge,1631,7060047060,0.13586625120138024,0.30216988900343167
raw,ridge,1634,7060047060,0.1758207414989661,0.24386494342408174
raw,ridge,1636,7060047060,0.37686352202262224,0.43213588762357236
raw,ridge,1645,7060047060,0.46880108927990805,0.4393236230858909
raw,ridge,1650,7060047060,0.1902835665834986,0.35106318648330137
raw,ridge,1654,7060047060,0.4581723993322289,0.426881267770558
raw,ridge,1655,7060047060,0.27903405496887934,0.347763789175491
raw,ridge,1656,7060047060,0.2013737127912082,0.2644840047621909
raw,ridge,1683,7060047060,0.44087707368667267,0.4168511776775441
raw,ridge,169,7060013560,0.5358492196096671,0.5342868232015164
raw,ridge,1691,7060047060,0.11616721478804654,0.2624366575452275
raw,ridge,1699,7060047060,0.10173478820258915,0.2044363086769942
raw,ridge,1703,7060047060,0.716660099941124,0.526208692039518
raw,ridge,1706,7060047060,0.14395730556039704,0.24123312716813633
raw,ridge,1707,7060047060,0.2516954924878223,0.37049823779073565
raw,ridge,1709,7060047060,0.09069195877190259,0.19208920615171377
raw,ridge,1712,7060047060,0.1190201878087824,0.27637113597744106
raw,ridge,1713,7060047060,0.2096398232608936,0.3472099903152607
raw,ridge,1714,7060047060,0.3091300571912571,0.35643048668578303
raw,ridge,1718,7060047060,0.44885605648942306,0.4592585543057538
raw,ridge,1723,7060047060,0.19395669459263004,0.2929865330453303
raw,ridge,1726,7060047060,0.10896403881507782,0.25730659030371617
raw,ridge,1735,7060047060,0.06979095290564989,0.22867747302256136
raw,ridge,1739,7060047060,0.29666539359342553,0.35439880974093435
raw,ridge,1740,7060047060,0.1758207414989661,0.24386494342408174
raw,ridge,1741,7060047060,0.3534252217323681,0.34824326506235453
raw,ridge,1742,7060047060,0.08480826170244422,0.21886856838655086
raw,ridge,1744,7060047060,0.2387276522901479,0.30069353436440815
raw,ridge,1752,7060047060,0.0302958959256767,0.146264725430361
raw,ridge,1753,7060047060,0.034264448408433124,0.20288556279386863
raw,ridge,1755,7060047060,0.5562673086774179,0.41632743242779424
raw,ridge,1761,7060042310,0.27724474371309005,0.20856812543498426
raw,ridge,1768,7060047060,0.01211858013282131,0.14394706560570453
raw,ridge,1776,7060043090,0.0855439313352062,0.08396512910320159
raw,ridge,1777,7060047060,0.30228136103486564,0.3334792955879873
raw,ridge,182,7060013550,0.18271699961023843,0.19389873068966207
raw,ridge,1848,7060047060,0.5028227720001452,0.4064237061734876
raw,ridge,1851,7060043500,0.16275547134539953,0.18254498803295954
raw,ridge,1864,7060047060,0.5453666496134132,0.41635700509809087
raw,ridge,1869,7060047060,0.6497507178945514,0.5111089369224204
raw,ridge,1879,7060043160,0.5747260555684761,0.4051660077063431
raw,ridge,1883,7060043640,0.2594859396710334,0.2274178960595329
raw,ridge,191,7060013550,0.24386640433051454,0.2887475079074895
raw,ridge,198,7060013550,0.30894982013781086,0.31172337073174194
raw,ridge,204,7060013550,0.3066385469683326,0.33486337746197814
raw,ridge,292,7060022240,0.44893864747877954,0.33695249333586547
raw,ridge,307,7060047060,0.13710457100078935,0.21430154605034496
raw,ridge,310,7060014930,0.06279365977724899,0.07041362925398281
raw,ridge,316,7060014930,0.2222499551419378,0.2242465751319096
raw,ridge,319,7060047060,0.23881827227462005,0.3245783159286369
raw,ridge,355,7060047060,0.12340187249362164,0.24012781445151538
raw,ridge,361,7060014930,0.10836787673158613,0.1591296674479053
raw,ridge,362,7060047060,0.3841607485850629,0.46212761069837166
raw,ridge,364,7060047060,0.16250170400561625,0.19533402747182474
raw,ridge,368,7060047060,0.41289960337289583,0.41981258627065415
raw,ridge,372,7060014930,0.2942816619350156,0.3409967647494171
raw,ridge,373,7060047060,0.37558270113787345,0.44692653069919563
raw,ridge,384,7060014930,0.3030019109094392,0.29822475148008526
raw,ridge,386,7060014930,0.572864021275219,0.5060665436595668
raw,ridge,391,7060014930,0.11630684303528308,0.16400915215513773
raw,ridge,393,7060047060,0.22427692059245702,0.2984653189863975
raw,ridge,398,7060047060,0.2627616778487855,0.3207639186711165
raw,ridge,41,7060016090,0.30546303515284856,0.2518028621616848
raw,ridge,413,7060014930,0.015188338602546802,0.08110583379435568
raw,ridge,415,7060047060,0.0745806789865424,0.1734168381988432
raw,ridge,416,7060047060,0.17890221425805486,0.2174383876769585
raw,ridge,419,7060008710,0.44082065466842046,0.45630227379312904
raw,ridge,42,7060016090,0.366221789192078,0.28187146414528386
raw,ridge,421,7060047060,0.25493325998242067,0.4154787141191734
raw,ridge,423,7060008710,0.26117307204484375,0.3005914452024694
raw,ridge,442,7060073620,0.2752968810628519,0.2881213396439968
raw,ridge,445,7060008710,0.224138830757966,0.31939151916281483
raw,ridge,448,7060008710,0.22416607699504454,0.3012891039594048
raw,ridge,449,7060073620,0.4238798871954068,0.36898548503293105
raw,ridge,451,7060008710,0.22090927233216076,0.13822080054666963
raw,ridge,456,7060073620,0.25605914571423927,0.22535095139450112
raw,ridge,467,7060073620,0.5064303907785369,0.4211423478770631
raw,ridge,469,7060008710,0.45052235055286904,0.4195020040658826
raw,ridge,470,7060008710,0.31479673590326607,0.38581944670061497
raw,ridge,477,7060073620,0.2528298707120241,0.25793620083430346
raw,ridge,488,7060008710,0.28199738486015824,0.3189790388372199
raw,ridge,497,7060008710,0.2464086886680948,0.3457685098190415
raw,ridge,500,7060047060,0.3562560410703974,0.38030985297683323
raw,ridge,502,7060008710,0.30211006397508533,0.23900592401524912
raw,ridge,505,7060047060,0.23924474713225585,0.2501767486440806
raw,ridge,509,7060008710,0.09916879377383866,0.2808421750993361
raw,ridge,511,7060047060,0.08440368437655454,0.28358012265639637
raw,ridge,517,7060008710,0.3486366875331364,0.35366033429221166
raw,ridge,518,7060008710,0.5042386268704302,0.4739045379940019
raw,ridge,522,7060047060,0.07026054013384717,0.2063973430829412
raw,ridge,524,7060073920,0.28463745446912436,0.5806077560023071
raw,ridge,530,7060047060,0.24882327314142194,0.25781330860798585
raw,ridge,531,7060008710,0.19126019666584598,0.31857432483662973
raw,ridge,533,7060047060,0.06207667745984695,0.1709413027954601
raw,ridge,536,7060008710,0.25553116336390597,0.2527182693879263
raw,ridge,541,7060008710,0.33512067960589664,0.3497804743228552
raw,ridge,542,7060008710,0.021829390999163038,0.07648090276555441
raw,ridge,549,7060008710,0.17266983428947952,0.15881081274512807
raw,ridge,55,7060014930,0.2855472312792672,0.26677073521156147
raw,ridge,567,7060008710,0.6598461853590809,0.562960405930823
raw,ridge,57,7060014930,0.3434381800795077,0.3343524753631825
raw,ridge,574,7060008710,0.4025920589861338,0.4474530866484597
raw,ridge,575,7060008710,0.3423624117302833,0.4152916966419671
raw,ridge,595,7060013550,0.10828677413827531,0.19791241522551128
raw,ridge,597,7060008710,0.504672677607412,0.3835594023296701
raw,ridge,60,7060014930,0.2041065565749272,0.246727788624706
raw,ridge,600,7060013550,0.2973337878686663,0.29699989983761665
raw,ridge,601,7060008710,0.3984804482743115,0.328029583335658
raw,ridge,612,7060013550,0.11004515406213367,0.20461815331773464
raw,ridge,63,7060014930,0.2689459370149505,0.30656290067876024
raw,ridge,7308,7060043500,0.17291437604455698,0.1146475914538077
raw,ridge,7313,7060047060,0.18782556894938995,0.25082813277073024
raw,ridge,7318,7060047060,0.01404860943222809,0.1378218878653668
raw,ridge,753,7060047060,0.15216346333752714,0.25229759397966134
raw,ridge,870,7060047060,0.05984246578898476,0.21218822473710974
raw,ridge,882,7060047060,0.07469940515764761,0.19460404165458697
raw,ridge,884,7060047060,0.0763158000949986,0.13888553908872692
raw,ridge,885,7060047060,0.06626214192426286,0.1938219025462295
raw,ridge,895,7060047060,0.014271387481084304,0.11062775855073201
raw,ridge,898,7060047060,0.4804827463621658,0.5112526516072623
raw,ridge,920,7060047060,0.010603340710536624,0.13411079139814217
raw,ridge,931,7060047060,1.2472731177871326,0.5747410257546544
raw,ridge,938,7060047060,0.38426009158298446,0.618234111144327
raw,rf,1017,7060047060,0.39350694741793457,0.34672379641587747
raw,rf,1026,7060047060,0.27047730320991026,0.33516993278484697
raw,rf,1033,7060047060,0.34903146806745766,0.37432964221072834
raw,rf,1036,7060047060,0.20717264498721943,0.2579829404625853
raw,rf,1042,7060047060,0.3236531161741061,0.3712698554913116
raw,rf,1067,7060047060,0.6167405131405999,0.37692813062355357
raw,rf,1086,7060049270,1.1065786202138204,0.45643279934273195
raw,rf,1092,7060047060,0.6010081256172075,0.37744817043954365
raw,rf,1101,7060047060,0.5979508334437655,0.34738792166597837
raw,rf,1112,7060047060,0.4993501914700653,0.3698246789311769
raw,rf,1121,7060047060,0.32837844858050913,0.3189407435123708
raw,rf,1122,7060047060,0.5217491049159911,0.36848313685112916
raw,rf,1125,7060047060,0.32837844858050913,0.3189407435123708
raw,rf,1127,7060047060,0.5663454133318315,0.37393724425404945
raw,rf,114,7060014340,0.28504764230307755,0.42964534972438834
raw,rf,1151,7060047970,0.5843168922743912,0.4597308568331955
raw,rf,1192,7060047060,0.16430907051601795,0.21709489561875336
raw,rf,1237,7060047970,0.6706848696134027,0.5213274642941231
raw,rf,1249,7060048410,1.1752645856080293,0.537281022890146
raw,rf,131,7060014200,0.27333918635913207,0.2878446922481043
raw,rf,132,7060013550,0.22046421488839568,0.1500377255278952
raw,rf,133,7060013550,0.0872185410310191,0.0815417519040053
raw,rf,148,7060013550,0.21833227848872927,0.21571076644924722
raw,rf,1586,7060047060,0.10904752528982808,0.24452731647118647
raw,rf,1587,7060047060,0.2799957740271275,0.33434843052078933
raw,rf,1592,7060047060,0.34382574108077185,0.2571614381985277
raw,rf,1595,7060047060,0.10842850910012612,0.24088222753952157
raw,rf,1600,7060047060,0.16390038915031843,0.24562404561251905
raw,rf,1617,7060047060,0.26566128757157614,0.34191786158910054
raw,rf,1619,7060047060,0.14994540981136933,0.2920829589670749
raw,rf,1620,7060047060,0.27244922316425124,0.33802668141260356
raw,rf,1631,7060047060,0.13586625120138024,0.2579048205142514
raw,rf,1634,7060047060,0.1758207414989661,0.24452731647118647
raw,rf,1636,7060047060,0.37686352202262224,0.34671679740852585
raw,rf,1645,7060047060,0.46880108927990805,0.36848313685112916
raw,rf,1650,7060047060,0.1902835665834986,0.3368893393806423
raw,rf,1654,7060047060,0.4581723993322289,0.36848313685112916
raw,rf,1655,7060047060,0.27903405496887934,0.3400520020262085
raw,rf,1656,7060047060,0.2013737127912082,0.2440072766551964
raw,rf,1683,7060047060,0.44087707368667267,0.3677791891414486
raw,rf,169,7060013560,0.5358492196096671,0.4559017762807786
raw,rf,1691,7060047060,0.11616721478804654,0.24302184241948857
raw,rf,1699,7060047060,0.10173478820258915,0.24128547930787075
raw,rf,1703,7060047060,0.716660099941124,0.3734172044380594
raw,rf,1706,7060047060,0.14395730556039704,0.24362515303952853
raw,rf,1707,7060047060,0.2516954924878223,0.3346498929688569
raw,rf,1709,7060047060,0.09069195877190259,0.24128547930787075
raw,rf,1712,7060047060,0.1190201878087824,0.24362515303952853
raw,rf,1713,7060047060,0.2096398232608936,0.31238250117622185
raw,rf,1714,7060047060,0.3091300571912571,0.3439260826509898
raw,rf,1718,7060047060,0.44885605648942306,0.36848313685112916
raw,rf,1723,7060047060,0.19395669459263004,0.25607384480012846
raw,rf,1726,7060047060,0.10896403881507782,0.24362515303952853
raw,rf,1735,7060047060,0.06979095290564989,0.24482877891925406
raw,rf,1739,7060047060,0.29666539359342553,0.32324122494681645
raw,rf,1740,7060047060,0.1758207414989661,0.24452731647118647
raw,rf,1741,7060047060,0.3534252217323681,0.3446767628606593
raw,rf,1742,7060047060,0.08480826170244422,0.22041063539211433
raw,rf,1744,7060047060,0.2387276522901479,0.231650364049227
raw,rf,1752,7060047060,0.0302958959256767,0.21030909352212068
raw,rf,1753,7060047060,0.034264448408433124,0.2097890537061306
raw,rf,1755,7060047060,0.5562673086774179,0.368844395551185
raw,rf,1761,7060042310,0.27724474371309005,0.21853235510427305
raw,rf,1768,7060047060,0.01211858013282131,0.2136242413624554
raw,rf,1776,7060043090,0.0855439313352062,0.09009008465437734
raw,rf,1777,7060047060,0.30228136103486564,0.31883791265973443
raw,rf,182,7060013550,0.18271699961023843,0.21262015869565215
raw,rf,1848,7060047060,0.5028227720001452,0.3478658677871113
raw,rf,1851,7060043500,0.16275547134539953,0.17005207787660312
raw,rf,1864,7060047060,0.5453666496134132,0.34795376421743723
raw,rf,1869,7060047060,0.6497507178945514,0.344973586503595
raw,rf,1879,7060043160,0.5747260555684761,0.37924018336669696
raw,rf,1883,7060043640,0.2594859396710334,0.2029844453974078
raw,rf,191,7060013550,0.24386640433051454,0.32848257031887207
raw,rf,198,7060013550,0.30894982013781086,0.3135157634437571
raw,rf,204,7060013550,0.3066385469683326,0.3190951806715035
raw,rf,292,7060022240,0.44893864747877954,0.41101850094441394
raw,rf,307,7060047060,0.13710457100078935,0.2347272370492604
raw,rf,310,7060014930,0.06279365977724899,0.08797546059383012
raw,rf,316,7060014930,0.2222499551419378,0.24616591301025342
raw,rf,319,7060047060,0.23881827227462005,0.33072127736458556
raw,rf,355,7060047060,0.12340187249362164,0.23338569496921274
raw,rf,361,7060014930,0.10836787673158613,0.17198294436649295
raw,rf,362,7060047060,0.3841607485850629,0.35774643178111937
raw,rf,364,7060047060,0.16250170400561625,0.23338569496921274
raw,rf,368,7060047060,0.41289960337289583,0.3865691189889918
raw,rf,372,7060014930,0.2942816619350156,0.31754660955826697
raw,rf,373,7060047060,0.37558270113787345,0.3832874788270821
raw,rf,384,7060014930,0.3030019109094392,0.29760811490577516
raw,rf,386,7060014930,0.572864021275219,0.448032773213774
raw,rf,391,7060014930,0.11630684303528308,0.14567263714786516
raw,rf,393,7060047060,0.22427692059245702,0.2908763519546636
raw,rf,398,7060047060,0.2627616778487855,0.3042585913150254
raw,rf,41,7060016090,0.30546303515284856,0.2895741247290705
raw,rf,413,7060014930,0.015188338602546802,0.11360945402706761
raw,rf,415,7060047060,0.0745806789865424,0.24188686383036853
raw,rf,416,7060047060,0.17890221425805486,0.2344715773366616
raw,rf,419,7060008710,0.44082065466842046,0.4548797674668221
raw,rf,42,7060016090,0.366221789192078,0.33003093296483593
raw,rf,421,7060047060,0.25493325998242067,0.3825438307698958
raw,rf,423,7060008710,0.26117307204484375,0.31975474165747425
raw,rf,442,7060073620,0.2752968810628519,0.33435942105842015
raw,rf,445,7060008710,0.224138830757966,0.2777007413234681
raw,rf,448,7060008710,0.22416607699504454,0.24920062823236336
raw,rf,449,7060073620,0.4238798871954068,0.43391173360790375
raw,rf,451,7060008710,0.22090927233216076,0.1369680280760845
raw,rf,456,7060073620,0.25605914571423927,0.2499890552008822
raw,rf,467,7060073620,0.5064303907785369,0.43140088532873244
raw,rf,469,7060008710,0.45052235055286904,0.41913121025938793
raw,rf,470,7060008710,0.31479673590326607,0.3162671474658717
raw,rf,477,7060073620,0.2528298707120241,0.2574250879483765
raw,rf,488,7060008710,0.28199738486015824,0.29818167228271536
raw,rf,497,7060008710,0.2464086886680948,0.333059964750556
raw,rf,500,7060047060,0.3562560410703974,0.3832874788270821
raw,rf,502,7060008710,0.30211006397508533,0.24782009552966167
raw,rf,505,7060047060,0.23924474713225585,0.24601981669655398
raw,rf,509,7060008710,0.09916879377383866,0.2612114058582958
raw,rf,511,7060047060,0.08440368437655454,0.25970124669136596
raw,rf,517,7060008710,0.3486366875331364,0.34086593996980824
raw,rf,518,7060008710,0.5042386268704302,0.42918250409746794
raw,rf,522,7060047060,0.07026054013384717,0.2344715773366616
raw,rf,524,7060073920,0.28463745446912436,0.4894487875698125
raw,rf,530,7060047060,0.24882327314142194,0.2579182004841974
raw,rf,531,7060008710,0.19126019666584598,0.2768337942296268
raw,rf,533,7060047060,0.06207667745984695,0.23338569496921274
raw,rf,536,7060008710,0.25553116336390597,0.2583142971269255
raw,rf,541,7060008710,0.33512067960589664,0.35153559418084507
raw,rf,542,7060008710,0.021829390999163038,0.09165436324089167
raw,rf,549,7060008710,0.17266983428947952,0.1520401061096364
raw,rf,55,7060014930,0.2855472312792672,0.3198125708555496
raw,rf,567,7060008710,0.6598461853590809,0.46114788660638745
raw,rf,57,7060014930,0.3434381800795077,0.3441423934699814
raw,rf,574,7060008710,0.4025920589861338,0.41922633212107735
raw,rf,575,7060008710,0.3423624117302833,0.41956551398662634
raw,rf,595,7060013550,0.10828677413827531,0.21754477376760226
raw,rf,597,7060008710,0.504672677607412,0.41516317272023395
raw,rf,60,7060014930,0.2041065565749272,0.2896117801587413
raw,rf,600,7060013550,0.2973337878686663,0.32528427392032944
raw,rf,601,7060008710,0.3984804482743115,0.3500118739896327
raw,rf,612,7060013550,0.11004515406213367,0.16969450922007648
raw,rf,63,7060014930,0.2689459370149505,0.32028211380801413
raw,rf,7308,7060043500,0.17291437604455698,0.11080893161006149
raw,rf,7313,7060047060,0.18782556894938995,0.24501288446575503
raw,rf,7318,7060047060,0.01404860943222809,0.23300357135354488
raw,rf,753,7060047060,0.15216346333752714,0.2800468842661305
raw,rf,870,7060047060,0.05984246578898476,0.24545768050539163
raw,rf,882,7060047060,0.07469940515764761,0.2136242413624554
raw,rf,884,7060047060,0.0763158000949986,0.20965176498463867
raw,rf,885,7060047060,0.06626214192426286,0.21164830954667851
raw,rf,895,7060047060,0.014271387481084304,0.20908592243317994
raw,rf,898,7060047060,0.4804827463621658,0.358567934045177
raw,rf,920,7060047060,0.010603340710536624,0.20966261175852247
raw,rf,931,7060047060,1.2472731177871326,0.3614486155847451
raw,rf,938,7060047060,0.38426009158298446,0.37039052148263557
gap1,mean,1017,7060047060,0.39350694741793457,0.30661238595385887
gap1,mean,1026,7060047060,0.27047730320991026,0.30661238595385887
gap1,mean,1033,7060047060,0.3492122023815647,0.30661238595385887
gap1,mean,1036,7060047060,0.20717264498721943,0.30661238595385887
gap1,mean,1042,7060047060,0.3236531161741061,0.30661238595385887
gap1,mean,1067,7060047060,0.6168662889042192,0.30661238595385887
gap1,mean,1086,7060049270,1.1066013206807137,0.2790512421890787
gap1,mean,1092,7060047060,0.6010100039936108,0.30661238595385887
gap1,mean,1101,7060047060,0.5979508334437655,0.30661238595385887
gap1,mean,1112,7060047060,0.4993501914700653,0.30661238595385887
gap1,mean,1121,7060047060,0.32837844858050913,0.30661238595385887
gap1,mean,1122,7060047060,0.5217491049159911,0.30661238595385887
gap1,mean,1125,7060047060,0.32837844858050913,0.30661238595385887
gap1,mean,1127,7060047060,0.5663464704659067,0.30661238595385887
gap1,mean,114,7060014340,0.2841010530976343,0.2801702599452879
gap1,mean,1151,7060047970,0.5843168922743912,0.2801702599452879
gap1,mean,1192,7060047060,0.16430907051601795,0.30661238595385887
gap1,mean,1237,7060047970,0.6706848696134027,0.2801702599452879
gap1,mean,1249,7060048410,1.1752645856080293,0.2841929111760417
gap1,mean,131,7060014200,0.281265956663137,0.2790512421890787
gap1,mean,132,7060013550,0.22073262558094145,0.2841929111760417
gap1,mean,133,7060013550,0.08731045177732724,0.2841929111760417
gap1,mean,148,7060013550,0.2190614565427998,0.2841929111760417
gap1,mean,1586,7060047060,0.10904752528982808,0.30661238595385887
gap1,mean,1587,7060047060,0.2799957740271275,0.30661238595385887
gap1,mean,1592,7060047060,0.34382574108077185,0.30661238595385887
gap1,mean,1595,7060047060,0.10883391873789357,0.30661238595385887
gap1,mean,1600,7060047060,0.16390038915031843,0.30661238595385887
gap1,mean,1617,7060047060,0.26566128757157614,0.30661238595385887
gap1,mean,1619,7060047060,0.14994540981136933,0.30661238595385887
gap1,mean,1620,7060047060,0.27244922316425124,0.30661238595385887
gap1,mean,1631,7060047060,0.13586625120138024,0.30661238595385887
gap1,mean,1634,7060047060,0.1758207414989661,0.30661238595385887
gap1,mean,1636,7060047060,0.37686352202262224,0.30661238595385887
gap1,mean,1645,7060047060,0.46880108927990805,0.30661238595385887
gap1,mean,1650,7060047060,0.1902835665834986,0.30661238595385887
gap1,mean,1654,7060047060,0.4581723993322289,0.30661238595385887
gap1,mean,1655,7060047060,0.27903405496887934,0.30661238595385887
gap1,mean,1656,7060047060,0.2013737127912082,0.30661238595385887
gap1,mean,1683,7060047060,0.44087707368667267,0.30661238595385887
gap1,mean,169,7060013560,0.5368847561181227,0.2801702599452879
gap1,mean,1691,7060047060,0.11616721478804654,0.30661238595385887
gap1,mean,1699,7060047060,0.10173478820258915,0.30661238595385887
gap1,mean,1703,7060047060,0.716660099941124,0.30661238595385887
gap1,mean,1706,7060047060,0.14394821276290282,0.30661238595385887
gap1,mean,1707,7060047060,0.2516954924878223,0.30661238595385887
gap1,mean,1709,7060047060,0.09069195877190259,0.30661238595385887
gap1,mean,1712,7060047060,0.1190438174824831,0.30661238595385887
gap1,mean,1713,7060047060,0.2096398232608936,0.30661238595385887
gap1,mean,1714,7060047060,0.3091300571912571,0.30661238595385887
gap1,mean,1718,7060047060,0.44885605648942306,0.30661238595385887
gap1,mean,1723,7060047060,0.1939799772989414,0.30661238595385887
gap1,mean,1726,7060047060,0.10896403881507782,0.30661238595385887
gap1,mean,1735,7060047060,0.06969792027437718,0.30661238595385887
gap1,mean,1739,7060047060,0.29666539359342553,0.30661238595385887
gap1,mean,1740,7060047060,0.1758207414989661,0.30661238595385887
gap1,mean,1741,7060047060,0.3534252217323681,0.30661238595385887
gap1,mean,1742,7060047060,0.08463019614034248,0.30661238595385887
gap1,mean,1744,7060047060,0.2387276522901479,0.30661238595385887
gap1,mean,1752,7060047060,0.03017830633154979,0.30661238595385887
gap1,mean,1753,7060047060,0.034264448408433124,0.30661238595385887
gap1,mean,1755,7060047060,0.5562673086774179,0.30661238595385887
gap1,mean,1756,7060047060,0.40974507707334384,0.30661238595385887
gap1,mean,1761,7060042310,0.2777746491978774,0.2790512421890787
gap1,mean,1768,7060047060,0.01211858013282131,0.30661238595385887
gap1,mean,1776,7060043090,0.0855439313352062,0.2841929111760417
gap1,mean,1777,7060047060,0.30238192606453906,0.30661238595385887
gap1,mean,1796,7060042940,0.32255310066389614,0.2801702599452879
gap1,mean,182,7060013550,0.18271699961023843,0.2841929111760417
gap1,mean,1848,7060047060,0.5028227720001452,0.30661238595385887
gap1,mean,1851,7060043500,0.16177516979790701,0.2801702599452879
gap1,mean,1864,7060047060,0.5453666496134132,0.30661238595385887
gap1,mean,1869,7060047060,0.6497507178945514,0.30661238595385887
gap1,mean,1879,7060043160,0.5747769495465672,0.2790512421890787
gap1,mean,1883,7060043640,0.2594859396710334,0.2801702599452879
gap1,mean,191,7060013550,0.24386640433051454,0.2841929111760417
gap1,mean,198,7060013550,0.3096217134039919,0.2841929111760417
gap1,mean,204,7060013550,0.30643246924406614,0.2841929111760417
gap1,mean,292,7060022240,0.4489520176137165,0.2801702599452879
gap1,mean,307,7060047060,0.13710457100078935,0.30661238595385887
gap1,mean,310,7060014930,0.06269236039805173,0.2790512421890787
gap1,mean,316,7060014930,0.2222499551419378,0.2790512421890787
gap1,mean,319,7060047060,0.23881827227462005,0.30661238595385887
gap1,mean,355,7060047060,0.12340187249362164,0.30661238595385887
gap1,mean,361,7060014930,0.10690243268063335,0.2790512421890787
gap1,mean,362,7060047060,0.3841607485850629,0.30661238595385887
gap1,mean,364,7060047060,0.16250170400561625,0.30661238595385887
gap1,mean,367,7060014930,0.24410352711546626,0.2790512421890787
gap1,mean,368,7060047060,0.41287948373993116,0.30661238595385887
gap1,mean,372,7060014930,0.2997359054367721,0.2790512421890787
gap1,mean,373,7060047060,0.37572110737773073,0.30661238595385887
gap1,mean,384,7060014930,0.30349832263261695,0.2790512421890787
gap1,mean,386,7060014930,0.5696518008854601,0.2790512421890787
gap1,mean,391,7060014930,0.11688702537736742,0.2790512421890787
gap1,mean,393,7060047060,0.2243235834336481,0.30661238595385887
gap1,mean,398,7060047060,0.2639900244115464,0.30661238595385887
gap1,mean,41,7060016090,0.3054506214634258,0.2790512421890787
gap1,mean,413,7060014930,0.015455173536212445,0.2790512421890787
gap1,mean,415,7060047060,0.0745806789865424,0.30661238595385887
gap1,mean,416,7060047060,0.17890221425805486,0.30661238595385887
gap1,mean,419,7060008710,0.4424144088749079,0.2788314521216205
gap1,mean,42,7060016090,0.3661877568923359,0.2790512421890787
gap1,mean,421,7060047060,0.25493325998242067,0.30661238595385887
gap1,mean,423,7060008710,0.2612522674047988,0.2788314521216205
gap1,mean,431,7060073620,0.14230442184495945,0.2801702599452879
gap1,mean,438,7060073620,0.3089789848689493,0.2801702599452879
gap1,mean,442,7060073620,0.27786195797784397,0.2801702599452879
gap1,mean,445,7060008710,0.22418420424496033,0.2788314521216205
gap1,mean,448,7060008710,0.22419325020668085,0.2788314521216205
gap1,mean,449,7060073620,0.4238280178254042,0.2801702599452879
gap1,mean,450,7060073620,0.33584587382199277,0.2801702599452879
gap1,mean,451,7060008710,0.22090927233216076,0.2788314521216205
gap1,mean,456,7060073620,0.2580378306762259,0.2801702599452879
gap1,mean,467,7060073620,0.5073133718431583,0.2801702599452879
gap1,mean,469,7060008710,0.4541648322981475,0.2788314521216205
gap1,mean,470,7060008710,0.3137507433958496,0.2788314521216205
gap1,mean,471,7060008710,0.4785233883687955,0.2788314521216205
gap1,mean,477,7060073620,0.2528298707120241,0.2801702599452879
gap1,mean,488,7060008710,0.2821341114616804,0.2788314521216205
gap1,mean,492,7060008710,0.4305165815531785,0.2788314521216205
gap1,mean,497,7060008710,0.2480763062136852,0.2788314521216205
gap1,mean,500,7060047060,0.35639739362759915,0.30661238595385887
gap1,mean,502,7060008710,0.30211006397508533,0.2788314521216205
gap1,mean,505,7060047060,0.2399902606826259,0.30661238595385887
gap1,mean,509,7060008710,0.09916879377383866,0.2788314521216205
gap1,mean,511,7060047060,0.08440368437655454,0.30661238595385887
gap1,mean,517,7060008710,0.3486032637503954,0.2788314521216205
gap1,mean,518,7060008710,0.5045465247101172,0.2788314521216205
gap1,mean,522,7060047060,0.07026054013384717,0.30661238595385887
gap1,mean,524,7060073920,0.28463745446912436,0.2841929111760417
gap1,mean,529,7060047060,0.20194772926049834,0.30661238595385887
gap1,mean,530,7060047060,0.24882327314142194,0.30661238595385887
gap1,mean,531,7060008710,0.1933547626435281,0.2788314521216205
gap1,mean,533,7060047060,0.06223182299231912,0.30661238595385887
gap1,mean,536,7060008710,0.25549517063393434,0.2788314521216205
gap1,mean,541,7060008710,0.33512067960589664,0.2788314521216205
gap1,mean,542,7060008710,0.021829390999163038,0.2788314521216205
gap1,mean,549,7060008710,0.17278534319406452,0.2788314521216205
gap1,mean,55,7060014930,0.28550609958557943,0.2790512421890787
gap1,mean,567,7060008710,0.659633722298465,0.2788314521216205
gap1,mean,57,7060014930,0.3398129536522196,0.2790512421890787
gap1,mean,574,7060008710,0.40241090498421794,0.2788314521216205
gap1,mean,575,7060008710,0.3423102148988813,0.2788314521216205
gap1,mean,595,7060013550,0.10813385174100312,0.2841929111760417
gap1,mean,597,7060008710,0.504672677607412,0.2788314521216205
gap1,mean,60,7060014930,0.2041065565749272,0.2790512421890787
gap1,mean,600,7060013550,0.29742355965391953,0.2841929111760417
gap1,mean,601,7060008710,0.3982437519679096,0.2788314521216205
gap1,mean,612,7060013550,0.11003303591192931,0.2841929111760417
gap1,mean,63,7060014930,0.2688342824391425,0.2790512421890787
gap1,mean,7308,7060043500,0.17790926935220205,0.2801702599452879
gap1,mean,7313,7060047060,0.18782556894938995,0.30661238595385887
gap1,mean,7318,7060047060,0.014004335310672859,0.30661238595385887
gap1,mean,753,7060047060,0.15216346333752714,0.30661238595385887
gap1,mean,870,7060047060,0.05984246578898476,0.30661238595385887
gap1,mean,882,7060047060,0.07472428851333776,0.30661238595385887
gap1,mean,884,7060047060,0.07621634147289033,0.30661238595385887
gap1,mean,885,7060047060,0.06624913146272371,0.30661238595385887
gap1,mean,895,7060047060,0.014271387481084304,0.30661238595385887
gap1,mean,898,7060047060,0.4804827463621658,0.30661238595385887
gap1,mean,920,7060047060,0.010603340710536624,0.30661238595385887
gap1,mean,931,7060047060,1.2429828978739201,0.30661238595385887
gap1,mean,938,7060047060,0.3816788907685503,0.30661238595385887
gap1,persistence,1017,7060047060,0.39350694741793457,0.32732625657686143
gap1,persistence,1026,7060047060,0.27047730320991026,0.2834168970340526
gap1,persistence,1033,7060047060,0.3492122023815647,0.33911868468061473
gap1,persistence,1036,7060047060,0.20717264498721943,0.21383819202015208
gap1,persistence,1042,7060047060,0.3236531161741061,0.3812739904689628
gap1,persistence,1067,7060047060,0.6168662889042192,0.5506501849189527
gap1,persistence,1086,7060049270,1.1066013206807137,0.8848431516750894
gap1,persistence,1092,7060047060,0.6010100039936108,0.5212600112783097
gap1,persistence,1101,7060047060,0.5979508334437655,0.48238399696401857
gap1,persistence,1112,7060047060,0.4993501914700653,0.38296951698055165
gap1,persistence,1121,7060047060,0.32837844858050913,0.25815139018932476
gap1,persistence,1122,7060047060,0.5217491049159911,0.45839296501237914
gap1,persistence,1125,7060047060,0.32837844858050913,0.25815139018932476
gap1,persistence,1127,7060047060,0.5663464704659067,0.4843791452026821
gap1,persistence,114,7060014340,0.2841010530976343,0.41899019829061046
gap1,persistence,1151,7060047970,0.5843168922743912,0.39937269564133215
gap1,persistence,1192,7060047060,0.16430907051601795,0.12311908521187284
gap1,persistence,1237,7060047970,0.6706848696134027,0.5579418713718229
gap1,persistence,1249,7060048410,1.1752645856080293,0.8786082927534192
gap1,persistence,131,7060014200,0.281265956663137,0.2633820855690807
gap1,persistence,132,7060013550,0.22073262558094145,0.1493315015289595
gap1,persistence,133,7060013550,0.08731045177732724,0.04671556580229824
gap1,persistence,148,7060013550,0.2190614565427998,0.1818934185219057
gap1,persistence,1586,7060047060,0.10904752528982808,0.13506777257551217
gap1,persistence,1587,7060047060,0.2799957740271275,0.27537901244813345
gap1,persistence,1592,7060047060,0.34382574108077185,0.21977552761039992
gap1,persistence,1595,7060047060,0.10883391873789357,0.04052037059224774
gap1,persistence,1600,7060047060,0.16390038915031843,0.14189920675046158
gap1,persistence,1617,7060047060,0.26566128757157614,0.31342708481125076
gap1,persistence,1619,7060047060,0.14994540981136933,0.2411145373293386
gap1,persistence,1620,7060047060,0.27244922316425124,0.29373950829282947
gap1,persistence,1631,7060047060,0.13586625120138024,0.20836567804383369
gap1,persistence,1634,7060047060,0.1758207414989661,0.14422797835809964
gap1,persistence,1636,7060047060,0.37686352202262224,0.48578499594909874
gap1,persistence,1645,7060047060,0.46880108927990805,0.4352714907165549
gap1,persistence,1650,7060047060,0.1902835665834986,0.29790227844638123
gap1,persistence,1654,7060047060,0.4581723993322289,0.44796201049184103
gap1,persistence,1655,7060047060,0.27903405496887934,0.2795508120545117
gap1,persistence,1656,7060047060,0.2013737127912082,0.1581455963637178
gap1,persistence,1683,7060047060,0.44087707368667267,0.38006640718230245
gap1,persistence,169,7060013560,0.5368847561181227,0.6426913241691263
gap1,persistence,1691,7060047060,0.11616721478804654,0.16906698920481789
gap1,persistence,1699,7060047060,0.10173478820258915,0.0932043910144893
gap1,persistence,1703,7060047060,0.716660099941124,0.6006220667118699
gap1,persistence,1706,7060047060,0.14394821276290282,0.13765369183842868
gap1,persistence,1707,7060047060,0.2516954924878223,0.29054549589074513
gap1,persistence,1709,7060047060,0.09069195877190259,0.06746998050513128
gap1,persistence,1712,7060047060,0.1190438174824831,0.14040051365660172
gap1,persistence,1713,7060047060,0.2096398232608936,0.28784117898830874
gap1,persistence,1714,7060047060,0.3091300571912571,0.3715533410694491
gap1,persistence,1718,7060047060,0.44885605648942306,0.4887165938297443
gap1,persistence,1723,7060047060,0.1939799772989414,0.2058555663805134
gap1,persistence,1726,7060047060,0.10896403881507782,0.12855630496026077
gap1,persistence,1735,7060047060,0.06969792027437718,0.08022106913608207
gap1,persistence,1739,7060047060,0.29666539359342553,0.30490781245337906
gap1,persistence,1740,7060047060,0.1758207414989661,0.14422797835809964
gap1,persistence,1741,7060047060,0.3534252217323681,0.30269984489098456
gap1,persistence,1742,7060047060,0.08463019614034248,0.08475095118718173
gap1,persistence,1744,7060047060,0.2387276522901479,0.21328782928822254
gap1,persistence,1752,7060047060,0.03017830633154979,0.04180743367016232
gap1,persistence,1753,7060047060,0.034264448408433124,0.12688018325062994
gap1,persistence,1755,7060047060,0.5562673086774179,0.4676057793716548
gap1,persistence,1756,7060047060,0.40974507707334384,0.4318255088181702
gap1,persistence,1761,7060042310,0.2777746491978774,0.2124143062172167
gap1,persistence,1768,7060047060,0.01211858013282131,0.019094588581639885
gap1,persistence,1776,7060043090,0.0855439313352062,0.04669715183213882
gap1,persistence,1777,7060047060,0.30238192606453906,0.29693573367983883
gap1,persistence,1796,7060042940,0.32255310066389614,0.17501395687605875
gap1,persistence,182,7060013550,0.18271699961023843,0.18876530730899535
gap1,persistence,1848,7060047060,0.5028227720001452,0.5055296456992726
gap1,persistence,1851,7060043500,0.16177516979790701,0.20064941007632994
gap1,persistence,1864,7060047060,0.5453666496134132,0.5237262413583994
gap1,persistence,1869,7060047060,0.6497507178945514,0.6825118324280082
gap1,persistence,1879,7060043160,0.5747769495465672,0.5557630083151025
gap1,persistence,1883,7060043640,0.2594859396710334,0.23033722735379167
gap1,persistence,191,7060013550,0.24386640433051454,0.3272170127162451
gap1,persistence,198,7060013550,0.3096217134039919,0.36319719976672726
gap1,persistence,204,7060013550,0.30643246924406614,0.37677171080243077
gap1,persistence,292,7060022240,0.4489520176137165,0.422031702342091
gap1,persistence,307,7060047060,0.13710457100078935,0.15470541289290046
gap1,persistence,310,7060014930,0.06269236039805173,0.06604083258205336
gap1,persistence,316,7060014930,0.2222499551419378,0.23956559273349093
gap1,persistence,319,7060047060,0.23881827227462005,0.25458913624304513
gap1,persistence,355,7060047060,0.12340187249362164,0.1511515807310599
gap1,persistence,361,7060014930,0.10690243268063335,0.11530586580286523
gap1,persistence,362,7060047060,0.3841607485850629,0.6821706073259356
gap1,persistence,364,7060047060,0.16250170400561625,0.1385491053591678
gap1,persistence,367,7060014930,0.24410352711546626,0.2900009011463529
gap1,persistence,368,7060047060,0.41287948373993116,0.3822624243762034
gap1,persistence,372,7060014930,0.2997359054367721,0.3186127085341349
gap1,persistence,373,7060047060,0.37572110737773073,0.4707153146807739
gap1,persistence,384,7060014930,0.30349832263261695,0.2831345755642386
gap1,persistence,386,7060014930,0.5696518008854601,0.5279290440279005
gap1,persistence,391,7060014930,0.11688702537736742,0.14134578241455692
gap1,persistence,393,7060047060,0.2243235834336481,0.2318804158587709
gap1,persistence,398,7060047060,0.2639900244115464,0.23110315943195492
gap1,persistence,41,7060016090,0.3054506214634258,0.28046628020470366
gap1,persistence,413,7060014930,0.015455173536212445,0.026501662050484685
gap1,persistence,415,7060047060,0.0745806789865424,0.07569707632721556
gap1,persistence,416,7060047060,0.17890221425805486,0.14739472370243467
gap1,persistence,419,7060008710,0.4424144088749079,0.5067228757097753
gap1,persistence,42,7060016090,0.3661877568923359,0.33841626142315506
gap1,persistence,421,7060047060,0.25493325998242067,0.4036575656808902
gap1,persistence,423,7060008710,0.2612522674047988,0.3286078843081458
gap1,persistence,431,7060073620,0.14230442184495945,0.17157645322217538
gap1,persistence,438,7060073620,0.3089789848689493,0.2717779711281842
gap1,persistence,442,7060073620,0.27786195797784397,0.28720365758898037
gap1,persistence,445,7060008710,0.22418420424496033,0.25806845021736147
gap1,persistence,448,7060008710,0.22419325020668085,0.2339678963977953
gap1,persistence,449,7060073620,0.4238280178254042,0.50332272036719
gap1,persistence,450,7060073620,0.33584587382199277,0.327563154693609
gap1,persistence,451,7060008710,0.22090927233216076,0.13887653599825775
gap1,persistence,456,7060073620,0.2580378306762259,0.22183735196416857
gap1,persistence,467,7060073620,0.5073133718431583,0.447984528420496
gap1,persistence,469,7060008710,0.4541648322981475,0.4385296732251204
gap1,persistence,470,7060008710,0.3137507433958496,0.29247029044540684
gap1,persistence,471,7060008710,0.4785233883687955,0.5462935199929715
gap1,persistence,477,7060073620,0.2528298707120241,0.3057929953627724
gap1,persistence,488,7060008710,0.2821341114616804,0.3884869185961532
gap1,persistence,492,7060008710,0.4305165815531785,0.44930933393764155
gap1,persistence,497,7060008710,0.2480763062136852,0.3404241592828343
gap1,persistence,500,7060047060,0.35639739362759915,0.38630047334848966
gap1,persistence,502,7060008710,0.30211006397508533,0.22595826657260681
gap1,persistence,505,7060047060,0.2399902606826259,0.21416520673928122
gap1,persistence,509,7060008710,0.09916879377383866,0.2273475774338848
gap1,persistence,511,7060047060,0.08440368437655454,0.11561435636273784
gap1,persistence,517,7060008710,0.3486032637503954,0.37695929663298355
gap1,persistence,518,7060008710,0.5045465247101172,0.49171076257433743
gap1,persistence,522,7060047060,0.07026054013384717,0.11757612819764321
gap1,persistence,524,7060073920,0.28463745446912436,0.6056334554122743
gap1,persistence,529,7060047060,0.20194772926049834,0.1748373601897353
gap1,persistence,530,7060047060,0.24882327314142194,0.22146285246209962
gap1,persistence,531,7060008710,0.1933547626435281,0.24581822900796518
gap1,persistence,533,7060047060,0.06223182299231912,0.07134165855925821
gap1,persistence,536,7060008710,0.25549517063393434,0.24688761792221703
gap1,persistence,541,7060008710,0.33512067960589664,0.3855330714681625
gap1,persistence,542,7060008710,0.021829390999163038,0.062185232801962954
gap1,persistence,549,7060008710,0.17278534319406452,0.1292560230060486
gap1,persistence,55,7060014930,0.28550609958557943,0.29859361974404636
gap1,persistence,567,7060008710,0.659633722298465,0.5680268671041969
gap1,persistence,57,7060014930,0.3398129536522196,0.39010191957263496
gap1,persistence,574,7060008710,0.40241090498421794,0.4539797516477301
gap1,persistence,575,7060008710,0.3423102148988813,0.45085252489575905
gap1,persistence,595,7060013550,0.10813385174100312,0.19201996238898328
gap1,persistence,597,7060008710,0.504672677607412,0.481298882047343
gap1,persistence,60,7060014930,0.2041065565749272,0.2663200574555232
gap1,persistence,600,7060013550,0.29742355965391953,0.29213311975886014
gap1,persistence,601,7060008710,0.3982437519679096,0.3477119930967742
gap1,persistence,612,7060013550,0.11003303591192931,0.15102517553182981
gap1,persistence,63,7060014930,0.2688342824391425,0.3629869753237469
gap1,persistence,7308,7060043500,0.17790926935220205,0.13826530043599297
gap1,persistence,7313,7060047060,0.18782556894938995,0.20539925152870275
gap1,persistence,7318,7060047060,0.014004335310672859,0.011668990812269998
gap1,persistence,753,7060047060,0.15216346333752714,0.2442817547925933
gap1,persistence,870,7060047060,0.05984246578898476,0.1978266320944444
gap1,persistence,882,7060047060,0.07472428851333776,0.12412121895290525
gap1,persistence,884,7060047060,0.07621634147289033,0.08302434995230637
gap1,persistence,885,7060047060,0.06624913146272371,0.18219446829248112
gap1,persistence,895,7060047060,0.014271387481084304,0.020511690869501536
gap1,persistence,898,7060047060,0.4804827463621658,0.7780275244548219
gap1,persistence,920,7060047060,0.010603340710536624,0.04751129309744815
gap1,persistence,931,7060047060,1.2429828978739201,0.9539932496405352
gap1,persistence,938,7060047060,0.3816788907685503,0.8636537084380709
gap1,ridge,1017,7060047060,0.39350694741793457,0.3595080651636826
gap1,ridge,1026,7060047060,0.27047730320991026,0.33204351785204117
gap1,ridge,1033,7060047060,0.3492122023815647,0.3685552866197023
gap1,ridge,1036,7060047060,0.20717264498721943,0.2886403255043279
gap1,ridge,1042,7060047060,0.3236531161741061,0.3914172294395305
gap1,ridge,1067,7060047060,0.6168662889042192,0.5035343842478952
gap1,ridge,1086,7060049270,1.1066013206807137,0.693829163493221
gap1,ridge,1092,7060047060,0.6010100039936108,0.4773964556286221
gap1,ridge,1101,7060047060,0.5979508334437655,0.4159277081287318
gap1,ridge,1112,7060047060,0.4993501914700653,0.3857537090853954
gap1,ridge,1121,7060047060,0.32837844858050913,0.3106574179586598
gap1,ridge,1122,7060047060,0.5217491049159911,0.4321299177579363
gap1,ridge,1125,7060047060,0.32837844858050913,0.3106574179586598
gap1,ridge,1127,7060047060,0.5663464704659067,0.4511678807313676
gap1,ridge,114,7060014340,0.2841010530976343,0.39104941885357103
gap1,ridge,1151,7060047970,0.5843168922743912,0.508612777969181
gap1,ridge,1192,7060047060,0.16430907051601795,0.1980457647432513
gap1,ridge,1237,7060047970,0.6706848696134027,0.4943328163516796
gap1,ridge,1249,7060048410,1.1752645856080293,0.9013534033956725
gap1,ridge,131,7060014200,0.281265956663137,0.2576253291183091
gap1,ridge,132,7060013550,0.22073262558094145,0.161427787282634
gap1,ridge,133,7060013550,0.08731045177732724,0.07843100425479896
gap1,ridge,148,7060013550,0.2190614565427998,0.19011178098465692
gap1,ridge,1586,7060047060,0.10904752528982808,0.24608216665312874
gap1,ridge,1587,7060047060,0.2799957740271275,0.31825055006902986
gap1,ridge,1592,7060047060,0.34382574108077185,0.2885513744453241
gap1,ridge,1595,7060047060,0.10883391873789357,0.18175131789694
gap1,ridge,1600,7060047060,0.16390038915031843,0.24527005567673862
gap1,ridge,1617,7060047060,0.26566128757157614,0.33515796086428606
gap1,ridge,1619,7060047060,0.14994540981136933,0.3002725642815023
gap1,ridge,1620,7060047060,0.27244922316425124,0.31500770060492195
gap1,ridge,1631,7060047060,0.13586625120138024,0.280608889536314
gap1,ridge,1634,7060047060,0.1758207414989661,0.23328084173006533
gap1,ridge,1636,7060047060,0.37686352202262224,0.4231541876613481
gap1,ridge,1645,7060047060,0.46880108927990805,0.423316871465617
gap1,ridge,1650,7060047060,0.1902835665834986,0.3217748450493966
gap1,ridge,1654,7060047060,0.4581723993322289,0.4257539132676075
gap1,ridge,1655,7060047060,0.27903405496887934,0.3177155487122654
gap1,ridge,1656,7060047060,0.2013737127912082,0.24688964213518422
gap1,ridge,1683,7060047060,0.44087707368667267,0.38557600477176146
gap1,ridge,169,7060013560,0.5368847561181227,0.5594787956666223
gap1,ridge,1691,7060047060,0.11616721478804654,0.24264200214224868
gap1,ridge,1699,7060047060,0.10173478820258915,0.19595021514156616
gap1,ridge,1703,7060047060,0.716660099941124,0.5194939684401744
gap1,ridge,1706,7060047060,0.14394821276290282,0.2254787617477666
gap1,ridge,1707,7060047060,0.2516954924878223,0.3267236995034522
gap1,ridge,1709,7060047060,0.09069195877190259,0.18026363516815583
gap1,ridge,1712,7060047060,0.1190438174824831,0.2348262433924252
gap1,ridge,1713,7060047060,0.2096398232608936,0.31442180593078056
gap1,ridge,1714,7060047060,0.3091300571912571,0.35380076364055113
gap1,ridge,1718,7060047060,0.44885605648942306,0.44146478906371284
gap1,ridge,1723,7060047060,0.1939799772989414,0.2683440816158726
gap1,ridge,1726,7060047060,0.10896403881507782,0.2240600973543061
gap1,ridge,1735,7060047060,0.06969792027437718,0.2098746863567829
gap1,ridge,1739,7060047060,0.29666539359342553,0.32230315305427204
gap1,ridge,1740,7060047060,0.1758207414989661,0.23328084173006533
gap1,ridge,1741,7060047060,0.3534252217323681,0.33219984269277447
gap1,ridge,1742,7060047060,0.08463019614034248,0.1921962532943663
gap1,ridge,1744,7060047060,0.2387276522901479,0.2647210730239921
gap1,ridge,1752,7060047060,0.03017830633154979,0.1532437436833954
gap1,ridge,1753,7060047060,0.034264448408433124,0.20751680941118508
gap1,ridge,1755,7060047060,0.5562673086774179,0.41771415165165227
gap1,ridge,1756,7060047060,0.40974507707334384,0.38028100841183043
gap1,ridge,1761,7060042310,0.2777746491978774,0.20904624777716152
gap1,ridge,1768,7060047060,0.01211858013282131,0.14515664348871224
gap1,ridge,1776,7060043090,0.0855439313352062,0.08466480787179614
gap1,ridge,1777,7060047060,0.30238192606453906,0.31149419423146446
gap1,ridge,1796,7060042940,0.32255310066389614,0.2099184630619479
gap1,ridge,182,7060013550,0.18271699961023843,0.1973929466668498
gap1,ridge,1848,7060047060,0.5028227720001452,0.42388359571115697
gap1,ridge,1851,7060043500,0.16177516979790701,0.17123958550816204
gap1,ridge,1864,7060047060,0.5453666496134132,0.42766350029210365
gap1,ridge,1869,7060047060,0.6497507178945514,0.5286528176133062
gap1,ridge,1879,7060043160,0.5747769495465672,0.43512267976183133
gap1,ridge,1883,7060043640,0.2594859396710334,0.2334652918011017
gap1,ridge,191,7060013550,0.24386640433051454,0.2982661376265904
gap1,ridge,198,7060013550,0.3096217134039919,0.3161082212438468
gap1,ridge,204,7060013550,0.30643246924406614,0.34832354950768535
gap1,ridge,292,7060022240,0.4489520176137165,0.329199271835263
gap1,ridge,307,7060047060,0.13710457100078935,0.24043038843068942
gap1,ridge,310,7060014930,0.06269236039805173,0.07663716465935025
gap1,ridge,316,7060014930,0.2222499551419378,0.22983298131475716
gap1,ridge,319,7060047060,0.23881827227462005,0.308558783211186
gap1,ridge,355,7060047060,0.12340187249362164,0.25315283395539245
gap1,ridge,361,7060014930,0.10690243268063335,0.15332782939126532
gap1,ridge,362,7060047060,0.3841607485850629,0.5317153993079806
gap1,ridge,364,7060047060,0.16250170400561625,0.22058247717032725
gap1,ridge,367,7060014930,0.24410352711546626,0.31886988860232535
gap1,ridge,368,7060047060,0.41287948373993116,0.405286133307263
gap1,ridge,372,7060014930,0.2997359054367721,0.3373044731827766
gap1,ridge,373,7060047060,0.37572110737773073,0.44443767393159783
gap1,ridge,384,7060014930,0.30349832263261695,0.295755459664241
gap1,ridge,386,7060014930,0.5696518008854601,0.5138187692552045
gap1,ridge,391,7060014930,0.11688702537736742,0.16369480558632232
gap1,ridge,393,7060047060,0.2243235834336481,0.3036646379446489
gap1,ridge,398,7060047060,0.2639900244115464,0.30278232226709595
gap1,ridge,41,7060016090,0.3054506214634258,0.2603504119217515
gap1,ridge,413,7060014930,0.015455173536212445,0.07547970603344206
gap1,ridge,415,7060047060,0.0745806789865424,0.18426971861344704
gap1,ridge,416,7060047060,0.17890221425805486,0.2362138630464042
gap1,ridge,419,7060008710,0.4424144088749079,0.4582762892591147
gap1,ridge,42,7060016090,0.3661877568923359,0.29604231291959493
gap1,ridge,421,7060047060,0.25493325998242067,0.42527679927579193
gap1,ridge,423,7060008710,0.2612522674047988,0.29783531867879964
gap1,ridge,431,7060073620,0.14230442184495945,0.17689149232356993
gap1,ridge,438,7060073620,0.3089789848689493,0.26939573497286834
gap1,ridge,442,7060073620,0.27786195797784397,0.28541605205430604
gap1,ridge,445,7060008710,0.22418420424496033,0.30776787902301234
gap1,ridge,448,7060008710,0.22419325020668085,0.2890972605306899
gap1,ridge,449,7060073620,0.4238280178254042,0.36804947779621916
gap1,ridge,450,7060073620,0.33584587382199277,0.30605706212959544
gap1,ridge,451,7060008710,0.22090927233216076,0.13465832985477505
gap1,ridge,456,7060073620,0.2580378306762259,0.22464257112673494
gap1,ridge,467,7060073620,0.5073133718431583,0.4239602443373799
gap1,ridge,469,7060008710,0.4541648322981475,0.4278165664332626
gap1,ridge,470,7060008710,0.3137507433958496,0.36996026424162043
gap1,ridge,471,7060008710,0.4785233883687955,0.4834193483971424
gap1,ridge,477,7060073620,0.2528298707120241,0.26616626209558575
gap1,ridge,488,7060008710,0.2821341114616804,0.32295990804983377
gap1,ridge,492,7060008710,0.4305165815531785,0.3125860854943535
gap1,ridge,497,7060008710,0.2480763062136852,0.33805538332344875
gap1,ridge,500,7060047060,0.35639739362759915,0.3760124334015556
gap1,ridge,502,7060008710,0.30211006397508533,0.23263528282381746
gap1,ridge,505,7060047060,0.2399902606826259,0.2733399198258376
gap1,ridge,509,7060008710,0.09916879377383866,0.2738905110231515
gap1,ridge,511,7060047060,0.08440368437655454,0.2609343490143295
gap1,ridge,517,7060008710,0.3486032637503954,0.34904923487160805
gap1,ridge,518,7060008710,0.5045465247101172,0.4665204304967314
gap1,ridge,522,7060047060,0.07026054013384717,0.21946202438792622
gap1,ridge,524,7060073920,0.28463745446912436,0.5830049949215905
gap1,ridge,529,7060047060,0.20194772926049834,0.2553342804004696
gap1,ridge,530,7060047060,0.24882327314142194,0.2793246505353793
gap1,ridge,531,7060008710,0.1933547626435281,0.3007073270736083
gap1,ridge,533,7060047060,0.06223182299231912,0.18281806820339386
gap1,ridge,536,7060008710,0.25549517063393434,0.24716314380778898
gap1,ridge,541,7060008710,0.33512067960589664,0.34715181967315695
gap1,ridge,542,7060008710,0.021829390999163038,0.07251881822891215
gap1,ridge,549,7060008710,0.17278534319406452,0.14202648487595806
gap1,ridge,55,7060014930,0.28550609958557943,0.27601136668211856
gap1,ridge,567,7060008710,0.659633722298465,0.5583001217882394
gap1,ridge,57,7060014930,0.3398129536522196,0.34691588020670705
gap1,ridge,574,7060008710,0.40241090498421794,0.4398603324677901
gap1,ridge,575,7060008710,0.3423102148988813,0.412160663228329
gap1,ridge,595,7060013550,0.10813385174100312,0.1986434515550412
gap1,ridge,597,7060008710,0.504672677607412,0.3844607684568972
gap1,ridge,60,7060014930,0.2041065565749272,0.25344779806006557
gap1,ridge,600,7060013550,0.29742355965391953,0.2970451149052266
gap1,ridge,601,7060008710,0.3982437519679096,0.32285516185283825
gap1,ridge,612,7060013550,0.11003303591192931,0.20007323158271292
gap1,ridge,63,7060014930,0.2688342824391425,0.31976775046239136
gap1,ridge,7308,7060043500,0.17790926935220205,0.11687167513494429
gap1,ridge,7313,7060047060,0.18782556894938995,0.27720693688234493
gap1,ridge,7318,7060047060,0.014004335310672859,0.14173375682145742
gap1,ridge,753,7060047060,0.15216346333752714,0.28603859309942287
gap1,ridge,870,7060047060,0.05984246578898476,0.2413091013713658
gap1,ridge,882,7060047060,0.07472428851333776,0.2064335802318858
gap1,ridge,884,7060047060,0.07621634147289033,0.15903365470264103
gap1,ridge,885,7060047060,0.06624913146272371,0.22140439742146734
gap1,ridge,895,7060047060,0.014271387481084304,0.1299764803794725
gap1,ridge,898,7060047060,0.4804827463621658,0.5804194368548996
gap1,ridge,920,7060047060,0.010603340710536624,0.14361238961791886
gap1,ridge,931,7060047060,1.2429828978739201,0.6191362093351085
gap1,ridge,938,7060047060,0.3816788907685503,0.6971813541291935
gap1,rf,1017,7060047060,0.39350694741793457,0.34113065963801065
gap1,rf,1026,7060047060,0.27047730320991026,0.3402174333397238
gap1,rf,1033,7060047060,0.3492122023815647,0.3770349210022788
gap1,rf,1036,7060047060,0.20717264498721943,0.26445919399742457
gap1,rf,1042,7060047060,0.3236531161741061,0.37083966763710235
gap1,rf,1067,7060047060,0.6168662889042192,0.38857088461041356
gap1,rf,1086,7060049270,1.1066013206807137,0.46104094777473525
gap1,rf,1092,7060047060,0.6010100039936108,0.38176981659149434
gap1,rf,1101,7060047060,0.5979508334437655,0.35646273537340684
gap1,rf,1112,7060047060,0.4993501914700653,0.37308245608635615
gap1,rf,1121,7060047060,0.32837844858050913,0.3211175591958865
gap1,rf,1122,7060047060,0.5217491049159911,0.3686678894279801
gap1,rf,1125,7060047060,0.32837844858050913,0.3211175591958865
gap1,rf,1127,7060047060,0.5663464704659067,0.38176981659149434
gap1,rf,114,7060014340,0.2841010530976343,0.4290029722075414
gap1,rf,1151,7060047970,0.5843168922743912,0.46723202021160654
gap1,rf,1192,7060047060,0.16430907051601795,0.21402398020321342
gap1,rf,1237,7060047970,0.6706848696134027,0.5335671293809588
gap1,rf,1249,7060048410,1.1752645856080293,0.5532290137383725
gap1,rf,131,7060014200,0.281265956663137,0.2904864572550406
gap1,rf,132,7060013550,0.22073262558094145,0.14443914431337274
gap1,rf,133,7060013550,0.08731045177732724,0.08496472298410161
gap1,rf,148,7060013550,0.2190614565427998,0.20581782587217357
gap1,rf,1586,7060047060,0.10904752528982808,0.23568732180551272
gap1,rf,1587,7060047060,0.2799957740271275,0.3317887141309645
gap1,rf,1592,7060047060,0.34382574108077185,0.2605828576126152
gap1,rf,1595,7060047060,0.10883391873789357,0.232552950164063
gap1,rf,1600,7060047060,0.16390038915031843,0.2357451942658583
gap1,rf,1617,7060047060,0.26566128757157614,0.34224120291853893
gap1,rf,1619,7060047060,0.14994540981136933,0.307184720182433
gap1,rf,1620,7060047060,0.27244922316425124,0.3393263186495508
gap1,rf,1631,7060047060,0.13586625120138024,0.2590388819222269
gap1,rf,1634,7060047060,0.1758207414989661,0.23520010144181072
gap1,rf,1636,7060047060,0.37686352202262224,0.35824820568019256
gap1,rf,1645,7060047060,0.46880108927990805,0.3659478909688099
gap1,rf,1650,7060047060,0.1902835665834986,0.3400082744424608
gap1,rf,1654,7060047060,0.4581723993322289,0.3659478909688099
gap1,rf,1655,7060047060,0.27903405496887934,0.33871185634577616
gap1,rf,1656,7060047060,0.2013737127912082,0.23476935201540713
gap1,rf,1683,7060047060,0.44087707368667267,0.3631642499846144
gap1,rf,169,7060013560,0.5368847561181227,0.46701194544536656
gap1,rf,1691,7060047060,0.11616721478804654,0.22961437486948025
gap1,rf,1699,7060047060,0.10173478820258915,0.22436908104415818
gap1,rf,1703,7060047060,0.716660099941124,0.38204978115288013
gap1,rf,1706,7060047060,0.14394821276290282,0.22989184766450343
gap1,rf,1707,7060047060,0.2516954924878223,0.3409776009354488
gap1,rf,1709,7060047060,0.09069195877190259,0.2242732581586624
gap1,rf,1712,7060047060,0.1190438174824831,0.23281572803289016
gap1,rf,1713,7060047060,0.2096398232608936,0.32732267678803717
gap1,rf,1714,7060047060,0.3091300571912571,0.3422249517211959
gap1,rf,1718,7060047060,0.44885605648942306,0.3691277613782219
gap1,rf,1723,7060047060,0.1939799772989414,0.25938233652460774
gap1,rf,1726,7060047060,0.10896403881507782,0.22961437486948025
gap1,rf,1735,7060047060,0.06969792027437718,0.2414156865971702
gap1,rf,1739,7060047060,0.29666539359342553,0.3293686589039819
gap1,rf,1740,7060047060,0.1758207414989661,0.23520010144181072
gap1,rf,1741,7060047060,0.3534252217323681,0.3422540864737868
gap1,rf,1742,7060047060,0.08463019614034248,0.21719344852681213
gap1,rf,1744,7060047060,0.2387276522901479,0.2412718265531716
gap1,rf,1752,7060047060,0.03017830633154979,0.20814104051263319
gap1,rf,1753,7060047060,0.034264448408433124,0.2081878114786668
gap1,rf,1755,7060047060,0.5562673086774179,0.3701590797711028
gap1,rf,1756,7060047060,0.40974507707334384,0.3565854717589534
gap1,rf,1761,7060042310,0.2777746491978774,0.17789425949402277
gap1,rf,1768,7060047060,0.01211858013282131,0.2104661170072275
gap1,rf,1776,7060043090,0.0855439313352062,0.08835562670552072
gap1,rf,1777,7060047060,0.30238192606453906,0.32821780961667896
gap1,rf,1796,7060042940,0.32255310066389614,0.17794907253636658
gap1,rf,182,7060013550,0.18271699961023843,0.20060064503345792
gap1,rf,1848,7060047060,0.5028227720001452,0.35783813085102123
gap1,rf,1851,7060043500,0.16177516979790701,0.16931769644003034
gap1,rf,1864,7060047060,0.5453666496134132,0.3557027238342685
gap1,rf,1869,7060047060,0.6497507178945514,0.3574875712267795
gap1,rf,1879,7060043160,0.5747769495465672,0.3979434245117908
gap1,rf,1883,7060043640,0.2594859396710334,0.21964326585117472
gap1,rf,191,7060013550,0.24386640433051454,0.3297602866533037
gap1,rf,198,7060013550,0.3096217134039919,0.3184256492279171
gap1,rf,204,7060013550,0.30643246924406614,0.3227760443837798
gap1,rf,292,7060022240,0.4489520176137165,0.41479660803156826
gap1,rf,307,7060047060,0.13710457100078935,0.23284831438999942
gap1,rf,310,7060014930,0.06269236039805173,0.08798981213366977
gap1,rf,316,7060014930,0.2222499551419378,0.26648529477250255
gap1,rf,319,7060047060,0.23881827227462005,0.3267596359313639
gap1,rf,355,7060047060,0.12340187249362164,0.2276306666162008
gap1,rf,361,7060014930,0.10690243268063335,0.16005909887677613
gap1,rf,362,7060047060,0.3841607485850629,0.3571124068153961
gap1,rf,364,7060047060,0.16250170400561625,0.2276306666162008
gap1,rf,367,7060014930,0.24410352711546626,0.32168370842061306
gap1,rf,368,7060047060,0.41287948373993116,0.3892186914151401
gap1,rf,372,7060014930,0.2997359054367721,0.31585376733117715
gap1,rf,373,7060047060,0.37572110737773073,0.3870929195275293
gap1,rf,384,7060014930,0.30349832263261695,0.2943669844884441
gap1,rf,386,7060014930,0.5696518008854601,0.46583236749264256
gap1,rf,391,7060014930,0.11688702537736742,0.14441814097067365
gap1,rf,393,7060047060,0.2243235834336481,0.2750332637507802
gap1,rf,398,7060047060,0.2639900244115464,0.2883662783335874
gap1,rf,41,7060016090,0.3054506214634258,0.28795036879112756
gap1,rf,413,7060014930,0.015455173536212445,0.11048079348361091
gap1,rf,415,7060047060,0.0745806789865424,0.2419676148607156
gap1,rf,416,7060047060,0.17890221425805486,0.22820284352460393
gap1,rf,419,7060008710,0.4424144088749079,0.4325142919652737
gap1,rf,42,7060016090,0.3661877568923359,0.32124799826416583
gap1,rf,421,7060047060,0.25493325998242067,0.3867721889203048
gap1,rf,423,7060008710,0.2612522674047988,0.3279340940149087
gap1,rf,431,7060073620,0.14230442184495945,0.18665144720036445
gap1,rf,438,7060073620,0.3089789848689493,0.30309773015297475
gap1,rf,442,7060073620,0.27786195797784397,0.3200151636816815
gap1,rf,445,7060008710,0.22418420424496033,0.288197023408634
gap1,rf,448,7060008710,0.22419325020668085,0.26288656774008934
gap1,rf,449,7060073620,0.4238280178254042,0.4309357029322235
gap1,rf,450,7060073620,0.33584587382199277,0.32907879625908554
gap1,rf,451,7060008710,0.22090927233216076,0.13547008714606584
gap1,rf,456,7060073620,0.2580378306762259,0.25702415425532926
gap1,rf,467,7060073620,0.5073133718431583,0.4355843747166334
gap1,rf,469,7060008710,0.4541648322981475,0.42520495985207307
gap1,rf,470,7060008710,0.3137507433958496,0.32029518955876035
gap1,rf,471,7060008710,0.4785233883687955,0.43542956530677684
gap1,rf,477,7060073620,0.2528298707120241,0.25879374029464325
gap1,rf,488,7060008710,0.2821341114616804,0.3080164627563601
gap1,rf,492,7060008710,0.4305165815531785,0.4138224097413186
gap1,rf,497,7060008710,0.2480763062136852,0.3366593317925264
gap1,rf,500,7060047060,0.35639739362759915,0.3870929195275293
gap1,rf,502,7060008710,0.30211006397508533,0.25116237719113454
gap1,rf,505,7060047060,0.2399902606826259,0.25157616617394796
gap1,rf,509,7060008710,0.09916879377383866,0.26866174969963746
gap1,rf,511,7060047060,0.08440368437655454,0.2533057920744051
gap1,rf,517,7060008710,0.3486032637503954,0.3476157159105081
gap1,rf,518,7060008710,0.5045465247101172,0.42597963226054136
gap1,rf,522,7060047060,0.07026054013384717,0.22800691261148173
gap1,rf,524,7060073920,0.28463745446912436,0.5004288539108736
gap1,rf,529,7060047060,0.20194772926049834,0.25659657660298785
gap1,rf,530,7060047060,0.24882327314142194,0.2729138179792322
gap1,rf,531,7060008710,0.1933547626435281,0.28457112028209164
gap1,rf,533,7060047060,0.06223182299231912,0.2276306666162008
gap1,rf,536,7060008710,0.25549517063393434,0.28123647070564134
gap1,rf,541,7060008710,0.33512067960589664,0.34900499907777816
gap1,rf,542,7060008710,0.021829390999163038,0.09377830123985693
gap1,rf,549,7060008710,0.17278534319406452,0.1548491853498879
gap1,rf,55,7060014930,0.28550609958557943,0.3151841416274987
gap1,rf,567,7060008710,0.659633722298465,0.4675397034667084
gap1,rf,57,7060014930,0.3398129536522196,0.34176296510187265
gap1,rf,574,7060008710,0.40241090498421794,0.4211123013328185
gap1,rf,575,7060008710,0.3423102148988813,0.41699468253232735
gap1,rf,595,7060013550,0.10813385174100312,0.20501525678782032
gap1,rf,597,7060008710,0.504672677607412,0.41690998525385936
gap1,rf,60,7060014930,0.2041065565749272,0.290028081177498
gap1,rf,600,7060013550,0.29742355965391953,0.3209724107407573
gap1,rf,601,7060008710,0.3982437519679096,0.35527999376086056
gap1,rf,612,7060013550,0.11003303591192931,0.16085400479737857
gap1,rf,63,7060014930,0.2688342824391425,0.31851621822316134
gap1,rf,7308,7060043500,0.17790926935220205,0.11106119531694893
gap1,rf,7313,7060047060,0.18782556894938995,0.2486449327653656
gap1,rf,7318,7060047060,0.014004335310672859,0.22247568947027394
gap1,rf,753,7060047060,0.15216346333752714,0.30024452518821754
gap1,rf,870,7060047060,0.05984246578898476,0.2425941316175565
gap1,rf,882,7060047060,0.07472428851333776,0.2104661170072275
gap1,rf,884,7060047060,0.07621634147289033,0.20692136974639527
gap1,rf,885,7060047060,0.06624913146272371,0.21283209082989152
gap1,rf,895,7060047060,0.014271387481084304,0.2058682034760242
gap1,rf,898,7060047060,0.4804827463621658,0.3651096953237352
gap1,rf,920,7060047060,0.010603340710536624,0.20633047161605425
gap1,rf,931,7060047060,1.2429828978739201,0.3755189973013237
gap1,rf,938,7060047060,0.3816788907685503,0.3731280761385203
gap3,mean,1017,7060047060,0.39350694741793457,0.31162680428381545
gap3,mean,1026,7060047060,0.27047730320991026,0.31162680428381545
gap3,mean,1033,7060047060,0.3492122023815647,0.31162680428381545
gap3,mean,1036,7060047060,0.20717264498721943,0.31162680428381545
gap3,mean,1042,7060047060,0.3236531161741061,0.31162680428381545
gap3,mean,1067,7060047060,0.6168662889042192,0.31162680428381545
gap3,mean,1086,7060049270,1.1066013206807137,0.28275997286269966
gap3,mean,1092,7060047060,0.6010100039936108,0.31162680428381545
gap3,mean,1101,7060047060,0.5969935721312235,0.31162680428381545
gap3,mean,1112,7060047060,0.499364886640837,0.31162680428381545
gap3,mean,1121,7060047060,0.32837844858050913,0.31162680428381545
gap3,mean,1122,7060047060,0.5217491049159911,0.31162680428381545
gap3,mean,1125,7060047060,0.32837844858050913,0.31162680428381545
gap3,mean,1127,7060047060,0.5663464704659067,0.31162680428381545
gap3,mean,114,7060014340,0.2835497731588931,0.2838827793512197
gap3,mean,1151,7060047970,0.5843168922743912,0.2838827793512197
gap3,mean,1192,7060047060,0.16432875978734707,0.31162680428381545
gap3,mean,1237,7060047970,0.6706848696134027,0.2838827793512197
gap3,mean,1249,7060048410,1.1752645856080293,0.2872892147468659
gap3,mean,131,7060014200,0.2997970051393829,0.28275997286269966
gap3,mean,132,7060013550,0.22073262558094145,0.2872892147468659
gap3,mean,133,7060013550,0.08665291594861925,0.2872892147468659
gap3,mean,144,7060013550,0.2698607972302842,0.2872892147468659
gap3,mean,148,7060013550,0.2190614565427998,0.2872892147468659
gap3,mean,1586,7060047060,0.10904752528982808,0.31162680428381545
gap3,mean,1587,7060047060,0.2799957740271275,0.31162680428381545
gap3,mean,1592,7060047060,0.34382574108077185,0.31162680428381545
gap3,mean,1595,7060047060,0.10879939687452436,0.31162680428381545
gap3,mean,1600,7060047060,0.16380715964146636,0.31162680428381545
gap3,mean,1617,7060047060,0.2658576019204949,0.31162680428381545
gap3,mean,1619,7060047060,0.14994540981136933,0.31162680428381545
gap3,mean,1620,7060047060,0.27244922316425124,0.31162680428381545
gap3,mean,1631,7060047060,0.13586625120138024,0.31162680428381545
gap3,mean,1634,7060047060,0.1758207414989661,0.31162680428381545
gap3,mean,1636,7060047060,0.377032521245479,0.31162680428381545
gap3,mean,1645,7060047060,0.46880108927990805,0.31162680428381545
gap3,mean,1650,7060047060,0.1902835665834986,0.31162680428381545
gap3,mean,1654,7060047060,0.4581723993322289,0.31162680428381545
gap3,mean,1655,7060047060,0.27903405496887934,0.31162680428381545
gap3,mean,1656,7060047060,0.2013737127912082,0.31162680428381545
gap3,mean,168,7060013550,0.4595712500751311,0.2872892147468659
gap3,mean,1683,7060047060,0.44087707368667267,0.31162680428381545
gap3,mean,169,7060013560,0.5371554728117666,0.2838827793512197
gap3,mean,1691,7060047060,0.11616721478804654,0.31162680428381545
gap3,mean,1699,7060047060,0.10173478820258915,0.31162680428381545
gap3,mean,1703,7060047060,0.716660099941124,0.31162680428381545
gap3,mean,1706,7060047060,0.14394821276290282,0.31162680428381545
gap3,mean,1707,7060047060,0.2516954924878223,0.31162680428381545
gap3,mean,1709,7060047060,0.09069195877190259,0.31162680428381545
gap3,mean,1712,7060047060,0.11904257815575439,0.31162680428381545
gap3,mean,1713,7060047060,0.20966152043998507,0.31162680428381545
gap3,mean,1714,7060047060,0.3091300571912571,0.31162680428381545
gap3,mean,1718,7060047060,0.44885605648942306,0.31162680428381545
gap3,mean,1723,7060047060,0.19382794094912292,0.31162680428381545
gap3,mean,1726,7060047060,0.10896403881507782,0.31162680428381545
gap3,mean,1735,7060047060,0.06989193072029252,0.31162680428381545
gap3,mean,1739,7060047060,0.29666539359342553,0.31162680428381545
gap3,mean,1740,7060047060,0.1758207414989661,0.31162680428381545
gap3,mean,1741,7060047060,0.3534252217323681,0.31162680428381545
gap3,mean,1742,7060047060,0.08583752133681757,0.31162680428381545
gap3,mean,1744,7060047060,0.2387276522901479,0.31162680428381545
gap3,mean,1752,7060047060,0.03017830633154979,0.31162680428381545
gap3,mean,1753,7060047060,0.034264448408433124,0.31162680428381545
gap3,mean,1755,7060047060,0.5562673086774179,0.31162680428381545
gap3,mean,1756,7060047060,0.4115041512267482,0.31162680428381545
gap3,mean,1761,7060042310,0.2777875849796639,0.28275997286269966
gap3,mean,1768,7060047060,0.01211858013282131,0.31162680428381545
gap3,mean,1776,7060043090,0.0855439313352062,0.2872892147468659
gap3,mean,1777,7060047060,0.30238192606453906,0.31162680428381545
gap3,mean,1796,7060042940,0.3229835609843018,0.2838827793512197
gap3,mean,182,7060013550,0.18271699961023843,0.2872892147468659
gap3,mean,1848,7060047060,0.5028227720001452,0.31162680428381545
gap3,mean,185,7060013550,0.7630551370850553,0.2872892147468659
gap3,mean,1851,7060043500,0.16036588256855794,0.2838827793512197
gap3,mean,1864,7060047060,0.5453666496134132,0.31162680428381545
gap3,mean,1869,7060047060,0.6497507178945514,0.31162680428381545
gap3,mean,1872,7060043500,0.19597977477314887,0.2838827793512197
gap3,mean,1879,7060043160,0.5747769495465672,0.28275997286269966
gap3,mean,1883,7060043640,0.2596238600693717,0.2838827793512197
gap3,mean,191,7060013550,0.24386640433051454,0.2872892147468659
gap3,mean,193,7060013550,0.4142695745070827,0.2872892147468659
gap3,mean,198,7060013550,0.3096217134039919,0.2872892147468659
gap3,mean,204,7060013550,0.30643246924406614,0.2872892147468659
gap3,mean,292,7060022240,0.4488127157832644,0.2838827793512197
gap3,mean,307,7060047060,0.13740524807438276,0.31162680428381545
gap3,mean,310,7060014930,0.06269236039805173,0.28275997286269966
gap3,mean,316,7060014930,0.2222499551419378,0.28275997286269966
gap3,mean,319,7060047060,0.23881827227462005,0.31162680428381545
gap3,mean,355,7060047060,0.12340187249362164,0.31162680428381545
gap3,mean,361,7060014930,0.10567660639440427,0.28275997286269966
gap3,mean,362,7060047060,0.3841607485850629,0.31162680428381545
gap3,mean,364,7060047060,0.16250170400561625,0.31162680428381545
gap3,mean,367,7060014930,0.24495162411092947,0.28275997286269966
gap3,mean,368,7060047060,0.41227676092104343,0.31162680428381545
gap3,mean,372,7060014930,0.3012980638414904,0.28275997286269966
gap3,mean,373,7060047060,0.37572110737773073,0.31162680428381545
gap3,mean,384,7060014930,0.30349832263261695,0.28275997286269966
gap3,mean,386,7060014930,0.5695583219636912,0.28275997286269966
gap3,mean,390,7060014930,0.29578731191515895,0.28275997286269966
gap3,mean,391,7060014930,0.11688702537736742,0.28275997286269966
gap3,mean,393,7060047060,0.22433093687509145,0.31162680428381545
gap3,mean,398,7060047060,0.26401545413260996,0.31162680428381545
gap3,mean,399,7060047060,0.13262066142457463,0.31162680428381545
gap3,mean,41,7060016090,0.3054506214634258,0.28275997286269966
gap3,mean,413,7060014930,0.015455173536212445,0.28275997286269966
gap3,mean,415,7060047060,0.0745806789865424,0.31162680428381545
gap3,mean,416,7060047060,0.17890221425805486,0.31162680428381545
gap3,mean,419,7060008710,0.442023541374392,0.2814813795534215
gap3,mean,42,7060016090,0.3661877568923359,0.28275997286269966
gap3,mean,421,7060047060,0.25493325998242067,0.31162680428381545
gap3,mean,423,7060008710,0.2612522674047988,0.2814813795534215
gap3,mean,431,7060073620,0.14279970907363182,0.2838827793512197
gap3,mean,438,7060073620,0.3102895993200989,0.2838827793512197
gap3,mean,442,7060073620,0.27736381135740373,0.2838827793512197
gap3,mean,445,7060008710,0.22417176296553276,0.2814813795534215
gap3,mean,448,7060008710,0.22422473389265107,0.2814813795534215
gap3,mean,449,7060073620,0.4238280178254042,0.2838827793512197
gap3,mean,450,7060073620,0.3379793496383596,0.2838827793512197
gap3,mean,451,7060008710,0.22090927233216076,0.2814813795534215
gap3,mean,456,7060073620,0.25843224614974003,0.2838827793512197
gap3,mean,467,7060073620,0.5073133718431583,0.2838827793512197
gap3,mean,469,7060008710,0.4563006852152113,0.2814813795534215
gap3,mean,470,7060008710,0.31042437937266204,0.2814813795534215
gap3,mean,471,7060008710,0.48299477559680903,0.2814813795534215
gap3,mean,473,7060008710,0.6188201204374273,0.2814813795534215
gap3,mean,477,7060073620,0.2528298707120241,0.2838827793512197
gap3,mean,488,7060008710,0.2822310682626748,0.2814813795534215
gap3,mean,492,7060008710,0.4297614541061161,0.2814813795534215
gap3,mean,497,7060008710,0.2480763062136852,0.2814813795534215
gap3,mean,500,7060047060,0.3564031200238438,0.31162680428381545
gap3,mean,502,7060008710,0.30211006397508533,0.2814813795534215
gap3,mean,505,7060047060,0.2402148885659517,0.31162680428381545
gap3,mean,506,7060008710,0.4994073065019904,0.2814813795534215
gap3,mean,509,7060008710,0.09916879377383866,0.2814813795534215
gap3,mean,511,7060047060,0.08440368437655454,0.31162680428381545
gap3,mean,517,7060008710,0.3480310255914106,0.2814813795534215
gap3,mean,518,7060008710,0.5050317725328377,0.2814813795534215
gap3,mean,522,7060047060,0.07026054013384717,0.31162680428381545
gap3,mean,524,7060073920,0.28031245311339764,0.2872892147468659
gap3,mean,529,7060047060,0.2022764681655836,0.31162680428381545
gap3,mean,530,7060047060,0.24882327314142194,0.31162680428381545
gap3,mean,531,7060008710,0.19465966337710933,0.2814813795534215
gap3,mean,533,7060047060,0.06238976289138662,0.31162680428381545
gap3,mean,536,7060008710,0.25549517063393434,0.2814813795534215
gap3,mean,541,7060008710,0.33512067960589664,0.2814813795534215
gap3,mean,542,7060008710,0.021829390999163038,0.2814813795534215
gap3,mean,549,7060008710,0.17426306956763082,0.2814813795534215
gap3,mean,55,7060014930,0.28550609958557943,0.28275997286269966
gap3,mean,567,7060008710,0.6595043312005375,0.2814813795534215
gap3,mean,57,7060014930,0.33597580296968027,0.28275997286269966
gap3,mean,574,7060008710,0.4024696804341001,0.2814813795534215
gap3,mean,575,7060008710,0.3423102148988813,0.2814813795534215
gap3,mean,595,7060013550,0.10813385174100312,0.2872892147468659
gap3,mean,597,7060008710,0.504672677607412,0.2814813795534215
gap3,mean,60,7060014930,0.2041065565749272,0.28275997286269966
gap3,mean,600,7060013550,0.29742355965391953,0.2872892147468659
gap3,mean,601,7060008710,0.3982437519679096,0.2814813795534215
gap3,mean,612,7060013550,0.11003303591192931,0.2872892147468659
gap3,mean,63,7060014930,0.2688342824391425,0.28275997286269966
gap3,mean,7308,7060043500,0.17780351775247702,0.2838827793512197
gap3,mean,7313,7060047060,0.18782556894938995,0.31162680428381545
gap3,mean,7318,7060047060,0.014004335310672859,0.31162680428381545
gap3,mean,753,7060047060,0.15216346333752714,0.31162680428381545
gap3,mean,780,7060047060,0.44654929149936107,0.31162680428381545
gap3,mean,870,7060047060,0.05984246578898476,0.31162680428381545
gap3,mean,882,7060047060,0.07472428851333776,0.31162680428381545
gap3,mean,884,7060047060,0.07621634147289033,0.31162680428381545
gap3,mean,885,7060047060,0.06624913146272371,0.31162680428381545
gap3,mean,893,7060047060,0.29182935275339883,0.31162680428381545
gap3,mean,895,7060047060,0.014271387481084304,0.31162680428381545
gap3,mean,898,7060047060,0.4804827463621658,0.31162680428381545
gap3,mean,920,7060047060,0.010603340710536624,0.31162680428381545
gap3,mean,931,7060047060,1.2259182244099538,0.31162680428381545
gap3,mean,938,7060047060,0.38109461464621547,0.31162680428381545
gap3,persistence,1017,7060047060,0.39350694741793457,0.32732625657686143
gap3,persistence,1026,7060047060,0.27047730320991026,0.2834168970340526
gap3,persistence,1033,7060047060,0.3492122023815647,0.33911868468061473
gap3,persistence,1036,7060047060,0.20717264498721943,0.21383819202015208
gap3,persistence,1042,7060047060,0.3236531161741061,0.3812739904689628
gap3,persistence,1067,7060047060,0.6168662889042192,0.5506501849189527
gap3,persistence,1086,7060049270,1.1066013206807137,0.8848431516750894
gap3,persistence,1092,7060047060,0.6010100039936108,0.5212600112783097
gap3,persistence,1101,7060047060,0.5969935721312235,0.48238399696401857
gap3,persistence,1112,7060047060,0.499364886640837,0.38296951698055165
gap3,persistence,1121,7060047060,0.32837844858050913,0.25815139018932476
gap3,persistence,1122,7060047060,0.5217491049159911,0.45839296501237914
gap3,persistence,1125,7060047060,0.32837844858050913,0.25815139018932476
gap3,persistence,1127,7060047060,0.5663464704659067,0.4843791452026821
gap3,persistence,114,7060014340,0.2835497731588931,0.4158677830175245
gap3,persistence,1151,7060047970,0.5843168922743912,0.39937269564133215
gap3,persistence,1192,7060047060,0.16432875978734707,0.12311908521187284
gap3,persistence,1237,7060047970,0.6706848696134027,0.5579418713718229
gap3,persistence,1249,7060048410,1.1752645856080293,0.8786082927534192
gap3,persistence,131,7060014200,0.2997970051393829,0.2800377289818674
gap3,persistence,132,7060013550,0.22073262558094145,0.1493315015289595
gap3,persistence,133,7060013550,0.08665291594861925,0.046727472763596345
gap3,persistence,144,7060013550,0.2698607972302842,0.2373905186047094
gap3,persistence,148,7060013550,0.2190614565427998,0.18148399627001854
gap3,persistence,1586,7060047060,0.10904752528982808,0.13506777257551217
gap3,persistence,1587,7060047060,0.2799957740271275,0.27537901244813345
gap3,persistence,1592,7060047060,0.34382574108077185,0.21977552761039992
gap3,persistence,1595,7060047060,0.10879939687452436,0.04052037059224774
gap3,persistence,1600,7060047060,0.16380715964146636,0.14189920675046158
gap3,persistence,1617,7060047060,0.2658576019204949,0.31342708481125076
gap3,persistence,1619,7060047060,0.14994540981136933,0.2411145373293386
gap3,persistence,1620,7060047060,0.27244922316425124,0.29373950829282947
gap3,persistence,1631,7060047060,0.13586625120138024,0.20836567804383369
gap3,persistence,1634,7060047060,0.1758207414989661,0.14422797835809964
gap3,persistence,1636,7060047060,0.377032521245479,0.48578499594909874
gap3,persistence,1645,7060047060,0.46880108927990805,0.4352714907165549
gap3,persistence,1650,7060047060,0.1902835665834986,0.29790227844638123
gap3,persistence,1654,7060047060,0.4581723993322289,0.44796201049184103
gap3,persistence,1655,7060047060,0.27903405496887934,0.2795508120545117
gap3,persistence,1656,7060047060,0.2013737127912082,0.1581455963637178
gap3,persistence,168,7060013550,0.4595712500751311,0.06265174377214586
gap3,persistence,1683,7060047060,0.44087707368667267,0.38006640718230245
gap3,persistence,169,7060013560,0.5371554728117666,0.6417296835527099
gap3,persistence,1691,7060047060,0.11616721478804654,0.16906698920481789
gap3,persistence,1699,7060047060,0.10173478820258915,0.0932043910144893
gap3,persistence,1703,7060047060,0.716660099941124,0.6006220667118699
gap3,persistence,1706,7060047060,0.14394821276290282,0.13752537808300166
gap3,persistence,1707,7060047060,0.2516954924878223,0.29054549589074513
gap3,persistence,1709,7060047060,0.09069195877190259,0.06746998050513128
gap3,persistence,1712,7060047060,0.11904257815575439,0.14040051365660172
gap3,persistence,1713,7060047060,0.20966152043998507,0.28784117898830874
gap3,persistence,1714,7060047060,0.3091300571912571,0.3715533410694491
gap3,persistence,1718,7060047060,0.44885605648942306,0.4887165938297443
gap3,persistence,1723,7060047060,0.19382794094912292,0.20587239654480438
gap3,persistence,1726,7060047060,0.10896403881507782,0.12855630496026077
gap3,persistence,1735,7060047060,0.06989193072029252,0.08022106913608207
gap3,persistence,1739,7060047060,0.29666539359342553,0.30490781245337906
gap3,persistence,1740,7060047060,0.1758207414989661,0.14422797835809964
gap3,persistence,1741,7060047060,0.3534252217323681,0.30269984489098456
gap3,persistence,1742,7060047060,0.08583752133681757,0.0847118412498331
gap3,persistence,1744,7060047060,0.2387276522901479,0.21328782928822254
gap3,persistence,1752,7060047060,0.03017830633154979,0.04180743367016232
gap3,persistence,1753,7060047060,0.034264448408433124,0.12688018325062994
gap3,persistence,1755,7060047060,0.5562673086774179,0.4676057793716548
gap3,persistence,1756,7060047060,0.4115041512267482,0.4278998132464284
gap3,persistence,1761,7060042310,0.2777875849796639,0.21351305755394226
gap3,persistence,1768,7060047060,0.01211858013282131,0.019094588581639885
gap3,persistence,1776,7060043090,0.0855439313352062,0.04669715183213882
gap3,persistence,1777,7060047060,0.30238192606453906,0.2995200103889891
gap3,persistence,1796,7060042940,0.3229835609843018,0.17672961738620546
gap3,persistence,182,7060013550,0.18271699961023843,0.18876530730899535
gap3,persistence,1848,7060047060,0.5028227720001452,0.5055296456992726
gap3,persistence,185,7060013550,0.7630551370850553,0.5995770882606186
gap3,persistence,1851,7060043500,0.16036588256855794,0.1977026793170461
gap3,persistence,1864,7060047060,0.5453666496134132,0.5237262413583994
gap3,persistence,1869,7060047060,0.6497507178945514,0.6825118324280082
gap3,persistence,1872,7060043500,0.19597977477314887,0.2525506606988016
gap3,persistence,1879,7060043160,0.5747769495465672,0.5557630083151025
gap3,persistence,1883,7060043640,0.2596238600693717,0.23022950895963157
gap3,persistence,191,7060013550,0.24386640433051454,0.3272170127162451
gap3,persistence,193,7060013550,0.4142695745070827,0.5356343934364671
gap3,persistence,198,7060013550,0.3096217134039919,0.3694799339071249
gap3,persistence,204,7060013550,0.30643246924406614,0.3767321954874886
gap3,persistence,292,7060022240,0.4488127157832644,0.42197156217774817
gap3,persistence,307,7060047060,0.13740524807438276,0.15470541289290046
gap3,persistence,310,7060014930,0.06269236039805173,0.06604083258205336
gap3,persistence,316,7060014930,0.2222499551419378,0.23956559273349093
gap3,persistence,319,7060047060,0.23881827227462005,0.25458913624304513
gap3,persistence,355,7060047060,0.12340187249362164,0.1511515807310599
gap3,persistence,361,7060014930,0.10567660639440427,0.11358075731925828
gap3,persistence,362,7060047060,0.3841607485850629,0.6821706073259356
gap3,persistence,364,7060047060,0.16250170400561625,0.1385491053591678
gap3,persistence,367,7060014930,0.24495162411092947,0.30674595262152005
gap3,persistence,368,7060047060,0.41227676092104343,0.3837383266203007
gap3,persistence,372,7060014930,0.3012980638414904,0.32112445471461537
gap3,persistence,373,7060047060,0.37572110737773073,0.4707153146807739
gap3,persistence,384,7060014930,0.30349832263261695,0.2831345755642386
gap3,persistence,386,7060014930,0.5695583219636912,0.5279290440279005
gap3,persistence,390,7060014930,0.29578731191515895,0.3883667998254231
gap3,persistence,391,7060014930,0.11688702537736742,0.14209966752511582
gap3,persistence,393,7060047060,0.22433093687509145,0.2318804158587709
gap3,persistence,398,7060047060,0.26401545413260996,0.23068884643871296
gap3,persistence,399,7060047060,0.13262066142457463,0.16977703302547442
gap3,persistence,41,7060016090,0.3054506214634258,0.28046628020470366
gap3,persistence,413,7060014930,0.015455173536212445,0.026501662050484685
gap3,persistence,415,7060047060,0.0745806789865424,0.07569707632721556
gap3,persistence,416,7060047060,0.17890221425805486,0.14739472370243467
gap3,persistence,419,7060008710,0.442023541374392,0.5068164230698096
gap3,persistence,42,7060016090,0.3661877568923359,0.33841626142315506
gap3,persistence,421,7060047060,0.25493325998242067,0.4036575656808902
gap3,persistence,423,7060008710,0.2612522674047988,0.3286078843081458
gap3,persistence,431,7060073620,0.14279970907363182,0.17404833479341925
gap3,persistence,438,7060073620,0.3102895993200989,0.274903003503648
gap3,persistence,442,7060073620,0.27736381135740373,0.28528273408011967
gap3,persistence,445,7060008710,0.22417176296553276,0.2579533454290953
gap3,persistence,448,7060008710,0.22422473389265107,0.23387367999688877
gap3,persistence,449,7060073620,0.4238280178254042,0.50332272036719
gap3,persistence,450,7060073620,0.3379793496383596,0.3325111874930845
gap3,persistence,451,7060008710,0.22090927233216076,0.13887653599825775
gap3,persistence,456,7060073620,0.25843224614974003,0.22183735196416857
gap3,persistence,467,7060073620,0.5073133718431583,0.44820375994804273
gap3,persistence,469,7060008710,0.4563006852152113,0.4417656863577062
gap3,persistence,470,7060008710,0.31042437937266204,0.29236698430445596
gap3,persistence,471,7060008710,0.48299477559680903,0.545964549602536
gap3,persistence,473,7060008710,0.6188201204374273,0.626717984163562
gap3,persistence,477,7060073620,0.2528298707120241,0.3057929953627724
gap3,persistence,488,7060008710,0.2822310682626748,0.38745986096989166
gap3,persistence,492,7060008710,0.4297614541061161,0.4387237246851975
gap3,persistence,497,7060008710,0.2480763062136852,0.3404241592828343
gap3,persistence,500,7060047060,0.3564031200238438,0.38630047334848966
gap3,persistence,502,7060008710,0.30211006397508533,0.22595826657260681
gap3,persistence,505,7060047060,0.2402148885659517,0.21416520673928122
gap3,persistence,506,7060008710,0.4994073065019904,0.4336160764188661
gap3,persistence,509,7060008710,0.09916879377383866,0.2282747504052163
gap3,persistence,511,7060047060,0.08440368437655454,0.11561435636273784
gap3,persistence,517,7060008710,0.3480310255914106,0.37700428566027844
gap3,persistence,518,7060008710,0.5050317725328377,0.4922607706718648
gap3,persistence,522,7060047060,0.07026054013384717,0.11733872343174437
gap3,persistence,524,7060073920,0.28031245311339764,0.6056334554122743
gap3,persistence,529,7060047060,0.2022764681655836,0.17648691315082918
gap3,persistence,530,7060047060,0.24882327314142194,0.22146285246209962
gap3,persistence,531,7060008710,0.19465966337710933,0.24652473157948473
gap3,persistence,533,7060047060,0.06238976289138662,0.07110730695520295
gap3,persistence,536,7060008710,0.25549517063393434,0.24693341308304378
gap3,persistence,541,7060008710,0.33512067960589664,0.3855330714681625
gap3,persistence,542,7060008710,0.021829390999163038,0.062185232801962954
gap3,persistence,549,7060008710,0.17426306956763082,0.12945820748438394
gap3,persistence,55,7060014930,0.28550609958557943,0.29859361974404636
gap3,persistence,567,7060008710,0.6595043312005375,0.5680005603780957
gap3,persistence,57,7060014930,0.33597580296968027,0.39010191957263496
gap3,persistence,574,7060008710,0.4024696804341001,0.4539797516477301
gap3,persistence,575,7060008710,0.3423102148988813,0.45085252489575905
gap3,persistence,595,7060013550,0.10813385174100312,0.19201996238898328
gap3,persistence,597,7060008710,0.504672677607412,0.481298882047343
gap3,persistence,60,7060014930,0.2041065565749272,0.2663200574555232
gap3,persistence,600,7060013550,0.29742355965391953,0.29221420947470805
gap3,persistence,601,7060008710,0.3982437519679096,0.34793452324083085
gap3,persistence,612,7060013550,0.11003303591192931,0.15102517553182981
gap3,persistence,63,7060014930,0.2688342824391425,0.3629869753237469
gap3,persistence,7308,7060043500,0.17780351775247702,0.14460051379162792
gap3,persistence,7313,7060047060,0.18782556894938995,0.20539925152870275
gap3,persistence,7318,7060047060,0.014004335310672859,0.011668990812269998
gap3,persistence,753,7060047060,0.15216346333752714,0.2442817547925933
gap3,persistence,780,7060047060,0.44654929149936107,0.43290816210774874
gap3,persistence,870,7060047060,0.05984246578898476,0.1978266320944444
gap3,persistence,882,7060047060,0.07472428851333776,0.12451445634677971
gap3,persistence,884,7060047060,0.07621634147289033,0.08302616680673872
gap3,persistence,885,7060047060,0.06624913146272371,0.18219446829248112
gap3,persistence,893,7060047060,0.29182935275339883,0.6286609536617456
gap3,persistence,895,7060047060,0.014271387481084304,0.020511690869501536
gap3,persistence,898,7060047060,0.4804827463621658,0.7780275244548219
gap3,persistence,920,7060047060,0.010603340710536624,0.04751129309744815
gap3,persistence,931,7060047060,1.2259182244099538,0.9539932496405352
gap3,persistence,938,7060047060,0.38109461464621547,0.8612581579667329
gap3,ridge,1017,7060047060,0.39350694741793457,0.3450145500526241
gap3,ridge,1026,7060047060,0.27047730320991026,0.3160297053275346
gap3,ridge,1033,7060047060,0.3492122023815647,0.3565812364361929
gap3,ridge,1036,7060047060,0.20717264498721943,0.2724018715526207
gap3,ridge,1042,7060047060,0.3236531161741061,0.3750544071882958
gap3,ridge,1067,7060047060,0.6168662889042192,0.4877128253970882
gap3,ridge,1086,7060049270,1.1066013206807137,0.6773691868595386
gap3,ridge,1092,7060047060,0.6010100039936108,0.46402504000611045
gap3,ridge,1101,7060047060,0.5969935721312235,0.4180351325950149
gap3,ridge,1112,7060047060,0.499364886640837,0.37490219091075205
gap3,ridge,1121,7060047060,0.32837844858050913,0.30000278945869663
gap3,ridge,1122,7060047060,0.5217491049159911,0.4210987328584007
gap3,ridge,1125,7060047060,0.32837844858050913,0.30000278945869663
gap3,ridge,1127,7060047060,0.5663464704659067,0.4396542977975619
gap3,ridge,114,7060014340,0.2835497731588931,0.3939113113803402
gap3,ridge,1151,7060047970,0.5843168922743912,0.5130632661679259
gap3,ridge,1192,7060047060,0.16432875978734707,0.20400582772341125
gap3,ridge,1237,7060047970,0.6706848696134027,0.463766957449821
gap3,ridge,1249,7060048410,1.1752645856080293,0.9117901348743962
gap3,ridge,131,7060014200,0.2997970051393829,0.27196868751293446
gap3,ridge,132,7060013550,0.22073262558094145,0.16215815563268382
gap3,ridge,133,7060013550,0.08665291594861925,0.07870847762603725
gap3,ridge,144,7060013550,0.2698607972302842,0.28131262670052454
gap3,ridge,148,7060013550,0.2190614565427998,0.18956790785712196
gap3,ridge,1586,7060047060,0.10904752528982808,0.23058867190534238
gap3,ridge,1587,7060047060,0.2799957740271275,0.3077863135943093
gap3,ridge,1592,7060047060,0.34382574108077185,0.2765282576010073
gap3,ridge,1595,7060047060,0.10879939687452436,0.16923697118783404
gap3,ridge,1600,7060047060,0.16380715964146636,0.23175683282754606
gap3,ridge,1617,7060047060,0.2658576019204949,0.32723357776707485
gap3,ridge,1619,7060047060,0.14994540981136933,0.28619146697869485
gap3,ridge,1620,7060047060,0.27244922316425124,0.3055062685589232
gap3,ridge,1631,7060047060,0.13586625120138024,0.26989993624559383
gap3,ridge,1634,7060047060,0.1758207414989661,0.22632808408543387
gap3,ridge,1636,7060047060,0.377032521245479,0.4243483694318323
gap3,ridge,1645,7060047060,0.46880108927990805,0.410162134892475
gap3,ridge,1650,7060047060,0.1902835665834986,0.3178149433404052
gap3,ridge,1654,7060047060,0.4581723993322289,0.412698638853288
gap3,ridge,1655,7060047060,0.27903405496887934,0.31298761102861844
gap3,ridge,1656,7060047060,0.2013737127912082,0.23836034803286854
gap3,ridge,168,7060013550,0.4595712500751311,0.10425122178478652
gap3,ridge,1683,7060047060,0.44087707368667267,0.3764493111667626
gap3,ridge,169,7060013560,0.5371554728117666,0.5660740797610357
gap3,ridge,1691,7060047060,0.11616721478804654,0.23910476440441544
gap3,ridge,1699,7060047060,0.10173478820258915,0.19287701172205243
gap3,ridge,1703,7060047060,0.716660099941124,0.510768008235958
gap3,ridge,1706,7060047060,0.14394821276290282,0.220411480538545
gap3,ridge,1707,7060047060,0.2516954924878223,0.3193893753836045
gap3,ridge,1709,7060047060,0.09069195877190259,0.17693347820537886
gap3,ridge,1712,7060047060,0.11904257815575439,0.22746225417214835
gap3,ridge,1713,7060047060,0.20966152043998507,0.3110907637077129
gap3,ridge,1714,7060047060,0.3091300571912571,0.35654897164975874
gap3,ridge,1718,7060047060,0.44885605648942306,0.43605923488385456
gap3,ridge,1723,7060047060,0.19382794094912292,0.2633805218481515
gap3,ridge,1726,7060047060,0.10896403881507782,0.21753349787446516
gap3,ridge,1735,7060047060,0.06989193072029252,0.1972569348202024
gap3,ridge,1739,7060047060,0.29666539359342553,0.3227254130838626
gap3,ridge,1740,7060047060,0.1758207414989661,0.22632808408543387
gap3,ridge,1741,7060047060,0.3534252217323681,0.32646157940235515
gap3,ridge,1742,7060047060,0.08583752133681757,0.19006279508758095
gap3,ridge,1744,7060047060,0.2387276522901479,0.26620006296130205
gap3,ridge,1752,7060047060,0.03017830633154979,0.1536816565692198
gap3,ridge,1753,7060047060,0.034264448408433124,0.20831882588992526
gap3,ridge,1755,7060047060,0.5562673086774179,0.4158624783508715
gap3,ridge,1756,7060047060,0.4115041512267482,0.39352439469618206
gap3,ridge,1761,7060042310,0.2777875849796639,0.2109135766425652
gap3,ridge,1768,7060047060,0.01211858013282131,0.14412012176394656
gap3,ridge,1776,7060043090,0.0855439313352062,0.08344360604498849
gap3,ridge,1777,7060047060,0.30238192606453906,0.3189198616260838
gap3,ridge,1796,7060042940,0.3229835609843018,0.21179387312672282
gap3,ridge,182,7060013550,0.18271699961023843,0.1974493406847856
gap3,ridge,1848,7060047060,0.5028227720001452,0.428544385908291
gap3,ridge,185,7060013550,0.7630551370850553,0.5885434776203438
gap3,ridge,1851,7060043500,0.16036588256855794,0.15886721359533562
gap3,ridge,1864,7060047060,0.5453666496134132,0.43498626813061303
gap3,ridge,1869,7060047060,0.6497507178945514,0.538564067340886
gap3,ridge,1872,7060043500,0.19597977477314887,0.23340209946999418
gap3,ridge,1879,7060043160,0.5747769495465672,0.44751335231798706
gap3,ridge,1883,7060043640,0.2596238600693717,0.23551658024240257
gap3,ridge,191,7060013550,0.24386640433051454,0.29956153515712663
gap3,ridge,193,7060013550,0.4142695745070827,0.542983427756293
gap3,ridge,198,7060013550,0.3096217134039919,0.3212192805021018
gap3,ridge,204,7060013550,0.30643246924406614,0.35439232916753666
gap3,ridge,292,7060022240,0.4488127157832644,0.3117120772501088
gap3,ridge,307,7060047060,0.13740524807438276,0.2309723228583505
gap3,ridge,310,7060014930,0.06269236039805173,0.07821489972220122
gap3,ridge,316,7060014930,0.2222499551419378,0.23198338855130923
gap3,ridge,319,7060047060,0.23881827227462005,0.30824055686221136
gap3,ridge,355,7060047060,0.12340187249362164,0.2400630416589019
gap3,ridge,361,7060014930,0.10567660639440427,0.14932593747301032
gap3,ridge,362,7060047060,0.3841607485850629,0.5242010768708778
gap3,ridge,364,7060047060,0.16250170400561625,0.2171619430385148
gap3,ridge,367,7060014930,0.24495162411092947,0.32716506956768204
gap3,ridge,368,7060047060,0.41227676092104343,0.38870410020281926
gap3,ridge,372,7060014930,0.3012980638414904,0.33769713075786284
gap3,ridge,373,7060047060,0.37572110737773073,0.44222022568841446
gap3,ridge,384,7060014930,0.30349832263261695,0.29573661336204043
gap3,ridge,386,7060014930,0.5695583219636912,0.5182654228194333
gap3,ridge,390,7060014930,0.29578731191515895,0.34806447481170666
gap3,ridge,391,7060014930,0.11688702537736742,0.1637770345832466
gap3,ridge,393,7060047060,0.22433093687509145,0.2898070304674523
gap3,ridge,398,7060047060,0.26401545413260996,0.2998538491946947
gap3,ridge,399,7060047060,0.13262066142457463,0.24966713076507588
gap3,ridge,41,7060016090,0.3054506214634258,0.26381917041244923
gap3,ridge,413,7060014930,0.015455173536212445,0.07311955724697927
gap3,ridge,415,7060047060,0.0745806789865424,0.1842123653566073
gap3,ridge,416,7060047060,0.17890221425805486,0.22461658748838698
gap3,ridge,419,7060008710,0.442023541374392,0.43553181634188876
gap3,ridge,42,7060016090,0.3661877568923359,0.30188562768557897
gap3,ridge,421,7060047060,0.25493325998242067,0.4158381014873799
gap3,ridge,423,7060008710,0.2612522674047988,0.30051146590749045
gap3,ridge,431,7060073620,0.14279970907363182,0.16786012360456104
gap3,ridge,438,7060073620,0.3102895993200989,0.2673221254720755
gap3,ridge,442,7060073620,0.27736381135740373,0.2846129500332203
gap3,ridge,445,7060008710,0.22417176296553276,0.2983001910874168
gap3,ridge,448,7060008710,0.22422473389265107,0.27944092542673865
gap3,ridge,449,7060073620,0.4238280178254042,0.35443643823700366
gap3,ridge,450,7060073620,0.3379793496383596,0.3096781692658485
gap3,ridge,451,7060008710,0.22090927233216076,0.13716583005222463
gap3,ridge,456,7060073620,0.25843224614974003,0.22378058651038785
gap3,ridge,467,7060073620,0.5073133718431583,0.4272234883355153
gap3,ridge,469,7060008710,0.4563006852152113,0.4265453418874182
gap3,ridge,470,7060008710,0.31042437937266204,0.35873830685097635
gap3,ridge,471,7060008710,0.48299477559680903,0.46692496894971447
gap3,ridge,473,7060008710,0.6188201204374273,0.5155296106636647
gap3,ridge,477,7060073620,0.2528298707120241,0.26963125206242927
gap3,ridge,488,7060008710,0.2822310682626748,0.32887100614074954
gap3,ridge,492,7060008710,0.4297614541061161,0.3125109581531397
gap3,ridge,497,7060008710,0.2480763062136852,0.33500908831561493
gap3,ridge,500,7060047060,0.3564031200238438,0.3817216882805005
gap3,ridge,502,7060008710,0.30211006397508533,0.2303062835261912
gap3,ridge,505,7060047060,0.2402148885659517,0.2702617666004266
gap3,ridge,506,7060008710,0.4994073065019904,0.4106614679964843
gap3,ridge,509,7060008710,0.09916879377383866,0.2696617290137885
gap3,ridge,511,7060047060,0.08440368437655454,0.2314543000093568
gap3,ridge,517,7060008710,0.3480310255914106,0.348773582226986
gap3,ridge,518,7060008710,0.5050317725328377,0.46500573007695944
gap3,ridge,522,7060047060,0.07026054013384717,0.2071165367149294
gap3,ridge,524,7060073920,0.28031245311339764,0.5827134761057114
gap3,ridge,529,7060047060,0.2022764681655836,0.25418069342422706
gap3,ridge,530,7060047060,0.24882327314142194,0.27985983740891845
gap3,ridge,531,7060008710,0.19465966337710933,0.2891763158984814
gap3,ridge,533,7060047060,0.06238976289138662,0.17825651035079357
gap3,ridge,536,7060008710,0.25549517063393434,0.2458584236576084
gap3,ridge,541,7060008710,0.33512067960589664,0.34601453745850297
gap3,ridge,542,7060008710,0.021829390999163038,0.07323607097378959
gap3,ridge,549,7060008710,0.17426306956763082,0.13035434927256823
gap3,ridge,55,7060014930,0.28550609958557943,0.27957049506522097
gap3,ridge,567,7060008710,0.6595043312005375,0.5579818215475771
gap3,ridge,57,7060014930,0.33597580296968027,0.35189801006917815
gap3,ridge,574,7060008710,0.4024696804341001,0.43635382570420167
gap3,ridge,575,7060008710,0.3423102148988813,0.4125595019526077
gap3,ridge,595,7060013550,0.10813385174100312,0.1985668802293259
gap3,ridge,597,7060008710,0.504672677607412,0.39404004506582385
gap3,ridge,60,7060014930,0.2041065565749272,0.25612354940494486
gap3,ridge,600,7060013550,0.29742355965391953,0.2985671824845939
gap3,ridge,601,7060008710,0.3982437519679096,0.325441323484788
gap3,ridge,612,7060013550,0.11003303591192931,0.19855353171335888
gap3,ridge,63,7060014930,0.2688342824391425,0.32470385627905657
gap3,ridge,7308,7060043500,0.17780351775247702,0.11302758263812493
gap3,ridge,7313,7060047060,0.18782556894938995,0.27252037206888274
gap3,ridge,7318,7060047060,0.014004335310672859,0.13903929251601632
gap3,ridge,753,7060047060,0.15216346333752714,0.2841205075248912
gap3,ridge,780,7060047060,0.44654929149936107,0.43472793379282326
gap3,ridge,870,7060047060,0.05984246578898476,0.2376166456796668
gap3,ridge,882,7060047060,0.07472428851333776,0.20881607287841758
gap3,ridge,884,7060047060,0.07621634147289033,0.1648309288865078
gap3,ridge,885,7060047060,0.06624913146272371,0.23547484869292348
gap3,ridge,893,7060047060,0.29182935275339883,0.5079163672106835
gap3,ridge,895,7060047060,0.014271387481084304,0.13568204619396962
gap3,ridge,898,7060047060,0.4804827463621658,0.5797374460588417
gap3,ridge,920,7060047060,0.010603340710536624,0.15337879047240793
gap3,ridge,931,7060047060,1.2259182244099538,0.6826239861084786
gap3,ridge,938,7060047060,0.38109461464621547,0.6683328830639383
gap3,rf,1017,7060047060,0.39350694741793457,0.3428021567272432
gap3,rf,1026,7060047060,0.27047730320991026,0.34517658456148
gap3,rf,1033,7060047060,0.3492122023815647,0.3861531827325808
gap3,rf,1036,7060047060,0.20717264498721943,0.2923713729489192
gap3,rf,1042,7060047060,0.3236531161741061,0.3767309611839041
gap3,rf,1067,7060047060,0.6168662889042192,0.39756335834412815
gap3,rf,1086,7060049270,1.1066013206807137,0.4783664218870365
gap3,rf,1092,7060047060,0.6010100039936108,0.3943771152763032
gap3,rf,1101,7060047060,0.5969935721312235,0.37114758540683923
gap3,rf,1112,7060047060,0.499364886640837,0.383911337274378
gap3,rf,1121,7060047060,0.32837844858050913,0.33075568265823213
gap3,rf,1122,7060047060,0.5217491049159911,0.37615063154133105
gap3,rf,1125,7060047060,0.32837844858050913,0.33075568265823213
gap3,rf,1127,7060047060,0.5663464704659067,0.39169449047809174
gap3,rf,114,7060014340,0.2835497731588931,0.3768392365443807
gap3,rf,1151,7060047970,0.5843168922743912,0.42272029830654
gap3,rf,1192,7060047060,0.16432875978734707,0.2203015874599397
gap3,rf,1237,7060047970,0.6706848696134027,0.5404092735297716
gap3,rf,1249,7060048410,1.1752645856080293,0.5542697141146568
gap3,rf,131,7060014200,0.2997970051393829,0.2914862046567781
gap3,rf,132,7060013550,0.22073262558094145,0.14753518379449787
gap3,rf,133,7060013550,0.08665291594861925,0.08237505040371863
gap3,rf,144,7060013550,0.2698607972302842,0.2801531908228377
gap3,rf,148,7060013550,0.2190614565427998,0.19843105256062568
gap3,rf,1586,7060047060,0.10904752528982808,0.23583233421406016
gap3,rf,1587,7060047060,0.2799957740271275,0.33758057032093264
gap3,rf,1592,7060047060,0.34382574108077185,0.2857878925414152
gap3,rf,1595,7060047060,0.10879939687452436,0.22827816019207386
gap3,rf,1600,7060047060,0.16380715964146636,0.23781444787960745
gap3,rf,1617,7060047060,0.2658576019204949,0.34976874957448795
gap3,rf,1619,7060047060,0.14994540981136933,0.31860105005564987
gap3,rf,1620,7060047060,0.27244922316425124,0.34218029199831185
gap3,rf,1631,7060047060,0.13586625120138024,0.27487486562031743
gap3,rf,1634,7060047060,0.1758207414989661,0.23456684704666614
gap3,rf,1636,7060047060,0.377032521245479,0.37193280250975513
gap3,rf,1645,7060047060,0.46880108927990805,0.37525633281393955
gap3,rf,1650,7060047060,0.1902835665834986,0.34549286885254377
gap3,rf,1654,7060047060,0.4581723993322289,0.37525633281393955
gap3,rf,1655,7060047060,0.27903405496887934,0.3434587126247562
gap3,rf,1656,7060047060,0.2013737127912082,0.23583233421406016
gap3,rf,168,7060013550,0.4595712500751311,0.1072362068162144
gap3,rf,1683,7060047060,0.44087707368667267,0.3688933818673643
gap3,rf,169,7060013560,0.5371554728117666,0.47844695134943277
gap3,rf,1691,7060047060,0.11616721478804654,0.23358541698559493
gap3,rf,1699,7060047060,0.10173478820258915,0.22578027043833898
gap3,rf,1703,7060047060,0.716660099941124,0.39187050475010127
gap3,rf,1706,7060047060,0.14394821276290282,0.23269111825820346
gap3,rf,1707,7060047060,0.2516954924878223,0.3465547234553641
gap3,rf,1709,7060047060,0.09069195877190259,0.22578027043833898
gap3,rf,1712,7060047060,0.11904257815575439,0.23475468174152414
gap3,rf,1713,7060047060,0.20966152043998507,0.3390065321676755
gap3,rf,1714,7060047060,0.3091300571912571,0.35654946667962656
gap3,rf,1718,7060047060,0.44885605648942306,0.37700452372626886
gap3,rf,1723,7060047060,0.19382794094912292,0.2806297199032381
gap3,rf,1726,7060047060,0.10896403881507782,0.2328703558874564
gap3,rf,1735,7060047060,0.06989193072029252,0.24277813457728403
gap3,rf,1739,7060047060,0.29666539359342553,0.3376392794266724
gap3,rf,1740,7060047060,0.1758207414989661,0.23456684704666614
gap3,rf,1741,7060047060,0.3534252217323681,0.3483206734091668
gap3,rf,1742,7060047060,0.08583752133681757,0.22617771508205084
gap3,rf,1744,7060047060,0.2387276522901479,0.27258676886966443
gap3,rf,1752,7060047060,0.03017830633154979,0.20983167703658986
gap3,rf,1753,7060047060,0.034264448408433124,0.210919324006281
gap3,rf,1755,7060047060,0.5562673086774179,0.37254150237406347
gap3,rf,1756,7060047060,0.4115041512267482,0.3782665817932777
gap3,rf,1761,7060042310,0.2777875849796639,0.1874169716116102
gap3,rf,1768,7060047060,0.01211858013282131,0.2128317028494067
gap3,rf,1776,7060043090,0.0855439313352062,0.08490229955389136
gap3,rf,1777,7060047060,0.30238192606453906,0.3347936981605059
gap3,rf,1796,7060042940,0.3229835609843018,0.1889338368444551
gap3,rf,182,7060013550,0.18271699961023843,0.20053068905826865
gap3,rf,1848,7060047060,0.5028227720001452,0.374042312695951
gap3,rf,185,7060013550,0.7630551370850553,0.5447754310406582
gap3,rf,1851,7060043500,0.16036588256855794,0.17923330886383876
gap3,rf,1864,7060047060,0.5453666496134132,0.36965366764828256
gap3,rf,1869,7060047060,0.6497507178945514,0.3712081650101649
gap3,rf,1872,7060043500,0.19597977477314887,0.2585053006285729
gap3,rf,1879,7060043160,0.5747769495465672,0.4176679501560171
gap3,rf,1883,7060043640,0.2596238600693717,0.2287184129288341
gap3,rf,191,7060013550,0.24386640433051454,0.32737272517587185
gap3,rf,193,7060013550,0.4142695745070827,0.5144873772914282
gap3,rf,198,7060013550,0.3096217134039919,0.31685215460292565
gap3,rf,204,7060013550,0.30643246924406614,0.3317887234782572
gap3,rf,292,7060022240,0.4488127157832644,0.3687177108770971
gap3,rf,307,7060047060,0.13740524807438276,0.2285963833708757
gap3,rf,310,7060014930,0.06269236039805173,0.08731713890445364
gap3,rf,316,7060014930,0.2222499551419378,0.25666992987967047
gap3,rf,319,7060047060,0.23881827227462005,0.31624979871733794
gap3,rf,355,7060047060,0.12340187249362164,0.22156103472406335
gap3,rf,361,7060014930,0.10567660639440427,0.15644823859833834
gap3,rf,362,7060047060,0.3841607485850629,0.3566688972811622
gap3,rf,364,7060047060,0.16250170400561625,0.22156103472406335
gap3,rf,367,7060014930,0.24495162411092947,0.33758937800939165
gap3,rf,368,7060047060,0.41227676092104343,0.392494481788107
gap3,rf,372,7060014930,0.3012980638414904,0.32629968263984455
gap3,rf,373,7060047060,0.37572110737773073,0.38561780068610263
gap3,rf,384,7060014930,0.30349832263261695,0.29024826240671187
gap3,rf,386,7060014930,0.5695583219636912,0.47933570677606935
gap3,rf,390,7060014930,0.29578731191515895,0.33839657940256873
gap3,rf,391,7060014930,0.11688702537736742,0.13712012105526442
gap3,rf,393,7060047060,0.22433093687509145,0.30042442491374893
gap3,rf,398,7060047060,0.26401545413260996,0.3139514337031198
gap3,rf,399,7060047060,0.13262066142457463,0.24225500760390462
gap3,rf,41,7060016090,0.3054506214634258,0.2837133024984499
gap3,rf,413,7060014930,0.015455173536212445,0.1027445656973925
gap3,rf,415,7060047060,0.0745806789865424,0.2377335772548371
gap3,rf,416,7060047060,0.17890221425805486,0.22176310417156853
gap3,rf,419,7060008710,0.442023541374392,0.43903976276232654
gap3,rf,42,7060016090,0.3661877568923359,0.33868667661588847
gap3,rf,421,7060047060,0.25493325998242067,0.38798817602892405
gap3,rf,423,7060008710,0.2612522674047988,0.32955653642997823
gap3,rf,431,7060073620,0.14279970907363182,0.1901575287226096
gap3,rf,438,7060073620,0.3102895993200989,0.2922486250217054
gap3,rf,442,7060073620,0.27736381135740373,0.3232438976863993
gap3,rf,445,7060008710,0.22417176296553276,0.2759486356872636
gap3,rf,448,7060008710,0.22422473389265107,0.26112481129293236
gap3,rf,449,7060073620,0.4238280178254042,0.42629259681599513
gap3,rf,450,7060073620,0.3379793496383596,0.3370855172548509
gap3,rf,451,7060008710,0.22090927233216076,0.13749467138615798
gap3,rf,456,7060073620,0.25843224614974003,0.25319993423226583
gap3,rf,467,7060073620,0.5073133718431583,0.42834777687161874
gap3,rf,469,7060008710,0.4563006852152113,0.4304887678263688
gap3,rf,470,7060008710,0.31042437937266204,0.31363147995128776
gap3,rf,471,7060008710,0.48299477559680903,0.4509472551761833
gap3,rf,473,7060008710,0.6188201204374273,0.49180147898489934
gap3,rf,477,7060073620,0.2528298707120241,0.2829489129269258
gap3,rf,488,7060008710,0.2822310682626748,0.2878292431840411
gap3,rf,492,7060008710,0.4297614541061161,0.42607851340856295
gap3,rf,497,7060008710,0.2480763062136852,0.33151283159144457
gap3,rf,500,7060047060,0.3564031200238438,0.38387763209638825
gap3,rf,502,7060008710,0.30211006397508533,0.2501180483295235
gap3,rf,505,7060047060,0.2402148885659517,0.27367527475881526
gap3,rf,506,7060008710,0.4994073065019904,0.46303658025561467
gap3,rf,509,7060008710,0.09916879377383866,0.2682051389495485
gap3,rf,511,7060047060,0.08440368437655454,0.25050854688162344
gap3,rf,517,7060008710,0.3480310255914106,0.330395646912121
gap3,rf,518,7060008710,0.5050317725328377,0.4344916019804145
gap3,rf,522,7060047060,0.07026054013384717,0.22156103472406335
gap3,rf,524,7060073920,0.28031245311339764,0.500359685719364
gap3,rf,529,7060047060,0.2022764681655836,0.24903305099306589
gap3,rf,530,7060047060,0.24882327314142194,0.29762532938010977
gap3,rf,531,7060008710,0.19465966337710933,0.27804680887900135
gap3,rf,533,7060047060,0.06238976289138662,0.22156103472406335
gap3,rf,536,7060008710,0.25549517063393434,0.2703555895410111
gap3,rf,541,7060008710,0.33512067960589664,0.3185905717171101
gap3,rf,542,7060008710,0.021829390999163038,0.09385179206747464
gap3,rf,549,7060008710,0.17426306956763082,0.1563384736101071
gap3,rf,55,7060014930,0.28550609958557943,0.3287308242400858
gap3,rf,567,7060008710,0.6595043312005375,0.49584973029507134
gap3,rf,57,7060014930,0.33597580296968027,0.3344107762216934
gap3,rf,574,7060008710,0.4024696804341001,0.42954388444733366
gap3,rf,575,7060008710,0.3423102148988813,0.42414910940886197
gap3,rf,595,7060013550,0.10813385174100312,0.20985141243323244
gap3,rf,597,7060008710,0.504672677607412,0.42607201096949615
gap3,rf,60,7060014930,0.2041065565749272,0.2842645552162649
gap3,rf,600,7060013550,0.29742355965391953,0.32696149607033875
gap3,rf,601,7060008710,0.3982437519679096,0.3395625305655406
gap3,rf,612,7060013550,0.11003303591192931,0.1746516302719399
gap3,rf,63,7060014930,0.2688342824391425,0.3207032331903828
gap3,rf,7308,7060043500,0.17780351775247702,0.11199410493774925
gap3,rf,7313,7060047060,0.18782556894938995,0.2629774878307678
gap3,rf,7318,7060047060,0.014004335310672859,0.2193141174955981
gap3,rf,753,7060047060,0.15216346333752714,0.30626871769920894
gap3,rf,780,7060047060,0.44654929149936107,0.4025364682991798
gap3,rf,870,7060047060,0.05984246578898476,0.2380744418466008
gap3,rf,882,7060047060,0.07472428851333776,0.2128317028494067
gap3,rf,884,7060047060,0.07621634147289033,0.208200109138046
gap3,rf,885,7060047060,0.06624913146272371,0.20900572816800195
gap3,rf,893,7060047060,0.29182935275339883,0.38426694466969463
gap3,rf,895,7060047060,0.014271387481084304,0.20711246216835483
gap3,rf,898,7060047060,0.4804827463621658,0.36744314977429143
gap3,rf,920,7060047060,0.010603340710536624,0.2093612184405985
gap3,rf,931,7060047060,1.2259182244099538,0.38701082086310096
gap3,rf,938,7060047060,0.38109461464621547,0.3827378006764176
gap7,mean,1017,7060047060,0.39350694741793457,0.3233284848224663
gap7,mean,1026,7060047060,0.27047730320991026,0.3233284848224663
gap7,mean,1033,7060047060,0.3492122023815647,0.3233284848224663
gap7,mean,1036,7060047060,0.20717264498721943,0.3233284848224663
gap7,mean,1042,7060047060,0.3236531161741061,0.3233284848224663
gap7,mean,1067,7060047060,0.6168662889042192,0.3233284848224663
gap7,mean,1086,7060049270,1.1066013206807137,0.28897222011665197
gap7,mean,1092,7060047060,0.6010100039936108,0.3233284848224663
gap7,mean,1101,7060047060,0.5969935721312235,0.3233284848224663
gap7,mean,1112,7060047060,0.499364886640837,0.3233284848224663
gap7,mean,1121,7060047060,0.32837844858050913,0.3233284848224663
gap7,mean,1122,7060047060,0.5217491049159911,0.3233284848224663
gap7,mean,1125,7060047060,0.32837844858050913,0.3233284848224663
gap7,mean,1127,7060047060,0.5663464704659067,0.3233284848224663
gap7,mean,114,7060014340,0.28175492182371464,0.2882039816580001
gap7,mean,1151,7060047970,0.5843168922743912,0.2882039816580001
gap7,mean,1192,7060047060,0.16432875978734707,0.3233284848224663
gap7,mean,1237,7060047970,0.6706848696134027,0.2882039816580001
gap7,mean,1249,7060048410,1.1752645856080293,0.2929597076426316
gap7,mean,131,7060014200,0.3073568919274698,0.28897222011665197
gap7,mean,132,7060013550,0.22073262558094145,0.2929597076426316
gap7,mean,133,7060013550,0.08624717187748211,0.2929597076426316
gap7,mean,144,7060013550,0.263587705732529,0.2929597076426316
gap7,mean,148,7060013550,0.2190614565427998,0.2929597076426316
gap7,mean,1586,7060047060,0.10904752528982808,0.3233284848224663
gap7,mean,1587,7060047060,0.2799957740271275,0.3233284848224663
gap7,mean,1592,7060047060,0.34382574108077185,0.3233284848224663
gap7,mean,1595,7060047060,0.10879939687452436,0.3233284848224663
gap7,mean,1600,7060047060,0.16380715964146636,0.3233284848224663
gap7,mean,1617,7060047060,0.2658576019204949,0.3233284848224663
gap7,mean,1619,7060047060,0.14994540981136933,0.3233284848224663
gap7,mean,1620,7060047060,0.27244922316425124,0.3233284848224663
gap7,mean,1631,7060047060,0.13586625120138024,0.3233284848224663
gap7,mean,1634,7060047060,0.1758207414989661,0.3233284848224663
gap7,mean,1636,7060047060,0.3769837443754729,0.3233284848224663
gap7,mean,1645,7060047060,0.46880108927990805,0.3233284848224663
gap7,mean,1650,7060047060,0.1902835665834986,0.3233284848224663
gap7,mean,1654,7060047060,0.4581723993322289,0.3233284848224663
gap7,mean,1655,7060047060,0.27903405496887934,0.3233284848224663
gap7,mean,1656,7060047060,0.2013737127912082,0.3233284848224663
gap7,mean,168,7060013550,0.45927630526116914,0.2929597076426316
gap7,mean,1683,7060047060,0.44087707368667267,0.3233284848224663
gap7,mean,169,7060013560,0.5364496453098534,0.2882039816580001
gap7,mean,1691,7060047060,0.11616721478804654,0.3233284848224663
gap7,mean,1699,7060047060,0.10173478820258915,0.3233284848224663
gap7,mean,1703,7060047060,0.716660099941124,0.3233284848224663
gap7,mean,1706,7060047060,0.14394821276290282,0.3233284848224663
gap7,mean,1707,7060047060,0.2516954924878223,0.3233284848224663
gap7,mean,1709,7060047060,0.09069195877190259,0.3233284848224663
gap7,mean,1712,7060047060,0.11904257815575439,0.3233284848224663
gap7,mean,1713,7060047060,0.20966152043998507,0.3233284848224663
gap7,mean,1714,7060047060,0.3091300571912571,0.3233284848224663
gap7,mean,1718,7060047060,0.44885605648942306,0.3233284848224663
gap7,mean,1723,7060047060,0.19541101588863802,0.3233284848224663
gap7,mean,1726,7060047060,0.10887882617778469,0.3233284848224663
gap7,mean,1735,7060047060,0.06989193072029252,0.3233284848224663
gap7,mean,1739,7060047060,0.29666539359342553,0.3233284848224663
gap7,mean,1740,7060047060,0.1758207414989661,0.3233284848224663
gap7,mean,1741,7060047060,0.3534252217323681,0.3233284848224663
gap7,mean,1742,7060047060,0.08593152552715454,0.3233284848224663
gap7,mean,1744,7060047060,0.2387276522901479,0.3233284848224663
gap7,mean,1752,7060047060,0.03017830633154979,0.3233284848224663
gap7,mean,1753,7060047060,0.034264448408433124,0.3233284848224663
gap7,mean,1754,7060047060,0.1677005961034626,0.3233284848224663
gap7,mean,1755,7060047060,0.5562673086774179,0.3233284848224663
gap7,mean,1756,7060047060,0.41200980552483213,0.3233284848224663
gap7,mean,1761,7060042310,0.2777875849796639,0.28897222011665197
gap7,mean,1768,7060047060,0.01211858013282131,0.3233284848224663
gap7,mean,1775,7060047060,0.37272526101474035,0.3233284848224663
gap7,mean,1776,7060043090,0.0855439313352062,0.2929597076426316
gap7,mean,1777,7060047060,0.30360310971475724,0.3233284848224663
gap7,mean,1782,7060042740,0.3995823584385342,0.2882039816580001
gap7,mean,1796,7060042940,0.32377205752776816,0.2882039816580001
gap7,mean,180,7060013560,0.6211755110223941,0.2882039816580001
gap7,mean,182,7060013550,0.18271699961023843,0.2929597076426316
gap7,mean,1848,7060047060,0.5028227720001452,0.3233284848224663
gap7,mean,185,7060013550,0.7667310129472162,0.2929597076426316
gap7,mean,1851,7060043500,0.16036588256855794,0.2882039816580001
gap7,mean,1864,7060047060,0.5453666496134132,0.3233284848224663
gap7,mean,1869,7060047060,0.6497507178945514,0.3233284848224663
gap7,mean,1872,7060043500,0.19756506063708856,0.2882039816580001
gap7,mean,1879,7060043160,0.5751504137111221,0.28897222011665197
gap7,mean,1883,7060043640,0.2596114124714888,0.2882039816580001
gap7,mean,191,7060013550,0.24386640433051454,0.2929597076426316
gap7,mean,193,7060013550,0.4164894693847435,0.2929597076426316
gap7,mean,198,7060013550,0.3096217134039919,0.2929597076426316
gap7,mean,204,7060013550,0.30643246924406614,0.2929597076426316
gap7,mean,292,7060022240,0.4488780883870729,0.2882039816580001
gap7,mean,300,7060047060,0.5020241463192712,0.3233284848224663
gap7,mean,307,7060047060,0.13740524807438276,0.3233284848224663
gap7,mean,310,7060014930,0.06269236039805173,0.28897222011665197
gap7,mean,316,7060014930,0.2222499551419378,0.28897222011665197
gap7,mean,319,7060047060,0.23881827227462005,0.3233284848224663
gap7,mean,355,7060047060,0.12340187249362164,0.3233284848224663
gap7,mean,361,7060014930,0.10418881660228682,0.28897222011665197
gap7,mean,362,7060047060,0.3841607485850629,0.3233284848224663
gap7,mean,364,7060047060,0.16250170400561625,0.3233284848224663
gap7,mean,367,7060014930,0.25165876926620356,0.28897222011665197
gap7,mean,368,7060047060,0.4103539447665343,0.3233284848224663
gap7,mean,372,7060014930,0.30383707768912877,0.28897222011665197
gap7,mean,373,7060047060,0.37572110737773073,0.3233284848224663
gap7,mean,384,7060014930,0.30349832263261695,0.28897222011665197
gap7,mean,386,7060014930,0.5695583219636912,0.28897222011665197
gap7,mean,390,7060014930,0.30845068299590495,0.28897222011665197
gap7,mean,391,7060014930,0.11688702537736742,0.28897222011665197
gap7,mean,393,7060047060,0.22433093687509145,0.3233284848224663
gap7,mean,398,7060047060,0.26401545413260996,0.3233284848224663
gap7,mean,399,7060047060,0.1369169527441804,0.3233284848224663
gap7,mean,41,7060016090,0.3054506214634258,0.28897222011665197
gap7,mean,413,7060014930,0.015455173536212445,0.28897222011665197
gap7,mean,415,7060047060,0.0745806789865424,0.3233284848224663
gap7,mean,416,7060047060,0.17890221425805486,0.3233284848224663
gap7,mean,419,7060008710,0.4415327512893553,0.2857277394681869
gap7,mean,42,7060016090,0.3661877568923359,0.28897222011665197
gap7,mean,421,7060047060,0.25493325998242067,0.3233284848224663
gap7,mean,423,7060008710,0.2612522674047988,0.2857277394681869
gap7,mean,431,7060073620,0.14373403002234617,0.2882039816580001
gap7,mean,438,7060073620,0.3098148979596307,0.2882039816580001
gap7,mean,442,7060073620,0.27736381135740373,0.2882039816580001
gap7,mean,445,7060008710,0.22417176296553276,0.2857277394681869
gap7,mean,448,7060008710,0.2242199562797339,0.2857277394681869
gap7,mean,449,7060073620,0.4238280178254042,0.2882039816580001
gap7,mean,450,7060073620,0.34812813667119014,0.2882039816580001
gap7,mean,451,7060008710,0.22090927233216076,0.2857277394681869
gap7,mean,456,7060073620,0.2594138858675854,0.2882039816580001
gap7,mean,467,7060073620,0.5073133718431583,0.2882039816580001
gap7,mean,469,7060008710,0.4566108459677779,0.2857277394681869
gap7,mean,470,7060008710,0.3107401164597128,0.2857277394681869
gap7,mean,471,7060008710,0.48322354086628805,0.2857277394681869
gap7,mean,473,7060008710,0.6130819254608131,0.2857277394681869
gap7,mean,477,7060073620,0.2528298707120241,0.2882039816580001
gap7,mean,488,7060008710,0.2822310682626748,0.2857277394681869
gap7,mean,492,7060008710,0.42943308801051155,0.2857277394681869
gap7,mean,493,7060008710,0.39299324203324393,0.2857277394681869
gap7,mean,497,7060008710,0.2480763062136852,0.2857277394681869
gap7,mean,500,7060047060,0.3564031200238438,0.3233284848224663
gap7,mean,502,7060008710,0.30211006397508533,0.2857277394681869
gap7,mean,505,7060047060,0.2402148885659517,0.3233284848224663
gap7,mean,506,7060008710,0.4768051394385185,0.2857277394681869
gap7,mean,509,7060008710,0.09916879377383866,0.2857277394681869
gap7,mean,511,7060047060,0.08440368437655454,0.3233284848224663
gap7,mean,517,7060008710,0.348045848016736,0.2857277394681869
gap7,mean,518,7060008710,0.5050317725328377,0.2857277394681869
gap7,mean,522,7060047060,0.07026054013384717,0.3233284848224663
gap7,mean,524,7060073920,0.28031245311339764,0.2929597076426316
gap7,mean,529,7060047060,0.21028963898137815,0.3233284848224663
gap7,mean,530,7060047060,0.24882327314142194,0.3233284848224663
gap7,mean,531,7060008710,0.19465966337710933,0.2857277394681869
gap7,mean,533,7060047060,0.06238976289138662,0.3233284848224663
gap7,mean,536,7060008710,0.25549517063393434,0.2857277394681869
gap7,mean,541,7060008710,0.33512067960589664,0.2857277394681869
gap7,mean,542,7060008710,0.021829390999163038,0.2857277394681869
gap7,mean,549,7060008710,0.17413413849696685,0.2857277394681869
gap7,mean,55,7060014930,0.28550609958557943,0.28897222011665197
gap7,mean,567,7060008710,0.6596129539991097,0.2857277394681869
gap7,mean,57,7060014930,0.33597580296968027,0.28897222011665197
gap7,mean,572,7060008710,0.2554810833405542,0.2857277394681869
gap7,mean,574,7060008710,0.4024696804341001,0.2857277394681869
gap7,mean,575,7060008710,0.3423102148988813,0.2857277394681869
gap7,mean,592,7060013550,0.30865839739034506,0.2929597076426316
gap7,mean,595,7060013550,0.10813385174100312,0.2929597076426316
gap7,mean,597,7060008710,0.504672677607412,0.2857277394681869
gap7,mean,60,7060014930,0.2041065565749272,0.28897222011665197
gap7,mean,600,7060013550,0.29742355965391953,0.2929597076426316
gap7,mean,601,7060008710,0.3982437519679096,0.2857277394681869
gap7,mean,612,7060013550,0.11001578163833917,0.2929597076426316
gap7,mean,63,7060014930,0.2688342824391425,0.28897222011665197
gap7,mean,7308,7060043500,0.17780351775247702,0.2882039816580001
gap7,mean,7313,7060047060,0.18782556894938995,0.3233284848224663
gap7,mean,7318,7060047060,0.014004335310672859,0.3233284848224663
gap7,mean,753,7060047060,0.15216346333752714,0.3233284848224663
gap7,mean,777,7060047060,0.2739861993018594,0.3233284848224663
gap7,mean,780,7060047060,0.44852695341037696,0.3233284848224663
gap7,mean,798,7060047060,0.23327215772160986,0.3233284848224663
gap7,mean,868,7060047060,0.645851813865504,0.3233284848224663
gap7,mean,870,7060047060,0.05984246578898476,0.3233284848224663
gap7,mean,882,7060047060,0.07472428851333776,0.3233284848224663
gap7,mean,884,7060047060,0.07621634147289033,0.3233284848224663
gap7,mean,885,7060047060,0.06624913146272371,0.3233284848224663
gap7,mean,893,7060047060,0.28962489647621925,0.3233284848224663
gap7,mean,895,7060047060,0.014271387481084304,0.3233284848224663
gap7,mean,898,7060047060,0.4804827463621658,0.3233284848224663
gap7,mean,920,7060047060,0.010603340710536624,0.3233284848224663
gap7,mean,931,7060047060,1.2259182244099538,0.3233284848224663
gap7,mean,938,7060047060,0.3808118758664072,0.3233284848224663
gap7,mean,952,7060047060,0.6163242666547544,0.3233284848224663
gap7,persistence,1017,7060047060,0.39350694741793457,0.32732625657686143
gap7,persistence,1026,7060047060,0.27047730320991026,0.2834168970340526
gap7,persistence,1033,7060047060,0.3492122023815647,0.33911868468061473
gap7,persistence,1036,7060047060,0.20717264498721943,0.21383819202015208
gap7,persistence,1042,7060047060,0.3236531161741061,0.3812739904689628
gap7,persistence,1067,7060047060,0.6168662889042192,0.5506501849189527
gap7,persistence,1086,7060049270,1.1066013206807137,0.8848431516750894
gap7,persistence,1092,7060047060,0.6010100039936108,0.5212600112783097
gap7,persistence,1101,7060047060,0.5969935721312235,0.48238399696401857
gap7,persistence,1112,7060047060,0.499364886640837,0.38296951698055165
gap7,persistence,1121,7060047060,0.32837844858050913,0.25815139018932476
gap7,persistence,1122,7060047060,0.5217491049159911,0.45839296501237914
gap7,persistence,1125,7060047060,0.32837844858050913,0.25815139018932476
gap7,persistence,1127,7060047060,0.5663464704659067,0.4843791452026821
gap7,persistence,114,7060014340,0.28175492182371464,0.4160044938936299
gap7,persistence,1151,7060047970,0.5843168922743912,0.39937269564133215
gap7,persistence,1192,7060047060,0.16432875978734707,0.12311908521187284
gap7,persistence,1237,7060047970,0.6706848696134027,0.5579418713718229
gap7,persistence,1249,7060048410,1.1752645856080293,0.8786082927534192
gap7,persistence,131,7060014200,0.3073568919274698,0.2860719655344296
gap7,persistence,132,7060013550,0.22073262558094145,0.1493315015289595
gap7,persistence,133,7060013550,0.08624717187748211,0.046359241526245584
gap7,persistence,144,7060013550,0.263587705732529,0.23911316276387834
gap7,persistence,148,7060013550,0.2190614565427998,0.18148399627001854
gap7,persistence,1586,7060047060,0.10904752528982808,0.13506777257551217
gap7,persistence,1587,7060047060,0.2799957740271275,0.27537901244813345
gap7,persistence,1592,7060047060,0.34382574108077185,0.21977552761039992
gap7,persistence,1595,7060047060,0.10879939687452436,0.04052037059224774
gap7,persistence,1600,7060047060,0.16380715964146636,0.14189920675046158
gap7,persistence,1617,7060047060,0.2658576019204949,0.31342708481125076
gap7,persistence,1619,7060047060,0.14994540981136933,0.2411145373293386
gap7,persistence,1620,7060047060,0.27244922316425124,0.29373950829282947
gap7,persistence,1631,7060047060,0.13586625120138024,0.20836567804383369
gap7,persistence,1634,7060047060,0.1758207414989661,0.14422797835809964
gap7,persistence,1636,7060047060,0.3769837443754729,0.48578499594909874
gap7,persistence,1645,7060047060,0.46880108927990805,0.4352714907165549
gap7,persistence,1650,7060047060,0.1902835665834986,0.29790227844638123
gap7,persistence,1654,7060047060,0.4581723993322289,0.44796201049184103
gap7,persistence,1655,7060047060,0.27903405496887934,0.2795508120545117
gap7,persistence,1656,7060047060,0.2013737127912082,0.1581455963637178
gap7,persistence,168,7060013550,0.45927630526116914,0.05481982806402769
gap7,persistence,1683,7060047060,0.44087707368667267,0.38006640718230245
gap7,persistence,169,7060013560,0.5364496453098534,0.6410738545123189
gap7,persistence,1691,7060047060,0.11616721478804654,0.16906698920481789
gap7,persistence,1699,7060047060,0.10173478820258915,0.0932043910144893
gap7,persistence,1703,7060047060,0.716660099941124,0.6006220667118699
gap7,persistence,1706,7060047060,0.14394821276290282,0.13752537808300166
gap7,persistence,1707,7060047060,0.2516954924878223,0.29054549589074513
gap7,persistence,1709,7060047060,0.09069195877190259,0.06746998050513128
gap7,persistence,1712,7060047060,0.11904257815575439,0.14040051365660172
gap7,persistence,1713,7060047060,0.20966152043998507,0.28784117898830874
gap7,persistence,1714,7060047060,0.3091300571912571,0.3715533410694491
gap7,persistence,1718,7060047060,0.44885605648942306,0.4887165938297443
gap7,persistence,1723,7060047060,0.19541101588863802,0.20587239654480438
gap7,persistence,1726,7060047060,0.10887882617778469,0.12855630496026077
gap7,persistence,1735,7060047060,0.06989193072029252,0.08022106913608207
gap7,persistence,1739,7060047060,0.29666539359342553,0.30490781245337906
gap7,persistence,1740,7060047060,0.1758207414989661,0.14422797835809964
gap7,persistence,1741,7060047060,0.3534252217323681,0.30269984489098456
gap7,persistence,1742,7060047060,0.08593152552715454,0.0847118412498331
gap7,persistence,1744,7060047060,0.2387276522901479,0.21328782928822254
gap7,persistence,1752,7060047060,0.03017830633154979,0.04180743367016232
gap7,persistence,1753,7060047060,0.034264448408433124,0.12688018325062994
gap7,persistence,1754,7060047060,0.1677005961034626,0.19080282960581785
gap7,persistence,1755,7060047060,0.5562673086774179,0.4676057793716548
gap7,persistence,1756,7060047060,0.41200980552483213,0.4312840744311255
gap7,persistence,1761,7060042310,0.2777875849796639,0.21351305755394226
gap7,persistence,1768,7060047060,0.01211858013282131,0.019094588581639885
gap7,persistence,1775,7060047060,0.37272526101474035,0.3509866626518313
gap7,persistence,1776,7060043090,0.0855439313352062,0.04669715183213882
gap7,persistence,1777,7060047060,0.30360310971475724,0.29997131809593375
gap7,persistence,1782,7060042740,0.3995823584385342,0.33695258404636586
gap7,persistence,1796,7060042940,0.32377205752776816,0.17746507232495834
gap7,persistence,180,7060013560,0.6211755110223941,0.4702083404789292
gap7,persistence,182,7060013550,0.18271699961023843,0.18876530730899535
gap7,persistence,1848,7060047060,0.5028227720001452,0.5055296456992726
gap7,persistence,185,7060013550,0.7667310129472162,0.5960972274615839
gap7,persistence,1851,7060043500,0.16036588256855794,0.19702407372200692
gap7,persistence,1864,7060047060,0.5453666496134132,0.5237262413583994
gap7,persistence,1869,7060047060,0.6497507178945514,0.6825118324280082
gap7,persistence,1872,7060043500,0.19756506063708856,0.2526650450758883
gap7,persistence,1879,7060043160,0.5751504137111221,0.5557630083151025
gap7,persistence,1883,7060043640,0.2596114124714888,0.23022950895963157
gap7,persistence,191,7060013550,0.24386640433051454,0.32628143167970514
gap7,persistence,193,7060013550,0.4164894693847435,0.5518058266581845
gap7,persistence,198,7060013550,0.3096217134039919,0.3694799339071249
gap7,persistence,204,7060013550,0.30643246924406614,0.37680003350630276
gap7,persistence,292,7060022240,0.4488780883870729,0.42138411212349286
gap7,persistence,300,7060047060,0.5020241463192712,0.5877970421059702
gap7,persistence,307,7060047060,0.13740524807438276,0.15470541289290046
gap7,persistence,310,7060014930,0.06269236039805173,0.06604083258205336
gap7,persistence,316,7060014930,0.2222499551419378,0.23956559273349093
gap7,persistence,319,7060047060,0.23881827227462005,0.25458913624304513
gap7,persistence,355,7060047060,0.12340187249362164,0.1511515807310599
gap7,persistence,361,7060014930,0.10418881660228682,0.11348785223031241
gap7,persistence,362,7060047060,0.3841607485850629,0.6821706073259356
gap7,persistence,364,7060047060,0.16250170400561625,0.1385491053591678
gap7,persistence,367,7060014930,0.25165876926620356,0.3354945417693937
gap7,persistence,368,7060047060,0.4103539447665343,0.3845293674011495
gap7,persistence,372,7060014930,0.30383707768912877,0.321789515217204
gap7,persistence,373,7060047060,0.37572110737773073,0.4707153146807739
gap7,persistence,384,7060014930,0.30349832263261695,0.2831345755642386
gap7,persistence,386,7060014930,0.5695583219636912,0.5279290440279005
gap7,persistence,390,7060014930,0.30845068299590495,0.3541210301971265
gap7,persistence,391,7060014930,0.11688702537736742,0.14209966752511582
gap7,persistence,393,7060047060,0.22433093687509145,0.2318804158587709
gap7,persistence,398,7060047060,0.26401545413260996,0.23068884643871296
gap7,persistence,399,7060047060,0.1369169527441804,0.1712206664180005
gap7,persistence,41,7060016090,0.3054506214634258,0.28046628020470366
gap7,persistence,413,7060014930,0.015455173536212445,0.026501662050484685
gap7,persistence,415,7060047060,0.0745806789865424,0.07569707632721556
gap7,persistence,416,7060047060,0.17890221425805486,0.14739472370243467
gap7,persistence,419,7060008710,0.4415327512893553,0.5093526950317866
gap7,persistence,42,7060016090,0.3661877568923359,0.33841626142315506
gap7,persistence,421,7060047060,0.25493325998242067,0.4036575656808902
gap7,persistence,423,7060008710,0.2612522674047988,0.3286078843081458
gap7,persistence,431,7060073620,0.14373403002234617,0.17531074948150577
gap7,persistence,438,7060073620,0.3098148979596307,0.2743745590757215
gap7,persistence,442,7060073620,0.27736381135740373,0.2864275447995147
gap7,persistence,445,7060008710,0.22417176296553276,0.2574234059221701
gap7,persistence,448,7060008710,0.2242199562797339,0.23387367999688877
gap7,persistence,449,7060073620,0.4238280178254042,0.50332272036719
gap7,persistence,450,7060073620,0.34812813667119014,0.33247036606499497
gap7,persistence,451,7060008710,0.22090927233216076,0.13887653599825775
gap7,persistence,456,7060073620,0.2594138858675854,0.22276373704175934
gap7,persistence,467,7060073620,0.5073133718431583,0.44820375994804273
gap7,persistence,469,7060008710,0.4566108459677779,0.44465034734151054
gap7,persistence,470,7060008710,0.3107401164597128,0.292344339912088
gap7,persistence,471,7060008710,0.48322354086628805,0.5457255654133364
gap7,persistence,473,7060008710,0.6130819254608131,0.6445810362534842
gap7,persistence,477,7060073620,0.2528298707120241,0.3057929953627724
gap7,persistence,488,7060008710,0.2822310682626748,0.386207758834355
gap7,persistence,492,7060008710,0.42943308801051155,0.4404840918805768
gap7,persistence,493,7060008710,0.39299324203324393,0.5168593384465748
gap7,persistence,497,7060008710,0.2480763062136852,0.3404241592828343
gap7,persistence,500,7060047060,0.3564031200238438,0.38630047334848966
gap7,persistence,502,7060008710,0.30211006397508533,0.22595826657260681
gap7,persistence,505,7060047060,0.2402148885659517,0.21416520673928122
gap7,persistence,506,7060008710,0.4768051394385185,0.43136544147906764
gap7,persistence,509,7060008710,0.09916879377383866,0.2282747504052163
gap7,persistence,511,7060047060,0.08440368437655454,0.11561435636273784
gap7,persistence,517,7060008710,0.348045848016736,0.3773647118633924
gap7,persistence,518,7060008710,0.5050317725328377,0.4915565911036478
gap7,persistence,522,7060047060,0.07026054013384717,0.11733872343174437
gap7,persistence,524,7060073920,0.28031245311339764,0.6056334554122743
gap7,persistence,529,7060047060,0.21028963898137815,0.20751599609390597
gap7,persistence,530,7060047060,0.24882327314142194,0.22146285246209962
gap7,persistence,531,7060008710,0.19465966337710933,0.2472697248878713
gap7,persistence,533,7060047060,0.06238976289138662,0.07110730695520295
gap7,persistence,536,7060008710,0.25549517063393434,0.24693341308304378
gap7,persistence,541,7060008710,0.33512067960589664,0.3855330714681625
gap7,persistence,542,7060008710,0.021829390999163038,0.062185232801962954
gap7,persistence,549,7060008710,0.17413413849696685,0.1290533293719554
gap7,persistence,55,7060014930,0.28550609958557943,0.29859361974404636
gap7,persistence,567,7060008710,0.6596129539991097,0.5680005603780957
gap7,persistence,57,7060014930,0.33597580296968027,0.39010191957263496
gap7,persistence,572,7060008710,0.2554810833405542,0.3213406042981628
gap7,persistence,574,7060008710,0.4024696804341001,0.4539797516477301
gap7,persistence,575,7060008710,0.3423102148988813,0.45085252489575905
gap7,persistence,592,7060013550,0.30865839739034506,0.4983547811572774
gap7,persistence,595,7060013550,0.10813385174100312,0.19201996238898328
gap7,persistence,597,7060008710,0.504672677607412,0.481298882047343
gap7,persistence,60,7060014930,0.2041065565749272,0.2663200574555232
gap7,persistence,600,7060013550,0.29742355965391953,0.29221420947470805
gap7,persistence,601,7060008710,0.3982437519679096,0.34798504740262953
gap7,persistence,612,7060013550,0.11001578163833917,0.15102517553182981
gap7,persistence,63,7060014930,0.2688342824391425,0.3629869753237469
gap7,persistence,7308,7060043500,0.17780351775247702,0.14460051379162792
gap7,persistence,7313,7060047060,0.18782556894938995,0.20539925152870275
gap7,persistence,7318,7060047060,0.014004335310672859,0.011668990812269998
gap7,persistence,753,7060047060,0.15216346333752714,0.2442817547925933
gap7,persistence,777,7060047060,0.2739861993018594,0.25598424970307543
gap7,persistence,780,7060047060,0.44852695341037696,0.43597456900973475
gap7,persistence,798,7060047060,0.23327215772160986,0.40562190591880987
gap7,persistence,868,7060047060,0.645851813865504,0.849925092920211
gap7,persistence,870,7060047060,0.05984246578898476,0.1978266320944444
gap7,persistence,882,7060047060,0.07472428851333776,0.12451445634677971
gap7,persistence,884,7060047060,0.07621634147289033,0.08302616680673872
gap7,persistence,885,7060047060,0.06624913146272371,0.18219446829248112
gap7,persistence,893,7060047060,0.28962489647621925,0.6422750496156242
gap7,persistence,895,7060047060,0.014271387481084304,0.020511690869501536
gap7,persistence,898,7060047060,0.4804827463621658,0.7780275244548219
gap7,persistence,920,7060047060,0.010603340710536624,0.04751129309744815
gap7,persistence,931,7060047060,1.2259182244099538,0.9539932496405352
gap7,persistence,938,7060047060,0.3808118758664072,0.8624369878013642
gap7,persistence,952,7060047060,0.6163242666547544,0.8363916707600465
gap7,ridge,1017,7060047060,0.39350694741793457,0.33596384534509316
gap7,ridge,1026,7060047060,0.27047730320991026,0.30509473510847995
gap7,ridge,1033,7060047060,0.3492122023815647,0.3487991352806688
gap7,ridge,1036,7060047060,0.20717264498721943,0.2618947579358639
gap7,ridge,1042,7060047060,0.3236531161741061,0.36096327401280326
gap7,ridge,1067,7060047060,0.6168662889042192,0.46880807653808987
gap7,ridge,1086,7060049270,1.1066013206807137,0.6812301267020635
gap7,ridge,1092,7060047060,0.6010100039936108,0.45027004175233143
gap7,ridge,1101,7060047060,0.5969935721312235,0.4119393097059343
gap7,ridge,1112,7060047060,0.499364886640837,0.36120237444721937
gap7,ridge,1121,7060047060,0.32837844858050913,0.28606851361387475
gap7,ridge,1122,7060047060,0.5217491049159911,0.4104069268475882
gap7,ridge,1125,7060047060,0.32837844858050913,0.28606851361387475
gap7,ridge,1127,7060047060,0.5663464704659067,0.42788101828238845
gap7,ridge,114,7060014340,0.28175492182371464,0.39894359718934747
gap7,ridge,1151,7060047970,0.5843168922743912,0.49684351091442797
gap7,ridge,1192,7060047060,0.16432875978734707,0.20767582946881763
gap7,ridge,1237,7060047970,0.6706848696134027,0.4847319853757737
gap7,ridge,1249,7060048410,1.1752645856080293,0.9043742614052782
gap7,ridge,131,7060014200,0.3073568919274698,0.27729724953091145
gap7,ridge,132,7060013550,0.22073262558094145,0.16295899949044007
gap7,ridge,133,7060013550,0.08624717187748211,0.0789394596759253
gap7,ridge,144,7060013550,0.263587705732529,0.2823488135693634
gap7,ridge,148,7060013550,0.2190614565427998,0.19046911572969807
gap7,ridge,1586,7060047060,0.10904752528982808,0.22610807320906187
gap7,ridge,1587,7060047060,0.2799957740271275,0.30081947091320155
gap7,ridge,1592,7060047060,0.34382574108077185,0.2710962132831078
gap7,ridge,1595,7060047060,0.10879939687452436,0.1675112763496048
gap7,ridge,1600,7060047060,0.16380715964146636,0.22747108768304874
gap7,ridge,1617,7060047060,0.2658576019204949,0.31903509883387815
gap7,ridge,1619,7060047060,0.14994540981136933,0.2753458602586917
gap7,ridge,1620,7060047060,0.27244922316425124,0.29505496168947126
gap7,ridge,1631,7060047060,0.13586625120138024,0.2657869912896606
gap7,ridge,1634,7060047060,0.1758207414989661,0.22450179538851972
gap7,ridge,1636,7060047060,0.3769837443754729,0.41639999731754457
gap7,ridge,1645,7060047060,0.46880108927990805,0.3948892218270891
gap7,ridge,1650,7060047060,0.1902835665834986,0.31538888067545295
gap7,ridge,1654,7060047060,0.4581723993322289,0.3975567258325675
gap7,ridge,1655,7060047060,0.27903405496887934,0.3067187862223329
gap7,ridge,1656,7060047060,0.2013737127912082,0.23497466225974803
gap7,ridge,168,7060013550,0.45927630526116914,0.09747498249380437
gap7,ridge,1683,7060047060,0.44087707368667267,0.3630922091411963
gap7,ridge,169,7060013560,0.5364496453098534,0.5736109310835549
gap7,ridge,1691,7060047060,0.11616721478804654,0.24050276970035714
gap7,ridge,1699,7060047060,0.10173478820258915,0.19554047711744948
gap7,ridge,1703,7060047060,0.716660099941124,0.484413476787582
gap7,ridge,1706,7060047060,0.14394821276290282,0.221377214610518
gap7,ridge,1707,7060047060,0.2516954924878223,0.316977066046368
gap7,ridge,1709,7060047060,0.09069195877190259,0.1805600632373124
gap7,ridge,1712,7060047060,0.11904257815575439,0.22931234178046522
gap7,ridge,1713,7060047060,0.20966152043998507,0.3100540121644449
gap7,ridge,1714,7060047060,0.3091300571912571,0.35215071207982573
gap7,ridge,1718,7060047060,0.44885605648942306,0.42351766919315803
gap7,ridge,1723,7060047060,0.19541101588863802,0.26302277292042336
gap7,ridge,1726,7060047060,0.10887882617778469,0.21972895859534952
gap7,ridge,1735,7060047060,0.06989193072029252,0.19424428294648413
gap7,ridge,1739,7060047060,0.29666539359342553,0.3234779696776857
gap7,ridge,1740,7060047060,0.1758207414989661,0.22450179538851972
gap7,ridge,1741,7060047060,0.3534252217323681,0.3185689917320477
gap7,ridge,1742,7060047060,0.08593152552715454,0.19519705957209488
gap7,ridge,1744,7060047060,0.2387276522901479,0.26865163195081654
gap7,ridge,1752,7060047060,0.03017830633154979,0.15877737044593385
gap7,ridge,1753,7060047060,0.034264448408433124,0.21269529391316933
gap7,ridge,1754,7060047060,0.1677005961034626,0.2549438756782971
gap7,ridge,1755,7060047060,0.5562673086774179,0.40680883698734205
gap7,ridge,1756,7060047060,0.41200980552483213,0.3903699733311022
gap7,ridge,1761,7060042310,0.2777875849796639,0.21092314210960061
gap7,ridge,1768,7060047060,0.01211858013282131,0.14935242240495308
gap7,ridge,1775,7060047060,0.37272526101474035,0.35307902289930043
gap7,ridge,1776,7060043090,0.0855439313352062,0.08377453634319199
gap7,ridge,1777,7060047060,0.30360310971475724,0.32253729020067234
gap7,ridge,1782,7060042740,0.3995823584385342,0.3477177357077261
gap7,ridge,1796,7060042940,0.32377205752776816,0.2102588364203265
gap7,ridge,180,7060013560,0.6211755110223941,0.4786933279524298
gap7,ridge,182,7060013550,0.18271699961023843,0.19854165249475303
gap7,ridge,1848,7060047060,0.5028227720001452,0.42115365186435766
gap7,ridge,185,7060013550,0.7667310129472162,0.5808623636128436
gap7,ridge,1851,7060043500,0.16036588256855794,0.16761651539208539
gap7,ridge,1864,7060047060,0.5453666496134132,0.42894019483155865
gap7,ridge,1869,7060047060,0.6497507178945514,0.5238051352849216
gap7,ridge,1872,7060043500,0.19756506063708856,0.24140817631065775
gap7,ridge,1879,7060043160,0.5751504137111221,0.4482496240170146
gap7,ridge,1883,7060043640,0.2596114124714888,0.23623482930233183
gap7,ridge,191,7060013550,0.24386640433051454,0.30016517623797045
gap7,ridge,193,7060013550,0.4164894693847435,0.5513280211311888
gap7,ridge,198,7060013550,0.3096217134039919,0.32245257615817985
gap7,ridge,204,7060013550,0.30643246924406614,0.35533394752636144
gap7,ridge,292,7060022240,0.4488780883870729,0.33339858916988113
gap7,ridge,300,7060047060,0.5020241463192712,0.5023239917234319
gap7,ridge,307,7060047060,0.13740524807438276,0.22346482045727603
gap7,ridge,310,7060014930,0.06269236039805173,0.07989038955635658
gap7,ridge,316,7060014930,0.2222499551419378,0.23363067932462978
gap7,ridge,319,7060047060,0.23881827227462005,0.30692634642471367
gap7,ridge,355,7060047060,0.12340187249362164,0.23175742545401634
gap7,ridge,361,7060014930,0.10418881660228682,0.15117565670257285
gap7,ridge,362,7060047060,0.3841607485850629,0.5003728782666419
gap7,ridge,364,7060047060,0.16250170400561625,0.2146273706887636
gap7,ridge,367,7060014930,0.25165876926620356,0.3485820908382467
gap7,ridge,368,7060047060,0.4103539447665343,0.37755805848162244
gap7,ridge,372,7060014930,0.30383707768912877,0.33938154063869586
gap7,ridge,373,7060047060,0.37572110737773073,0.4317742131168105
gap7,ridge,384,7060014930,0.30349832263261695,0.2974946096558879
gap7,ridge,386,7060014930,0.5695583219636912,0.5184636434453563
gap7,ridge,390,7060014930,0.30845068299590495,0.3271658594319109
gap7,ridge,391,7060014930,0.11688702537736742,0.16564607375930263
gap7,ridge,393,7060047060,0.22433093687509145,0.279529429086211
gap7,ridge,398,7060047060,0.26401545413260996,0.2978629046655088
gap7,ridge,399,7060047060,0.1369169527441804,0.2586650956809615
gap7,ridge,41,7060016090,0.3054506214634258,0.26485517467083336
gap7,ridge,413,7060014930,0.015455173536212445,0.07503338267666723
gap7,ridge,415,7060047060,0.0745806789865424,0.18542207768187127
gap7,ridge,416,7060047060,0.17890221425805486,0.2176404148183174
gap7,ridge,419,7060008710,0.4415327512893553,0.4231430238845558
gap7,ridge,42,7060016090,0.3661877568923359,0.30314406169983954
gap7,ridge,421,7060047060,0.25493325998242067,0.4001480055747322
gap7,ridge,423,7060008710,0.2612522674047988,0.30087376563104185
gap7,ridge,431,7060073620,0.14373403002234617,0.17495220486882324
gap7,ridge,438,7060073620,0.3098148979596307,0.2719954317612522
gap7,ridge,442,7060073620,0.27736381135740373,0.2880873763954102
gap7,ridge,445,7060008710,0.22417176296553276,0.3023512905467362
gap7,ridge,448,7060008710,0.2242199562797339,0.28327391199684643
gap7,ridge,449,7060073620,0.4238280178254042,0.3763447657859057
gap7,ridge,450,7060073620,0.34812813667119014,0.3131127308358215
gap7,ridge,451,7060008710,0.22090927233216076,0.13869767705782288
gap7,ridge,456,7060073620,0.2594138858675854,0.22441704495807474
gap7,ridge,467,7060073620,0.5073133718431583,0.4360490604215104
gap7,ridge,469,7060008710,0.4566108459677779,0.4312077510130635
gap7,ridge,470,7060008710,0.3107401164597128,0.3616527265225466
gap7,ridge,471,7060008710,0.48322354086628805,0.45890650504715524
gap7,ridge,473,7060008710,0.6130819254608131,0.5072616854985221
gap7,ridge,477,7060073620,0.2528298707120241,0.2714408187395851
gap7,ridge,488,7060008710,0.2822310682626748,0.3302876697202729
gap7,ridge,492,7060008710,0.42943308801051155,0.31510977134975166
gap7,ridge,493,7060008710,0.39299324203324393,0.4948806068009151
gap7,ridge,497,7060008710,0.2480763062136852,0.3386403126547288
gap7,ridge,500,7060047060,0.3564031200238438,0.37927355018128056
gap7,ridge,502,7060008710,0.30211006397508533,0.23563078802114115
gap7,ridge,505,7060047060,0.2402148885659517,0.2629845906196985
gap7,ridge,506,7060008710,0.4768051394385185,0.4049652928654294
gap7,ridge,509,7060008710,0.09916879377383866,0.2731921221770754
gap7,ridge,511,7060047060,0.08440368437655454,0.21753579356208624
gap7,ridge,517,7060008710,0.348045848016736,0.3492082223060804
gap7,ridge,518,7060008710,0.5050317725328377,0.4660266641984264
gap7,ridge,522,7060047060,0.07026054013384717,0.20143941395062753
gap7,ridge,524,7060073920,0.28031245311339764,0.5835958384405142
gap7,ridge,529,7060047060,0.21028963898137815,0.26832382614257455
gap7,ridge,530,7060047060,0.24882327314142194,0.27334524506025226
gap7,ridge,531,7060008710,0.19465966337710933,0.29758125256518375
gap7,ridge,533,7060047060,0.06238976289138662,0.17840648670696474
gap7,ridge,536,7060008710,0.25549517063393434,0.24864202590194207
gap7,ridge,541,7060008710,0.33512067960589664,0.3476400051723677
gap7,ridge,542,7060008710,0.021829390999163038,0.07630396478626128
gap7,ridge,549,7060008710,0.17413413849696685,0.13584418981102375
gap7,ridge,55,7060014930,0.28550609958557943,0.28032799487464266
gap7,ridge,567,7060008710,0.6596129539991097,0.5592050045204399
gap7,ridge,57,7060014930,0.33597580296968027,0.3523830335763818
gap7,ridge,572,7060008710,0.2554810833405542,0.26321346504657045
gap7,ridge,574,7060008710,0.4024696804341001,0.43949619731459644
gap7,ridge,575,7060008710,0.3423102148988813,0.41592118696396957
gap7,ridge,592,7060013550,0.30865839739034506,0.4448753502386267
gap7,ridge,595,7060013550,0.10813385174100312,0.2003036656149704
gap7,ridge,597,7060008710,0.504672677607412,0.3917946376090637
gap7,ridge,60,7060014930,0.2041065565749272,0.2575357383328157
gap7,ridge,600,7060013550,0.29742355965391953,0.2995986958801778
gap7,ridge,601,7060008710,0.3982437519679096,0.32671062561692105
gap7,ridge,612,7060013550,0.11001578163833917,0.19930622034783813
gap7,ridge,63,7060014930,0.2688342824391425,0.32533936715514317
gap7,ridge,7308,7060043500,0.17780351775247702,0.12086005880920009
gap7,ridge,7313,7060047060,0.18782556894938995,0.2657533090635479
gap7,ridge,7318,7060047060,0.014004335310672859,0.14329632651946153
gap7,ridge,753,7060047060,0.15216346333752714,0.2773271040685859
gap7,ridge,777,7060047060,0.2739861993018594,0.3080775026861319
gap7,ridge,780,7060047060,0.44852695341037696,0.4362608541028904
gap7,ridge,798,7060047060,0.23327215772160986,0.42472177935635513
gap7,ridge,868,7060047060,0.645851813865504,0.6186075658205876
gap7,ridge,870,7060047060,0.05984246578898476,0.23378338281480826
gap7,ridge,882,7060047060,0.07472428851333776,0.2113718363063377
gap7,ridge,884,7060047060,0.07621634147289033,0.17171096549958517
gap7,ridge,885,7060047060,0.06624913146272371,0.24187190962742777
gap7,ridge,893,7060047060,0.28962489647621925,0.5198287660129248
gap7,ridge,895,7060047060,0.014271387481084304,0.1433011804362615
gap7,ridge,898,7060047060,0.4804827463621658,0.5568094764915003
gap7,ridge,920,7060047060,0.010603340710536624,0.16393164864141932
gap7,ridge,931,7060047060,1.2259182244099538,0.688276733638916
gap7,ridge,938,7060047060,0.3808118758664072,0.6367293547165287
gap7,ridge,952,7060047060,0.6163242666547544,0.6177669701529367
gap7,rf,1017,7060047060,0.39350694741793457,0.3487188220237077
gap7,rf,1026,7060047060,0.27047730320991026,0.34516323116271225
gap7,rf,1033,7060047060,0.3492122023815647,0.39602030191184634
gap7,rf,1036,7060047060,0.20717264498721943,0.2854579318743148
gap7,rf,1042,7060047060,0.3236531161741061,0.3878058975613999
gap7,rf,1067,7060047060,0.6168662889042192,0.4267430548757521
gap7,rf,1086,7060049270,1.1066013206807137,0.4627834088158603
gap7,rf,1092,7060047060,0.6010100039936108,0.42212191902887874
gap7,rf,1101,7060047060,0.5969935721312235,0.4077055480409162
gap7,rf,1112,7060047060,0.499364886640837,0.38701973217001984
gap7,rf,1121,7060047060,0.32837844858050913,0.33466477337763206
gap7,rf,1122,7060047060,0.5217491049159911,0.3995984135966147
gap7,rf,1125,7060047060,0.32837844858050913,0.33466477337763206
gap7,rf,1127,7060047060,0.5663464704659067,0.4208137277205117
gap7,rf,114,7060014340,0.28175492182371464,0.37931991279011434
gap7,rf,1151,7060047970,0.5843168922743912,0.43228953615788496
gap7,rf,1192,7060047060,0.16432875978734707,0.22001880624831927
gap7,rf,1237,7060047970,0.6706848696134027,0.5390527773788751
gap7,rf,1249,7060048410,1.1752645856080293,0.559587607302791
gap7,rf,131,7060014200,0.3073568919274698,0.30768442132077967
gap7,rf,132,7060013550,0.22073262558094145,0.15260094562367438
gap7,rf,133,7060013550,0.08624717187748211,0.07994795820879955
gap7,rf,144,7060013550,0.263587705732529,0.28236251298077186
gap7,rf,148,7060013550,0.2190614565427998,0.2061831467934585
gap7,rf,1586,7060047060,0.10904752528982808,0.2357371858843159
gap7,rf,1587,7060047060,0.2799957740271275,0.33661460126657766
gap7,rf,1592,7060047060,0.34382574108077185,0.2878685337180563
gap7,rf,1595,7060047060,0.10879939687452436,0.21855703607294738
gap7,rf,1600,7060047060,0.16380715964146636,0.2408245013549926
gap7,rf,1617,7060047060,0.2658576019204949,0.3502128673421392
gap7,rf,1619,7060047060,0.14994540981136933,0.3223175738787453
gap7,rf,1620,7060047060,0.27244922316425124,0.33998070653636037
gap7,rf,1631,7060047060,0.13586625120138024,0.27402342961969167
gap7,rf,1634,7060047060,0.1758207414989661,0.23348410251806964
gap7,rf,1636,7060047060,0.3769837443754729,0.40399452301730787
gap7,rf,1645,7060047060,0.46880108927990805,0.3981644280198082
gap7,rf,1650,7060047060,0.1902835665834986,0.3461012739202747
gap7,rf,1654,7060047060,0.4581723993322289,0.3978372013861014
gap7,rf,1655,7060047060,0.27903405496887934,0.349367634807475
gap7,rf,1656,7060047060,0.2013737127912082,0.23606441251802265
gap7,rf,168,7060013550,0.45927630526116914,0.10203513643407623
gap7,rf,1683,7060047060,0.44087707368667267,0.3765231288991655
gap7,rf,169,7060013560,0.5364496453098534,0.501380020716597
gap7,rf,1691,7060047060,0.11616721478804654,0.2316896728070332
gap7,rf,1699,7060047060,0.10173478820258915,0.21598798844901096
gap7,rf,1703,7060047060,0.716660099941124,0.4251568324552853
gap7,rf,1706,7060047060,0.14394821276290282,0.23100206999031692
gap7,rf,1707,7060047060,0.2516954924878223,0.3461556231049754
gap7,rf,1709,7060047060,0.09069195877190259,0.21598798844901096
gap7,rf,1712,7060047060,0.11904257815575439,0.23572119198971414
gap7,rf,1713,7060047060,0.20966152043998507,0.34244119877542273
gap7,rf,1714,7060047060,0.3091300571912571,0.3659965776072548
gap7,rf,1718,7060047060,0.44885605648942306,0.4033941410620879
gap7,rf,1723,7060047060,0.19541101588863802,0.2766826984277008
gap7,rf,1726,7060047060,0.10887882617778469,0.23047694866689084
gap7,rf,1735,7060047060,0.06989193072029252,0.24278455991463466
gap7,rf,1739,7060047060,0.29666539359342553,0.34980978500985443
gap7,rf,1740,7060047060,0.1758207414989661,0.23348410251806964
gap7,rf,1741,7060047060,0.3534252217323681,0.352281745821151
gap7,rf,1742,7060047060,0.08593152552715454,0.23074136598991765
gap7,rf,1744,7060047060,0.2387276522901479,0.27920689500054274
gap7,rf,1752,7060047060,0.03017830633154979,0.20640310572993362
gap7,rf,1753,7060047060,0.034264448408433124,0.20794305650378278
gap7,rf,1754,7060047060,0.1677005961034626,0.2507934178306037
gap7,rf,1755,7060047060,0.5562673086774179,0.4029323675423094
gap7,rf,1756,7060047060,0.41200980552483213,0.4113685140428807
gap7,rf,1761,7060042310,0.2777875849796639,0.18369069138822847
gap7,rf,1768,7060047060,0.01211858013282131,0.20813677742961706
gap7,rf,1775,7060047060,0.37272526101474035,0.397541293448991
gap7,rf,1776,7060043090,0.0855439313352062,0.09090108504176758
gap7,rf,1777,7060047060,0.30360310971475724,0.34581731769851987
gap7,rf,1782,7060042740,0.3995823584385342,0.3693490752326087
gap7,rf,1796,7060042940,0.32377205752776816,0.18085213091775143
gap7,rf,180,7060013560,0.6211755110223941,0.46355512810123495
gap7,rf,182,7060013550,0.18271699961023843,0.21104620813649014
gap7,rf,1848,7060047060,0.5028227720001452,0.40835691934396195
gap7,rf,185,7060013550,0.7667310129472162,0.5525484555865391
gap7,rf,1851,7060043500,0.16036588256855794,0.17547264003737365
gap7,rf,1864,7060047060,0.5453666496134132,0.4075427376545246
gap7,rf,1869,7060047060,0.6497507178945514,0.40724577982040294
gap7,rf,1872,7060043500,0.19756506063708856,0.250016817025682
gap7,rf,1879,7060043160,0.5751504137111221,0.40910888580651195
gap7,rf,1883,7060043640,0.2596114124714888,0.23203215785808365
gap7,rf,191,7060013550,0.24386640433051454,0.3401454898742135
gap7,rf,193,7060013550,0.4164894693847435,0.5116257469223471
gap7,rf,198,7060013550,0.3096217134039919,0.3180553965142609
gap7,rf,204,7060013550,0.30643246924406614,0.3546386233723964
gap7,rf,292,7060022240,0.4488780883870729,0.3485527915663603
gap7,rf,300,7060047060,0.5020241463192712,0.41969684035993526
gap7,rf,307,7060047060,0.13740524807438276,0.21923556691616963
gap7,rf,310,7060014930,0.06269236039805173,0.08721522750310934
gap7,rf,316,7060014930,0.2222499551419378,0.2521842576267619
gap7,rf,319,7060047060,0.23881827227462005,0.3222761997367979
gap7,rf,355,7060047060,0.12340187249362164,0.21471307518668312
gap7,rf,361,7060014930,0.10418881660228682,0.15859664038157473
gap7,rf,362,7060047060,0.3841607485850629,0.37163445292391745
gap7,rf,364,7060047060,0.16250170400561625,0.21438584855297635
gap7,rf,367,7060014930,0.25165876926620356,0.3443799168715776
gap7,rf,368,7060047060,0.4103539447665343,0.39636076677335663
gap7,rf,372,7060014930,0.30383707768912877,0.32167101448493823
gap7,rf,373,7060047060,0.37572110737773073,0.4097149714285965
gap7,rf,384,7060014930,0.30349832263261695,0.28325512179874307
gap7,rf,386,7060014930,0.5695583219636912,0.4880850426996491
gap7,rf,390,7060014930,0.30845068299590495,0.3490137688165415
gap7,rf,391,7060014930,0.11688702537736742,0.1408849528391262
gap7,rf,393,7060047060,0.22433093687509145,0.29836168059420715
gap7,rf,398,7060047060,0.26401545413260996,0.31246593341523954
gap7,rf,399,7060047060,0.1369169527441804,0.24377819166056136
gap7,rf,41,7060016090,0.3054506214634258,0.2781739609231279
gap7,rf,413,7060014930,0.015455173536212445,0.1049935718299792
gap7,rf,415,7060047060,0.0745806789865424,0.23455365371291365
gap7,rf,416,7060047060,0.17890221425805486,0.2140991490080882
gap7,rf,419,7060008710,0.4415327512893553,0.43306753206009374
gap7,rf,42,7060016090,0.3661877568923359,0.3355460971445066
gap7,rf,421,7060047060,0.25493325998242067,0.3958682951924951
gap7,rf,423,7060008710,0.2612522674047988,0.3302067387631032
gap7,rf,431,7060073620,0.14373403002234617,0.1923577424970743
gap7,rf,438,7060073620,0.3098148979596307,0.2947015541623266
gap7,rf,442,7060073620,0.27736381135740373,0.32382412987449016
gap7,rf,445,7060008710,0.22417176296553276,0.2814567565670614
gap7,rf,448,7060008710,0.2242199562797339,0.2718375014595126
gap7,rf,449,7060073620,0.4238280178254042,0.4317279444977162
gap7,rf,450,7060073620,0.34812813667119014,0.3545046452272613
gap7,rf,451,7060008710,0.22090927233216076,0.13298957619595114
gap7,rf,456,7060073620,0.2594138858675854,0.23191791243108223
gap7,rf,467,7060073620,0.5073133718431583,0.4348153805830108
gap7,rf,469,7060008710,0.4566108459677779,0.4267538441947071
gap7,rf,470,7060008710,0.3107401164597128,0.3393058040086529
gap7,rf,471,7060008710,0.48322354086628805,0.44012464906836013
gap7,rf,473,7060008710,0.6130819254608131,0.4792404516132818
gap7,rf,477,7060073620,0.2528298707120241,0.276123908847394
gap7,rf,488,7060008710,0.2822310682626748,0.29730587193413643
gap7,rf,492,7060008710,0.42943308801051155,0.4174650613785083
gap7,rf,493,7060008710,0.39299324203324393,0.47647172610832667
gap7,rf,497,7060008710,0.2480763062136852,0.33560100455308883
gap7,rf,500,7060047060,0.3564031200238438,0.3929501026417124
gap7,rf,502,7060008710,0.30211006397508533,0.24860615987521917
gap7,rf,505,7060047060,0.2402148885659517,0.2618934149656616
gap7,rf,506,7060008710,0.4768051394385185,0.4713892398784689
gap7,rf,509,7060008710,0.09916879377383866,0.2631348337013879
gap7,rf,511,7060047060,0.08440368437655454,0.2522499825090155
gap7,rf,517,7060008710,0.348045848016736,0.3323448791764173
gap7,rf,518,7060008710,0.5050317725328377,0.43247030555997973
gap7,rf,522,7060047060,0.07026054013384717,0.21317312441283393
gap7,rf,524,7060073920,0.28031245311339764,0.5190161554559889
gap7,rf,529,7060047060,0.21028963898137815,0.28289266920613576
gap7,rf,530,7060047060,0.24882327314142194,0.2950731002772833
gap7,rf,531,7060008710,0.19465966337710933,0.28006189513095486
gap7,rf,533,7060047060,0.06238976289138662,0.21438584855297635
gap7,rf,536,7060008710,0.25549517063393434,0.27593047270345883
gap7,rf,541,7060008710,0.33512067960589664,0.3288889389847518
gap7,rf,542,7060008710,0.021829390999163038,0.09179259419904832
gap7,rf,549,7060008710,0.17413413849696685,0.1587403270904632
gap7,rf,55,7060014930,0.28550609958557943,0.3203862676926854
gap7,rf,567,7060008710,0.6596129539991097,0.5020175655474006
gap7,rf,57,7060014930,0.33597580296968027,0.332376259408105
gap7,rf,572,7060008710,0.2554810833405542,0.32940499459047645
gap7,rf,574,7060008710,0.4024696804341001,0.42508721531717947
gap7,rf,575,7060008710,0.3423102148988813,0.4154218462079238
gap7,rf,592,7060013550,0.30865839739034506,0.5269082015880027
gap7,rf,595,7060013550,0.10813385174100312,0.21435152641435992
gap7,rf,597,7060008710,0.504672677607412,0.4188499862407059
gap7,rf,60,7060014930,0.2041065565749272,0.2752815879220766
gap7,rf,600,7060013550,0.29742355965391953,0.3165163187620287
gap7,rf,601,7060008710,0.3982437519679096,0.35667432065666477
gap7,rf,612,7060013550,0.11001578163833917,0.17451281199477317
gap7,rf,63,7060014930,0.2688342824391425,0.32351296959867987
gap7,rf,7308,7060043500,0.17780351775247702,0.11953226364927812
gap7,rf,7313,7060047060,0.18782556894938995,0.2533889064419348
gap7,rf,7318,7060047060,0.014004335310672859,0.2103383354756937
gap7,rf,753,7060047060,0.15216346333752714,0.29834666076195004
gap7,rf,777,7060047060,0.2739861993018594,0.35319883903692384
gap7,rf,780,7060047060,0.44852695341037696,0.4350423098298593
gap7,rf,798,7060047060,0.23327215772160986,0.4217316957838153
gap7,rf,868,7060047060,0.645851813865504,0.39179992931316177
gap7,rf,870,7060047060,0.05984246578898476,0.22166551563987927
gap7,rf,882,7060047060,0.07472428851333776,0.20846400406332385
gap7,rf,884,7060047060,0.07621634147289033,0.20357957711129326
gap7,rf,885,7060047060,0.06624913146272371,0.20878418031141113
gap7,rf,893,7060047060,0.28962489647621925,0.4295820525880606
gap7,rf,895,7060047060,0.014271387481084304,0.20520658442527573
gap7,rf,898,7060047060,0.4804827463621658,0.37965323514290317
gap7,rf,920,7060047060,0.010603340710536624,0.20583936262380767
gap7,rf,931,7060047060,1.2259182244099538,0.42850642727465205
gap7,rf,938,7060047060,0.3808118758664072,0.4077752792141622
gap7,rf,952,7060047060,0.6163242666547544,0.4161595889352984
cars_common_dates,mean,1017,7060047060,0.3767102226800422,0.29732000434184325
cars_common_dates,mean,1026,7060047060,0.25625519090176824,0.29732000434184325
cars_common_dates,mean,1033,7060047060,0.3419889818378985,0.29732000434184325
cars_common_dates,mean,1036,7060047060,0.19946345325612022,0.29732000434184325
cars_common_dates,mean,1042,7060047060,0.3086252424534333,0.29732000434184325
cars_common_dates,mean,1067,7060047060,0.5997219898221158,0.29732000434184325
cars_common_dates,mean,1086,7060049270,1.0688678998294057,0.2605295211898577
cars_common_dates,mean,1092,7060047060,0.5538951309363404,0.29732000434184325
cars_common_dates,mean,1101,7060047060,0.5738270609277156,0.29732000434184325
cars_common_dates,mean,1112,7060047060,0.45310297910342207,0.29732000434184325
cars_common_dates,mean,1121,7060047060,0.29573686102470564,0.29732000434184325
cars_common_dates,mean,1122,7060047060,0.4731408184743925,0.29732000434184325
cars_common_dates,mean,1125,7060047060,0.29573686102470564,0.29732000434184325
cars_common_dates,mean,1127,7060047060,0.5284249950190778,0.29732000434184325
cars_common_dates,mean,114,7060014340,0.28862184849678424,0.26215772530095005
cars_common_dates,mean,1151,7060047970,0.537804254533716,0.26215772530095005
cars_common_dates,mean,1192,7060047060,0.15618192471142422,0.29732000434184325
cars_common_dates,mean,1237,7060047970,0.6223175503941138,0.26215772530095005
cars_common_dates,mean,1249,7060048410,1.146030395254913,0.2675215047664715
cars_common_dates,mean,131,7060014200,0.26990540349536646,0.2605295211898577
cars_common_dates,mean,132,7060013550,0.21952366134744375,0.2675215047664715
cars_common_dates,mean,133,7060013550,0.07508525614888842,0.2675215047664715
cars_common_dates,mean,148,7060013550,0.21914332427677308,0.2675215047664715
cars_common_dates,mean,1586,7060047060,0.10090961354906708,0.29732000434184325
cars_common_dates,mean,1587,7060047060,0.2531868046723131,0.29732000434184325
cars_common_dates,mean,1592,7060047060,0.3257712611764545,0.29732000434184325
cars_common_dates,mean,1595,7060047060,0.0975405734842903,0.29732000434184325
cars_common_dates,mean,1600,7060047060,0.14883822083471565,0.29732000434184325
cars_common_dates,mean,1617,7060047060,0.24655818555606046,0.29732000434184325
cars_common_dates,mean,1619,7060047060,0.13258570862928937,0.29732000434184325
cars_common_dates,mean,1620,7060047060,0.26035611659680125,0.29732000434184325
cars_common_dates,mean,1631,7060047060,0.11534823422923579,0.29732000434184325
cars_common_dates,mean,1634,7060047060,0.16133901010123658,0.29732000434184325
cars_common_dates,mean,1636,7060047060,0.34287818919919366,0.29732000434184325
cars_common_dates,mean,1645,7060047060,0.43703759577674123,0.29732000434184325
cars_common_dates,mean,1650,7060047060,0.15965303147579651,0.29732000434184325
cars_common_dates,mean,1654,7060047060,0.4218435553220695,0.29732000434184325
cars_common_dates,mean,1655,7060047060,0.2436515966980656,0.29732000434184325
cars_common_dates,mean,1656,7060047060,0.16921263797743122,0.29732000434184325
cars_common_dates,mean,1683,7060047060,0.3901169448841023,0.29732000434184325
cars_common_dates,mean,169,7060013560,0.5336342757834684,0.26215772530095005
cars_common_dates,mean,1691,7060047060,0.09177046402249689,0.29732000434184325
cars_common_dates,mean,1699,7060047060,0.08732681683988028,0.29732000434184325
cars_common_dates,mean,1703,7060047060,0.6719276083841421,0.29732000434184325
cars_common_dates,mean,1706,7060047060,0.13116253672690337,0.29732000434184325
cars_common_dates,mean,1707,7060047060,0.20443585548523327,0.29732000434184325
cars_common_dates,mean,1709,7060047060,0.07534219542091439,0.29732000434184325
cars_common_dates,mean,1712,7060047060,0.08799399959393037,0.29732000434184325
cars_common_dates,mean,1713,7060047060,0.17909900176350121,0.29732000434184325
cars_common_dates,mean,1714,7060047060,0.28978101331581735,0.29732000434184325
cars_common_dates,mean,1718,7060047060,0.394739557462232,0.29732000434184325
cars_common_dates,mean,1723,7060047060,0.1509453554029413,0.29732000434184325
cars_common_dates,mean,1726,7060047060,0.0900858278252727,0.29732000434184325
cars_common_dates,mean,1735,7060047060,0.05911435732527298,0.29732000434184325
cars_common_dates,mean,1739,7060047060,0.26952085731685316,0.29732000434184325
cars_common_dates,mean,1740,7060047060,0.1589239050565217,0.29732000434184325
cars_common_dates,mean,1741,7060047060,0.3146143807409897,0.29732000434184325
cars_common_dates,mean,1742,7060047060,0.07033425606058544,0.29732000434184325
cars_common_dates,mean,1744,7060047060,0.21324280186253824,0.29732000434184325
cars_common_dates,mean,1752,7060047060,0.02740686979651305,0.29732000434184325
cars_common_dates,mean,1753,7060047060,0.03384360187055937,0.29732000434184325
cars_common_dates,mean,1755,7060047060,0.5328497903478746,0.29732000434184325
cars_common_dates,mean,1761,7060042310,0.2584525568854163,0.2605295211898577
cars_common_dates,mean,1768,7060047060,0.010814949128347994,0.29732000434184325
cars_common_dates,mean,1776,7060043090,0.07073662060070428,0.2675215047664715
cars_common_dates,mean,1777,7060047060,0.28775505039287586,0.29732000434184325
cars_common_dates,mean,182,7060013550,0.18125669757095927,0.2675215047664715
cars_common_dates,mean,1848,7060047060,0.4800253185821163,0.29732000434184325
cars_common_dates,mean,1851,7060043500,0.12401478318079034,0.26215772530095005
cars_common_dates,mean,1864,7060047060,0.5318920034094353,0.29732000434184325
cars_common_dates,mean,1869,7060047060,0.6181993694029078,0.29732000434184325
cars_common_dates,mean,1879,7060043160,0.5783930765925849,0.2605295211898577
cars_common_dates,mean,1883,7060043640,0.2508640568304451,0.26215772530095005
cars_common_dates,mean,191,7060013550,0.22339334971132496,0.2675215047664715
cars_common_dates,mean,198,7060013550,0.30217312603610824,0.2675215047664715
cars_common_dates,mean,204,7060013550,0.302356984905138,0.2675215047664715
cars_common_dates,mean,292,7060022240,0.4473047180643278,0.26215772530095005
cars_common_dates,mean,307,7060047060,0.134978539697019,0.29732000434184325
cars_common_dates,mean,310,7060014930,0.060354342763489846,0.2605295211898577
cars_common_dates,mean,316,7060014930,0.2220848054312484,0.2605295211898577
cars_common_dates,mean,319,7060047060,0.23720243735094437,0.29732000434184325
cars_common_dates,mean,355,7060047060,0.12272469188767607,0.29732000434184325
cars_common_dates,mean,361,7060014930,0.10915912753187924,0.2605295211898577
cars_common_dates,mean,362,7060047060,0.3864645066597572,0.29732000434184325
cars_common_dates,mean,364,7060047060,0.16167768783006337,0.29732000434184325
cars_common_dates,mean,368,7060047060,0.41229477665358616,0.29732000434184325
cars_common_dates,mean,372,7060014930,0.2956372568515194,0.2605295211898577
cars_common_dates,mean,373,7060047060,0.37544518353202505,0.29732000434184325
cars_common_dates,mean,384,7060014930,0.3089996186116165,0.2605295211898577
cars_common_dates,mean,386,7060014930,0.5798606847784573,0.2605295211898577
cars_common_dates,mean,391,7060014930,0.11505799930795353,0.2605295211898577
cars_common_dates,mean,393,7060047060,0.22349104042854842,0.29732000434184325
cars_common_dates,mean,398,7060047060,0.2624652961125885,0.29732000434184325
cars_common_dates,mean,41,7060016090,0.306323173566667,0.2605295211898577
cars_common_dates,mean,413,7060014930,0.014774542733168885,0.2605295211898577
cars_common_dates,mean,415,7060047060,0.07439807135004639,0.29732000434184325
cars_common_dates,mean,416,7060047060,0.18256724140525943,0.29732000434184325
cars_common_dates,mean,419,7060008710,0.4412423640534341,0.260146472602651
cars_common_dates,mean,42,7060016090,0.3638269001899866,0.2605295211898577
cars_common_dates,mean,421,7060047060,0.2531768818393909,0.29732000434184325
cars_common_dates,mean,423,7060008710,0.26088848903149753,0.260146472602651
cars_common_dates,mean,442,7060073620,0.28572417151052776,0.26215772530095005
cars_common_dates,mean,445,7060008710,0.2240630628268474,0.260146472602651
cars_common_dates,mean,448,7060008710,0.22422282087727372,0.260146472602651
cars_common_dates,mean,449,7060073620,0.4261070602587242,0.26215772530095005
cars_common_dates,mean,451,7060008710,0.2142445264803189,0.260146472602651
cars_common_dates,mean,456,7060073620,0.2608338584507702,0.26215772530095005
cars_common_dates,mean,467,7060073620,0.5057106387210879,0.26215772530095005
cars_common_dates,mean,469,7060008710,0.4575206222839564,0.260146472602651
cars_common_dates,mean,470,7060008710,0.3144868168959465,0.260146472602651
cars_common_dates,mean,477,7060073620,0.2618498475460717,0.26215772530095005
cars_common_dates,mean,488,7060008710,0.2869836835447155,0.260146472602651
cars_common_dates,mean,497,7060008710,0.24700568440186396,0.260146472602651
cars_common_dates,mean,500,7060047060,0.35703468883504086,0.29732000434184325
cars_common_dates,mean,502,7060008710,0.30256003126516606,0.260146472602651
cars_common_dates,mean,505,7060047060,0.23766253545933935,0.29732000434184325
cars_common_dates,mean,509,7060008710,0.0984713136044381,0.260146472602651
cars_common_dates,mean,511,7060047060,0.08335690047648478,0.29732000434184325
cars_common_dates,mean,517,7060008710,0.34854533932283976,0.260146472602651
cars_common_dates,mean,518,7060008710,0.5118660138126203,0.260146472602651
cars_common_dates,mean,522,7060047060,0.0714074460062018,0.29732000434184325
cars_common_dates,mean,524,7060073920,0.28382595219092877,0.2675215047664715
cars_common_dates,mean,530,7060047060,0.24882530842092745,0.29732000434184325
cars_common_dates,mean,531,7060008710,0.1908529417750354,0.260146472602651
cars_common_dates,mean,533,7060047060,0.04986390739623532,0.29732000434184325
cars_common_dates,mean,536,7060008710,0.2525329620883653,0.260146472602651
cars_common_dates,mean,541,7060008710,0.3372827560408248,0.260146472602651
cars_common_dates,mean,542,7060008710,0.018790976407496537,0.260146472602651
cars_common_dates,mean,549,7060008710,0.16803622947745633,0.260146472602651
cars_common_dates,mean,55,7060014930,0.2791762601383966,0.2605295211898577
cars_common_dates,mean,567,7060008710,0.6564016418499928,0.260146472602651
cars_common_dates,mean,57,7060014930,0.34732171078527063,0.2605295211898577
cars_common_dates,mean,574,7060008710,0.3999103497763954,0.260146472602651
cars_common_dates,mean,575,7060008710,0.34504417352417793,0.260146472602651
cars_common_dates,mean,595,7060013550,0.10754748413925601,0.2675215047664715
cars_common_dates,mean,597,7060008710,0.5041937892767199,0.260146472602651
cars_common_dates,mean,60,7060014930,0.20260488753198175,0.2605295211898577
cars_common_dates,mean,600,7060013550,0.2938719808940723,0.2675215047664715
cars_common_dates,mean,601,7060008710,0.39797903403268053,0.260146472602651
cars_common_dates,mean,612,7060013550,0.10755643283182167,0.2675215047664715
cars_common_dates,mean,63,7060014930,0.2701039034820447,0.2605295211898577
cars_common_dates,mean,7308,7060043500,0.14571550714960219,0.26215772530095005
cars_common_dates,mean,7313,7060047060,0.18751672464372046,0.29732000434184325
cars_common_dates,mean,7318,7060047060,0.011479663444358702,0.29732000434184325
cars_common_dates,mean,753,7060047060,0.15115842356726944,0.29732000434184325
cars_common_dates,mean,870,7060047060,0.05710235177177171,0.29732000434184325
cars_common_dates,mean,882,7060047060,0.07484653405621544,0.29732000434184325
cars_common_dates,mean,884,7060047060,0.05938908895560968,0.29732000434184325
cars_common_dates,mean,885,7060047060,0.06023055305811354,0.29732000434184325
cars_common_dates,mean,895,7060047060,0.01200902548294359,0.29732000434184325
cars_common_dates,mean,898,7060047060,0.4809622045609584,0.29732000434184325
cars_common_dates,mean,920,7060047060,0.009702717289224134,0.29732000434184325
cars_common_dates,mean,931,7060047060,1.2272655235377825,0.29732000434184325
cars_common_dates,mean,938,7060047060,0.4008198477457581,0.29732000434184325
cars_common_dates,persistence,1017,7060047060,0.3767102226800422,0.3063632691613325
cars_common_dates,persistence,1026,7060047060,0.25625519090176824,0.25703940688098237
cars_common_dates,persistence,1033,7060047060,0.3419889818378985,0.32473007300849493
cars_common_dates,persistence,1036,7060047060,0.19946345325612022,0.19938486125213073
cars_common_dates,persistence,1042,7060047060,0.3086252424534333,0.35479328489218975
cars_common_dates,persistence,1067,7060047060,0.5997219898221158,0.5325281058862181
cars_common_dates,persistence,1086,7060049270,1.0688678998294057,0.886849700889463
cars_common_dates,persistence,1092,7060047060,0.5538951309363404,0.4770320849549008
cars_common_dates,persistence,1101,7060047060,0.5738270609277156,0.45531807330083274
cars_common_dates,persistence,1112,7060047060,0.45310297910342207,0.3423355702806719
cars_common_dates,persistence,1121,7060047060,0.29573686102470564,0.22891617481856585
cars_common_dates,persistence,1122,7060047060,0.4731408184743925,0.4134959440304958
cars_common_dates,persistence,1125,7060047060,0.29573686102470564,0.22891617481856585
cars_common_dates,persistence,1127,7060047060,0.5284249950190778,0.449194919462514
cars_common_dates,persistence,114,7060014340,0.28862184849678424,0.42805328310807
cars_common_dates,persistence,1151,7060047970,0.537804254533716,0.36127600247276914
cars_common_dates,persistence,1192,7060047060,0.15618192471142422,0.11184784992534776
cars_common_dates,persistence,1237,7060047970,0.6223175503941138,0.5113976516533948
cars_common_dates,persistence,1249,7060048410,1.146030395254913,0.8239127479792422
cars_common_dates,persistence,131,7060014200,0.26990540349536646,0.24660276588144275
cars_common_dates,persistence,132,7060013550,0.21952366134744375,0.1507691689569759
cars_common_dates,persistence,133,7060013550,0.07508525614888842,0.038847166181686196
cars_common_dates,persistence,148,7060013550,0.21914332427677308,0.17811631197547745
cars_common_dates,persistence,1586,7060047060,0.10090961354906708,0.13120551636747765
cars_common_dates,persistence,1587,7060047060,0.2531868046723131,0.26044997089284855
cars_common_dates,persistence,1592,7060047060,0.3257712611764545,0.20533204043906847
cars_common_dates,persistence,1595,7060047060,0.0975405734842903,0.034448451071541854
cars_common_dates,persistence,1600,7060047060,0.14883822083471565,0.1296463731670602
cars_common_dates,persistence,1617,7060047060,0.24655818555606046,0.30126648846879994
cars_common_dates,persistence,1619,7060047060,0.13258570862928937,0.224336952367026
cars_common_dates,persistence,1620,7060047060,0.26035611659680125,0.28713513375009836
cars_common_dates,persistence,1631,7060047060,0.11534823422923579,0.18235354768134857
cars_common_dates,persistence,1634,7060047060,0.16133901010123658,0.13342711254633016
cars_common_dates,persistence,1636,7060047060,0.34287818919919366,0.4339273037015403
cars_common_dates,persistence,1645,7060047060,0.43703759577674123,0.40500646016277175
cars_common_dates,persistence,1650,7060047060,0.15965303147579651,0.24082666624889182
cars_common_dates,persistence,1654,7060047060,0.4218435553220695,0.41501930654162267
cars_common_dates,persistence,1655,7060047060,0.2436515966980656,0.2431128891410848
cars_common_dates,persistence,1656,7060047060,0.16921263797743122,0.13246232473135744
cars_common_dates,persistence,1683,7060047060,0.3901169448841023,0.31684031954774916
cars_common_dates,persistence,169,7060013560,0.5336342757834684,0.6184704438686981
cars_common_dates,persistence,1691,7060047060,0.09177046402249689,0.14120576592605077
cars_common_dates,persistence,1699,7060047060,0.08732681683988028,0.08263922639986948
cars_common_dates,persistence,1703,7060047060,0.6719276083841421,0.5453170994179828
cars_common_dates,persistence,1706,7060047060,0.13116253672690337,0.1265082835036676
cars_common_dates,persistence,1707,7060047060,0.20443585548523327,0.24333477270961584
cars_common_dates,persistence,1709,7060047060,0.07534219542091439,0.059102624824382145
cars_common_dates,persistence,1712,7060047060,0.08799399959393037,0.11504577437621813
cars_common_dates,persistence,1713,7060047060,0.17909900176350121,0.24864577484999348
cars_common_dates,persistence,1714,7060047060,0.28978101331581735,0.3481205054128808
cars_common_dates,persistence,1718,7060047060,0.394739557462232,0.4286073075539841
cars_common_dates,persistence,1723,7060047060,0.1509453554029413,0.17007989942918406
cars_common_dates,persistence,1726,7060047060,0.0900858278252727,0.10999321439423354
cars_common_dates,persistence,1735,7060047060,0.05911435732527298,0.06798803949179327
cars_common_dates,persistence,1739,7060047060,0.26952085731685316,0.27782016159336365
cars_common_dates,persistence,1740,7060047060,0.1589239050565217,0.1319573906882313
cars_common_dates,persistence,1741,7060047060,0.3146143807409897,0.2731652291826051
cars_common_dates,persistence,1742,7060047060,0.07033425606058544,0.07143411596140253
cars_common_dates,persistence,1744,7060047060,0.21324280186253824,0.1851406018086097
cars_common_dates,persistence,1752,7060047060,0.02740686979651305,0.03535049366965698
cars_common_dates,persistence,1753,7060047060,0.03384360187055937,0.11562318353919038
cars_common_dates,persistence,1755,7060047060,0.5328497903478746,0.44655062100773546
cars_common_dates,persistence,1761,7060042310,0.2584525568854163,0.208087485644883
cars_common_dates,persistence,1768,7060047060,0.010814949128347994,0.015563879488268234
cars_common_dates,persistence,1776,7060043090,0.07073662060070428,0.03780501370296484
cars_common_dates,persistence,1777,7060047060,0.28775505039287586,0.2806424029956464
cars_common_dates,persistence,182,7060013550,0.18125669757095927,0.18777517490341292
cars_common_dates,persistence,1848,7060047060,0.4800253185821163,0.49658658164455693
cars_common_dates,persistence,1851,7060043500,0.12401478318079034,0.16768383869125034
cars_common_dates,persistence,1864,7060047060,0.5318920034094353,0.5031150877157544
cars_common_dates,persistence,1869,7060047060,0.6181993694029078,0.6560245547725599
cars_common_dates,persistence,1879,7060043160,0.5783930765925849,0.568472704610886
cars_common_dates,persistence,1883,7060043640,0.2508640568304451,0.22284904887747153
cars_common_dates,persistence,191,7060013550,0.22339334971132496,0.3079700218439936
cars_common_dates,persistence,198,7060013550,0.30217312603610824,0.3546303679400641
cars_common_dates,persistence,204,7060013550,0.302356984905138,0.3648291646411629
cars_common_dates,persistence,292,7060022240,0.4473047180643278,0.4199217613014291
cars_common_dates,persistence,307,7060047060,0.134978539697019,0.15199896504099472
cars_common_dates,persistence,310,7060014930,0.060354342763489846,0.05871740866891358
cars_common_dates,persistence,316,7060014930,0.2220848054312484,0.23929690396615416
cars_common_dates,persistence,319,7060047060,0.23720243735094437,0.25446752643635245
cars_common_dates,persistence,355,7060047060,0.12272469188767607,0.15163693108827428
cars_common_dates,persistence,361,7060014930,0.10915912753187924,0.11938009698617279
cars_common_dates,persistence,362,7060047060,0.3864645066597572,0.6834958479568398
cars_common_dates,persistence,364,7060047060,0.16167768783006337,0.13837744774689292
cars_common_dates,persistence,368,7060047060,0.41229477665358616,0.39412058201942224
cars_common_dates,persistence,372,7060014930,0.2956372568515194,0.3188079303583691
cars_common_dates,persistence,373,7060047060,0.37544518353202505,0.4735090296364678
cars_common_dates,persistence,384,7060014930,0.3089996186116165,0.2870656200709431
cars_common_dates,persistence,386,7060014930,0.5798606847784573,0.540929670861958
cars_common_dates,persistence,391,7060014930,0.11505799930795353,0.13979539074175035
cars_common_dates,persistence,393,7060047060,0.22349104042854842,0.23145213098747397
cars_common_dates,persistence,398,7060047060,0.2624652961125885,0.2264539792881365
cars_common_dates,persistence,41,7060016090,0.306323173566667,0.2799836461082167
cars_common_dates,persistence,413,7060014930,0.014774542733168885,0.02591913353407482
cars_common_dates,persistence,415,7060047060,0.07439807135004639,0.07504639719742881
cars_common_dates,persistence,416,7060047060,0.18256724140525943,0.15424140646912998
cars_common_dates,persistence,419,7060008710,0.4412423640534341,0.501519324851601
cars_common_dates,persistence,42,7060016090,0.3638269001899866,0.33794968808086145
cars_common_dates,persistence,421,7060047060,0.2531768818393909,0.4031860087015565
cars_common_dates,persistence,423,7060008710,0.26088848903149753,0.3281289426471836
cars_common_dates,persistence,442,7060073620,0.28572417151052776,0.28766378381891133
cars_common_dates,persistence,445,7060008710,0.2240630628268474,0.2576706465526396
cars_common_dates,persistence,448,7060008710,0.22422282087727372,0.23254412222438334
cars_common_dates,persistence,449,7060073620,0.4261070602587242,0.5112022669908878
cars_common_dates,persistence,451,7060008710,0.2142445264803189,0.12980383284356745
cars_common_dates,persistence,456,7060073620,0.2608338584507702,0.22925734658422167
cars_common_dates,persistence,467,7060073620,0.5057106387210879,0.44595361602431366
cars_common_dates,persistence,469,7060008710,0.4575206222839564,0.4171734871023463
cars_common_dates,persistence,470,7060008710,0.3144868168959465,0.2970471909518309
cars_common_dates,persistence,477,7060073620,0.2618498475460717,0.31265026521862227
cars_common_dates,persistence,488,7060008710,0.2869836835447155,0.39715059942011977
cars_common_dates,persistence,497,7060008710,0.24700568440186396,0.3442125035629527
cars_common_dates,persistence,500,7060047060,0.35703468883504086,0.38840866636993215
cars_common_dates,persistence,502,7060008710,0.30256003126516606,0.22770196203868248
cars_common_dates,persistence,505,7060047060,0.23766253545933935,0.2110682471302652
cars_common_dates,persistence,509,7060008710,0.0984713136044381,0.22553041732542
cars_common_dates,persistence,511,7060047060,0.08335690047648478,0.11784424923188341
cars_common_dates,persistence,517,7060008710,0.34854533932283976,0.3755875223417882
cars_common_dates,persistence,518,7060008710,0.5118660138126203,0.5188361143446987
cars_common_dates,persistence,522,7060047060,0.0714074460062018,0.11737136460727593
cars_common_dates,persistence,524,7060073920,0.28382595219092877,0.6078183713614831
cars_common_dates,persistence,530,7060047060,0.24882530842092745,0.22267387259007465
cars_common_dates,persistence,531,7060008710,0.1908529417750354,0.24458461182959457
cars_common_dates,persistence,533,7060047060,0.04986390739623532,0.07200049974404547
cars_common_dates,persistence,536,7060008710,0.2525329620883653,0.24404898092880997
cars_common_dates,persistence,541,7060008710,0.3372827560408248,0.36800955082426423
cars_common_dates,persistence,542,7060008710,0.018790976407496537,0.04310319768810994
cars_common_dates,persistence,549,7060008710,0.16803622947745633,0.1261988311374702
cars_common_dates,persistence,55,7060014930,0.2791762601383966,0.2907503018645895
cars_common_dates,persistence,567,7060008710,0.6564016418499928,0.5647238804793564
cars_common_dates,persistence,57,7060014930,0.34732171078527063,0.3920447207419912
cars_common_dates,persistence,574,7060008710,0.3999103497763954,0.4505253289251816
cars_common_dates,persistence,575,7060008710,0.34504417352417793,0.45206584220205537
cars_common_dates,persistence,595,7060013550,0.10754748413925601,0.1989199967750961
cars_common_dates,persistence,597,7060008710,0.5041937892767199,0.4783413138687872
cars_common_dates,persistence,60,7060014930,0.20260488753198175,0.26513391957387267
cars_common_dates,persistence,600,7060013550,0.2938719808940723,0.2888848882760087
cars_common_dates,persistence,601,7060008710,0.39797903403268053,0.34680601851581017
cars_common_dates,persistence,612,7060013550,0.10755643283182167,0.1473004979784796
cars_common_dates,persistence,63,7060014930,0.2701039034820447,0.3599866442466242
cars_common_dates,persistence,7308,7060043500,0.14571550714960219,0.10999399146181904
cars_common_dates,persistence,7313,7060047060,0.18751672464372046,0.20520852725963823
cars_common_dates,persistence,7318,7060047060,0.011479663444358702,0.009986295583044242
cars_common_dates,persistence,753,7060047060,0.15115842356726944,0.24120280542180636
cars_common_dates,persistence,870,7060047060,0.05710235177177171,0.19086680616031015
cars_common_dates,persistence,882,7060047060,0.07484653405621544,0.11837662717666889
cars_common_dates,persistence,884,7060047060,0.05938908895560968,0.05603047618211981
cars_common_dates,persistence,885,7060047060,0.06023055305811354,0.15774089325436041
cars_common_dates,persistence,895,7060047060,0.01200902548294359,0.016954826822974316
cars_common_dates,persistence,898,7060047060,0.4809622045609584,0.7817923079816201
cars_common_dates,persistence,920,7060047060,0.009702717289224134,0.04641114759935739
cars_common_dates,persistence,931,7060047060,1.2272655235377825,0.9465393297640908
cars_common_dates,persistence,938,7060047060,0.4008198477457581,0.8220257869878544
cars_common_dates,ridge,1017,7060047060,0.3767102226800422,0.3653341285450094
cars_common_dates,ridge,1026,7060047060,0.25625519090176824,0.3216101409085515
cars_common_dates,ridge,1033,7060047060,0.3419889818378985,0.39353249333960566
cars_common_dates,ridge,1036,7060047060,0.19946345325612022,0.26985178215480216
cars_common_dates,ridge,1042,7060047060,0.3086252424534333,0.3804879607526767
cars_common_dates,ridge,1067,7060047060,0.5997219898221158,0.5023194863998601
cars_common_dates,ridge,1086,7060049270,1.0688678998294057,0.6689286858151987
cars_common_dates,ridge,1092,7060047060,0.5538951309363404,0.4810738435580425
cars_common_dates,ridge,1101,7060047060,0.5738270609277156,0.40330023490369415
cars_common_dates,ridge,1112,7060047060,0.45310297910342207,0.36325161204945156
cars_common_dates,ridge,1121,7060047060,0.29573686102470564,0.2928526123081257
cars_common_dates,ridge,1122,7060047060,0.4731408184743925,0.4260123965784875
cars_common_dates,ridge,1125,7060047060,0.29573686102470564,0.2928526123081257
cars_common_dates,ridge,1127,7060047060,0.5284249950190778,0.4570324882332355
cars_common_dates,ridge,114,7060014340,0.28862184849678424,0.3682735118794791
cars_common_dates,ridge,1151,7060047970,0.537804254533716,0.49084306026152336
cars_common_dates,ridge,1192,7060047060,0.15618192471142422,0.18587604552973278
cars_common_dates,ridge,1237,7060047970,0.6223175503941138,0.48126592599897433
cars_common_dates,ridge,1249,7060048410,1.146030395254913,0.8361043614890302
cars_common_dates,ridge,131,7060014200,0.26990540349536646,0.238330690036175
cars_common_dates,ridge,132,7060013550,0.21952366134744375,0.15682000804491436
cars_common_dates,ridge,133,7060013550,0.07508525614888842,0.07542909071051862
cars_common_dates,ridge,148,7060013550,0.21914332427677308,0.17899064877597753
cars_common_dates,ridge,1586,7060047060,0.10090961354906708,0.26441510534611007
cars_common_dates,ridge,1587,7060047060,0.2531868046723131,0.32154093573708836
cars_common_dates,ridge,1592,7060047060,0.3257712611764545,0.2933956238785837
cars_common_dates,ridge,1595,7060047060,0.0975405734842903,0.1778750299347713
cars_common_dates,ridge,1600,7060047060,0.14883822083471565,0.24441718313274896
cars_common_dates,ridge,1617,7060047060,0.24655818555606046,0.32081259875540946
cars_common_dates,ridge,1619,7060047060,0.13258570862928937,0.2788483211642966
cars_common_dates,ridge,1620,7060047060,0.26035611659680125,0.2882688656888703
cars_common_dates,ridge,1631,7060047060,0.11534823422923579,0.2796858519447824
cars_common_dates,ridge,1634,7060047060,0.16133901010123658,0.232471419961819
cars_common_dates,ridge,1636,7060047060,0.34287818919919366,0.3947201830078442
cars_common_dates,ridge,1645,7060047060,0.43703759577674123,0.41215711837891
cars_common_dates,ridge,1650,7060047060,0.15965303147579651,0.31336527591405133
cars_common_dates,ridge,1654,7060047060,0.4218435553220695,0.4023567522901859
cars_common_dates,ridge,1655,7060047060,0.2436515966980656,0.3213739846781108
cars_common_dates,ridge,1656,7060047060,0.16921263797743122,0.24205003222266266
cars_common_dates,ridge,1683,7060047060,0.3901169448841023,0.37244901144043807
cars_common_dates,ridge,169,7060013560,0.5336342757834684,0.5153584835447831
cars_common_dates,ridge,1691,7060047060,0.09177046402249689,0.2401306493469727
cars_common_dates,ridge,1699,7060047060,0.08732681683988028,0.19217110463949627
cars_common_dates,ridge,1703,7060047060,0.6719276083841421,0.4841431904144071
cars_common_dates,ridge,1706,7060047060,0.13116253672690337,0.22817371421346982
cars_common_dates,ridge,1707,7060047060,0.20443585548523327,0.33146867084065323
cars_common_dates,ridge,1709,7060047060,0.07534219542091439,0.18083793217019767
cars_common_dates,ridge,1712,7060047060,0.08799399959393037,0.2512660745275325
cars_common_dates,ridge,1713,7060047060,0.17909900176350121,0.31633686947985795
cars_common_dates,ridge,1714,7060047060,0.28978101331581735,0.3434442447961608
cars_common_dates,ridge,1718,7060047060,0.394739557462232,0.4193732640711047
cars_common_dates,ridge,1723,7060047060,0.1509453554029413,0.26458360023636235
cars_common_dates,ridge,1726,7060047060,0.0900858278252727,0.23966016286413405
cars_common_dates,ridge,1735,7060047060,0.05911435732527298,0.20740560899483393
cars_common_dates,ridge,1739,7060047060,0.26952085731685316,0.3345193091041407
cars_common_dates,ridge,1740,7060047060,0.1589239050565217,0.2314633661920999
cars_common_dates,ridge,1741,7060047060,0.3146143807409897,0.325502356853664
cars_common_dates,ridge,1742,7060047060,0.07033425606058544,0.20419592449349577
cars_common_dates,ridge,1744,7060047060,0.21324280186253824,0.27877312769484236
cars_common_dates,ridge,1752,7060047060,0.02740686979651305,0.1395602379148527
cars_common_dates,ridge,1753,7060047060,0.03384360187055937,0.19791337098137984
cars_common_dates,ridge,1755,7060047060,0.5328497903478746,0.4011159063744788
cars_common_dates,ridge,1761,7060042310,0.2584525568854163,0.20029282887571714
cars_common_dates,ridge,1768,7060047060,0.010814949128347994,0.13756497727928554
cars_common_dates,ridge,1776,7060043090,0.07073662060070428,0.08114225512103493
cars_common_dates,ridge,1777,7060047060,0.28775505039287586,0.32507575814710715
cars_common_dates,ridge,182,7060013550,0.18125669757095927,0.18743881539020413
cars_common_dates,ridge,1848,7060047060,0.4800253185821163,0.4012365753290282
cars_common_dates,ridge,1851,7060043500,0.12401478318079034,0.1540308246198363
cars_common_dates,ridge,1864,7060047060,0.5318920034094353,0.4006867238063176
cars_common_dates,ridge,1869,7060047060,0.6181993694029078,0.49789358643148696
cars_common_dates,ridge,1879,7060043160,0.5783930765925849,0.4061981113701987
cars_common_dates,ridge,1883,7060043640,0.2508640568304451,0.21556105644463505
cars_common_dates,ridge,191,7060013550,0.22339334971132496,0.26754723066129604
cars_common_dates,ridge,198,7060013550,0.30217312603610824,0.28257403297996275
cars_common_dates,ridge,204,7060013550,0.302356984905138,0.311915333157031
cars_common_dates,ridge,292,7060022240,0.4473047180643278,0.31913191436382193
cars_common_dates,ridge,307,7060047060,0.134978539697019,0.20213188032489204
cars_common_dates,ridge,310,7060014930,0.060354342763489846,0.05631403440557656
cars_common_dates,ridge,316,7060014930,0.2220848054312484,0.2133091836878835
cars_common_dates,ridge,319,7060047060,0.23720243735094437,0.322708769068735
cars_common_dates,ridge,355,7060047060,0.12272469188767607,0.22897012549439627
cars_common_dates,ridge,361,7060014930,0.10915912753187924,0.15296896125150744
cars_common_dates,ridge,362,7060047060,0.3864645066597572,0.4606835876278156
cars_common_dates,ridge,364,7060047060,0.16167768783006337,0.18891987291840923
cars_common_dates,ridge,368,7060047060,0.41229477665358616,0.409741177170774
cars_common_dates,ridge,372,7060014930,0.2956372568515194,0.33423782565697524
cars_common_dates,ridge,373,7060047060,0.37544518353202505,0.44654415022846616
cars_common_dates,ridge,384,7060014930,0.3089996186116165,0.29280347853840605
cars_common_dates,ridge,386,7060014930,0.5798606847784573,0.4929593565225076
cars_common_dates,ridge,391,7060014930,0.11505799930795353,0.15675847394757444
cars_common_dates,ridge,393,7060047060,0.22349104042854842,0.28776277414073176
cars_common_dates,ridge,398,7060047060,0.2624652961125885,0.3145996881226591
cars_common_dates,ridge,41,7060016090,0.306323173566667,0.24406364131339986
cars_common_dates,ridge,413,7060014930,0.014774542733168885,0.07924822201353685
cars_common_dates,ridge,415,7060047060,0.07439807135004639,0.1656727050223415
cars_common_dates,ridge,416,7060047060,0.18256724140525943,0.21126397433549243
cars_common_dates,ridge,419,7060008710,0.4412423640534341,0.4388718125688007
cars_common_dates,ridge,42,7060016090,0.3638269001899866,0.2733641482955254
cars_common_dates,ridge,421,7060047060,0.2531768818393909,0.40433358209417214
cars_common_dates,ridge,423,7060008710,0.26088848903149753,0.28512868544686054
cars_common_dates,ridge,442,7060073620,0.28572417151052776,0.2714821842291061
cars_common_dates,ridge,445,7060008710,0.2240630628268474,0.30328724998122797
cars_common_dates,ridge,448,7060008710,0.22422282087727372,0.2868500412209922
cars_common_dates,ridge,449,7060073620,0.4261070602587242,0.33659086158671286
cars_common_dates,ridge,451,7060008710,0.2142445264803189,0.12370176151812548
cars_common_dates,ridge,456,7060073620,0.2608338584507702,0.21190561943263053
cars_common_dates,ridge,467,7060073620,0.5057106387210879,0.4072269446159563
cars_common_dates,ridge,469,7060008710,0.4575206222839564,0.39717140411009066
cars_common_dates,ridge,470,7060008710,0.3144868168959465,0.3679125872521274
cars_common_dates,ridge,477,7060073620,0.2618498475460717,0.23797898572756326
cars_common_dates,ridge,488,7060008710,0.2869836835447155,0.2988378784074729
cars_common_dates,ridge,497,7060008710,0.24700568440186396,0.32578961343731555
cars_common_dates,ridge,500,7060047060,0.35703468883504086,0.38359178878312017
cars_common_dates,ridge,502,7060008710,0.30256003126516606,0.2195074550847979
cars_common_dates,ridge,505,7060047060,0.23766253545933935,0.24238031253607356
cars_common_dates,ridge,509,7060008710,0.0984713136044381,0.2646434675370367
cars_common_dates,ridge,511,7060047060,0.08335690047648478,0.26737626498795736
cars_common_dates,ridge,517,7060008710,0.34854533932283976,0.33410984140331645
cars_common_dates,ridge,518,7060008710,0.5118660138126203,0.46547101091314047
cars_common_dates,ridge,522,7060047060,0.0714074460062018,0.19729597235462273
cars_common_dates,ridge,524,7060073920,0.28382595219092877,0.5513162517238225
cars_common_dates,ridge,530,7060047060,0.24882530842092745,0.24643986573168492
cars_common_dates,ridge,531,7060008710,0.1908529417750354,0.2910356287617409
cars_common_dates,ridge,533,7060047060,0.04986390739623532,0.16368358612947193
cars_common_dates,ridge,536,7060008710,0.2525329620883653,0.23544643205425236
cars_common_dates,ridge,541,7060008710,0.3372827560408248,0.3142902907261756
cars_common_dates,ridge,542,7060008710,0.018790976407496537,0.05632754409468707
cars_common_dates,ridge,549,7060008710,0.16803622947745633,0.1494784509427058
cars_common_dates,ridge,55,7060014930,0.2791762601383966,0.2536668400990809
cars_common_dates,ridge,567,7060008710,0.6564016418499928,0.5273325961736246
cars_common_dates,ridge,57,7060014930,0.34732171078527063,0.32153629243167703
cars_common_dates,ridge,574,7060008710,0.3999103497763954,0.41825898794776717
cars_common_dates,ridge,575,7060008710,0.34504417352417793,0.38663883217401596
cars_common_dates,ridge,595,7060013550,0.10754748413925601,0.18753344857862958
cars_common_dates,ridge,597,7060008710,0.5041937892767199,0.3596028399215873
cars_common_dates,ridge,60,7060014930,0.20260488753198175,0.24005695745094763
cars_common_dates,ridge,600,7060013550,0.2938719808940723,0.2850132508074893
cars_common_dates,ridge,601,7060008710,0.39797903403268053,0.30593213770445343
cars_common_dates,ridge,612,7060013550,0.10755643283182167,0.20505032670576429
cars_common_dates,ridge,63,7060014930,0.2701039034820447,0.28634813144025895
cars_common_dates,ridge,7308,7060043500,0.14571550714960219,0.0955568783681926
cars_common_dates,ridge,7313,7060047060,0.18751672464372046,0.24182710949816597
cars_common_dates,ridge,7318,7060047060,0.011479663444358702,0.1315852305868351
cars_common_dates,ridge,753,7060047060,0.15115842356726944,0.2430691979298017
cars_common_dates,ridge,870,7060047060,0.05710235177177171,0.20448728648995654
cars_common_dates,ridge,882,7060047060,0.07484653405621544,0.18822695878350293
cars_common_dates,ridge,884,7060047060,0.05938908895560968,0.1266258921350794
cars_common_dates,ridge,885,7060047060,0.06023055305811354,0.18220452941980403
cars_common_dates,ridge,895,7060047060,0.01200902548294359,0.10716717838448309
cars_common_dates,ridge,898,7060047060,0.4809622045609584,0.513879497389078
cars_common_dates,ridge,920,7060047060,0.009702717289224134,0.13469614574760608
cars_common_dates,ridge,931,7060047060,1.2272655235377825,0.5856423728973503
cars_common_dates,ridge,938,7060047060,0.4008198477457581,0.6042694777153014
cars_common_dates,rf,1017,7060047060,0.3767102226800422,0.3378197989444707
cars_common_dates,rf,1026,7060047060,0.25625519090176824,0.3131180319205553
cars_common_dates,rf,1033,7060047060,0.3419889818378985,0.34603763573067853
cars_common_dates,rf,1036,7060047060,0.19946345325612022,0.2672035336076528
cars_common_dates,rf,1042,7060047060,0.3086252424534333,0.3619199142138159
cars_common_dates,rf,1067,7060047060,0.5997219898221158,0.36896235739058325
cars_common_dates,rf,1086,7060049270,1.0688678998294057,0.437164050427413
cars_common_dates,rf,1092,7060047060,0.5538951309363404,0.3683623055796034
cars_common_dates,rf,1101,7060047060,0.5738270609277156,0.33943782268593947
cars_common_dates,rf,1112,7060047060,0.45310297910342207,0.35849586774448766
cars_common_dates,rf,1121,7060047060,0.29573686102470564,0.28504243163585236
cars_common_dates,rf,1122,7060047060,0.4731408184743925,0.35828818322590306
cars_common_dates,rf,1125,7060047060,0.29573686102470564,0.28504243163585236
cars_common_dates,rf,1127,7060047060,0.5284249950190778,0.36418704485612047
cars_common_dates,rf,114,7060014340,0.28862184849678424,0.39990232020211364
cars_common_dates,rf,1151,7060047970,0.537804254533716,0.4434014714396528
cars_common_dates,rf,1192,7060047060,0.15618192471142422,0.2079067354932122
cars_common_dates,rf,1237,7060047970,0.6223175503941138,0.4880529813967162
cars_common_dates,rf,1249,7060048410,1.146030395254913,0.5010951458877864
cars_common_dates,rf,131,7060014200,0.26990540349536646,0.2521430142030185
cars_common_dates,rf,132,7060013550,0.21952366134744375,0.15155729402693519
cars_common_dates,rf,133,7060013550,0.07508525614888842,0.073583601819939
cars_common_dates,rf,148,7060013550,0.21914332427677308,0.18562759515808214
cars_common_dates,rf,1586,7060047060,0.10090961354906708,0.2306122861902312
cars_common_dates,rf,1587,7060047060,0.2531868046723131,0.3135218387924278
cars_common_dates,rf,1592,7060047060,0.3257712611764545,0.27545737281019983
cars_common_dates,rf,1595,7060047060,0.0975405734842903,0.22789512153421412
cars_common_dates,rf,1600,7060047060,0.14883822083471565,0.23320166909312698
cars_common_dates,rf,1617,7060047060,0.24655818555606046,0.3362605287167601
cars_common_dates,rf,1619,7060047060,0.13258570862928937,0.2797907413974162
cars_common_dates,rf,1620,7060047060,0.26035611659680125,0.326643034900011
cars_common_dates,rf,1631,7060047060,0.11534823422923579,0.25531211216627836
cars_common_dates,rf,1634,7060047060,0.16133901010123658,0.2306122861902312
cars_common_dates,rf,1636,7060047060,0.34287818919919366,0.3377091425737894
cars_common_dates,rf,1645,7060047060,0.43703759577674123,0.3574308609475095
cars_common_dates,rf,1650,7060047060,0.15965303147579651,0.2987088606841337
cars_common_dates,rf,1654,7060047060,0.4218435553220695,0.35828818322590306
cars_common_dates,rf,1655,7060047060,0.2436515966980656,0.30623224247639025
cars_common_dates,rf,1656,7060047060,0.16921263797743122,0.23043805850965376
cars_common_dates,rf,1683,7060047060,0.3901169448841023,0.3337267555927264
cars_common_dates,rf,169,7060013560,0.5336342757834684,0.4405471660433099
cars_common_dates,rf,1691,7060047060,0.09177046402249689,0.22865643781784023
cars_common_dates,rf,1699,7060047060,0.08732681683988028,0.22748476928088324
cars_common_dates,rf,1703,7060047060,0.6719276083841421,0.36332972257772683
cars_common_dates,rf,1706,7060047060,0.13116253672690337,0.22973122779239355
cars_common_dates,rf,1707,7060047060,0.20443585548523327,0.2982714921020102
cars_common_dates,rf,1709,7060047060,0.07534219542091439,0.22748476928088324
cars_common_dates,rf,1712,7060047060,0.08799399959393037,0.22973122779239355
cars_common_dates,rf,1713,7060047060,0.17909900176350121,0.2792253311674325
cars_common_dates,rf,1714,7060047060,0.28978101331581735,0.3319764236714334
cars_common_dates,rf,1718,7060047060,0.394739557462232,0.3574308609475095
cars_common_dates,rf,1723,7060047060,0.1509453554029413,0.24045374050046328
cars_common_dates,rf,1726,7060047060,0.0900858278252727,0.22865643781784023
cars_common_dates,rf,1735,7060047060,0.05911435732527298,0.23124378181563712
cars_common_dates,rf,1739,7060047060,0.26952085731685316,0.3118985871819684
cars_common_dates,rf,1740,7060047060,0.1589239050565217,0.2306122861902312
cars_common_dates,rf,1741,7060047060,0.3146143807409897,0.3336958543301201
cars_common_dates,rf,1742,7060047060,0.07033425606058544,0.20968478611960678
cars_common_dates,rf,1744,7060047060,0.21324280186253824,0.22967315996331153
cars_common_dates,rf,1752,7060047060,0.02740686979651305,0.20198318600998263
cars_common_dates,rf,1753,7060047060,0.03384360187055937,0.2018089583294052
cars_common_dates,rf,1755,7060047060,0.5328497903478746,0.3597847633163053
cars_common_dates,rf,1761,7060042310,0.2584525568854163,0.1968799498075392
cars_common_dates,rf,1768,7060047060,0.010814949128347994,0.20472821055615142
cars_common_dates,rf,1776,7060043090,0.07073662060070428,0.08034307150960827
cars_common_dates,rf,1777,7060047060,0.28775505039287586,0.3128178586569864
cars_common_dates,rf,182,7060013550,0.18125669757095927,0.22778242543783722
cars_common_dates,rf,1848,7060047060,0.4800253185821163,0.33992432632788466
cars_common_dates,rf,1851,7060043500,0.12401478318079034,0.1481329768251439
cars_common_dates,rf,1864,7060047060,0.5318920034094353,0.3400131364762637
cars_common_dates,rf,1869,7060047060,0.6181993694029078,0.3356499934040983
cars_common_dates,rf,1879,7060043160,0.5783930765925849,0.3562082357203946
cars_common_dates,rf,1883,7060043640,0.2508640568304451,0.1862810535754241
cars_common_dates,rf,191,7060013550,0.22339334971132496,0.318485350166495
cars_common_dates,rf,198,7060013550,0.30217312603610824,0.3366946968631709
cars_common_dates,rf,204,7060013550,0.302356984905138,0.36690702461207303
cars_common_dates,rf,292,7060022240,0.4473047180643278,0.38013012000234847
cars_common_dates,rf,307,7060047060,0.134978539697019,0.223542181706013
cars_common_dates,rf,310,7060014930,0.060354342763489846,0.08547123414039609
cars_common_dates,rf,316,7060014930,0.2220848054312484,0.22518744026263302
cars_common_dates,rf,319,7060047060,0.23720243735094437,0.3291112398390842
cars_common_dates,rf,355,7060047060,0.12272469188767607,0.22256223071945222
cars_common_dates,rf,361,7060014930,0.10915912753187924,0.1654257820245998
cars_common_dates,rf,362,7060047060,0.3864645066597572,0.35067506303870055
cars_common_dates,rf,364,7060047060,0.16167768783006337,0.22256223071945222
cars_common_dates,rf,368,7060047060,0.41229477665358616,0.3796882289715255
cars_common_dates,rf,372,7060014930,0.2956372568515194,0.30848123494387414
cars_common_dates,rf,373,7060047060,0.37544518353202505,0.37537668487177034
cars_common_dates,rf,384,7060014930,0.3089996186116165,0.29554678479313584
cars_common_dates,rf,386,7060014930,0.5798606847784573,0.4390380917838842
cars_common_dates,rf,391,7060014930,0.11505799930795353,0.14968642621687936
cars_common_dates,rf,393,7060047060,0.22349104042854842,0.3012734805936737
cars_common_dates,rf,398,7060047060,0.2624652961125885,0.29455641984980596
cars_common_dates,rf,41,7060016090,0.306323173566667,0.29346862616553265
cars_common_dates,rf,413,7060014930,0.014774542733168885,0.09755934997842214
cars_common_dates,rf,415,7060047060,0.07439807135004639,0.2321344277057989
cars_common_dates,rf,416,7060047060,0.18256724140525943,0.2235241271363524
cars_common_dates,rf,419,7060008710,0.4412423640534341,0.4373432476330722
cars_common_dates,rf,42,7060016090,0.3638269001899866,0.36119750073948004
cars_common_dates,rf,421,7060047060,0.2531768818393909,0.37429185680955895
cars_common_dates,rf,423,7060008710,0.26088848903149753,0.35042387588565893
cars_common_dates,rf,442,7060073620,0.28572417151052776,0.32500745132499914
cars_common_dates,rf,445,7060008710,0.2240630628268474,0.2530331396972939
cars_common_dates,rf,448,7060008710,0.22422282087727372,0.23939583729197572
cars_common_dates,rf,449,7060073620,0.4261070602587242,0.4213114222861407
cars_common_dates,rf,451,7060008710,0.2142445264803189,0.1374109231794206
cars_common_dates,rf,456,7060073620,0.2608338584507702,0.2378941255832804
cars_common_dates,rf,467,7060073620,0.5057106387210879,0.41037010627785814
cars_common_dates,rf,469,7060008710,0.4575206222839564,0.3935215786089497
cars_common_dates,rf,470,7060008710,0.3144868168959465,0.29930203016588863
cars_common_dates,rf,477,7060073620,0.2618498475460717,0.24706308640909963
cars_common_dates,rf,488,7060008710,0.2869836835447155,0.34716445499034265
cars_common_dates,rf,497,7060008710,0.24700568440186396,0.35852708470345773
cars_common_dates,rf,500,7060047060,0.35703468883504086,0.37537668487177034
cars_common_dates,rf,502,7060008710,0.30256003126516606,0.23489280889404807
cars_common_dates,rf,505,7060047060,0.23766253545933935,0.26712470482343015
cars_common_dates,rf,509,7060008710,0.0984713136044381,0.2425868030143143
cars_common_dates,rf,511,7060047060,0.08335690047648478,0.24853573390873776
cars_common_dates,rf,517,7060008710,0.34854533932283976,0.35855055886974
cars_common_dates,rf,518,7060008710,0.5118660138126203,0.4158865829888473
cars_common_dates,rf,522,7060047060,0.0714074460062018,0.2235241271363524
cars_common_dates,rf,524,7060073920,0.28382595219092877,0.4680720085057902
cars_common_dates,rf,530,7060047060,0.24882530842092745,0.2835458569613095
cars_common_dates,rf,531,7060008710,0.1908529417750354,0.25163838524085724
cars_common_dates,rf,533,7060047060,0.04986390739623532,0.22273645840002965
cars_common_dates,rf,536,7060008710,0.2525329620883653,0.22533051367434037
cars_common_dates,rf,541,7060008710,0.3372827560408248,0.35635703023581916
cars_common_dates,rf,542,7060008710,0.018790976407496537,0.07664629632710014
cars_common_dates,rf,549,7060008710,0.16803622947745633,0.153499119405759
cars_common_dates,rf,55,7060014930,0.2791762601383966,0.29751988054188244
cars_common_dates,rf,567,7060008710,0.6564016418499928,0.4410748792073885
cars_common_dates,rf,57,7060014930,0.34732171078527063,0.3553526086599743
cars_common_dates,rf,574,7060008710,0.3999103497763954,0.3984547738706968
cars_common_dates,rf,575,7060008710,0.34504417352417793,0.39669218436541037
cars_common_dates,rf,595,7060013550,0.10754748413925601,0.23126662362451048
cars_common_dates,rf,597,7060008710,0.5041937892767199,0.3926469817073264
cars_common_dates,rf,60,7060014930,0.20260488753198175,0.2619821780195509
cars_common_dates,rf,600,7060013550,0.2938719808940723,0.3131496002174958
cars_common_dates,rf,601,7060008710,0.39797903403268053,0.39006455940085444
cars_common_dates,rf,612,7060013550,0.10755643283182167,0.17381185844760694
cars_common_dates,rf,63,7060014930,0.2701039034820447,0.33723271388535847
cars_common_dates,rf,7308,7060043500,0.14571550714960219,0.11319696043690776
cars_common_dates,rf,7313,7060047060,0.18751672464372046,0.26712470482343015
cars_common_dates,rf,7318,7060047060,0.011479663444358702,0.2207806100276386
cars_common_dates,rf,753,7060047060,0.15115842356726944,0.29071649603848937
cars_common_dates,rf,870,7060047060,0.05710235177177171,0.2525311791475479
cars_common_dates,rf,882,7060047060,0.07484653405621544,0.204553982875574
cars_common_dates,rf,884,7060047060,0.05938908895560968,0.20099371406468378
cars_common_dates,rf,885,7060047060,0.06023055305811354,0.2006071314381078
cars_common_dates,rf,895,7060047060,0.01200902548294359,0.20078135911868522
cars_common_dates,rf,898,7060047060,0.4809622045609584,0.3514807863446838
cars_common_dates,rf,920,7060047060,0.009702717289224134,0.20189373694484075
cars_common_dates,rf,931,7060047060,1.2272655235377825,0.3564278151974786
cars_common_dates,rf,938,7060047060,0.4008198477457581,0.3598815752682092
raw_common_dates,mean,1017,7060047060,0.39350694741793457,0.30127679804664953
raw_common_dates,mean,1026,7060047060,0.27047730320991026,0.30127679804664953
raw_common_dates,mean,1033,7060047060,0.34903146806745766,0.30127679804664953
raw_common_dates,mean,1036,7060047060,0.20717264498721943,0.30127679804664953
raw_common_dates,mean,1042,7060047060,0.3236531161741061,0.30127679804664953
raw_common_dates,mean,1067,7060047060,0.6167405131405999,0.30127679804664953
raw_common_dates,mean,1086,7060049270,1.1065786202138204,0.27446582998975044
raw_common_dates,mean,1092,7060047060,0.6010081256172075,0.30127679804664953
raw_common_dates,mean,1101,7060047060,0.5979508334437655,0.30127679804664953
raw_common_dates,mean,1112,7060047060,0.4993501914700653,0.30127679804664953
raw_common_dates,mean,1121,7060047060,0.32837844858050913,0.30127679804664953
raw_common_dates,mean,1122,7060047060,0.5217491049159911,0.30127679804664953
raw_common_dates,mean,1125,7060047060,0.32837844858050913,0.30127679804664953
raw_common_dates,mean,1127,7060047060,0.5663454133318315,0.30127679804664953
raw_common_dates,mean,114,7060014340,0.28504764230307755,0.27432881696082967
raw_common_dates,mean,1151,7060047970,0.5843168922743912,0.27432881696082967
raw_common_dates,mean,1192,7060047060,0.16430907051601795,0.30127679804664953
raw_common_dates,mean,1237,7060047970,0.6706848696134027,0.27432881696082967
raw_common_dates,mean,1249,7060048410,1.1752645856080293,0.28004638634225504
raw_common_dates,mean,131,7060014200,0.27333918635913207,0.27446582998975044
raw_common_dates,mean,132,7060013550,0.22046421488839568,0.28004638634225504
raw_common_dates,mean,133,7060013550,0.0872185410310191,0.28004638634225504
raw_common_dates,mean,148,7060013550,0.21833227848872927,0.28004638634225504
raw_common_dates,mean,1586,7060047060,0.10904752528982808,0.30127679804664953
raw_common_dates,mean,1587,7060047060,0.2799957740271275,0.30127679804664953
raw_common_dates,mean,1592,7060047060,0.34382574108077185,0.30127679804664953
raw_common_dates,mean,1595,7060047060,0.10842850910012612,0.30127679804664953
raw_common_dates,mean,1600,7060047060,0.16390038915031843,0.30127679804664953
raw_common_dates,mean,1617,7060047060,0.26566128757157614,0.30127679804664953
raw_common_dates,mean,1619,7060047060,0.14994540981136933,0.30127679804664953
raw_common_dates,mean,1620,7060047060,0.27244922316425124,0.30127679804664953
raw_common_dates,mean,1631,7060047060,0.13586625120138024,0.30127679804664953
raw_common_dates,mean,1634,7060047060,0.1758207414989661,0.30127679804664953
raw_common_dates,mean,1636,7060047060,0.37686352202262224,0.30127679804664953
raw_common_dates,mean,1645,7060047060,0.46880108927990805,0.30127679804664953
raw_common_dates,mean,1650,7060047060,0.1902835665834986,0.30127679804664953
raw_common_dates,mean,1654,7060047060,0.4581723993322289,0.30127679804664953
raw_common_dates,mean,1655,7060047060,0.27903405496887934,0.30127679804664953
raw_common_dates,mean,1656,7060047060,0.2013737127912082,0.30127679804664953
raw_common_dates,mean,1683,7060047060,0.44087707368667267,0.30127679804664953
raw_common_dates,mean,169,7060013560,0.5358492196096671,0.27432881696082967
raw_common_dates,mean,1691,7060047060,0.11616721478804654,0.30127679804664953
raw_common_dates,mean,1699,7060047060,0.10173478820258915,0.30127679804664953
raw_common_dates,mean,1703,7060047060,0.716660099941124,0.30127679804664953
raw_common_dates,mean,1706,7060047060,0.14395730556039704,0.30127679804664953
raw_common_dates,mean,1707,7060047060,0.2516954924878223,0.30127679804664953
raw_common_dates,mean,1709,7060047060,0.09069195877190259,0.30127679804664953
raw_common_dates,mean,1712,7060047060,0.1190201878087824,0.30127679804664953
raw_common_dates,mean,1713,7060047060,0.2096398232608936,0.30127679804664953
raw_common_dates,mean,1714,7060047060,0.3091300571912571,0.30127679804664953
raw_common_dates,mean,1718,7060047060,0.44885605648942306,0.30127679804664953
raw_common_dates,mean,1723,7060047060,0.19395669459263004,0.30127679804664953
raw_common_dates,mean,1726,7060047060,0.10896403881507782,0.30127679804664953
raw_common_dates,mean,1735,7060047060,0.06979095290564989,0.30127679804664953
raw_common_dates,mean,1739,7060047060,0.29666539359342553,0.30127679804664953
raw_common_dates,mean,1740,7060047060,0.1758207414989661,0.30127679804664953
raw_common_dates,mean,1741,7060047060,0.3534252217323681,0.30127679804664953
raw_common_dates,mean,1742,7060047060,0.08480826170244422,0.30127679804664953
raw_common_dates,mean,1744,7060047060,0.2387276522901479,0.30127679804664953
raw_common_dates,mean,1752,7060047060,0.0302958959256767,0.30127679804664953
raw_common_dates,mean,1753,7060047060,0.034264448408433124,0.30127679804664953
raw_common_dates,mean,1755,7060047060,0.5562673086774179,0.30127679804664953
raw_common_dates,mean,1761,7060042310,0.27724474371309005,0.27446582998975044
raw_common_dates,mean,1768,7060047060,0.01211858013282131,0.30127679804664953
raw_common_dates,mean,1776,7060043090,0.0855439313352062,0.28004638634225504
raw_common_dates,mean,1777,7060047060,0.30228136103486564,0.30127679804664953
raw_common_dates,mean,182,7060013550,0.18271699961023843,0.28004638634225504
raw_common_dates,mean,1848,7060047060,0.5028227720001452,0.30127679804664953
raw_common_dates,mean,1851,7060043500,0.16275547134539953,0.27432881696082967
raw_common_dates,mean,1864,7060047060,0.5453666496134132,0.30127679804664953
raw_common_dates,mean,1869,7060047060,0.6497507178945514,0.30127679804664953
raw_common_dates,mean,1879,7060043160,0.5747260555684761,0.27446582998975044
raw_common_dates,mean,1883,7060043640,0.2594859396710334,0.27432881696082967
raw_common_dates,mean,191,7060013550,0.24386640433051454,0.28004638634225504
raw_common_dates,mean,198,7060013550,0.30894982013781086,0.28004638634225504
raw_common_dates,mean,204,7060013550,0.3066385469683326,0.28004638634225504
raw_common_dates,mean,292,7060022240,0.44893864747877954,0.27432881696082967
raw_common_dates,mean,307,7060047060,0.13710457100078935,0.30127679804664953
raw_common_dates,mean,310,7060014930,0.06279365977724899,0.27446582998975044
raw_common_dates,mean,316,7060014930,0.2222499551419378,0.27446582998975044
raw_common_dates,mean,319,7060047060,0.23881827227462005,0.30127679804664953
raw_common_dates,mean,355,7060047060,0.12340187249362164,0.30127679804664953
raw_common_dates,mean,361,7060014930,0.10836787673158613,0.27446582998975044
raw_common_dates,mean,362,7060047060,0.3841607485850629,0.30127679804664953
raw_common_dates,mean,364,7060047060,0.16250170400561625,0.30127679804664953
raw_common_dates,mean,368,7060047060,0.41289960337289583,0.30127679804664953
raw_common_dates,mean,372,7060014930,0.2942816619350156,0.27446582998975044
raw_common_dates,mean,373,7060047060,0.37558270113787345,0.30127679804664953
raw_common_dates,mean,384,7060014930,0.3030019109094392,0.27446582998975044
raw_common_dates,mean,386,7060014930,0.572864021275219,0.27446582998975044
raw_common_dates,mean,391,7060014930,0.11630684303528308,0.27446582998975044
raw_common_dates,mean,393,7060047060,0.22427692059245702,0.30127679804664953
raw_common_dates,mean,398,7060047060,0.2627616778487855,0.30127679804664953
raw_common_dates,mean,41,7060016090,0.30546303515284856,0.27446582998975044
raw_common_dates,mean,413,7060014930,0.015188338602546802,0.27446582998975044
raw_common_dates,mean,415,7060047060,0.0745806789865424,0.30127679804664953
raw_common_dates,mean,416,7060047060,0.17890221425805486,0.30127679804664953
raw_common_dates,mean,419,7060008710,0.44082065466842046,0.27446314928967364
raw_common_dates,mean,42,7060016090,0.366221789192078,0.27446582998975044
raw_common_dates,mean,421,7060047060,0.25493325998242067,0.30127679804664953
raw_common_dates,mean,423,7060008710,0.26117307204484375,0.27446314928967364
raw_common_dates,mean,442,7060073620,0.2752968810628519,0.27432881696082967
raw_common_dates,mean,445,7060008710,0.224138830757966,0.27446314928967364
raw_common_dates,mean,448,7060008710,0.22416607699504454,0.27446314928967364
raw_common_dates,mean,449,7060073620,0.4238798871954068,0.27432881696082967
raw_common_dates,mean,451,7060008710,0.22090927233216076,0.27446314928967364
raw_common_dates,mean,456,7060073620,0.25605914571423927,0.27432881696082967
raw_common_dates,mean,467,7060073620,0.5064303907785369,0.27432881696082967
raw_common_dates,mean,469,7060008710,0.45052235055286904,0.27446314928967364
raw_common_dates,mean,470,7060008710,0.31479673590326607,0.27446314928967364
raw_common_dates,mean,477,7060073620,0.2528298707120241,0.27432881696082967
raw_common_dates,mean,488,7060008710,0.28199738486015824,0.27446314928967364
raw_common_dates,mean,497,7060008710,0.2464086886680948,0.27446314928967364
raw_common_dates,mean,500,7060047060,0.3562560410703974,0.30127679804664953
raw_common_dates,mean,502,7060008710,0.30211006397508533,0.27446314928967364
raw_common_dates,mean,505,7060047060,0.23924474713225585,0.30127679804664953
raw_common_dates,mean,509,7060008710,0.09916879377383866,0.27446314928967364
raw_common_dates,mean,511,7060047060,0.08440368437655454,0.30127679804664953
raw_common_dates,mean,517,7060008710,0.3486366875331364,0.27446314928967364
raw_common_dates,mean,518,7060008710,0.5042386268704302,0.27446314928967364
raw_common_dates,mean,522,7060047060,0.07026054013384717,0.30127679804664953
raw_common_dates,mean,524,7060073920,0.28463745446912436,0.28004638634225504
raw_common_dates,mean,530,7060047060,0.24882327314142194,0.30127679804664953
raw_common_dates,mean,531,7060008710,0.19126019666584598,0.27446314928967364
raw_common_dates,mean,533,7060047060,0.06207667745984695,0.30127679804664953
raw_common_dates,mean,536,7060008710,0.25553116336390597,0.27446314928967364
raw_common_dates,mean,541,7060008710,0.33512067960589664,0.27446314928967364
raw_common_dates,mean,542,7060008710,0.021829390999163038,0.27446314928967364
raw_common_dates,mean,549,7060008710,0.17266983428947952,0.27446314928967364
raw_common_dates,mean,55,7060014930,0.2855472312792672,0.27446582998975044
raw_common_dates,mean,567,7060008710,0.6598461853590809,0.27446314928967364
raw_common_dates,mean,57,7060014930,0.3434381800795077,0.27446582998975044
raw_common_dates,mean,574,7060008710,0.4025920589861338,0.27446314928967364
raw_common_dates,mean,575,7060008710,0.3423624117302833,0.27446314928967364
raw_common_dates,mean,595,7060013550,0.10828677413827531,0.28004638634225504
raw_common_dates,mean,597,7060008710,0.504672677607412,0.27446314928967364
raw_common_dates,mean,60,7060014930,0.2041065565749272,0.27446582998975044
raw_common_dates,mean,600,7060013550,0.2973337878686663,0.28004638634225504
raw_common_dates,mean,601,7060008710,0.3984804482743115,0.27446314928967364
raw_common_dates,mean,612,7060013550,0.11004515406213367,0.28004638634225504
raw_common_dates,mean,63,7060014930,0.2689459370149505,0.27446582998975044
raw_common_dates,mean,7308,7060043500,0.17291437604455698,0.27432881696082967
raw_common_dates,mean,7313,7060047060,0.18782556894938995,0.30127679804664953
raw_common_dates,mean,7318,7060047060,0.01404860943222809,0.30127679804664953
raw_common_dates,mean,753,7060047060,0.15216346333752714,0.30127679804664953
raw_common_dates,mean,870,7060047060,0.05984246578898476,0.30127679804664953
raw_common_dates,mean,882,7060047060,0.07469940515764761,0.30127679804664953
raw_common_dates,mean,884,7060047060,0.0763158000949986,0.30127679804664953
raw_common_dates,mean,885,7060047060,0.06626214192426286,0.30127679804664953
raw_common_dates,mean,895,7060047060,0.014271387481084304,0.30127679804664953
raw_common_dates,mean,898,7060047060,0.4804827463621658,0.30127679804664953
raw_common_dates,mean,920,7060047060,0.010603340710536624,0.30127679804664953
raw_common_dates,mean,931,7060047060,1.2472731177871326,0.30127679804664953
raw_common_dates,mean,938,7060047060,0.38426009158298446,0.30127679804664953
raw_common_dates,persistence,1017,7060047060,0.39350694741793457,0.32732625657686143
raw_common_dates,persistence,1026,7060047060,0.27047730320991026,0.2834168970340526
raw_common_dates,persistence,1033,7060047060,0.34903146806745766,0.33911868468061473
raw_common_dates,persistence,1036,7060047060,0.20717264498721943,0.21383819202015208
raw_common_dates,persistence,1042,7060047060,0.3236531161741061,0.3812739904689628
raw_common_dates,persistence,1067,7060047060,0.6167405131405999,0.5506501849189527
raw_common_dates,persistence,1086,7060049270,1.1065786202138204,0.8848431516750894
raw_common_dates,persistence,1092,7060047060,0.6010081256172075,0.5212600112783097
raw_common_dates,persistence,1101,7060047060,0.5979508334437655,0.48238399696401857
raw_common_dates,persistence,1112,7060047060,0.4993501914700653,0.38296951698055165
raw_common_dates,persistence,1121,7060047060,0.32837844858050913,0.25815139018932476
raw_common_dates,persistence,1122,7060047060,0.5217491049159911,0.45839296501237914
raw_common_dates,persistence,1125,7060047060,0.32837844858050913,0.25815139018932476
raw_common_dates,persistence,1127,7060047060,0.5663454133318315,0.4843791452026821
raw_common_dates,persistence,114,7060014340,0.28504764230307755,0.419876774547364
raw_common_dates,persistence,1151,7060047970,0.5843168922743912,0.39937269564133215
raw_common_dates,persistence,1192,7060047060,0.16430907051601795,0.12311908521187284
raw_common_dates,persistence,1237,7060047970,0.6706848696134027,0.5579418713718229
raw_common_dates,persistence,1249,7060048410,1.1752645856080293,0.8786082927534192
raw_common_dates,persistence,131,7060014200,0.27333918635913207,0.24841927731797692
raw_common_dates,persistence,132,7060013550,0.22046421488839568,0.14926934675484932
raw_common_dates,persistence,133,7060013550,0.0872185410310191,0.046577233014649444
raw_common_dates,persistence,148,7060013550,0.21833227848872927,0.18173948436536902
raw_common_dates,persistence,1586,7060047060,0.10904752528982808,0.13506777257551217
raw_common_dates,persistence,1587,7060047060,0.2799957740271275,0.27537901244813345
raw_common_dates,persistence,1592,7060047060,0.34382574108077185,0.21977552761039992
raw_common_dates,persistence,1595,7060047060,0.10842850910012612,0.04052037059224774
raw_common_dates,persistence,1600,7060047060,0.16390038915031843,0.14189920675046158
raw_common_dates,persistence,1617,7060047060,0.26566128757157614,0.31342708481125076
raw_common_dates,persistence,1619,7060047060,0.14994540981136933,0.2411145373293386
raw_common_dates,persistence,1620,7060047060,0.27244922316425124,0.29373950829282947
raw_common_dates,persistence,1631,7060047060,0.13586625120138024,0.20831804751261715
raw_common_dates,persistence,1634,7060047060,0.1758207414989661,0.14422797835809964
raw_common_dates,persistence,1636,7060047060,0.37686352202262224,0.48578499594909874
raw_common_dates,persistence,1645,7060047060,0.46880108927990805,0.4352714907165549
raw_common_dates,persistence,1650,7060047060,0.1902835665834986,0.29790227844638123
raw_common_dates,persistence,1654,7060047060,0.4581723993322289,0.44796201049184103
raw_common_dates,persistence,1655,7060047060,0.27903405496887934,0.2795508120545117
raw_common_dates,persistence,1656,7060047060,0.2013737127912082,0.1581455963637178
raw_common_dates,persistence,1683,7060047060,0.44087707368667267,0.38006640718230245
raw_common_dates,persistence,169,7060013560,0.5358492196096671,0.6260428067800482
raw_common_dates,persistence,1691,7060047060,0.11616721478804654,0.16906698920481789
raw_common_dates,persistence,1699,7060047060,0.10173478820258915,0.0932043910144893
raw_common_dates,persistence,1703,7060047060,0.716660099941124,0.6006220667118699
raw_common_dates,persistence,1706,7060047060,0.14395730556039704,0.13765369183842868
raw_common_dates,persistence,1707,7060047060,0.2516954924878223,0.29054549589074513
raw_common_dates,persistence,1709,7060047060,0.09069195877190259,0.06746998050513128
raw_common_dates,persistence,1712,7060047060,0.1190201878087824,0.14040051365660172
raw_common_dates,persistence,1713,7060047060,0.2096398232608936,0.28784117898830874
raw_common_dates,persistence,1714,7060047060,0.3091300571912571,0.3715533410694491
raw_common_dates,persistence,1718,7060047060,0.44885605648942306,0.4887165938297443
raw_common_dates,persistence,1723,7060047060,0.19395669459263004,0.2058555663805134
raw_common_dates,persistence,1726,7060047060,0.10896403881507782,0.12855630496026077
raw_common_dates,persistence,1735,7060047060,0.06979095290564989,0.08022106913608207
raw_common_dates,persistence,1739,7060047060,0.29666539359342553,0.30490781245337906
raw_common_dates,persistence,1740,7060047060,0.1758207414989661,0.14422797835809964
raw_common_dates,persistence,1741,7060047060,0.3534252217323681,0.30269984489098456
raw_common_dates,persistence,1742,7060047060,0.08480826170244422,0.08475095118718173
raw_common_dates,persistence,1744,7060047060,0.2387276522901479,0.21328782928822254
raw_common_dates,persistence,1752,7060047060,0.0302958959256767,0.04174413093244561
raw_common_dates,persistence,1753,7060047060,0.034264448408433124,0.12688018325062994
raw_common_dates,persistence,1755,7060047060,0.5562673086774179,0.4676057793716548
raw_common_dates,persistence,1761,7060042310,0.27724474371309005,0.22092728935311007
raw_common_dates,persistence,1768,7060047060,0.01211858013282131,0.019045252163574136
raw_common_dates,persistence,1776,7060043090,0.0855439313352062,0.04673633933514659
raw_common_dates,persistence,1777,7060047060,0.30228136103486564,0.292893701696213
raw_common_dates,persistence,182,7060013550,0.18271699961023843,0.18876530730899535
raw_common_dates,persistence,1848,7060047060,0.5028227720001452,0.5055296456992726
raw_common_dates,persistence,1851,7060043500,0.16275547134539953,0.21430080920704023
raw_common_dates,persistence,1864,7060047060,0.5453666496134132,0.5237262413583994
raw_common_dates,persistence,1869,7060047060,0.6497507178945514,0.6825118324280082
raw_common_dates,persistence,1879,7060043160,0.5747260555684761,0.5557630083151025
raw_common_dates,persistence,1883,7060043640,0.2594859396710334,0.23033722735379167
raw_common_dates,persistence,191,7060013550,0.24386640433051454,0.3272170127162451
raw_common_dates,persistence,198,7060013550,0.30894982013781086,0.36301238201428054
raw_common_dates,persistence,204,7060013550,0.3066385469683326,0.3778348677466956
raw_common_dates,persistence,292,7060022240,0.44893864747877954,0.42200139136783466
raw_common_dates,persistence,307,7060047060,0.13710457100078935,0.15470541289290046
raw_common_dates,persistence,310,7060014930,0.06279365977724899,0.06604083258205336
raw_common_dates,persistence,316,7060014930,0.2222499551419378,0.23956559273349093
raw_common_dates,persistence,319,7060047060,0.23881827227462005,0.25458913624304513
raw_common_dates,persistence,355,7060047060,0.12340187249362164,0.1511515807310599
raw_common_dates,persistence,361,7060014930,0.10836787673158613,0.11765121509929247
raw_common_dates,persistence,362,7060047060,0.3841607485850629,0.6821706073259356
raw_common_dates,persistence,364,7060047060,0.16250170400561625,0.13855064487215552
raw_common_dates,persistence,368,7060047060,0.41289960337289583,0.3949308315381802
raw_common_dates,persistence,372,7060014930,0.2942816619350156,0.3156344414759076
raw_common_dates,persistence,373,7060047060,0.37558270113787345,0.47070628348938015
raw_common_dates,persistence,384,7060014930,0.3030019109094392,0.2819591444181446
raw_common_dates,persistence,386,7060014930,0.572864021275219,0.528810898347174
raw_common_dates,persistence,391,7060014930,0.11630684303528308,0.14040808614001055
raw_common_dates,persistence,393,7060047060,0.22427692059245702,0.2318804158587709
raw_common_dates,persistence,398,7060047060,0.2627616778487855,0.2315010968717211
raw_common_dates,persistence,41,7060016090,0.30546303515284856,0.28046628020470366
raw_common_dates,persistence,413,7060014930,0.015188338602546802,0.026689603366676348
raw_common_dates,persistence,415,7060047060,0.0745806789865424,0.07569707632721556
raw_common_dates,persistence,416,7060047060,0.17890221425805486,0.14739472370243467
raw_common_dates,persistence,419,7060008710,0.44082065466842046,0.5000644879242638
raw_common_dates,persistence,42,7060016090,0.366221789192078,0.33841626142315506
raw_common_dates,persistence,421,7060047060,0.25493325998242067,0.4035093113691528
raw_common_dates,persistence,423,7060008710,0.26117307204484375,0.3286078843081458
raw_common_dates,persistence,442,7060073620,0.2752968810628519,0.2857415201534098
raw_common_dates,persistence,445,7060008710,0.224138830757966,0.2585428572103122
raw_common_dates,persistence,448,7060008710,0.22416607699504454,0.2339789882123406
raw_common_dates,persistence,449,7060073620,0.4238798871954068,0.5045444976662925
raw_common_dates,persistence,451,7060008710,0.22090927233216076,0.13899259893238797
raw_common_dates,persistence,456,7060073620,0.25605914571423927,0.22083893395156676
raw_common_dates,persistence,467,7060073620,0.5064303907785369,0.44718494903775585
raw_common_dates,persistence,469,7060008710,0.45052235055286904,0.4130908565376275
raw_common_dates,persistence,470,7060008710,0.31479673590326607,0.295631999210478
raw_common_dates,persistence,477,7060073620,0.2528298707120241,0.3057173466462336
raw_common_dates,persistence,488,7060008710,0.28199738486015824,0.390309253085163
raw_common_dates,persistence,497,7060008710,0.2464086886680948,0.3400521138301063
raw_common_dates,persistence,500,7060047060,0.3562560410703974,0.3863352444733229
raw_common_dates,persistence,502,7060008710,0.30211006397508533,0.22638360625180481
raw_common_dates,persistence,505,7060047060,0.23924474713225585,0.21416520673928122
raw_common_dates,persistence,509,7060008710,0.09916879377383866,0.22663711791862462
raw_common_dates,persistence,511,7060047060,0.08440368437655454,0.11562480452300766
raw_common_dates,persistence,517,7060008710,0.3486366875331364,0.37667294299469406
raw_common_dates,persistence,518,7060008710,0.5042386268704302,0.49206455984819475
raw_common_dates,persistence,522,7060047060,0.07026054013384717,0.1178565130813419
raw_common_dates,persistence,524,7060073920,0.28463745446912436,0.6056334554122743
raw_common_dates,persistence,530,7060047060,0.24882327314142194,0.22146285246209962
raw_common_dates,persistence,531,7060008710,0.19126019666584598,0.24304869606496618
raw_common_dates,persistence,533,7060047060,0.06207667745984695,0.0717785558395135
raw_common_dates,persistence,536,7060008710,0.25553116336390597,0.246914396231868
raw_common_dates,persistence,541,7060008710,0.33512067960589664,0.3855330714681625
raw_common_dates,persistence,542,7060008710,0.021829390999163038,0.062185232801962954
raw_common_dates,persistence,549,7060008710,0.17266983428947952,0.1289048748424131
raw_common_dates,persistence,55,7060014930,0.2855472312792672,0.29859361974404636
raw_common_dates,persistence,567,7060008710,0.6598461853590809,0.568167901667212
raw_common_dates,persistence,57,7060014930,0.3434381800795077,0.39010191957263496
raw_common_dates,persistence,574,7060008710,0.4025920589861338,0.4532693325676319
raw_common_dates,persistence,575,7060008710,0.3423624117302833,0.45090363592699056
raw_common_dates,persistence,595,7060013550,0.10828677413827531,0.19201996238898328
raw_common_dates,persistence,597,7060008710,0.504672677607412,0.481298882047343
raw_common_dates,persistence,60,7060014930,0.2041065565749272,0.2663200574555232
raw_common_dates,persistence,600,7060013550,0.2973337878686663,0.29213311975886014
raw_common_dates,persistence,601,7060008710,0.3984804482743115,0.3477240963723892
raw_common_dates,persistence,612,7060013550,0.11004515406213367,0.14999185935931425
raw_common_dates,persistence,63,7060014930,0.2689459370149505,0.3629869753237469
raw_common_dates,persistence,7308,7060043500,0.17291437604455698,0.13151636261207936
raw_common_dates,persistence,7313,7060047060,0.18782556894938995,0.20539925152870275
raw_common_dates,persistence,7318,7060047060,0.01404860943222809,0.011668990812269998
raw_common_dates,persistence,753,7060047060,0.15216346333752714,0.2442817547925933
raw_common_dates,persistence,870,7060047060,0.05984246578898476,0.1978266320944444
raw_common_dates,persistence,882,7060047060,0.07469940515764761,0.12314076028634954
raw_common_dates,persistence,884,7060047060,0.0763158000949986,0.08297545924434035
raw_common_dates,persistence,885,7060047060,0.06626214192426286,0.18094667801319542
raw_common_dates,persistence,895,7060047060,0.014271387481084304,0.020511690869501536
raw_common_dates,persistence,898,7060047060,0.4804827463621658,0.7789655626985532
raw_common_dates,persistence,920,7060047060,0.010603340710536624,0.04751129309744815
raw_common_dates,persistence,931,7060047060,1.2472731177871326,0.9539932496405352
raw_common_dates,persistence,938,7060047060,0.38426009158298446,0.8131914182348002
raw_common_dates,ridge,1017,7060047060,0.39350694741793457,0.3897313108371438
raw_common_dates,ridge,1026,7060047060,0.27047730320991026,0.34907145702043435
raw_common_dates,ridge,1033,7060047060,0.34903146806745766,0.4191563832620049
raw_common_dates,ridge,1036,7060047060,0.20717264498721943,0.291785962258776
raw_common_dates,ridge,1042,7060047060,0.3236531161741061,0.4095911209330601
raw_common_dates,ridge,1067,7060047060,0.6167405131405999,0.5310105899954826
raw_common_dates,ridge,1086,7060049270,1.1065786202138204,0.69615913866152
raw_common_dates,ridge,1092,7060047060,0.6010081256172075,0.5161748803435695
raw_common_dates,ridge,1101,7060047060,0.5979508334437655,0.4228561415380797
raw_common_dates,ridge,1112,7060047060,0.4993501914700653,0.3993724740403788
raw_common_dates,ridge,1121,7060047060,0.32837844858050913,0.3231750950978779
raw_common_dates,ridge,1122,7060047060,0.5217491049159911,0.46311633532930685
raw_common_dates,ridge,1125,7060047060,0.32837844858050913,0.3231750950978779
raw_common_dates,ridge,1127,7060047060,0.5663454133318315,0.4864948791393481
raw_common_dates,ridge,114,7060014340,0.28504764230307755,0.38053941748339
raw_common_dates,ridge,1151,7060047970,0.5843168922743912,0.5096524404311769
raw_common_dates,ridge,1192,7060047060,0.16430907051601795,0.1938794420956515
raw_common_dates,ridge,1237,7060047970,0.6706848696134027,0.5115021308777155
raw_common_dates,ridge,1249,7060048410,1.1752645856080293,0.8879088802845776
raw_common_dates,ridge,131,7060014200,0.27333918635913207,0.2440768515148814
raw_common_dates,ridge,132,7060013550,0.22046421488839568,0.157966683904569
raw_common_dates,ridge,133,7060013550,0.0872185410310191,0.07583566745031003
raw_common_dates,ridge,148,7060013550,0.21833227848872927,0.1881258012223774
raw_common_dates,ridge,1586,7060047060,0.10904752528982808,0.27579011088640304
raw_common_dates,ridge,1587,7060047060,0.2799957740271275,0.3353285780691598
raw_common_dates,ridge,1592,7060047060,0.34382574108077185,0.309075753980574
raw_common_dates,ridge,1595,7060047060,0.10842850910012612,0.19130723044419465
raw_common_dates,ridge,1600,7060047060,0.16390038915031843,0.26183551858785054
raw_common_dates,ridge,1617,7060047060,0.26566128757157614,0.3371527818239338
raw_common_dates,ridge,1619,7060047060,0.14994540981136933,0.3049395542481972
raw_common_dates,ridge,1620,7060047060,0.27244922316425124,0.3040572562470915
raw_common_dates,ridge,1631,7060047060,0.13586625120138024,0.30216988900343167
raw_common_dates,ridge,1634,7060047060,0.1758207414989661,0.24386494342408174
raw_common_dates,ridge,1636,7060047060,0.37686352202262224,0.43213588762357236
raw_common_dates,ridge,1645,7060047060,0.46880108927990805,0.4393236230858909
raw_common_dates,ridge,1650,7060047060,0.1902835665834986,0.35106318648330137
raw_common_dates,ridge,1654,7060047060,0.4581723993322289,0.426881267770558
raw_common_dates,ridge,1655,7060047060,0.27903405496887934,0.347763789175491
raw_common_dates,ridge,1656,7060047060,0.2013737127912082,0.2644840047621909
raw_common_dates,ridge,1683,7060047060,0.44087707368667267,0.4168511776775441
raw_common_dates,ridge,169,7060013560,0.5358492196096671,0.5342868232015164
raw_common_dates,ridge,1691,7060047060,0.11616721478804654,0.2624366575452275
raw_common_dates,ridge,1699,7060047060,0.10173478820258915,0.2044363086769942
raw_common_dates,ridge,1703,7060047060,0.716660099941124,0.526208692039518
raw_common_dates,ridge,1706,7060047060,0.14395730556039704,0.24123312716813633
raw_common_dates,ridge,1707,7060047060,0.2516954924878223,0.37049823779073565
raw_common_dates,ridge,1709,7060047060,0.09069195877190259,0.19208920615171377
raw_common_dates,ridge,1712,7060047060,0.1190201878087824,0.27637113597744106
raw_common_dates,ridge,1713,7060047060,0.2096398232608936,0.3472099903152607
raw_common_dates,ridge,1714,7060047060,0.3091300571912571,0.35643048668578303
raw_common_dates,ridge,1718,7060047060,0.44885605648942306,0.4592585543057538
raw_common_dates,ridge,1723,7060047060,0.19395669459263004,0.2929865330453303
raw_common_dates,ridge,1726,7060047060,0.10896403881507782,0.25730659030371617
raw_common_dates,ridge,1735,7060047060,0.06979095290564989,0.22867747302256136
raw_common_dates,ridge,1739,7060047060,0.29666539359342553,0.35439880974093435
raw_common_dates,ridge,1740,7060047060,0.1758207414989661,0.24386494342408174
raw_common_dates,ridge,1741,7060047060,0.3534252217323681,0.34824326506235453
raw_common_dates,ridge,1742,7060047060,0.08480826170244422,0.21886856838655086
raw_common_dates,ridge,1744,7060047060,0.2387276522901479,0.30069353436440815
raw_common_dates,ridge,1752,7060047060,0.0302958959256767,0.146264725430361
raw_common_dates,ridge,1753,7060047060,0.034264448408433124,0.20288556279386863
raw_common_dates,ridge,1755,7060047060,0.5562673086774179,0.41632743242779424
raw_common_dates,ridge,1761,7060042310,0.27724474371309005,0.20856812543498426
raw_common_dates,ridge,1768,7060047060,0.01211858013282131,0.14394706560570453
raw_common_dates,ridge,1776,7060043090,0.0855439313352062,0.08396512910320159
raw_common_dates,ridge,1777,7060047060,0.30228136103486564,0.3334792955879873
raw_common_dates,ridge,182,7060013550,0.18271699961023843,0.19389873068966207
raw_common_dates,ridge,1848,7060047060,0.5028227720001452,0.4064237061734876
raw_common_dates,ridge,1851,7060043500,0.16275547134539953,0.18254498803295954
raw_common_dates,ridge,1864,7060047060,0.5453666496134132,0.41635700509809087
raw_common_dates,ridge,1869,7060047060,0.6497507178945514,0.5111089369224204
raw_common_dates,ridge,1879,7060043160,0.5747260555684761,0.4051660077063431
raw_common_dates,ridge,1883,7060043640,0.2594859396710334,0.2274178960595329
raw_common_dates,ridge,191,7060013550,0.24386640433051454,0.2887475079074895
raw_common_dates,ridge,198,7060013550,0.30894982013781086,0.31172337073174194
raw_common_dates,ridge,204,7060013550,0.3066385469683326,0.33486337746197814
raw_common_dates,ridge,292,7060022240,0.44893864747877954,0.33695249333586547
raw_common_dates,ridge,307,7060047060,0.13710457100078935,0.21430154605034496
raw_common_dates,ridge,310,7060014930,0.06279365977724899,0.07041362925398281
raw_common_dates,ridge,316,7060014930,0.2222499551419378,0.2242465751319096
raw_common_dates,ridge,319,7060047060,0.23881827227462005,0.3245783159286369
raw_common_dates,ridge,355,7060047060,0.12340187249362164,0.24012781445151538
raw_common_dates,ridge,361,7060014930,0.10836787673158613,0.1591296674479053
raw_common_dates,ridge,362,7060047060,0.3841607485850629,0.46212761069837166
raw_common_dates,ridge,364,7060047060,0.16250170400561625,0.19533402747182474
raw_common_dates,ridge,368,7060047060,0.41289960337289583,0.41981258627065415
raw_common_dates,ridge,372,7060014930,0.2942816619350156,0.3409967647494171
raw_common_dates,ridge,373,7060047060,0.37558270113787345,0.44692653069919563
raw_common_dates,ridge,384,7060014930,0.3030019109094392,0.29822475148008526
raw_common_dates,ridge,386,7060014930,0.572864021275219,0.5060665436595668
raw_common_dates,ridge,391,7060014930,0.11630684303528308,0.16400915215513773
raw_common_dates,ridge,393,7060047060,0.22427692059245702,0.2984653189863975
raw_common_dates,ridge,398,7060047060,0.2627616778487855,0.3207639186711165
raw_common_dates,ridge,41,7060016090,0.30546303515284856,0.2518028621616848
raw_common_dates,ridge,413,7060014930,0.015188338602546802,0.08110583379435568
raw_common_dates,ridge,415,7060047060,0.0745806789865424,0.1734168381988432
raw_common_dates,ridge,416,7060047060,0.17890221425805486,0.2174383876769585
raw_common_dates,ridge,419,7060008710,0.44082065466842046,0.45630227379312904
raw_common_dates,ridge,42,7060016090,0.366221789192078,0.28187146414528386
raw_common_dates,ridge,421,7060047060,0.25493325998242067,0.4154787141191734
raw_common_dates,ridge,423,7060008710,0.26117307204484375,0.3005914452024694
raw_common_dates,ridge,442,7060073620,0.2752968810628519,0.2881213396439968
raw_common_dates,ridge,445,7060008710,0.224138830757966,0.31939151916281483
raw_common_dates,ridge,448,7060008710,0.22416607699504454,0.3012891039594048
raw_common_dates,ridge,449,7060073620,0.4238798871954068,0.36898548503293105
raw_common_dates,ridge,451,7060008710,0.22090927233216076,0.13822080054666963
raw_common_dates,ridge,456,7060073620,0.25605914571423927,0.22535095139450112
raw_common_dates,ridge,467,7060073620,0.5064303907785369,0.4211423478770631
raw_common_dates,ridge,469,7060008710,0.45052235055286904,0.4195020040658826
raw_common_dates,ridge,470,7060008710,0.31479673590326607,0.38581944670061497
raw_common_dates,ridge,477,7060073620,0.2528298707120241,0.25793620083430346
raw_common_dates,ridge,488,7060008710,0.28199738486015824,0.3189790388372199
raw_common_dates,ridge,497,7060008710,0.2464086886680948,0.3457685098190415
raw_common_dates,ridge,500,7060047060,0.3562560410703974,0.38030985297683323
raw_common_dates,ridge,502,7060008710,0.30211006397508533,0.23900592401524912
raw_common_dates,ridge,505,7060047060,0.23924474713225585,0.2501767486440806
raw_common_dates,ridge,509,7060008710,0.09916879377383866,0.2808421750993361
raw_common_dates,ridge,511,7060047060,0.08440368437655454,0.28358012265639637
raw_common_dates,ridge,517,7060008710,0.3486366875331364,0.35366033429221166
raw_common_dates,ridge,518,7060008710,0.5042386268704302,0.4739045379940019
raw_common_dates,ridge,522,7060047060,0.07026054013384717,0.2063973430829412
raw_common_dates,ridge,524,7060073920,0.28463745446912436,0.5806077560023071
raw_common_dates,ridge,530,7060047060,0.24882327314142194,0.25781330860798585
raw_common_dates,ridge,531,7060008710,0.19126019666584598,0.31857432483662973
raw_common_dates,ridge,533,7060047060,0.06207667745984695,0.1709413027954601
raw_common_dates,ridge,536,7060008710,0.25553116336390597,0.2527182693879263
raw_common_dates,ridge,541,7060008710,0.33512067960589664,0.3497804743228552
raw_common_dates,ridge,542,7060008710,0.021829390999163038,0.07648090276555441
raw_common_dates,ridge,549,7060008710,0.17266983428947952,0.15881081274512807
raw_common_dates,ridge,55,7060014930,0.2855472312792672,0.26677073521156147
raw_common_dates,ridge,567,7060008710,0.6598461853590809,0.562960405930823
raw_common_dates,ridge,57,7060014930,0.3434381800795077,0.3343524753631825
raw_common_dates,ridge,574,7060008710,0.4025920589861338,0.4474530866484597
raw_common_dates,ridge,575,7060008710,0.3423624117302833,0.4152916966419671
raw_common_dates,ridge,595,7060013550,0.10828677413827531,0.19791241522551128
raw_common_dates,ridge,597,7060008710,0.504672677607412,0.3835594023296701
raw_common_dates,ridge,60,7060014930,0.2041065565749272,0.246727788624706
raw_common_dates,ridge,600,7060013550,0.2973337878686663,0.29699989983761665
raw_common_dates,ridge,601,7060008710,0.3984804482743115,0.328029583335658
raw_common_dates,ridge,612,7060013550,0.11004515406213367,0.20461815331773464
raw_common_dates,ridge,63,7060014930,0.2689459370149505,0.30656290067876024
raw_common_dates,ridge,7308,7060043500,0.17291437604455698,0.1146475914538077
raw_common_dates,ridge,7313,7060047060,0.18782556894938995,0.25082813277073024
raw_common_dates,ridge,7318,7060047060,0.01404860943222809,0.1378218878653668
raw_common_dates,ridge,753,7060047060,0.15216346333752714,0.25229759397966134
raw_common_dates,ridge,870,7060047060,0.05984246578898476,0.21218822473710974
raw_common_dates,ridge,882,7060047060,0.07469940515764761,0.19460404165458697
raw_common_dates,ridge,884,7060047060,0.0763158000949986,0.13888553908872692
raw_common_dates,ridge,885,7060047060,0.06626214192426286,0.1938219025462295
raw_common_dates,ridge,895,7060047060,0.014271387481084304,0.11062775855073201
raw_common_dates,ridge,898,7060047060,0.4804827463621658,0.5112526516072623
raw_common_dates,ridge,920,7060047060,0.010603340710536624,0.13411079139814217
raw_common_dates,ridge,931,7060047060,1.2472731177871326,0.5747410257546544
raw_common_dates,ridge,938,7060047060,0.38426009158298446,0.618234111144327
raw_common_dates,rf,1017,7060047060,0.39350694741793457,0.34672379641587747
raw_common_dates,rf,1026,7060047060,0.27047730320991026,0.33516993278484697
raw_common_dates,rf,1033,7060047060,0.34903146806745766,0.37432964221072834
raw_common_dates,rf,1036,7060047060,0.20717264498721943,0.2579829404625853
raw_common_dates,rf,1042,7060047060,0.3236531161741061,0.3712698554913116
raw_common_dates,rf,1067,7060047060,0.6167405131405999,0.37692813062355357
raw_common_dates,rf,1086,7060049270,1.1065786202138204,0.45643279934273195
raw_common_dates,rf,1092,7060047060,0.6010081256172075,0.37744817043954365
raw_common_dates,rf,1101,7060047060,0.5979508334437655,0.3473879216659785
raw_common_dates,rf,1112,7060047060,0.4993501914700653,0.3698246789311769
raw_common_dates,rf,1121,7060047060,0.32837844858050913,0.3189407435123708
raw_common_dates,rf,1122,7060047060,0.5217491049159911,0.36848313685112916
raw_common_dates,rf,1125,7060047060,0.32837844858050913,0.3189407435123708
raw_common_dates,rf,1127,7060047060,0.5663454133318315,0.37393724425404945
raw_common_dates,rf,114,7060014340,0.28504764230307755,0.4296453497243884
raw_common_dates,rf,1151,7060047970,0.5843168922743912,0.4597308568331955
raw_common_dates,rf,1192,7060047060,0.16430907051601795,0.21709489561875336
raw_common_dates,rf,1237,7060047970,0.6706848696134027,0.5213274642941231
raw_common_dates,rf,1249,7060048410,1.1752645856080293,0.537281022890146
raw_common_dates,rf,131,7060014200,0.27333918635913207,0.2878446922481043
raw_common_dates,rf,132,7060013550,0.22046421488839568,0.1500377255278952
raw_common_dates,rf,133,7060013550,0.0872185410310191,0.0815417519040053
raw_common_dates,rf,148,7060013550,0.21833227848872927,0.21571076644924722
raw_common_dates,rf,1586,7060047060,0.10904752528982808,0.24452731647118647
raw_common_dates,rf,1587,7060047060,0.2799957740271275,0.33434843052078933
raw_common_dates,rf,1592,7060047060,0.34382574108077185,0.2571614381985277
raw_common_dates,rf,1595,7060047060,0.10842850910012612,0.24088222753952157
raw_common_dates,rf,1600,7060047060,0.16390038915031843,0.24562404561251905
raw_common_dates,rf,1617,7060047060,0.26566128757157614,0.34191786158910054
raw_common_dates,rf,1619,7060047060,0.14994540981136933,0.2920829589670749
raw_common_dates,rf,1620,7060047060,0.27244922316425124,0.33802668141260356
raw_common_dates,rf,1631,7060047060,0.13586625120138024,0.2579048205142514
raw_common_dates,rf,1634,7060047060,0.1758207414989661,0.24452731647118647
raw_common_dates,rf,1636,7060047060,0.37686352202262224,0.3467167974085259
raw_common_dates,rf,1645,7060047060,0.46880108927990805,0.36848313685112916
raw_common_dates,rf,1650,7060047060,0.1902835665834986,0.3368893393806423
raw_common_dates,rf,1654,7060047060,0.4581723993322289,0.36848313685112916
raw_common_dates,rf,1655,7060047060,0.27903405496887934,0.3400520020262085
raw_common_dates,rf,1656,7060047060,0.2013737127912082,0.2440072766551964
raw_common_dates,rf,1683,7060047060,0.44087707368667267,0.3677791891414486
raw_common_dates,rf,169,7060013560,0.5358492196096671,0.4559017762807786
raw_common_dates,rf,1691,7060047060,0.11616721478804654,0.24302184241948857
raw_common_dates,rf,1699,7060047060,0.10173478820258915,0.24128547930787075
raw_common_dates,rf,1703,7060047060,0.716660099941124,0.3734172044380594
raw_common_dates,rf,1706,7060047060,0.14395730556039704,0.24362515303952853
raw_common_dates,rf,1707,7060047060,0.2516954924878223,0.3346498929688569
raw_common_dates,rf,1709,7060047060,0.09069195877190259,0.24128547930787075
raw_common_dates,rf,1712,7060047060,0.1190201878087824,0.24362515303952853
raw_common_dates,rf,1713,7060047060,0.2096398232608936,0.31238250117622185
raw_common_dates,rf,1714,7060047060,0.3091300571912571,0.3439260826509898
raw_common_dates,rf,1718,7060047060,0.44885605648942306,0.36848313685112916
raw_common_dates,rf,1723,7060047060,0.19395669459263004,0.25607384480012846
raw_common_dates,rf,1726,7060047060,0.10896403881507782,0.24362515303952853
raw_common_dates,rf,1735,7060047060,0.06979095290564989,0.24482877891925406
raw_common_dates,rf,1739,7060047060,0.29666539359342553,0.32324122494681645
raw_common_dates,rf,1740,7060047060,0.1758207414989661,0.24452731647118647
raw_common_dates,rf,1741,7060047060,0.3534252217323681,0.34467676286065924
raw_common_dates,rf,1742,7060047060,0.08480826170244422,0.22041063539211433
raw_common_dates,rf,1744,7060047060,0.2387276522901479,0.231650364049227
raw_common_dates,rf,1752,7060047060,0.0302958959256767,0.21030909352212068
raw_common_dates,rf,1753,7060047060,0.034264448408433124,0.2097890537061306
raw_common_dates,rf,1755,7060047060,0.5562673086774179,0.368844395551185
raw_common_dates,rf,1761,7060042310,0.27724474371309005,0.21853235510427307
raw_common_dates,rf,1768,7060047060,0.01211858013282131,0.2136242413624554
raw_common_dates,rf,1776,7060043090,0.0855439313352062,0.09009008465437734
raw_common_dates,rf,1777,7060047060,0.30228136103486564,0.31883791265973443
raw_common_dates,rf,182,7060013550,0.18271699961023843,0.21262015869565215
raw_common_dates,rf,1848,7060047060,0.5028227720001452,0.34786586778711137
raw_common_dates,rf,1851,7060043500,0.16275547134539953,0.17005207787660312
raw_common_dates,rf,1864,7060047060,0.5453666496134132,0.34795376421743723
raw_common_dates,rf,1869,7060047060,0.6497507178945514,0.344973586503595
raw_common_dates,rf,1879,7060043160,0.5747260555684761,0.37924018336669696
raw_common_dates,rf,1883,7060043640,0.2594859396710334,0.2029844453974078
raw_common_dates,rf,191,7060013550,0.24386640433051454,0.32848257031887207
raw_common_dates,rf,198,7060013550,0.30894982013781086,0.3135157634437571
raw_common_dates,rf,204,7060013550,0.3066385469683326,0.3190951806715035
raw_common_dates,rf,292,7060022240,0.44893864747877954,0.41101850094441394
raw_common_dates,rf,307,7060047060,0.13710457100078935,0.2347272370492604
raw_common_dates,rf,310,7060014930,0.06279365977724899,0.08797546059383012
raw_common_dates,rf,316,7060014930,0.2222499551419378,0.24616591301025342
raw_common_dates,rf,319,7060047060,0.23881827227462005,0.33072127736458556
raw_common_dates,rf,355,7060047060,0.12340187249362164,0.23338569496921274
raw_common_dates,rf,361,7060014930,0.10836787673158613,0.17198294436649295
raw_common_dates,rf,362,7060047060,0.3841607485850629,0.35774643178111937
raw_common_dates,rf,364,7060047060,0.16250170400561625,0.23338569496921274
raw_common_dates,rf,368,7060047060,0.41289960337289583,0.3865691189889918
raw_common_dates,rf,372,7060014930,0.2942816619350156,0.31754660955826697
raw_common_dates,rf,373,7060047060,0.37558270113787345,0.3832874788270821
raw_common_dates,rf,384,7060014930,0.3030019109094392,0.2976081149057752
raw_common_dates,rf,386,7060014930,0.572864021275219,0.448032773213774
raw_common_dates,rf,391,7060014930,0.11630684303528308,0.14567263714786516
raw_common_dates,rf,393,7060047060,0.22427692059245702,0.2908763519546636
raw_common_dates,rf,398,7060047060,0.2627616778487855,0.3042585913150254
raw_common_dates,rf,41,7060016090,0.30546303515284856,0.2895741247290705
raw_common_dates,rf,413,7060014930,0.015188338602546802,0.11360945402706761
raw_common_dates,rf,415,7060047060,0.0745806789865424,0.24188686383036853
raw_common_dates,rf,416,7060047060,0.17890221425805486,0.2344715773366616
raw_common_dates,rf,419,7060008710,0.44082065466842046,0.4548797674668221
raw_common_dates,rf,42,7060016090,0.366221789192078,0.330030932964836
raw_common_dates,rf,421,7060047060,0.25493325998242067,0.3825438307698958
raw_common_dates,rf,423,7060008710,0.26117307204484375,0.31975474165747425
raw_common_dates,rf,442,7060073620,0.2752968810628519,0.33435942105842015
raw_common_dates,rf,445,7060008710,0.224138830757966,0.2777007413234681
raw_common_dates,rf,448,7060008710,0.22416607699504454,0.24920062823236336
raw_common_dates,rf,449,7060073620,0.4238798871954068,0.43391173360790375
raw_common_dates,rf,451,7060008710,0.22090927233216076,0.1369680280760845
raw_common_dates,rf,456,7060073620,0.25605914571423927,0.2499890552008822
raw_common_dates,rf,467,7060073620,0.5064303907785369,0.43140088532873244
raw_common_dates,rf,469,7060008710,0.45052235055286904,0.41913121025938793
raw_common_dates,rf,470,7060008710,0.31479673590326607,0.3162671474658717
raw_common_dates,rf,477,7060073620,0.2528298707120241,0.2574250879483765
raw_common_dates,rf,488,7060008710,0.28199738486015824,0.29818167228271536
raw_common_dates,rf,497,7060008710,0.2464086886680948,0.333059964750556
raw_common_dates,rf,500,7060047060,0.3562560410703974,0.3832874788270821
raw_common_dates,rf,502,7060008710,0.30211006397508533,0.24782009552966167
raw_common_dates,rf,505,7060047060,0.23924474713225585,0.24601981669655398
raw_common_dates,rf,509,7060008710,0.09916879377383866,0.2612114058582958
raw_common_dates,rf,511,7060047060,0.08440368437655454,0.25970124669136596
raw_common_dates,rf,517,7060008710,0.3486366875331364,0.34086593996980824
raw_common_dates,rf,518,7060008710,0.5042386268704302,0.42918250409746794
raw_common_dates,rf,522,7060047060,0.07026054013384717,0.2344715773366616
raw_common_dates,rf,524,7060073920,0.28463745446912436,0.4894487875698125
raw_common_dates,rf,530,7060047060,0.24882327314142194,0.2579182004841974
raw_common_dates,rf,531,7060008710,0.19126019666584598,0.2768337942296268
raw_common_dates,rf,533,7060047060,0.06207667745984695,0.23338569496921274
raw_common_dates,rf,536,7060008710,0.25553116336390597,0.2583142971269255
raw_common_dates,rf,541,7060008710,0.33512067960589664,0.35153559418084507
raw_common_dates,rf,542,7060008710,0.021829390999163038,0.09165436324089167
raw_common_dates,rf,549,7060008710,0.17266983428947952,0.1520401061096364
raw_common_dates,rf,55,7060014930,0.2855472312792672,0.3198125708555496
raw_common_dates,rf,567,7060008710,0.6598461853590809,0.46114788660638745
raw_common_dates,rf,57,7060014930,0.3434381800795077,0.3441423934699814
raw_common_dates,rf,574,7060008710,0.4025920589861338,0.41922633212107735
raw_common_dates,rf,575,7060008710,0.3423624117302833,0.4195655139866263
raw_common_dates,rf,595,7060013550,0.10828677413827531,0.21754477376760226
raw_common_dates,rf,597,7060008710,0.504672677607412,0.41516317272023395
raw_common_dates,rf,60,7060014930,0.2041065565749272,0.2896117801587413
raw_common_dates,rf,600,7060013550,0.2973337878686663,0.32528427392032944
raw_common_dates,rf,601,7060008710,0.3984804482743115,0.3500118739896327
raw_common_dates,rf,612,7060013550,0.11004515406213367,0.16969450922007648
raw_common_dates,rf,63,7060014930,0.2689459370149505,0.32028211380801413
raw_common_dates,rf,7308,7060043500,0.17291437604455698,0.11080893161006149
raw_common_dates,rf,7313,7060047060,0.18782556894938995,0.24501288446575503
raw_common_dates,rf,7318,7060047060,0.01404860943222809,0.23300357135354488
raw_common_dates,rf,753,7060047060,0.15216346333752714,0.2800468842661305
raw_common_dates,rf,870,7060047060,0.05984246578898476,0.24545768050539163
raw_common_dates,rf,882,7060047060,0.07469940515764761,0.2136242413624554
raw_common_dates,rf,884,7060047060,0.0763158000949986,0.20965176498463867
raw_common_dates,rf,885,7060047060,0.06626214192426286,0.21164830954667851
raw_common_dates,rf,895,7060047060,0.014271387481084304,0.20908592243317994
raw_common_dates,rf,898,7060047060,0.4804827463621658,0.358567934045177
raw_common_dates,rf,920,7060047060,0.010603340710536624,0.20966261175852247
raw_common_dates,rf,931,7060047060,1.2472731177871326,0.3614486155847451
raw_common_dates,rf,938,7060047060,0.38426009158298446,0.37039052148263557
gap1_common_dates,mean,1017,7060047060,0.39350694741793457,0.30127679804664953
gap1_common_dates,mean,1026,7060047060,0.27047730320991026,0.30127679804664953
gap1_common_dates,mean,1033,7060047060,0.34903146806745766,0.30127679804664953
gap1_common_dates,mean,1036,7060047060,0.20717264498721943,0.30127679804664953
gap1_common_dates,mean,1042,7060047060,0.3236531161741061,0.30127679804664953
gap1_common_dates,mean,1067,7060047060,0.6167405131405999,0.30127679804664953
gap1_common_dates,mean,1086,7060049270,1.1065786202138204,0.27446582998975044
gap1_common_dates,mean,1092,7060047060,0.6010081256172075,0.30127679804664953
gap1_common_dates,mean,1101,7060047060,0.5979508334437655,0.30127679804664953
gap1_common_dates,mean,1112,7060047060,0.4993501914700653,0.30127679804664953
gap1_common_dates,mean,1121,7060047060,0.32837844858050913,0.30127679804664953
gap1_common_dates,mean,1122,7060047060,0.5217491049159911,0.30127679804664953
gap1_common_dates,mean,1125,7060047060,0.32837844858050913,0.30127679804664953
gap1_common_dates,mean,1127,7060047060,0.5663454133318315,0.30127679804664953
gap1_common_dates,mean,114,7060014340,0.28504764230307755,0.27432881696082967
gap1_common_dates,mean,1151,7060047970,0.5843168922743912,0.27432881696082967
gap1_common_dates,mean,1192,7060047060,0.16430907051601795,0.30127679804664953
gap1_common_dates,mean,1237,7060047970,0.6706848696134027,0.27432881696082967
gap1_common_dates,mean,1249,7060048410,1.1752645856080293,0.28004638634225504
gap1_common_dates,mean,131,7060014200,0.27333918635913207,0.27446582998975044
gap1_common_dates,mean,132,7060013550,0.22046421488839568,0.28004638634225504
gap1_common_dates,mean,133,7060013550,0.0872185410310191,0.28004638634225504
gap1_common_dates,mean,148,7060013550,0.21833227848872927,0.28004638634225504
gap1_common_dates,mean,1586,7060047060,0.10904752528982808,0.30127679804664953
gap1_common_dates,mean,1587,7060047060,0.2799957740271275,0.30127679804664953
gap1_common_dates,mean,1592,7060047060,0.34382574108077185,0.30127679804664953
gap1_common_dates,mean,1595,7060047060,0.10842850910012612,0.30127679804664953
gap1_common_dates,mean,1600,7060047060,0.16390038915031843,0.30127679804664953
gap1_common_dates,mean,1617,7060047060,0.26566128757157614,0.30127679804664953
gap1_common_dates,mean,1619,7060047060,0.14994540981136933,0.30127679804664953
gap1_common_dates,mean,1620,7060047060,0.27244922316425124,0.30127679804664953
gap1_common_dates,mean,1631,7060047060,0.13586625120138024,0.30127679804664953
gap1_common_dates,mean,1634,7060047060,0.1758207414989661,0.30127679804664953
gap1_common_dates,mean,1636,7060047060,0.37686352202262224,0.30127679804664953
gap1_common_dates,mean,1645,7060047060,0.46880108927990805,0.30127679804664953
gap1_common_dates,mean,1650,7060047060,0.1902835665834986,0.30127679804664953
gap1_common_dates,mean,1654,7060047060,0.4581723993322289,0.30127679804664953
gap1_common_dates,mean,1655,7060047060,0.27903405496887934,0.30127679804664953
gap1_common_dates,mean,1656,7060047060,0.2013737127912082,0.30127679804664953
gap1_common_dates,mean,1683,7060047060,0.44087707368667267,0.30127679804664953
gap1_common_dates,mean,169,7060013560,0.5358492196096671,0.27432881696082967
gap1_common_dates,mean,1691,7060047060,0.11616721478804654,0.30127679804664953
gap1_common_dates,mean,1699,7060047060,0.10173478820258915,0.30127679804664953
gap1_common_dates,mean,1703,7060047060,0.716660099941124,0.30127679804664953
gap1_common_dates,mean,1706,7060047060,0.14395730556039704,0.30127679804664953
gap1_common_dates,mean,1707,7060047060,0.2516954924878223,0.30127679804664953
gap1_common_dates,mean,1709,7060047060,0.09069195877190259,0.30127679804664953
gap1_common_dates,mean,1712,7060047060,0.1190201878087824,0.30127679804664953
gap1_common_dates,mean,1713,7060047060,0.2096398232608936,0.30127679804664953
gap1_common_dates,mean,1714,7060047060,0.3091300571912571,0.30127679804664953
gap1_common_dates,mean,1718,7060047060,0.44885605648942306,0.30127679804664953
gap1_common_dates,mean,1723,7060047060,0.19395669459263004,0.30127679804664953
gap1_common_dates,mean,1726,7060047060,0.10896403881507782,0.30127679804664953
gap1_common_dates,mean,1735,7060047060,0.06979095290564989,0.30127679804664953
gap1_common_dates,mean,1739,7060047060,0.29666539359342553,0.30127679804664953
gap1_common_dates,mean,1740,7060047060,0.1758207414989661,0.30127679804664953
gap1_common_dates,mean,1741,7060047060,0.3534252217323681,0.30127679804664953
gap1_common_dates,mean,1742,7060047060,0.08480826170244422,0.30127679804664953
gap1_common_dates,mean,1744,7060047060,0.2387276522901479,0.30127679804664953
gap1_common_dates,mean,1752,7060047060,0.0302958959256767,0.30127679804664953
gap1_common_dates,mean,1753,7060047060,0.034264448408433124,0.30127679804664953
gap1_common_dates,mean,1755,7060047060,0.5562673086774179,0.30127679804664953
gap1_common_dates,mean,1761,7060042310,0.27724474371309005,0.27446582998975044
gap1_common_dates,mean,1768,7060047060,0.01211858013282131,0.30127679804664953
gap1_common_dates,mean,1776,7060043090,0.0855439313352062,0.28004638634225504
gap1_common_dates,mean,1777,7060047060,0.30228136103486564,0.30127679804664953
gap1_common_dates,mean,182,7060013550,0.18271699961023843,0.28004638634225504
gap1_common_dates,mean,1848,7060047060,0.5028227720001452,0.30127679804664953
gap1_common_dates,mean,1851,7060043500,0.16275547134539953,0.27432881696082967
gap1_common_dates,mean,1864,7060047060,0.5453666496134132,0.30127679804664953
gap1_common_dates,mean,1869,7060047060,0.6497507178945514,0.30127679804664953
gap1_common_dates,mean,1879,7060043160,0.5747260555684761,0.27446582998975044
gap1_common_dates,mean,1883,7060043640,0.2594859396710334,0.27432881696082967
gap1_common_dates,mean,191,7060013550,0.24386640433051454,0.28004638634225504
gap1_common_dates,mean,198,7060013550,0.30894982013781086,0.28004638634225504
gap1_common_dates,mean,204,7060013550,0.3066385469683326,0.28004638634225504
gap1_common_dates,mean,292,7060022240,0.44893864747877954,0.27432881696082967
gap1_common_dates,mean,307,7060047060,0.13710457100078935,0.30127679804664953
gap1_common_dates,mean,310,7060014930,0.06279365977724899,0.27446582998975044
gap1_common_dates,mean,316,7060014930,0.2222499551419378,0.27446582998975044
gap1_common_dates,mean,319,7060047060,0.23881827227462005,0.30127679804664953
gap1_common_dates,mean,355,7060047060,0.12340187249362164,0.30127679804664953
gap1_common_dates,mean,361,7060014930,0.10836787673158613,0.27446582998975044
gap1_common_dates,mean,362,7060047060,0.3841607485850629,0.30127679804664953
gap1_common_dates,mean,364,7060047060,0.16250170400561625,0.30127679804664953
gap1_common_dates,mean,368,7060047060,0.41289960337289583,0.30127679804664953
gap1_common_dates,mean,372,7060014930,0.2942816619350156,0.27446582998975044
gap1_common_dates,mean,373,7060047060,0.37558270113787345,0.30127679804664953
gap1_common_dates,mean,384,7060014930,0.3030019109094392,0.27446582998975044
gap1_common_dates,mean,386,7060014930,0.572864021275219,0.27446582998975044
gap1_common_dates,mean,391,7060014930,0.11630684303528308,0.27446582998975044
gap1_common_dates,mean,393,7060047060,0.22427692059245702,0.30127679804664953
gap1_common_dates,mean,398,7060047060,0.2627616778487855,0.30127679804664953
gap1_common_dates,mean,41,7060016090,0.30546303515284856,0.27446582998975044
gap1_common_dates,mean,413,7060014930,0.015188338602546802,0.27446582998975044
gap1_common_dates,mean,415,7060047060,0.0745806789865424,0.30127679804664953
gap1_common_dates,mean,416,7060047060,0.17890221425805486,0.30127679804664953
gap1_common_dates,mean,419,7060008710,0.44082065466842046,0.27446314928967364
gap1_common_dates,mean,42,7060016090,0.366221789192078,0.27446582998975044
gap1_common_dates,mean,421,7060047060,0.25493325998242067,0.30127679804664953
gap1_common_dates,mean,423,7060008710,0.26117307204484375,0.27446314928967364
gap1_common_dates,mean,442,7060073620,0.2752968810628519,0.27432881696082967
gap1_common_dates,mean,445,7060008710,0.224138830757966,0.27446314928967364
gap1_common_dates,mean,448,7060008710,0.22416607699504454,0.27446314928967364
gap1_common_dates,mean,449,7060073620,0.4238798871954068,0.27432881696082967
gap1_common_dates,mean,451,7060008710,0.22090927233216076,0.27446314928967364
gap1_common_dates,mean,456,7060073620,0.25605914571423927,0.27432881696082967
gap1_common_dates,mean,467,7060073620,0.5064303907785369,0.27432881696082967
gap1_common_dates,mean,469,7060008710,0.45052235055286904,0.27446314928967364
gap1_common_dates,mean,470,7060008710,0.31479673590326607,0.27446314928967364
gap1_common_dates,mean,477,7060073620,0.2528298707120241,0.27432881696082967
gap1_common_dates,mean,488,7060008710,0.28199738486015824,0.27446314928967364
gap1_common_dates,mean,497,7060008710,0.2464086886680948,0.27446314928967364
gap1_common_dates,mean,500,7060047060,0.3562560410703974,0.30127679804664953
gap1_common_dates,mean,502,7060008710,0.30211006397508533,0.27446314928967364
gap1_common_dates,mean,505,7060047060,0.23924474713225585,0.30127679804664953
gap1_common_dates,mean,509,7060008710,0.09916879377383866,0.27446314928967364
gap1_common_dates,mean,511,7060047060,0.08440368437655454,0.30127679804664953
gap1_common_dates,mean,517,7060008710,0.3486366875331364,0.27446314928967364
gap1_common_dates,mean,518,7060008710,0.5042386268704302,0.27446314928967364
gap1_common_dates,mean,522,7060047060,0.07026054013384717,0.30127679804664953
gap1_common_dates,mean,524,7060073920,0.28463745446912436,0.28004638634225504
gap1_common_dates,mean,530,7060047060,0.24882327314142194,0.30127679804664953
gap1_common_dates,mean,531,7060008710,0.19126019666584598,0.27446314928967364
gap1_common_dates,mean,533,7060047060,0.06207667745984695,0.30127679804664953
gap1_common_dates,mean,536,7060008710,0.25553116336390597,0.27446314928967364
gap1_common_dates,mean,541,7060008710,0.33512067960589664,0.27446314928967364
gap1_common_dates,mean,542,7060008710,0.021829390999163038,0.27446314928967364
gap1_common_dates,mean,549,7060008710,0.17266983428947952,0.27446314928967364
gap1_common_dates,mean,55,7060014930,0.2855472312792672,0.27446582998975044
gap1_common_dates,mean,567,7060008710,0.6598461853590809,0.27446314928967364
gap1_common_dates,mean,57,7060014930,0.3434381800795077,0.27446582998975044
gap1_common_dates,mean,574,7060008710,0.4025920589861338,0.27446314928967364
gap1_common_dates,mean,575,7060008710,0.3423624117302833,0.27446314928967364
gap1_common_dates,mean,595,7060013550,0.10828677413827531,0.28004638634225504
gap1_common_dates,mean,597,7060008710,0.504672677607412,0.27446314928967364
gap1_common_dates,mean,60,7060014930,0.2041065565749272,0.27446582998975044
gap1_common_dates,mean,600,7060013550,0.2973337878686663,0.28004638634225504
gap1_common_dates,mean,601,7060008710,0.3984804482743115,0.27446314928967364
gap1_common_dates,mean,612,7060013550,0.11004515406213367,0.28004638634225504
gap1_common_dates,mean,63,7060014930,0.2689459370149505,0.27446582998975044
gap1_common_dates,mean,7308,7060043500,0.17291437604455698,0.27432881696082967
gap1_common_dates,mean,7313,7060047060,0.18782556894938995,0.30127679804664953
gap1_common_dates,mean,7318,7060047060,0.01404860943222809,0.30127679804664953
gap1_common_dates,mean,753,7060047060,0.15216346333752714,0.30127679804664953
gap1_common_dates,mean,870,7060047060,0.05984246578898476,0.30127679804664953
gap1_common_dates,mean,882,7060047060,0.07469940515764761,0.30127679804664953
gap1_common_dates,mean,884,7060047060,0.0763158000949986,0.30127679804664953
gap1_common_dates,mean,885,7060047060,0.06626214192426286,0.30127679804664953
gap1_common_dates,mean,895,7060047060,0.014271387481084304,0.30127679804664953
gap1_common_dates,mean,898,7060047060,0.4804827463621658,0.30127679804664953
gap1_common_dates,mean,920,7060047060,0.010603340710536624,0.30127679804664953
gap1_common_dates,mean,931,7060047060,1.2472731177871326,0.30127679804664953
gap1_common_dates,mean,938,7060047060,0.38426009158298446,0.30127679804664953
gap1_common_dates,persistence,1017,7060047060,0.39350694741793457,0.32732625657686143
gap1_common_dates,persistence,1026,7060047060,0.27047730320991026,0.2834168970340526
gap1_common_dates,persistence,1033,7060047060,0.34903146806745766,0.33911868468061473
gap1_common_dates,persistence,1036,7060047060,0.20717264498721943,0.21383819202015208
gap1_common_dates,persistence,1042,7060047060,0.3236531161741061,0.3812739904689628
gap1_common_dates,persistence,1067,7060047060,0.6167405131405999,0.5506501849189527
gap1_common_dates,persistence,1086,7060049270,1.1065786202138204,0.8848431516750894
gap1_common_dates,persistence,1092,7060047060,0.6010081256172075,0.5212600112783097
gap1_common_dates,persistence,1101,7060047060,0.5979508334437655,0.48238399696401857
gap1_common_dates,persistence,1112,7060047060,0.4993501914700653,0.38296951698055165
gap1_common_dates,persistence,1121,7060047060,0.32837844858050913,0.25815139018932476
gap1_common_dates,persistence,1122,7060047060,0.5217491049159911,0.45839296501237914
gap1_common_dates,persistence,1125,7060047060,0.32837844858050913,0.25815139018932476
gap1_common_dates,persistence,1127,7060047060,0.5663454133318315,0.4843791452026821
gap1_common_dates,persistence,114,7060014340,0.28504764230307755,0.419876774547364
gap1_common_dates,persistence,1151,7060047970,0.5843168922743912,0.39937269564133215
gap1_common_dates,persistence,1192,7060047060,0.16430907051601795,0.12311908521187284
gap1_common_dates,persistence,1237,7060047970,0.6706848696134027,0.5579418713718229
gap1_common_dates,persistence,1249,7060048410,1.1752645856080293,0.8786082927534192
gap1_common_dates,persistence,131,7060014200,0.27333918635913207,0.24841927731797692
gap1_common_dates,persistence,132,7060013550,0.22046421488839568,0.14926934675484932
gap1_common_dates,persistence,133,7060013550,0.0872185410310191,0.046577233014649444
gap1_common_dates,persistence,148,7060013550,0.21833227848872927,0.18173948436536902
gap1_common_dates,persistence,1586,7060047060,0.10904752528982808,0.13506777257551217
gap1_common_dates,persistence,1587,7060047060,0.2799957740271275,0.27537901244813345
gap1_common_dates,persistence,1592,7060047060,0.34382574108077185,0.21977552761039992
gap1_common_dates,persistence,1595,7060047060,0.10842850910012612,0.04052037059224774
gap1_common_dates,persistence,1600,7060047060,0.16390038915031843,0.14189920675046158
gap1_common_dates,persistence,1617,7060047060,0.26566128757157614,0.31342708481125076
gap1_common_dates,persistence,1619,7060047060,0.14994540981136933,0.2411145373293386
gap1_common_dates,persistence,1620,7060047060,0.27244922316425124,0.29373950829282947
gap1_common_dates,persistence,1631,7060047060,0.13586625120138024,0.20831804751261715
gap1_common_dates,persistence,1634,7060047060,0.1758207414989661,0.14422797835809964
gap1_common_dates,persistence,1636,7060047060,0.37686352202262224,0.48578499594909874
gap1_common_dates,persistence,1645,7060047060,0.46880108927990805,0.4352714907165549
gap1_common_dates,persistence,1650,7060047060,0.1902835665834986,0.29790227844638123
gap1_common_dates,persistence,1654,7060047060,0.4581723993322289,0.44796201049184103
gap1_common_dates,persistence,1655,7060047060,0.27903405496887934,0.2795508120545117
gap1_common_dates,persistence,1656,7060047060,0.2013737127912082,0.1581455963637178
gap1_common_dates,persistence,1683,7060047060,0.44087707368667267,0.38006640718230245
gap1_common_dates,persistence,169,7060013560,0.5358492196096671,0.6260428067800482
gap1_common_dates,persistence,1691,7060047060,0.11616721478804654,0.16906698920481789
gap1_common_dates,persistence,1699,7060047060,0.10173478820258915,0.0932043910144893
gap1_common_dates,persistence,1703,7060047060,0.716660099941124,0.6006220667118699
gap1_common_dates,persistence,1706,7060047060,0.14395730556039704,0.13765369183842868
gap1_common_dates,persistence,1707,7060047060,0.2516954924878223,0.29054549589074513
gap1_common_dates,persistence,1709,7060047060,0.09069195877190259,0.06746998050513128
gap1_common_dates,persistence,1712,7060047060,0.1190201878087824,0.14040051365660172
gap1_common_dates,persistence,1713,7060047060,0.2096398232608936,0.28784117898830874
gap1_common_dates,persistence,1714,7060047060,0.3091300571912571,0.3715533410694491
gap1_common_dates,persistence,1718,7060047060,0.44885605648942306,0.4887165938297443
gap1_common_dates,persistence,1723,7060047060,0.19395669459263004,0.2058555663805134
gap1_common_dates,persistence,1726,7060047060,0.10896403881507782,0.12855630496026077
gap1_common_dates,persistence,1735,7060047060,0.06979095290564989,0.08022106913608207
gap1_common_dates,persistence,1739,7060047060,0.29666539359342553,0.30490781245337906
gap1_common_dates,persistence,1740,7060047060,0.1758207414989661,0.14422797835809964
gap1_common_dates,persistence,1741,7060047060,0.3534252217323681,0.30269984489098456
gap1_common_dates,persistence,1742,7060047060,0.08480826170244422,0.08475095118718173
gap1_common_dates,persistence,1744,7060047060,0.2387276522901479,0.21328782928822254
gap1_common_dates,persistence,1752,7060047060,0.0302958959256767,0.04174413093244561
gap1_common_dates,persistence,1753,7060047060,0.034264448408433124,0.12688018325062994
gap1_common_dates,persistence,1755,7060047060,0.5562673086774179,0.4676057793716548
gap1_common_dates,persistence,1761,7060042310,0.27724474371309005,0.22092728935311007
gap1_common_dates,persistence,1768,7060047060,0.01211858013282131,0.019045252163574136
gap1_common_dates,persistence,1776,7060043090,0.0855439313352062,0.04673633933514659
gap1_common_dates,persistence,1777,7060047060,0.30228136103486564,0.292893701696213
gap1_common_dates,persistence,182,7060013550,0.18271699961023843,0.18876530730899535
gap1_common_dates,persistence,1848,7060047060,0.5028227720001452,0.5055296456992726
gap1_common_dates,persistence,1851,7060043500,0.16275547134539953,0.21430080920704023
gap1_common_dates,persistence,1864,7060047060,0.5453666496134132,0.5237262413583994
gap1_common_dates,persistence,1869,7060047060,0.6497507178945514,0.6825118324280082
gap1_common_dates,persistence,1879,7060043160,0.5747260555684761,0.5557630083151025
gap1_common_dates,persistence,1883,7060043640,0.2594859396710334,0.23033722735379167
gap1_common_dates,persistence,191,7060013550,0.24386640433051454,0.3272170127162451
gap1_common_dates,persistence,198,7060013550,0.30894982013781086,0.36301238201428054
gap1_common_dates,persistence,204,7060013550,0.3066385469683326,0.3778348677466956
gap1_common_dates,persistence,292,7060022240,0.44893864747877954,0.42200139136783466
gap1_common_dates,persistence,307,7060047060,0.13710457100078935,0.15470541289290046
gap1_common_dates,persistence,310,7060014930,0.06279365977724899,0.06604083258205336
gap1_common_dates,persistence,316,7060014930,0.2222499551419378,0.23956559273349093
gap1_common_dates,persistence,319,7060047060,0.23881827227462005,0.25458913624304513
gap1_common_dates,persistence,355,7060047060,0.12340187249362164,0.1511515807310599
gap1_common_dates,persistence,361,7060014930,0.10836787673158613,0.11765121509929247
gap1_common_dates,persistence,362,7060047060,0.3841607485850629,0.6821706073259356
gap1_common_dates,persistence,364,7060047060,0.16250170400561625,0.13855064487215552
gap1_common_dates,persistence,368,7060047060,0.41289960337289583,0.3949308315381802
gap1_common_dates,persistence,372,7060014930,0.2942816619350156,0.3156344414759076
gap1_common_dates,persistence,373,7060047060,0.37558270113787345,0.47070628348938015
gap1_common_dates,persistence,384,7060014930,0.3030019109094392,0.2819591444181446
gap1_common_dates,persistence,386,7060014930,0.572864021275219,0.528810898347174
gap1_common_dates,persistence,391,7060014930,0.11630684303528308,0.14040808614001055
gap1_common_dates,persistence,393,7060047060,0.22427692059245702,0.2318804158587709
gap1_common_dates,persistence,398,7060047060,0.2627616778487855,0.2315010968717211
gap1_common_dates,persistence,41,7060016090,0.30546303515284856,0.28046628020470366
gap1_common_dates,persistence,413,7060014930,0.015188338602546802,0.026689603366676348
gap1_common_dates,persistence,415,7060047060,0.0745806789865424,0.07569707632721556
gap1_common_dates,persistence,416,7060047060,0.17890221425805486,0.14739472370243467
gap1_common_dates,persistence,419,7060008710,0.44082065466842046,0.5000644879242638
gap1_common_dates,persistence,42,7060016090,0.366221789192078,0.33841626142315506
gap1_common_dates,persistence,421,7060047060,0.25493325998242067,0.4035093113691528
gap1_common_dates,persistence,423,7060008710,0.26117307204484375,0.3286078843081458
gap1_common_dates,persistence,442,7060073620,0.2752968810628519,0.2857415201534098
gap1_common_dates,persistence,445,7060008710,0.224138830757966,0.2585428572103122
gap1_common_dates,persistence,448,7060008710,0.22416607699504454,0.2339789882123406
gap1_common_dates,persistence,449,7060073620,0.4238798871954068,0.5045444976662925
gap1_common_dates,persistence,451,7060008710,0.22090927233216076,0.13899259893238797
gap1_common_dates,persistence,456,7060073620,0.25605914571423927,0.22083893395156676
gap1_common_dates,persistence,467,7060073620,0.5064303907785369,0.44718494903775585
gap1_common_dates,persistence,469,7060008710,0.45052235055286904,0.4130908565376275
gap1_common_dates,persistence,470,7060008710,0.31479673590326607,0.295631999210478
gap1_common_dates,persistence,477,7060073620,0.2528298707120241,0.3057173466462336
gap1_common_dates,persistence,488,7060008710,0.28199738486015824,0.390309253085163
gap1_common_dates,persistence,497,7060008710,0.2464086886680948,0.3400521138301063
gap1_common_dates,persistence,500,7060047060,0.3562560410703974,0.3863352444733229
gap1_common_dates,persistence,502,7060008710,0.30211006397508533,0.22638360625180481
gap1_common_dates,persistence,505,7060047060,0.23924474713225585,0.21416520673928122
gap1_common_dates,persistence,509,7060008710,0.09916879377383866,0.22663711791862462
gap1_common_dates,persistence,511,7060047060,0.08440368437655454,0.11562480452300766
gap1_common_dates,persistence,517,7060008710,0.3486366875331364,0.37667294299469406
gap1_common_dates,persistence,518,7060008710,0.5042386268704302,0.49206455984819475
gap1_common_dates,persistence,522,7060047060,0.07026054013384717,0.1178565130813419
gap1_common_dates,persistence,524,7060073920,0.28463745446912436,0.6056334554122743
gap1_common_dates,persistence,530,7060047060,0.24882327314142194,0.22146285246209962
gap1_common_dates,persistence,531,7060008710,0.19126019666584598,0.24304869606496618
gap1_common_dates,persistence,533,7060047060,0.06207667745984695,0.0717785558395135
gap1_common_dates,persistence,536,7060008710,0.25553116336390597,0.246914396231868
gap1_common_dates,persistence,541,7060008710,0.33512067960589664,0.3855330714681625
gap1_common_dates,persistence,542,7060008710,0.021829390999163038,0.062185232801962954
gap1_common_dates,persistence,549,7060008710,0.17266983428947952,0.1289048748424131
gap1_common_dates,persistence,55,7060014930,0.2855472312792672,0.29859361974404636
gap1_common_dates,persistence,567,7060008710,0.6598461853590809,0.568167901667212
gap1_common_dates,persistence,57,7060014930,0.3434381800795077,0.39010191957263496
gap1_common_dates,persistence,574,7060008710,0.4025920589861338,0.4532693325676319
gap1_common_dates,persistence,575,7060008710,0.3423624117302833,0.45090363592699056
gap1_common_dates,persistence,595,7060013550,0.10828677413827531,0.19201996238898328
gap1_common_dates,persistence,597,7060008710,0.504672677607412,0.481298882047343
gap1_common_dates,persistence,60,7060014930,0.2041065565749272,0.2663200574555232
gap1_common_dates,persistence,600,7060013550,0.2973337878686663,0.29213311975886014
gap1_common_dates,persistence,601,7060008710,0.3984804482743115,0.3477240963723892
gap1_common_dates,persistence,612,7060013550,0.11004515406213367,0.14999185935931425
gap1_common_dates,persistence,63,7060014930,0.2689459370149505,0.3629869753237469
gap1_common_dates,persistence,7308,7060043500,0.17291437604455698,0.13151636261207936
gap1_common_dates,persistence,7313,7060047060,0.18782556894938995,0.20539925152870275
gap1_common_dates,persistence,7318,7060047060,0.01404860943222809,0.011668990812269998
gap1_common_dates,persistence,753,7060047060,0.15216346333752714,0.2442817547925933
gap1_common_dates,persistence,870,7060047060,0.05984246578898476,0.1978266320944444
gap1_common_dates,persistence,882,7060047060,0.07469940515764761,0.12314076028634954
gap1_common_dates,persistence,884,7060047060,0.0763158000949986,0.08297545924434035
gap1_common_dates,persistence,885,7060047060,0.06626214192426286,0.18094667801319542
gap1_common_dates,persistence,895,7060047060,0.014271387481084304,0.020511690869501536
gap1_common_dates,persistence,898,7060047060,0.4804827463621658,0.7789655626985532
gap1_common_dates,persistence,920,7060047060,0.010603340710536624,0.04751129309744815
gap1_common_dates,persistence,931,7060047060,1.2472731177871326,0.9539932496405352
gap1_common_dates,persistence,938,7060047060,0.38426009158298446,0.8131914182348002
gap1_common_dates,ridge,1017,7060047060,0.39350694741793457,0.3897313108371438
gap1_common_dates,ridge,1026,7060047060,0.27047730320991026,0.34907145702043435
gap1_common_dates,ridge,1033,7060047060,0.34903146806745766,0.4191563832620049
gap1_common_dates,ridge,1036,7060047060,0.20717264498721943,0.291785962258776
gap1_common_dates,ridge,1042,7060047060,0.3236531161741061,0.4095911209330601
gap1_common_dates,ridge,1067,7060047060,0.6167405131405999,0.5310105899954826
gap1_common_dates,ridge,1086,7060049270,1.1065786202138204,0.69615913866152
gap1_common_dates,ridge,1092,7060047060,0.6010081256172075,0.5161748803435695
gap1_common_dates,ridge,1101,7060047060,0.5979508334437655,0.4228561415380797
gap1_common_dates,ridge,1112,7060047060,0.4993501914700653,0.3993724740403788
gap1_common_dates,ridge,1121,7060047060,0.32837844858050913,0.3231750950978779
gap1_common_dates,ridge,1122,7060047060,0.5217491049159911,0.46311633532930685
gap1_common_dates,ridge,1125,7060047060,0.32837844858050913,0.3231750950978779
gap1_common_dates,ridge,1127,7060047060,0.5663454133318315,0.4864948791393481
gap1_common_dates,ridge,114,7060014340,0.28504764230307755,0.38053941748339
gap1_common_dates,ridge,1151,7060047970,0.5843168922743912,0.5096524404311769
gap1_common_dates,ridge,1192,7060047060,0.16430907051601795,0.1938794420956515
gap1_common_dates,ridge,1237,7060047970,0.6706848696134027,0.5115021308777155
gap1_common_dates,ridge,1249,7060048410,1.1752645856080293,0.8879088802845776
gap1_common_dates,ridge,131,7060014200,0.27333918635913207,0.2440768515148814
gap1_common_dates,ridge,132,7060013550,0.22046421488839568,0.157966683904569
gap1_common_dates,ridge,133,7060013550,0.0872185410310191,0.07583566745031003
gap1_common_dates,ridge,148,7060013550,0.21833227848872927,0.1881258012223774
gap1_common_dates,ridge,1586,7060047060,0.10904752528982808,0.27579011088640304
gap1_common_dates,ridge,1587,7060047060,0.2799957740271275,0.3353285780691598
gap1_common_dates,ridge,1592,7060047060,0.34382574108077185,0.309075753980574
gap1_common_dates,ridge,1595,7060047060,0.10842850910012612,0.19130723044419465
gap1_common_dates,ridge,1600,7060047060,0.16390038915031843,0.26183551858785054
gap1_common_dates,ridge,1617,7060047060,0.26566128757157614,0.3371527818239338
gap1_common_dates,ridge,1619,7060047060,0.14994540981136933,0.3049395542481972
gap1_common_dates,ridge,1620,7060047060,0.27244922316425124,0.3040572562470915
gap1_common_dates,ridge,1631,7060047060,0.13586625120138024,0.30216988900343167
gap1_common_dates,ridge,1634,7060047060,0.1758207414989661,0.24386494342408174
gap1_common_dates,ridge,1636,7060047060,0.37686352202262224,0.43213588762357236
gap1_common_dates,ridge,1645,7060047060,0.46880108927990805,0.4393236230858909
gap1_common_dates,ridge,1650,7060047060,0.1902835665834986,0.35106318648330137
gap1_common_dates,ridge,1654,7060047060,0.4581723993322289,0.426881267770558
gap1_common_dates,ridge,1655,7060047060,0.27903405496887934,0.347763789175491
gap1_common_dates,ridge,1656,7060047060,0.2013737127912082,0.2644840047621909
gap1_common_dates,ridge,1683,7060047060,0.44087707368667267,0.4168511776775441
gap1_common_dates,ridge,169,7060013560,0.5358492196096671,0.5342868232015164
gap1_common_dates,ridge,1691,7060047060,0.11616721478804654,0.2624366575452275
gap1_common_dates,ridge,1699,7060047060,0.10173478820258915,0.2044363086769942
gap1_common_dates,ridge,1703,7060047060,0.716660099941124,0.526208692039518
gap1_common_dates,ridge,1706,7060047060,0.14395730556039704,0.24123312716813633
gap1_common_dates,ridge,1707,7060047060,0.2516954924878223,0.37049823779073565
gap1_common_dates,ridge,1709,7060047060,0.09069195877190259,0.19208920615171377
gap1_common_dates,ridge,1712,7060047060,0.1190201878087824,0.27637113597744106
gap1_common_dates,ridge,1713,7060047060,0.2096398232608936,0.3472099903152607
gap1_common_dates,ridge,1714,7060047060,0.3091300571912571,0.35643048668578303
gap1_common_dates,ridge,1718,7060047060,0.44885605648942306,0.4592585543057538
gap1_common_dates,ridge,1723,7060047060,0.19395669459263004,0.2929865330453303
gap1_common_dates,ridge,1726,7060047060,0.10896403881507782,0.25730659030371617
gap1_common_dates,ridge,1735,7060047060,0.06979095290564989,0.22867747302256136
gap1_common_dates,ridge,1739,7060047060,0.29666539359342553,0.35439880974093435
gap1_common_dates,ridge,1740,7060047060,0.1758207414989661,0.24386494342408174
gap1_common_dates,ridge,1741,7060047060,0.3534252217323681,0.34824326506235453
gap1_common_dates,ridge,1742,7060047060,0.08480826170244422,0.21886856838655086
gap1_common_dates,ridge,1744,7060047060,0.2387276522901479,0.30069353436440815
gap1_common_dates,ridge,1752,7060047060,0.0302958959256767,0.146264725430361
gap1_common_dates,ridge,1753,7060047060,0.034264448408433124,0.20288556279386863
gap1_common_dates,ridge,1755,7060047060,0.5562673086774179,0.41632743242779424
gap1_common_dates,ridge,1761,7060042310,0.27724474371309005,0.20856812543498426
gap1_common_dates,ridge,1768,7060047060,0.01211858013282131,0.14394706560570453
gap1_common_dates,ridge,1776,7060043090,0.0855439313352062,0.08396512910320159
gap1_common_dates,ridge,1777,7060047060,0.30228136103486564,0.3334792955879873
gap1_common_dates,ridge,182,7060013550,0.18271699961023843,0.19389873068966207
gap1_common_dates,ridge,1848,7060047060,0.5028227720001452,0.4064237061734876
gap1_common_dates,ridge,1851,7060043500,0.16275547134539953,0.18254498803295954
gap1_common_dates,ridge,1864,7060047060,0.5453666496134132,0.41635700509809087
gap1_common_dates,ridge,1869,7060047060,0.6497507178945514,0.5111089369224204
gap1_common_dates,ridge,1879,7060043160,0.5747260555684761,0.4051660077063431
gap1_common_dates,ridge,1883,7060043640,0.2594859396710334,0.2274178960595329
gap1_common_dates,ridge,191,7060013550,0.24386640433051454,0.2887475079074895
gap1_common_dates,ridge,198,7060013550,0.30894982013781086,0.31172337073174194
gap1_common_dates,ridge,204,7060013550,0.3066385469683326,0.33486337746197814
gap1_common_dates,ridge,292,7060022240,0.44893864747877954,0.33695249333586547
gap1_common_dates,ridge,307,7060047060,0.13710457100078935,0.21430154605034496
gap1_common_dates,ridge,310,7060014930,0.06279365977724899,0.07041362925398281
gap1_common_dates,ridge,316,7060014930,0.2222499551419378,0.2242465751319096
gap1_common_dates,ridge,319,7060047060,0.23881827227462005,0.3245783159286369
gap1_common_dates,ridge,355,7060047060,0.12340187249362164,0.24012781445151538
gap1_common_dates,ridge,361,7060014930,0.10836787673158613,0.1591296674479053
gap1_common_dates,ridge,362,7060047060,0.3841607485850629,0.46212761069837166
gap1_common_dates,ridge,364,7060047060,0.16250170400561625,0.19533402747182474
gap1_common_dates,ridge,368,7060047060,0.41289960337289583,0.41981258627065415
gap1_common_dates,ridge,372,7060014930,0.2942816619350156,0.3409967647494171
gap1_common_dates,ridge,373,7060047060,0.37558270113787345,0.44692653069919563
gap1_common_dates,ridge,384,7060014930,0.3030019109094392,0.29822475148008526
gap1_common_dates,ridge,386,7060014930,0.572864021275219,0.5060665436595668
gap1_common_dates,ridge,391,7060014930,0.11630684303528308,0.16400915215513773
gap1_common_dates,ridge,393,7060047060,0.22427692059245702,0.2984653189863975
gap1_common_dates,ridge,398,7060047060,0.2627616778487855,0.3207639186711165
gap1_common_dates,ridge,41,7060016090,0.30546303515284856,0.2518028621616848
gap1_common_dates,ridge,413,7060014930,0.015188338602546802,0.08110583379435568
gap1_common_dates,ridge,415,7060047060,0.0745806789865424,0.1734168381988432
gap1_common_dates,ridge,416,7060047060,0.17890221425805486,0.2174383876769585
gap1_common_dates,ridge,419,7060008710,0.44082065466842046,0.45630227379312904
gap1_common_dates,ridge,42,7060016090,0.366221789192078,0.28187146414528386
gap1_common_dates,ridge,421,7060047060,0.25493325998242067,0.4154787141191734
gap1_common_dates,ridge,423,7060008710,0.26117307204484375,0.3005914452024694
gap1_common_dates,ridge,442,7060073620,0.2752968810628519,0.2881213396439968
gap1_common_dates,ridge,445,7060008710,0.224138830757966,0.31939151916281483
gap1_common_dates,ridge,448,7060008710,0.22416607699504454,0.3012891039594048
gap1_common_dates,ridge,449,7060073620,0.4238798871954068,0.36898548503293105
gap1_common_dates,ridge,451,7060008710,0.22090927233216076,0.13822080054666963
gap1_common_dates,ridge,456,7060073620,0.25605914571423927,0.22535095139450112
gap1_common_dates,ridge,467,7060073620,0.5064303907785369,0.4211423478770631
gap1_common_dates,ridge,469,7060008710,0.45052235055286904,0.4195020040658826
gap1_common_dates,ridge,470,7060008710,0.31479673590326607,0.38581944670061497
gap1_common_dates,ridge,477,7060073620,0.2528298707120241,0.25793620083430346
gap1_common_dates,ridge,488,7060008710,0.28199738486015824,0.3189790388372199
gap1_common_dates,ridge,497,7060008710,0.2464086886680948,0.3457685098190415
gap1_common_dates,ridge,500,7060047060,0.3562560410703974,0.38030985297683323
gap1_common_dates,ridge,502,7060008710,0.30211006397508533,0.23900592401524912
gap1_common_dates,ridge,505,7060047060,0.23924474713225585,0.2501767486440806
gap1_common_dates,ridge,509,7060008710,0.09916879377383866,0.2808421750993361
gap1_common_dates,ridge,511,7060047060,0.08440368437655454,0.28358012265639637
gap1_common_dates,ridge,517,7060008710,0.3486366875331364,0.35366033429221166
gap1_common_dates,ridge,518,7060008710,0.5042386268704302,0.4739045379940019
gap1_common_dates,ridge,522,7060047060,0.07026054013384717,0.2063973430829412
gap1_common_dates,ridge,524,7060073920,0.28463745446912436,0.5806077560023071
gap1_common_dates,ridge,530,7060047060,0.24882327314142194,0.25781330860798585
gap1_common_dates,ridge,531,7060008710,0.19126019666584598,0.31857432483662973
gap1_common_dates,ridge,533,7060047060,0.06207667745984695,0.1709413027954601
gap1_common_dates,ridge,536,7060008710,0.25553116336390597,0.2527182693879263
gap1_common_dates,ridge,541,7060008710,0.33512067960589664,0.3497804743228552
gap1_common_dates,ridge,542,7060008710,0.021829390999163038,0.07648090276555441
gap1_common_dates,ridge,549,7060008710,0.17266983428947952,0.15881081274512807
gap1_common_dates,ridge,55,7060014930,0.2855472312792672,0.26677073521156147
gap1_common_dates,ridge,567,7060008710,0.6598461853590809,0.562960405930823
gap1_common_dates,ridge,57,7060014930,0.3434381800795077,0.3343524753631825
gap1_common_dates,ridge,574,7060008710,0.4025920589861338,0.4474530866484597
gap1_common_dates,ridge,575,7060008710,0.3423624117302833,0.4152916966419671
gap1_common_dates,ridge,595,7060013550,0.10828677413827531,0.19791241522551128
gap1_common_dates,ridge,597,7060008710,0.504672677607412,0.3835594023296701
gap1_common_dates,ridge,60,7060014930,0.2041065565749272,0.246727788624706
gap1_common_dates,ridge,600,7060013550,0.2973337878686663,0.29699989983761665
gap1_common_dates,ridge,601,7060008710,0.3984804482743115,0.328029583335658
gap1_common_dates,ridge,612,7060013550,0.11004515406213367,0.20461815331773464
gap1_common_dates,ridge,63,7060014930,0.2689459370149505,0.30656290067876024
gap1_common_dates,ridge,7308,7060043500,0.17291437604455698,0.1146475914538077
gap1_common_dates,ridge,7313,7060047060,0.18782556894938995,0.25082813277073024
gap1_common_dates,ridge,7318,7060047060,0.01404860943222809,0.1378218878653668
gap1_common_dates,ridge,753,7060047060,0.15216346333752714,0.25229759397966134
gap1_common_dates,ridge,870,7060047060,0.05984246578898476,0.21218822473710974
gap1_common_dates,ridge,882,7060047060,0.07469940515764761,0.19460404165458697
gap1_common_dates,ridge,884,7060047060,0.0763158000949986,0.13888553908872692
gap1_common_dates,ridge,885,7060047060,0.06626214192426286,0.1938219025462295
gap1_common_dates,ridge,895,7060047060,0.014271387481084304,0.11062775855073201
gap1_common_dates,ridge,898,7060047060,0.4804827463621658,0.5112526516072623
gap1_common_dates,ridge,920,7060047060,0.010603340710536624,0.13411079139814217
gap1_common_dates,ridge,931,7060047060,1.2472731177871326,0.5747410257546544
gap1_common_dates,ridge,938,7060047060,0.38426009158298446,0.618234111144327
gap1_common_dates,rf,1017,7060047060,0.39350694741793457,0.34672379641587747
gap1_common_dates,rf,1026,7060047060,0.27047730320991026,0.33516993278484697
gap1_common_dates,rf,1033,7060047060,0.34903146806745766,0.37432964221072834
gap1_common_dates,rf,1036,7060047060,0.20717264498721943,0.2579829404625853
gap1_common_dates,rf,1042,7060047060,0.3236531161741061,0.3712698554913116
gap1_common_dates,rf,1067,7060047060,0.6167405131405999,0.37692813062355357
gap1_common_dates,rf,1086,7060049270,1.1065786202138204,0.45643279934273195
gap1_common_dates,rf,1092,7060047060,0.6010081256172075,0.37744817043954365
gap1_common_dates,rf,1101,7060047060,0.5979508334437655,0.3473879216659785
gap1_common_dates,rf,1112,7060047060,0.4993501914700653,0.3698246789311769
gap1_common_dates,rf,1121,7060047060,0.32837844858050913,0.3189407435123708
gap1_common_dates,rf,1122,7060047060,0.5217491049159911,0.36848313685112916
gap1_common_dates,rf,1125,7060047060,0.32837844858050913,0.3189407435123708
gap1_common_dates,rf,1127,7060047060,0.5663454133318315,0.37393724425404945
gap1_common_dates,rf,114,7060014340,0.28504764230307755,0.4296453497243884
gap1_common_dates,rf,1151,7060047970,0.5843168922743912,0.4597308568331955
gap1_common_dates,rf,1192,7060047060,0.16430907051601795,0.21709489561875336
gap1_common_dates,rf,1237,7060047970,0.6706848696134027,0.5213274642941231
gap1_common_dates,rf,1249,7060048410,1.1752645856080293,0.5372810228901461
gap1_common_dates,rf,131,7060014200,0.27333918635913207,0.2878446922481043
gap1_common_dates,rf,132,7060013550,0.22046421488839568,0.1500377255278952
gap1_common_dates,rf,133,7060013550,0.0872185410310191,0.0815417519040053
gap1_common_dates,rf,148,7060013550,0.21833227848872927,0.21571076644924717
gap1_common_dates,rf,1586,7060047060,0.10904752528982808,0.24452731647118647
gap1_common_dates,rf,1587,7060047060,0.2799957740271275,0.33434843052078933
gap1_common_dates,rf,1592,7060047060,0.34382574108077185,0.2571614381985277
gap1_common_dates,rf,1595,7060047060,0.10842850910012612,0.24088222753952157
gap1_common_dates,rf,1600,7060047060,0.16390038915031843,0.24562404561251905
gap1_common_dates,rf,1617,7060047060,0.26566128757157614,0.34191786158910054
gap1_common_dates,rf,1619,7060047060,0.14994540981136933,0.2920829589670749
gap1_common_dates,rf,1620,7060047060,0.27244922316425124,0.33802668141260356
gap1_common_dates,rf,1631,7060047060,0.13586625120138024,0.2579048205142514
gap1_common_dates,rf,1634,7060047060,0.1758207414989661,0.24452731647118647
gap1_common_dates,rf,1636,7060047060,0.37686352202262224,0.3467167974085259
gap1_common_dates,rf,1645,7060047060,0.46880108927990805,0.36848313685112916
gap1_common_dates,rf,1650,7060047060,0.1902835665834986,0.3368893393806423
gap1_common_dates,rf,1654,7060047060,0.4581723993322289,0.36848313685112916
gap1_common_dates,rf,1655,7060047060,0.27903405496887934,0.3400520020262085
gap1_common_dates,rf,1656,7060047060,0.2013737127912082,0.2440072766551964
gap1_common_dates,rf,1683,7060047060,0.44087707368667267,0.3677791891414486
gap1_common_dates,rf,169,7060013560,0.5358492196096671,0.4559017762807786
gap1_common_dates,rf,1691,7060047060,0.11616721478804654,0.24302184241948857
gap1_common_dates,rf,1699,7060047060,0.10173478820258915,0.24128547930787075
gap1_common_dates,rf,1703,7060047060,0.716660099941124,0.3734172044380594
gap1_common_dates,rf,1706,7060047060,0.14395730556039704,0.24362515303952853
gap1_common_dates,rf,1707,7060047060,0.2516954924878223,0.3346498929688569
gap1_common_dates,rf,1709,7060047060,0.09069195877190259,0.24128547930787075
gap1_common_dates,rf,1712,7060047060,0.1190201878087824,0.24362515303952853
gap1_common_dates,rf,1713,7060047060,0.2096398232608936,0.31238250117622185
gap1_common_dates,rf,1714,7060047060,0.3091300571912571,0.3439260826509898
gap1_common_dates,rf,1718,7060047060,0.44885605648942306,0.36848313685112916
gap1_common_dates,rf,1723,7060047060,0.19395669459263004,0.25607384480012846
gap1_common_dates,rf,1726,7060047060,0.10896403881507782,0.24362515303952853
gap1_common_dates,rf,1735,7060047060,0.06979095290564989,0.24482877891925406
gap1_common_dates,rf,1739,7060047060,0.29666539359342553,0.32324122494681645
gap1_common_dates,rf,1740,7060047060,0.1758207414989661,0.24452731647118647
gap1_common_dates,rf,1741,7060047060,0.3534252217323681,0.34467676286065924
gap1_common_dates,rf,1742,7060047060,0.08480826170244422,0.22041063539211433
gap1_common_dates,rf,1744,7060047060,0.2387276522901479,0.231650364049227
gap1_common_dates,rf,1752,7060047060,0.0302958959256767,0.21030909352212068
gap1_common_dates,rf,1753,7060047060,0.034264448408433124,0.2097890537061306
gap1_common_dates,rf,1755,7060047060,0.5562673086774179,0.368844395551185
gap1_common_dates,rf,1761,7060042310,0.27724474371309005,0.21853235510427307
gap1_common_dates,rf,1768,7060047060,0.01211858013282131,0.2136242413624554
gap1_common_dates,rf,1776,7060043090,0.0855439313352062,0.09009008465437734
gap1_common_dates,rf,1777,7060047060,0.30228136103486564,0.31883791265973443
gap1_common_dates,rf,182,7060013550,0.18271699961023843,0.21262015869565215
gap1_common_dates,rf,1848,7060047060,0.5028227720001452,0.34786586778711137
gap1_common_dates,rf,1851,7060043500,0.16275547134539953,0.17005207787660312
gap1_common_dates,rf,1864,7060047060,0.5453666496134132,0.34795376421743723
gap1_common_dates,rf,1869,7060047060,0.6497507178945514,0.344973586503595
gap1_common_dates,rf,1879,7060043160,0.5747260555684761,0.37924018336669696
gap1_common_dates,rf,1883,7060043640,0.2594859396710334,0.2029844453974078
gap1_common_dates,rf,191,7060013550,0.24386640433051454,0.32848257031887207
gap1_common_dates,rf,198,7060013550,0.30894982013781086,0.3135157634437571
gap1_common_dates,rf,204,7060013550,0.3066385469683326,0.3190951806715035
gap1_common_dates,rf,292,7060022240,0.44893864747877954,0.41101850094441394
gap1_common_dates,rf,307,7060047060,0.13710457100078935,0.2347272370492604
gap1_common_dates,rf,310,7060014930,0.06279365977724899,0.08797546059383012
gap1_common_dates,rf,316,7060014930,0.2222499551419378,0.24616591301025342
gap1_common_dates,rf,319,7060047060,0.23881827227462005,0.33072127736458556
gap1_common_dates,rf,355,7060047060,0.12340187249362164,0.23338569496921274
gap1_common_dates,rf,361,7060014930,0.10836787673158613,0.17198294436649295
gap1_common_dates,rf,362,7060047060,0.3841607485850629,0.35774643178111937
gap1_common_dates,rf,364,7060047060,0.16250170400561625,0.23338569496921274
gap1_common_dates,rf,368,7060047060,0.41289960337289583,0.3865691189889918
gap1_common_dates,rf,372,7060014930,0.2942816619350156,0.31754660955826697
gap1_common_dates,rf,373,7060047060,0.37558270113787345,0.3832874788270821
gap1_common_dates,rf,384,7060014930,0.3030019109094392,0.2976081149057752
gap1_common_dates,rf,386,7060014930,0.572864021275219,0.448032773213774
gap1_common_dates,rf,391,7060014930,0.11630684303528308,0.14567263714786516
gap1_common_dates,rf,393,7060047060,0.22427692059245702,0.2908763519546636
gap1_common_dates,rf,398,7060047060,0.2627616778487855,0.3042585913150254
gap1_common_dates,rf,41,7060016090,0.30546303515284856,0.2895741247290705
gap1_common_dates,rf,413,7060014930,0.015188338602546802,0.11360945402706761
gap1_common_dates,rf,415,7060047060,0.0745806789865424,0.24188686383036853
gap1_common_dates,rf,416,7060047060,0.17890221425805486,0.2344715773366616
gap1_common_dates,rf,419,7060008710,0.44082065466842046,0.4548797674668221
gap1_common_dates,rf,42,7060016090,0.366221789192078,0.330030932964836
gap1_common_dates,rf,421,7060047060,0.25493325998242067,0.3825438307698958
gap1_common_dates,rf,423,7060008710,0.26117307204484375,0.31975474165747425
gap1_common_dates,rf,442,7060073620,0.2752968810628519,0.33435942105842015
gap1_common_dates,rf,445,7060008710,0.224138830757966,0.2777007413234681
gap1_common_dates,rf,448,7060008710,0.22416607699504454,0.24920062823236336
gap1_common_dates,rf,449,7060073620,0.4238798871954068,0.43391173360790375
gap1_common_dates,rf,451,7060008710,0.22090927233216076,0.1369680280760845
gap1_common_dates,rf,456,7060073620,0.25605914571423927,0.2499890552008822
gap1_common_dates,rf,467,7060073620,0.5064303907785369,0.43140088532873244
gap1_common_dates,rf,469,7060008710,0.45052235055286904,0.41913121025938793
gap1_common_dates,rf,470,7060008710,0.31479673590326607,0.3162671474658717
gap1_common_dates,rf,477,7060073620,0.2528298707120241,0.2574250879483765
gap1_common_dates,rf,488,7060008710,0.28199738486015824,0.29818167228271536
gap1_common_dates,rf,497,7060008710,0.2464086886680948,0.333059964750556
gap1_common_dates,rf,500,7060047060,0.3562560410703974,0.3832874788270821
gap1_common_dates,rf,502,7060008710,0.30211006397508533,0.24782009552966167
gap1_common_dates,rf,505,7060047060,0.23924474713225585,0.24601981669655398
gap1_common_dates,rf,509,7060008710,0.09916879377383866,0.2612114058582958
gap1_common_dates,rf,511,7060047060,0.08440368437655454,0.25970124669136596
gap1_common_dates,rf,517,7060008710,0.3486366875331364,0.34086593996980824
gap1_common_dates,rf,518,7060008710,0.5042386268704302,0.42918250409746794
gap1_common_dates,rf,522,7060047060,0.07026054013384717,0.2344715773366616
gap1_common_dates,rf,524,7060073920,0.28463745446912436,0.4894487875698125
gap1_common_dates,rf,530,7060047060,0.24882327314142194,0.2579182004841975
gap1_common_dates,rf,531,7060008710,0.19126019666584598,0.2768337942296268
gap1_common_dates,rf,533,7060047060,0.06207667745984695,0.23338569496921274
gap1_common_dates,rf,536,7060008710,0.25553116336390597,0.2583142971269255
gap1_common_dates,rf,541,7060008710,0.33512067960589664,0.35153559418084507
gap1_common_dates,rf,542,7060008710,0.021829390999163038,0.09165436324089167
gap1_common_dates,rf,549,7060008710,0.17266983428947952,0.1520401061096364
gap1_common_dates,rf,55,7060014930,0.2855472312792672,0.3198125708555496
gap1_common_dates,rf,567,7060008710,0.6598461853590809,0.46114788660638745
gap1_common_dates,rf,57,7060014930,0.3434381800795077,0.3441423934699814
gap1_common_dates,rf,574,7060008710,0.4025920589861338,0.41922633212107735
gap1_common_dates,rf,575,7060008710,0.3423624117302833,0.41956551398662634
gap1_common_dates,rf,595,7060013550,0.10828677413827531,0.21754477376760226
gap1_common_dates,rf,597,7060008710,0.504672677607412,0.41516317272023395
gap1_common_dates,rf,60,7060014930,0.2041065565749272,0.2896117801587413
gap1_common_dates,rf,600,7060013550,0.2973337878686663,0.32528427392032944
gap1_common_dates,rf,601,7060008710,0.3984804482743115,0.3500118739896327
gap1_common_dates,rf,612,7060013550,0.11004515406213367,0.16969450922007648
gap1_common_dates,rf,63,7060014930,0.2689459370149505,0.32028211380801413
gap1_common_dates,rf,7308,7060043500,0.17291437604455698,0.11080893161006149
gap1_common_dates,rf,7313,7060047060,0.18782556894938995,0.24501288446575503
gap1_common_dates,rf,7318,7060047060,0.01404860943222809,0.23300357135354488
gap1_common_dates,rf,753,7060047060,0.15216346333752714,0.2800468842661305
gap1_common_dates,rf,870,7060047060,0.05984246578898476,0.24545768050539163
gap1_common_dates,rf,882,7060047060,0.07469940515764761,0.2136242413624554
gap1_common_dates,rf,884,7060047060,0.0763158000949986,0.20965176498463867
gap1_common_dates,rf,885,7060047060,0.06626214192426286,0.21164830954667851
gap1_common_dates,rf,895,7060047060,0.014271387481084304,0.20908592243317994
gap1_common_dates,rf,898,7060047060,0.4804827463621658,0.358567934045177
gap1_common_dates,rf,920,7060047060,0.010603340710536624,0.20966261175852247
gap1_common_dates,rf,931,7060047060,1.2472731177871326,0.3614486155847451
gap1_common_dates,rf,938,7060047060,0.38426009158298446,0.37039052148263557
gap3_common_dates,mean,1017,7060047060,0.39350694741793457,0.30127679804664953
gap3_common_dates,mean,1026,7060047060,0.27047730320991026,0.30127679804664953
gap3_common_dates,mean,1033,7060047060,0.34903146806745766,0.30127679804664953
gap3_common_dates,mean,1036,7060047060,0.20717264498721943,0.30127679804664953
gap3_common_dates,mean,1042,7060047060,0.3236531161741061,0.30127679804664953
gap3_common_dates,mean,1067,7060047060,0.6167405131405999,0.30127679804664953
gap3_common_dates,mean,1086,7060049270,1.1065786202138204,0.27446582998975044
gap3_common_dates,mean,1092,7060047060,0.6010081256172075,0.30127679804664953
gap3_common_dates,mean,1101,7060047060,0.5979508334437655,0.30127679804664953
gap3_common_dates,mean,1112,7060047060,0.4993501914700653,0.30127679804664953
gap3_common_dates,mean,1121,7060047060,0.32837844858050913,0.30127679804664953
gap3_common_dates,mean,1122,7060047060,0.5217491049159911,0.30127679804664953
gap3_common_dates,mean,1125,7060047060,0.32837844858050913,0.30127679804664953
gap3_common_dates,mean,1127,7060047060,0.5663454133318315,0.30127679804664953
gap3_common_dates,mean,114,7060014340,0.28504764230307755,0.27432881696082967
gap3_common_dates,mean,1151,7060047970,0.5843168922743912,0.27432881696082967
gap3_common_dates,mean,1192,7060047060,0.16430907051601795,0.30127679804664953
gap3_common_dates,mean,1237,7060047970,0.6706848696134027,0.27432881696082967
gap3_common_dates,mean,1249,7060048410,1.1752645856080293,0.28004638634225504
gap3_common_dates,mean,131,7060014200,0.27333918635913207,0.27446582998975044
gap3_common_dates,mean,132,7060013550,0.22046421488839568,0.28004638634225504
gap3_common_dates,mean,133,7060013550,0.0872185410310191,0.28004638634225504
gap3_common_dates,mean,148,7060013550,0.21833227848872927,0.28004638634225504
gap3_common_dates,mean,1586,7060047060,0.10904752528982808,0.30127679804664953
gap3_common_dates,mean,1587,7060047060,0.2799957740271275,0.30127679804664953
gap3_common_dates,mean,1592,7060047060,0.34382574108077185,0.30127679804664953
gap3_common_dates,mean,1595,7060047060,0.10842850910012612,0.30127679804664953
gap3_common_dates,mean,1600,7060047060,0.16390038915031843,0.30127679804664953
gap3_common_dates,mean,1617,7060047060,0.26566128757157614,0.30127679804664953
gap3_common_dates,mean,1619,7060047060,0.14994540981136933,0.30127679804664953
gap3_common_dates,mean,1620,7060047060,0.27244922316425124,0.30127679804664953
gap3_common_dates,mean,1631,7060047060,0.13586625120138024,0.30127679804664953
gap3_common_dates,mean,1634,7060047060,0.1758207414989661,0.30127679804664953
gap3_common_dates,mean,1636,7060047060,0.37686352202262224,0.30127679804664953
gap3_common_dates,mean,1645,7060047060,0.46880108927990805,0.30127679804664953
gap3_common_dates,mean,1650,7060047060,0.1902835665834986,0.30127679804664953
gap3_common_dates,mean,1654,7060047060,0.4581723993322289,0.30127679804664953
gap3_common_dates,mean,1655,7060047060,0.27903405496887934,0.30127679804664953
gap3_common_dates,mean,1656,7060047060,0.2013737127912082,0.30127679804664953
gap3_common_dates,mean,1683,7060047060,0.44087707368667267,0.30127679804664953
gap3_common_dates,mean,169,7060013560,0.5358492196096671,0.27432881696082967
gap3_common_dates,mean,1691,7060047060,0.11616721478804654,0.30127679804664953
gap3_common_dates,mean,1699,7060047060,0.10173478820258915,0.30127679804664953
gap3_common_dates,mean,1703,7060047060,0.716660099941124,0.30127679804664953
gap3_common_dates,mean,1706,7060047060,0.14395730556039704,0.30127679804664953
gap3_common_dates,mean,1707,7060047060,0.2516954924878223,0.30127679804664953
gap3_common_dates,mean,1709,7060047060,0.09069195877190259,0.30127679804664953
gap3_common_dates,mean,1712,7060047060,0.1190201878087824,0.30127679804664953
gap3_common_dates,mean,1713,7060047060,0.2096398232608936,0.30127679804664953
gap3_common_dates,mean,1714,7060047060,0.3091300571912571,0.30127679804664953
gap3_common_dates,mean,1718,7060047060,0.44885605648942306,0.30127679804664953
gap3_common_dates,mean,1723,7060047060,0.19395669459263004,0.30127679804664953
gap3_common_dates,mean,1726,7060047060,0.10896403881507782,0.30127679804664953
gap3_common_dates,mean,1735,7060047060,0.06979095290564989,0.30127679804664953
gap3_common_dates,mean,1739,7060047060,0.29666539359342553,0.30127679804664953
gap3_common_dates,mean,1740,7060047060,0.1758207414989661,0.30127679804664953
gap3_common_dates,mean,1741,7060047060,0.3534252217323681,0.30127679804664953
gap3_common_dates,mean,1742,7060047060,0.08480826170244422,0.30127679804664953
gap3_common_dates,mean,1744,7060047060,0.2387276522901479,0.30127679804664953
gap3_common_dates,mean,1752,7060047060,0.0302958959256767,0.30127679804664953
gap3_common_dates,mean,1753,7060047060,0.034264448408433124,0.30127679804664953
gap3_common_dates,mean,1755,7060047060,0.5562673086774179,0.30127679804664953
gap3_common_dates,mean,1761,7060042310,0.27724474371309005,0.27446582998975044
gap3_common_dates,mean,1768,7060047060,0.01211858013282131,0.30127679804664953
gap3_common_dates,mean,1776,7060043090,0.0855439313352062,0.28004638634225504
gap3_common_dates,mean,1777,7060047060,0.30228136103486564,0.30127679804664953
gap3_common_dates,mean,182,7060013550,0.18271699961023843,0.28004638634225504
gap3_common_dates,mean,1848,7060047060,0.5028227720001452,0.30127679804664953
gap3_common_dates,mean,1851,7060043500,0.16275547134539953,0.27432881696082967
gap3_common_dates,mean,1864,7060047060,0.5453666496134132,0.30127679804664953
gap3_common_dates,mean,1869,7060047060,0.6497507178945514,0.30127679804664953
gap3_common_dates,mean,1879,7060043160,0.5747260555684761,0.27446582998975044
gap3_common_dates,mean,1883,7060043640,0.2594859396710334,0.27432881696082967
gap3_common_dates,mean,191,7060013550,0.24386640433051454,0.28004638634225504
gap3_common_dates,mean,198,7060013550,0.30894982013781086,0.28004638634225504
gap3_common_dates,mean,204,7060013550,0.3066385469683326,0.28004638634225504
gap3_common_dates,mean,292,7060022240,0.44893864747877954,0.27432881696082967
gap3_common_dates,mean,307,7060047060,0.13710457100078935,0.30127679804664953
gap3_common_dates,mean,310,7060014930,0.06279365977724899,0.27446582998975044
gap3_common_dates,mean,316,7060014930,0.2222499551419378,0.27446582998975044
gap3_common_dates,mean,319,7060047060,0.23881827227462005,0.30127679804664953
gap3_common_dates,mean,355,7060047060,0.12340187249362164,0.30127679804664953
gap3_common_dates,mean,361,7060014930,0.10836787673158613,0.27446582998975044
gap3_common_dates,mean,362,7060047060,0.3841607485850629,0.30127679804664953
gap3_common_dates,mean,364,7060047060,0.16250170400561625,0.30127679804664953
gap3_common_dates,mean,368,7060047060,0.41289960337289583,0.30127679804664953
gap3_common_dates,mean,372,7060014930,0.2942816619350156,0.27446582998975044
gap3_common_dates,mean,373,7060047060,0.37558270113787345,0.30127679804664953
gap3_common_dates,mean,384,7060014930,0.3030019109094392,0.27446582998975044
gap3_common_dates,mean,386,7060014930,0.572864021275219,0.27446582998975044
gap3_common_dates,mean,391,7060014930,0.11630684303528308,0.27446582998975044
gap3_common_dates,mean,393,7060047060,0.22427692059245702,0.30127679804664953
gap3_common_dates,mean,398,7060047060,0.2627616778487855,0.30127679804664953
gap3_common_dates,mean,41,7060016090,0.30546303515284856,0.27446582998975044
gap3_common_dates,mean,413,7060014930,0.015188338602546802,0.27446582998975044
gap3_common_dates,mean,415,7060047060,0.0745806789865424,0.30127679804664953
gap3_common_dates,mean,416,7060047060,0.17890221425805486,0.30127679804664953
gap3_common_dates,mean,419,7060008710,0.44082065466842046,0.27446314928967364
gap3_common_dates,mean,42,7060016090,0.366221789192078,0.27446582998975044
gap3_common_dates,mean,421,7060047060,0.25493325998242067,0.30127679804664953
gap3_common_dates,mean,423,7060008710,0.26117307204484375,0.27446314928967364
gap3_common_dates,mean,442,7060073620,0.2752968810628519,0.27432881696082967
gap3_common_dates,mean,445,7060008710,0.224138830757966,0.27446314928967364
gap3_common_dates,mean,448,7060008710,0.22416607699504454,0.27446314928967364
gap3_common_dates,mean,449,7060073620,0.4238798871954068,0.27432881696082967
gap3_common_dates,mean,451,7060008710,0.22090927233216076,0.27446314928967364
gap3_common_dates,mean,456,7060073620,0.25605914571423927,0.27432881696082967
gap3_common_dates,mean,467,7060073620,0.5064303907785369,0.27432881696082967
gap3_common_dates,mean,469,7060008710,0.45052235055286904,0.27446314928967364
gap3_common_dates,mean,470,7060008710,0.31479673590326607,0.27446314928967364
gap3_common_dates,mean,477,7060073620,0.2528298707120241,0.27432881696082967
gap3_common_dates,mean,488,7060008710,0.28199738486015824,0.27446314928967364
gap3_common_dates,mean,497,7060008710,0.2464086886680948,0.27446314928967364
gap3_common_dates,mean,500,7060047060,0.3562560410703974,0.30127679804664953
gap3_common_dates,mean,502,7060008710,0.30211006397508533,0.27446314928967364
gap3_common_dates,mean,505,7060047060,0.23924474713225585,0.30127679804664953
gap3_common_dates,mean,509,7060008710,0.09916879377383866,0.27446314928967364
gap3_common_dates,mean,511,7060047060,0.08440368437655454,0.30127679804664953
gap3_common_dates,mean,517,7060008710,0.3486366875331364,0.27446314928967364
gap3_common_dates,mean,518,7060008710,0.5042386268704302,0.27446314928967364
gap3_common_dates,mean,522,7060047060,0.07026054013384717,0.30127679804664953
gap3_common_dates,mean,524,7060073920,0.28463745446912436,0.28004638634225504
gap3_common_dates,mean,530,7060047060,0.24882327314142194,0.30127679804664953
gap3_common_dates,mean,531,7060008710,0.19126019666584598,0.27446314928967364
gap3_common_dates,mean,533,7060047060,0.06207667745984695,0.30127679804664953
gap3_common_dates,mean,536,7060008710,0.25553116336390597,0.27446314928967364
gap3_common_dates,mean,541,7060008710,0.33512067960589664,0.27446314928967364
gap3_common_dates,mean,542,7060008710,0.021829390999163038,0.27446314928967364
gap3_common_dates,mean,549,7060008710,0.17266983428947952,0.27446314928967364
gap3_common_dates,mean,55,7060014930,0.2855472312792672,0.27446582998975044
gap3_common_dates,mean,567,7060008710,0.6598461853590809,0.27446314928967364
gap3_common_dates,mean,57,7060014930,0.3434381800795077,0.27446582998975044
gap3_common_dates,mean,574,7060008710,0.4025920589861338,0.27446314928967364
gap3_common_dates,mean,575,7060008710,0.3423624117302833,0.27446314928967364
gap3_common_dates,mean,595,7060013550,0.10828677413827531,0.28004638634225504
gap3_common_dates,mean,597,7060008710,0.504672677607412,0.27446314928967364
gap3_common_dates,mean,60,7060014930,0.2041065565749272,0.27446582998975044
gap3_common_dates,mean,600,7060013550,0.2973337878686663,0.28004638634225504
gap3_common_dates,mean,601,7060008710,0.3984804482743115,0.27446314928967364
gap3_common_dates,mean,612,7060013550,0.11004515406213367,0.28004638634225504
gap3_common_dates,mean,63,7060014930,0.2689459370149505,0.27446582998975044
gap3_common_dates,mean,7308,7060043500,0.17291437604455698,0.27432881696082967
gap3_common_dates,mean,7313,7060047060,0.18782556894938995,0.30127679804664953
gap3_common_dates,mean,7318,7060047060,0.01404860943222809,0.30127679804664953
gap3_common_dates,mean,753,7060047060,0.15216346333752714,0.30127679804664953
gap3_common_dates,mean,870,7060047060,0.05984246578898476,0.30127679804664953
gap3_common_dates,mean,882,7060047060,0.07469940515764761,0.30127679804664953
gap3_common_dates,mean,884,7060047060,0.0763158000949986,0.30127679804664953
gap3_common_dates,mean,885,7060047060,0.06626214192426286,0.30127679804664953
gap3_common_dates,mean,895,7060047060,0.014271387481084304,0.30127679804664953
gap3_common_dates,mean,898,7060047060,0.4804827463621658,0.30127679804664953
gap3_common_dates,mean,920,7060047060,0.010603340710536624,0.30127679804664953
gap3_common_dates,mean,931,7060047060,1.2472731177871326,0.30127679804664953
gap3_common_dates,mean,938,7060047060,0.38426009158298446,0.30127679804664953
gap3_common_dates,persistence,1017,7060047060,0.39350694741793457,0.32732625657686143
gap3_common_dates,persistence,1026,7060047060,0.27047730320991026,0.2834168970340526
gap3_common_dates,persistence,1033,7060047060,0.34903146806745766,0.33911868468061473
gap3_common_dates,persistence,1036,7060047060,0.20717264498721943,0.21383819202015208
gap3_common_dates,persistence,1042,7060047060,0.3236531161741061,0.3812739904689628
gap3_common_dates,persistence,1067,7060047060,0.6167405131405999,0.5506501849189527
gap3_common_dates,persistence,1086,7060049270,1.1065786202138204,0.8848431516750894
gap3_common_dates,persistence,1092,7060047060,0.6010081256172075,0.5212600112783097
gap3_common_dates,persistence,1101,7060047060,0.5979508334437655,0.48238399696401857
gap3_common_dates,persistence,1112,7060047060,0.4993501914700653,0.38296951698055165
gap3_common_dates,persistence,1121,7060047060,0.32837844858050913,0.25815139018932476
gap3_common_dates,persistence,1122,7060047060,0.5217491049159911,0.45839296501237914
gap3_common_dates,persistence,1125,7060047060,0.32837844858050913,0.25815139018932476
gap3_common_dates,persistence,1127,7060047060,0.5663454133318315,0.4843791452026821
gap3_common_dates,persistence,114,7060014340,0.28504764230307755,0.419876774547364
gap3_common_dates,persistence,1151,7060047970,0.5843168922743912,0.39937269564133215
gap3_common_dates,persistence,1192,7060047060,0.16430907051601795,0.12311908521187284
gap3_common_dates,persistence,1237,7060047970,0.6706848696134027,0.5579418713718229
gap3_common_dates,persistence,1249,7060048410,1.1752645856080293,0.8786082927534192
gap3_common_dates,persistence,131,7060014200,0.27333918635913207,0.24841927731797692
gap3_common_dates,persistence,132,7060013550,0.22046421488839568,0.14926934675484932
gap3_common_dates,persistence,133,7060013550,0.0872185410310191,0.046577233014649444
gap3_common_dates,persistence,148,7060013550,0.21833227848872927,0.18173948436536902
gap3_common_dates,persistence,1586,7060047060,0.10904752528982808,0.13506777257551217
gap3_common_dates,persistence,1587,7060047060,0.2799957740271275,0.27537901244813345
gap3_common_dates,persistence,1592,7060047060,0.34382574108077185,0.21977552761039992
gap3_common_dates,persistence,1595,7060047060,0.10842850910012612,0.04052037059224774
gap3_common_dates,persistence,1600,7060047060,0.16390038915031843,0.14189920675046158
gap3_common_dates,persistence,1617,7060047060,0.26566128757157614,0.31342708481125076
gap3_common_dates,persistence,1619,7060047060,0.14994540981136933,0.2411145373293386
gap3_common_dates,persistence,1620,7060047060,0.27244922316425124,0.29373950829282947
gap3_common_dates,persistence,1631,7060047060,0.13586625120138024,0.20831804751261715
gap3_common_dates,persistence,1634,7060047060,0.1758207414989661,0.14422797835809964
gap3_common_dates,persistence,1636,7060047060,0.37686352202262224,0.48578499594909874
gap3_common_dates,persistence,1645,7060047060,0.46880108927990805,0.4352714907165549
gap3_common_dates,persistence,1650,7060047060,0.1902835665834986,0.29790227844638123
gap3_common_dates,persistence,1654,7060047060,0.4581723993322289,0.44796201049184103
gap3_common_dates,persistence,1655,7060047060,0.27903405496887934,0.2795508120545117
gap3_common_dates,persistence,1656,7060047060,0.2013737127912082,0.1581455963637178
gap3_common_dates,persistence,1683,7060047060,0.44087707368667267,0.38006640718230245
gap3_common_dates,persistence,169,7060013560,0.5358492196096671,0.6260428067800482
gap3_common_dates,persistence,1691,7060047060,0.11616721478804654,0.16906698920481789
gap3_common_dates,persistence,1699,7060047060,0.10173478820258915,0.0932043910144893
gap3_common_dates,persistence,1703,7060047060,0.716660099941124,0.6006220667118699
gap3_common_dates,persistence,1706,7060047060,0.14395730556039704,0.13765369183842868
gap3_common_dates,persistence,1707,7060047060,0.2516954924878223,0.29054549589074513
gap3_common_dates,persistence,1709,7060047060,0.09069195877190259,0.06746998050513128
gap3_common_dates,persistence,1712,7060047060,0.1190201878087824,0.14040051365660172
gap3_common_dates,persistence,1713,7060047060,0.2096398232608936,0.28784117898830874
gap3_common_dates,persistence,1714,7060047060,0.3091300571912571,0.3715533410694491
gap3_common_dates,persistence,1718,7060047060,0.44885605648942306,0.4887165938297443
gap3_common_dates,persistence,1723,7060047060,0.19395669459263004,0.2058555663805134
gap3_common_dates,persistence,1726,7060047060,0.10896403881507782,0.12855630496026077
gap3_common_dates,persistence,1735,7060047060,0.06979095290564989,0.08022106913608207
gap3_common_dates,persistence,1739,7060047060,0.29666539359342553,0.30490781245337906
gap3_common_dates,persistence,1740,7060047060,0.1758207414989661,0.14422797835809964
gap3_common_dates,persistence,1741,7060047060,0.3534252217323681,0.30269984489098456
gap3_common_dates,persistence,1742,7060047060,0.08480826170244422,0.08475095118718173
gap3_common_dates,persistence,1744,7060047060,0.2387276522901479,0.21328782928822254
gap3_common_dates,persistence,1752,7060047060,0.0302958959256767,0.04174413093244561
gap3_common_dates,persistence,1753,7060047060,0.034264448408433124,0.12688018325062994
gap3_common_dates,persistence,1755,7060047060,0.5562673086774179,0.4676057793716548
gap3_common_dates,persistence,1761,7060042310,0.27724474371309005,0.22092728935311007
gap3_common_dates,persistence,1768,7060047060,0.01211858013282131,0.019045252163574136
gap3_common_dates,persistence,1776,7060043090,0.0855439313352062,0.04673633933514659
gap3_common_dates,persistence,1777,7060047060,0.30228136103486564,0.292893701696213
gap3_common_dates,persistence,182,7060013550,0.18271699961023843,0.18876530730899535
gap3_common_dates,persistence,1848,7060047060,0.5028227720001452,0.5055296456992726
gap3_common_dates,persistence,1851,7060043500,0.16275547134539953,0.21430080920704023
gap3_common_dates,persistence,1864,7060047060,0.5453666496134132,0.5237262413583994
gap3_common_dates,persistence,1869,7060047060,0.6497507178945514,0.6825118324280082
gap3_common_dates,persistence,1879,7060043160,0.5747260555684761,0.5557630083151025
gap3_common_dates,persistence,1883,7060043640,0.2594859396710334,0.23033722735379167
gap3_common_dates,persistence,191,7060013550,0.24386640433051454,0.3272170127162451
gap3_common_dates,persistence,198,7060013550,0.30894982013781086,0.36301238201428054
gap3_common_dates,persistence,204,7060013550,0.3066385469683326,0.3778348677466956
gap3_common_dates,persistence,292,7060022240,0.44893864747877954,0.42200139136783466
gap3_common_dates,persistence,307,7060047060,0.13710457100078935,0.15470541289290046
gap3_common_dates,persistence,310,7060014930,0.06279365977724899,0.06604083258205336
gap3_common_dates,persistence,316,7060014930,0.2222499551419378,0.23956559273349093
gap3_common_dates,persistence,319,7060047060,0.23881827227462005,0.25458913624304513
gap3_common_dates,persistence,355,7060047060,0.12340187249362164,0.1511515807310599
gap3_common_dates,persistence,361,7060014930,0.10836787673158613,0.11765121509929247
gap3_common_dates,persistence,362,7060047060,0.3841607485850629,0.6821706073259356
gap3_common_dates,persistence,364,7060047060,0.16250170400561625,0.13855064487215552
gap3_common_dates,persistence,368,7060047060,0.41289960337289583,0.3949308315381802
gap3_common_dates,persistence,372,7060014930,0.2942816619350156,0.3156344414759076
gap3_common_dates,persistence,373,7060047060,0.37558270113787345,0.47070628348938015
gap3_common_dates,persistence,384,7060014930,0.3030019109094392,0.2819591444181446
gap3_common_dates,persistence,386,7060014930,0.572864021275219,0.528810898347174
gap3_common_dates,persistence,391,7060014930,0.11630684303528308,0.14040808614001055
gap3_common_dates,persistence,393,7060047060,0.22427692059245702,0.2318804158587709
gap3_common_dates,persistence,398,7060047060,0.2627616778487855,0.2315010968717211
gap3_common_dates,persistence,41,7060016090,0.30546303515284856,0.28046628020470366
gap3_common_dates,persistence,413,7060014930,0.015188338602546802,0.026689603366676348
gap3_common_dates,persistence,415,7060047060,0.0745806789865424,0.07569707632721556
gap3_common_dates,persistence,416,7060047060,0.17890221425805486,0.14739472370243467
gap3_common_dates,persistence,419,7060008710,0.44082065466842046,0.5000644879242638
gap3_common_dates,persistence,42,7060016090,0.366221789192078,0.33841626142315506
gap3_common_dates,persistence,421,7060047060,0.25493325998242067,0.4035093113691528
gap3_common_dates,persistence,423,7060008710,0.26117307204484375,0.3286078843081458
gap3_common_dates,persistence,442,7060073620,0.2752968810628519,0.2857415201534098
gap3_common_dates,persistence,445,7060008710,0.224138830757966,0.2585428572103122
gap3_common_dates,persistence,448,7060008710,0.22416607699504454,0.2339789882123406
gap3_common_dates,persistence,449,7060073620,0.4238798871954068,0.5045444976662925
gap3_common_dates,persistence,451,7060008710,0.22090927233216076,0.13899259893238797
gap3_common_dates,persistence,456,7060073620,0.25605914571423927,0.22083893395156676
gap3_common_dates,persistence,467,7060073620,0.5064303907785369,0.44718494903775585
gap3_common_dates,persistence,469,7060008710,0.45052235055286904,0.4130908565376275
gap3_common_dates,persistence,470,7060008710,0.31479673590326607,0.295631999210478
gap3_common_dates,persistence,477,7060073620,0.2528298707120241,0.3057173466462336
gap3_common_dates,persistence,488,7060008710,0.28199738486015824,0.390309253085163
gap3_common_dates,persistence,497,7060008710,0.2464086886680948,0.3400521138301063
gap3_common_dates,persistence,500,7060047060,0.3562560410703974,0.3863352444733229
gap3_common_dates,persistence,502,7060008710,0.30211006397508533,0.22638360625180481
gap3_common_dates,persistence,505,7060047060,0.23924474713225585,0.21416520673928122
gap3_common_dates,persistence,509,7060008710,0.09916879377383866,0.22663711791862462
gap3_common_dates,persistence,511,7060047060,0.08440368437655454,0.11562480452300766
gap3_common_dates,persistence,517,7060008710,0.3486366875331364,0.37667294299469406
gap3_common_dates,persistence,518,7060008710,0.5042386268704302,0.49206455984819475
gap3_common_dates,persistence,522,7060047060,0.07026054013384717,0.1178565130813419
gap3_common_dates,persistence,524,7060073920,0.28463745446912436,0.6056334554122743
gap3_common_dates,persistence,530,7060047060,0.24882327314142194,0.22146285246209962
gap3_common_dates,persistence,531,7060008710,0.19126019666584598,0.24304869606496618
gap3_common_dates,persistence,533,7060047060,0.06207667745984695,0.0717785558395135
gap3_common_dates,persistence,536,7060008710,0.25553116336390597,0.246914396231868
gap3_common_dates,persistence,541,7060008710,0.33512067960589664,0.3855330714681625
gap3_common_dates,persistence,542,7060008710,0.021829390999163038,0.062185232801962954
gap3_common_dates,persistence,549,7060008710,0.17266983428947952,0.1289048748424131
gap3_common_dates,persistence,55,7060014930,0.2855472312792672,0.29859361974404636
gap3_common_dates,persistence,567,7060008710,0.6598461853590809,0.568167901667212
gap3_common_dates,persistence,57,7060014930,0.3434381800795077,0.39010191957263496
gap3_common_dates,persistence,574,7060008710,0.4025920589861338,0.4532693325676319
gap3_common_dates,persistence,575,7060008710,0.3423624117302833,0.45090363592699056
gap3_common_dates,persistence,595,7060013550,0.10828677413827531,0.19201996238898328
gap3_common_dates,persistence,597,7060008710,0.504672677607412,0.481298882047343
gap3_common_dates,persistence,60,7060014930,0.2041065565749272,0.2663200574555232
gap3_common_dates,persistence,600,7060013550,0.2973337878686663,0.29213311975886014
gap3_common_dates,persistence,601,7060008710,0.3984804482743115,0.3477240963723892
gap3_common_dates,persistence,612,7060013550,0.11004515406213367,0.14999185935931425
gap3_common_dates,persistence,63,7060014930,0.2689459370149505,0.3629869753237469
gap3_common_dates,persistence,7308,7060043500,0.17291437604455698,0.13151636261207936
gap3_common_dates,persistence,7313,7060047060,0.18782556894938995,0.20539925152870275
gap3_common_dates,persistence,7318,7060047060,0.01404860943222809,0.011668990812269998
gap3_common_dates,persistence,753,7060047060,0.15216346333752714,0.2442817547925933
gap3_common_dates,persistence,870,7060047060,0.05984246578898476,0.1978266320944444
gap3_common_dates,persistence,882,7060047060,0.07469940515764761,0.12314076028634954
gap3_common_dates,persistence,884,7060047060,0.0763158000949986,0.08297545924434035
gap3_common_dates,persistence,885,7060047060,0.06626214192426286,0.18094667801319542
gap3_common_dates,persistence,895,7060047060,0.014271387481084304,0.020511690869501536
gap3_common_dates,persistence,898,7060047060,0.4804827463621658,0.7789655626985532
gap3_common_dates,persistence,920,7060047060,0.010603340710536624,0.04751129309744815
gap3_common_dates,persistence,931,7060047060,1.2472731177871326,0.9539932496405352
gap3_common_dates,persistence,938,7060047060,0.38426009158298446,0.8131914182348002
gap3_common_dates,ridge,1017,7060047060,0.39350694741793457,0.3897313108371438
gap3_common_dates,ridge,1026,7060047060,0.27047730320991026,0.34907145702043435
gap3_common_dates,ridge,1033,7060047060,0.34903146806745766,0.4191563832620049
gap3_common_dates,ridge,1036,7060047060,0.20717264498721943,0.291785962258776
gap3_common_dates,ridge,1042,7060047060,0.3236531161741061,0.4095911209330601
gap3_common_dates,ridge,1067,7060047060,0.6167405131405999,0.5310105899954826
gap3_common_dates,ridge,1086,7060049270,1.1065786202138204,0.69615913866152
gap3_common_dates,ridge,1092,7060047060,0.6010081256172075,0.5161748803435695
gap3_common_dates,ridge,1101,7060047060,0.5979508334437655,0.4228561415380797
gap3_common_dates,ridge,1112,7060047060,0.4993501914700653,0.3993724740403788
gap3_common_dates,ridge,1121,7060047060,0.32837844858050913,0.3231750950978779
gap3_common_dates,ridge,1122,7060047060,0.5217491049159911,0.46311633532930685
gap3_common_dates,ridge,1125,7060047060,0.32837844858050913,0.3231750950978779
gap3_common_dates,ridge,1127,7060047060,0.5663454133318315,0.4864948791393481
gap3_common_dates,ridge,114,7060014340,0.28504764230307755,0.38053941748339
gap3_common_dates,ridge,1151,7060047970,0.5843168922743912,0.5096524404311769
gap3_common_dates,ridge,1192,7060047060,0.16430907051601795,0.1938794420956515
gap3_common_dates,ridge,1237,7060047970,0.6706848696134027,0.5115021308777155
gap3_common_dates,ridge,1249,7060048410,1.1752645856080293,0.8879088802845776
gap3_common_dates,ridge,131,7060014200,0.27333918635913207,0.2440768515148814
gap3_common_dates,ridge,132,7060013550,0.22046421488839568,0.157966683904569
gap3_common_dates,ridge,133,7060013550,0.0872185410310191,0.07583566745031003
gap3_common_dates,ridge,148,7060013550,0.21833227848872927,0.1881258012223774
gap3_common_dates,ridge,1586,7060047060,0.10904752528982808,0.27579011088640304
gap3_common_dates,ridge,1587,7060047060,0.2799957740271275,0.3353285780691598
gap3_common_dates,ridge,1592,7060047060,0.34382574108077185,0.309075753980574
gap3_common_dates,ridge,1595,7060047060,0.10842850910012612,0.19130723044419465
gap3_common_dates,ridge,1600,7060047060,0.16390038915031843,0.26183551858785054
gap3_common_dates,ridge,1617,7060047060,0.26566128757157614,0.3371527818239338
gap3_common_dates,ridge,1619,7060047060,0.14994540981136933,0.3049395542481972
gap3_common_dates,ridge,1620,7060047060,0.27244922316425124,0.3040572562470915
gap3_common_dates,ridge,1631,7060047060,0.13586625120138024,0.30216988900343167
gap3_common_dates,ridge,1634,7060047060,0.1758207414989661,0.24386494342408174
gap3_common_dates,ridge,1636,7060047060,0.37686352202262224,0.43213588762357236
gap3_common_dates,ridge,1645,7060047060,0.46880108927990805,0.4393236230858909
gap3_common_dates,ridge,1650,7060047060,0.1902835665834986,0.35106318648330137
gap3_common_dates,ridge,1654,7060047060,0.4581723993322289,0.426881267770558
gap3_common_dates,ridge,1655,7060047060,0.27903405496887934,0.347763789175491
gap3_common_dates,ridge,1656,7060047060,0.2013737127912082,0.2644840047621909
gap3_common_dates,ridge,1683,7060047060,0.44087707368667267,0.4168511776775441
gap3_common_dates,ridge,169,7060013560,0.5358492196096671,0.5342868232015164
gap3_common_dates,ridge,1691,7060047060,0.11616721478804654,0.2624366575452275
gap3_common_dates,ridge,1699,7060047060,0.10173478820258915,0.2044363086769942
gap3_common_dates,ridge,1703,7060047060,0.716660099941124,0.526208692039518
gap3_common_dates,ridge,1706,7060047060,0.14395730556039704,0.24123312716813633
gap3_common_dates,ridge,1707,7060047060,0.2516954924878223,0.37049823779073565
gap3_common_dates,ridge,1709,7060047060,0.09069195877190259,0.19208920615171377
gap3_common_dates,ridge,1712,7060047060,0.1190201878087824,0.27637113597744106
gap3_common_dates,ridge,1713,7060047060,0.2096398232608936,0.3472099903152607
gap3_common_dates,ridge,1714,7060047060,0.3091300571912571,0.35643048668578303
gap3_common_dates,ridge,1718,7060047060,0.44885605648942306,0.4592585543057538
gap3_common_dates,ridge,1723,7060047060,0.19395669459263004,0.2929865330453303
gap3_common_dates,ridge,1726,7060047060,0.10896403881507782,0.25730659030371617
gap3_common_dates,ridge,1735,7060047060,0.06979095290564989,0.22867747302256136
gap3_common_dates,ridge,1739,7060047060,0.29666539359342553,0.35439880974093435
gap3_common_dates,ridge,1740,7060047060,0.1758207414989661,0.24386494342408174
gap3_common_dates,ridge,1741,7060047060,0.3534252217323681,0.34824326506235453
gap3_common_dates,ridge,1742,7060047060,0.08480826170244422,0.21886856838655086
gap3_common_dates,ridge,1744,7060047060,0.2387276522901479,0.30069353436440815
gap3_common_dates,ridge,1752,7060047060,0.0302958959256767,0.146264725430361
gap3_common_dates,ridge,1753,7060047060,0.034264448408433124,0.20288556279386863
gap3_common_dates,ridge,1755,7060047060,0.5562673086774179,0.41632743242779424
gap3_common_dates,ridge,1761,7060042310,0.27724474371309005,0.20856812543498426
gap3_common_dates,ridge,1768,7060047060,0.01211858013282131,0.14394706560570453
gap3_common_dates,ridge,1776,7060043090,0.0855439313352062,0.08396512910320159
gap3_common_dates,ridge,1777,7060047060,0.30228136103486564,0.3334792955879873
gap3_common_dates,ridge,182,7060013550,0.18271699961023843,0.19389873068966207
gap3_common_dates,ridge,1848,7060047060,0.5028227720001452,0.4064237061734876
gap3_common_dates,ridge,1851,7060043500,0.16275547134539953,0.18254498803295954
gap3_common_dates,ridge,1864,7060047060,0.5453666496134132,0.41635700509809087
gap3_common_dates,ridge,1869,7060047060,0.6497507178945514,0.5111089369224204
gap3_common_dates,ridge,1879,7060043160,0.5747260555684761,0.4051660077063431
gap3_common_dates,ridge,1883,7060043640,0.2594859396710334,0.2274178960595329
gap3_common_dates,ridge,191,7060013550,0.24386640433051454,0.2887475079074895
gap3_common_dates,ridge,198,7060013550,0.30894982013781086,0.31172337073174194
gap3_common_dates,ridge,204,7060013550,0.3066385469683326,0.33486337746197814
gap3_common_dates,ridge,292,7060022240,0.44893864747877954,0.33695249333586547
gap3_common_dates,ridge,307,7060047060,0.13710457100078935,0.21430154605034496
gap3_common_dates,ridge,310,7060014930,0.06279365977724899,0.07041362925398281
gap3_common_dates,ridge,316,7060014930,0.2222499551419378,0.2242465751319096
gap3_common_dates,ridge,319,7060047060,0.23881827227462005,0.3245783159286369
gap3_common_dates,ridge,355,7060047060,0.12340187249362164,0.24012781445151538
gap3_common_dates,ridge,361,7060014930,0.10836787673158613,0.1591296674479053
gap3_common_dates,ridge,362,7060047060,0.3841607485850629,0.46212761069837166
gap3_common_dates,ridge,364,7060047060,0.16250170400561625,0.19533402747182474
gap3_common_dates,ridge,368,7060047060,0.41289960337289583,0.41981258627065415
gap3_common_dates,ridge,372,7060014930,0.2942816619350156,0.3409967647494171
gap3_common_dates,ridge,373,7060047060,0.37558270113787345,0.44692653069919563
gap3_common_dates,ridge,384,7060014930,0.3030019109094392,0.29822475148008526
gap3_common_dates,ridge,386,7060014930,0.572864021275219,0.5060665436595668
gap3_common_dates,ridge,391,7060014930,0.11630684303528308,0.16400915215513773
gap3_common_dates,ridge,393,7060047060,0.22427692059245702,0.2984653189863975
gap3_common_dates,ridge,398,7060047060,0.2627616778487855,0.3207639186711165
gap3_common_dates,ridge,41,7060016090,0.30546303515284856,0.2518028621616848
gap3_common_dates,ridge,413,7060014930,0.015188338602546802,0.08110583379435568
gap3_common_dates,ridge,415,7060047060,0.0745806789865424,0.1734168381988432
gap3_common_dates,ridge,416,7060047060,0.17890221425805486,0.2174383876769585
gap3_common_dates,ridge,419,7060008710,0.44082065466842046,0.45630227379312904
gap3_common_dates,ridge,42,7060016090,0.366221789192078,0.28187146414528386
gap3_common_dates,ridge,421,7060047060,0.25493325998242067,0.4154787141191734
gap3_common_dates,ridge,423,7060008710,0.26117307204484375,0.3005914452024694
gap3_common_dates,ridge,442,7060073620,0.2752968810628519,0.2881213396439968
gap3_common_dates,ridge,445,7060008710,0.224138830757966,0.31939151916281483
gap3_common_dates,ridge,448,7060008710,0.22416607699504454,0.3012891039594048
gap3_common_dates,ridge,449,7060073620,0.4238798871954068,0.36898548503293105
gap3_common_dates,ridge,451,7060008710,0.22090927233216076,0.13822080054666963
gap3_common_dates,ridge,456,7060073620,0.25605914571423927,0.22535095139450112
gap3_common_dates,ridge,467,7060073620,0.5064303907785369,0.4211423478770631
gap3_common_dates,ridge,469,7060008710,0.45052235055286904,0.4195020040658826
gap3_common_dates,ridge,470,7060008710,0.31479673590326607,0.38581944670061497
gap3_common_dates,ridge,477,7060073620,0.2528298707120241,0.25793620083430346
gap3_common_dates,ridge,488,7060008710,0.28199738486015824,0.3189790388372199
gap3_common_dates,ridge,497,7060008710,0.2464086886680948,0.3457685098190415
gap3_common_dates,ridge,500,7060047060,0.3562560410703974,0.38030985297683323
gap3_common_dates,ridge,502,7060008710,0.30211006397508533,0.23900592401524912
gap3_common_dates,ridge,505,7060047060,0.23924474713225585,0.2501767486440806
gap3_common_dates,ridge,509,7060008710,0.09916879377383866,0.2808421750993361
gap3_common_dates,ridge,511,7060047060,0.08440368437655454,0.28358012265639637
gap3_common_dates,ridge,517,7060008710,0.3486366875331364,0.35366033429221166
gap3_common_dates,ridge,518,7060008710,0.5042386268704302,0.4739045379940019
gap3_common_dates,ridge,522,7060047060,0.07026054013384717,0.2063973430829412
gap3_common_dates,ridge,524,7060073920,0.28463745446912436,0.5806077560023071
gap3_common_dates,ridge,530,7060047060,0.24882327314142194,0.25781330860798585
gap3_common_dates,ridge,531,7060008710,0.19126019666584598,0.31857432483662973
gap3_common_dates,ridge,533,7060047060,0.06207667745984695,0.1709413027954601
gap3_common_dates,ridge,536,7060008710,0.25553116336390597,0.2527182693879263
gap3_common_dates,ridge,541,7060008710,0.33512067960589664,0.3497804743228552
gap3_common_dates,ridge,542,7060008710,0.021829390999163038,0.07648090276555441
gap3_common_dates,ridge,549,7060008710,0.17266983428947952,0.15881081274512807
gap3_common_dates,ridge,55,7060014930,0.2855472312792672,0.26677073521156147
gap3_common_dates,ridge,567,7060008710,0.6598461853590809,0.562960405930823
gap3_common_dates,ridge,57,7060014930,0.3434381800795077,0.3343524753631825
gap3_common_dates,ridge,574,7060008710,0.4025920589861338,0.4474530866484597
gap3_common_dates,ridge,575,7060008710,0.3423624117302833,0.4152916966419671
gap3_common_dates,ridge,595,7060013550,0.10828677413827531,0.19791241522551128
gap3_common_dates,ridge,597,7060008710,0.504672677607412,0.3835594023296701
gap3_common_dates,ridge,60,7060014930,0.2041065565749272,0.246727788624706
gap3_common_dates,ridge,600,7060013550,0.2973337878686663,0.29699989983761665
gap3_common_dates,ridge,601,7060008710,0.3984804482743115,0.328029583335658
gap3_common_dates,ridge,612,7060013550,0.11004515406213367,0.20461815331773464
gap3_common_dates,ridge,63,7060014930,0.2689459370149505,0.30656290067876024
gap3_common_dates,ridge,7308,7060043500,0.17291437604455698,0.1146475914538077
gap3_common_dates,ridge,7313,7060047060,0.18782556894938995,0.25082813277073024
gap3_common_dates,ridge,7318,7060047060,0.01404860943222809,0.1378218878653668
gap3_common_dates,ridge,753,7060047060,0.15216346333752714,0.25229759397966134
gap3_common_dates,ridge,870,7060047060,0.05984246578898476,0.21218822473710974
gap3_common_dates,ridge,882,7060047060,0.07469940515764761,0.19460404165458697
gap3_common_dates,ridge,884,7060047060,0.0763158000949986,0.13888553908872692
gap3_common_dates,ridge,885,7060047060,0.06626214192426286,0.1938219025462295
gap3_common_dates,ridge,895,7060047060,0.014271387481084304,0.11062775855073201
gap3_common_dates,ridge,898,7060047060,0.4804827463621658,0.5112526516072623
gap3_common_dates,ridge,920,7060047060,0.010603340710536624,0.13411079139814217
gap3_common_dates,ridge,931,7060047060,1.2472731177871326,0.5747410257546544
gap3_common_dates,ridge,938,7060047060,0.38426009158298446,0.618234111144327
gap3_common_dates,rf,1017,7060047060,0.39350694741793457,0.34672379641587747
gap3_common_dates,rf,1026,7060047060,0.27047730320991026,0.33516993278484697
gap3_common_dates,rf,1033,7060047060,0.34903146806745766,0.37432964221072834
gap3_common_dates,rf,1036,7060047060,0.20717264498721943,0.2579829404625853
gap3_common_dates,rf,1042,7060047060,0.3236531161741061,0.3712698554913116
gap3_common_dates,rf,1067,7060047060,0.6167405131405999,0.37692813062355357
gap3_common_dates,rf,1086,7060049270,1.1065786202138204,0.45643279934273195
gap3_common_dates,rf,1092,7060047060,0.6010081256172075,0.37744817043954365
gap3_common_dates,rf,1101,7060047060,0.5979508334437655,0.3473879216659785
gap3_common_dates,rf,1112,7060047060,0.4993501914700653,0.3698246789311769
gap3_common_dates,rf,1121,7060047060,0.32837844858050913,0.3189407435123708
gap3_common_dates,rf,1122,7060047060,0.5217491049159911,0.36848313685112916
gap3_common_dates,rf,1125,7060047060,0.32837844858050913,0.3189407435123708
gap3_common_dates,rf,1127,7060047060,0.5663454133318315,0.37393724425404945
gap3_common_dates,rf,114,7060014340,0.28504764230307755,0.4296453497243884
gap3_common_dates,rf,1151,7060047970,0.5843168922743912,0.4597308568331955
gap3_common_dates,rf,1192,7060047060,0.16430907051601795,0.21709489561875336
gap3_common_dates,rf,1237,7060047970,0.6706848696134027,0.5213274642941231
gap3_common_dates,rf,1249,7060048410,1.1752645856080293,0.537281022890146
gap3_common_dates,rf,131,7060014200,0.27333918635913207,0.2878446922481043
gap3_common_dates,rf,132,7060013550,0.22046421488839568,0.1500377255278952
gap3_common_dates,rf,133,7060013550,0.0872185410310191,0.0815417519040053
gap3_common_dates,rf,148,7060013550,0.21833227848872927,0.21571076644924722
gap3_common_dates,rf,1586,7060047060,0.10904752528982808,0.24452731647118647
gap3_common_dates,rf,1587,7060047060,0.2799957740271275,0.33434843052078933
gap3_common_dates,rf,1592,7060047060,0.34382574108077185,0.2571614381985277
gap3_common_dates,rf,1595,7060047060,0.10842850910012612,0.24088222753952157
gap3_common_dates,rf,1600,7060047060,0.16390038915031843,0.24562404561251905
gap3_common_dates,rf,1617,7060047060,0.26566128757157614,0.34191786158910054
gap3_common_dates,rf,1619,7060047060,0.14994540981136933,0.2920829589670749
gap3_common_dates,rf,1620,7060047060,0.27244922316425124,0.33802668141260356
gap3_common_dates,rf,1631,7060047060,0.13586625120138024,0.2579048205142514
gap3_common_dates,rf,1634,7060047060,0.1758207414989661,0.24452731647118647
gap3_common_dates,rf,1636,7060047060,0.37686352202262224,0.3467167974085259
gap3_common_dates,rf,1645,7060047060,0.46880108927990805,0.36848313685112916
gap3_common_dates,rf,1650,7060047060,0.1902835665834986,0.3368893393806423
gap3_common_dates,rf,1654,7060047060,0.4581723993322289,0.36848313685112916
gap3_common_dates,rf,1655,7060047060,0.27903405496887934,0.3400520020262085
gap3_common_dates,rf,1656,7060047060,0.2013737127912082,0.2440072766551964
gap3_common_dates,rf,1683,7060047060,0.44087707368667267,0.3677791891414486
gap3_common_dates,rf,169,7060013560,0.5358492196096671,0.4559017762807786
gap3_common_dates,rf,1691,7060047060,0.11616721478804654,0.24302184241948857
gap3_common_dates,rf,1699,7060047060,0.10173478820258915,0.24128547930787075
gap3_common_dates,rf,1703,7060047060,0.716660099941124,0.3734172044380594
gap3_common_dates,rf,1706,7060047060,0.14395730556039704,0.24362515303952853
gap3_common_dates,rf,1707,7060047060,0.2516954924878223,0.3346498929688569
gap3_common_dates,rf,1709,7060047060,0.09069195877190259,0.24128547930787075
gap3_common_dates,rf,1712,7060047060,0.1190201878087824,0.24362515303952853
gap3_common_dates,rf,1713,7060047060,0.2096398232608936,0.31238250117622185
gap3_common_dates,rf,1714,7060047060,0.3091300571912571,0.3439260826509898
gap3_common_dates,rf,1718,7060047060,0.44885605648942306,0.36848313685112916
gap3_common_dates,rf,1723,7060047060,0.19395669459263004,0.25607384480012835
gap3_common_dates,rf,1726,7060047060,0.10896403881507782,0.24362515303952853
gap3_common_dates,rf,1735,7060047060,0.06979095290564989,0.24482877891925406
gap3_common_dates,rf,1739,7060047060,0.29666539359342553,0.32324122494681645
gap3_common_dates,rf,1740,7060047060,0.1758207414989661,0.24452731647118647
gap3_common_dates,rf,1741,7060047060,0.3534252217323681,0.34467676286065924
gap3_common_dates,rf,1742,7060047060,0.08480826170244422,0.22041063539211433
gap3_common_dates,rf,1744,7060047060,0.2387276522901479,0.231650364049227
gap3_common_dates,rf,1752,7060047060,0.0302958959256767,0.21030909352212068
gap3_common_dates,rf,1753,7060047060,0.034264448408433124,0.2097890537061306
gap3_common_dates,rf,1755,7060047060,0.5562673086774179,0.368844395551185
gap3_common_dates,rf,1761,7060042310,0.27724474371309005,0.21853235510427307
gap3_common_dates,rf,1768,7060047060,0.01211858013282131,0.21362424136245534
gap3_common_dates,rf,1776,7060043090,0.0855439313352062,0.09009008465437734
gap3_common_dates,rf,1777,7060047060,0.30228136103486564,0.31883791265973443
gap3_common_dates,rf,182,7060013550,0.18271699961023843,0.21262015869565215
gap3_common_dates,rf,1848,7060047060,0.5028227720001452,0.34786586778711137
gap3_common_dates,rf,1851,7060043500,0.16275547134539953,0.17005207787660312
gap3_common_dates,rf,1864,7060047060,0.5453666496134132,0.34795376421743723
gap3_common_dates,rf,1869,7060047060,0.6497507178945514,0.344973586503595
gap3_common_dates,rf,1879,7060043160,0.5747260555684761,0.37924018336669696
gap3_common_dates,rf,1883,7060043640,0.2594859396710334,0.2029844453974078
gap3_common_dates,rf,191,7060013550,0.24386640433051454,0.32848257031887207
gap3_common_dates,rf,198,7060013550,0.30894982013781086,0.3135157634437571
gap3_common_dates,rf,204,7060013550,0.3066385469683326,0.3190951806715035
gap3_common_dates,rf,292,7060022240,0.44893864747877954,0.41101850094441394
gap3_common_dates,rf,307,7060047060,0.13710457100078935,0.23472723704926046
gap3_common_dates,rf,310,7060014930,0.06279365977724899,0.08797546059383012
gap3_common_dates,rf,316,7060014930,0.2222499551419378,0.24616591301025342
gap3_common_dates,rf,319,7060047060,0.23881827227462005,0.33072127736458556
gap3_common_dates,rf,355,7060047060,0.12340187249362164,0.23338569496921274
gap3_common_dates,rf,361,7060014930,0.10836787673158613,0.17198294436649295
gap3_common_dates,rf,362,7060047060,0.3841607485850629,0.35774643178111937
gap3_common_dates,rf,364,7060047060,0.16250170400561625,0.23338569496921274
gap3_common_dates,rf,368,7060047060,0.41289960337289583,0.3865691189889918
gap3_common_dates,rf,372,7060014930,0.2942816619350156,0.31754660955826697
gap3_common_dates,rf,373,7060047060,0.37558270113787345,0.3832874788270821
gap3_common_dates,rf,384,7060014930,0.3030019109094392,0.2976081149057752
gap3_common_dates,rf,386,7060014930,0.572864021275219,0.448032773213774
gap3_common_dates,rf,391,7060014930,0.11630684303528308,0.14567263714786516
gap3_common_dates,rf,393,7060047060,0.22427692059245702,0.2908763519546636
gap3_common_dates,rf,398,7060047060,0.2627616778487855,0.3042585913150254
gap3_common_dates,rf,41,7060016090,0.30546303515284856,0.2895741247290705
gap3_common_dates,rf,413,7060014930,0.015188338602546802,0.11360945402706761
gap3_common_dates,rf,415,7060047060,0.0745806789865424,0.24188686383036853
gap3_common_dates,rf,416,7060047060,0.17890221425805486,0.2344715773366616
gap3_common_dates,rf,419,7060008710,0.44082065466842046,0.4548797674668221
gap3_common_dates,rf,42,7060016090,0.366221789192078,0.330030932964836
gap3_common_dates,rf,421,7060047060,0.25493325998242067,0.3825438307698958
gap3_common_dates,rf,423,7060008710,0.26117307204484375,0.31975474165747425
gap3_common_dates,rf,442,7060073620,0.2752968810628519,0.33435942105842015
gap3_common_dates,rf,445,7060008710,0.224138830757966,0.2777007413234681
gap3_common_dates,rf,448,7060008710,0.22416607699504454,0.24920062823236336
gap3_common_dates,rf,449,7060073620,0.4238798871954068,0.43391173360790375
gap3_common_dates,rf,451,7060008710,0.22090927233216076,0.1369680280760845
gap3_common_dates,rf,456,7060073620,0.25605914571423927,0.2499890552008822
gap3_common_dates,rf,467,7060073620,0.5064303907785369,0.43140088532873244
gap3_common_dates,rf,469,7060008710,0.45052235055286904,0.41913121025938793
gap3_common_dates,rf,470,7060008710,0.31479673590326607,0.3162671474658717
gap3_common_dates,rf,477,7060073620,0.2528298707120241,0.2574250879483765
gap3_common_dates,rf,488,7060008710,0.28199738486015824,0.29818167228271536
gap3_common_dates,rf,497,7060008710,0.2464086886680948,0.333059964750556
gap3_common_dates,rf,500,7060047060,0.3562560410703974,0.3832874788270821
gap3_common_dates,rf,502,7060008710,0.30211006397508533,0.24782009552966167
gap3_common_dates,rf,505,7060047060,0.23924474713225585,0.24601981669655398
gap3_common_dates,rf,509,7060008710,0.09916879377383866,0.2612114058582958
gap3_common_dates,rf,511,7060047060,0.08440368437655454,0.25970124669136596
gap3_common_dates,rf,517,7060008710,0.3486366875331364,0.34086593996980824
gap3_common_dates,rf,518,7060008710,0.5042386268704302,0.42918250409746794
gap3_common_dates,rf,522,7060047060,0.07026054013384717,0.2344715773366616
gap3_common_dates,rf,524,7060073920,0.28463745446912436,0.4894487875698125
gap3_common_dates,rf,530,7060047060,0.24882327314142194,0.2579182004841974
gap3_common_dates,rf,531,7060008710,0.19126019666584598,0.2768337942296268
gap3_common_dates,rf,533,7060047060,0.06207667745984695,0.23338569496921274
gap3_common_dates,rf,536,7060008710,0.25553116336390597,0.2583142971269255
gap3_common_dates,rf,541,7060008710,0.33512067960589664,0.35153559418084507
gap3_common_dates,rf,542,7060008710,0.021829390999163038,0.09165436324089167
gap3_common_dates,rf,549,7060008710,0.17266983428947952,0.1520401061096364
gap3_common_dates,rf,55,7060014930,0.2855472312792672,0.3198125708555496
gap3_common_dates,rf,567,7060008710,0.6598461853590809,0.46114788660638745
gap3_common_dates,rf,57,7060014930,0.3434381800795077,0.3441423934699814
gap3_common_dates,rf,574,7060008710,0.4025920589861338,0.41922633212107735
gap3_common_dates,rf,575,7060008710,0.3423624117302833,0.4195655139866263
gap3_common_dates,rf,595,7060013550,0.10828677413827531,0.21754477376760226
gap3_common_dates,rf,597,7060008710,0.504672677607412,0.41516317272023395
gap3_common_dates,rf,60,7060014930,0.2041065565749272,0.2896117801587413
gap3_common_dates,rf,600,7060013550,0.2973337878686663,0.32528427392032944
gap3_common_dates,rf,601,7060008710,0.3984804482743115,0.3500118739896327
gap3_common_dates,rf,612,7060013550,0.11004515406213367,0.16969450922007648
gap3_common_dates,rf,63,7060014930,0.2689459370149505,0.32028211380801413
gap3_common_dates,rf,7308,7060043500,0.17291437604455698,0.11080893161006149
gap3_common_dates,rf,7313,7060047060,0.18782556894938995,0.24501288446575503
gap3_common_dates,rf,7318,7060047060,0.01404860943222809,0.23300357135354488
gap3_common_dates,rf,753,7060047060,0.15216346333752714,0.2800468842661305
gap3_common_dates,rf,870,7060047060,0.05984246578898476,0.24545768050539163
gap3_common_dates,rf,882,7060047060,0.07469940515764761,0.21362424136245534
gap3_common_dates,rf,884,7060047060,0.0763158000949986,0.20965176498463867
gap3_common_dates,rf,885,7060047060,0.06626214192426286,0.21164830954667851
gap3_common_dates,rf,895,7060047060,0.014271387481084304,0.20908592243317986
gap3_common_dates,rf,898,7060047060,0.4804827463621658,0.358567934045177
gap3_common_dates,rf,920,7060047060,0.010603340710536624,0.20966261175852247
gap3_common_dates,rf,931,7060047060,1.2472731177871326,0.3614486155847451
gap3_common_dates,rf,938,7060047060,0.38426009158298446,0.37039052148263557
gap7_common_dates,mean,1017,7060047060,0.39350694741793457,0.30127679804664953
gap7_common_dates,mean,1026,7060047060,0.27047730320991026,0.30127679804664953
gap7_common_dates,mean,1033,7060047060,0.34903146806745766,0.30127679804664953
gap7_common_dates,mean,1036,7060047060,0.20717264498721943,0.30127679804664953
gap7_common_dates,mean,1042,7060047060,0.3236531161741061,0.30127679804664953
gap7_common_dates,mean,1067,7060047060,0.6167405131405999,0.30127679804664953
gap7_common_dates,mean,1086,7060049270,1.1065786202138204,0.27446582998975044
gap7_common_dates,mean,1092,7060047060,0.6010081256172075,0.30127679804664953
gap7_common_dates,mean,1101,7060047060,0.5979508334437655,0.30127679804664953
gap7_common_dates,mean,1112,7060047060,0.4993501914700653,0.30127679804664953
gap7_common_dates,mean,1121,7060047060,0.32837844858050913,0.30127679804664953
gap7_common_dates,mean,1122,7060047060,0.5217491049159911,0.30127679804664953
gap7_common_dates,mean,1125,7060047060,0.32837844858050913,0.30127679804664953
gap7_common_dates,mean,1127,7060047060,0.5663454133318315,0.30127679804664953
gap7_common_dates,mean,114,7060014340,0.28504764230307755,0.27432881696082967
gap7_common_dates,mean,1151,7060047970,0.5843168922743912,0.27432881696082967
gap7_common_dates,mean,1192,7060047060,0.16430907051601795,0.30127679804664953
gap7_common_dates,mean,1237,7060047970,0.6706848696134027,0.27432881696082967
gap7_common_dates,mean,1249,7060048410,1.1752645856080293,0.28004638634225504
gap7_common_dates,mean,131,7060014200,0.27333918635913207,0.27446582998975044
gap7_common_dates,mean,132,7060013550,0.22046421488839568,0.28004638634225504
gap7_common_dates,mean,133,7060013550,0.0872185410310191,0.28004638634225504
gap7_common_dates,mean,148,7060013550,0.21833227848872927,0.28004638634225504
gap7_common_dates,mean,1586,7060047060,0.10904752528982808,0.30127679804664953
gap7_common_dates,mean,1587,7060047060,0.2799957740271275,0.30127679804664953
gap7_common_dates,mean,1592,7060047060,0.34382574108077185,0.30127679804664953
gap7_common_dates,mean,1595,7060047060,0.10842850910012612,0.30127679804664953
gap7_common_dates,mean,1600,7060047060,0.16390038915031843,0.30127679804664953
gap7_common_dates,mean,1617,7060047060,0.26566128757157614,0.30127679804664953
gap7_common_dates,mean,1619,7060047060,0.14994540981136933,0.30127679804664953
gap7_common_dates,mean,1620,7060047060,0.27244922316425124,0.30127679804664953
gap7_common_dates,mean,1631,7060047060,0.13586625120138024,0.30127679804664953
gap7_common_dates,mean,1634,7060047060,0.1758207414989661,0.30127679804664953
gap7_common_dates,mean,1636,7060047060,0.37686352202262224,0.30127679804664953
gap7_common_dates,mean,1645,7060047060,0.46880108927990805,0.30127679804664953
gap7_common_dates,mean,1650,7060047060,0.1902835665834986,0.30127679804664953
gap7_common_dates,mean,1654,7060047060,0.4581723993322289,0.30127679804664953
gap7_common_dates,mean,1655,7060047060,0.27903405496887934,0.30127679804664953
gap7_common_dates,mean,1656,7060047060,0.2013737127912082,0.30127679804664953
gap7_common_dates,mean,1683,7060047060,0.44087707368667267,0.30127679804664953
gap7_common_dates,mean,169,7060013560,0.5358492196096671,0.27432881696082967
gap7_common_dates,mean,1691,7060047060,0.11616721478804654,0.30127679804664953
gap7_common_dates,mean,1699,7060047060,0.10173478820258915,0.30127679804664953
gap7_common_dates,mean,1703,7060047060,0.716660099941124,0.30127679804664953
gap7_common_dates,mean,1706,7060047060,0.14395730556039704,0.30127679804664953
gap7_common_dates,mean,1707,7060047060,0.2516954924878223,0.30127679804664953
gap7_common_dates,mean,1709,7060047060,0.09069195877190259,0.30127679804664953
gap7_common_dates,mean,1712,7060047060,0.1190201878087824,0.30127679804664953
gap7_common_dates,mean,1713,7060047060,0.2096398232608936,0.30127679804664953
gap7_common_dates,mean,1714,7060047060,0.3091300571912571,0.30127679804664953
gap7_common_dates,mean,1718,7060047060,0.44885605648942306,0.30127679804664953
gap7_common_dates,mean,1723,7060047060,0.19395669459263004,0.30127679804664953
gap7_common_dates,mean,1726,7060047060,0.10896403881507782,0.30127679804664953
gap7_common_dates,mean,1735,7060047060,0.06979095290564989,0.30127679804664953
gap7_common_dates,mean,1739,7060047060,0.29666539359342553,0.30127679804664953
gap7_common_dates,mean,1740,7060047060,0.1758207414989661,0.30127679804664953
gap7_common_dates,mean,1741,7060047060,0.3534252217323681,0.30127679804664953
gap7_common_dates,mean,1742,7060047060,0.08480826170244422,0.30127679804664953
gap7_common_dates,mean,1744,7060047060,0.2387276522901479,0.30127679804664953
gap7_common_dates,mean,1752,7060047060,0.0302958959256767,0.30127679804664953
gap7_common_dates,mean,1753,7060047060,0.034264448408433124,0.30127679804664953
gap7_common_dates,mean,1755,7060047060,0.5562673086774179,0.30127679804664953
gap7_common_dates,mean,1761,7060042310,0.27724474371309005,0.27446582998975044
gap7_common_dates,mean,1768,7060047060,0.01211858013282131,0.30127679804664953
gap7_common_dates,mean,1776,7060043090,0.0855439313352062,0.28004638634225504
gap7_common_dates,mean,1777,7060047060,0.30228136103486564,0.30127679804664953
gap7_common_dates,mean,182,7060013550,0.18271699961023843,0.28004638634225504
gap7_common_dates,mean,1848,7060047060,0.5028227720001452,0.30127679804664953
gap7_common_dates,mean,1851,7060043500,0.16275547134539953,0.27432881696082967
gap7_common_dates,mean,1864,7060047060,0.5453666496134132,0.30127679804664953
gap7_common_dates,mean,1869,7060047060,0.6497507178945514,0.30127679804664953
gap7_common_dates,mean,1879,7060043160,0.5747260555684761,0.27446582998975044
gap7_common_dates,mean,1883,7060043640,0.2594859396710334,0.27432881696082967
gap7_common_dates,mean,191,7060013550,0.24386640433051454,0.28004638634225504
gap7_common_dates,mean,198,7060013550,0.30894982013781086,0.28004638634225504
gap7_common_dates,mean,204,7060013550,0.3066385469683326,0.28004638634225504
gap7_common_dates,mean,292,7060022240,0.44893864747877954,0.27432881696082967
gap7_common_dates,mean,307,7060047060,0.13710457100078935,0.30127679804664953
gap7_common_dates,mean,310,7060014930,0.06279365977724899,0.27446582998975044
gap7_common_dates,mean,316,7060014930,0.2222499551419378,0.27446582998975044
gap7_common_dates,mean,319,7060047060,0.23881827227462005,0.30127679804664953
gap7_common_dates,mean,355,7060047060,0.12340187249362164,0.30127679804664953
gap7_common_dates,mean,361,7060014930,0.10836787673158613,0.27446582998975044
gap7_common_dates,mean,362,7060047060,0.3841607485850629,0.30127679804664953
gap7_common_dates,mean,364,7060047060,0.16250170400561625,0.30127679804664953
gap7_common_dates,mean,368,7060047060,0.41289960337289583,0.30127679804664953
gap7_common_dates,mean,372,7060014930,0.2942816619350156,0.27446582998975044
gap7_common_dates,mean,373,7060047060,0.37558270113787345,0.30127679804664953
gap7_common_dates,mean,384,7060014930,0.3030019109094392,0.27446582998975044
gap7_common_dates,mean,386,7060014930,0.572864021275219,0.27446582998975044
gap7_common_dates,mean,391,7060014930,0.11630684303528308,0.27446582998975044
gap7_common_dates,mean,393,7060047060,0.22427692059245702,0.30127679804664953
gap7_common_dates,mean,398,7060047060,0.2627616778487855,0.30127679804664953
gap7_common_dates,mean,41,7060016090,0.30546303515284856,0.27446582998975044
gap7_common_dates,mean,413,7060014930,0.015188338602546802,0.27446582998975044
gap7_common_dates,mean,415,7060047060,0.0745806789865424,0.30127679804664953
gap7_common_dates,mean,416,7060047060,0.17890221425805486,0.30127679804664953
gap7_common_dates,mean,419,7060008710,0.44082065466842046,0.27446314928967364
gap7_common_dates,mean,42,7060016090,0.366221789192078,0.27446582998975044
gap7_common_dates,mean,421,7060047060,0.25493325998242067,0.30127679804664953
gap7_common_dates,mean,423,7060008710,0.26117307204484375,0.27446314928967364
gap7_common_dates,mean,442,7060073620,0.2752968810628519,0.27432881696082967
gap7_common_dates,mean,445,7060008710,0.224138830757966,0.27446314928967364
gap7_common_dates,mean,448,7060008710,0.22416607699504454,0.27446314928967364
gap7_common_dates,mean,449,7060073620,0.4238798871954068,0.27432881696082967
gap7_common_dates,mean,451,7060008710,0.22090927233216076,0.27446314928967364
gap7_common_dates,mean,456,7060073620,0.25605914571423927,0.27432881696082967
gap7_common_dates,mean,467,7060073620,0.5064303907785369,0.27432881696082967
gap7_common_dates,mean,469,7060008710,0.45052235055286904,0.27446314928967364
gap7_common_dates,mean,470,7060008710,0.31479673590326607,0.27446314928967364
gap7_common_dates,mean,477,7060073620,0.2528298707120241,0.27432881696082967
gap7_common_dates,mean,488,7060008710,0.28199738486015824,0.27446314928967364
gap7_common_dates,mean,497,7060008710,0.2464086886680948,0.27446314928967364
gap7_common_dates,mean,500,7060047060,0.3562560410703974,0.30127679804664953
gap7_common_dates,mean,502,7060008710,0.30211006397508533,0.27446314928967364
gap7_common_dates,mean,505,7060047060,0.23924474713225585,0.30127679804664953
gap7_common_dates,mean,509,7060008710,0.09916879377383866,0.27446314928967364
gap7_common_dates,mean,511,7060047060,0.08440368437655454,0.30127679804664953
gap7_common_dates,mean,517,7060008710,0.3486366875331364,0.27446314928967364
gap7_common_dates,mean,518,7060008710,0.5042386268704302,0.27446314928967364
gap7_common_dates,mean,522,7060047060,0.07026054013384717,0.30127679804664953
gap7_common_dates,mean,524,7060073920,0.28463745446912436,0.28004638634225504
gap7_common_dates,mean,530,7060047060,0.24882327314142194,0.30127679804664953
gap7_common_dates,mean,531,7060008710,0.19126019666584598,0.27446314928967364
gap7_common_dates,mean,533,7060047060,0.06207667745984695,0.30127679804664953
gap7_common_dates,mean,536,7060008710,0.25553116336390597,0.27446314928967364
gap7_common_dates,mean,541,7060008710,0.33512067960589664,0.27446314928967364
gap7_common_dates,mean,542,7060008710,0.021829390999163038,0.27446314928967364
gap7_common_dates,mean,549,7060008710,0.17266983428947952,0.27446314928967364
gap7_common_dates,mean,55,7060014930,0.2855472312792672,0.27446582998975044
gap7_common_dates,mean,567,7060008710,0.6598461853590809,0.27446314928967364
gap7_common_dates,mean,57,7060014930,0.3434381800795077,0.27446582998975044
gap7_common_dates,mean,574,7060008710,0.4025920589861338,0.27446314928967364
gap7_common_dates,mean,575,7060008710,0.3423624117302833,0.27446314928967364
gap7_common_dates,mean,595,7060013550,0.10828677413827531,0.28004638634225504
gap7_common_dates,mean,597,7060008710,0.504672677607412,0.27446314928967364
gap7_common_dates,mean,60,7060014930,0.2041065565749272,0.27446582998975044
gap7_common_dates,mean,600,7060013550,0.2973337878686663,0.28004638634225504
gap7_common_dates,mean,601,7060008710,0.3984804482743115,0.27446314928967364
gap7_common_dates,mean,612,7060013550,0.11004515406213367,0.28004638634225504
gap7_common_dates,mean,63,7060014930,0.2689459370149505,0.27446582998975044
gap7_common_dates,mean,7308,7060043500,0.17291437604455698,0.27432881696082967
gap7_common_dates,mean,7313,7060047060,0.18782556894938995,0.30127679804664953
gap7_common_dates,mean,7318,7060047060,0.01404860943222809,0.30127679804664953
gap7_common_dates,mean,753,7060047060,0.15216346333752714,0.30127679804664953
gap7_common_dates,mean,870,7060047060,0.05984246578898476,0.30127679804664953
gap7_common_dates,mean,882,7060047060,0.07469940515764761,0.30127679804664953
gap7_common_dates,mean,884,7060047060,0.0763158000949986,0.30127679804664953
gap7_common_dates,mean,885,7060047060,0.06626214192426286,0.30127679804664953
gap7_common_dates,mean,895,7060047060,0.014271387481084304,0.30127679804664953
gap7_common_dates,mean,898,7060047060,0.4804827463621658,0.30127679804664953
gap7_common_dates,mean,920,7060047060,0.010603340710536624,0.30127679804664953
gap7_common_dates,mean,931,7060047060,1.2472731177871326,0.30127679804664953
gap7_common_dates,mean,938,7060047060,0.38426009158298446,0.30127679804664953
gap7_common_dates,persistence,1017,7060047060,0.39350694741793457,0.32732625657686143
gap7_common_dates,persistence,1026,7060047060,0.27047730320991026,0.2834168970340526
gap7_common_dates,persistence,1033,7060047060,0.34903146806745766,0.33911868468061473
gap7_common_dates,persistence,1036,7060047060,0.20717264498721943,0.21383819202015208
gap7_common_dates,persistence,1042,7060047060,0.3236531161741061,0.3812739904689628
gap7_common_dates,persistence,1067,7060047060,0.6167405131405999,0.5506501849189527
gap7_common_dates,persistence,1086,7060049270,1.1065786202138204,0.8848431516750894
gap7_common_dates,persistence,1092,7060047060,0.6010081256172075,0.5212600112783097
gap7_common_dates,persistence,1101,7060047060,0.5979508334437655,0.48238399696401857
gap7_common_dates,persistence,1112,7060047060,0.4993501914700653,0.38296951698055165
gap7_common_dates,persistence,1121,7060047060,0.32837844858050913,0.25815139018932476
gap7_common_dates,persistence,1122,7060047060,0.5217491049159911,0.45839296501237914
gap7_common_dates,persistence,1125,7060047060,0.32837844858050913,0.25815139018932476
gap7_common_dates,persistence,1127,7060047060,0.5663454133318315,0.4843791452026821
gap7_common_dates,persistence,114,7060014340,0.28504764230307755,0.419876774547364
gap7_common_dates,persistence,1151,7060047970,0.5843168922743912,0.39937269564133215
gap7_common_dates,persistence,1192,7060047060,0.16430907051601795,0.12311908521187284
gap7_common_dates,persistence,1237,7060047970,0.6706848696134027,0.5579418713718229
gap7_common_dates,persistence,1249,7060048410,1.1752645856080293,0.8786082927534192
gap7_common_dates,persistence,131,7060014200,0.27333918635913207,0.24841927731797692
gap7_common_dates,persistence,132,7060013550,0.22046421488839568,0.14926934675484932
gap7_common_dates,persistence,133,7060013550,0.0872185410310191,0.046577233014649444
gap7_common_dates,persistence,148,7060013550,0.21833227848872927,0.18173948436536902
gap7_common_dates,persistence,1586,7060047060,0.10904752528982808,0.13506777257551217
gap7_common_dates,persistence,1587,7060047060,0.2799957740271275,0.27537901244813345
gap7_common_dates,persistence,1592,7060047060,0.34382574108077185,0.21977552761039992
gap7_common_dates,persistence,1595,7060047060,0.10842850910012612,0.04052037059224774
gap7_common_dates,persistence,1600,7060047060,0.16390038915031843,0.14189920675046158
gap7_common_dates,persistence,1617,7060047060,0.26566128757157614,0.31342708481125076
gap7_common_dates,persistence,1619,7060047060,0.14994540981136933,0.2411145373293386
gap7_common_dates,persistence,1620,7060047060,0.27244922316425124,0.29373950829282947
gap7_common_dates,persistence,1631,7060047060,0.13586625120138024,0.20831804751261715
gap7_common_dates,persistence,1634,7060047060,0.1758207414989661,0.14422797835809964
gap7_common_dates,persistence,1636,7060047060,0.37686352202262224,0.48578499594909874
gap7_common_dates,persistence,1645,7060047060,0.46880108927990805,0.4352714907165549
gap7_common_dates,persistence,1650,7060047060,0.1902835665834986,0.29790227844638123
gap7_common_dates,persistence,1654,7060047060,0.4581723993322289,0.44796201049184103
gap7_common_dates,persistence,1655,7060047060,0.27903405496887934,0.2795508120545117
gap7_common_dates,persistence,1656,7060047060,0.2013737127912082,0.1581455963637178
gap7_common_dates,persistence,1683,7060047060,0.44087707368667267,0.38006640718230245
gap7_common_dates,persistence,169,7060013560,0.5358492196096671,0.6260428067800482
gap7_common_dates,persistence,1691,7060047060,0.11616721478804654,0.16906698920481789
gap7_common_dates,persistence,1699,7060047060,0.10173478820258915,0.0932043910144893
gap7_common_dates,persistence,1703,7060047060,0.716660099941124,0.6006220667118699
gap7_common_dates,persistence,1706,7060047060,0.14395730556039704,0.13765369183842868
gap7_common_dates,persistence,1707,7060047060,0.2516954924878223,0.29054549589074513
gap7_common_dates,persistence,1709,7060047060,0.09069195877190259,0.06746998050513128
gap7_common_dates,persistence,1712,7060047060,0.1190201878087824,0.14040051365660172
gap7_common_dates,persistence,1713,7060047060,0.2096398232608936,0.28784117898830874
gap7_common_dates,persistence,1714,7060047060,0.3091300571912571,0.3715533410694491
gap7_common_dates,persistence,1718,7060047060,0.44885605648942306,0.4887165938297443
gap7_common_dates,persistence,1723,7060047060,0.19395669459263004,0.2058555663805134
gap7_common_dates,persistence,1726,7060047060,0.10896403881507782,0.12855630496026077
gap7_common_dates,persistence,1735,7060047060,0.06979095290564989,0.08022106913608207
gap7_common_dates,persistence,1739,7060047060,0.29666539359342553,0.30490781245337906
gap7_common_dates,persistence,1740,7060047060,0.1758207414989661,0.14422797835809964
gap7_common_dates,persistence,1741,7060047060,0.3534252217323681,0.30269984489098456
gap7_common_dates,persistence,1742,7060047060,0.08480826170244422,0.08475095118718173
gap7_common_dates,persistence,1744,7060047060,0.2387276522901479,0.21328782928822254
gap7_common_dates,persistence,1752,7060047060,0.0302958959256767,0.04174413093244561
gap7_common_dates,persistence,1753,7060047060,0.034264448408433124,0.12688018325062994
gap7_common_dates,persistence,1755,7060047060,0.5562673086774179,0.4676057793716548
gap7_common_dates,persistence,1761,7060042310,0.27724474371309005,0.22092728935311007
gap7_common_dates,persistence,1768,7060047060,0.01211858013282131,0.019045252163574136
gap7_common_dates,persistence,1776,7060043090,0.0855439313352062,0.04673633933514659
gap7_common_dates,persistence,1777,7060047060,0.30228136103486564,0.292893701696213
gap7_common_dates,persistence,182,7060013550,0.18271699961023843,0.18876530730899535
gap7_common_dates,persistence,1848,7060047060,0.5028227720001452,0.5055296456992726
gap7_common_dates,persistence,1851,7060043500,0.16275547134539953,0.21430080920704023
gap7_common_dates,persistence,1864,7060047060,0.5453666496134132,0.5237262413583994
gap7_common_dates,persistence,1869,7060047060,0.6497507178945514,0.6825118324280082
gap7_common_dates,persistence,1879,7060043160,0.5747260555684761,0.5557630083151025
gap7_common_dates,persistence,1883,7060043640,0.2594859396710334,0.23033722735379167
gap7_common_dates,persistence,191,7060013550,0.24386640433051454,0.3272170127162451
gap7_common_dates,persistence,198,7060013550,0.30894982013781086,0.36301238201428054
gap7_common_dates,persistence,204,7060013550,0.3066385469683326,0.3778348677466956
gap7_common_dates,persistence,292,7060022240,0.44893864747877954,0.42200139136783466
gap7_common_dates,persistence,307,7060047060,0.13710457100078935,0.15470541289290046
gap7_common_dates,persistence,310,7060014930,0.06279365977724899,0.06604083258205336
gap7_common_dates,persistence,316,7060014930,0.2222499551419378,0.23956559273349093
gap7_common_dates,persistence,319,7060047060,0.23881827227462005,0.25458913624304513
gap7_common_dates,persistence,355,7060047060,0.12340187249362164,0.1511515807310599
gap7_common_dates,persistence,361,7060014930,0.10836787673158613,0.11765121509929247
gap7_common_dates,persistence,362,7060047060,0.3841607485850629,0.6821706073259356
gap7_common_dates,persistence,364,7060047060,0.16250170400561625,0.13855064487215552
gap7_common_dates,persistence,368,7060047060,0.41289960337289583,0.3949308315381802
gap7_common_dates,persistence,372,7060014930,0.2942816619350156,0.3156344414759076
gap7_common_dates,persistence,373,7060047060,0.37558270113787345,0.47070628348938015
gap7_common_dates,persistence,384,7060014930,0.3030019109094392,0.2819591444181446
gap7_common_dates,persistence,386,7060014930,0.572864021275219,0.528810898347174
gap7_common_dates,persistence,391,7060014930,0.11630684303528308,0.14040808614001055
gap7_common_dates,persistence,393,7060047060,0.22427692059245702,0.2318804158587709
gap7_common_dates,persistence,398,7060047060,0.2627616778487855,0.2315010968717211
gap7_common_dates,persistence,41,7060016090,0.30546303515284856,0.28046628020470366
gap7_common_dates,persistence,413,7060014930,0.015188338602546802,0.026689603366676348
gap7_common_dates,persistence,415,7060047060,0.0745806789865424,0.07569707632721556
gap7_common_dates,persistence,416,7060047060,0.17890221425805486,0.14739472370243467
gap7_common_dates,persistence,419,7060008710,0.44082065466842046,0.5000644879242638
gap7_common_dates,persistence,42,7060016090,0.366221789192078,0.33841626142315506
gap7_common_dates,persistence,421,7060047060,0.25493325998242067,0.4035093113691528
gap7_common_dates,persistence,423,7060008710,0.26117307204484375,0.3286078843081458
gap7_common_dates,persistence,442,7060073620,0.2752968810628519,0.2857415201534098
gap7_common_dates,persistence,445,7060008710,0.224138830757966,0.2585428572103122
gap7_common_dates,persistence,448,7060008710,0.22416607699504454,0.2339789882123406
gap7_common_dates,persistence,449,7060073620,0.4238798871954068,0.5045444976662925
gap7_common_dates,persistence,451,7060008710,0.22090927233216076,0.13899259893238797
gap7_common_dates,persistence,456,7060073620,0.25605914571423927,0.22083893395156676
gap7_common_dates,persistence,467,7060073620,0.5064303907785369,0.44718494903775585
gap7_common_dates,persistence,469,7060008710,0.45052235055286904,0.4130908565376275
gap7_common_dates,persistence,470,7060008710,0.31479673590326607,0.295631999210478
gap7_common_dates,persistence,477,7060073620,0.2528298707120241,0.3057173466462336
gap7_common_dates,persistence,488,7060008710,0.28199738486015824,0.390309253085163
gap7_common_dates,persistence,497,7060008710,0.2464086886680948,0.3400521138301063
gap7_common_dates,persistence,500,7060047060,0.3562560410703974,0.3863352444733229
gap7_common_dates,persistence,502,7060008710,0.30211006397508533,0.22638360625180481
gap7_common_dates,persistence,505,7060047060,0.23924474713225585,0.21416520673928122
gap7_common_dates,persistence,509,7060008710,0.09916879377383866,0.22663711791862462
gap7_common_dates,persistence,511,7060047060,0.08440368437655454,0.11562480452300766
gap7_common_dates,persistence,517,7060008710,0.3486366875331364,0.37667294299469406
gap7_common_dates,persistence,518,7060008710,0.5042386268704302,0.49206455984819475
gap7_common_dates,persistence,522,7060047060,0.07026054013384717,0.1178565130813419
gap7_common_dates,persistence,524,7060073920,0.28463745446912436,0.6056334554122743
gap7_common_dates,persistence,530,7060047060,0.24882327314142194,0.22146285246209962
gap7_common_dates,persistence,531,7060008710,0.19126019666584598,0.24304869606496618
gap7_common_dates,persistence,533,7060047060,0.06207667745984695,0.0717785558395135
gap7_common_dates,persistence,536,7060008710,0.25553116336390597,0.246914396231868
gap7_common_dates,persistence,541,7060008710,0.33512067960589664,0.3855330714681625
gap7_common_dates,persistence,542,7060008710,0.021829390999163038,0.062185232801962954
gap7_common_dates,persistence,549,7060008710,0.17266983428947952,0.1289048748424131
gap7_common_dates,persistence,55,7060014930,0.2855472312792672,0.29859361974404636
gap7_common_dates,persistence,567,7060008710,0.6598461853590809,0.568167901667212
gap7_common_dates,persistence,57,7060014930,0.3434381800795077,0.39010191957263496
gap7_common_dates,persistence,574,7060008710,0.4025920589861338,0.4532693325676319
gap7_common_dates,persistence,575,7060008710,0.3423624117302833,0.45090363592699056
gap7_common_dates,persistence,595,7060013550,0.10828677413827531,0.19201996238898328
gap7_common_dates,persistence,597,7060008710,0.504672677607412,0.481298882047343
gap7_common_dates,persistence,60,7060014930,0.2041065565749272,0.2663200574555232
gap7_common_dates,persistence,600,7060013550,0.2973337878686663,0.29213311975886014
gap7_common_dates,persistence,601,7060008710,0.3984804482743115,0.3477240963723892
gap7_common_dates,persistence,612,7060013550,0.11004515406213367,0.14999185935931425
gap7_common_dates,persistence,63,7060014930,0.2689459370149505,0.3629869753237469
gap7_common_dates,persistence,7308,7060043500,0.17291437604455698,0.13151636261207936
gap7_common_dates,persistence,7313,7060047060,0.18782556894938995,0.20539925152870275
gap7_common_dates,persistence,7318,7060047060,0.01404860943222809,0.011668990812269998
gap7_common_dates,persistence,753,7060047060,0.15216346333752714,0.2442817547925933
gap7_common_dates,persistence,870,7060047060,0.05984246578898476,0.1978266320944444
gap7_common_dates,persistence,882,7060047060,0.07469940515764761,0.12314076028634954
gap7_common_dates,persistence,884,7060047060,0.0763158000949986,0.08297545924434035
gap7_common_dates,persistence,885,7060047060,0.06626214192426286,0.18094667801319542
gap7_common_dates,persistence,895,7060047060,0.014271387481084304,0.020511690869501536
gap7_common_dates,persistence,898,7060047060,0.4804827463621658,0.7789655626985532
gap7_common_dates,persistence,920,7060047060,0.010603340710536624,0.04751129309744815
gap7_common_dates,persistence,931,7060047060,1.2472731177871326,0.9539932496405352
gap7_common_dates,persistence,938,7060047060,0.38426009158298446,0.8131914182348002
gap7_common_dates,ridge,1017,7060047060,0.39350694741793457,0.3897313108371438
gap7_common_dates,ridge,1026,7060047060,0.27047730320991026,0.34907145702043435
gap7_common_dates,ridge,1033,7060047060,0.34903146806745766,0.4191563832620049
gap7_common_dates,ridge,1036,7060047060,0.20717264498721943,0.291785962258776
gap7_common_dates,ridge,1042,7060047060,0.3236531161741061,0.4095911209330601
gap7_common_dates,ridge,1067,7060047060,0.6167405131405999,0.5310105899954826
gap7_common_dates,ridge,1086,7060049270,1.1065786202138204,0.69615913866152
gap7_common_dates,ridge,1092,7060047060,0.6010081256172075,0.5161748803435695
gap7_common_dates,ridge,1101,7060047060,0.5979508334437655,0.4228561415380797
gap7_common_dates,ridge,1112,7060047060,0.4993501914700653,0.3993724740403788
gap7_common_dates,ridge,1121,7060047060,0.32837844858050913,0.3231750950978779
gap7_common_dates,ridge,1122,7060047060,0.5217491049159911,0.46311633532930685
gap7_common_dates,ridge,1125,7060047060,0.32837844858050913,0.3231750950978779
gap7_common_dates,ridge,1127,7060047060,0.5663454133318315,0.4864948791393481
gap7_common_dates,ridge,114,7060014340,0.28504764230307755,0.38053941748339
gap7_common_dates,ridge,1151,7060047970,0.5843168922743912,0.5096524404311769
gap7_common_dates,ridge,1192,7060047060,0.16430907051601795,0.1938794420956515
gap7_common_dates,ridge,1237,7060047970,0.6706848696134027,0.5115021308777155
gap7_common_dates,ridge,1249,7060048410,1.1752645856080293,0.8879088802845776
gap7_common_dates,ridge,131,7060014200,0.27333918635913207,0.2440768515148814
gap7_common_dates,ridge,132,7060013550,0.22046421488839568,0.157966683904569
gap7_common_dates,ridge,133,7060013550,0.0872185410310191,0.07583566745031003
gap7_common_dates,ridge,148,7060013550,0.21833227848872927,0.1881258012223774
gap7_common_dates,ridge,1586,7060047060,0.10904752528982808,0.27579011088640304
gap7_common_dates,ridge,1587,7060047060,0.2799957740271275,0.3353285780691598
gap7_common_dates,ridge,1592,7060047060,0.34382574108077185,0.309075753980574
gap7_common_dates,ridge,1595,7060047060,0.10842850910012612,0.19130723044419465
gap7_common_dates,ridge,1600,7060047060,0.16390038915031843,0.26183551858785054
gap7_common_dates,ridge,1617,7060047060,0.26566128757157614,0.3371527818239338
gap7_common_dates,ridge,1619,7060047060,0.14994540981136933,0.3049395542481972
gap7_common_dates,ridge,1620,7060047060,0.27244922316425124,0.3040572562470915
gap7_common_dates,ridge,1631,7060047060,0.13586625120138024,0.30216988900343167
gap7_common_dates,ridge,1634,7060047060,0.1758207414989661,0.24386494342408174
gap7_common_dates,ridge,1636,7060047060,0.37686352202262224,0.43213588762357236
gap7_common_dates,ridge,1645,7060047060,0.46880108927990805,0.4393236230858909
gap7_common_dates,ridge,1650,7060047060,0.1902835665834986,0.35106318648330137
gap7_common_dates,ridge,1654,7060047060,0.4581723993322289,0.426881267770558
gap7_common_dates,ridge,1655,7060047060,0.27903405496887934,0.347763789175491
gap7_common_dates,ridge,1656,7060047060,0.2013737127912082,0.2644840047621909
gap7_common_dates,ridge,1683,7060047060,0.44087707368667267,0.4168511776775441
gap7_common_dates,ridge,169,7060013560,0.5358492196096671,0.5342868232015164
gap7_common_dates,ridge,1691,7060047060,0.11616721478804654,0.2624366575452275
gap7_common_dates,ridge,1699,7060047060,0.10173478820258915,0.2044363086769942
gap7_common_dates,ridge,1703,7060047060,0.716660099941124,0.526208692039518
gap7_common_dates,ridge,1706,7060047060,0.14395730556039704,0.24123312716813633
gap7_common_dates,ridge,1707,7060047060,0.2516954924878223,0.37049823779073565
gap7_common_dates,ridge,1709,7060047060,0.09069195877190259,0.19208920615171377
gap7_common_dates,ridge,1712,7060047060,0.1190201878087824,0.27637113597744106
gap7_common_dates,ridge,1713,7060047060,0.2096398232608936,0.3472099903152607
gap7_common_dates,ridge,1714,7060047060,0.3091300571912571,0.35643048668578303
gap7_common_dates,ridge,1718,7060047060,0.44885605648942306,0.4592585543057538
gap7_common_dates,ridge,1723,7060047060,0.19395669459263004,0.2929865330453303
gap7_common_dates,ridge,1726,7060047060,0.10896403881507782,0.25730659030371617
gap7_common_dates,ridge,1735,7060047060,0.06979095290564989,0.22867747302256136
gap7_common_dates,ridge,1739,7060047060,0.29666539359342553,0.35439880974093435
gap7_common_dates,ridge,1740,7060047060,0.1758207414989661,0.24386494342408174
gap7_common_dates,ridge,1741,7060047060,0.3534252217323681,0.34824326506235453
gap7_common_dates,ridge,1742,7060047060,0.08480826170244422,0.21886856838655086
gap7_common_dates,ridge,1744,7060047060,0.2387276522901479,0.30069353436440815
gap7_common_dates,ridge,1752,7060047060,0.0302958959256767,0.146264725430361
gap7_common_dates,ridge,1753,7060047060,0.034264448408433124,0.20288556279386863
gap7_common_dates,ridge,1755,7060047060,0.5562673086774179,0.41632743242779424
gap7_common_dates,ridge,1761,7060042310,0.27724474371309005,0.20856812543498426
gap7_common_dates,ridge,1768,7060047060,0.01211858013282131,0.14394706560570453
gap7_common_dates,ridge,1776,7060043090,0.0855439313352062,0.08396512910320159
gap7_common_dates,ridge,1777,7060047060,0.30228136103486564,0.3334792955879873
gap7_common_dates,ridge,182,7060013550,0.18271699961023843,0.19389873068966207
gap7_common_dates,ridge,1848,7060047060,0.5028227720001452,0.4064237061734876
gap7_common_dates,ridge,1851,7060043500,0.16275547134539953,0.18254498803295954
gap7_common_dates,ridge,1864,7060047060,0.5453666496134132,0.41635700509809087
gap7_common_dates,ridge,1869,7060047060,0.6497507178945514,0.5111089369224204
gap7_common_dates,ridge,1879,7060043160,0.5747260555684761,0.4051660077063431
gap7_common_dates,ridge,1883,7060043640,0.2594859396710334,0.2274178960595329
gap7_common_dates,ridge,191,7060013550,0.24386640433051454,0.2887475079074895
gap7_common_dates,ridge,198,7060013550,0.30894982013781086,0.31172337073174194
gap7_common_dates,ridge,204,7060013550,0.3066385469683326,0.33486337746197814
gap7_common_dates,ridge,292,7060022240,0.44893864747877954,0.33695249333586547
gap7_common_dates,ridge,307,7060047060,0.13710457100078935,0.21430154605034496
gap7_common_dates,ridge,310,7060014930,0.06279365977724899,0.07041362925398281
gap7_common_dates,ridge,316,7060014930,0.2222499551419378,0.2242465751319096
gap7_common_dates,ridge,319,7060047060,0.23881827227462005,0.3245783159286369
gap7_common_dates,ridge,355,7060047060,0.12340187249362164,0.24012781445151538
gap7_common_dates,ridge,361,7060014930,0.10836787673158613,0.1591296674479053
gap7_common_dates,ridge,362,7060047060,0.3841607485850629,0.46212761069837166
gap7_common_dates,ridge,364,7060047060,0.16250170400561625,0.19533402747182474
gap7_common_dates,ridge,368,7060047060,0.41289960337289583,0.41981258627065415
gap7_common_dates,ridge,372,7060014930,0.2942816619350156,0.3409967647494171
gap7_common_dates,ridge,373,7060047060,0.37558270113787345,0.44692653069919563
gap7_common_dates,ridge,384,7060014930,0.3030019109094392,0.29822475148008526
gap7_common_dates,ridge,386,7060014930,0.572864021275219,0.5060665436595668
gap7_common_dates,ridge,391,7060014930,0.11630684303528308,0.16400915215513773
gap7_common_dates,ridge,393,7060047060,0.22427692059245702,0.2984653189863975
gap7_common_dates,ridge,398,7060047060,0.2627616778487855,0.3207639186711165
gap7_common_dates,ridge,41,7060016090,0.30546303515284856,0.2518028621616848
gap7_common_dates,ridge,413,7060014930,0.015188338602546802,0.08110583379435568
gap7_common_dates,ridge,415,7060047060,0.0745806789865424,0.1734168381988432
gap7_common_dates,ridge,416,7060047060,0.17890221425805486,0.2174383876769585
gap7_common_dates,ridge,419,7060008710,0.44082065466842046,0.45630227379312904
gap7_common_dates,ridge,42,7060016090,0.366221789192078,0.28187146414528386
gap7_common_dates,ridge,421,7060047060,0.25493325998242067,0.4154787141191734
gap7_common_dates,ridge,423,7060008710,0.26117307204484375,0.3005914452024694
gap7_common_dates,ridge,442,7060073620,0.2752968810628519,0.2881213396439968
gap7_common_dates,ridge,445,7060008710,0.224138830757966,0.31939151916281483
gap7_common_dates,ridge,448,7060008710,0.22416607699504454,0.3012891039594048
gap7_common_dates,ridge,449,7060073620,0.4238798871954068,0.36898548503293105
gap7_common_dates,ridge,451,7060008710,0.22090927233216076,0.13822080054666963
gap7_common_dates,ridge,456,7060073620,0.25605914571423927,0.22535095139450112
gap7_common_dates,ridge,467,7060073620,0.5064303907785369,0.4211423478770631
gap7_common_dates,ridge,469,7060008710,0.45052235055286904,0.4195020040658826
gap7_common_dates,ridge,470,7060008710,0.31479673590326607,0.38581944670061497
gap7_common_dates,ridge,477,7060073620,0.2528298707120241,0.25793620083430346
gap7_common_dates,ridge,488,7060008710,0.28199738486015824,0.3189790388372199
gap7_common_dates,ridge,497,7060008710,0.2464086886680948,0.3457685098190415
gap7_common_dates,ridge,500,7060047060,0.3562560410703974,0.38030985297683323
gap7_common_dates,ridge,502,7060008710,0.30211006397508533,0.23900592401524912
gap7_common_dates,ridge,505,7060047060,0.23924474713225585,0.2501767486440806
gap7_common_dates,ridge,509,7060008710,0.09916879377383866,0.2808421750993361
gap7_common_dates,ridge,511,7060047060,0.08440368437655454,0.28358012265639637
gap7_common_dates,ridge,517,7060008710,0.3486366875331364,0.35366033429221166
gap7_common_dates,ridge,518,7060008710,0.5042386268704302,0.4739045379940019
gap7_common_dates,ridge,522,7060047060,0.07026054013384717,0.2063973430829412
gap7_common_dates,ridge,524,7060073920,0.28463745446912436,0.5806077560023071
gap7_common_dates,ridge,530,7060047060,0.24882327314142194,0.25781330860798585
gap7_common_dates,ridge,531,7060008710,0.19126019666584598,0.31857432483662973
gap7_common_dates,ridge,533,7060047060,0.06207667745984695,0.1709413027954601
gap7_common_dates,ridge,536,7060008710,0.25553116336390597,0.2527182693879263
gap7_common_dates,ridge,541,7060008710,0.33512067960589664,0.3497804743228552
gap7_common_dates,ridge,542,7060008710,0.021829390999163038,0.07648090276555441
gap7_common_dates,ridge,549,7060008710,0.17266983428947952,0.15881081274512807
gap7_common_dates,ridge,55,7060014930,0.2855472312792672,0.26677073521156147
gap7_common_dates,ridge,567,7060008710,0.6598461853590809,0.562960405930823
gap7_common_dates,ridge,57,7060014930,0.3434381800795077,0.3343524753631825
gap7_common_dates,ridge,574,7060008710,0.4025920589861338,0.4474530866484597
gap7_common_dates,ridge,575,7060008710,0.3423624117302833,0.4152916966419671
gap7_common_dates,ridge,595,7060013550,0.10828677413827531,0.19791241522551128
gap7_common_dates,ridge,597,7060008710,0.504672677607412,0.3835594023296701
gap7_common_dates,ridge,60,7060014930,0.2041065565749272,0.246727788624706
gap7_common_dates,ridge,600,7060013550,0.2973337878686663,0.29699989983761665
gap7_common_dates,ridge,601,7060008710,0.3984804482743115,0.328029583335658
gap7_common_dates,ridge,612,7060013550,0.11004515406213367,0.20461815331773464
gap7_common_dates,ridge,63,7060014930,0.2689459370149505,0.30656290067876024
gap7_common_dates,ridge,7308,7060043500,0.17291437604455698,0.1146475914538077
gap7_common_dates,ridge,7313,7060047060,0.18782556894938995,0.25082813277073024
gap7_common_dates,ridge,7318,7060047060,0.01404860943222809,0.1378218878653668
gap7_common_dates,ridge,753,7060047060,0.15216346333752714,0.25229759397966134
gap7_common_dates,ridge,870,7060047060,0.05984246578898476,0.21218822473710974
gap7_common_dates,ridge,882,7060047060,0.07469940515764761,0.19460404165458697
gap7_common_dates,ridge,884,7060047060,0.0763158000949986,0.13888553908872692
gap7_common_dates,ridge,885,7060047060,0.06626214192426286,0.1938219025462295
gap7_common_dates,ridge,895,7060047060,0.014271387481084304,0.11062775855073201
gap7_common_dates,ridge,898,7060047060,0.4804827463621658,0.5112526516072623
gap7_common_dates,ridge,920,7060047060,0.010603340710536624,0.13411079139814217
gap7_common_dates,ridge,931,7060047060,1.2472731177871326,0.5747410257546544
gap7_common_dates,ridge,938,7060047060,0.38426009158298446,0.618234111144327
gap7_common_dates,rf,1017,7060047060,0.39350694741793457,0.3467237964158775
gap7_common_dates,rf,1026,7060047060,0.27047730320991026,0.335169932784847
gap7_common_dates,rf,1033,7060047060,0.34903146806745766,0.37432964221072834
gap7_common_dates,rf,1036,7060047060,0.20717264498721943,0.2579829404625853
gap7_common_dates,rf,1042,7060047060,0.3236531161741061,0.3712698554913116
gap7_common_dates,rf,1067,7060047060,0.6167405131405999,0.37692813062355357
gap7_common_dates,rf,1086,7060049270,1.1065786202138204,0.45643279934273195
gap7_common_dates,rf,1092,7060047060,0.6010081256172075,0.37744817043954365
gap7_common_dates,rf,1101,7060047060,0.5979508334437655,0.3473879216659785
gap7_common_dates,rf,1112,7060047060,0.4993501914700653,0.3698246789311769
gap7_common_dates,rf,1121,7060047060,0.32837844858050913,0.3189407435123708
gap7_common_dates,rf,1122,7060047060,0.5217491049159911,0.36848313685112916
gap7_common_dates,rf,1125,7060047060,0.32837844858050913,0.3189407435123708
gap7_common_dates,rf,1127,7060047060,0.5663454133318315,0.37393724425404945
gap7_common_dates,rf,114,7060014340,0.28504764230307755,0.4296453497243884
gap7_common_dates,rf,1151,7060047970,0.5843168922743912,0.4597308568331955
gap7_common_dates,rf,1192,7060047060,0.16430907051601795,0.21709489561875336
gap7_common_dates,rf,1237,7060047970,0.6706848696134027,0.5213274642941231
gap7_common_dates,rf,1249,7060048410,1.1752645856080293,0.537281022890146
gap7_common_dates,rf,131,7060014200,0.27333918635913207,0.2878446922481043
gap7_common_dates,rf,132,7060013550,0.22046421488839568,0.1500377255278952
gap7_common_dates,rf,133,7060013550,0.0872185410310191,0.0815417519040053
gap7_common_dates,rf,148,7060013550,0.21833227848872927,0.21571076644924722
gap7_common_dates,rf,1586,7060047060,0.10904752528982808,0.24452731647118647
gap7_common_dates,rf,1587,7060047060,0.2799957740271275,0.3343484305207894
gap7_common_dates,rf,1592,7060047060,0.34382574108077185,0.2571614381985277
gap7_common_dates,rf,1595,7060047060,0.10842850910012612,0.24088222753952157
gap7_common_dates,rf,1600,7060047060,0.16390038915031843,0.24562404561251905
gap7_common_dates,rf,1617,7060047060,0.26566128757157614,0.34191786158910054
gap7_common_dates,rf,1619,7060047060,0.14994540981136933,0.2920829589670749
gap7_common_dates,rf,1620,7060047060,0.27244922316425124,0.3380266814126036
gap7_common_dates,rf,1631,7060047060,0.13586625120138024,0.2579048205142514
gap7_common_dates,rf,1634,7060047060,0.1758207414989661,0.24452731647118647
gap7_common_dates,rf,1636,7060047060,0.37686352202262224,0.3467167974085259
gap7_common_dates,rf,1645,7060047060,0.46880108927990805,0.36848313685112916
gap7_common_dates,rf,1650,7060047060,0.1902835665834986,0.33688933938064236
gap7_common_dates,rf,1654,7060047060,0.4581723993322289,0.36848313685112916
gap7_common_dates,rf,1655,7060047060,0.27903405496887934,0.3400520020262085
gap7_common_dates,rf,1656,7060047060,0.2013737127912082,0.2440072766551964
gap7_common_dates,rf,1683,7060047060,0.44087707368667267,0.3677791891414486
gap7_common_dates,rf,169,7060013560,0.5358492196096671,0.4559017762807786
gap7_common_dates,rf,1691,7060047060,0.11616721478804654,0.24302184241948857
gap7_common_dates,rf,1699,7060047060,0.10173478820258915,0.24128547930787075
gap7_common_dates,rf,1703,7060047060,0.716660099941124,0.3734172044380594
gap7_common_dates,rf,1706,7060047060,0.14395730556039704,0.24362515303952853
gap7_common_dates,rf,1707,7060047060,0.2516954924878223,0.334649892968857
gap7_common_dates,rf,1709,7060047060,0.09069195877190259,0.24128547930787075
gap7_common_dates,rf,1712,7060047060,0.1190201878087824,0.24362515303952853
gap7_common_dates,rf,1713,7060047060,0.2096398232608936,0.3123825011762219
gap7_common_dates,rf,1714,7060047060,0.3091300571912571,0.3439260826509898
gap7_common_dates,rf,1718,7060047060,0.44885605648942306,0.36848313685112916
gap7_common_dates,rf,1723,7060047060,0.19395669459263004,0.25607384480012846
gap7_common_dates,rf,1726,7060047060,0.10896403881507782,0.24362515303952853
gap7_common_dates,rf,1735,7060047060,0.06979095290564989,0.24482877891925406
gap7_common_dates,rf,1739,7060047060,0.29666539359342553,0.3232412249468165
gap7_common_dates,rf,1740,7060047060,0.1758207414989661,0.24452731647118647
gap7_common_dates,rf,1741,7060047060,0.3534252217323681,0.3446767628606593
gap7_common_dates,rf,1742,7060047060,0.08480826170244422,0.22041063539211433
gap7_common_dates,rf,1744,7060047060,0.2387276522901479,0.231650364049227
gap7_common_dates,rf,1752,7060047060,0.0302958959256767,0.21030909352212068
gap7_common_dates,rf,1753,7060047060,0.034264448408433124,0.2097890537061306
gap7_common_dates,rf,1755,7060047060,0.5562673086774179,0.368844395551185
gap7_common_dates,rf,1761,7060042310,0.27724474371309005,0.21853235510427307
gap7_common_dates,rf,1768,7060047060,0.01211858013282131,0.2136242413624554
gap7_common_dates,rf,1776,7060043090,0.0855439313352062,0.09009008465437734
gap7_common_dates,rf,1777,7060047060,0.30228136103486564,0.3188379126597345
gap7_common_dates,rf,182,7060013550,0.18271699961023843,0.21262015869565215
gap7_common_dates,rf,1848,7060047060,0.5028227720001452,0.34786586778711137
gap7_common_dates,rf,1851,7060043500,0.16275547134539953,0.17005207787660312
gap7_common_dates,rf,1864,7060047060,0.5453666496134132,0.34795376421743723
gap7_common_dates,rf,1869,7060047060,0.6497507178945514,0.344973586503595
gap7_common_dates,rf,1879,7060043160,0.5747260555684761,0.37924018336669696
gap7_common_dates,rf,1883,7060043640,0.2594859396710334,0.2029844453974078
gap7_common_dates,rf,191,7060013550,0.24386640433051454,0.32848257031887207
gap7_common_dates,rf,198,7060013550,0.30894982013781086,0.3135157634437571
gap7_common_dates,rf,204,7060013550,0.3066385469683326,0.3190951806715035
gap7_common_dates,rf,292,7060022240,0.44893864747877954,0.41101850094441394
gap7_common_dates,rf,307,7060047060,0.13710457100078935,0.2347272370492604
gap7_common_dates,rf,310,7060014930,0.06279365977724899,0.08797546059383012
gap7_common_dates,rf,316,7060014930,0.2222499551419378,0.24616591301025342
gap7_common_dates,rf,319,7060047060,0.23881827227462005,0.3307212773645856
gap7_common_dates,rf,355,7060047060,0.12340187249362164,0.23338569496921274
gap7_common_dates,rf,361,7060014930,0.10836787673158613,0.17198294436649295
gap7_common_dates,rf,362,7060047060,0.3841607485850629,0.35774643178111937
gap7_common_dates,rf,364,7060047060,0.16250170400561625,0.23338569496921274
gap7_common_dates,rf,368,7060047060,0.41289960337289583,0.3865691189889918
gap7_common_dates,rf,372,7060014930,0.2942816619350156,0.31754660955826697
gap7_common_dates,rf,373,7060047060,0.37558270113787345,0.3832874788270821
gap7_common_dates,rf,384,7060014930,0.3030019109094392,0.2976081149057752
gap7_common_dates,rf,386,7060014930,0.572864021275219,0.448032773213774
gap7_common_dates,rf,391,7060014930,0.11630684303528308,0.14567263714786516
gap7_common_dates,rf,393,7060047060,0.22427692059245702,0.2908763519546636
gap7_common_dates,rf,398,7060047060,0.2627616778487855,0.3042585913150254
gap7_common_dates,rf,41,7060016090,0.30546303515284856,0.2895741247290705
gap7_common_dates,rf,413,7060014930,0.015188338602546802,0.11360945402706761
gap7_common_dates,rf,415,7060047060,0.0745806789865424,0.24188686383036853
gap7_common_dates,rf,416,7060047060,0.17890221425805486,0.2344715773366616
gap7_common_dates,rf,419,7060008710,0.44082065466842046,0.4548797674668221
gap7_common_dates,rf,42,7060016090,0.366221789192078,0.33003093296483593
gap7_common_dates,rf,421,7060047060,0.25493325998242067,0.3825438307698958
gap7_common_dates,rf,423,7060008710,0.26117307204484375,0.31975474165747425
gap7_common_dates,rf,442,7060073620,0.2752968810628519,0.33435942105842015
gap7_common_dates,rf,445,7060008710,0.224138830757966,0.2777007413234681
gap7_common_dates,rf,448,7060008710,0.22416607699504454,0.24920062823236336
gap7_common_dates,rf,449,7060073620,0.4238798871954068,0.43391173360790375
gap7_common_dates,rf,451,7060008710,0.22090927233216076,0.1369680280760845
gap7_common_dates,rf,456,7060073620,0.25605914571423927,0.2499890552008822
gap7_common_dates,rf,467,7060073620,0.5064303907785369,0.43140088532873244
gap7_common_dates,rf,469,7060008710,0.45052235055286904,0.41913121025938793
gap7_common_dates,rf,470,7060008710,0.31479673590326607,0.3162671474658717
gap7_common_dates,rf,477,7060073620,0.2528298707120241,0.2574250879483765
gap7_common_dates,rf,488,7060008710,0.28199738486015824,0.29818167228271536
gap7_common_dates,rf,497,7060008710,0.2464086886680948,0.333059964750556
gap7_common_dates,rf,500,7060047060,0.3562560410703974,0.3832874788270821
gap7_common_dates,rf,502,7060008710,0.30211006397508533,0.24782009552966167
gap7_common_dates,rf,505,7060047060,0.23924474713225585,0.24601981669655398
gap7_common_dates,rf,509,7060008710,0.09916879377383866,0.2612114058582958
gap7_common_dates,rf,511,7060047060,0.08440368437655454,0.25970124669136596
gap7_common_dates,rf,517,7060008710,0.3486366875331364,0.34086593996980824
gap7_common_dates,rf,518,7060008710,0.5042386268704302,0.42918250409746794
gap7_common_dates,rf,522,7060047060,0.07026054013384717,0.2344715773366616
gap7_common_dates,rf,524,7060073920,0.28463745446912436,0.4894487875698125
gap7_common_dates,rf,530,7060047060,0.24882327314142194,0.2579182004841974
gap7_common_dates,rf,531,7060008710,0.19126019666584598,0.2768337942296268
gap7_common_dates,rf,533,7060047060,0.06207667745984695,0.23338569496921274
gap7_common_dates,rf,536,7060008710,0.25553116336390597,0.2583142971269255
gap7_common_dates,rf,541,7060008710,0.33512067960589664,0.35153559418084507
gap7_common_dates,rf,542,7060008710,0.021829390999163038,0.09165436324089167
gap7_common_dates,rf,549,7060008710,0.17266983428947952,0.1520401061096364
gap7_common_dates,rf,55,7060014930,0.2855472312792672,0.31981257085554954
gap7_common_dates,rf,567,7060008710,0.6598461853590809,0.46114788660638745
gap7_common_dates,rf,57,7060014930,0.3434381800795077,0.3441423934699814
gap7_common_dates,rf,574,7060008710,0.4025920589861338,0.41922633212107735
gap7_common_dates,rf,575,7060008710,0.3423624117302833,0.4195655139866263
gap7_common_dates,rf,595,7060013550,0.10828677413827531,0.21754477376760226
gap7_common_dates,rf,597,7060008710,0.504672677607412,0.41516317272023395
gap7_common_dates,rf,60,7060014930,0.2041065565749272,0.2896117801587413
gap7_common_dates,rf,600,7060013550,0.2973337878686663,0.32528427392032944
gap7_common_dates,rf,601,7060008710,0.3984804482743115,0.3500118739896327
gap7_common_dates,rf,612,7060013550,0.11004515406213367,0.16969450922007648
gap7_common_dates,rf,63,7060014930,0.2689459370149505,0.32028211380801413
gap7_common_dates,rf,7308,7060043500,0.17291437604455698,0.11080893161006149
gap7_common_dates,rf,7313,7060047060,0.18782556894938995,0.24501288446575503
gap7_common_dates,rf,7318,7060047060,0.01404860943222809,0.23300357135354488
gap7_common_dates,rf,753,7060047060,0.15216346333752714,0.2800468842661305
gap7_common_dates,rf,870,7060047060,0.05984246578898476,0.24545768050539163
gap7_common_dates,rf,882,7060047060,0.07469940515764761,0.2136242413624554
gap7_common_dates,rf,884,7060047060,0.0763158000949986,0.20965176498463867
gap7_common_dates,rf,885,7060047060,0.06626214192426286,0.21164830954667851
gap7_common_dates,rf,895,7060047060,0.014271387481084304,0.20908592243317994
gap7_common_dates,rf,898,7060047060,0.4804827463621658,0.358567934045177
gap7_common_dates,rf,920,7060047060,0.010603340710536624,0.20966261175852247
gap7_common_dates,rf,931,7060047060,1.2472731177871326,0.36144861558474517
gap7_common_dates,rf,938,7060047060,0.38426009158298446,0.37039052148263557
raw_common_cohort,mean,1017,7060047060,0.39350694741793457,0.30127679804664953
raw_common_cohort,mean,1026,7060047060,0.27047730320991026,0.30127679804664953
raw_common_cohort,mean,1033,7060047060,0.34903146806745766,0.30127679804664953
raw_common_cohort,mean,1036,7060047060,0.20717264498721943,0.30127679804664953
raw_common_cohort,mean,1042,7060047060,0.3236531161741061,0.30127679804664953
raw_common_cohort,mean,1067,7060047060,0.6167405131405999,0.30127679804664953
raw_common_cohort,mean,1086,7060049270,1.1065786202138204,0.27446582998975044
raw_common_cohort,mean,1092,7060047060,0.6010081256172075,0.30127679804664953
raw_common_cohort,mean,1101,7060047060,0.5979508334437655,0.30127679804664953
raw_common_cohort,mean,1112,7060047060,0.4993501914700653,0.30127679804664953
raw_common_cohort,mean,1121,7060047060,0.32837844858050913,0.30127679804664953
raw_common_cohort,mean,1122,7060047060,0.5217491049159911,0.30127679804664953
raw_common_cohort,mean,1125,7060047060,0.32837844858050913,0.30127679804664953
raw_common_cohort,mean,1127,7060047060,0.5663454133318315,0.30127679804664953
raw_common_cohort,mean,114,7060014340,0.28504764230307755,0.27432881696082967
raw_common_cohort,mean,1151,7060047970,0.5843168922743912,0.27432881696082967
raw_common_cohort,mean,1192,7060047060,0.16430907051601795,0.30127679804664953
raw_common_cohort,mean,1237,7060047970,0.6706848696134027,0.27432881696082967
raw_common_cohort,mean,1249,7060048410,1.1752645856080293,0.28004638634225504
raw_common_cohort,mean,131,7060014200,0.27333918635913207,0.27446582998975044
raw_common_cohort,mean,132,7060013550,0.22046421488839568,0.28004638634225504
raw_common_cohort,mean,133,7060013550,0.0872185410310191,0.28004638634225504
raw_common_cohort,mean,148,7060013550,0.21833227848872927,0.28004638634225504
raw_common_cohort,mean,1586,7060047060,0.10904752528982808,0.30127679804664953
raw_common_cohort,mean,1587,7060047060,0.2799957740271275,0.30127679804664953
raw_common_cohort,mean,1592,7060047060,0.34382574108077185,0.30127679804664953
raw_common_cohort,mean,1595,7060047060,0.10842850910012612,0.30127679804664953
raw_common_cohort,mean,1600,7060047060,0.16390038915031843,0.30127679804664953
raw_common_cohort,mean,1617,7060047060,0.26566128757157614,0.30127679804664953
raw_common_cohort,mean,1619,7060047060,0.14994540981136933,0.30127679804664953
raw_common_cohort,mean,1620,7060047060,0.27244922316425124,0.30127679804664953
raw_common_cohort,mean,1631,7060047060,0.13586625120138024,0.30127679804664953
raw_common_cohort,mean,1634,7060047060,0.1758207414989661,0.30127679804664953
raw_common_cohort,mean,1636,7060047060,0.37686352202262224,0.30127679804664953
raw_common_cohort,mean,1645,7060047060,0.46880108927990805,0.30127679804664953
raw_common_cohort,mean,1650,7060047060,0.1902835665834986,0.30127679804664953
raw_common_cohort,mean,1654,7060047060,0.4581723993322289,0.30127679804664953
raw_common_cohort,mean,1655,7060047060,0.27903405496887934,0.30127679804664953
raw_common_cohort,mean,1656,7060047060,0.2013737127912082,0.30127679804664953
raw_common_cohort,mean,1683,7060047060,0.44087707368667267,0.30127679804664953
raw_common_cohort,mean,169,7060013560,0.5358492196096671,0.27432881696082967
raw_common_cohort,mean,1691,7060047060,0.11616721478804654,0.30127679804664953
raw_common_cohort,mean,1699,7060047060,0.10173478820258915,0.30127679804664953
raw_common_cohort,mean,1703,7060047060,0.716660099941124,0.30127679804664953
raw_common_cohort,mean,1706,7060047060,0.14395730556039704,0.30127679804664953
raw_common_cohort,mean,1707,7060047060,0.2516954924878223,0.30127679804664953
raw_common_cohort,mean,1709,7060047060,0.09069195877190259,0.30127679804664953
raw_common_cohort,mean,1712,7060047060,0.1190201878087824,0.30127679804664953
raw_common_cohort,mean,1713,7060047060,0.2096398232608936,0.30127679804664953
raw_common_cohort,mean,1714,7060047060,0.3091300571912571,0.30127679804664953
raw_common_cohort,mean,1718,7060047060,0.44885605648942306,0.30127679804664953
raw_common_cohort,mean,1723,7060047060,0.19395669459263004,0.30127679804664953
raw_common_cohort,mean,1726,7060047060,0.10896403881507782,0.30127679804664953
raw_common_cohort,mean,1735,7060047060,0.06979095290564989,0.30127679804664953
raw_common_cohort,mean,1739,7060047060,0.29666539359342553,0.30127679804664953
raw_common_cohort,mean,1740,7060047060,0.1758207414989661,0.30127679804664953
raw_common_cohort,mean,1741,7060047060,0.3534252217323681,0.30127679804664953
raw_common_cohort,mean,1742,7060047060,0.08480826170244422,0.30127679804664953
raw_common_cohort,mean,1744,7060047060,0.2387276522901479,0.30127679804664953
raw_common_cohort,mean,1752,7060047060,0.0302958959256767,0.30127679804664953
raw_common_cohort,mean,1753,7060047060,0.034264448408433124,0.30127679804664953
raw_common_cohort,mean,1755,7060047060,0.5562673086774179,0.30127679804664953
raw_common_cohort,mean,1761,7060042310,0.27724474371309005,0.27446582998975044
raw_common_cohort,mean,1768,7060047060,0.01211858013282131,0.30127679804664953
raw_common_cohort,mean,1776,7060043090,0.0855439313352062,0.28004638634225504
raw_common_cohort,mean,1777,7060047060,0.30228136103486564,0.30127679804664953
raw_common_cohort,mean,182,7060013550,0.18271699961023843,0.28004638634225504
raw_common_cohort,mean,1848,7060047060,0.5028227720001452,0.30127679804664953
raw_common_cohort,mean,1851,7060043500,0.16275547134539953,0.27432881696082967
raw_common_cohort,mean,1864,7060047060,0.5453666496134132,0.30127679804664953
raw_common_cohort,mean,1869,7060047060,0.6497507178945514,0.30127679804664953
raw_common_cohort,mean,1879,7060043160,0.5747260555684761,0.27446582998975044
raw_common_cohort,mean,1883,7060043640,0.2594859396710334,0.27432881696082967
raw_common_cohort,mean,191,7060013550,0.24386640433051454,0.28004638634225504
raw_common_cohort,mean,198,7060013550,0.30894982013781086,0.28004638634225504
raw_common_cohort,mean,204,7060013550,0.3066385469683326,0.28004638634225504
raw_common_cohort,mean,292,7060022240,0.44893864747877954,0.27432881696082967
raw_common_cohort,mean,307,7060047060,0.13710457100078935,0.30127679804664953
raw_common_cohort,mean,310,7060014930,0.06279365977724899,0.27446582998975044
raw_common_cohort,mean,316,7060014930,0.2222499551419378,0.27446582998975044
raw_common_cohort,mean,319,7060047060,0.23881827227462005,0.30127679804664953
raw_common_cohort,mean,355,7060047060,0.12340187249362164,0.30127679804664953
raw_common_cohort,mean,361,7060014930,0.10836787673158613,0.27446582998975044
raw_common_cohort,mean,362,7060047060,0.3841607485850629,0.30127679804664953
raw_common_cohort,mean,364,7060047060,0.16250170400561625,0.30127679804664953
raw_common_cohort,mean,368,7060047060,0.41289960337289583,0.30127679804664953
raw_common_cohort,mean,372,7060014930,0.2942816619350156,0.27446582998975044
raw_common_cohort,mean,373,7060047060,0.37558270113787345,0.30127679804664953
raw_common_cohort,mean,384,7060014930,0.3030019109094392,0.27446582998975044
raw_common_cohort,mean,386,7060014930,0.572864021275219,0.27446582998975044
raw_common_cohort,mean,391,7060014930,0.11630684303528308,0.27446582998975044
raw_common_cohort,mean,393,7060047060,0.22427692059245702,0.30127679804664953
raw_common_cohort,mean,398,7060047060,0.2627616778487855,0.30127679804664953
raw_common_cohort,mean,41,7060016090,0.30546303515284856,0.27446582998975044
raw_common_cohort,mean,413,7060014930,0.015188338602546802,0.27446582998975044
raw_common_cohort,mean,415,7060047060,0.0745806789865424,0.30127679804664953
raw_common_cohort,mean,416,7060047060,0.17890221425805486,0.30127679804664953
raw_common_cohort,mean,419,7060008710,0.44082065466842046,0.27446314928967364
raw_common_cohort,mean,42,7060016090,0.366221789192078,0.27446582998975044
raw_common_cohort,mean,421,7060047060,0.25493325998242067,0.30127679804664953
raw_common_cohort,mean,423,7060008710,0.26117307204484375,0.27446314928967364
raw_common_cohort,mean,442,7060073620,0.2752968810628519,0.27432881696082967
raw_common_cohort,mean,445,7060008710,0.224138830757966,0.27446314928967364
raw_common_cohort,mean,448,7060008710,0.22416607699504454,0.27446314928967364
raw_common_cohort,mean,449,7060073620,0.4238798871954068,0.27432881696082967
raw_common_cohort,mean,451,7060008710,0.22090927233216076,0.27446314928967364
raw_common_cohort,mean,456,7060073620,0.25605914571423927,0.27432881696082967
raw_common_cohort,mean,467,7060073620,0.5064303907785369,0.27432881696082967
raw_common_cohort,mean,469,7060008710,0.45052235055286904,0.27446314928967364
raw_common_cohort,mean,470,7060008710,0.31479673590326607,0.27446314928967364
raw_common_cohort,mean,477,7060073620,0.2528298707120241,0.27432881696082967
raw_common_cohort,mean,488,7060008710,0.28199738486015824,0.27446314928967364
raw_common_cohort,mean,497,7060008710,0.2464086886680948,0.27446314928967364
raw_common_cohort,mean,500,7060047060,0.3562560410703974,0.30127679804664953
raw_common_cohort,mean,502,7060008710,0.30211006397508533,0.27446314928967364
raw_common_cohort,mean,505,7060047060,0.23924474713225585,0.30127679804664953
raw_common_cohort,mean,509,7060008710,0.09916879377383866,0.27446314928967364
raw_common_cohort,mean,511,7060047060,0.08440368437655454,0.30127679804664953
raw_common_cohort,mean,517,7060008710,0.3486366875331364,0.27446314928967364
raw_common_cohort,mean,518,7060008710,0.5042386268704302,0.27446314928967364
raw_common_cohort,mean,522,7060047060,0.07026054013384717,0.30127679804664953
raw_common_cohort,mean,524,7060073920,0.28463745446912436,0.28004638634225504
raw_common_cohort,mean,530,7060047060,0.24882327314142194,0.30127679804664953
raw_common_cohort,mean,531,7060008710,0.19126019666584598,0.27446314928967364
raw_common_cohort,mean,533,7060047060,0.06207667745984695,0.30127679804664953
raw_common_cohort,mean,536,7060008710,0.25553116336390597,0.27446314928967364
raw_common_cohort,mean,541,7060008710,0.33512067960589664,0.27446314928967364
raw_common_cohort,mean,542,7060008710,0.021829390999163038,0.27446314928967364
raw_common_cohort,mean,549,7060008710,0.17266983428947952,0.27446314928967364
raw_common_cohort,mean,55,7060014930,0.2855472312792672,0.27446582998975044
raw_common_cohort,mean,567,7060008710,0.6598461853590809,0.27446314928967364
raw_common_cohort,mean,57,7060014930,0.3434381800795077,0.27446582998975044
raw_common_cohort,mean,574,7060008710,0.4025920589861338,0.27446314928967364
raw_common_cohort,mean,575,7060008710,0.3423624117302833,0.27446314928967364
raw_common_cohort,mean,595,7060013550,0.10828677413827531,0.28004638634225504
raw_common_cohort,mean,597,7060008710,0.504672677607412,0.27446314928967364
raw_common_cohort,mean,60,7060014930,0.2041065565749272,0.27446582998975044
raw_common_cohort,mean,600,7060013550,0.2973337878686663,0.28004638634225504
raw_common_cohort,mean,601,7060008710,0.3984804482743115,0.27446314928967364
raw_common_cohort,mean,612,7060013550,0.11004515406213367,0.28004638634225504
raw_common_cohort,mean,63,7060014930,0.2689459370149505,0.27446582998975044
raw_common_cohort,mean,7308,7060043500,0.17291437604455698,0.27432881696082967
raw_common_cohort,mean,7313,7060047060,0.18782556894938995,0.30127679804664953
raw_common_cohort,mean,7318,7060047060,0.01404860943222809,0.30127679804664953
raw_common_cohort,mean,753,7060047060,0.15216346333752714,0.30127679804664953
raw_common_cohort,mean,870,7060047060,0.05984246578898476,0.30127679804664953
raw_common_cohort,mean,882,7060047060,0.07469940515764761,0.30127679804664953
raw_common_cohort,mean,884,7060047060,0.0763158000949986,0.30127679804664953
raw_common_cohort,mean,885,7060047060,0.06626214192426286,0.30127679804664953
raw_common_cohort,mean,895,7060047060,0.014271387481084304,0.30127679804664953
raw_common_cohort,mean,898,7060047060,0.4804827463621658,0.30127679804664953
raw_common_cohort,mean,920,7060047060,0.010603340710536624,0.30127679804664953
raw_common_cohort,mean,931,7060047060,1.2472731177871326,0.30127679804664953
raw_common_cohort,mean,938,7060047060,0.38426009158298446,0.30127679804664953
raw_common_cohort,persistence,1017,7060047060,0.39350694741793457,0.32732625657686143
raw_common_cohort,persistence,1026,7060047060,0.27047730320991026,0.2834168970340526
raw_common_cohort,persistence,1033,7060047060,0.34903146806745766,0.33911868468061473
raw_common_cohort,persistence,1036,7060047060,0.20717264498721943,0.21383819202015208
raw_common_cohort,persistence,1042,7060047060,0.3236531161741061,0.3812739904689628
raw_common_cohort,persistence,1067,7060047060,0.6167405131405999,0.5506501849189527
raw_common_cohort,persistence,1086,7060049270,1.1065786202138204,0.8848431516750894
raw_common_cohort,persistence,1092,7060047060,0.6010081256172075,0.5212600112783097
raw_common_cohort,persistence,1101,7060047060,0.5979508334437655,0.48238399696401857
raw_common_cohort,persistence,1112,7060047060,0.4993501914700653,0.38296951698055165
raw_common_cohort,persistence,1121,7060047060,0.32837844858050913,0.25815139018932476
raw_common_cohort,persistence,1122,7060047060,0.5217491049159911,0.45839296501237914
raw_common_cohort,persistence,1125,7060047060,0.32837844858050913,0.25815139018932476
raw_common_cohort,persistence,1127,7060047060,0.5663454133318315,0.4843791452026821
raw_common_cohort,persistence,114,7060014340,0.28504764230307755,0.419876774547364
raw_common_cohort,persistence,1151,7060047970,0.5843168922743912,0.39937269564133215
raw_common_cohort,persistence,1192,7060047060,0.16430907051601795,0.12311908521187284
raw_common_cohort,persistence,1237,7060047970,0.6706848696134027,0.5579418713718229
raw_common_cohort,persistence,1249,7060048410,1.1752645856080293,0.8786082927534192
raw_common_cohort,persistence,131,7060014200,0.27333918635913207,0.24841927731797692
raw_common_cohort,persistence,132,7060013550,0.22046421488839568,0.14926934675484932
raw_common_cohort,persistence,133,7060013550,0.0872185410310191,0.046577233014649444
raw_common_cohort,persistence,148,7060013550,0.21833227848872927,0.18173948436536902
raw_common_cohort,persistence,1586,7060047060,0.10904752528982808,0.13506777257551217
raw_common_cohort,persistence,1587,7060047060,0.2799957740271275,0.27537901244813345
raw_common_cohort,persistence,1592,7060047060,0.34382574108077185,0.21977552761039992
raw_common_cohort,persistence,1595,7060047060,0.10842850910012612,0.04052037059224774
raw_common_cohort,persistence,1600,7060047060,0.16390038915031843,0.14189920675046158
raw_common_cohort,persistence,1617,7060047060,0.26566128757157614,0.31342708481125076
raw_common_cohort,persistence,1619,7060047060,0.14994540981136933,0.2411145373293386
raw_common_cohort,persistence,1620,7060047060,0.27244922316425124,0.29373950829282947
raw_common_cohort,persistence,1631,7060047060,0.13586625120138024,0.20831804751261715
raw_common_cohort,persistence,1634,7060047060,0.1758207414989661,0.14422797835809964
raw_common_cohort,persistence,1636,7060047060,0.37686352202262224,0.48578499594909874
raw_common_cohort,persistence,1645,7060047060,0.46880108927990805,0.4352714907165549
raw_common_cohort,persistence,1650,7060047060,0.1902835665834986,0.29790227844638123
raw_common_cohort,persistence,1654,7060047060,0.4581723993322289,0.44796201049184103
raw_common_cohort,persistence,1655,7060047060,0.27903405496887934,0.2795508120545117
raw_common_cohort,persistence,1656,7060047060,0.2013737127912082,0.1581455963637178
raw_common_cohort,persistence,1683,7060047060,0.44087707368667267,0.38006640718230245
raw_common_cohort,persistence,169,7060013560,0.5358492196096671,0.6260428067800482
raw_common_cohort,persistence,1691,7060047060,0.11616721478804654,0.16906698920481789
raw_common_cohort,persistence,1699,7060047060,0.10173478820258915,0.0932043910144893
raw_common_cohort,persistence,1703,7060047060,0.716660099941124,0.6006220667118699
raw_common_cohort,persistence,1706,7060047060,0.14395730556039704,0.13765369183842868
raw_common_cohort,persistence,1707,7060047060,0.2516954924878223,0.29054549589074513
raw_common_cohort,persistence,1709,7060047060,0.09069195877190259,0.06746998050513128
raw_common_cohort,persistence,1712,7060047060,0.1190201878087824,0.14040051365660172
raw_common_cohort,persistence,1713,7060047060,0.2096398232608936,0.28784117898830874
raw_common_cohort,persistence,1714,7060047060,0.3091300571912571,0.3715533410694491
raw_common_cohort,persistence,1718,7060047060,0.44885605648942306,0.4887165938297443
raw_common_cohort,persistence,1723,7060047060,0.19395669459263004,0.2058555663805134
raw_common_cohort,persistence,1726,7060047060,0.10896403881507782,0.12855630496026077
raw_common_cohort,persistence,1735,7060047060,0.06979095290564989,0.08022106913608207
raw_common_cohort,persistence,1739,7060047060,0.29666539359342553,0.30490781245337906
raw_common_cohort,persistence,1740,7060047060,0.1758207414989661,0.14422797835809964
raw_common_cohort,persistence,1741,7060047060,0.3534252217323681,0.30269984489098456
raw_common_cohort,persistence,1742,7060047060,0.08480826170244422,0.08475095118718173
raw_common_cohort,persistence,1744,7060047060,0.2387276522901479,0.21328782928822254
raw_common_cohort,persistence,1752,7060047060,0.0302958959256767,0.04174413093244561
raw_common_cohort,persistence,1753,7060047060,0.034264448408433124,0.12688018325062994
raw_common_cohort,persistence,1755,7060047060,0.5562673086774179,0.4676057793716548
raw_common_cohort,persistence,1761,7060042310,0.27724474371309005,0.22092728935311007
raw_common_cohort,persistence,1768,7060047060,0.01211858013282131,0.019045252163574136
raw_common_cohort,persistence,1776,7060043090,0.0855439313352062,0.04673633933514659
raw_common_cohort,persistence,1777,7060047060,0.30228136103486564,0.292893701696213
raw_common_cohort,persistence,182,7060013550,0.18271699961023843,0.18876530730899535
raw_common_cohort,persistence,1848,7060047060,0.5028227720001452,0.5055296456992726
raw_common_cohort,persistence,1851,7060043500,0.16275547134539953,0.21430080920704023
raw_common_cohort,persistence,1864,7060047060,0.5453666496134132,0.5237262413583994
raw_common_cohort,persistence,1869,7060047060,0.6497507178945514,0.6825118324280082
raw_common_cohort,persistence,1879,7060043160,0.5747260555684761,0.5557630083151025
raw_common_cohort,persistence,1883,7060043640,0.2594859396710334,0.23033722735379167
raw_common_cohort,persistence,191,7060013550,0.24386640433051454,0.3272170127162451
raw_common_cohort,persistence,198,7060013550,0.30894982013781086,0.36301238201428054
raw_common_cohort,persistence,204,7060013550,0.3066385469683326,0.3778348677466956
raw_common_cohort,persistence,292,7060022240,0.44893864747877954,0.42200139136783466
raw_common_cohort,persistence,307,7060047060,0.13710457100078935,0.15470541289290046
raw_common_cohort,persistence,310,7060014930,0.06279365977724899,0.06604083258205336
raw_common_cohort,persistence,316,7060014930,0.2222499551419378,0.23956559273349093
raw_common_cohort,persistence,319,7060047060,0.23881827227462005,0.25458913624304513
raw_common_cohort,persistence,355,7060047060,0.12340187249362164,0.1511515807310599
raw_common_cohort,persistence,361,7060014930,0.10836787673158613,0.11765121509929247
raw_common_cohort,persistence,362,7060047060,0.3841607485850629,0.6821706073259356
raw_common_cohort,persistence,364,7060047060,0.16250170400561625,0.13855064487215552
raw_common_cohort,persistence,368,7060047060,0.41289960337289583,0.3949308315381802
raw_common_cohort,persistence,372,7060014930,0.2942816619350156,0.3156344414759076
raw_common_cohort,persistence,373,7060047060,0.37558270113787345,0.47070628348938015
raw_common_cohort,persistence,384,7060014930,0.3030019109094392,0.2819591444181446
raw_common_cohort,persistence,386,7060014930,0.572864021275219,0.528810898347174
raw_common_cohort,persistence,391,7060014930,0.11630684303528308,0.14040808614001055
raw_common_cohort,persistence,393,7060047060,0.22427692059245702,0.2318804158587709
raw_common_cohort,persistence,398,7060047060,0.2627616778487855,0.2315010968717211
raw_common_cohort,persistence,41,7060016090,0.30546303515284856,0.28046628020470366
raw_common_cohort,persistence,413,7060014930,0.015188338602546802,0.026689603366676348
raw_common_cohort,persistence,415,7060047060,0.0745806789865424,0.07569707632721556
raw_common_cohort,persistence,416,7060047060,0.17890221425805486,0.14739472370243467
raw_common_cohort,persistence,419,7060008710,0.44082065466842046,0.5000644879242638
raw_common_cohort,persistence,42,7060016090,0.366221789192078,0.33841626142315506
raw_common_cohort,persistence,421,7060047060,0.25493325998242067,0.4035093113691528
raw_common_cohort,persistence,423,7060008710,0.26117307204484375,0.3286078843081458
raw_common_cohort,persistence,442,7060073620,0.2752968810628519,0.2857415201534098
raw_common_cohort,persistence,445,7060008710,0.224138830757966,0.2585428572103122
raw_common_cohort,persistence,448,7060008710,0.22416607699504454,0.2339789882123406
raw_common_cohort,persistence,449,7060073620,0.4238798871954068,0.5045444976662925
raw_common_cohort,persistence,451,7060008710,0.22090927233216076,0.13899259893238797
raw_common_cohort,persistence,456,7060073620,0.25605914571423927,0.22083893395156676
raw_common_cohort,persistence,467,7060073620,0.5064303907785369,0.44718494903775585
raw_common_cohort,persistence,469,7060008710,0.45052235055286904,0.4130908565376275
raw_common_cohort,persistence,470,7060008710,0.31479673590326607,0.295631999210478
raw_common_cohort,persistence,477,7060073620,0.2528298707120241,0.3057173466462336
raw_common_cohort,persistence,488,7060008710,0.28199738486015824,0.390309253085163
raw_common_cohort,persistence,497,7060008710,0.2464086886680948,0.3400521138301063
raw_common_cohort,persistence,500,7060047060,0.3562560410703974,0.3863352444733229
raw_common_cohort,persistence,502,7060008710,0.30211006397508533,0.22638360625180481
raw_common_cohort,persistence,505,7060047060,0.23924474713225585,0.21416520673928122
raw_common_cohort,persistence,509,7060008710,0.09916879377383866,0.22663711791862462
raw_common_cohort,persistence,511,7060047060,0.08440368437655454,0.11562480452300766
raw_common_cohort,persistence,517,7060008710,0.3486366875331364,0.37667294299469406
raw_common_cohort,persistence,518,7060008710,0.5042386268704302,0.49206455984819475
raw_common_cohort,persistence,522,7060047060,0.07026054013384717,0.1178565130813419
raw_common_cohort,persistence,524,7060073920,0.28463745446912436,0.6056334554122743
raw_common_cohort,persistence,530,7060047060,0.24882327314142194,0.22146285246209962
raw_common_cohort,persistence,531,7060008710,0.19126019666584598,0.24304869606496618
raw_common_cohort,persistence,533,7060047060,0.06207667745984695,0.0717785558395135
raw_common_cohort,persistence,536,7060008710,0.25553116336390597,0.246914396231868
raw_common_cohort,persistence,541,7060008710,0.33512067960589664,0.3855330714681625
raw_common_cohort,persistence,542,7060008710,0.021829390999163038,0.062185232801962954
raw_common_cohort,persistence,549,7060008710,0.17266983428947952,0.1289048748424131
raw_common_cohort,persistence,55,7060014930,0.2855472312792672,0.29859361974404636
raw_common_cohort,persistence,567,7060008710,0.6598461853590809,0.568167901667212
raw_common_cohort,persistence,57,7060014930,0.3434381800795077,0.39010191957263496
raw_common_cohort,persistence,574,7060008710,0.4025920589861338,0.4532693325676319
raw_common_cohort,persistence,575,7060008710,0.3423624117302833,0.45090363592699056
raw_common_cohort,persistence,595,7060013550,0.10828677413827531,0.19201996238898328
raw_common_cohort,persistence,597,7060008710,0.504672677607412,0.481298882047343
raw_common_cohort,persistence,60,7060014930,0.2041065565749272,0.2663200574555232
raw_common_cohort,persistence,600,7060013550,0.2973337878686663,0.29213311975886014
raw_common_cohort,persistence,601,7060008710,0.3984804482743115,0.3477240963723892
raw_common_cohort,persistence,612,7060013550,0.11004515406213367,0.14999185935931425
raw_common_cohort,persistence,63,7060014930,0.2689459370149505,0.3629869753237469
raw_common_cohort,persistence,7308,7060043500,0.17291437604455698,0.13151636261207936
raw_common_cohort,persistence,7313,7060047060,0.18782556894938995,0.20539925152870275
raw_common_cohort,persistence,7318,7060047060,0.01404860943222809,0.011668990812269998
raw_common_cohort,persistence,753,7060047060,0.15216346333752714,0.2442817547925933
raw_common_cohort,persistence,870,7060047060,0.05984246578898476,0.1978266320944444
raw_common_cohort,persistence,882,7060047060,0.07469940515764761,0.12314076028634954
raw_common_cohort,persistence,884,7060047060,0.0763158000949986,0.08297545924434035
raw_common_cohort,persistence,885,7060047060,0.06626214192426286,0.18094667801319542
raw_common_cohort,persistence,895,7060047060,0.014271387481084304,0.020511690869501536
raw_common_cohort,persistence,898,7060047060,0.4804827463621658,0.7789655626985532
raw_common_cohort,persistence,920,7060047060,0.010603340710536624,0.04751129309744815
raw_common_cohort,persistence,931,7060047060,1.2472731177871326,0.9539932496405352
raw_common_cohort,persistence,938,7060047060,0.38426009158298446,0.8131914182348002
raw_common_cohort,ridge,1017,7060047060,0.39350694741793457,0.3897313108371438
raw_common_cohort,ridge,1026,7060047060,0.27047730320991026,0.34907145702043435
raw_common_cohort,ridge,1033,7060047060,0.34903146806745766,0.4191563832620049
raw_common_cohort,ridge,1036,7060047060,0.20717264498721943,0.291785962258776
raw_common_cohort,ridge,1042,7060047060,0.3236531161741061,0.4095911209330601
raw_common_cohort,ridge,1067,7060047060,0.6167405131405999,0.5310105899954826
raw_common_cohort,ridge,1086,7060049270,1.1065786202138204,0.69615913866152
raw_common_cohort,ridge,1092,7060047060,0.6010081256172075,0.5161748803435695
raw_common_cohort,ridge,1101,7060047060,0.5979508334437655,0.4228561415380797
raw_common_cohort,ridge,1112,7060047060,0.4993501914700653,0.3993724740403788
raw_common_cohort,ridge,1121,7060047060,0.32837844858050913,0.3231750950978779
raw_common_cohort,ridge,1122,7060047060,0.5217491049159911,0.46311633532930685
raw_common_cohort,ridge,1125,7060047060,0.32837844858050913,0.3231750950978779
raw_common_cohort,ridge,1127,7060047060,0.5663454133318315,0.4864948791393481
raw_common_cohort,ridge,114,7060014340,0.28504764230307755,0.38053941748339
raw_common_cohort,ridge,1151,7060047970,0.5843168922743912,0.5096524404311769
raw_common_cohort,ridge,1192,7060047060,0.16430907051601795,0.1938794420956515
raw_common_cohort,ridge,1237,7060047970,0.6706848696134027,0.5115021308777155
raw_common_cohort,ridge,1249,7060048410,1.1752645856080293,0.8879088802845776
raw_common_cohort,ridge,131,7060014200,0.27333918635913207,0.2440768515148814
raw_common_cohort,ridge,132,7060013550,0.22046421488839568,0.157966683904569
raw_common_cohort,ridge,133,7060013550,0.0872185410310191,0.07583566745031003
raw_common_cohort,ridge,148,7060013550,0.21833227848872927,0.1881258012223774
raw_common_cohort,ridge,1586,7060047060,0.10904752528982808,0.27579011088640304
raw_common_cohort,ridge,1587,7060047060,0.2799957740271275,0.3353285780691598
raw_common_cohort,ridge,1592,7060047060,0.34382574108077185,0.309075753980574
raw_common_cohort,ridge,1595,7060047060,0.10842850910012612,0.19130723044419465
raw_common_cohort,ridge,1600,7060047060,0.16390038915031843,0.26183551858785054
raw_common_cohort,ridge,1617,7060047060,0.26566128757157614,0.3371527818239338
raw_common_cohort,ridge,1619,7060047060,0.14994540981136933,0.3049395542481972
raw_common_cohort,ridge,1620,7060047060,0.27244922316425124,0.3040572562470915
raw_common_cohort,ridge,1631,7060047060,0.13586625120138024,0.30216988900343167
raw_common_cohort,ridge,1634,7060047060,0.1758207414989661,0.24386494342408174
raw_common_cohort,ridge,1636,7060047060,0.37686352202262224,0.43213588762357236
raw_common_cohort,ridge,1645,7060047060,0.46880108927990805,0.4393236230858909
raw_common_cohort,ridge,1650,7060047060,0.1902835665834986,0.35106318648330137
raw_common_cohort,ridge,1654,7060047060,0.4581723993322289,0.426881267770558
raw_common_cohort,ridge,1655,7060047060,0.27903405496887934,0.347763789175491
raw_common_cohort,ridge,1656,7060047060,0.2013737127912082,0.2644840047621909
raw_common_cohort,ridge,1683,7060047060,0.44087707368667267,0.4168511776775441
raw_common_cohort,ridge,169,7060013560,0.5358492196096671,0.5342868232015164
raw_common_cohort,ridge,1691,7060047060,0.11616721478804654,0.2624366575452275
raw_common_cohort,ridge,1699,7060047060,0.10173478820258915,0.2044363086769942
raw_common_cohort,ridge,1703,7060047060,0.716660099941124,0.526208692039518
raw_common_cohort,ridge,1706,7060047060,0.14395730556039704,0.24123312716813633
raw_common_cohort,ridge,1707,7060047060,0.2516954924878223,0.37049823779073565
raw_common_cohort,ridge,1709,7060047060,0.09069195877190259,0.19208920615171377
raw_common_cohort,ridge,1712,7060047060,0.1190201878087824,0.27637113597744106
raw_common_cohort,ridge,1713,7060047060,0.2096398232608936,0.3472099903152607
raw_common_cohort,ridge,1714,7060047060,0.3091300571912571,0.35643048668578303
raw_common_cohort,ridge,1718,7060047060,0.44885605648942306,0.4592585543057538
raw_common_cohort,ridge,1723,7060047060,0.19395669459263004,0.2929865330453303
raw_common_cohort,ridge,1726,7060047060,0.10896403881507782,0.25730659030371617
raw_common_cohort,ridge,1735,7060047060,0.06979095290564989,0.22867747302256136
raw_common_cohort,ridge,1739,7060047060,0.29666539359342553,0.35439880974093435
raw_common_cohort,ridge,1740,7060047060,0.1758207414989661,0.24386494342408174
raw_common_cohort,ridge,1741,7060047060,0.3534252217323681,0.34824326506235453
raw_common_cohort,ridge,1742,7060047060,0.08480826170244422,0.21886856838655086
raw_common_cohort,ridge,1744,7060047060,0.2387276522901479,0.30069353436440815
raw_common_cohort,ridge,1752,7060047060,0.0302958959256767,0.146264725430361
raw_common_cohort,ridge,1753,7060047060,0.034264448408433124,0.20288556279386863
raw_common_cohort,ridge,1755,7060047060,0.5562673086774179,0.41632743242779424
raw_common_cohort,ridge,1761,7060042310,0.27724474371309005,0.20856812543498426
raw_common_cohort,ridge,1768,7060047060,0.01211858013282131,0.14394706560570453
raw_common_cohort,ridge,1776,7060043090,0.0855439313352062,0.08396512910320159
raw_common_cohort,ridge,1777,7060047060,0.30228136103486564,0.3334792955879873
raw_common_cohort,ridge,182,7060013550,0.18271699961023843,0.19389873068966207
raw_common_cohort,ridge,1848,7060047060,0.5028227720001452,0.4064237061734876
raw_common_cohort,ridge,1851,7060043500,0.16275547134539953,0.18254498803295954
raw_common_cohort,ridge,1864,7060047060,0.5453666496134132,0.41635700509809087
raw_common_cohort,ridge,1869,7060047060,0.6497507178945514,0.5111089369224204
raw_common_cohort,ridge,1879,7060043160,0.5747260555684761,0.4051660077063431
raw_common_cohort,ridge,1883,7060043640,0.2594859396710334,0.2274178960595329
raw_common_cohort,ridge,191,7060013550,0.24386640433051454,0.2887475079074895
raw_common_cohort,ridge,198,7060013550,0.30894982013781086,0.31172337073174194
raw_common_cohort,ridge,204,7060013550,0.3066385469683326,0.33486337746197814
raw_common_cohort,ridge,292,7060022240,0.44893864747877954,0.33695249333586547
raw_common_cohort,ridge,307,7060047060,0.13710457100078935,0.21430154605034496
raw_common_cohort,ridge,310,7060014930,0.06279365977724899,0.07041362925398281
raw_common_cohort,ridge,316,7060014930,0.2222499551419378,0.2242465751319096
raw_common_cohort,ridge,319,7060047060,0.23881827227462005,0.3245783159286369
raw_common_cohort,ridge,355,7060047060,0.12340187249362164,0.24012781445151538
raw_common_cohort,ridge,361,7060014930,0.10836787673158613,0.1591296674479053
raw_common_cohort,ridge,362,7060047060,0.3841607485850629,0.46212761069837166
raw_common_cohort,ridge,364,7060047060,0.16250170400561625,0.19533402747182474
raw_common_cohort,ridge,368,7060047060,0.41289960337289583,0.41981258627065415
raw_common_cohort,ridge,372,7060014930,0.2942816619350156,0.3409967647494171
raw_common_cohort,ridge,373,7060047060,0.37558270113787345,0.44692653069919563
raw_common_cohort,ridge,384,7060014930,0.3030019109094392,0.29822475148008526
raw_common_cohort,ridge,386,7060014930,0.572864021275219,0.5060665436595668
raw_common_cohort,ridge,391,7060014930,0.11630684303528308,0.16400915215513773
raw_common_cohort,ridge,393,7060047060,0.22427692059245702,0.2984653189863975
raw_common_cohort,ridge,398,7060047060,0.2627616778487855,0.3207639186711165
raw_common_cohort,ridge,41,7060016090,0.30546303515284856,0.2518028621616848
raw_common_cohort,ridge,413,7060014930,0.015188338602546802,0.08110583379435568
raw_common_cohort,ridge,415,7060047060,0.0745806789865424,0.1734168381988432
raw_common_cohort,ridge,416,7060047060,0.17890221425805486,0.2174383876769585
raw_common_cohort,ridge,419,7060008710,0.44082065466842046,0.45630227379312904
raw_common_cohort,ridge,42,7060016090,0.366221789192078,0.28187146414528386
raw_common_cohort,ridge,421,7060047060,0.25493325998242067,0.4154787141191734
raw_common_cohort,ridge,423,7060008710,0.26117307204484375,0.3005914452024694
raw_common_cohort,ridge,442,7060073620,0.2752968810628519,0.2881213396439968
raw_common_cohort,ridge,445,7060008710,0.224138830757966,0.31939151916281483
raw_common_cohort,ridge,448,7060008710,0.22416607699504454,0.3012891039594048
raw_common_cohort,ridge,449,7060073620,0.4238798871954068,0.36898548503293105
raw_common_cohort,ridge,451,7060008710,0.22090927233216076,0.13822080054666963
raw_common_cohort,ridge,456,7060073620,0.25605914571423927,0.22535095139450112
raw_common_cohort,ridge,467,7060073620,0.5064303907785369,0.4211423478770631
raw_common_cohort,ridge,469,7060008710,0.45052235055286904,0.4195020040658826
raw_common_cohort,ridge,470,7060008710,0.31479673590326607,0.38581944670061497
raw_common_cohort,ridge,477,7060073620,0.2528298707120241,0.25793620083430346
raw_common_cohort,ridge,488,7060008710,0.28199738486015824,0.3189790388372199
raw_common_cohort,ridge,497,7060008710,0.2464086886680948,0.3457685098190415
raw_common_cohort,ridge,500,7060047060,0.3562560410703974,0.38030985297683323
raw_common_cohort,ridge,502,7060008710,0.30211006397508533,0.23900592401524912
raw_common_cohort,ridge,505,7060047060,0.23924474713225585,0.2501767486440806
raw_common_cohort,ridge,509,7060008710,0.09916879377383866,0.2808421750993361
raw_common_cohort,ridge,511,7060047060,0.08440368437655454,0.28358012265639637
raw_common_cohort,ridge,517,7060008710,0.3486366875331364,0.35366033429221166
raw_common_cohort,ridge,518,7060008710,0.5042386268704302,0.4739045379940019
raw_common_cohort,ridge,522,7060047060,0.07026054013384717,0.2063973430829412
raw_common_cohort,ridge,524,7060073920,0.28463745446912436,0.5806077560023071
raw_common_cohort,ridge,530,7060047060,0.24882327314142194,0.25781330860798585
raw_common_cohort,ridge,531,7060008710,0.19126019666584598,0.31857432483662973
raw_common_cohort,ridge,533,7060047060,0.06207667745984695,0.1709413027954601
raw_common_cohort,ridge,536,7060008710,0.25553116336390597,0.2527182693879263
raw_common_cohort,ridge,541,7060008710,0.33512067960589664,0.3497804743228552
raw_common_cohort,ridge,542,7060008710,0.021829390999163038,0.07648090276555441
raw_common_cohort,ridge,549,7060008710,0.17266983428947952,0.15881081274512807
raw_common_cohort,ridge,55,7060014930,0.2855472312792672,0.26677073521156147
raw_common_cohort,ridge,567,7060008710,0.6598461853590809,0.562960405930823
raw_common_cohort,ridge,57,7060014930,0.3434381800795077,0.3343524753631825
raw_common_cohort,ridge,574,7060008710,0.4025920589861338,0.4474530866484597
raw_common_cohort,ridge,575,7060008710,0.3423624117302833,0.4152916966419671
raw_common_cohort,ridge,595,7060013550,0.10828677413827531,0.19791241522551128
raw_common_cohort,ridge,597,7060008710,0.504672677607412,0.3835594023296701
raw_common_cohort,ridge,60,7060014930,0.2041065565749272,0.246727788624706
raw_common_cohort,ridge,600,7060013550,0.2973337878686663,0.29699989983761665
raw_common_cohort,ridge,601,7060008710,0.3984804482743115,0.328029583335658
raw_common_cohort,ridge,612,7060013550,0.11004515406213367,0.20461815331773464
raw_common_cohort,ridge,63,7060014930,0.2689459370149505,0.30656290067876024
raw_common_cohort,ridge,7308,7060043500,0.17291437604455698,0.1146475914538077
raw_common_cohort,ridge,7313,7060047060,0.18782556894938995,0.25082813277073024
raw_common_cohort,ridge,7318,7060047060,0.01404860943222809,0.1378218878653668
raw_common_cohort,ridge,753,7060047060,0.15216346333752714,0.25229759397966134
raw_common_cohort,ridge,870,7060047060,0.05984246578898476,0.21218822473710974
raw_common_cohort,ridge,882,7060047060,0.07469940515764761,0.19460404165458697
raw_common_cohort,ridge,884,7060047060,0.0763158000949986,0.13888553908872692
raw_common_cohort,ridge,885,7060047060,0.06626214192426286,0.1938219025462295
raw_common_cohort,ridge,895,7060047060,0.014271387481084304,0.11062775855073201
raw_common_cohort,ridge,898,7060047060,0.4804827463621658,0.5112526516072623
raw_common_cohort,ridge,920,7060047060,0.010603340710536624,0.13411079139814217
raw_common_cohort,ridge,931,7060047060,1.2472731177871326,0.5747410257546544
raw_common_cohort,ridge,938,7060047060,0.38426009158298446,0.618234111144327
raw_common_cohort,rf,1017,7060047060,0.39350694741793457,0.34672379641587747
raw_common_cohort,rf,1026,7060047060,0.27047730320991026,0.33516993278484697
raw_common_cohort,rf,1033,7060047060,0.34903146806745766,0.37432964221072834
raw_common_cohort,rf,1036,7060047060,0.20717264498721943,0.2579829404625853
raw_common_cohort,rf,1042,7060047060,0.3236531161741061,0.3712698554913116
raw_common_cohort,rf,1067,7060047060,0.6167405131405999,0.37692813062355357
raw_common_cohort,rf,1086,7060049270,1.1065786202138204,0.45643279934273195
raw_common_cohort,rf,1092,7060047060,0.6010081256172075,0.37744817043954365
raw_common_cohort,rf,1101,7060047060,0.5979508334437655,0.3473879216659785
raw_common_cohort,rf,1112,7060047060,0.4993501914700653,0.3698246789311769
raw_common_cohort,rf,1121,7060047060,0.32837844858050913,0.3189407435123708
raw_common_cohort,rf,1122,7060047060,0.5217491049159911,0.36848313685112905
raw_common_cohort,rf,1125,7060047060,0.32837844858050913,0.3189407435123708
raw_common_cohort,rf,1127,7060047060,0.5663454133318315,0.3739372442540494
raw_common_cohort,rf,114,7060014340,0.28504764230307755,0.4296453497243884
raw_common_cohort,rf,1151,7060047970,0.5843168922743912,0.4597308568331955
raw_common_cohort,rf,1192,7060047060,0.16430907051601795,0.21709489561875336
raw_common_cohort,rf,1237,7060047970,0.6706848696134027,0.5213274642941231
raw_common_cohort,rf,1249,7060048410,1.1752645856080293,0.537281022890146
raw_common_cohort,rf,131,7060014200,0.27333918635913207,0.2878446922481043
raw_common_cohort,rf,132,7060013550,0.22046421488839568,0.1500377255278952
raw_common_cohort,rf,133,7060013550,0.0872185410310191,0.0815417519040053
raw_common_cohort,rf,148,7060013550,0.21833227848872927,0.21571076644924722
raw_common_cohort,rf,1586,7060047060,0.10904752528982808,0.24452731647118647
raw_common_cohort,rf,1587,7060047060,0.2799957740271275,0.33434843052078933
raw_common_cohort,rf,1592,7060047060,0.34382574108077185,0.2571614381985277
raw_common_cohort,rf,1595,7060047060,0.10842850910012612,0.24088222753952157
raw_common_cohort,rf,1600,7060047060,0.16390038915031843,0.24562404561251905
raw_common_cohort,rf,1617,7060047060,0.26566128757157614,0.34191786158910054
raw_common_cohort,rf,1619,7060047060,0.14994540981136933,0.2920829589670749
raw_common_cohort,rf,1620,7060047060,0.27244922316425124,0.33802668141260356
raw_common_cohort,rf,1631,7060047060,0.13586625120138024,0.2579048205142514
raw_common_cohort,rf,1634,7060047060,0.1758207414989661,0.24452731647118647
raw_common_cohort,rf,1636,7060047060,0.37686352202262224,0.3467167974085259
raw_common_cohort,rf,1645,7060047060,0.46880108927990805,0.36848313685112905
raw_common_cohort,rf,1650,7060047060,0.1902835665834986,0.3368893393806423
raw_common_cohort,rf,1654,7060047060,0.4581723993322289,0.36848313685112905
raw_common_cohort,rf,1655,7060047060,0.27903405496887934,0.3400520020262085
raw_common_cohort,rf,1656,7060047060,0.2013737127912082,0.2440072766551964
raw_common_cohort,rf,1683,7060047060,0.44087707368667267,0.36777918914144847
raw_common_cohort,rf,169,7060013560,0.5358492196096671,0.4559017762807786
raw_common_cohort,rf,1691,7060047060,0.11616721478804654,0.24302184241948857
raw_common_cohort,rf,1699,7060047060,0.10173478820258915,0.24128547930787075
raw_common_cohort,rf,1703,7060047060,0.716660099941124,0.3734172044380593
raw_common_cohort,rf,1706,7060047060,0.14395730556039704,0.24362515303952853
raw_common_cohort,rf,1707,7060047060,0.2516954924878223,0.3346498929688569
raw_common_cohort,rf,1709,7060047060,0.09069195877190259,0.24128547930787075
raw_common_cohort,rf,1712,7060047060,0.1190201878087824,0.24362515303952853
raw_common_cohort,rf,1713,7060047060,0.2096398232608936,0.31238250117622185
raw_common_cohort,rf,1714,7060047060,0.3091300571912571,0.3439260826509898
raw_common_cohort,rf,1718,7060047060,0.44885605648942306,0.36848313685112905
raw_common_cohort,rf,1723,7060047060,0.19395669459263004,0.25607384480012846
raw_common_cohort,rf,1726,7060047060,0.10896403881507782,0.24362515303952853
raw_common_cohort,rf,1735,7060047060,0.06979095290564989,0.24482877891925406
raw_common_cohort,rf,1739,7060047060,0.29666539359342553,0.32324122494681645
raw_common_cohort,rf,1740,7060047060,0.1758207414989661,0.24452731647118647
raw_common_cohort,rf,1741,7060047060,0.3534252217323681,0.34467676286065924
raw_common_cohort,rf,1742,7060047060,0.08480826170244422,0.22041063539211433
raw_common_cohort,rf,1744,7060047060,0.2387276522901479,0.231650364049227
raw_common_cohort,rf,1752,7060047060,0.0302958959256767,0.21030909352212068
raw_common_cohort,rf,1753,7060047060,0.034264448408433124,0.2097890537061306
raw_common_cohort,rf,1755,7060047060,0.5562673086774179,0.3688443955511849
raw_common_cohort,rf,1761,7060042310,0.27724474371309005,0.21853235510427307
raw_common_cohort,rf,1768,7060047060,0.01211858013282131,0.2136242413624554
raw_common_cohort,rf,1776,7060043090,0.0855439313352062,0.09009008465437734
raw_common_cohort,rf,1777,7060047060,0.30228136103486564,0.31883791265973443
raw_common_cohort,rf,182,7060013550,0.18271699961023843,0.21262015869565215
raw_common_cohort,rf,1848,7060047060,0.5028227720001452,0.34786586778711137
raw_common_cohort,rf,1851,7060043500,0.16275547134539953,0.17005207787660312
raw_common_cohort,rf,1864,7060047060,0.5453666496134132,0.34795376421743723
raw_common_cohort,rf,1869,7060047060,0.6497507178945514,0.344973586503595
raw_common_cohort,rf,1879,7060043160,0.5747260555684761,0.37924018336669696
raw_common_cohort,rf,1883,7060043640,0.2594859396710334,0.20298444539740781
raw_common_cohort,rf,191,7060013550,0.24386640433051454,0.32848257031887207
raw_common_cohort,rf,198,7060013550,0.30894982013781086,0.31351576344375715
raw_common_cohort,rf,204,7060013550,0.3066385469683326,0.3190951806715035
raw_common_cohort,rf,292,7060022240,0.44893864747877954,0.41101850094441394
raw_common_cohort,rf,307,7060047060,0.13710457100078935,0.2347272370492604
raw_common_cohort,rf,310,7060014930,0.06279365977724899,0.08797546059383013
raw_common_cohort,rf,316,7060014930,0.2222499551419378,0.24616591301025337
raw_common_cohort,rf,319,7060047060,0.23881827227462005,0.33072127736458556
raw_common_cohort,rf,355,7060047060,0.12340187249362164,0.23338569496921274
raw_common_cohort,rf,361,7060014930,0.10836787673158613,0.17198294436649295
raw_common_cohort,rf,362,7060047060,0.3841607485850629,0.35774643178111937
raw_common_cohort,rf,364,7060047060,0.16250170400561625,0.23338569496921274
raw_common_cohort,rf,368,7060047060,0.41289960337289583,0.3865691189889918
raw_common_cohort,rf,372,7060014930,0.2942816619350156,0.31754660955826697
raw_common_cohort,rf,373,7060047060,0.37558270113787345,0.3832874788270821
raw_common_cohort,rf,384,7060014930,0.3030019109094392,0.2976081149057752
raw_common_cohort,rf,386,7060014930,0.572864021275219,0.448032773213774
raw_common_cohort,rf,391,7060014930,0.11630684303528308,0.14567263714786516
raw_common_cohort,rf,393,7060047060,0.22427692059245702,0.2908763519546636
raw_common_cohort,rf,398,7060047060,0.2627616778487855,0.3042585913150254
raw_common_cohort,rf,41,7060016090,0.30546303515284856,0.2895741247290705
raw_common_cohort,rf,413,7060014930,0.015188338602546802,0.1136094540270676
raw_common_cohort,rf,415,7060047060,0.0745806789865424,0.24188686383036853
raw_common_cohort,rf,416,7060047060,0.17890221425805486,0.2344715773366616
raw_common_cohort,rf,419,7060008710,0.44082065466842046,0.4548797674668221
raw_common_cohort,rf,42,7060016090,0.366221789192078,0.330030932964836
raw_common_cohort,rf,421,7060047060,0.25493325998242067,0.3825438307698958
raw_common_cohort,rf,423,7060008710,0.26117307204484375,0.31975474165747425
raw_common_cohort,rf,442,7060073620,0.2752968810628519,0.33435942105842015
raw_common_cohort,rf,445,7060008710,0.224138830757966,0.2777007413234681
raw_common_cohort,rf,448,7060008710,0.22416607699504454,0.24920062823236336
raw_common_cohort,rf,449,7060073620,0.4238798871954068,0.43391173360790375
raw_common_cohort,rf,451,7060008710,0.22090927233216076,0.1369680280760845
raw_common_cohort,rf,456,7060073620,0.25605914571423927,0.2499890552008822
raw_common_cohort,rf,467,7060073620,0.5064303907785369,0.43140088532873244
raw_common_cohort,rf,469,7060008710,0.45052235055286904,0.41913121025938793
raw_common_cohort,rf,470,7060008710,0.31479673590326607,0.3162671474658717
raw_common_cohort,rf,477,7060073620,0.2528298707120241,0.2574250879483765
raw_common_cohort,rf,488,7060008710,0.28199738486015824,0.29818167228271536
raw_common_cohort,rf,497,7060008710,0.2464086886680948,0.333059964750556
raw_common_cohort,rf,500,7060047060,0.3562560410703974,0.3832874788270821
raw_common_cohort,rf,502,7060008710,0.30211006397508533,0.24782009552966167
raw_common_cohort,rf,505,7060047060,0.23924474713225585,0.24601981669655398
raw_common_cohort,rf,509,7060008710,0.09916879377383866,0.2612114058582958
raw_common_cohort,rf,511,7060047060,0.08440368437655454,0.25970124669136596
raw_common_cohort,rf,517,7060008710,0.3486366875331364,0.34086593996980824
raw_common_cohort,rf,518,7060008710,0.5042386268704302,0.42918250409746794
raw_common_cohort,rf,522,7060047060,0.07026054013384717,0.2344715773366616
raw_common_cohort,rf,524,7060073920,0.28463745446912436,0.4894487875698125
raw_common_cohort,rf,530,7060047060,0.24882327314142194,0.2579182004841974
raw_common_cohort,rf,531,7060008710,0.19126019666584598,0.2768337942296268
raw_common_cohort,rf,533,7060047060,0.06207667745984695,0.23338569496921274
raw_common_cohort,rf,536,7060008710,0.25553116336390597,0.2583142971269255
raw_common_cohort,rf,541,7060008710,0.33512067960589664,0.35153559418084507
raw_common_cohort,rf,542,7060008710,0.021829390999163038,0.09165436324089167
raw_common_cohort,rf,549,7060008710,0.17266983428947952,0.1520401061096364
raw_common_cohort,rf,55,7060014930,0.2855472312792672,0.3198125708555496
raw_common_cohort,rf,567,7060008710,0.6598461853590809,0.46114788660638745
raw_common_cohort,rf,57,7060014930,0.3434381800795077,0.3441423934699814
raw_common_cohort,rf,574,7060008710,0.4025920589861338,0.41922633212107735
raw_common_cohort,rf,575,7060008710,0.3423624117302833,0.41956551398662634
raw_common_cohort,rf,595,7060013550,0.10828677413827531,0.21754477376760226
raw_common_cohort,rf,597,7060008710,0.504672677607412,0.41516317272023395
raw_common_cohort,rf,60,7060014930,0.2041065565749272,0.2896117801587413
raw_common_cohort,rf,600,7060013550,0.2973337878686663,0.32528427392032944
raw_common_cohort,rf,601,7060008710,0.3984804482743115,0.3500118739896327
raw_common_cohort,rf,612,7060013550,0.11004515406213367,0.16969450922007648
raw_common_cohort,rf,63,7060014930,0.2689459370149505,0.32028211380801413
raw_common_cohort,rf,7308,7060043500,0.17291437604455698,0.11080893161006149
raw_common_cohort,rf,7313,7060047060,0.18782556894938995,0.24501288446575503
raw_common_cohort,rf,7318,7060047060,0.01404860943222809,0.23300357135354488
raw_common_cohort,rf,753,7060047060,0.15216346333752714,0.2800468842661305
raw_common_cohort,rf,870,7060047060,0.05984246578898476,0.24545768050539163
raw_common_cohort,rf,882,7060047060,0.07469940515764761,0.2136242413624554
raw_common_cohort,rf,884,7060047060,0.0763158000949986,0.20965176498463867
raw_common_cohort,rf,885,7060047060,0.06626214192426286,0.21164830954667851
raw_common_cohort,rf,895,7060047060,0.014271387481084304,0.20908592243317994
raw_common_cohort,rf,898,7060047060,0.4804827463621658,0.358567934045177
raw_common_cohort,rf,920,7060047060,0.010603340710536624,0.20966261175852247
raw_common_cohort,rf,931,7060047060,1.2472731177871326,0.3614486155847451
raw_common_cohort,rf,938,7060047060,0.38426009158298446,0.37039052148263557
gap1_common_cohort,mean,1017,7060047060,0.39350694741793457,0.3014531684708652
gap1_common_cohort,mean,1026,7060047060,0.27047730320991026,0.3014531684708652
gap1_common_cohort,mean,1033,7060047060,0.3492122023815647,0.3014531684708652
gap1_common_cohort,mean,1036,7060047060,0.20717264498721943,0.3014531684708652
gap1_common_cohort,mean,1042,7060047060,0.3236531161741061,0.3014531684708652
gap1_common_cohort,mean,1067,7060047060,0.6168662889042192,0.3014531684708652
gap1_common_cohort,mean,1086,7060049270,1.1066013206807137,0.27438472382879603
gap1_common_cohort,mean,1092,7060047060,0.6010100039936108,0.3014531684708652
gap1_common_cohort,mean,1101,7060047060,0.5979508334437655,0.3014531684708652
gap1_common_cohort,mean,1112,7060047060,0.4993501914700653,0.3014531684708652
gap1_common_cohort,mean,1121,7060047060,0.32837844858050913,0.3014531684708652
gap1_common_cohort,mean,1122,7060047060,0.5217491049159911,0.3014531684708652
gap1_common_cohort,mean,1125,7060047060,0.32837844858050913,0.3014531684708652
gap1_common_cohort,mean,1127,7060047060,0.5663464704659067,0.3014531684708652
gap1_common_cohort,mean,114,7060014340,0.2841010530976343,0.2744712735636145
gap1_common_cohort,mean,1151,7060047970,0.5843168922743912,0.2744712735636145
gap1_common_cohort,mean,1192,7060047060,0.16430907051601795,0.3014531684708652
gap1_common_cohort,mean,1237,7060047970,0.6706848696134027,0.2744712735636145
gap1_common_cohort,mean,1249,7060048410,1.1752645856080293,0.2800995585913363
gap1_common_cohort,mean,131,7060014200,0.281265956663137,0.27438472382879603
gap1_common_cohort,mean,132,7060013550,0.22073262558094145,0.2800995585913363
gap1_common_cohort,mean,133,7060013550,0.08731045177732724,0.2800995585913363
gap1_common_cohort,mean,148,7060013550,0.2190614565427998,0.2800995585913363
gap1_common_cohort,mean,1586,7060047060,0.10904752528982808,0.3014531684708652
gap1_common_cohort,mean,1587,7060047060,0.2799957740271275,0.3014531684708652
gap1_common_cohort,mean,1592,7060047060,0.34382574108077185,0.3014531684708652
gap1_common_cohort,mean,1595,7060047060,0.10883391873789357,0.3014531684708652
gap1_common_cohort,mean,1600,7060047060,0.16390038915031843,0.3014531684708652
gap1_common_cohort,mean,1617,7060047060,0.26566128757157614,0.3014531684708652
gap1_common_cohort,mean,1619,7060047060,0.14994540981136933,0.3014531684708652
gap1_common_cohort,mean,1620,7060047060,0.27244922316425124,0.3014531684708652
gap1_common_cohort,mean,1631,7060047060,0.13586625120138024,0.3014531684708652
gap1_common_cohort,mean,1634,7060047060,0.1758207414989661,0.3014531684708652
gap1_common_cohort,mean,1636,7060047060,0.37686352202262224,0.3014531684708652
gap1_common_cohort,mean,1645,7060047060,0.46880108927990805,0.3014531684708652
gap1_common_cohort,mean,1650,7060047060,0.1902835665834986,0.3014531684708652
gap1_common_cohort,mean,1654,7060047060,0.4581723993322289,0.3014531684708652
gap1_common_cohort,mean,1655,7060047060,0.27903405496887934,0.3014531684708652
gap1_common_cohort,mean,1656,7060047060,0.2013737127912082,0.3014531684708652
gap1_common_cohort,mean,1683,7060047060,0.44087707368667267,0.3014531684708652
gap1_common_cohort,mean,169,7060013560,0.5368847561181227,0.2744712735636145
gap1_common_cohort,mean,1691,7060047060,0.11616721478804654,0.3014531684708652
gap1_common_cohort,mean,1699,7060047060,0.10173478820258915,0.3014531684708652
gap1_common_cohort,mean,1703,7060047060,0.716660099941124,0.3014531684708652
gap1_common_cohort,mean,1706,7060047060,0.14394821276290282,0.3014531684708652
gap1_common_cohort,mean,1707,7060047060,0.2516954924878223,0.3014531684708652
gap1_common_cohort,mean,1709,7060047060,0.09069195877190259,0.3014531684708652
gap1_common_cohort,mean,1712,7060047060,0.1190438174824831,0.3014531684708652
gap1_common_cohort,mean,1713,7060047060,0.2096398232608936,0.3014531684708652
gap1_common_cohort,mean,1714,7060047060,0.3091300571912571,0.3014531684708652
gap1_common_cohort,mean,1718,7060047060,0.44885605648942306,0.3014531684708652
gap1_common_cohort,mean,1723,7060047060,0.1939799772989414,0.3014531684708652
gap1_common_cohort,mean,1726,7060047060,0.10896403881507782,0.3014531684708652
gap1_common_cohort,mean,1735,7060047060,0.06969792027437718,0.3014531684708652
gap1_common_cohort,mean,1739,7060047060,0.29666539359342553,0.3014531684708652
gap1_common_cohort,mean,1740,7060047060,0.1758207414989661,0.3014531684708652
gap1_common_cohort,mean,1741,7060047060,0.3534252217323681,0.3014531684708652
gap1_common_cohort,mean,1742,7060047060,0.08463019614034248,0.3014531684708652
gap1_common_cohort,mean,1744,7060047060,0.2387276522901479,0.3014531684708652
gap1_common_cohort,mean,1752,7060047060,0.03017830633154979,0.3014531684708652
gap1_common_cohort,mean,1753,7060047060,0.034264448408433124,0.3014531684708652
gap1_common_cohort,mean,1755,7060047060,0.5562673086774179,0.3014531684708652
gap1_common_cohort,mean,1761,7060042310,0.2777746491978774,0.27438472382879603
gap1_common_cohort,mean,1768,7060047060,0.01211858013282131,0.3014531684708652
gap1_common_cohort,mean,1776,7060043090,0.0855439313352062,0.2800995585913363
gap1_common_cohort,mean,1777,7060047060,0.30238192606453906,0.3014531684708652
gap1_common_cohort,mean,182,7060013550,0.18271699961023843,0.2800995585913363
gap1_common_cohort,mean,1848,7060047060,0.5028227720001452,0.3014531684708652
gap1_common_cohort,mean,1851,7060043500,0.16177516979790701,0.2744712735636145
gap1_common_cohort,mean,1864,7060047060,0.5453666496134132,0.3014531684708652
gap1_common_cohort,mean,1869,7060047060,0.6497507178945514,0.3014531684708652
gap1_common_cohort,mean,1879,7060043160,0.5747769495465672,0.27438472382879603
gap1_common_cohort,mean,1883,7060043640,0.2594859396710334,0.2744712735636145
gap1_common_cohort,mean,191,7060013550,0.24386640433051454,0.2800995585913363
gap1_common_cohort,mean,198,7060013550,0.3096217134039919,0.2800995585913363
gap1_common_cohort,mean,204,7060013550,0.30643246924406614,0.2800995585913363
gap1_common_cohort,mean,292,7060022240,0.4489520176137165,0.2744712735636145
gap1_common_cohort,mean,307,7060047060,0.13710457100078935,0.3014531684708652
gap1_common_cohort,mean,310,7060014930,0.06269236039805173,0.27438472382879603
gap1_common_cohort,mean,316,7060014930,0.2222499551419378,0.27438472382879603
gap1_common_cohort,mean,319,7060047060,0.23881827227462005,0.3014531684708652
gap1_common_cohort,mean,355,7060047060,0.12340187249362164,0.3014531684708652
gap1_common_cohort,mean,361,7060014930,0.10690243268063335,0.27438472382879603
gap1_common_cohort,mean,362,7060047060,0.3841607485850629,0.3014531684708652
gap1_common_cohort,mean,364,7060047060,0.16250170400561625,0.3014531684708652
gap1_common_cohort,mean,368,7060047060,0.41287948373993116,0.3014531684708652
gap1_common_cohort,mean,372,7060014930,0.2997359054367721,0.27438472382879603
gap1_common_cohort,mean,373,7060047060,0.37572110737773073,0.3014531684708652
gap1_common_cohort,mean,384,7060014930,0.30349832263261695,0.27438472382879603
gap1_common_cohort,mean,386,7060014930,0.5696518008854601,0.27438472382879603
gap1_common_cohort,mean,391,7060014930,0.11688702537736742,0.27438472382879603
gap1_common_cohort,mean,393,7060047060,0.2243235834336481,0.3014531684708652
gap1_common_cohort,mean,398,7060047060,0.2639900244115464,0.3014531684708652
gap1_common_cohort,mean,41,7060016090,0.3054506214634258,0.27438472382879603
gap1_common_cohort,mean,413,7060014930,0.015455173536212445,0.27438472382879603
gap1_common_cohort,mean,415,7060047060,0.0745806789865424,0.3014531684708652
gap1_common_cohort,mean,416,7060047060,0.17890221425805486,0.3014531684708652
gap1_common_cohort,mean,419,7060008710,0.4424144088749079,0.2745179816067394
gap1_common_cohort,mean,42,7060016090,0.3661877568923359,0.27438472382879603
gap1_common_cohort,mean,421,7060047060,0.25493325998242067,0.3014531684708652
gap1_common_cohort,mean,423,7060008710,0.2612522674047988,0.2745179816067394
gap1_common_cohort,mean,442,7060073620,0.27786195797784397,0.2744712735636145
gap1_common_cohort,mean,445,7060008710,0.22418420424496033,0.2745179816067394
gap1_common_cohort,mean,448,7060008710,0.22419325020668085,0.2745179816067394
gap1_common_cohort,mean,449,7060073620,0.4238280178254042,0.2744712735636145
gap1_common_cohort,mean,451,7060008710,0.22090927233216076,0.2745179816067394
gap1_common_cohort,mean,456,7060073620,0.2580378306762259,0.2744712735636145
gap1_common_cohort,mean,467,7060073620,0.5073133718431583,0.2744712735636145
gap1_common_cohort,mean,469,7060008710,0.4541648322981475,0.2745179816067394
gap1_common_cohort,mean,470,7060008710,0.3137507433958496,0.2745179816067394
gap1_common_cohort,mean,477,7060073620,0.2528298707120241,0.2744712735636145
gap1_common_cohort,mean,488,7060008710,0.2821341114616804,0.2745179816067394
gap1_common_cohort,mean,497,7060008710,0.2480763062136852,0.2745179816067394
gap1_common_cohort,mean,500,7060047060,0.35639739362759915,0.3014531684708652
gap1_common_cohort,mean,502,7060008710,0.30211006397508533,0.2745179816067394
gap1_common_cohort,mean,505,7060047060,0.2399902606826259,0.3014531684708652
gap1_common_cohort,mean,509,7060008710,0.09916879377383866,0.2745179816067394
gap1_common_cohort,mean,511,7060047060,0.08440368437655454,0.3014531684708652
gap1_common_cohort,mean,517,7060008710,0.3486032637503954,0.2745179816067394
gap1_common_cohort,mean,518,7060008710,0.5045465247101172,0.2745179816067394
gap1_common_cohort,mean,522,7060047060,0.07026054013384717,0.3014531684708652
gap1_common_cohort,mean,524,7060073920,0.28463745446912436,0.2800995585913363
gap1_common_cohort,mean,530,7060047060,0.24882327314142194,0.3014531684708652
gap1_common_cohort,mean,531,7060008710,0.1933547626435281,0.2745179816067394
gap1_common_cohort,mean,533,7060047060,0.06223182299231912,0.3014531684708652
gap1_common_cohort,mean,536,7060008710,0.25549517063393434,0.2745179816067394
gap1_common_cohort,mean,541,7060008710,0.33512067960589664,0.2745179816067394
gap1_common_cohort,mean,542,7060008710,0.021829390999163038,0.2745179816067394
gap1_common_cohort,mean,549,7060008710,0.17278534319406452,0.2745179816067394
gap1_common_cohort,mean,55,7060014930,0.28550609958557943,0.27438472382879603
gap1_common_cohort,mean,567,7060008710,0.659633722298465,0.2745179816067394
gap1_common_cohort,mean,57,7060014930,0.3398129536522196,0.27438472382879603
gap1_common_cohort,mean,574,7060008710,0.40241090498421794,0.2745179816067394
gap1_common_cohort,mean,575,7060008710,0.3423102148988813,0.2745179816067394
gap1_common_cohort,mean,595,7060013550,0.10813385174100312,0.2800995585913363
gap1_common_cohort,mean,597,7060008710,0.504672677607412,0.2745179816067394
gap1_common_cohort,mean,60,7060014930,0.2041065565749272,0.27438472382879603
gap1_common_cohort,mean,600,7060013550,0.29742355965391953,0.2800995585913363
gap1_common_cohort,mean,601,7060008710,0.3982437519679096,0.2745179816067394
gap1_common_cohort,mean,612,7060013550,0.11003303591192931,0.2800995585913363
gap1_common_cohort,mean,63,7060014930,0.2688342824391425,0.27438472382879603
gap1_common_cohort,mean,7308,7060043500,0.17790926935220205,0.2744712735636145
gap1_common_cohort,mean,7313,7060047060,0.18782556894938995,0.3014531684708652
gap1_common_cohort,mean,7318,7060047060,0.014004335310672859,0.3014531684708652
gap1_common_cohort,mean,753,7060047060,0.15216346333752714,0.3014531684708652
gap1_common_cohort,mean,870,7060047060,0.05984246578898476,0.3014531684708652
gap1_common_cohort,mean,882,7060047060,0.07472428851333776,0.3014531684708652
gap1_common_cohort,mean,884,7060047060,0.07621634147289033,0.3014531684708652
gap1_common_cohort,mean,885,7060047060,0.06624913146272371,0.3014531684708652
gap1_common_cohort,mean,895,7060047060,0.014271387481084304,0.3014531684708652
gap1_common_cohort,mean,898,7060047060,0.4804827463621658,0.3014531684708652
gap1_common_cohort,mean,920,7060047060,0.010603340710536624,0.3014531684708652
gap1_common_cohort,mean,931,7060047060,1.2429828978739201,0.3014531684708652
gap1_common_cohort,mean,938,7060047060,0.3816788907685503,0.3014531684708652
gap1_common_cohort,persistence,1017,7060047060,0.39350694741793457,0.32732625657686143
gap1_common_cohort,persistence,1026,7060047060,0.27047730320991026,0.2834168970340526
gap1_common_cohort,persistence,1033,7060047060,0.3492122023815647,0.33911868468061473
gap1_common_cohort,persistence,1036,7060047060,0.20717264498721943,0.21383819202015208
gap1_common_cohort,persistence,1042,7060047060,0.3236531161741061,0.3812739904689628
gap1_common_cohort,persistence,1067,7060047060,0.6168662889042192,0.5506501849189527
gap1_common_cohort,persistence,1086,7060049270,1.1066013206807137,0.8848431516750894
gap1_common_cohort,persistence,1092,7060047060,0.6010100039936108,0.5212600112783097
gap1_common_cohort,persistence,1101,7060047060,0.5979508334437655,0.48238399696401857
gap1_common_cohort,persistence,1112,7060047060,0.4993501914700653,0.38296951698055165
gap1_common_cohort,persistence,1121,7060047060,0.32837844858050913,0.25815139018932476
gap1_common_cohort,persistence,1122,7060047060,0.5217491049159911,0.45839296501237914
gap1_common_cohort,persistence,1125,7060047060,0.32837844858050913,0.25815139018932476
gap1_common_cohort,persistence,1127,7060047060,0.5663464704659067,0.4843791452026821
gap1_common_cohort,persistence,114,7060014340,0.2841010530976343,0.41899019829061046
gap1_common_cohort,persistence,1151,7060047970,0.5843168922743912,0.39937269564133215
gap1_common_cohort,persistence,1192,7060047060,0.16430907051601795,0.12311908521187284
gap1_common_cohort,persistence,1237,7060047970,0.6706848696134027,0.5579418713718229
gap1_common_cohort,persistence,1249,7060048410,1.1752645856080293,0.8786082927534192
gap1_common_cohort,persistence,131,7060014200,0.281265956663137,0.2633820855690807
gap1_common_cohort,persistence,132,7060013550,0.22073262558094145,0.1493315015289595
gap1_common_cohort,persistence,133,7060013550,0.08731045177732724,0.04671556580229824
gap1_common_cohort,persistence,148,7060013550,0.2190614565427998,0.1818934185219057
gap1_common_cohort,persistence,1586,7060047060,0.10904752528982808,0.13506777257551217
gap1_common_cohort,persistence,1587,7060047060,0.2799957740271275,0.27537901244813345
gap1_common_cohort,persistence,1592,7060047060,0.34382574108077185,0.21977552761039992
gap1_common_cohort,persistence,1595,7060047060,0.10883391873789357,0.04052037059224774
gap1_common_cohort,persistence,1600,7060047060,0.16390038915031843,0.14189920675046158
gap1_common_cohort,persistence,1617,7060047060,0.26566128757157614,0.31342708481125076
gap1_common_cohort,persistence,1619,7060047060,0.14994540981136933,0.2411145373293386
gap1_common_cohort,persistence,1620,7060047060,0.27244922316425124,0.29373950829282947
gap1_common_cohort,persistence,1631,7060047060,0.13586625120138024,0.20836567804383369
gap1_common_cohort,persistence,1634,7060047060,0.1758207414989661,0.14422797835809964
gap1_common_cohort,persistence,1636,7060047060,0.37686352202262224,0.48578499594909874
gap1_common_cohort,persistence,1645,7060047060,0.46880108927990805,0.4352714907165549
gap1_common_cohort,persistence,1650,7060047060,0.1902835665834986,0.29790227844638123
gap1_common_cohort,persistence,1654,7060047060,0.4581723993322289,0.44796201049184103
gap1_common_cohort,persistence,1655,7060047060,0.27903405496887934,0.2795508120545117
gap1_common_cohort,persistence,1656,7060047060,0.2013737127912082,0.1581455963637178
gap1_common_cohort,persistence,1683,7060047060,0.44087707368667267,0.38006640718230245
gap1_common_cohort,persistence,169,7060013560,0.5368847561181227,0.6426913241691263
gap1_common_cohort,persistence,1691,7060047060,0.11616721478804654,0.16906698920481789
gap1_common_cohort,persistence,1699,7060047060,0.10173478820258915,0.0932043910144893
gap1_common_cohort,persistence,1703,7060047060,0.716660099941124,0.6006220667118699
gap1_common_cohort,persistence,1706,7060047060,0.14394821276290282,0.13765369183842868
gap1_common_cohort,persistence,1707,7060047060,0.2516954924878223,0.29054549589074513
gap1_common_cohort,persistence,1709,7060047060,0.09069195877190259,0.06746998050513128
gap1_common_cohort,persistence,1712,7060047060,0.1190438174824831,0.14040051365660172
gap1_common_cohort,persistence,1713,7060047060,0.2096398232608936,0.28784117898830874
gap1_common_cohort,persistence,1714,7060047060,0.3091300571912571,0.3715533410694491
gap1_common_cohort,persistence,1718,7060047060,0.44885605648942306,0.4887165938297443
gap1_common_cohort,persistence,1723,7060047060,0.1939799772989414,0.2058555663805134
gap1_common_cohort,persistence,1726,7060047060,0.10896403881507782,0.12855630496026077
gap1_common_cohort,persistence,1735,7060047060,0.06969792027437718,0.08022106913608207
gap1_common_cohort,persistence,1739,7060047060,0.29666539359342553,0.30490781245337906
gap1_common_cohort,persistence,1740,7060047060,0.1758207414989661,0.14422797835809964
gap1_common_cohort,persistence,1741,7060047060,0.3534252217323681,0.30269984489098456
gap1_common_cohort,persistence,1742,7060047060,0.08463019614034248,0.08475095118718173
gap1_common_cohort,persistence,1744,7060047060,0.2387276522901479,0.21328782928822254
gap1_common_cohort,persistence,1752,7060047060,0.03017830633154979,0.04180743367016232
gap1_common_cohort,persistence,1753,7060047060,0.034264448408433124,0.12688018325062994
gap1_common_cohort,persistence,1755,7060047060,0.5562673086774179,0.4676057793716548
gap1_common_cohort,persistence,1761,7060042310,0.2777746491978774,0.2124143062172167
gap1_common_cohort,persistence,1768,7060047060,0.01211858013282131,0.019094588581639885
gap1_common_cohort,persistence,1776,7060043090,0.0855439313352062,0.04669715183213882
gap1_common_cohort,persistence,1777,7060047060,0.30238192606453906,0.29693573367983883
gap1_common_cohort,persistence,182,7060013550,0.18271699961023843,0.18876530730899535
gap1_common_cohort,persistence,1848,7060047060,0.5028227720001452,0.5055296456992726
gap1_common_cohort,persistence,1851,7060043500,0.16177516979790701,0.20064941007632994
gap1_common_cohort,persistence,1864,7060047060,0.5453666496134132,0.5237262413583994
gap1_common_cohort,persistence,1869,7060047060,0.6497507178945514,0.6825118324280082
gap1_common_cohort,persistence,1879,7060043160,0.5747769495465672,0.5557630083151025
gap1_common_cohort,persistence,1883,7060043640,0.2594859396710334,0.23033722735379167
gap1_common_cohort,persistence,191,7060013550,0.24386640433051454,0.3272170127162451
gap1_common_cohort,persistence,198,7060013550,0.3096217134039919,0.36319719976672726
gap1_common_cohort,persistence,204,7060013550,0.30643246924406614,0.37677171080243077
gap1_common_cohort,persistence,292,7060022240,0.4489520176137165,0.422031702342091
gap1_common_cohort,persistence,307,7060047060,0.13710457100078935,0.15470541289290046
gap1_common_cohort,persistence,310,7060014930,0.06269236039805173,0.06604083258205336
gap1_common_cohort,persistence,316,7060014930,0.2222499551419378,0.23956559273349093
gap1_common_cohort,persistence,319,7060047060,0.23881827227462005,0.25458913624304513
gap1_common_cohort,persistence,355,7060047060,0.12340187249362164,0.1511515807310599
gap1_common_cohort,persistence,361,7060014930,0.10690243268063335,0.11530586580286523
gap1_common_cohort,persistence,362,7060047060,0.3841607485850629,0.6821706073259356
gap1_common_cohort,persistence,364,7060047060,0.16250170400561625,0.1385491053591678
gap1_common_cohort,persistence,368,7060047060,0.41287948373993116,0.3822624243762034
gap1_common_cohort,persistence,372,7060014930,0.2997359054367721,0.3186127085341349
gap1_common_cohort,persistence,373,7060047060,0.37572110737773073,0.4707153146807739
gap1_common_cohort,persistence,384,7060014930,0.30349832263261695,0.2831345755642386
gap1_common_cohort,persistence,386,7060014930,0.5696518008854601,0.5279290440279005
gap1_common_cohort,persistence,391,7060014930,0.11688702537736742,0.14134578241455692
gap1_common_cohort,persistence,393,7060047060,0.2243235834336481,0.2318804158587709
gap1_common_cohort,persistence,398,7060047060,0.2639900244115464,0.23110315943195492
gap1_common_cohort,persistence,41,7060016090,0.3054506214634258,0.28046628020470366
gap1_common_cohort,persistence,413,7060014930,0.015455173536212445,0.026501662050484685
gap1_common_cohort,persistence,415,7060047060,0.0745806789865424,0.07569707632721556
gap1_common_cohort,persistence,416,7060047060,0.17890221425805486,0.14739472370243467
gap1_common_cohort,persistence,419,7060008710,0.4424144088749079,0.5067228757097753
gap1_common_cohort,persistence,42,7060016090,0.3661877568923359,0.33841626142315506
gap1_common_cohort,persistence,421,7060047060,0.25493325998242067,0.4036575656808902
gap1_common_cohort,persistence,423,7060008710,0.2612522674047988,0.3286078843081458
gap1_common_cohort,persistence,442,7060073620,0.27786195797784397,0.28720365758898037
gap1_common_cohort,persistence,445,7060008710,0.22418420424496033,0.25806845021736147
gap1_common_cohort,persistence,448,7060008710,0.22419325020668085,0.2339678963977953
gap1_common_cohort,persistence,449,7060073620,0.4238280178254042,0.50332272036719
gap1_common_cohort,persistence,451,7060008710,0.22090927233216076,0.13887653599825775
gap1_common_cohort,persistence,456,7060073620,0.2580378306762259,0.22183735196416857
gap1_common_cohort,persistence,467,7060073620,0.5073133718431583,0.447984528420496
gap1_common_cohort,persistence,469,7060008710,0.4541648322981475,0.4385296732251204
gap1_common_cohort,persistence,470,7060008710,0.3137507433958496,0.29247029044540684
gap1_common_cohort,persistence,477,7060073620,0.2528298707120241,0.3057929953627724
gap1_common_cohort,persistence,488,7060008710,0.2821341114616804,0.3884869185961532
gap1_common_cohort,persistence,497,7060008710,0.2480763062136852,0.3404241592828343
gap1_common_cohort,persistence,500,7060047060,0.35639739362759915,0.38630047334848966
gap1_common_cohort,persistence,502,7060008710,0.30211006397508533,0.22595826657260681
gap1_common_cohort,persistence,505,7060047060,0.2399902606826259,0.21416520673928122
gap1_common_cohort,persistence,509,7060008710,0.09916879377383866,0.2273475774338848
gap1_common_cohort,persistence,511,7060047060,0.08440368437655454,0.11561435636273784
gap1_common_cohort,persistence,517,7060008710,0.3486032637503954,0.37695929663298355
gap1_common_cohort,persistence,518,7060008710,0.5045465247101172,0.49171076257433743
gap1_common_cohort,persistence,522,7060047060,0.07026054013384717,0.11757612819764321
gap1_common_cohort,persistence,524,7060073920,0.28463745446912436,0.6056334554122743
gap1_common_cohort,persistence,530,7060047060,0.24882327314142194,0.22146285246209962
gap1_common_cohort,persistence,531,7060008710,0.1933547626435281,0.24581822900796518
gap1_common_cohort,persistence,533,7060047060,0.06223182299231912,0.07134165855925821
gap1_common_cohort,persistence,536,7060008710,0.25549517063393434,0.24688761792221703
gap1_common_cohort,persistence,541,7060008710,0.33512067960589664,0.3855330714681625
gap1_common_cohort,persistence,542,7060008710,0.021829390999163038,0.062185232801962954
gap1_common_cohort,persistence,549,7060008710,0.17278534319406452,0.1292560230060486
gap1_common_cohort,persistence,55,7060014930,0.28550609958557943,0.29859361974404636
gap1_common_cohort,persistence,567,7060008710,0.659633722298465,0.5680268671041969
gap1_common_cohort,persistence,57,7060014930,0.3398129536522196,0.39010191957263496
gap1_common_cohort,persistence,574,7060008710,0.40241090498421794,0.4539797516477301
gap1_common_cohort,persistence,575,7060008710,0.3423102148988813,0.45085252489575905
gap1_common_cohort,persistence,595,7060013550,0.10813385174100312,0.19201996238898328
gap1_common_cohort,persistence,597,7060008710,0.504672677607412,0.481298882047343
gap1_common_cohort,persistence,60,7060014930,0.2041065565749272,0.2663200574555232
gap1_common_cohort,persistence,600,7060013550,0.29742355965391953,0.29213311975886014
gap1_common_cohort,persistence,601,7060008710,0.3982437519679096,0.3477119930967742
gap1_common_cohort,persistence,612,7060013550,0.11003303591192931,0.15102517553182981
gap1_common_cohort,persistence,63,7060014930,0.2688342824391425,0.3629869753237469
gap1_common_cohort,persistence,7308,7060043500,0.17790926935220205,0.13826530043599297
gap1_common_cohort,persistence,7313,7060047060,0.18782556894938995,0.20539925152870275
gap1_common_cohort,persistence,7318,7060047060,0.014004335310672859,0.011668990812269998
gap1_common_cohort,persistence,753,7060047060,0.15216346333752714,0.2442817547925933
gap1_common_cohort,persistence,870,7060047060,0.05984246578898476,0.1978266320944444
gap1_common_cohort,persistence,882,7060047060,0.07472428851333776,0.12412121895290525
gap1_common_cohort,persistence,884,7060047060,0.07621634147289033,0.08302434995230637
gap1_common_cohort,persistence,885,7060047060,0.06624913146272371,0.18219446829248112
gap1_common_cohort,persistence,895,7060047060,0.014271387481084304,0.020511690869501536
gap1_common_cohort,persistence,898,7060047060,0.4804827463621658,0.7780275244548219
gap1_common_cohort,persistence,920,7060047060,0.010603340710536624,0.04751129309744815
gap1_common_cohort,persistence,931,7060047060,1.2429828978739201,0.9539932496405352
gap1_common_cohort,persistence,938,7060047060,0.3816788907685503,0.8636537084380709
gap1_common_cohort,ridge,1017,7060047060,0.39350694741793457,0.3907344008342828
gap1_common_cohort,ridge,1026,7060047060,0.27047730320991026,0.34960198012247834
gap1_common_cohort,ridge,1033,7060047060,0.3492122023815647,0.4208546469356803
gap1_common_cohort,ridge,1036,7060047060,0.20717264498721943,0.29186265827893554
gap1_common_cohort,ridge,1042,7060047060,0.3236531161741061,0.4101620439820381
gap1_common_cohort,ridge,1067,7060047060,0.6168662889042192,0.5319640500170301
gap1_common_cohort,ridge,1086,7060049270,1.1066013206807137,0.6948654789978664
gap1_common_cohort,ridge,1092,7060047060,0.6010100039936108,0.5175366311338542
gap1_common_cohort,ridge,1101,7060047060,0.5979508334437655,0.42332975793447547
gap1_common_cohort,ridge,1112,7060047060,0.4993501914700653,0.400175439787069
gap1_common_cohort,ridge,1121,7060047060,0.32837844858050913,0.325056852458431
gap1_common_cohort,ridge,1122,7060047060,0.5217491049159911,0.4642566452802799
gap1_common_cohort,ridge,1125,7060047060,0.32837844858050913,0.325056852458431
gap1_common_cohort,ridge,1127,7060047060,0.5663464704659067,0.48776803820179226
gap1_common_cohort,ridge,114,7060014340,0.2841010530976343,0.37984292099279143
gap1_common_cohort,ridge,1151,7060047970,0.5843168922743912,0.5095394660134399
gap1_common_cohort,ridge,1192,7060047060,0.16430907051601795,0.19457824058466983
gap1_common_cohort,ridge,1237,7060047970,0.6706848696134027,0.5111776569987898
gap1_common_cohort,ridge,1249,7060048410,1.1752645856080293,0.8885279528735088
gap1_common_cohort,ridge,131,7060014200,0.281265956663137,0.2530524343623226
gap1_common_cohort,ridge,132,7060013550,0.22073262558094145,0.15795189751540256
gap1_common_cohort,ridge,133,7060013550,0.08731045177732724,0.07579991509790601
gap1_common_cohort,ridge,148,7060013550,0.2190614565427998,0.1882660900141455
gap1_common_cohort,ridge,1586,7060047060,0.10904752528982808,0.27680754105503974
gap1_common_cohort,ridge,1587,7060047060,0.2799957740271275,0.33624373063212765
gap1_common_cohort,ridge,1592,7060047060,0.34382574108077185,0.3098422246236352
gap1_common_cohort,ridge,1595,7060047060,0.10883391873789357,0.19165405471297403
gap1_common_cohort,ridge,1600,7060047060,0.16390038915031843,0.26230059898122426
gap1_common_cohort,ridge,1617,7060047060,0.26566128757157614,0.33740992403120346
gap1_common_cohort,ridge,1619,7060047060,0.14994540981136933,0.3051336087461053
gap1_common_cohort,ridge,1620,7060047060,0.27244922316425124,0.303831729145586
gap1_common_cohort,ridge,1631,7060047060,0.13586625120138024,0.30300688484187915
gap1_common_cohort,ridge,1634,7060047060,0.1758207414989661,0.24464099768279618
gap1_common_cohort,ridge,1636,7060047060,0.37686352202262224,0.43287556691011103
gap1_common_cohort,ridge,1645,7060047060,0.46880108927990805,0.44059247786152406
gap1_common_cohort,ridge,1650,7060047060,0.1902835665834986,0.3523955987251778
gap1_common_cohort,ridge,1654,7060047060,0.4581723993322289,0.427204086574688
gap1_common_cohort,ridge,1655,7060047060,0.27903405496887934,0.35029607978389
gap1_common_cohort,ridge,1656,7060047060,0.2013737127912082,0.265693822244307
gap1_common_cohort,ridge,1683,7060047060,0.44087707368667267,0.4198187022461676
gap1_common_cohort,ridge,169,7060013560,0.5368847561181227,0.5427993098015049
gap1_common_cohort,ridge,1691,7060047060,0.11616721478804654,0.263336668246514
gap1_common_cohort,ridge,1699,7060047060,0.10173478820258915,0.20498408872020202
gap1_common_cohort,ridge,1703,7060047060,0.716660099941124,0.5291862400709618
gap1_common_cohort,ridge,1706,7060047060,0.14394821276290282,0.24197120448663467
gap1_common_cohort,ridge,1707,7060047060,0.2516954924878223,0.3720938600266731
gap1_common_cohort,ridge,1709,7060047060,0.09069195877190259,0.19272742313370564
gap1_common_cohort,ridge,1712,7060047060,0.1190438174824831,0.27785907252189274
gap1_common_cohort,ridge,1713,7060047060,0.2096398232608936,0.34853902832224803
gap1_common_cohort,ridge,1714,7060047060,0.3091300571912571,0.35759467680392476
gap1_common_cohort,ridge,1718,7060047060,0.44885605648942306,0.46107433579102597
gap1_common_cohort,ridge,1723,7060047060,0.1939799772989414,0.29401106652428227
gap1_common_cohort,ridge,1726,7060047060,0.10896403881507782,0.2585440272367687
gap1_common_cohort,ridge,1735,7060047060,0.06969792027437718,0.22933007905104724
gap1_common_cohort,ridge,1739,7060047060,0.29666539359342553,0.3559136361332572
gap1_common_cohort,ridge,1740,7060047060,0.1758207414989661,0.24464099768279618
gap1_common_cohort,ridge,1741,7060047060,0.3534252217323681,0.3499818252028907
gap1_common_cohort,ridge,1742,7060047060,0.08463019614034248,0.22000676467597105
gap1_common_cohort,ridge,1744,7060047060,0.2387276522901479,0.30292030154390215
gap1_common_cohort,ridge,1752,7060047060,0.03017830633154979,0.14630774675402214
gap1_common_cohort,ridge,1753,7060047060,0.034264448408433124,0.20315110935202474
gap1_common_cohort,ridge,1755,7060047060,0.5562673086774179,0.4168875370636745
gap1_common_cohort,ridge,1761,7060042310,0.2777746491978774,0.2032809497413704
gap1_common_cohort,ridge,1768,7060047060,0.01211858013282131,0.14425369592243523
gap1_common_cohort,ridge,1776,7060043090,0.0855439313352062,0.08394271752408228
gap1_common_cohort,ridge,1777,7060047060,0.30238192606453906,0.33940550449317297
gap1_common_cohort,ridge,182,7060013550,0.18271699961023843,0.19403836470036817
gap1_common_cohort,ridge,1848,7060047060,0.5028227720001452,0.40620105619143254
gap1_common_cohort,ridge,1851,7060043500,0.16177516979790701,0.17354867975364482
gap1_common_cohort,ridge,1864,7060047060,0.5453666496134132,0.4162680788110463
gap1_common_cohort,ridge,1869,7060047060,0.6497507178945514,0.51232659928356
gap1_common_cohort,ridge,1879,7060043160,0.5747769495465672,0.40548478554346057
gap1_common_cohort,ridge,1883,7060043640,0.2594859396710334,0.22745195683710223
gap1_common_cohort,ridge,191,7060013550,0.24386640433051454,0.2889963543286539
gap1_common_cohort,ridge,198,7060013550,0.3096217134039919,0.3116596749523634
gap1_common_cohort,ridge,204,7060013550,0.30643246924406614,0.33401984739145557
gap1_common_cohort,ridge,292,7060022240,0.4489520176137165,0.33693496953028684
gap1_common_cohort,ridge,307,7060047060,0.13710457100078935,0.2136313191131447
gap1_common_cohort,ridge,310,7060014930,0.06269236039805173,0.07031054693321803
gap1_common_cohort,ridge,316,7060014930,0.2222499551419378,0.22415901537414554
gap1_common_cohort,ridge,319,7060047060,0.23881827227462005,0.3254973947214493
gap1_common_cohort,ridge,355,7060047060,0.12340187249362164,0.23981567800178308
gap1_common_cohort,ridge,361,7060014930,0.10690243268063335,0.15725258812404652
gap1_common_cohort,ridge,362,7060047060,0.3841607485850629,0.46018067330197854
gap1_common_cohort,ridge,364,7060047060,0.16250170400561625,0.19479255548931335
gap1_common_cohort,ridge,368,7060047060,0.41287948373993116,0.40955679943283885
gap1_common_cohort,ridge,372,7060014930,0.2997359054367721,0.3422662087924535
gap1_common_cohort,ridge,373,7060047060,0.37572110737773073,0.4474726263049916
gap1_common_cohort,ridge,384,7060014930,0.30349832263261695,0.29836595712011865
gap1_common_cohort,ridge,386,7060014930,0.5696518008854601,0.5044898617863002
gap1_common_cohort,ridge,391,7060014930,0.11688702537736742,0.16450026196001716
gap1_common_cohort,ridge,393,7060047060,0.2243235834336481,0.29838761913703354
gap1_common_cohort,ridge,398,7060047060,0.2639900244115464,0.3215350068935382
gap1_common_cohort,ridge,41,7060016090,0.3054506214634258,0.25169251354782185
gap1_common_cohort,ridge,413,7060014930,0.015455173536212445,0.08093771215799386
gap1_common_cohort,ridge,415,7060047060,0.0745806789865424,0.1734422288911058
gap1_common_cohort,ridge,416,7060047060,0.17890221425805486,0.21692075773374636
gap1_common_cohort,ridge,419,7060008710,0.4424144088749079,0.4619733728467027
gap1_common_cohort,ridge,42,7060016090,0.3661877568923359,0.28198501680935434
gap1_common_cohort,ridge,421,7060047060,0.25493325998242067,0.4155591509348032
gap1_common_cohort,ridge,423,7060008710,0.2612522674047988,0.300717375570786
gap1_common_cohort,ridge,442,7060073620,0.27786195797784397,0.28484367726963405
gap1_common_cohort,ridge,445,7060008710,0.22418420424496033,0.3189680543278369
gap1_common_cohort,ridge,448,7060008710,0.22419325020668085,0.30129081722707274
gap1_common_cohort,ridge,449,7060073620,0.4238280178254042,0.36833974395107044
gap1_common_cohort,ridge,451,7060008710,0.22090927233216076,0.13824180582989976
gap1_common_cohort,ridge,456,7060073620,0.2580378306762259,0.22610499480931456
gap1_common_cohort,ridge,467,7060073620,0.5073133718431583,0.42167748450651243
gap1_common_cohort,ridge,469,7060008710,0.4541648322981475,0.43303196396496013
gap1_common_cohort,ridge,470,7060008710,0.3137507433958496,0.38375248375932003
gap1_common_cohort,ridge,477,7060073620,0.2528298707120241,0.2582583426022071
gap1_common_cohort,ridge,488,7060008710,0.2821341114616804,0.317262112284479
gap1_common_cohort,ridge,497,7060008710,0.2480763062136852,0.3463042282387562
gap1_common_cohort,ridge,500,7060047060,0.35639739362759915,0.3809427182022277
gap1_common_cohort,ridge,502,7060008710,0.30211006397508533,0.23903437680699832
gap1_common_cohort,ridge,505,7060047060,0.2399902606826259,0.25050886786052096
gap1_common_cohort,ridge,509,7060008710,0.09916879377383866,0.2816710631633245
gap1_common_cohort,ridge,511,7060047060,0.08440368437655454,0.2839130741564201
gap1_common_cohort,ridge,517,7060008710,0.3486032637503954,0.3539032370546979
gap1_common_cohort,ridge,518,7060008710,0.5045465247101172,0.47212879191909307
gap1_common_cohort,ridge,522,7060047060,0.07026054013384717,0.20598085193103743
gap1_common_cohort,ridge,524,7060073920,0.28463745446912436,0.5808319181702908
gap1_common_cohort,ridge,530,7060047060,0.24882327314142194,0.2575763612912832
gap1_common_cohort,ridge,531,7060008710,0.1933547626435281,0.3211306176035563
gap1_common_cohort,ridge,533,7060047060,0.06223182299231912,0.17080266220691734
gap1_common_cohort,ridge,536,7060008710,0.25549517063393434,0.2529514616333716
gap1_common_cohort,ridge,541,7060008710,0.33512067960589664,0.34995068546191155
gap1_common_cohort,ridge,542,7060008710,0.021829390999163038,0.07659664736351549
gap1_common_cohort,ridge,549,7060008710,0.17278534319406452,0.15899059214957456
gap1_common_cohort,ridge,55,7060014930,0.28550609958557943,0.2667305343282355
gap1_common_cohort,ridge,567,7060008710,0.659633722298465,0.5632761929939103
gap1_common_cohort,ridge,57,7060014930,0.3398129536522196,0.33409244159760093
gap1_common_cohort,ridge,574,7060008710,0.40241090498421794,0.4482914715057204
gap1_common_cohort,ridge,575,7060008710,0.3423102148988813,0.4155618725536094
gap1_common_cohort,ridge,595,7060013550,0.10813385174100312,0.1980173767801004
gap1_common_cohort,ridge,597,7060008710,0.504672677607412,0.3835378573579586
gap1_common_cohort,ridge,60,7060014930,0.2041065565749272,0.24687084217114208
gap1_common_cohort,ridge,600,7060013550,0.29742355965391953,0.29692309916492127
gap1_common_cohort,ridge,601,7060008710,0.3982437519679096,0.32824035129690265
gap1_common_cohort,ridge,612,7060013550,0.11003303591192931,0.2054570044539349
gap1_common_cohort,ridge,63,7060014930,0.2688342824391425,0.3061734047152335
gap1_common_cohort,ridge,7308,7060043500,0.17790926935220205,0.11879297939193711
gap1_common_cohort,ridge,7313,7060047060,0.18782556894938995,0.2503492847181588
gap1_common_cohort,ridge,7318,7060047060,0.014004335310672859,0.1379624701000079
gap1_common_cohort,ridge,753,7060047060,0.15216346333752714,0.25161360567057384
gap1_common_cohort,ridge,870,7060047060,0.05984246578898476,0.2115006292398719
gap1_common_cohort,ridge,882,7060047060,0.07472428851333776,0.19546036289485813
gap1_common_cohort,ridge,884,7060047060,0.07621634147289033,0.13869130047452036
gap1_common_cohort,ridge,885,7060047060,0.06624913146272371,0.1941664652531762
gap1_common_cohort,ridge,895,7060047060,0.014271387481084304,0.11048557632396336
gap1_common_cohort,ridge,898,7060047060,0.4804827463621658,0.5090425782924506
gap1_common_cohort,ridge,920,7060047060,0.010603340710536624,0.13432897436837982
gap1_common_cohort,ridge,931,7060047060,1.2429828978739201,0.5746349697252181
gap1_common_cohort,ridge,938,7060047060,0.3816788907685503,0.7440047252191659
gap1_common_cohort,rf,1017,7060047060,0.39350694741793457,0.3480697935721688
gap1_common_cohort,rf,1026,7060047060,0.27047730320991026,0.33660430340048514
gap1_common_cohort,rf,1033,7060047060,0.3492122023815647,0.3747527869851362
gap1_common_cohort,rf,1036,7060047060,0.20717264498721943,0.26624190306843404
gap1_common_cohort,rf,1042,7060047060,0.3236531161741061,0.3717512370174928
gap1_common_cohort,rf,1067,7060047060,0.6168662889042192,0.3767058724035024
gap1_common_cohort,rf,1086,7060049270,1.1066013206807137,0.45553640915297733
gap1_common_cohort,rf,1092,7060047060,0.6010100039936108,0.3772278676661535
gap1_common_cohort,rf,1101,7060047060,0.5979508334437655,0.34856669757262765
gap1_common_cohort,rf,1112,7060047060,0.4993501914700653,0.37033285881722255
gap1_common_cohort,rf,1121,7060047060,0.32837844858050913,0.3205139352818046
gap1_common_cohort,rf,1122,7060047060,0.5217491049159911,0.36901425528815024
gap1_common_cohort,rf,1125,7060047060,0.32837844858050913,0.3205139352818046
gap1_common_cohort,rf,1127,7060047060,0.5663464704659067,0.3744509003404029
gap1_common_cohort,rf,114,7060014340,0.2841010530976343,0.42925119361692887
gap1_common_cohort,rf,1151,7060047970,0.5843168922743912,0.45889338478584757
gap1_common_cohort,rf,1192,7060047060,0.16430907051601795,0.2165820188171017
gap1_common_cohort,rf,1237,7060047970,0.6706848696134027,0.5219730799306059
gap1_common_cohort,rf,1249,7060048410,1.1752645856080293,0.5368104478779266
gap1_common_cohort,rf,131,7060014200,0.281265956663137,0.290643799991823
gap1_common_cohort,rf,132,7060013550,0.22073262558094145,0.15030957715628057
gap1_common_cohort,rf,133,7060013550,0.08731045177732724,0.0808185818775441
gap1_common_cohort,rf,148,7060013550,0.2190614565427998,0.21532176034376643
gap1_common_cohort,rf,1586,7060047060,0.10904752528982808,0.24651355199086866
gap1_common_cohort,rf,1587,7060047060,0.2799957740271275,0.33580769513406394
gap1_common_cohort,rf,1592,7060047060,0.34382574108077185,0.2654452948020128
gap1_common_cohort,rf,1595,7060047060,0.10883391873789357,0.23968256558613152
gap1_common_cohort,rf,1600,7060047060,0.16390038915031843,0.2475755348107275
gap1_common_cohort,rf,1617,7060047060,0.26566128757157614,0.34326847862204624
gap1_common_cohort,rf,1619,7060047060,0.14994540981136933,0.29909250539404364
gap1_common_cohort,rf,1620,7060047060,0.27244922316425124,0.33941676228716317
gap1_common_cohort,rf,1631,7060047060,0.13586625120138024,0.25939174659450437
gap1_common_cohort,rf,1634,7060047060,0.1758207414989661,0.24651355199086866
gap1_common_cohort,rf,1636,7060047060,0.37686352202262224,0.34795186437475656
gap1_common_cohort,rf,1645,7060047060,0.46880108927990805,0.36901425528815024
gap1_common_cohort,rf,1650,7060047060,0.1902835665834986,0.3388913491832538
gap1_common_cohort,rf,1654,7060047060,0.4581723993322289,0.36901425528815024
gap1_common_cohort,rf,1655,7060047060,0.27903405496887934,0.34080686671911764
gap1_common_cohort,rf,1656,7060047060,0.2013737127912082,0.24599155672821754
gap1_common_cohort,rf,1683,7060047060,0.44087707368667267,0.3683063673002714
gap1_common_cohort,rf,169,7060013560,0.5368847561181227,0.459202796452257
gap1_common_cohort,rf,1691,7060047060,0.11616721478804654,0.24561823560174342
gap1_common_cohort,rf,1699,7060047060,0.10173478820258915,0.2400989599909635
gap1_common_cohort,rf,1703,7060047060,0.716660099941124,0.3739289050777518
gap1_common_cohort,rf,1706,7060047060,0.14394821276290282,0.24561823560174342
gap1_common_cohort,rf,1707,7060047060,0.2516954924878223,0.3360823081378341
gap1_common_cohort,rf,1709,7060047060,0.09069195877190259,0.2400989599909635
gap1_common_cohort,rf,1712,7060047060,0.1190438174824831,0.24561823560174342
gap1_common_cohort,rf,1713,7060047060,0.2096398232608936,0.3145390729181807
gap1_common_cohort,rf,1714,7060047060,0.3091300571912571,0.3451781527519186
gap1_common_cohort,rf,1718,7060047060,0.44885605648942306,0.36901425528815024
gap1_common_cohort,rf,1723,7060047060,0.1939799772989414,0.25855255530079413
gap1_common_cohort,rf,1726,7060047060,0.10896403881507782,0.24561823560174342
gap1_common_cohort,rf,1735,7060047060,0.06969792027437718,0.24678816499463882
gap1_common_cohort,rf,1739,7060047060,0.29666539359342553,0.3215717711754046
gap1_common_cohort,rf,1740,7060047060,0.1758207414989661,0.24651355199086866
gap1_common_cohort,rf,1741,7060047060,0.3534252217323681,0.34536307089223767
gap1_common_cohort,rf,1742,7060047060,0.08463019614034248,0.22311042308459683
gap1_common_cohort,rf,1744,7060047060,0.2387276522901479,0.24065308954760467
gap1_common_cohort,rf,1752,7060047060,0.03017830633154979,0.2099177949148389
gap1_common_cohort,rf,1753,7060047060,0.034264448408433124,0.21014301975807462
gap1_common_cohort,rf,1755,7060047060,0.5562673086774179,0.3693814173326825
gap1_common_cohort,rf,1761,7060042310,0.2777746491978774,0.1856708234930448
gap1_common_cohort,rf,1768,7060047060,0.01211858013282131,0.2143494307900702
gap1_common_cohort,rf,1776,7060043090,0.0855439313352062,0.09096612761574618
gap1_common_cohort,rf,1777,7060047060,0.30238192606453906,0.31969563046003724
gap1_common_cohort,rf,182,7060013550,0.18271699961023843,0.21318289081389385
gap1_common_cohort,rf,1848,7060047060,0.5028227720001452,0.3490456078475514
gap1_common_cohort,rf,1851,7060043500,0.16177516979790701,0.1663630881973463
gap1_common_cohort,rf,1864,7060047060,0.5453666496134132,0.34911549911575435
gap1_common_cohort,rf,1869,7060047060,0.6497507178945514,0.34620373873129495
gap1_common_cohort,rf,1879,7060043160,0.5747769495465672,0.38043795116230256
gap1_common_cohort,rf,1883,7060043640,0.2594859396710334,0.206500126558803
gap1_common_cohort,rf,191,7060013550,0.24386640433051454,0.32851783784242833
gap1_common_cohort,rf,198,7060013550,0.3096217134039919,0.3151772458192965
gap1_common_cohort,rf,204,7060013550,0.30643246924406614,0.3175405797562474
gap1_common_cohort,rf,292,7060022240,0.4489520176137165,0.41074930056151354
gap1_common_cohort,rf,307,7060047060,0.13710457100078935,0.23434275693076778
gap1_common_cohort,rf,310,7060014930,0.06269236039805173,0.08759398675585477
gap1_common_cohort,rf,316,7060014930,0.2222499551419378,0.24959267264996907
gap1_common_cohort,rf,319,7060047060,0.23881827227462005,0.32993615481405214
gap1_common_cohort,rf,355,7060047060,0.12340187249362164,0.2330241534016955
gap1_common_cohort,rf,361,7060014930,0.10690243268063335,0.17386411488471115
gap1_common_cohort,rf,362,7060047060,0.3841607485850629,0.3571217072472186
gap1_common_cohort,rf,364,7060047060,0.16250170400561625,0.2330241534016955
gap1_common_cohort,rf,368,7060047060,0.41287948373993116,0.3863264607825503
gap1_common_cohort,rf,372,7060014930,0.2997359054367721,0.3153725858433409
gap1_common_cohort,rf,373,7060047060,0.37572110737773073,0.3831400873943207
gap1_common_cohort,rf,384,7060014930,0.30349832263261695,0.29710340024065435
gap1_common_cohort,rf,386,7060014930,0.5696518008854601,0.44677798066802515
gap1_common_cohort,rf,391,7060014930,0.11688702537736742,0.14645247561815813
gap1_common_cohort,rf,393,7060047060,0.2243235834336481,0.278825333057037
gap1_common_cohort,rf,398,7060047060,0.2639900244115464,0.2947051147138851
gap1_common_cohort,rf,41,7060016090,0.3054506214634258,0.2901888470475702
gap1_common_cohort,rf,413,7060014930,0.015455173536212445,0.11536664357109748
gap1_common_cohort,rf,415,7060047060,0.0745806789865424,0.24078980478660605
gap1_common_cohort,rf,416,7060047060,0.17890221425805486,0.23409495020747326
gap1_common_cohort,rf,419,7060008710,0.4424144088749079,0.4397536540956291
gap1_common_cohort,rf,42,7060016090,0.3661877568923359,0.32653951285397187
gap1_common_cohort,rf,421,7060047060,0.25493325998242067,0.38239120105242175
gap1_common_cohort,rf,423,7060008710,0.2612522674047988,0.3201148738275037
gap1_common_cohort,rf,442,7060073620,0.27786195797784397,0.33058022932115866
gap1_common_cohort,rf,445,7060008710,0.22418420424496033,0.2798022879144947
gap1_common_cohort,rf,448,7060008710,0.22419325020668085,0.2524457862169433
gap1_common_cohort,rf,449,7060073620,0.4238280178254042,0.43178950079655787
gap1_common_cohort,rf,451,7060008710,0.22090927233216076,0.1393900779802187
gap1_common_cohort,rf,456,7060073620,0.2580378306762259,0.253450428098136
gap1_common_cohort,rf,467,7060073620,0.5073133718431583,0.42994158168754665
gap1_common_cohort,rf,469,7060008710,0.4541648322981475,0.4260047742422756
gap1_common_cohort,rf,470,7060008710,0.3137507433958496,0.30279895416931357
gap1_common_cohort,rf,477,7060073620,0.2528298707120241,0.2568679470003095
gap1_common_cohort,rf,488,7060008710,0.2821341114616804,0.29482109751091184
gap1_common_cohort,rf,497,7060008710,0.2480763062136852,0.32868815946971064
gap1_common_cohort,rf,500,7060047060,0.35639739362759915,0.3831400873943207
gap1_common_cohort,rf,502,7060008710,0.30211006397508533,0.2541555211168996
gap1_common_cohort,rf,505,7060047060,0.2399902606826259,0.25195589621283954
gap1_common_cohort,rf,509,7060008710,0.09916879377383866,0.2669360877672942
gap1_common_cohort,rf,511,7060047060,0.08440368437655454,0.2609842730318351
gap1_common_cohort,rf,517,7060008710,0.3486032637503954,0.3436652327163944
gap1_common_cohort,rf,518,7060008710,0.5045465247101172,0.42707549935042466
gap1_common_cohort,rf,522,7060047060,0.07026054013384717,0.23409495020747326
gap1_common_cohort,rf,524,7060073920,0.28463745446912436,0.4885706728290294
gap1_common_cohort,rf,530,7060047060,0.24882327314142194,0.2631330045235337
gap1_common_cohort,rf,531,7060008710,0.1933547626435281,0.2797371956481387
gap1_common_cohort,rf,533,7060047060,0.06223182299231912,0.2330241534016955
gap1_common_cohort,rf,536,7060008710,0.25549517063393434,0.26168482348180866
gap1_common_cohort,rf,541,7060008710,0.33512067960589664,0.3539796530953734
gap1_common_cohort,rf,542,7060008710,0.021829390999163038,0.09060090936656134
gap1_common_cohort,rf,549,7060008710,0.17278534319406452,0.15228155179320674
gap1_common_cohort,rf,55,7060014930,0.28550609958557943,0.31806228079639226
gap1_common_cohort,rf,567,7060008710,0.659633722298465,0.46021312396476505
gap1_common_cohort,rf,57,7060014930,0.3398129536522196,0.3430918582304349
gap1_common_cohort,rf,574,7060008710,0.40241090498421794,0.4199153128014638
gap1_common_cohort,rf,575,7060008710,0.3423102148988813,0.42015778275579035
gap1_common_cohort,rf,595,7060013550,0.10813385174100312,0.2168500222996523
gap1_common_cohort,rf,597,7060008710,0.504672677607412,0.4143402040601201
gap1_common_cohort,rf,60,7060014930,0.2041065565749272,0.29239221277900707
gap1_common_cohort,rf,600,7060013550,0.29742355965391953,0.32461689954730766
gap1_common_cohort,rf,601,7060008710,0.3982437519679096,0.34803913524277796
gap1_common_cohort,rf,612,7060013550,0.11003303591192931,0.1707540686593626
gap1_common_cohort,rf,63,7060014930,0.2688342824391425,0.3191237070267447
gap1_common_cohort,rf,7308,7060043500,0.17790926935220205,0.11369473787326319
gap1_common_cohort,rf,7313,7060047060,0.18782556894938995,0.2451618648343249
gap1_common_cohort,rf,7318,7060047060,0.014004335310672859,0.23265083227522132
gap1_common_cohort,rf,753,7060047060,0.15216346333752714,0.28471888830605485
gap1_common_cohort,rf,870,7060047060,0.05984246578898476,0.24613395351739867
gap1_common_cohort,rf,882,7060047060,0.07472428851333776,0.2139553503852673
gap1_common_cohort,rf,884,7060047060,0.07621634147289033,0.20998768618304184
gap1_common_cohort,rf,885,7060047060,0.06624913146272371,0.2120033848668214
gap1_common_cohort,rf,895,7060047060,0.014271387481084304,0.20943888463991517
gap1_common_cohort,rf,898,7060047060,0.4804827463621658,0.35791831551363984
gap1_common_cohort,rf,920,7060047060,0.010603340710536624,0.20997887219712294
gap1_common_cohort,rf,931,7060047060,1.2429828978739201,0.36194364333689927
gap1_common_cohort,rf,938,7060047060,0.3816788907685503,0.37088166036034925
gap3_common_cohort,mean,1017,7060047060,0.39350694741793457,0.30162679838268996
gap3_common_cohort,mean,1026,7060047060,0.27047730320991026,0.30162679838268996
gap3_common_cohort,mean,1033,7060047060,0.3492122023815647,0.30162679838268996
gap3_common_cohort,mean,1036,7060047060,0.20717264498721943,0.30162679838268996
gap3_common_cohort,mean,1042,7060047060,0.3236531161741061,0.30162679838268996
gap3_common_cohort,mean,1067,7060047060,0.6168662889042192,0.30162679838268996
gap3_common_cohort,mean,1086,7060049270,1.1066013206807137,0.27438526797742924
gap3_common_cohort,mean,1092,7060047060,0.6010100039936108,0.30162679838268996
gap3_common_cohort,mean,1101,7060047060,0.5969935721312235,0.30162679838268996
gap3_common_cohort,mean,1112,7060047060,0.499364886640837,0.30162679838268996
gap3_common_cohort,mean,1121,7060047060,0.32837844858050913,0.30162679838268996
gap3_common_cohort,mean,1122,7060047060,0.5217491049159911,0.30162679838268996
gap3_common_cohort,mean,1125,7060047060,0.32837844858050913,0.30162679838268996
gap3_common_cohort,mean,1127,7060047060,0.5663464704659067,0.30162679838268996
gap3_common_cohort,mean,114,7060014340,0.2835497731588931,0.2745215059747367
gap3_common_cohort,mean,1151,7060047970,0.5843168922743912,0.2745215059747367
gap3_common_cohort,mean,1192,7060047060,0.16432875978734707,0.30162679838268996
gap3_common_cohort,mean,1237,7060047970,0.6706848696134027,0.2745215059747367
gap3_common_cohort,mean,1249,7060048410,1.1752645856080293,0.28015103197308555
gap3_common_cohort,mean,131,7060014200,0.2997970051393829,0.27438526797742924
gap3_common_cohort,mean,132,7060013550,0.22073262558094145,0.28015103197308555
gap3_common_cohort,mean,133,7060013550,0.08665291594861925,0.28015103197308555
gap3_common_cohort,mean,148,7060013550,0.2190614565427998,0.28015103197308555
gap3_common_cohort,mean,1586,7060047060,0.10904752528982808,0.30162679838268996
gap3_common_cohort,mean,1587,7060047060,0.2799957740271275,0.30162679838268996
gap3_common_cohort,mean,1592,7060047060,0.34382574108077185,0.30162679838268996
gap3_common_cohort,mean,1595,7060047060,0.10879939687452436,0.30162679838268996
gap3_common_cohort,mean,1600,7060047060,0.16380715964146636,0.30162679838268996
gap3_common_cohort,mean,1617,7060047060,0.2658576019204949,0.30162679838268996
gap3_common_cohort,mean,1619,7060047060,0.14994540981136933,0.30162679838268996
gap3_common_cohort,mean,1620,7060047060,0.27244922316425124,0.30162679838268996
gap3_common_cohort,mean,1631,7060047060,0.13586625120138024,0.30162679838268996
gap3_common_cohort,mean,1634,7060047060,0.1758207414989661,0.30162679838268996
gap3_common_cohort,mean,1636,7060047060,0.377032521245479,0.30162679838268996
gap3_common_cohort,mean,1645,7060047060,0.46880108927990805,0.30162679838268996
gap3_common_cohort,mean,1650,7060047060,0.1902835665834986,0.30162679838268996
gap3_common_cohort,mean,1654,7060047060,0.4581723993322289,0.30162679838268996
gap3_common_cohort,mean,1655,7060047060,0.27903405496887934,0.30162679838268996
gap3_common_cohort,mean,1656,7060047060,0.2013737127912082,0.30162679838268996
gap3_common_cohort,mean,1683,7060047060,0.44087707368667267,0.30162679838268996
gap3_common_cohort,mean,169,7060013560,0.5371554728117666,0.2745215059747367
gap3_common_cohort,mean,1691,7060047060,0.11616721478804654,0.30162679838268996
gap3_common_cohort,mean,1699,7060047060,0.10173478820258915,0.30162679838268996
gap3_common_cohort,mean,1703,7060047060,0.716660099941124,0.30162679838268996
gap3_common_cohort,mean,1706,7060047060,0.14394821276290282,0.30162679838268996
gap3_common_cohort,mean,1707,7060047060,0.2516954924878223,0.30162679838268996
gap3_common_cohort,mean,1709,7060047060,0.09069195877190259,0.30162679838268996
gap3_common_cohort,mean,1712,7060047060,0.11904257815575439,0.30162679838268996
gap3_common_cohort,mean,1713,7060047060,0.20966152043998507,0.30162679838268996
gap3_common_cohort,mean,1714,7060047060,0.3091300571912571,0.30162679838268996
gap3_common_cohort,mean,1718,7060047060,0.44885605648942306,0.30162679838268996
gap3_common_cohort,mean,1723,7060047060,0.19382794094912292,0.30162679838268996
gap3_common_cohort,mean,1726,7060047060,0.10896403881507782,0.30162679838268996
gap3_common_cohort,mean,1735,7060047060,0.06989193072029252,0.30162679838268996
gap3_common_cohort,mean,1739,7060047060,0.29666539359342553,0.30162679838268996
gap3_common_cohort,mean,1740,7060047060,0.1758207414989661,0.30162679838268996
gap3_common_cohort,mean,1741,7060047060,0.3534252217323681,0.30162679838268996
gap3_common_cohort,mean,1742,7060047060,0.08583752133681757,0.30162679838268996
gap3_common_cohort,mean,1744,7060047060,0.2387276522901479,0.30162679838268996
gap3_common_cohort,mean,1752,7060047060,0.03017830633154979,0.30162679838268996
gap3_common_cohort,mean,1753,7060047060,0.034264448408433124,0.30162679838268996
gap3_common_cohort,mean,1755,7060047060,0.5562673086774179,0.30162679838268996
gap3_common_cohort,mean,1761,7060042310,0.2777875849796639,0.27438526797742924
gap3_common_cohort,mean,1768,7060047060,0.01211858013282131,0.30162679838268996
gap3_common_cohort,mean,1776,7060043090,0.0855439313352062,0.28015103197308555
gap3_common_cohort,mean,1777,7060047060,0.30238192606453906,0.30162679838268996
gap3_common_cohort,mean,182,7060013550,0.18271699961023843,0.28015103197308555
gap3_common_cohort,mean,1848,7060047060,0.5028227720001452,0.30162679838268996
gap3_common_cohort,mean,1851,7060043500,0.16036588256855794,0.2745215059747367
gap3_common_cohort,mean,1864,7060047060,0.5453666496134132,0.30162679838268996
gap3_common_cohort,mean,1869,7060047060,0.6497507178945514,0.30162679838268996
gap3_common_cohort,mean,1879,7060043160,0.5747769495465672,0.27438526797742924
gap3_common_cohort,mean,1883,7060043640,0.2596238600693717,0.2745215059747367
gap3_common_cohort,mean,191,7060013550,0.24386640433051454,0.28015103197308555
gap3_common_cohort,mean,198,7060013550,0.3096217134039919,0.28015103197308555
gap3_common_cohort,mean,204,7060013550,0.30643246924406614,0.28015103197308555
gap3_common_cohort,mean,292,7060022240,0.4488127157832644,0.2745215059747367
gap3_common_cohort,mean,307,7060047060,0.13740524807438276,0.30162679838268996
gap3_common_cohort,mean,310,7060014930,0.06269236039805173,0.27438526797742924
gap3_common_cohort,mean,316,7060014930,0.2222499551419378,0.27438526797742924
gap3_common_cohort,mean,319,7060047060,0.23881827227462005,0.30162679838268996
gap3_common_cohort,mean,355,7060047060,0.12340187249362164,0.30162679838268996
gap3_common_cohort,mean,361,7060014930,0.10567660639440427,0.27438526797742924
gap3_common_cohort,mean,362,7060047060,0.3841607485850629,0.30162679838268996
gap3_common_cohort,mean,364,7060047060,0.16250170400561625,0.30162679838268996
gap3_common_cohort,mean,368,7060047060,0.41227676092104343,0.30162679838268996
gap3_common_cohort,mean,372,7060014930,0.3012980638414904,0.27438526797742924
gap3_common_cohort,mean,373,7060047060,0.37572110737773073,0.30162679838268996
gap3_common_cohort,mean,384,7060014930,0.30349832263261695,0.27438526797742924
gap3_common_cohort,mean,386,7060014930,0.5695583219636912,0.27438526797742924
gap3_common_cohort,mean,391,7060014930,0.11688702537736742,0.27438526797742924
gap3_common_cohort,mean,393,7060047060,0.22433093687509145,0.30162679838268996
gap3_common_cohort,mean,398,7060047060,0.26401545413260996,0.30162679838268996
gap3_common_cohort,mean,41,7060016090,0.3054506214634258,0.27438526797742924
gap3_common_cohort,mean,413,7060014930,0.015455173536212445,0.27438526797742924
gap3_common_cohort,mean,415,7060047060,0.0745806789865424,0.30162679838268996
gap3_common_cohort,mean,416,7060047060,0.17890221425805486,0.30162679838268996
gap3_common_cohort,mean,419,7060008710,0.442023541374392,0.27458040682790463
gap3_common_cohort,mean,42,7060016090,0.3661877568923359,0.27438526797742924
gap3_common_cohort,mean,421,7060047060,0.25493325998242067,0.30162679838268996
gap3_common_cohort,mean,423,7060008710,0.2612522674047988,0.27458040682790463
gap3_common_cohort,mean,442,7060073620,0.27736381135740373,0.2745215059747367
gap3_common_cohort,mean,445,7060008710,0.22417176296553276,0.27458040682790463
gap3_common_cohort,mean,448,7060008710,0.22422473389265107,0.27458040682790463
gap3_common_cohort,mean,449,7060073620,0.4238280178254042,0.2745215059747367
gap3_common_cohort,mean,451,7060008710,0.22090927233216076,0.27458040682790463
gap3_common_cohort,mean,456,7060073620,0.25843224614974003,0.2745215059747367
gap3_common_cohort,mean,467,7060073620,0.5073133718431583,0.2745215059747367
gap3_common_cohort,mean,469,7060008710,0.4563006852152113,0.27458040682790463
gap3_common_cohort,mean,470,7060008710,0.31042437937266204,0.27458040682790463
gap3_common_cohort,mean,477,7060073620,0.2528298707120241,0.2745215059747367
gap3_common_cohort,mean,488,7060008710,0.2822310682626748,0.27458040682790463
gap3_common_cohort,mean,497,7060008710,0.2480763062136852,0.27458040682790463
gap3_common_cohort,mean,500,7060047060,0.3564031200238438,0.30162679838268996
gap3_common_cohort,mean,502,7060008710,0.30211006397508533,0.27458040682790463
gap3_common_cohort,mean,505,7060047060,0.2402148885659517,0.30162679838268996
gap3_common_cohort,mean,509,7060008710,0.09916879377383866,0.27458040682790463
gap3_common_cohort,mean,511,7060047060,0.08440368437655454,0.30162679838268996
gap3_common_cohort,mean,517,7060008710,0.3480310255914106,0.27458040682790463
gap3_common_cohort,mean,518,7060008710,0.5050317725328377,0.27458040682790463
gap3_common_cohort,mean,522,7060047060,0.07026054013384717,0.30162679838268996
gap3_common_cohort,mean,524,7060073920,0.28031245311339764,0.28015103197308555
gap3_common_cohort,mean,530,7060047060,0.24882327314142194,0.30162679838268996
gap3_common_cohort,mean,531,7060008710,0.19465966337710933,0.27458040682790463
gap3_common_cohort,mean,533,7060047060,0.06238976289138662,0.30162679838268996
gap3_common_cohort,mean,536,7060008710,0.25549517063393434,0.27458040682790463
gap3_common_cohort,mean,541,7060008710,0.33512067960589664,0.27458040682790463
gap3_common_cohort,mean,542,7060008710,0.021829390999163038,0.27458040682790463
gap3_common_cohort,mean,549,7060008710,0.17426306956763082,0.27458040682790463
gap3_common_cohort,mean,55,7060014930,0.28550609958557943,0.27438526797742924
gap3_common_cohort,mean,567,7060008710,0.6595043312005375,0.27458040682790463
gap3_common_cohort,mean,57,7060014930,0.33597580296968027,0.27438526797742924
gap3_common_cohort,mean,574,7060008710,0.4024696804341001,0.27458040682790463
gap3_common_cohort,mean,575,7060008710,0.3423102148988813,0.27458040682790463
gap3_common_cohort,mean,595,7060013550,0.10813385174100312,0.28015103197308555
gap3_common_cohort,mean,597,7060008710,0.504672677607412,0.27458040682790463
gap3_common_cohort,mean,60,7060014930,0.2041065565749272,0.27438526797742924
gap3_common_cohort,mean,600,7060013550,0.29742355965391953,0.28015103197308555
gap3_common_cohort,mean,601,7060008710,0.3982437519679096,0.27458040682790463
gap3_common_cohort,mean,612,7060013550,0.11003303591192931,0.28015103197308555
gap3_common_cohort,mean,63,7060014930,0.2688342824391425,0.27438526797742924
gap3_common_cohort,mean,7308,7060043500,0.17780351775247702,0.2745215059747367
gap3_common_cohort,mean,7313,7060047060,0.18782556894938995,0.30162679838268996
gap3_common_cohort,mean,7318,7060047060,0.014004335310672859,0.30162679838268996
gap3_common_cohort,mean,753,7060047060,0.15216346333752714,0.30162679838268996
gap3_common_cohort,mean,870,7060047060,0.05984246578898476,0.30162679838268996
gap3_common_cohort,mean,882,7060047060,0.07472428851333776,0.30162679838268996
gap3_common_cohort,mean,884,7060047060,0.07621634147289033,0.30162679838268996
gap3_common_cohort,mean,885,7060047060,0.06624913146272371,0.30162679838268996
gap3_common_cohort,mean,895,7060047060,0.014271387481084304,0.30162679838268996
gap3_common_cohort,mean,898,7060047060,0.4804827463621658,0.30162679838268996
gap3_common_cohort,mean,920,7060047060,0.010603340710536624,0.30162679838268996
gap3_common_cohort,mean,931,7060047060,1.2259182244099538,0.30162679838268996
gap3_common_cohort,mean,938,7060047060,0.38109461464621547,0.30162679838268996
gap3_common_cohort,persistence,1017,7060047060,0.39350694741793457,0.32732625657686143
gap3_common_cohort,persistence,1026,7060047060,0.27047730320991026,0.2834168970340526
gap3_common_cohort,persistence,1033,7060047060,0.3492122023815647,0.33911868468061473
gap3_common_cohort,persistence,1036,7060047060,0.20717264498721943,0.21383819202015208
gap3_common_cohort,persistence,1042,7060047060,0.3236531161741061,0.3812739904689628
gap3_common_cohort,persistence,1067,7060047060,0.6168662889042192,0.5506501849189527
gap3_common_cohort,persistence,1086,7060049270,1.1066013206807137,0.8848431516750894
gap3_common_cohort,persistence,1092,7060047060,0.6010100039936108,0.5212600112783097
gap3_common_cohort,persistence,1101,7060047060,0.5969935721312235,0.48238399696401857
gap3_common_cohort,persistence,1112,7060047060,0.499364886640837,0.38296951698055165
gap3_common_cohort,persistence,1121,7060047060,0.32837844858050913,0.25815139018932476
gap3_common_cohort,persistence,1122,7060047060,0.5217491049159911,0.45839296501237914
gap3_common_cohort,persistence,1125,7060047060,0.32837844858050913,0.25815139018932476
gap3_common_cohort,persistence,1127,7060047060,0.5663464704659067,0.4843791452026821
gap3_common_cohort,persistence,114,7060014340,0.2835497731588931,0.4158677830175245
gap3_common_cohort,persistence,1151,7060047970,0.5843168922743912,0.39937269564133215
gap3_common_cohort,persistence,1192,7060047060,0.16432875978734707,0.12311908521187284
gap3_common_cohort,persistence,1237,7060047970,0.6706848696134027,0.5579418713718229
gap3_common_cohort,persistence,1249,7060048410,1.1752645856080293,0.8786082927534192
gap3_common_cohort,persistence,131,7060014200,0.2997970051393829,0.2800377289818674
gap3_common_cohort,persistence,132,7060013550,0.22073262558094145,0.1493315015289595
gap3_common_cohort,persistence,133,7060013550,0.08665291594861925,0.046727472763596345
gap3_common_cohort,persistence,148,7060013550,0.2190614565427998,0.18148399627001854
gap3_common_cohort,persistence,1586,7060047060,0.10904752528982808,0.13506777257551217
gap3_common_cohort,persistence,1587,7060047060,0.2799957740271275,0.27537901244813345
gap3_common_cohort,persistence,1592,7060047060,0.34382574108077185,0.21977552761039992
gap3_common_cohort,persistence,1595,7060047060,0.10879939687452436,0.04052037059224774
gap3_common_cohort,persistence,1600,7060047060,0.16380715964146636,0.14189920675046158
gap3_common_cohort,persistence,1617,7060047060,0.2658576019204949,0.31342708481125076
gap3_common_cohort,persistence,1619,7060047060,0.14994540981136933,0.2411145373293386
gap3_common_cohort,persistence,1620,7060047060,0.27244922316425124,0.29373950829282947
gap3_common_cohort,persistence,1631,7060047060,0.13586625120138024,0.20836567804383369
gap3_common_cohort,persistence,1634,7060047060,0.1758207414989661,0.14422797835809964
gap3_common_cohort,persistence,1636,7060047060,0.377032521245479,0.48578499594909874
gap3_common_cohort,persistence,1645,7060047060,0.46880108927990805,0.4352714907165549
gap3_common_cohort,persistence,1650,7060047060,0.1902835665834986,0.29790227844638123
gap3_common_cohort,persistence,1654,7060047060,0.4581723993322289,0.44796201049184103
gap3_common_cohort,persistence,1655,7060047060,0.27903405496887934,0.2795508120545117
gap3_common_cohort,persistence,1656,7060047060,0.2013737127912082,0.1581455963637178
gap3_common_cohort,persistence,1683,7060047060,0.44087707368667267,0.38006640718230245
gap3_common_cohort,persistence,169,7060013560,0.5371554728117666,0.6417296835527099
gap3_common_cohort,persistence,1691,7060047060,0.11616721478804654,0.16906698920481789
gap3_common_cohort,persistence,1699,7060047060,0.10173478820258915,0.0932043910144893
gap3_common_cohort,persistence,1703,7060047060,0.716660099941124,0.6006220667118699
gap3_common_cohort,persistence,1706,7060047060,0.14394821276290282,0.13752537808300166
gap3_common_cohort,persistence,1707,7060047060,0.2516954924878223,0.29054549589074513
gap3_common_cohort,persistence,1709,7060047060,0.09069195877190259,0.06746998050513128
gap3_common_cohort,persistence,1712,7060047060,0.11904257815575439,0.14040051365660172
gap3_common_cohort,persistence,1713,7060047060,0.20966152043998507,0.28784117898830874
gap3_common_cohort,persistence,1714,7060047060,0.3091300571912571,0.3715533410694491
gap3_common_cohort,persistence,1718,7060047060,0.44885605648942306,0.4887165938297443
gap3_common_cohort,persistence,1723,7060047060,0.19382794094912292,0.20587239654480438
gap3_common_cohort,persistence,1726,7060047060,0.10896403881507782,0.12855630496026077
gap3_common_cohort,persistence,1735,7060047060,0.06989193072029252,0.08022106913608207
gap3_common_cohort,persistence,1739,7060047060,0.29666539359342553,0.30490781245337906
gap3_common_cohort,persistence,1740,7060047060,0.1758207414989661,0.14422797835809964
gap3_common_cohort,persistence,1741,7060047060,0.3534252217323681,0.30269984489098456
gap3_common_cohort,persistence,1742,7060047060,0.08583752133681757,0.0847118412498331
gap3_common_cohort,persistence,1744,7060047060,0.2387276522901479,0.21328782928822254
gap3_common_cohort,persistence,1752,7060047060,0.03017830633154979,0.04180743367016232
gap3_common_cohort,persistence,1753,7060047060,0.034264448408433124,0.12688018325062994
gap3_common_cohort,persistence,1755,7060047060,0.5562673086774179,0.4676057793716548
gap3_common_cohort,persistence,1761,7060042310,0.2777875849796639,0.21351305755394226
gap3_common_cohort,persistence,1768,7060047060,0.01211858013282131,0.019094588581639885
gap3_common_cohort,persistence,1776,7060043090,0.0855439313352062,0.04669715183213882
gap3_common_cohort,persistence,1777,7060047060,0.30238192606453906,0.2995200103889891
gap3_common_cohort,persistence,182,7060013550,0.18271699961023843,0.18876530730899535
gap3_common_cohort,persistence,1848,7060047060,0.5028227720001452,0.5055296456992726
gap3_common_cohort,persistence,1851,7060043500,0.16036588256855794,0.1977026793170461
gap3_common_cohort,persistence,1864,7060047060,0.5453666496134132,0.5237262413583994
gap3_common_cohort,persistence,1869,7060047060,0.6497507178945514,0.6825118324280082
gap3_common_cohort,persistence,1879,7060043160,0.5747769495465672,0.5557630083151025
gap3_common_cohort,persistence,1883,7060043640,0.2596238600693717,0.23022950895963157
gap3_common_cohort,persistence,191,7060013550,0.24386640433051454,0.3272170127162451
gap3_common_cohort,persistence,198,7060013550,0.3096217134039919,0.3694799339071249
gap3_common_cohort,persistence,204,7060013550,0.30643246924406614,0.3767321954874886
gap3_common_cohort,persistence,292,7060022240,0.4488127157832644,0.42197156217774817
gap3_common_cohort,persistence,307,7060047060,0.13740524807438276,0.15470541289290046
gap3_common_cohort,persistence,310,7060014930,0.06269236039805173,0.06604083258205336
gap3_common_cohort,persistence,316,7060014930,0.2222499551419378,0.23956559273349093
gap3_common_cohort,persistence,319,7060047060,0.23881827227462005,0.25458913624304513
gap3_common_cohort,persistence,355,7060047060,0.12340187249362164,0.1511515807310599
gap3_common_cohort,persistence,361,7060014930,0.10567660639440427,0.11358075731925828
gap3_common_cohort,persistence,362,7060047060,0.3841607485850629,0.6821706073259356
gap3_common_cohort,persistence,364,7060047060,0.16250170400561625,0.1385491053591678
gap3_common_cohort,persistence,368,7060047060,0.41227676092104343,0.3837383266203007
gap3_common_cohort,persistence,372,7060014930,0.3012980638414904,0.32112445471461537
gap3_common_cohort,persistence,373,7060047060,0.37572110737773073,0.4707153146807739
gap3_common_cohort,persistence,384,7060014930,0.30349832263261695,0.2831345755642386
gap3_common_cohort,persistence,386,7060014930,0.5695583219636912,0.5279290440279005
gap3_common_cohort,persistence,391,7060014930,0.11688702537736742,0.14209966752511582
gap3_common_cohort,persistence,393,7060047060,0.22433093687509145,0.2318804158587709
gap3_common_cohort,persistence,398,7060047060,0.26401545413260996,0.23068884643871296
gap3_common_cohort,persistence,41,7060016090,0.3054506214634258,0.28046628020470366
gap3_common_cohort,persistence,413,7060014930,0.015455173536212445,0.026501662050484685
gap3_common_cohort,persistence,415,7060047060,0.0745806789865424,0.07569707632721556
gap3_common_cohort,persistence,416,7060047060,0.17890221425805486,0.14739472370243467
gap3_common_cohort,persistence,419,7060008710,0.442023541374392,0.5068164230698096
gap3_common_cohort,persistence,42,7060016090,0.3661877568923359,0.33841626142315506
gap3_common_cohort,persistence,421,7060047060,0.25493325998242067,0.4036575656808902
gap3_common_cohort,persistence,423,7060008710,0.2612522674047988,0.3286078843081458
gap3_common_cohort,persistence,442,7060073620,0.27736381135740373,0.28528273408011967
gap3_common_cohort,persistence,445,7060008710,0.22417176296553276,0.2579533454290953
gap3_common_cohort,persistence,448,7060008710,0.22422473389265107,0.23387367999688877
gap3_common_cohort,persistence,449,7060073620,0.4238280178254042,0.50332272036719
gap3_common_cohort,persistence,451,7060008710,0.22090927233216076,0.13887653599825775
gap3_common_cohort,persistence,456,7060073620,0.25843224614974003,0.22183735196416857
gap3_common_cohort,persistence,467,7060073620,0.5073133718431583,0.44820375994804273
gap3_common_cohort,persistence,469,7060008710,0.4563006852152113,0.4417656863577062
gap3_common_cohort,persistence,470,7060008710,0.31042437937266204,0.29236698430445596
gap3_common_cohort,persistence,477,7060073620,0.2528298707120241,0.3057929953627724
gap3_common_cohort,persistence,488,7060008710,0.2822310682626748,0.38745986096989166
gap3_common_cohort,persistence,497,7060008710,0.2480763062136852,0.3404241592828343
gap3_common_cohort,persistence,500,7060047060,0.3564031200238438,0.38630047334848966
gap3_common_cohort,persistence,502,7060008710,0.30211006397508533,0.22595826657260681
gap3_common_cohort,persistence,505,7060047060,0.2402148885659517,0.21416520673928122
gap3_common_cohort,persistence,509,7060008710,0.09916879377383866,0.2282747504052163
gap3_common_cohort,persistence,511,7060047060,0.08440368437655454,0.11561435636273784
gap3_common_cohort,persistence,517,7060008710,0.3480310255914106,0.37700428566027844
gap3_common_cohort,persistence,518,7060008710,0.5050317725328377,0.4922607706718648
gap3_common_cohort,persistence,522,7060047060,0.07026054013384717,0.11733872343174437
gap3_common_cohort,persistence,524,7060073920,0.28031245311339764,0.6056334554122743
gap3_common_cohort,persistence,530,7060047060,0.24882327314142194,0.22146285246209962
gap3_common_cohort,persistence,531,7060008710,0.19465966337710933,0.24652473157948473
gap3_common_cohort,persistence,533,7060047060,0.06238976289138662,0.07110730695520295
gap3_common_cohort,persistence,536,7060008710,0.25549517063393434,0.24693341308304378
gap3_common_cohort,persistence,541,7060008710,0.33512067960589664,0.3855330714681625
gap3_common_cohort,persistence,542,7060008710,0.021829390999163038,0.062185232801962954
gap3_common_cohort,persistence,549,7060008710,0.17426306956763082,0.12945820748438394
gap3_common_cohort,persistence,55,7060014930,0.28550609958557943,0.29859361974404636
gap3_common_cohort,persistence,567,7060008710,0.6595043312005375,0.5680005603780957
gap3_common_cohort,persistence,57,7060014930,0.33597580296968027,0.39010191957263496
gap3_common_cohort,persistence,574,7060008710,0.4024696804341001,0.4539797516477301
gap3_common_cohort,persistence,575,7060008710,0.3423102148988813,0.45085252489575905
gap3_common_cohort,persistence,595,7060013550,0.10813385174100312,0.19201996238898328
gap3_common_cohort,persistence,597,7060008710,0.504672677607412,0.481298882047343
gap3_common_cohort,persistence,60,7060014930,0.2041065565749272,0.2663200574555232
gap3_common_cohort,persistence,600,7060013550,0.29742355965391953,0.29221420947470805
gap3_common_cohort,persistence,601,7060008710,0.3982437519679096,0.34793452324083085
gap3_common_cohort,persistence,612,7060013550,0.11003303591192931,0.15102517553182981
gap3_common_cohort,persistence,63,7060014930,0.2688342824391425,0.3629869753237469
gap3_common_cohort,persistence,7308,7060043500,0.17780351775247702,0.14460051379162792
gap3_common_cohort,persistence,7313,7060047060,0.18782556894938995,0.20539925152870275
gap3_common_cohort,persistence,7318,7060047060,0.014004335310672859,0.011668990812269998
gap3_common_cohort,persistence,753,7060047060,0.15216346333752714,0.2442817547925933
gap3_common_cohort,persistence,870,7060047060,0.05984246578898476,0.1978266320944444
gap3_common_cohort,persistence,882,7060047060,0.07472428851333776,0.12451445634677971
gap3_common_cohort,persistence,884,7060047060,0.07621634147289033,0.08302616680673872
gap3_common_cohort,persistence,885,7060047060,0.06624913146272371,0.18219446829248112
gap3_common_cohort,persistence,895,7060047060,0.014271387481084304,0.020511690869501536
gap3_common_cohort,persistence,898,7060047060,0.4804827463621658,0.7780275244548219
gap3_common_cohort,persistence,920,7060047060,0.010603340710536624,0.04751129309744815
gap3_common_cohort,persistence,931,7060047060,1.2259182244099538,0.9539932496405352
gap3_common_cohort,persistence,938,7060047060,0.38109461464621547,0.8612581579667329
gap3_common_cohort,ridge,1017,7060047060,0.39350694741793457,0.3904842244037465
gap3_common_cohort,ridge,1026,7060047060,0.27047730320991026,0.3493309343742801
gap3_common_cohort,ridge,1033,7060047060,0.3492122023815647,0.420554037630841
gap3_common_cohort,ridge,1036,7060047060,0.20717264498721943,0.29168798031474813
gap3_common_cohort,ridge,1042,7060047060,0.3236531161741061,0.4097887556064475
gap3_common_cohort,ridge,1067,7060047060,0.6168662889042192,0.531660027603067
gap3_common_cohort,ridge,1086,7060049270,1.1066013206807137,0.6957052738115789
gap3_common_cohort,ridge,1092,7060047060,0.6010100039936108,0.5171151638463966
gap3_common_cohort,ridge,1101,7060047060,0.5969935721312235,0.4228643945793563
gap3_common_cohort,ridge,1112,7060047060,0.499364886640837,0.3997287771405652
gap3_common_cohort,ridge,1121,7060047060,0.32837844858050913,0.3242644461607982
gap3_common_cohort,ridge,1122,7060047060,0.5217491049159911,0.4638655802968991
gap3_common_cohort,ridge,1125,7060047060,0.32837844858050913,0.3242644461607982
gap3_common_cohort,ridge,1127,7060047060,0.5663464704659067,0.4873848001490167
gap3_common_cohort,ridge,114,7060014340,0.2835497731588931,0.3774904639853538
gap3_common_cohort,ridge,1151,7060047970,0.5843168922743912,0.5095558506149608
gap3_common_cohort,ridge,1192,7060047060,0.16432875978734707,0.19442733906391602
gap3_common_cohort,ridge,1237,7060047970,0.6706848696134027,0.5112148173963732
gap3_common_cohort,ridge,1249,7060048410,1.1752645856080293,0.8882178064982656
gap3_common_cohort,ridge,131,7060014200,0.2997970051393829,0.264032793996059
gap3_common_cohort,ridge,132,7060013550,0.22073262558094145,0.15797942795054493
gap3_common_cohort,ridge,133,7060013550,0.08665291594861925,0.07585428380438428
gap3_common_cohort,ridge,148,7060013550,0.2190614565427998,0.18797686552263587
gap3_common_cohort,ridge,1586,7060047060,0.10904752528982808,0.276707257625048
gap3_common_cohort,ridge,1587,7060047060,0.2799957740271275,0.3359399520392983
gap3_common_cohort,ridge,1592,7060047060,0.34382574108077185,0.3096785819249391
gap3_common_cohort,ridge,1595,7060047060,0.10879939687452436,0.19173892460524372
gap3_common_cohort,ridge,1600,7060047060,0.16380715964146636,0.2623101676516325
gap3_common_cohort,ridge,1617,7060047060,0.2658576019204949,0.33718492981462656
gap3_common_cohort,ridge,1619,7060047060,0.14994540981136933,0.3048374305912641
gap3_common_cohort,ridge,1620,7060047060,0.27244922316425124,0.3033547475197119
gap3_common_cohort,ridge,1631,7060047060,0.13586625120138024,0.3028930769812562
gap3_common_cohort,ridge,1634,7060047060,0.1758207414989661,0.24448742164284196
gap3_common_cohort,ridge,1636,7060047060,0.377032521245479,0.432383503228987
gap3_common_cohort,ridge,1645,7060047060,0.46880108927990805,0.440091690050884
gap3_common_cohort,ridge,1650,7060047060,0.1902835665834986,0.3520471170852608
gap3_common_cohort,ridge,1654,7060047060,0.4581723993322289,0.4268552154813804
gap3_common_cohort,ridge,1655,7060047060,0.27903405496887934,0.34964418421671717
gap3_common_cohort,ridge,1656,7060047060,0.2013737127912082,0.2654516041847686
gap3_common_cohort,ridge,1683,7060047060,0.44087707368667267,0.41886600320949957
gap3_common_cohort,ridge,169,7060013560,0.5371554728117666,0.5422881450856007
gap3_common_cohort,ridge,1691,7060047060,0.11616721478804654,0.26320744621866826
gap3_common_cohort,ridge,1699,7060047060,0.10173478820258915,0.2049882575757902
gap3_common_cohort,ridge,1703,7060047060,0.716660099941124,0.5278825389683617
gap3_common_cohort,ridge,1706,7060047060,0.14394821276290282,0.2417593691159275
gap3_common_cohort,ridge,1707,7060047060,0.2516954924878223,0.37181085712754486
gap3_common_cohort,ridge,1709,7060047060,0.09069195877190259,0.19271201027061674
gap3_common_cohort,ridge,1712,7060047060,0.11904257815575439,0.27768451174752773
gap3_common_cohort,ridge,1713,7060047060,0.20966152043998507,0.3482142217830515
gap3_common_cohort,ridge,1714,7060047060,0.3091300571912571,0.35715191368910376
gap3_common_cohort,ridge,1718,7060047060,0.44885605648942306,0.46037921658971837
gap3_common_cohort,ridge,1723,7060047060,0.19382794094912292,0.293809250974003
gap3_common_cohort,ridge,1726,7060047060,0.10896403881507782,0.25838583648746005
gap3_common_cohort,ridge,1735,7060047060,0.06989193072029252,0.2293915143848903
gap3_common_cohort,ridge,1739,7060047060,0.29666539359342553,0.35567982199503617
gap3_common_cohort,ridge,1740,7060047060,0.1758207414989661,0.24448742164284196
gap3_common_cohort,ridge,1741,7060047060,0.3534252217323681,0.3495104643843501
gap3_common_cohort,ridge,1742,7060047060,0.08583752133681757,0.21993389986984613
gap3_common_cohort,ridge,1744,7060047060,0.2387276522901479,0.30247146382687856
gap3_common_cohort,ridge,1752,7060047060,0.03017830633154979,0.14630183144097586
gap3_common_cohort,ridge,1753,7060047060,0.034264448408433124,0.20321463387898414
gap3_common_cohort,ridge,1755,7060047060,0.5562673086774179,0.41650387687046664
gap3_common_cohort,ridge,1761,7060042310,0.2777875849796639,0.20401608592573475
gap3_common_cohort,ridge,1768,7060047060,0.01211858013282131,0.14431201338854824
gap3_common_cohort,ridge,1776,7060043090,0.0855439313352062,0.08395762995192699
gap3_common_cohort,ridge,1777,7060047060,0.30238192606453906,0.341843733347247
gap3_common_cohort,ridge,182,7060013550,0.18271699961023843,0.19409080901497872
gap3_common_cohort,ridge,1848,7060047060,0.5028227720001452,0.4058492956164133
gap3_common_cohort,ridge,1851,7060043500,0.16036588256855794,0.17125526350448228
gap3_common_cohort,ridge,1864,7060047060,0.5453666496134132,0.41578572231941796
gap3_common_cohort,ridge,1869,7060047060,0.6497507178945514,0.511456314035485
gap3_common_cohort,ridge,1879,7060043160,0.5747769495465672,0.40585385837784205
gap3_common_cohort,ridge,1883,7060043640,0.2596238600693717,0.22737336764497382
gap3_common_cohort,ridge,191,7060013550,0.24386640433051454,0.2891166615974029
gap3_common_cohort,ridge,198,7060013550,0.3096217134039919,0.31737565771027
gap3_common_cohort,ridge,204,7060013550,0.30643246924406614,0.3340400485000247
gap3_common_cohort,ridge,292,7060022240,0.4488127157832644,0.3368267943668452
gap3_common_cohort,ridge,307,7060047060,0.13740524807438276,0.21367439823738688
gap3_common_cohort,ridge,310,7060014930,0.06269236039805173,0.07033290905677939
gap3_common_cohort,ridge,316,7060014930,0.2222499551419378,0.22419628779255574
gap3_common_cohort,ridge,319,7060047060,0.23881827227462005,0.3258867060857721
gap3_common_cohort,ridge,355,7060047060,0.12340187249362164,0.24003637285082083
gap3_common_cohort,ridge,361,7060014930,0.10567660639440427,0.15595778313056874
gap3_common_cohort,ridge,362,7060047060,0.3841607485850629,0.45947131286291654
gap3_common_cohort,ridge,364,7060047060,0.16250170400561625,0.19487850808206375
gap3_common_cohort,ridge,368,7060047060,0.41227676092104343,0.4107236539165525
gap3_common_cohort,ridge,372,7060014930,0.3012980638414904,0.3433551906025138
gap3_common_cohort,ridge,373,7060047060,0.37572110737773073,0.4478282944769919
gap3_common_cohort,ridge,384,7060014930,0.30349832263261695,0.2983221274586742
gap3_common_cohort,ridge,386,7060014930,0.5695583219636912,0.5044084549946516
gap3_common_cohort,ridge,391,7060014930,0.11688702537736742,0.16499858689737484
gap3_common_cohort,ridge,393,7060047060,0.22433093687509145,0.29851172063250964
gap3_common_cohort,ridge,398,7060047060,0.26401545413260996,0.3218436557831651
gap3_common_cohort,ridge,41,7060016090,0.3054506214634258,0.25175209433431844
gap3_common_cohort,ridge,413,7060014930,0.015455173536212445,0.0809472098697454
gap3_common_cohort,ridge,415,7060047060,0.0745806789865424,0.17363813837330755
gap3_common_cohort,ridge,416,7060047060,0.17890221425805486,0.21686285692578217
gap3_common_cohort,ridge,419,7060008710,0.442023541374392,0.4624287819706775
gap3_common_cohort,ridge,42,7060016090,0.3661877568923359,0.28216823955139086
gap3_common_cohort,ridge,421,7060047060,0.25493325998242067,0.4162329823079333
gap3_common_cohort,ridge,423,7060008710,0.2612522674047988,0.30057013939439026
gap3_common_cohort,ridge,442,7060073620,0.27736381135740373,0.2829919310389778
gap3_common_cohort,ridge,445,7060008710,0.22417176296553276,0.31900924960252003
gap3_common_cohort,ridge,448,7060008710,0.22422473389265107,0.3014244805203059
gap3_common_cohort,ridge,449,7060073620,0.4238280178254042,0.3683058037239765
gap3_common_cohort,ridge,451,7060008710,0.22090927233216076,0.13800780497658027
gap3_common_cohort,ridge,456,7060073620,0.25843224614974003,0.22608303010756725
gap3_common_cohort,ridge,467,7060073620,0.5073133718431583,0.4218597732652477
gap3_common_cohort,ridge,469,7060008710,0.4563006852152113,0.4346234042624893
gap3_common_cohort,ridge,470,7060008710,0.31042437937266204,0.3838458513176451
gap3_common_cohort,ridge,477,7060073620,0.2528298707120241,0.25820818075334884
gap3_common_cohort,ridge,488,7060008710,0.2822310682626748,0.31654772149028715
gap3_common_cohort,ridge,497,7060008710,0.2480763062136852,0.3463953888660247
gap3_common_cohort,ridge,500,7060047060,0.3564031200238438,0.38125177930795984
gap3_common_cohort,ridge,502,7060008710,0.30211006397508533,0.23915271594587945
gap3_common_cohort,ridge,505,7060047060,0.2402148885659517,0.2504289969615441
gap3_common_cohort,ridge,509,7060008710,0.09916879377383866,0.28246944302838967
gap3_common_cohort,ridge,511,7060047060,0.08440368437655454,0.28398143778107576
gap3_common_cohort,ridge,517,7060008710,0.3480310255914106,0.3536853560138814
gap3_common_cohort,ridge,518,7060008710,0.5050317725328377,0.47248181230597297
gap3_common_cohort,ridge,522,7060047060,0.07026054013384717,0.2058808545529516
gap3_common_cohort,ridge,524,7060073920,0.28031245311339764,0.5808724736277004
gap3_common_cohort,ridge,530,7060047060,0.24882327314142194,0.25784731610099754
gap3_common_cohort,ridge,531,7060008710,0.19465966337710933,0.3217868200500158
gap3_common_cohort,ridge,533,7060047060,0.06238976289138662,0.1710138457120436
gap3_common_cohort,ridge,536,7060008710,0.25549517063393434,0.252969742550457
gap3_common_cohort,ridge,541,7060008710,0.33512067960589664,0.35011130573372606
gap3_common_cohort,ridge,542,7060008710,0.021829390999163038,0.07646975580655882
gap3_common_cohort,ridge,549,7060008710,0.17426306956763082,0.15914851577425843
gap3_common_cohort,ridge,55,7060014930,0.28550609958557943,0.2668072119751472
gap3_common_cohort,ridge,567,7060008710,0.6595043312005375,0.5634177440230272
gap3_common_cohort,ridge,57,7060014930,0.33597580296968027,0.3340739374698394
gap3_common_cohort,ridge,574,7060008710,0.4024696804341001,0.44844568188909345
gap3_common_cohort,ridge,575,7060008710,0.3423102148988813,0.41570796591617887
gap3_common_cohort,ridge,595,7060013550,0.10813385174100312,0.19799441748250585
gap3_common_cohort,ridge,597,7060008710,0.504672677607412,0.38316335714478844
gap3_common_cohort,ridge,60,7060014930,0.2041065565749272,0.24702536673212455
gap3_common_cohort,ridge,600,7060013550,0.29742355965391953,0.29696503064736407
gap3_common_cohort,ridge,601,7060008710,0.3982437519679096,0.3281203908621718
gap3_common_cohort,ridge,612,7060013550,0.11003303591192931,0.20553816122864446
gap3_common_cohort,ridge,63,7060014930,0.2688342824391425,0.30608500401333366
gap3_common_cohort,ridge,7308,7060043500,0.17780351775247702,0.12284254831039138
gap3_common_cohort,ridge,7313,7060047060,0.18782556894938995,0.25074612980676797
gap3_common_cohort,ridge,7318,7060047060,0.014004335310672859,0.1379973181672701
gap3_common_cohort,ridge,753,7060047060,0.15216346333752714,0.25173806971695956
gap3_common_cohort,ridge,870,7060047060,0.05984246578898476,0.21114316841149983
gap3_common_cohort,ridge,882,7060047060,0.07472428851333776,0.19589944568414905
gap3_common_cohort,ridge,884,7060047060,0.07621634147289033,0.13846642580524948
gap3_common_cohort,ridge,885,7060047060,0.06624913146272371,0.19432386455814724
gap3_common_cohort,ridge,895,7060047060,0.014271387481084304,0.11053015010567227
gap3_common_cohort,ridge,898,7060047060,0.4804827463621658,0.5083100006343758
gap3_common_cohort,ridge,920,7060047060,0.010603340710536624,0.13444022497882388
gap3_common_cohort,ridge,931,7060047060,1.2259182244099538,0.5746792787090115
gap3_common_cohort,ridge,938,7060047060,0.38109461464621547,0.7419498221799568
gap3_common_cohort,rf,1017,7060047060,0.39350694741793457,0.3462567660535011
gap3_common_cohort,rf,1026,7060047060,0.27047730320991026,0.3348081404446133
gap3_common_cohort,rf,1033,7060047060,0.3492122023815647,0.37416047083956655
gap3_common_cohort,rf,1036,7060047060,0.20717264498721943,0.28602930569585544
gap3_common_cohort,rf,1042,7060047060,0.3236531161741061,0.3719162892830383
gap3_common_cohort,rf,1067,7060047060,0.6168662889042192,0.37649854789978804
gap3_common_cohort,rf,1086,7060049270,1.1066013206807137,0.45679397579637665
gap3_common_cohort,rf,1092,7060047060,0.6010100039936108,0.37702222752285613
gap3_common_cohort,rf,1101,7060047060,0.5969935721312235,0.34730691432346766
gap3_common_cohort,rf,1112,7060047060,0.499364886640837,0.3701061091253417
gap3_common_cohort,rf,1121,7060047060,0.32837844858050913,0.3226503669972298
gap3_common_cohort,rf,1122,7060047060,0.5217491049159911,0.3687893538241551
gap3_common_cohort,rf,1125,7060047060,0.32837844858050913,0.3226503669972298
gap3_common_cohort,rf,1127,7060047060,0.5663464704659067,0.3742338833824184
gap3_common_cohort,rf,114,7060014340,0.2835497731588931,0.42834811921436716
gap3_common_cohort,rf,1151,7060047970,0.5843168922743912,0.4596913055490814
gap3_common_cohort,rf,1192,7060047060,0.16432875978734707,0.21440520741057217
gap3_common_cohort,rf,1237,7060047970,0.6706848696134027,0.5224170424666721
gap3_common_cohort,rf,1249,7060048410,1.1752645856080293,0.5374309238296044
gap3_common_cohort,rf,131,7060014200,0.2997970051393829,0.2997035904035172
gap3_common_cohort,rf,132,7060013550,0.22073262558094145,0.15060229557978888
gap3_common_cohort,rf,133,7060013550,0.08665291594861925,0.08140909781652177
gap3_common_cohort,rf,148,7060013550,0.2190614565427998,0.21265842740466534
gap3_common_cohort,rf,1586,7060047060,0.10904752528982808,0.24435341808652125
gap3_common_cohort,rf,1587,7060047060,0.2799957740271275,0.3340150647664949
gap3_common_cohort,rf,1592,7060047060,0.34382574108077185,0.2852362300177369
gap3_common_cohort,rf,1595,7060047060,0.10879939687452436,0.23749862855601825
gap3_common_cohort,rf,1600,7060047060,0.16380715964146636,0.24498235943122665
gap3_common_cohort,rf,1617,7060047060,0.2658576019204949,0.3410305969105723
gap3_common_cohort,rf,1619,7060047060,0.14994540981136933,0.3113612151564408
gap3_common_cohort,rf,1620,7060047060,0.27244922316425124,0.3380064057788617
gap3_common_cohort,rf,1631,7060047060,0.13586625120138024,0.2785074911836162
gap3_common_cohort,rf,1634,7060047060,0.1758207414989661,0.24435341808652125
gap3_common_cohort,rf,1636,7060047060,0.377032521245479,0.3471293115636611
gap3_common_cohort,rf,1645,7060047060,0.46880108927990805,0.3687893538241551
gap3_common_cohort,rf,1650,7060047060,0.1902835665834986,0.3363128265307855
gap3_common_cohort,rf,1654,7060047060,0.4581723993322289,0.3687893538241551
gap3_common_cohort,rf,1655,7060047060,0.27903405496887934,0.33903664130163463
gap3_common_cohort,rf,1656,7060047060,0.2013737127912082,0.24382973846345318
gap3_common_cohort,rf,1683,7060047060,0.44087707368667267,0.36808132313946623
gap3_common_cohort,rf,169,7060013560,0.5371554728117666,0.4603386062651268
gap3_common_cohort,rf,1691,7060047060,0.11616721478804654,0.2434562737486517
gap3_common_cohort,rf,1699,7060047060,0.10173478820258915,0.23791477302966585
gap3_common_cohort,rf,1703,7060047060,0.716660099941124,0.3737102037593503
gap3_common_cohort,rf,1706,7060047060,0.14394821276290282,0.2434562737486517
gap3_common_cohort,rf,1707,7060047060,0.2516954924878223,0.3342844608215453
gap3_common_cohort,rf,1709,7060047060,0.09069195877190259,0.23791477302966585
gap3_common_cohort,rf,1712,7060047060,0.11904257815575439,0.2434562737486517
gap3_common_cohort,rf,1713,7060047060,0.20966152043998507,0.31214680347605755
gap3_common_cohort,rf,1714,7060047060,0.3091300571912571,0.34435545847317783
gap3_common_cohort,rf,1718,7060047060,0.44885605648942306,0.3687893538241551
gap3_common_cohort,rf,1723,7060047060,0.19382794094912292,0.27766305560251936
gap3_common_cohort,rf,1726,7060047060,0.10896403881507782,0.2434562737486517
gap3_common_cohort,rf,1735,7060047060,0.06989193072029252,0.24462281414157164
gap3_common_cohort,rf,1739,7060047060,0.29666539359342553,0.31919325600004556
gap3_common_cohort,rf,1740,7060047060,0.1758207414989661,0.24435341808652125
gap3_common_cohort,rf,1741,7060047060,0.3534252217323681,0.3435826404009378
gap3_common_cohort,rf,1742,7060047060,0.08583752133681757,0.22096272760312335
gap3_common_cohort,rf,1744,7060047060,0.2387276522901479,0.2598431302571443
gap3_common_cohort,rf,1752,7060047060,0.03017830633154979,0.20825688435553505
gap3_common_cohort,rf,1753,7060047060,0.034264448408433124,0.20848227183707466
gap3_common_cohort,rf,1755,7060047060,0.5562673086774179,0.3691562560306994
gap3_common_cohort,rf,1761,7060042310,0.2777875849796639,0.18535375342774058
gap3_common_cohort,rf,1768,7060047060,0.01211858013282131,0.2126857876099786
gap3_common_cohort,rf,1776,7060043090,0.0855439313352062,0.09220033804436334
gap3_common_cohort,rf,1777,7060047060,0.30238192606453906,0.3182395023619762
gap3_common_cohort,rf,182,7060013550,0.18271699961023843,0.21145952442353308
gap3_common_cohort,rf,1848,7060047060,0.5028227720001452,0.3477869500600999
gap3_common_cohort,rf,1851,7060043500,0.16036588256855794,0.16649398362281137
gap3_common_cohort,rf,1864,7060047060,0.5453666496134132,0.3482466017134282
gap3_common_cohort,rf,1869,7060047060,0.6497507178945514,0.3453765290993531
gap3_common_cohort,rf,1879,7060043160,0.5747769495465672,0.37977781911974273
gap3_common_cohort,rf,1883,7060043640,0.2596238600693717,0.20788428857511085
gap3_common_cohort,rf,191,7060013550,0.24386640433051454,0.3277379005626246
gap3_common_cohort,rf,198,7060013550,0.3096217134039919,0.31692477259742363
gap3_common_cohort,rf,204,7060013550,0.30643246924406614,0.3205404619662079
gap3_common_cohort,rf,292,7060022240,0.4488127157832644,0.4123099682391029
gap3_common_cohort,rf,307,7060047060,0.13740524807438276,0.232666037998591
gap3_common_cohort,rf,310,7060014930,0.06269236039805173,0.08697472950223194
gap3_common_cohort,rf,316,7060014930,0.2222499551419378,0.25092996388288924
gap3_common_cohort,rf,319,7060047060,0.23881827227462005,0.32704170949543054
gap3_common_cohort,rf,355,7060047060,0.12340187249362164,0.23134928269740443
gap3_common_cohort,rf,361,7060014930,0.10567660639440427,0.17377724686112525
gap3_common_cohort,rf,362,7060047060,0.3841607485850629,0.35724427485007093
gap3_common_cohort,rf,364,7060047060,0.16250170400561625,0.23134928269740443
gap3_common_cohort,rf,368,7060047060,0.41227676092104343,0.3865274471419032
gap3_common_cohort,rf,372,7060014930,0.3012980638414904,0.31538750171821706
gap3_common_cohort,rf,373,7060047060,0.37572110737773073,0.38338797847277767
gap3_common_cohort,rf,384,7060014930,0.30349832263261695,0.2967483146986932
gap3_common_cohort,rf,386,7060014930,0.5695583219636912,0.4473358955415035
gap3_common_cohort,rf,391,7060014930,0.11688702537736742,0.14736813967052212
gap3_common_cohort,rf,393,7060047060,0.22433093687509145,0.2932064500130736
gap3_common_cohort,rf,398,7060047060,0.26401545413260996,0.3095678721779172
gap3_common_cohort,rf,41,7060016090,0.3054506214634258,0.29031326760827414
gap3_common_cohort,rf,413,7060014930,0.015455173536212445,0.11675458017764002
gap3_common_cohort,rf,415,7060047060,0.0745806789865424,0.2391386708837342
gap3_common_cohort,rf,416,7060047060,0.17890221425805486,0.23242274724384937
gap3_common_cohort,rf,419,7060008710,0.442023541374392,0.43673742003874494
gap3_common_cohort,rf,42,7060016090,0.3661877568923359,0.32784886843690164
gap3_common_cohort,rf,421,7060047060,0.25493325998242067,0.3826333775935775
gap3_common_cohort,rf,423,7060008710,0.2612522674047988,0.32028943555768313
gap3_common_cohort,rf,442,7060073620,0.27736381135740373,0.32814751729586994
gap3_common_cohort,rf,445,7060008710,0.22417176296553276,0.27999565132183507
gap3_common_cohort,rf,448,7060008710,0.22422473389265107,0.25265710562960586
gap3_common_cohort,rf,449,7060073620,0.4238280178254042,0.4327569742003141
gap3_common_cohort,rf,451,7060008710,0.22090927233216076,0.13967471993619565
gap3_common_cohort,rf,456,7060073620,0.25843224614974003,0.2550100836374403
gap3_common_cohort,rf,467,7060073620,0.5073133718431583,0.43068022661726196
gap3_common_cohort,rf,469,7060008710,0.4563006852152113,0.42671560741147974
gap3_common_cohort,rf,470,7060008710,0.31042437937266204,0.3030195820486897
gap3_common_cohort,rf,477,7060073620,0.2528298707120241,0.2558918994392165
gap3_common_cohort,rf,488,7060008710,0.2822310682626748,0.295576372412588
gap3_common_cohort,rf,497,7060008710,0.2480763062136852,0.32816505649454686
gap3_common_cohort,rf,500,7060047060,0.3564031200238438,0.38338797847277767
gap3_common_cohort,rf,502,7060008710,0.30211006397508533,0.25618161800696415
gap3_common_cohort,rf,505,7060047060,0.2402148885659517,0.27223209462862014
gap3_common_cohort,rf,509,7060008710,0.09916879377383866,0.26858048657325817
gap3_common_cohort,rf,511,7060047060,0.08440368437655454,0.25929750581213384
gap3_common_cohort,rf,517,7060008710,0.3480310255914106,0.34441122202271957
gap3_common_cohort,rf,518,7060008710,0.5050317725328377,0.4266156246426618
gap3_common_cohort,rf,522,7060047060,0.07026054013384717,0.23242274724384937
gap3_common_cohort,rf,524,7060073920,0.28031245311339764,0.4884148335233578
gap3_common_cohort,rf,530,7060047060,0.24882327314142194,0.28385915925397603
gap3_common_cohort,rf,531,7060008710,0.19465966337710933,0.28022919282285114
gap3_common_cohort,rf,533,7060047060,0.06238976289138662,0.23134928269740443
gap3_common_cohort,rf,536,7060008710,0.25549517063393434,0.26328047896809986
gap3_common_cohort,rf,541,7060008710,0.33512067960589664,0.3544005664806086
gap3_common_cohort,rf,542,7060008710,0.021829390999163038,0.09064435581640616
gap3_common_cohort,rf,549,7060008710,0.17426306956763082,0.15199899487985005
gap3_common_cohort,rf,55,7060014930,0.28550609958557943,0.3178000523660945
gap3_common_cohort,rf,567,7060008710,0.6595043312005375,0.4601805783033057
gap3_common_cohort,rf,57,7060014930,0.33597580296968027,0.34290333648016225
gap3_common_cohort,rf,574,7060008710,0.4024696804341001,0.4195535934988249
gap3_common_cohort,rf,575,7060008710,0.3423102148988813,0.41961714763156954
gap3_common_cohort,rf,595,7060013550,0.10813385174100312,0.21640110670345794
gap3_common_cohort,rf,597,7060008710,0.504672677607412,0.415535157772583
gap3_common_cohort,rf,60,7060014930,0.2041065565749272,0.29203342401394905
gap3_common_cohort,rf,600,7060013550,0.29742355965391953,0.32494900217999323
gap3_common_cohort,rf,601,7060008710,0.3982437519679096,0.3485746241395523
gap3_common_cohort,rf,612,7060013550,0.11003303591192931,0.16855489404584198
gap3_common_cohort,rf,63,7060014930,0.2688342824391425,0.3202226975739623
gap3_common_cohort,rf,7308,7060043500,0.17780351775247702,0.11382603074797672
gap3_common_cohort,rf,7313,7060047060,0.18782556894938995,0.2647629888731535
gap3_common_cohort,rf,7318,7060047060,0.014004335310672859,0.23097581798260297
gap3_common_cohort,rf,753,7060047060,0.15216346333752714,0.29708171840995257
gap3_common_cohort,rf,870,7060047060,0.05984246578898476,0.2415019065883771
gap3_common_cohort,rf,882,7060047060,0.07472428851333776,0.21229111518101731
gap3_common_cohort,rf,884,7060047060,0.07621634147289033,0.20832663354227968
gap3_common_cohort,rf,885,7060047060,0.06624913146272371,0.20908964574166325
gap3_common_cohort,rf,895,7060047060,0.014271387481084304,0.20777684861890286
gap3_common_cohort,rf,898,7060047060,0.4804827463621658,0.3580373505281894
gap3_common_cohort,rf,920,7060047060,0.010603340710536624,0.20788211034054016
gap3_common_cohort,rf,931,7060047060,1.2259182244099538,0.36115093809289023
gap3_common_cohort,rf,938,7060047060,0.38109461464621547,0.37104579651530223
gap7_common_cohort,mean,1017,7060047060,0.39350694741793457,0.3016968104104798
gap7_common_cohort,mean,1026,7060047060,0.27047730320991026,0.3016968104104798
gap7_common_cohort,mean,1033,7060047060,0.3492122023815647,0.3016968104104798
gap7_common_cohort,mean,1036,7060047060,0.20717264498721943,0.3016968104104798
gap7_common_cohort,mean,1042,7060047060,0.3236531161741061,0.3016968104104798
gap7_common_cohort,mean,1067,7060047060,0.6168662889042192,0.3016968104104798
gap7_common_cohort,mean,1086,7060049270,1.1066013206807137,0.2744020677528382
gap7_common_cohort,mean,1092,7060047060,0.6010100039936108,0.3016968104104798
gap7_common_cohort,mean,1101,7060047060,0.5969935721312235,0.3016968104104798
gap7_common_cohort,mean,1112,7060047060,0.499364886640837,0.3016968104104798
gap7_common_cohort,mean,1121,7060047060,0.32837844858050913,0.3016968104104798
gap7_common_cohort,mean,1122,7060047060,0.5217491049159911,0.3016968104104798
gap7_common_cohort,mean,1125,7060047060,0.32837844858050913,0.3016968104104798
gap7_common_cohort,mean,1127,7060047060,0.5663464704659067,0.3016968104104798
gap7_common_cohort,mean,114,7060014340,0.28175492182371464,0.2745375526400829
gap7_common_cohort,mean,1151,7060047970,0.5843168922743912,0.2745375526400829
gap7_common_cohort,mean,1192,7060047060,0.16432875978734707,0.3016968104104798
gap7_common_cohort,mean,1237,7060047970,0.6706848696134027,0.2745375526400829
gap7_common_cohort,mean,1249,7060048410,1.1752645856080293,0.28017646638343957
gap7_common_cohort,mean,131,7060014200,0.3073568919274698,0.2744020677528382
gap7_common_cohort,mean,132,7060013550,0.22073262558094145,0.28017646638343957
gap7_common_cohort,mean,133,7060013550,0.08624717187748211,0.28017646638343957
gap7_common_cohort,mean,148,7060013550,0.2190614565427998,0.28017646638343957
gap7_common_cohort,mean,1586,7060047060,0.10904752528982808,0.3016968104104798
gap7_common_cohort,mean,1587,7060047060,0.2799957740271275,0.3016968104104798
gap7_common_cohort,mean,1592,7060047060,0.34382574108077185,0.3016968104104798
gap7_common_cohort,mean,1595,7060047060,0.10879939687452436,0.3016968104104798
gap7_common_cohort,mean,1600,7060047060,0.16380715964146636,0.3016968104104798
gap7_common_cohort,mean,1617,7060047060,0.2658576019204949,0.3016968104104798
gap7_common_cohort,mean,1619,7060047060,0.14994540981136933,0.3016968104104798
gap7_common_cohort,mean,1620,7060047060,0.27244922316425124,0.3016968104104798
gap7_common_cohort,mean,1631,7060047060,0.13586625120138024,0.3016968104104798
gap7_common_cohort,mean,1634,7060047060,0.1758207414989661,0.3016968104104798
gap7_common_cohort,mean,1636,7060047060,0.3769837443754729,0.3016968104104798
gap7_common_cohort,mean,1645,7060047060,0.46880108927990805,0.3016968104104798
gap7_common_cohort,mean,1650,7060047060,0.1902835665834986,0.3016968104104798
gap7_common_cohort,mean,1654,7060047060,0.4581723993322289,0.3016968104104798
gap7_common_cohort,mean,1655,7060047060,0.27903405496887934,0.3016968104104798
gap7_common_cohort,mean,1656,7060047060,0.2013737127912082,0.3016968104104798
gap7_common_cohort,mean,1683,7060047060,0.44087707368667267,0.3016968104104798
gap7_common_cohort,mean,169,7060013560,0.5364496453098534,0.2745375526400829
gap7_common_cohort,mean,1691,7060047060,0.11616721478804654,0.3016968104104798
gap7_common_cohort,mean,1699,7060047060,0.10173478820258915,0.3016968104104798
gap7_common_cohort,mean,1703,7060047060,0.716660099941124,0.3016968104104798
gap7_common_cohort,mean,1706,7060047060,0.14394821276290282,0.3016968104104798
gap7_common_cohort,mean,1707,7060047060,0.2516954924878223,0.3016968104104798
gap7_common_cohort,mean,1709,7060047060,0.09069195877190259,0.3016968104104798
gap7_common_cohort,mean,1712,7060047060,0.11904257815575439,0.3016968104104798
gap7_common_cohort,mean,1713,7060047060,0.20966152043998507,0.3016968104104798
gap7_common_cohort,mean,1714,7060047060,0.3091300571912571,0.3016968104104798
gap7_common_cohort,mean,1718,7060047060,0.44885605648942306,0.3016968104104798
gap7_common_cohort,mean,1723,7060047060,0.19541101588863802,0.3016968104104798
gap7_common_cohort,mean,1726,7060047060,0.10887882617778469,0.3016968104104798
gap7_common_cohort,mean,1735,7060047060,0.06989193072029252,0.3016968104104798
gap7_common_cohort,mean,1739,7060047060,0.29666539359342553,0.3016968104104798
gap7_common_cohort,mean,1740,7060047060,0.1758207414989661,0.3016968104104798
gap7_common_cohort,mean,1741,7060047060,0.3534252217323681,0.3016968104104798
gap7_common_cohort,mean,1742,7060047060,0.08593152552715454,0.3016968104104798
gap7_common_cohort,mean,1744,7060047060,0.2387276522901479,0.3016968104104798
gap7_common_cohort,mean,1752,7060047060,0.03017830633154979,0.3016968104104798
gap7_common_cohort,mean,1753,7060047060,0.034264448408433124,0.3016968104104798
gap7_common_cohort,mean,1755,7060047060,0.5562673086774179,0.3016968104104798
gap7_common_cohort,mean,1761,7060042310,0.2777875849796639,0.2744020677528382
gap7_common_cohort,mean,1768,7060047060,0.01211858013282131,0.3016968104104798
gap7_common_cohort,mean,1776,7060043090,0.0855439313352062,0.28017646638343957
gap7_common_cohort,mean,1777,7060047060,0.30360310971475724,0.3016968104104798
gap7_common_cohort,mean,182,7060013550,0.18271699961023843,0.28017646638343957
gap7_common_cohort,mean,1848,7060047060,0.5028227720001452,0.3016968104104798
gap7_common_cohort,mean,1851,7060043500,0.16036588256855794,0.2745375526400829
gap7_common_cohort,mean,1864,7060047060,0.5453666496134132,0.3016968104104798
gap7_common_cohort,mean,1869,7060047060,0.6497507178945514,0.3016968104104798
gap7_common_cohort,mean,1879,7060043160,0.5751504137111221,0.2744020677528382
gap7_common_cohort,mean,1883,7060043640,0.2596114124714888,0.2745375526400829
gap7_common_cohort,mean,191,7060013550,0.24386640433051454,0.28017646638343957
gap7_common_cohort,mean,198,7060013550,0.3096217134039919,0.28017646638343957
gap7_common_cohort,mean,204,7060013550,0.30643246924406614,0.28017646638343957
gap7_common_cohort,mean,292,7060022240,0.4488780883870729,0.2745375526400829
gap7_common_cohort,mean,307,7060047060,0.13740524807438276,0.3016968104104798
gap7_common_cohort,mean,310,7060014930,0.06269236039805173,0.2744020677528382
gap7_common_cohort,mean,316,7060014930,0.2222499551419378,0.2744020677528382
gap7_common_cohort,mean,319,7060047060,0.23881827227462005,0.3016968104104798
gap7_common_cohort,mean,355,7060047060,0.12340187249362164,0.3016968104104798
gap7_common_cohort,mean,361,7060014930,0.10418881660228682,0.2744020677528382
gap7_common_cohort,mean,362,7060047060,0.3841607485850629,0.3016968104104798
gap7_common_cohort,mean,364,7060047060,0.16250170400561625,0.3016968104104798
gap7_common_cohort,mean,368,7060047060,0.4103539447665343,0.3016968104104798
gap7_common_cohort,mean,372,7060014930,0.30383707768912877,0.2744020677528382
gap7_common_cohort,mean,373,7060047060,0.37572110737773073,0.3016968104104798
gap7_common_cohort,mean,384,7060014930,0.30349832263261695,0.2744020677528382
gap7_common_cohort,mean,386,7060014930,0.5695583219636912,0.2744020677528382
gap7_common_cohort,mean,391,7060014930,0.11688702537736742,0.2744020677528382
gap7_common_cohort,mean,393,7060047060,0.22433093687509145,0.3016968104104798
gap7_common_cohort,mean,398,7060047060,0.26401545413260996,0.3016968104104798
gap7_common_cohort,mean,41,7060016090,0.3054506214634258,0.2744020677528382
gap7_common_cohort,mean,413,7060014930,0.015455173536212445,0.2744020677528382
gap7_common_cohort,mean,415,7060047060,0.0745806789865424,0.3016968104104798
gap7_common_cohort,mean,416,7060047060,0.17890221425805486,0.3016968104104798
gap7_common_cohort,mean,419,7060008710,0.4415327512893553,0.27460907692219527
gap7_common_cohort,mean,42,7060016090,0.3661877568923359,0.2744020677528382
gap7_common_cohort,mean,421,7060047060,0.25493325998242067,0.3016968104104798
gap7_common_cohort,mean,423,7060008710,0.2612522674047988,0.27460907692219527
gap7_common_cohort,mean,442,7060073620,0.27736381135740373,0.2745375526400829
gap7_common_cohort,mean,445,7060008710,0.22417176296553276,0.27460907692219527
gap7_common_cohort,mean,448,7060008710,0.2242199562797339,0.27460907692219527
gap7_common_cohort,mean,449,7060073620,0.4238280178254042,0.2745375526400829
gap7_common_cohort,mean,451,7060008710,0.22090927233216076,0.27460907692219527
gap7_common_cohort,mean,456,7060073620,0.2594138858675854,0.2745375526400829
gap7_common_cohort,mean,467,7060073620,0.5073133718431583,0.2745375526400829
gap7_common_cohort,mean,469,7060008710,0.4566108459677779,0.27460907692219527
gap7_common_cohort,mean,470,7060008710,0.3107401164597128,0.27460907692219527
gap7_common_cohort,mean,477,7060073620,0.2528298707120241,0.2745375526400829
gap7_common_cohort,mean,488,7060008710,0.2822310682626748,0.27460907692219527
gap7_common_cohort,mean,497,7060008710,0.2480763062136852,0.27460907692219527
gap7_common_cohort,mean,500,7060047060,0.3564031200238438,0.3016968104104798
gap7_common_cohort,mean,502,7060008710,0.30211006397508533,0.27460907692219527
gap7_common_cohort,mean,505,7060047060,0.2402148885659517,0.3016968104104798
gap7_common_cohort,mean,509,7060008710,0.09916879377383866,0.27460907692219527
gap7_common_cohort,mean,511,7060047060,0.08440368437655454,0.3016968104104798
gap7_common_cohort,mean,517,7060008710,0.348045848016736,0.27460907692219527
gap7_common_cohort,mean,518,7060008710,0.5050317725328377,0.27460907692219527
gap7_common_cohort,mean,522,7060047060,0.07026054013384717,0.3016968104104798
gap7_common_cohort,mean,524,7060073920,0.28031245311339764,0.28017646638343957
gap7_common_cohort,mean,530,7060047060,0.24882327314142194,0.3016968104104798
gap7_common_cohort,mean,531,7060008710,0.19465966337710933,0.27460907692219527
gap7_common_cohort,mean,533,7060047060,0.06238976289138662,0.3016968104104798
gap7_common_cohort,mean,536,7060008710,0.25549517063393434,0.27460907692219527
gap7_common_cohort,mean,541,7060008710,0.33512067960589664,0.27460907692219527
gap7_common_cohort,mean,542,7060008710,0.021829390999163038,0.27460907692219527
gap7_common_cohort,mean,549,7060008710,0.17413413849696685,0.27460907692219527
gap7_common_cohort,mean,55,7060014930,0.28550609958557943,0.2744020677528382
gap7_common_cohort,mean,567,7060008710,0.6596129539991097,0.27460907692219527
gap7_common_cohort,mean,57,7060014930,0.33597580296968027,0.2744020677528382
gap7_common_cohort,mean,574,7060008710,0.4024696804341001,0.27460907692219527
gap7_common_cohort,mean,575,7060008710,0.3423102148988813,0.27460907692219527
gap7_common_cohort,mean,595,7060013550,0.10813385174100312,0.28017646638343957
gap7_common_cohort,mean,597,7060008710,0.504672677607412,0.27460907692219527
gap7_common_cohort,mean,60,7060014930,0.2041065565749272,0.2744020677528382
gap7_common_cohort,mean,600,7060013550,0.29742355965391953,0.28017646638343957
gap7_common_cohort,mean,601,7060008710,0.3982437519679096,0.27460907692219527
gap7_common_cohort,mean,612,7060013550,0.11001578163833917,0.28017646638343957
gap7_common_cohort,mean,63,7060014930,0.2688342824391425,0.2744020677528382
gap7_common_cohort,mean,7308,7060043500,0.17780351775247702,0.2745375526400829
gap7_common_cohort,mean,7313,7060047060,0.18782556894938995,0.3016968104104798
gap7_common_cohort,mean,7318,7060047060,0.014004335310672859,0.3016968104104798
gap7_common_cohort,mean,753,7060047060,0.15216346333752714,0.3016968104104798
gap7_common_cohort,mean,870,7060047060,0.05984246578898476,0.3016968104104798
gap7_common_cohort,mean,882,7060047060,0.07472428851333776,0.3016968104104798
gap7_common_cohort,mean,884,7060047060,0.07621634147289033,0.3016968104104798
gap7_common_cohort,mean,885,7060047060,0.06624913146272371,0.3016968104104798
gap7_common_cohort,mean,895,7060047060,0.014271387481084304,0.3016968104104798
gap7_common_cohort,mean,898,7060047060,0.4804827463621658,0.3016968104104798
gap7_common_cohort,mean,920,7060047060,0.010603340710536624,0.3016968104104798
gap7_common_cohort,mean,931,7060047060,1.2259182244099538,0.3016968104104798
gap7_common_cohort,mean,938,7060047060,0.3808118758664072,0.3016968104104798
gap7_common_cohort,persistence,1017,7060047060,0.39350694741793457,0.32732625657686143
gap7_common_cohort,persistence,1026,7060047060,0.27047730320991026,0.2834168970340526
gap7_common_cohort,persistence,1033,7060047060,0.3492122023815647,0.33911868468061473
gap7_common_cohort,persistence,1036,7060047060,0.20717264498721943,0.21383819202015208
gap7_common_cohort,persistence,1042,7060047060,0.3236531161741061,0.3812739904689628
gap7_common_cohort,persistence,1067,7060047060,0.6168662889042192,0.5506501849189527
gap7_common_cohort,persistence,1086,7060049270,1.1066013206807137,0.8848431516750894
gap7_common_cohort,persistence,1092,7060047060,0.6010100039936108,0.5212600112783097
gap7_common_cohort,persistence,1101,7060047060,0.5969935721312235,0.48238399696401857
gap7_common_cohort,persistence,1112,7060047060,0.499364886640837,0.38296951698055165
gap7_common_cohort,persistence,1121,7060047060,0.32837844858050913,0.25815139018932476
gap7_common_cohort,persistence,1122,7060047060,0.5217491049159911,0.45839296501237914
gap7_common_cohort,persistence,1125,7060047060,0.32837844858050913,0.25815139018932476
gap7_common_cohort,persistence,1127,7060047060,0.5663464704659067,0.4843791452026821
gap7_common_cohort,persistence,114,7060014340,0.28175492182371464,0.4160044938936299
gap7_common_cohort,persistence,1151,7060047970,0.5843168922743912,0.39937269564133215
gap7_common_cohort,persistence,1192,7060047060,0.16432875978734707,0.12311908521187284
gap7_common_cohort,persistence,1237,7060047970,0.6706848696134027,0.5579418713718229
gap7_common_cohort,persistence,1249,7060048410,1.1752645856080293,0.8786082927534192
gap7_common_cohort,persistence,131,7060014200,0.3073568919274698,0.2860719655344296
gap7_common_cohort,persistence,132,7060013550,0.22073262558094145,0.1493315015289595
gap7_common_cohort,persistence,133,7060013550,0.08624717187748211,0.046359241526245584
gap7_common_cohort,persistence,148,7060013550,0.2190614565427998,0.18148399627001854
gap7_common_cohort,persistence,1586,7060047060,0.10904752528982808,0.13506777257551217
gap7_common_cohort,persistence,1587,7060047060,0.2799957740271275,0.27537901244813345
gap7_common_cohort,persistence,1592,7060047060,0.34382574108077185,0.21977552761039992
gap7_common_cohort,persistence,1595,7060047060,0.10879939687452436,0.04052037059224774
gap7_common_cohort,persistence,1600,7060047060,0.16380715964146636,0.14189920675046158
gap7_common_cohort,persistence,1617,7060047060,0.2658576019204949,0.31342708481125076
gap7_common_cohort,persistence,1619,7060047060,0.14994540981136933,0.2411145373293386
gap7_common_cohort,persistence,1620,7060047060,0.27244922316425124,0.29373950829282947
gap7_common_cohort,persistence,1631,7060047060,0.13586625120138024,0.20836567804383369
gap7_common_cohort,persistence,1634,7060047060,0.1758207414989661,0.14422797835809964
gap7_common_cohort,persistence,1636,7060047060,0.3769837443754729,0.48578499594909874
gap7_common_cohort,persistence,1645,7060047060,0.46880108927990805,0.4352714907165549
gap7_common_cohort,persistence,1650,7060047060,0.1902835665834986,0.29790227844638123
gap7_common_cohort,persistence,1654,7060047060,0.4581723993322289,0.44796201049184103
gap7_common_cohort,persistence,1655,7060047060,0.27903405496887934,0.2795508120545117
gap7_common_cohort,persistence,1656,7060047060,0.2013737127912082,0.1581455963637178
gap7_common_cohort,persistence,1683,7060047060,0.44087707368667267,0.38006640718230245
gap7_common_cohort,persistence,169,7060013560,0.5364496453098534,0.6410738545123189
gap7_common_cohort,persistence,1691,7060047060,0.11616721478804654,0.16906698920481789
gap7_common_cohort,persistence,1699,7060047060,0.10173478820258915,0.0932043910144893
gap7_common_cohort,persistence,1703,7060047060,0.716660099941124,0.6006220667118699
gap7_common_cohort,persistence,1706,7060047060,0.14394821276290282,0.13752537808300166
gap7_common_cohort,persistence,1707,7060047060,0.2516954924878223,0.29054549589074513
gap7_common_cohort,persistence,1709,7060047060,0.09069195877190259,0.06746998050513128
gap7_common_cohort,persistence,1712,7060047060,0.11904257815575439,0.14040051365660172
gap7_common_cohort,persistence,1713,7060047060,0.20966152043998507,0.28784117898830874
gap7_common_cohort,persistence,1714,7060047060,0.3091300571912571,0.3715533410694491
gap7_common_cohort,persistence,1718,7060047060,0.44885605648942306,0.4887165938297443
gap7_common_cohort,persistence,1723,7060047060,0.19541101588863802,0.20587239654480438
gap7_common_cohort,persistence,1726,7060047060,0.10887882617778469,0.12855630496026077
gap7_common_cohort,persistence,1735,7060047060,0.06989193072029252,0.08022106913608207
gap7_common_cohort,persistence,1739,7060047060,0.29666539359342553,0.30490781245337906
gap7_common_cohort,persistence,1740,7060047060,0.1758207414989661,0.14422797835809964
gap7_common_cohort,persistence,1741,7060047060,0.3534252217323681,0.30269984489098456
gap7_common_cohort,persistence,1742,7060047060,0.08593152552715454,0.0847118412498331
gap7_common_cohort,persistence,1744,7060047060,0.2387276522901479,0.21328782928822254
gap7_common_cohort,persistence,1752,7060047060,0.03017830633154979,0.04180743367016232
gap7_common_cohort,persistence,1753,7060047060,0.034264448408433124,0.12688018325062994
gap7_common_cohort,persistence,1755,7060047060,0.5562673086774179,0.4676057793716548
gap7_common_cohort,persistence,1761,7060042310,0.2777875849796639,0.21351305755394226
gap7_common_cohort,persistence,1768,7060047060,0.01211858013282131,0.019094588581639885
gap7_common_cohort,persistence,1776,7060043090,0.0855439313352062,0.04669715183213882
gap7_common_cohort,persistence,1777,7060047060,0.30360310971475724,0.29997131809593375
gap7_common_cohort,persistence,182,7060013550,0.18271699961023843,0.18876530730899535
gap7_common_cohort,persistence,1848,7060047060,0.5028227720001452,0.5055296456992726
gap7_common_cohort,persistence,1851,7060043500,0.16036588256855794,0.19702407372200692
gap7_common_cohort,persistence,1864,7060047060,0.5453666496134132,0.5237262413583994
gap7_common_cohort,persistence,1869,7060047060,0.6497507178945514,0.6825118324280082
gap7_common_cohort,persistence,1879,7060043160,0.5751504137111221,0.5557630083151025
gap7_common_cohort,persistence,1883,7060043640,0.2596114124714888,0.23022950895963157
gap7_common_cohort,persistence,191,7060013550,0.24386640433051454,0.32628143167970514
gap7_common_cohort,persistence,198,7060013550,0.3096217134039919,0.3694799339071249
gap7_common_cohort,persistence,204,7060013550,0.30643246924406614,0.37680003350630276
gap7_common_cohort,persistence,292,7060022240,0.4488780883870729,0.42138411212349286
gap7_common_cohort,persistence,307,7060047060,0.13740524807438276,0.15470541289290046
gap7_common_cohort,persistence,310,7060014930,0.06269236039805173,0.06604083258205336
gap7_common_cohort,persistence,316,7060014930,0.2222499551419378,0.23956559273349093
gap7_common_cohort,persistence,319,7060047060,0.23881827227462005,0.25458913624304513
gap7_common_cohort,persistence,355,7060047060,0.12340187249362164,0.1511515807310599
gap7_common_cohort,persistence,361,7060014930,0.10418881660228682,0.11348785223031241
gap7_common_cohort,persistence,362,7060047060,0.3841607485850629,0.6821706073259356
gap7_common_cohort,persistence,364,7060047060,0.16250170400561625,0.1385491053591678
gap7_common_cohort,persistence,368,7060047060,0.4103539447665343,0.3845293674011495
gap7_common_cohort,persistence,372,7060014930,0.30383707768912877,0.321789515217204
gap7_common_cohort,persistence,373,7060047060,0.37572110737773073,0.4707153146807739
gap7_common_cohort,persistence,384,7060014930,0.30349832263261695,0.2831345755642386
gap7_common_cohort,persistence,386,7060014930,0.5695583219636912,0.5279290440279005
gap7_common_cohort,persistence,391,7060014930,0.11688702537736742,0.14209966752511582
gap7_common_cohort,persistence,393,7060047060,0.22433093687509145,0.2318804158587709
gap7_common_cohort,persistence,398,7060047060,0.26401545413260996,0.23068884643871296
gap7_common_cohort,persistence,41,7060016090,0.3054506214634258,0.28046628020470366
gap7_common_cohort,persistence,413,7060014930,0.015455173536212445,0.026501662050484685
gap7_common_cohort,persistence,415,7060047060,0.0745806789865424,0.07569707632721556
gap7_common_cohort,persistence,416,7060047060,0.17890221425805486,0.14739472370243467
gap7_common_cohort,persistence,419,7060008710,0.4415327512893553,0.5093526950317866
gap7_common_cohort,persistence,42,7060016090,0.3661877568923359,0.33841626142315506
gap7_common_cohort,persistence,421,7060047060,0.25493325998242067,0.4036575656808902
gap7_common_cohort,persistence,423,7060008710,0.2612522674047988,0.3286078843081458
gap7_common_cohort,persistence,442,7060073620,0.27736381135740373,0.2864275447995147
gap7_common_cohort,persistence,445,7060008710,0.22417176296553276,0.2574234059221701
gap7_common_cohort,persistence,448,7060008710,0.2242199562797339,0.23387367999688877
gap7_common_cohort,persistence,449,7060073620,0.4238280178254042,0.50332272036719
gap7_common_cohort,persistence,451,7060008710,0.22090927233216076,0.13887653599825775
gap7_common_cohort,persistence,456,7060073620,0.2594138858675854,0.22276373704175934
gap7_common_cohort,persistence,467,7060073620,0.5073133718431583,0.44820375994804273
gap7_common_cohort,persistence,469,7060008710,0.4566108459677779,0.44465034734151054
gap7_common_cohort,persistence,470,7060008710,0.3107401164597128,0.292344339912088
gap7_common_cohort,persistence,477,7060073620,0.2528298707120241,0.3057929953627724
gap7_common_cohort,persistence,488,7060008710,0.2822310682626748,0.386207758834355
gap7_common_cohort,persistence,497,7060008710,0.2480763062136852,0.3404241592828343
gap7_common_cohort,persistence,500,7060047060,0.3564031200238438,0.38630047334848966
gap7_common_cohort,persistence,502,7060008710,0.30211006397508533,0.22595826657260681
gap7_common_cohort,persistence,505,7060047060,0.2402148885659517,0.21416520673928122
gap7_common_cohort,persistence,509,7060008710,0.09916879377383866,0.2282747504052163
gap7_common_cohort,persistence,511,7060047060,0.08440368437655454,0.11561435636273784
gap7_common_cohort,persistence,517,7060008710,0.348045848016736,0.3773647118633924
gap7_common_cohort,persistence,518,7060008710,0.5050317725328377,0.4915565911036478
gap7_common_cohort,persistence,522,7060047060,0.07026054013384717,0.11733872343174437
gap7_common_cohort,persistence,524,7060073920,0.28031245311339764,0.6056334554122743
gap7_common_cohort,persistence,530,7060047060,0.24882327314142194,0.22146285246209962
gap7_common_cohort,persistence,531,7060008710,0.19465966337710933,0.2472697248878713
gap7_common_cohort,persistence,533,7060047060,0.06238976289138662,0.07110730695520295
gap7_common_cohort,persistence,536,7060008710,0.25549517063393434,0.24693341308304378
gap7_common_cohort,persistence,541,7060008710,0.33512067960589664,0.3855330714681625
gap7_common_cohort,persistence,542,7060008710,0.021829390999163038,0.062185232801962954
gap7_common_cohort,persistence,549,7060008710,0.17413413849696685,0.1290533293719554
gap7_common_cohort,persistence,55,7060014930,0.28550609958557943,0.29859361974404636
gap7_common_cohort,persistence,567,7060008710,0.6596129539991097,0.5680005603780957
gap7_common_cohort,persistence,57,7060014930,0.33597580296968027,0.39010191957263496
gap7_common_cohort,persistence,574,7060008710,0.4024696804341001,0.4539797516477301
gap7_common_cohort,persistence,575,7060008710,0.3423102148988813,0.45085252489575905
gap7_common_cohort,persistence,595,7060013550,0.10813385174100312,0.19201996238898328
gap7_common_cohort,persistence,597,7060008710,0.504672677607412,0.481298882047343
gap7_common_cohort,persistence,60,7060014930,0.2041065565749272,0.2663200574555232
gap7_common_cohort,persistence,600,7060013550,0.29742355965391953,0.29221420947470805
gap7_common_cohort,persistence,601,7060008710,0.3982437519679096,0.34798504740262953
gap7_common_cohort,persistence,612,7060013550,0.11001578163833917,0.15102517553182981
gap7_common_cohort,persistence,63,7060014930,0.2688342824391425,0.3629869753237469
gap7_common_cohort,persistence,7308,7060043500,0.17780351775247702,0.14460051379162792
gap7_common_cohort,persistence,7313,7060047060,0.18782556894938995,0.20539925152870275
gap7_common_cohort,persistence,7318,7060047060,0.014004335310672859,0.011668990812269998
gap7_common_cohort,persistence,753,7060047060,0.15216346333752714,0.2442817547925933
gap7_common_cohort,persistence,870,7060047060,0.05984246578898476,0.1978266320944444
gap7_common_cohort,persistence,882,7060047060,0.07472428851333776,0.12451445634677971
gap7_common_cohort,persistence,884,7060047060,0.07621634147289033,0.08302616680673872
gap7_common_cohort,persistence,885,7060047060,0.06624913146272371,0.18219446829248112
gap7_common_cohort,persistence,895,7060047060,0.014271387481084304,0.020511690869501536
gap7_common_cohort,persistence,898,7060047060,0.4804827463621658,0.7780275244548219
gap7_common_cohort,persistence,920,7060047060,0.010603340710536624,0.04751129309744815
gap7_common_cohort,persistence,931,7060047060,1.2259182244099538,0.9539932496405352
gap7_common_cohort,persistence,938,7060047060,0.3808118758664072,0.8624369878013642
gap7_common_cohort,ridge,1017,7060047060,0.39350694741793457,0.39040685639880196
gap7_common_cohort,ridge,1026,7060047060,0.27047730320991026,0.349223632648169
gap7_common_cohort,ridge,1033,7060047060,0.3492122023815647,0.42050251908654734
gap7_common_cohort,ridge,1036,7060047060,0.20717264498721943,0.29162110468001295
gap7_common_cohort,ridge,1042,7060047060,0.3236531161741061,0.40959525265971936
gap7_common_cohort,ridge,1067,7060047060,0.6168662889042192,0.5315750706359694
gap7_common_cohort,ridge,1086,7060049270,1.1066013206807137,0.6965774781689633
gap7_common_cohort,ridge,1092,7060047060,0.6010100039936108,0.5169400297905103
gap7_common_cohort,ridge,1101,7060047060,0.5969935721312235,0.4224215332070164
gap7_common_cohort,ridge,1112,7060047060,0.499364886640837,0.39953035116054936
gap7_common_cohort,ridge,1121,7060047060,0.32837844858050913,0.3240186659799779
gap7_common_cohort,ridge,1122,7060047060,0.5217491049159911,0.4636744070376252
gap7_common_cohort,ridge,1125,7060047060,0.32837844858050913,0.3240186659799779
gap7_common_cohort,ridge,1127,7060047060,0.5663464704659067,0.48721348653104024
gap7_common_cohort,ridge,114,7060014340,0.28175492182371464,0.3773647664886592
gap7_common_cohort,ridge,1151,7060047970,0.5843168922743912,0.5096376016491297
gap7_common_cohort,ridge,1192,7060047060,0.16432875978734707,0.1942864833224674
gap7_common_cohort,ridge,1237,7060047970,0.6706848696134027,0.5112225033809987
gap7_common_cohort,ridge,1249,7060048410,1.1752645856080293,0.8873856531997494
gap7_common_cohort,ridge,131,7060014200,0.3073568919274698,0.2679919385153961
gap7_common_cohort,ridge,132,7060013550,0.22073262558094145,0.15811631318377067
gap7_common_cohort,ridge,133,7060013550,0.08624717187748211,0.07570211811727537
gap7_common_cohort,ridge,148,7060013550,0.2190614565427998,0.18821451436109699
gap7_common_cohort,ridge,1586,7060047060,0.10904752528982808,0.27677530431787334
gap7_common_cohort,ridge,1587,7060047060,0.2799957740271275,0.3358118744297831
gap7_common_cohort,ridge,1592,7060047060,0.34382574108077185,0.3096363253044319
gap7_common_cohort,ridge,1595,7060047060,0.10879939687452436,0.1918526035994304
gap7_common_cohort,ridge,1600,7060047060,0.16380715964146636,0.2623779500343651
gap7_common_cohort,ridge,1617,7060047060,0.2658576019204949,0.33701813455551655
gap7_common_cohort,ridge,1619,7060047060,0.14994540981136933,0.30467701904186983
gap7_common_cohort,ridge,1620,7060047060,0.27244922316425124,0.30295440898428877
gap7_common_cohort,ridge,1631,7060047060,0.13586625120138024,0.3028716976422592
gap7_common_cohort,ridge,1634,7060047060,0.1758207414989661,0.2444286795313695
gap7_common_cohort,ridge,1636,7060047060,0.3769837443754729,0.43199117048456126
gap7_common_cohort,ridge,1645,7060047060,0.46880108927990805,0.4399297784824151
gap7_common_cohort,ridge,1650,7060047060,0.1902835665834986,0.35184878000624953
gap7_common_cohort,ridge,1654,7060047060,0.4581723993322289,0.4266661400685662
gap7_common_cohort,ridge,1655,7060047060,0.27903405496887934,0.3494498503876555
gap7_common_cohort,ridge,1656,7060047060,0.2013737127912082,0.2654123039772507
gap7_common_cohort,ridge,1683,7060047060,0.44087707368667267,0.4185787736630184
gap7_common_cohort,ridge,169,7060013560,0.5364496453098534,0.541811746286156
gap7_common_cohort,ridge,1691,7060047060,0.11616721478804654,0.26312505432662814
gap7_common_cohort,ridge,1699,7060047060,0.10173478820258915,0.20497868223571203
gap7_common_cohort,ridge,1703,7060047060,0.716660099941124,0.5274204114656562
gap7_common_cohort,ridge,1706,7060047060,0.14394821276290282,0.2417016796252393
gap7_common_cohort,ridge,1707,7060047060,0.2516954924878223,0.3717133050181025
gap7_common_cohort,ridge,1709,7060047060,0.09069195877190259,0.1927000054012803
gap7_common_cohort,ridge,1712,7060047060,0.11904257815575439,0.27765215625212114
gap7_common_cohort,ridge,1713,7060047060,0.20966152043998507,0.3480232759318998
gap7_common_cohort,ridge,1714,7060047060,0.3091300571912571,0.3568606062055502
gap7_common_cohort,ridge,1718,7060047060,0.44885605648942306,0.46006184092804486
gap7_common_cohort,ridge,1723,7060047060,0.19541101588863802,0.29371648044088317
gap7_common_cohort,ridge,1726,7060047060,0.10887882617778469,0.2583307862950291
gap7_common_cohort,ridge,1735,7060047060,0.06989193072029252,0.22953576424847558
gap7_common_cohort,ridge,1739,7060047060,0.29666539359342553,0.35553726763139026
gap7_common_cohort,ridge,1740,7060047060,0.1758207414989661,0.2444286795313695
gap7_common_cohort,ridge,1741,7060047060,0.3534252217323681,0.34935824491266027
gap7_common_cohort,ridge,1742,7060047060,0.08593152552715454,0.21994143960477816
gap7_common_cohort,ridge,1744,7060047060,0.2387276522901479,0.30228959805563815
gap7_common_cohort,ridge,1752,7060047060,0.03017830633154979,0.14621094195999396
gap7_common_cohort,ridge,1753,7060047060,0.034264448408433124,0.20318953024472358
gap7_common_cohort,ridge,1755,7060047060,0.5562673086774179,0.41618912727251994
gap7_common_cohort,ridge,1761,7060042310,0.2777875849796639,0.2045106329719104
gap7_common_cohort,ridge,1768,7060047060,0.01211858013282131,0.1443018786459828
gap7_common_cohort,ridge,1776,7060043090,0.0855439313352062,0.08400857703958942
gap7_common_cohort,ridge,1777,7060047060,0.30360310971475724,0.34215688807382977
gap7_common_cohort,ridge,182,7060013550,0.18271699961023843,0.19384075318700433
gap7_common_cohort,ridge,1848,7060047060,0.5028227720001452,0.40540283873668287
gap7_common_cohort,ridge,1851,7060043500,0.16036588256855794,0.17070611969659305
gap7_common_cohort,ridge,1864,7060047060,0.5453666496134132,0.41522258424868
gap7_common_cohort,ridge,1869,7060047060,0.6497507178945514,0.5108532004795296
gap7_common_cohort,ridge,1879,7060043160,0.5751504137111221,0.4046449862662498
gap7_common_cohort,ridge,1883,7060043640,0.2596114124714888,0.22737779799762742
gap7_common_cohort,ridge,191,7060013550,0.24386640433051454,0.2875748089428139
gap7_common_cohort,ridge,198,7060013550,0.3096217134039919,0.3182814259017794
gap7_common_cohort,ridge,204,7060013550,0.30643246924406614,0.3339096357714543
gap7_common_cohort,ridge,292,7060022240,0.4488780883870729,0.3362658373127525
gap7_common_cohort,ridge,307,7060047060,0.13740524807438276,0.21366441459350916
gap7_common_cohort,ridge,310,7060014930,0.06269236039805173,0.0707620321827955
gap7_common_cohort,ridge,316,7060014930,0.2222499551419378,0.22444014261645576
gap7_common_cohort,ridge,319,7060047060,0.23881827227462005,0.32608461827995905
gap7_common_cohort,ridge,355,7060047060,0.12340187249362164,0.24023599375011326
gap7_common_cohort,ridge,361,7060014930,0.10418881660228682,0.15659728913398147
gap7_common_cohort,ridge,362,7060047060,0.3841607485850629,0.4586698058302152
gap7_common_cohort,ridge,364,7060047060,0.16250170400561625,0.19485182504325355
gap7_common_cohort,ridge,368,7060047060,0.4103539447665343,0.41162171363683664
gap7_common_cohort,ridge,372,7060014930,0.30383707768912877,0.3440216343417484
gap7_common_cohort,ridge,373,7060047060,0.37572110737773073,0.4479891446891937
gap7_common_cohort,ridge,384,7060014930,0.30349832263261695,0.29866003446491574
gap7_common_cohort,ridge,386,7060014930,0.5695583219636912,0.5052032513537554
gap7_common_cohort,ridge,391,7060014930,0.11688702537736742,0.1652126034030395
gap7_common_cohort,ridge,393,7060047060,0.22433093687509145,0.29864073796709545
gap7_common_cohort,ridge,398,7060047060,0.26401545413260996,0.3221838211881313
gap7_common_cohort,ridge,41,7060016090,0.3054506214634258,0.2518149778262105
gap7_common_cohort,ridge,413,7060014930,0.015455173536212445,0.08112641695854167
gap7_common_cohort,ridge,415,7060047060,0.0745806789865424,0.1737142354041336
gap7_common_cohort,ridge,416,7060047060,0.17890221425805486,0.21677118800871015
gap7_common_cohort,ridge,419,7060008710,0.4415327512893553,0.46343328707762943
gap7_common_cohort,ridge,42,7060016090,0.3661877568923359,0.2817461411384063
gap7_common_cohort,ridge,421,7060047060,0.25493325998242067,0.41678397815637536
gap7_common_cohort,ridge,423,7060008710,0.2612522674047988,0.3001825930373663
gap7_common_cohort,ridge,442,7060073620,0.27736381135740373,0.28330402448805986
gap7_common_cohort,ridge,445,7060008710,0.22417176296553276,0.3192352430606287
gap7_common_cohort,ridge,448,7060008710,0.2242199562797339,0.30168533804508674
gap7_common_cohort,ridge,449,7060073620,0.4238280178254042,0.3681980841428735
gap7_common_cohort,ridge,451,7060008710,0.22090927233216076,0.13754571609059307
gap7_common_cohort,ridge,456,7060073620,0.2594138858675854,0.22653255367090908
gap7_common_cohort,ridge,467,7060073620,0.5073133718431583,0.4217305374019291
gap7_common_cohort,ridge,469,7060008710,0.4566108459677779,0.4364071395197633
gap7_common_cohort,ridge,470,7060008710,0.3107401164597128,0.3840202517698439
gap7_common_cohort,ridge,477,7060073620,0.2528298707120241,0.25817898535143957
gap7_common_cohort,ridge,488,7060008710,0.2822310682626748,0.31629775344546723
gap7_common_cohort,ridge,497,7060008710,0.2480763062136852,0.34659103194939317
gap7_common_cohort,ridge,500,7060047060,0.3564031200238438,0.3813208579974371
gap7_common_cohort,ridge,502,7060008710,0.30211006397508533,0.23967506240967928
gap7_common_cohort,ridge,505,7060047060,0.2402148885659517,0.2504395865954937
gap7_common_cohort,ridge,509,7060008710,0.09916879377383866,0.28277368751303855
gap7_common_cohort,ridge,511,7060047060,0.08440368437655454,0.28419696485708823
gap7_common_cohort,ridge,517,7060008710,0.348045848016736,0.3538248243096386
gap7_common_cohort,ridge,518,7060008710,0.5050317725328377,0.4716902601759021
gap7_common_cohort,ridge,522,7060047060,0.07026054013384717,0.20580314347547787
gap7_common_cohort,ridge,524,7060073920,0.28031245311339764,0.5811546653193207
gap7_common_cohort,ridge,530,7060047060,0.24882327314142194,0.25799153157919813
gap7_common_cohort,ridge,531,7060008710,0.19465966337710933,0.3226610375025705
gap7_common_cohort,ridge,533,7060047060,0.06238976289138662,0.17102670142170648
gap7_common_cohort,ridge,536,7060008710,0.25549517063393434,0.25299923809560787
gap7_common_cohort,ridge,541,7060008710,0.33512067960589664,0.35057538226220264
gap7_common_cohort,ridge,542,7060008710,0.021829390999163038,0.07633380453898247
gap7_common_cohort,ridge,549,7060008710,0.17413413849696685,0.15926129530245525
gap7_common_cohort,ridge,55,7060014930,0.28550609958557943,0.2667826682189374
gap7_common_cohort,ridge,567,7060008710,0.6596129539991097,0.563640082437906
gap7_common_cohort,ridge,57,7060014930,0.33597580296968027,0.33455061890846277
gap7_common_cohort,ridge,574,7060008710,0.4024696804341001,0.4487076553666744
gap7_common_cohort,ridge,575,7060008710,0.3423102148988813,0.41623313462814127
gap7_common_cohort,ridge,595,7060013550,0.10813385174100312,0.19845070528287773
gap7_common_cohort,ridge,597,7060008710,0.504672677607412,0.38226282236507086
gap7_common_cohort,ridge,60,7060014930,0.2041065565749272,0.24666076819723895
gap7_common_cohort,ridge,600,7060013550,0.29742355965391953,0.2973971962319801
gap7_common_cohort,ridge,601,7060008710,0.3982437519679096,0.3276841502208368
gap7_common_cohort,ridge,612,7060013550,0.11001578163833917,0.20550579118873624
gap7_common_cohort,ridge,63,7060014930,0.2688342824391425,0.3069995105806677
gap7_common_cohort,ridge,7308,7060043500,0.17780351775247702,0.12284149265225519
gap7_common_cohort,ridge,7313,7060047060,0.18782556894938995,0.2510261482054009
gap7_common_cohort,ridge,7318,7060047060,0.014004335310672859,0.1379709289243092
gap7_common_cohort,ridge,753,7060047060,0.15216346333752714,0.2517383860503687
gap7_common_cohort,ridge,870,7060047060,0.05984246578898476,0.21071243209120072
gap7_common_cohort,ridge,882,7060047060,0.07472428851333776,0.19590167680779524
gap7_common_cohort,ridge,884,7060047060,0.07621634147289033,0.13811297626213534
gap7_common_cohort,ridge,885,7060047060,0.06624913146272371,0.19426830808669138
gap7_common_cohort,ridge,895,7060047060,0.014271387481084304,0.11041486700604067
gap7_common_cohort,ridge,898,7060047060,0.4804827463621658,0.5074326100515518
gap7_common_cohort,ridge,920,7060047060,0.010603340710536624,0.1343573156762437
gap7_common_cohort,ridge,931,7060047060,1.2259182244099538,0.5739909254538043
gap7_common_cohort,ridge,938,7060047060,0.3808118758664072,0.7418295886057951
gap7_common_cohort,rf,1017,7060047060,0.39350694741793457,0.34954201136022406
gap7_common_cohort,rf,1026,7060047060,0.27047730320991026,0.33603306932545907
gap7_common_cohort,rf,1033,7060047060,0.3492122023815647,0.37413535049648267
gap7_common_cohort,rf,1036,7060047060,0.20717264498721943,0.28806590242449226
gap7_common_cohort,rf,1042,7060047060,0.3236531161741061,0.37393680942801405
gap7_common_cohort,rf,1067,7060047060,0.6168662889042192,0.3764716312402182
gap7_common_cohort,rf,1086,7060049270,1.1066013206807137,0.45682675383376214
gap7_common_cohort,rf,1092,7060047060,0.6010100039936108,0.3748558481548409
gap7_common_cohort,rf,1101,7060047060,0.5969935721312235,0.3485577852331161
gap7_common_cohort,rf,1112,7060047060,0.499364886640837,0.3713512038355503
gap7_common_cohort,rf,1121,7060047060,0.32837844858050913,0.32388067048940333
gap7_common_cohort,rf,1122,7060047060,0.5217491049159911,0.3700343541347255
gap7_common_cohort,rf,1125,7060047060,0.32837844858050913,0.32388067048940333
gap7_common_cohort,rf,1127,7060047060,0.5663464704659067,0.37370423618884424
gap7_common_cohort,rf,114,7060014340,0.28175492182371464,0.4291392999629928
gap7_common_cohort,rf,1151,7060047970,0.5843168922743912,0.46077227379180236
gap7_common_cohort,rf,1192,7060047060,0.16432875978734707,0.2156347569370133
gap7_common_cohort,rf,1237,7060047970,0.6706848696134027,0.5222176499487567
gap7_common_cohort,rf,1249,7060048410,1.1752645856080293,0.5370876719696734
gap7_common_cohort,rf,131,7060014200,0.3073568919274698,0.3136615474819239
gap7_common_cohort,rf,132,7060013550,0.22073262558094145,0.15017300792350527
gap7_common_cohort,rf,133,7060013550,0.08624717187748211,0.08191618322267814
gap7_common_cohort,rf,148,7060013550,0.2190614565427998,0.21261159863538573
gap7_common_cohort,rf,1586,7060047060,0.10904752528982808,0.24514590787614776
gap7_common_cohort,rf,1587,7060047060,0.2799957740271275,0.3348051963418709
gap7_common_cohort,rf,1592,7060047060,0.34382574108077185,0.2868380294409041
gap7_common_cohort,rf,1595,7060047060,0.10879939687452436,0.23828683513367008
gap7_common_cohort,rf,1600,7060047060,0.16380715964146636,0.2462093192365471
gap7_common_cohort,rf,1617,7060047060,0.2658576019204949,0.3458235380319008
gap7_common_cohort,rf,1619,7060047060,0.14994540981136933,0.31338487016350663
gap7_common_cohort,rf,1620,7060047060,0.27244922316425124,0.3392307023054428
gap7_common_cohort,rf,1631,7060047060,0.13586625120138024,0.27936520330052084
gap7_common_cohort,rf,1634,7060047060,0.1758207414989661,0.24514590787614776
gap7_common_cohort,rf,1636,7060047060,0.3769837443754729,0.34763138398576365
gap7_common_cohort,rf,1645,7060047060,0.46880108927990805,0.3700343541347255
gap7_common_cohort,rf,1650,7060047060,0.1902835665834986,0.33661984015448837
gap7_common_cohort,rf,1654,7060047060,0.4581723993322289,0.36959905612665794
gap7_common_cohort,rf,1655,7060047060,0.27903405496887934,0.3368503927656693
gap7_common_cohort,rf,1656,7060047060,0.2013737127912082,0.24462163315084345
gap7_common_cohort,rf,1683,7060047060,0.44087707368667267,0.36932656660510754
gap7_common_cohort,rf,169,7060013560,0.5364496453098534,0.46014048766502796
gap7_common_cohort,rf,1691,7060047060,0.11616721478804654,0.24468361685210513
gap7_common_cohort,rf,1699,7060047060,0.10173478820258915,0.23870306511009953
gap7_common_cohort,rf,1703,7060047060,0.716660099941124,0.37317996146353993
gap7_common_cohort,rf,1706,7060047060,0.14394821276290282,0.24468361685210513
gap7_common_cohort,rf,1707,7060047060,0.2516954924878223,0.3355087946001547
gap7_common_cohort,rf,1709,7060047060,0.09069195877190259,0.23913836311816714
gap7_common_cohort,rf,1712,7060047060,0.11904257815575439,0.24468361685210513
gap7_common_cohort,rf,1713,7060047060,0.20966152043998507,0.3120151661606599
gap7_common_cohort,rf,1714,7060047060,0.3091300571912571,0.3456067467553208
gap7_common_cohort,rf,1718,7060047060,0.44885605648942306,0.3700343541347255
gap7_common_cohort,rf,1723,7060047060,0.19541101588863802,0.2796954872519988
gap7_common_cohort,rf,1726,7060047060,0.10887882617778469,0.24468361685210513
gap7_common_cohort,rf,1735,7060047060,0.06989193072029252,0.24584950613443154
gap7_common_cohort,rf,1739,7060047060,0.29666539359342553,0.31780033052143364
gap7_common_cohort,rf,1740,7060047060,0.1758207414989661,0.24514590787614776
gap7_common_cohort,rf,1741,7060047060,0.3534252217323681,0.3404781361551206
gap7_common_cohort,rf,1742,7060047060,0.08593152552715454,0.22144727807266648
gap7_common_cohort,rf,1744,7060047060,0.2387276522901479,0.2618866444078709
gap7_common_cohort,rf,1752,7060047060,0.03017830633154979,0.2084861735315047
gap7_common_cohort,rf,1753,7060047060,0.034264448408433124,0.20796189880620036
gap7_common_cohort,rf,1755,7060047060,0.5562673086774179,0.36996626360261936
gap7_common_cohort,rf,1761,7060042310,0.2777875849796639,0.1857668997569087
gap7_common_cohort,rf,1768,7060047060,0.01211858013282131,0.20991890139419656
gap7_common_cohort,rf,1776,7060043090,0.0855439313352062,0.09188755394860965
gap7_common_cohort,rf,1777,7060047060,0.30360310971475724,0.31728290350386057
gap7_common_cohort,rf,182,7060013550,0.18271699961023843,0.21120523739639016
gap7_common_cohort,rf,1848,7060047060,0.5028227720001452,0.34903762811261146
gap7_common_cohort,rf,1851,7060043500,0.16036588256855794,0.16667028203205667
gap7_common_cohort,rf,1864,7060047060,0.5453666496134132,0.34949814600190376
gap7_common_cohort,rf,1869,7060047060,0.6497507178945514,0.34662726638096397
gap7_common_cohort,rf,1879,7060043160,0.5751504137111221,0.37960672624550285
gap7_common_cohort,rf,1883,7060043640,0.2596114124714888,0.20792833846140307
gap7_common_cohort,rf,191,7060013550,0.24386640433051454,0.32855828792130914
gap7_common_cohort,rf,198,7060013550,0.3096217134039919,0.31702983766180665
gap7_common_cohort,rf,204,7060013550,0.30643246924406614,0.3208672051153748
gap7_common_cohort,rf,292,7060022240,0.4488780883870729,0.41253410331817775
gap7_common_cohort,rf,307,7060047060,0.13740524807438276,0.23332369960133742
gap7_common_cohort,rf,310,7060014930,0.06269236039805173,0.08850292094183254
gap7_common_cohort,rf,316,7060014930,0.2222499551419378,0.24641254247834138
gap7_common_cohort,rf,319,7060047060,0.23881827227462005,0.3277613556692536
gap7_common_cohort,rf,355,7060047060,0.12340187249362164,0.23157155189244494
gap7_common_cohort,rf,361,7060014930,0.10418881660228682,0.17322460465637735
gap7_common_cohort,rf,362,7060047060,0.3841607485850629,0.3579222482882882
gap7_common_cohort,rf,364,7060047060,0.16250170400561625,0.23157155189244494
gap7_common_cohort,rf,368,7060047060,0.4103539447665343,0.38646734141316164
gap7_common_cohort,rf,372,7060014930,0.30383707768912877,0.3160045304829969
gap7_common_cohort,rf,373,7060047060,0.37572110737773073,0.3828928635339379
gap7_common_cohort,rf,384,7060014930,0.30349832263261695,0.29523760025816104
gap7_common_cohort,rf,386,7060014930,0.5695583219636912,0.44630566707764757
gap7_common_cohort,rf,391,7060014930,0.11688702537736742,0.14473574377317644
gap7_common_cohort,rf,393,7060047060,0.22433093687509145,0.2930296598034607
gap7_common_cohort,rf,398,7060047060,0.26401545413260996,0.310095688089125
gap7_common_cohort,rf,41,7060016090,0.3054506214634258,0.2876912716566622
gap7_common_cohort,rf,413,7060014930,0.015455173536212445,0.11412924678480107
gap7_common_cohort,rf,415,7060047060,0.0745806789865424,0.23583118704917846
gap7_common_cohort,rf,416,7060047060,0.17890221425805486,0.23308164693973799
gap7_common_cohort,rf,419,7060008710,0.4415327512893553,0.43640755630321615
gap7_common_cohort,rf,42,7060016090,0.3661877568923359,0.3270055119280425
gap7_common_cohort,rf,421,7060047060,0.25493325998242067,0.3828038868167012
gap7_common_cohort,rf,423,7060008710,0.2612522674047988,0.32105231810830936
gap7_common_cohort,rf,442,7060073620,0.27736381135740373,0.3277024242402231
gap7_common_cohort,rf,445,7060008710,0.22417176296553276,0.2797997520216329
gap7_common_cohort,rf,448,7060008710,0.2242199562797339,0.25276230000919336
gap7_common_cohort,rf,449,7060073620,0.4238280178254042,0.43255892281121855
gap7_common_cohort,rf,451,7060008710,0.22090927233216076,0.13970088349639156
gap7_common_cohort,rf,456,7060073620,0.2594138858675854,0.25508822082610294
gap7_common_cohort,rf,467,7060073620,0.5073133718431583,0.4304832491952586
gap7_common_cohort,rf,469,7060008710,0.4566108459677779,0.42806759237741326
gap7_common_cohort,rf,470,7060008710,0.3107401164597128,0.3022838255235023
gap7_common_cohort,rf,477,7060073620,0.2528298707120241,0.2555441098370926
gap7_common_cohort,rf,488,7060008710,0.2822310682626748,0.2950258022946062
gap7_common_cohort,rf,497,7060008710,0.2480763062136852,0.32837314135021367
gap7_common_cohort,rf,500,7060047060,0.3564031200238438,0.3828928635339379
gap7_common_cohort,rf,502,7060008710,0.30211006397508533,0.256602194423764
gap7_common_cohort,rf,505,7060047060,0.2402148885659517,0.2732636734572013
gap7_common_cohort,rf,509,7060008710,0.09916879377383866,0.2694228668321977
gap7_common_cohort,rf,511,7060047060,0.08440368437655454,0.2592209537094875
gap7_common_cohort,rf,517,7060008710,0.348045848016736,0.344948192476479
gap7_common_cohort,rf,518,7060008710,0.5050317725328377,0.42605781978233914
gap7_common_cohort,rf,522,7060047060,0.07026054013384717,0.2326463489316703
gap7_common_cohort,rf,524,7060073920,0.28031245311339764,0.48728049524268846
gap7_common_cohort,rf,530,7060047060,0.24882327314142194,0.2842476415412384
gap7_common_cohort,rf,531,7060008710,0.19465966337710933,0.28000616276563434
gap7_common_cohort,rf,533,7060047060,0.06238976289138662,0.23157155189244494
gap7_common_cohort,rf,536,7060008710,0.25549517063393434,0.2630427380932354
gap7_common_cohort,rf,541,7060008710,0.33512067960589664,0.3532980722936412
gap7_common_cohort,rf,542,7060008710,0.021829390999163038,0.09212409633915827
gap7_common_cohort,rf,549,7060008710,0.17413413849696685,0.15193334532734917
gap7_common_cohort,rf,55,7060014930,0.28550609958557943,0.31702119797300177
gap7_common_cohort,rf,567,7060008710,0.6596129539991097,0.46060880819896005
gap7_common_cohort,rf,57,7060014930,0.33597580296968027,0.3412424053385072
gap7_common_cohort,rf,574,7060008710,0.4024696804341001,0.42006795808106284
gap7_common_cohort,rf,575,7060008710,0.3423102148988813,0.4199090367961725
gap7_common_cohort,rf,595,7060013550,0.10813385174100312,0.2152054963731758
gap7_common_cohort,rf,597,7060008710,0.504672677607412,0.4145095440190849
gap7_common_cohort,rf,60,7060014930,0.2041065565749272,0.290196812260251
gap7_common_cohort,rf,600,7060013550,0.29742355965391953,0.3247845892579974
gap7_common_cohort,rf,601,7060008710,0.3982437519679096,0.3484317449082042
gap7_common_cohort,rf,612,7060013550,0.11001578163833917,0.16892967819336935
gap7_common_cohort,rf,63,7060014930,0.2688342824391425,0.31730307476931097
gap7_common_cohort,rf,7308,7060043500,0.17780351775247702,0.1136835577620378
gap7_common_cohort,rf,7313,7060047060,0.18782556894938995,0.26579084731681807
gap7_common_cohort,rf,7318,7060047060,0.014004335310672859,0.23119823758563907
gap7_common_cohort,rf,753,7060047060,0.15216346333752714,0.2985347469141832
gap7_common_cohort,rf,870,7060047060,0.05984246578898476,0.24296477334734967
gap7_common_cohort,rf,882,7060047060,0.07472428851333776,0.20952444519772687
gap7_common_cohort,rf,884,7060047060,0.07621634147289033,0.20855685296593035
gap7_common_cohort,rf,885,7060047060,0.06624913146272371,0.2097553477669803
gap7_common_cohort,rf,895,7060047060,0.014271387481084304,0.2084416286600769
gap7_common_cohort,rf,898,7060047060,0.4804827463621658,0.35871482326380877
gap7_common_cohort,rf,920,7060047060,0.010603340710536624,0.20811016927903672
gap7_common_cohort,rf,931,7060047060,1.2259182244099538,0.3613273179150919
gap7_common_cohort,rf,938,7060047060,0.3808118758664072,0.3722915646043382
cars_common_cohort,mean,1017,7060047060,0.3767102226800422,0.2977931935558069
cars_common_cohort,mean,1026,7060047060,0.25625519090176824,0.2977931935558069
cars_common_cohort,mean,1033,7060047060,0.3421777595752804,0.2977931935558069
cars_common_cohort,mean,1036,7060047060,0.19946345325612022,0.2977931935558069
cars_common_cohort,mean,1042,7060047060,0.3086252424534333,0.2977931935558069
cars_common_cohort,mean,1067,7060047060,0.5998478490301629,0.2977931935558069
cars_common_cohort,mean,1086,7060049270,1.0688908847059717,0.2605134403358955
cars_common_cohort,mean,1092,7060047060,0.5538973189418028,0.2977931935558069
cars_common_cohort,mean,1101,7060047060,0.5732890822190375,0.2977931935558069
cars_common_cohort,mean,1112,7060047060,0.4529900451763571,0.2977931935558069
cars_common_cohort,mean,1121,7060047060,0.29573686102470564,0.2977931935558069
cars_common_cohort,mean,1122,7060047060,0.4731408184743925,0.2977931935558069
cars_common_cohort,mean,1125,7060047060,0.29573686102470564,0.2977931935558069
cars_common_cohort,mean,1127,7060047060,0.5284257833617235,0.2977931935558069
cars_common_cohort,mean,114,7060014340,0.28535177249533317,0.26241492709222114
cars_common_cohort,mean,1151,7060047970,0.537804254533716,0.26241492709222114
cars_common_cohort,mean,1192,7060047060,0.15622551667530427,0.2977931935558069
cars_common_cohort,mean,1237,7060047970,0.6223175503941138,0.26241492709222114
cars_common_cohort,mean,1249,7060048410,1.146030395254913,0.2677069006833131
cars_common_cohort,mean,131,7060014200,0.30696206638849055,0.2605134403358955
cars_common_cohort,mean,132,7060013550,0.21980128669475302,0.2677069006833131
cars_common_cohort,mean,133,7060013550,0.07419048047485194,0.2677069006833131
cars_common_cohort,mean,148,7060013550,0.21978420333248716,0.2677069006833131
cars_common_cohort,mean,1586,7060047060,0.10090961354906708,0.2977931935558069
cars_common_cohort,mean,1587,7060047060,0.2531868046723131,0.2977931935558069
cars_common_cohort,mean,1592,7060047060,0.3257712611764545,0.2977931935558069
cars_common_cohort,mean,1595,7060047060,0.0973436812701083,0.2977931935558069
cars_common_cohort,mean,1600,7060047060,0.14853021419039886,0.2977931935558069
cars_common_cohort,mean,1617,7060047060,0.24687425297109888,0.2977931935558069
cars_common_cohort,mean,1619,7060047060,0.13245760053603373,0.2977931935558069
cars_common_cohort,mean,1620,7060047060,0.26035611659680125,0.2977931935558069
cars_common_cohort,mean,1631,7060047060,0.11543700302138787,0.2977931935558069
cars_common_cohort,mean,1634,7060047060,0.16133901010123658,0.2977931935558069
cars_common_cohort,mean,1636,7060047060,0.34310552073147055,0.2977931935558069
cars_common_cohort,mean,1645,7060047060,0.43703759577674123,0.2977931935558069
cars_common_cohort,mean,1650,7060047060,0.15935517429417478,0.2977931935558069
cars_common_cohort,mean,1654,7060047060,0.4218435553220695,0.2977931935558069
cars_common_cohort,mean,1655,7060047060,0.2436515966980656,0.2977931935558069
cars_common_cohort,mean,1656,7060047060,0.16921263797743122,0.2977931935558069
cars_common_cohort,mean,1683,7060047060,0.3901169448841023,0.2977931935558069
cars_common_cohort,mean,169,7060013560,0.5336578409890408,0.26241492709222114
cars_common_cohort,mean,1691,7060047060,0.09129167479621161,0.2977931935558069
cars_common_cohort,mean,1699,7060047060,0.08642534293446677,0.2977931935558069
cars_common_cohort,mean,1703,7060047060,0.6719276083841421,0.2977931935558069
cars_common_cohort,mean,1706,7060047060,0.13111941543593233,0.2977931935558069
cars_common_cohort,mean,1707,7060047060,0.20455684515248346,0.2977931935558069
cars_common_cohort,mean,1709,7060047060,0.07526172636281764,0.2977931935558069
cars_common_cohort,mean,1712,7060047060,0.08719223605780649,0.2977931935558069
cars_common_cohort,mean,1713,7060047060,0.18000550115060232,0.2977931935558069
cars_common_cohort,mean,1714,7060047060,0.28978101331581735,0.2977931935558069
cars_common_cohort,mean,1718,7060047060,0.394739557462232,0.2977931935558069
cars_common_cohort,mean,1723,7060047060,0.15212299221423958,0.2977931935558069
cars_common_cohort,mean,1726,7060047060,0.09003522408520709,0.2977931935558069
cars_common_cohort,mean,1735,7060047060,0.05883707799962642,0.2977931935558069
cars_common_cohort,mean,1739,7060047060,0.26952085731685316,0.2977931935558069
cars_common_cohort,mean,1740,7060047060,0.1589239050565217,0.2977931935558069
cars_common_cohort,mean,1741,7060047060,0.3146143807409897,0.2977931935558069
cars_common_cohort,mean,1742,7060047060,0.07137936169626372,0.2977931935558069
cars_common_cohort,mean,1744,7060047060,0.21324280186253824,0.2977931935558069
cars_common_cohort,mean,1752,7060047060,0.02732428109480984,0.2977931935558069
cars_common_cohort,mean,1753,7060047060,0.03384360187055937,0.2977931935558069
cars_common_cohort,mean,1755,7060047060,0.5328497903478746,0.2977931935558069
cars_common_cohort,mean,1761,7060042310,0.2589475273602554,0.2605134403358955
cars_common_cohort,mean,1768,7060047060,0.010814949128347994,0.2977931935558069
cars_common_cohort,mean,1776,7060043090,0.07073662060070428,0.2677069006833131
cars_common_cohort,mean,1777,7060047060,0.28909389421808096,0.2977931935558069
cars_common_cohort,mean,182,7060013550,0.18126164103477693,0.2677069006833131
cars_common_cohort,mean,1848,7060047060,0.4800253185821163,0.2977931935558069
cars_common_cohort,mean,1851,7060043500,0.12392692879677134,0.26241492709222114
cars_common_cohort,mean,1864,7060047060,0.5318920034094353,0.2977931935558069
cars_common_cohort,mean,1869,7060047060,0.6181993694029078,0.2977931935558069
cars_common_cohort,mean,1879,7060043160,0.5783266087608062,0.2605134403358955
cars_common_cohort,mean,1883,7060043640,0.25082374609997554,0.26241492709222114
cars_common_cohort,mean,191,7060013550,0.2234054546701261,0.2677069006833131
cars_common_cohort,mean,198,7060013550,0.3030069769194994,0.2677069006833131
cars_common_cohort,mean,204,7060013550,0.30221711336109347,0.2677069006833131
cars_common_cohort,mean,292,7060022240,0.4472345683630451,0.26241492709222114
cars_common_cohort,mean,307,7060047060,0.13528669233477014,0.2977931935558069
cars_common_cohort,mean,310,7060014930,0.06025614607528096,0.2605134403358955
cars_common_cohort,mean,316,7060014930,0.2220848054312484,0.2605134403358955
cars_common_cohort,mean,319,7060047060,0.23720243735094437,0.2977931935558069
cars_common_cohort,mean,355,7060047060,0.12272469188767607,0.2977931935558069
cars_common_cohort,mean,361,7060014930,0.10503189579573496,0.2605134403358955
cars_common_cohort,mean,362,7060047060,0.3864645066597572,0.2977931935558069
cars_common_cohort,mean,364,7060047060,0.16167768783006337,0.2977931935558069
cars_common_cohort,mean,368,7060047060,0.4096064798436735,0.2977931935558069
cars_common_cohort,mean,372,7060014930,0.30493644885189647,0.2605134403358955
cars_common_cohort,mean,373,7060047060,0.37558580011839665,0.2977931935558069
cars_common_cohort,mean,384,7060014930,0.3093526199502241,0.2605134403358955
cars_common_cohort,mean,386,7060014930,0.5767595458015281,0.2605134403358955
cars_common_cohort,mean,391,7060014930,0.11565386794679762,0.2605134403358955
cars_common_cohort,mean,393,7060047060,0.2235727680227117,0.2977931935558069
cars_common_cohort,mean,398,7060047060,0.2636061818578061,0.2977931935558069
cars_common_cohort,mean,41,7060016090,0.3063485000731634,0.2605134403358955
cars_common_cohort,mean,413,7060014930,0.014957428854622506,0.2605134403358955
cars_common_cohort,mean,415,7060047060,0.07439807135004639,0.2977931935558069
cars_common_cohort,mean,416,7060047060,0.18256724140525943,0.2977931935558069
cars_common_cohort,mean,419,7060008710,0.4416205857741654,0.260365563703581
cars_common_cohort,mean,42,7060016090,0.3638214534858144,0.2605134403358955
cars_common_cohort,mean,421,7060047060,0.2531768818393909,0.2977931935558069
cars_common_cohort,mean,423,7060008710,0.2609668929402653,0.260365563703581
cars_common_cohort,mean,442,7060073620,0.2880753880040633,0.26241492709222114
cars_common_cohort,mean,445,7060008710,0.22415083691444454,0.260365563703581
cars_common_cohort,mean,448,7060008710,0.22427414079737434,0.260365563703581
cars_common_cohort,mean,449,7060073620,0.426066484362956,0.26241492709222114
cars_common_cohort,mean,451,7060008710,0.2142445264803189,0.260365563703581
cars_common_cohort,mean,456,7060073620,0.2640694177067812,0.26241492709222114
cars_common_cohort,mean,467,7060073620,0.5066104513145995,0.26241492709222114
cars_common_cohort,mean,469,7060008710,0.46365928111475874,0.260365563703581
cars_common_cohort,mean,470,7060008710,0.30999258982574807,0.260365563703581
cars_common_cohort,mean,477,7060073620,0.2618498475460717,0.26241492709222114
cars_common_cohort,mean,488,7060008710,0.2871536416436151,0.260365563703581
cars_common_cohort,mean,497,7060008710,0.24859788496998347,0.260365563703581
cars_common_cohort,mean,500,7060047060,0.35710034798351037,0.2977931935558069
cars_common_cohort,mean,502,7060008710,0.30423695353723224,0.260365563703581
cars_common_cohort,mean,505,7060047060,0.23801375600200253,0.2977931935558069
cars_common_cohort,mean,509,7060008710,0.0984713136044381,0.260365563703581
cars_common_cohort,mean,511,7060047060,0.08335690047648478,0.2977931935558069
cars_common_cohort,mean,517,7060008710,0.3479024777143732,0.260365563703581
cars_common_cohort,mean,518,7060008710,0.5128392897293541,0.260365563703581
cars_common_cohort,mean,522,7060047060,0.0714074460062018,0.2977931935558069
cars_common_cohort,mean,524,7060073920,0.2800087631552244,0.2677069006833131
cars_common_cohort,mean,530,7060047060,0.24882530842092745,0.2977931935558069
cars_common_cohort,mean,531,7060008710,0.1943925982432932,0.260365563703581
cars_common_cohort,mean,533,7060047060,0.050322851451944275,0.2977931935558069
cars_common_cohort,mean,536,7060008710,0.25250797575882156,0.260365563703581
cars_common_cohort,mean,541,7060008710,0.3372827560408248,0.260365563703581
cars_common_cohort,mean,542,7060008710,0.018790976407496537,0.260365563703581
cars_common_cohort,mean,549,7060008710,0.1701278393208284,0.260365563703581
cars_common_cohort,mean,55,7060014930,0.2791408868597332,0.2605134403358955
cars_common_cohort,mean,567,7060008710,0.6561024589795234,0.260365563703581
cars_common_cohort,mean,57,7060014930,0.3399568096450151,0.2605134403358955
cars_common_cohort,mean,574,7060008710,0.39976135828890924,0.260365563703581
cars_common_cohort,mean,575,7060008710,0.3449917751935075,0.260365563703581
cars_common_cohort,mean,595,7060013550,0.1074165396122517,0.2677069006833131
cars_common_cohort,mean,597,7060008710,0.5041937892767199,0.260365563703581
cars_common_cohort,mean,60,7060014930,0.20260488753198175,0.2605134403358955
cars_common_cohort,mean,600,7060013550,0.2941340706340895,0.2677069006833131
cars_common_cohort,mean,601,7060008710,0.3977358697471582,0.260365563703581
cars_common_cohort,mean,612,7060013550,0.10733503940308617,0.2677069006833131
cars_common_cohort,mean,63,7060014930,0.2699904997815742,0.2605134403358955
cars_common_cohort,mean,7308,7060043500,0.1498584901974067,0.26241492709222114
cars_common_cohort,mean,7313,7060047060,0.18751672464372046,0.2977931935558069
cars_common_cohort,mean,7318,7060047060,0.011418187875291395,0.2977931935558069
cars_common_cohort,mean,753,7060047060,0.15115842356726944,0.2977931935558069
cars_common_cohort,mean,870,7060047060,0.05728962862512674,0.2977931935558069
cars_common_cohort,mean,882,7060047060,0.07487405610658132,0.2977931935558069
cars_common_cohort,mean,884,7060047060,0.058890091762423005,0.2977931935558069
cars_common_cohort,mean,885,7060047060,0.060213697559366314,0.2977931935558069
cars_common_cohort,mean,895,7060047060,0.01200902548294359,0.2977931935558069
cars_common_cohort,mean,898,7060047060,0.4809622045609584,0.2977931935558069
cars_common_cohort,mean,920,7060047060,0.009702717289224134,0.2977931935558069
cars_common_cohort,mean,931,7060047060,1.2052396392304092,0.2977931935558069
cars_common_cohort,mean,938,7060047060,0.3968494669462763,0.2977931935558069
cars_common_cohort,persistence,1017,7060047060,0.3767102226800422,0.3063632691613325
cars_common_cohort,persistence,1026,7060047060,0.25625519090176824,0.25703940688098237
cars_common_cohort,persistence,1033,7060047060,0.3421777595752804,0.32473007300849493
cars_common_cohort,persistence,1036,7060047060,0.19946345325612022,0.19938486125213073
cars_common_cohort,persistence,1042,7060047060,0.3086252424534333,0.35479328489218975
cars_common_cohort,persistence,1067,7060047060,0.5998478490301629,0.5325281058862181
cars_common_cohort,persistence,1086,7060049270,1.0688908847059717,0.886849700889463
cars_common_cohort,persistence,1092,7060047060,0.5538973189418028,0.4770320849549008
cars_common_cohort,persistence,1101,7060047060,0.5732890822190375,0.45531807330083274
cars_common_cohort,persistence,1112,7060047060,0.4529900451763571,0.3423355702806719
cars_common_cohort,persistence,1121,7060047060,0.29573686102470564,0.22891617481856585
cars_common_cohort,persistence,1122,7060047060,0.4731408184743925,0.4134959440304958
cars_common_cohort,persistence,1125,7060047060,0.29573686102470564,0.22891617481856585
cars_common_cohort,persistence,1127,7060047060,0.5284257833617235,0.449194919462514
cars_common_cohort,persistence,114,7060014340,0.28535177249533317,0.42774699232497143
cars_common_cohort,persistence,1151,7060047970,0.537804254533716,0.36127600247276914
cars_common_cohort,persistence,1192,7060047060,0.15622551667530427,0.11184784992534776
cars_common_cohort,persistence,1237,7060047970,0.6223175503941138,0.5113976516533948
cars_common_cohort,persistence,1249,7060048410,1.146030395254913,0.8239127479792422
cars_common_cohort,persistence,131,7060014200,0.30696206638849055,0.28560746610525284
cars_common_cohort,persistence,132,7060013550,0.21980128669475302,0.15137980082646524
cars_common_cohort,persistence,133,7060013550,0.07419048047485194,0.03933931630922641
cars_common_cohort,persistence,148,7060013550,0.21978420333248716,0.17213369635377504
cars_common_cohort,persistence,1586,7060047060,0.10090961354906708,0.13120551636747765
cars_common_cohort,persistence,1587,7060047060,0.2531868046723131,0.26044997089284855
cars_common_cohort,persistence,1592,7060047060,0.3257712611764545,0.20533204043906847
cars_common_cohort,persistence,1595,7060047060,0.0973436812701083,0.034416816662003864
cars_common_cohort,persistence,1600,7060047060,0.14853021419039886,0.1296322465659805
cars_common_cohort,persistence,1617,7060047060,0.24687425297109888,0.30142176336420584
cars_common_cohort,persistence,1619,7060047060,0.13245760053603373,0.22437098640261194
cars_common_cohort,persistence,1620,7060047060,0.26035611659680125,0.2867891046920065
cars_common_cohort,persistence,1631,7060047060,0.11543700302138787,0.18237004487820957
cars_common_cohort,persistence,1634,7060047060,0.16133901010123658,0.13342711254633016
cars_common_cohort,persistence,1636,7060047060,0.34310552073147055,0.4339507826290103
cars_common_cohort,persistence,1645,7060047060,0.43703759577674123,0.40500646016277175
cars_common_cohort,persistence,1650,7060047060,0.15935517429417478,0.24036226984060827
cars_common_cohort,persistence,1654,7060047060,0.4218435553220695,0.41501930654162267
cars_common_cohort,persistence,1655,7060047060,0.2436515966980656,0.2431128891410848
cars_common_cohort,persistence,1656,7060047060,0.16921263797743122,0.13246232473135744
cars_common_cohort,persistence,1683,7060047060,0.3901169448841023,0.31684031954774916
cars_common_cohort,persistence,169,7060013560,0.5336578409890408,0.6344242896002354
cars_common_cohort,persistence,1691,7060047060,0.09129167479621161,0.1411589423780079
cars_common_cohort,persistence,1699,7060047060,0.08642534293446677,0.08269951063557478
cars_common_cohort,persistence,1703,7060047060,0.6719276083841421,0.5453170994179828
cars_common_cohort,persistence,1706,7060047060,0.13111941543593233,0.12638208602596696
cars_common_cohort,persistence,1707,7060047060,0.20455684515248346,0.24333614416725757
cars_common_cohort,persistence,1709,7060047060,0.07526172636281764,0.05910140801630302
cars_common_cohort,persistence,1712,7060047060,0.08719223605780649,0.11476065023526918
cars_common_cohort,persistence,1713,7060047060,0.18000550115060232,0.24864642535655
cars_common_cohort,persistence,1714,7060047060,0.28978101331581735,0.3481205054128808
cars_common_cohort,persistence,1718,7060047060,0.394739557462232,0.4286073075539841
cars_common_cohort,persistence,1723,7060047060,0.15212299221423958,0.17012289905439995
cars_common_cohort,persistence,1726,7060047060,0.09003522408520709,0.11003319331536628
cars_common_cohort,persistence,1735,7060047060,0.05883707799962642,0.06818066653337751
cars_common_cohort,persistence,1739,7060047060,0.26952085731685316,0.27782016159336365
cars_common_cohort,persistence,1740,7060047060,0.1589239050565217,0.1319573906882313
cars_common_cohort,persistence,1741,7060047060,0.3146143807409897,0.2731331402455893
cars_common_cohort,persistence,1742,7060047060,0.07137936169626372,0.07144875562479625
cars_common_cohort,persistence,1744,7060047060,0.21324280186253824,0.1851406018086097
cars_common_cohort,persistence,1752,7060047060,0.02732428109480984,0.035459805641893875
cars_common_cohort,persistence,1753,7060047060,0.03384360187055937,0.11562318353919038
cars_common_cohort,persistence,1755,7060047060,0.5328497903478746,0.44655062100773546
cars_common_cohort,persistence,1761,7060042310,0.2589475273602554,0.19908684144981176
cars_common_cohort,persistence,1768,7060047060,0.010814949128347994,0.015619856613700082
cars_common_cohort,persistence,1776,7060043090,0.07073662060070428,0.03782487161987965
cars_common_cohort,persistence,1777,7060047060,0.28909389421808096,0.28866603465925067
cars_common_cohort,persistence,182,7060013550,0.18126164103477693,0.18785658629328353
cars_common_cohort,persistence,1848,7060047060,0.4800253185821163,0.49658658164455693
cars_common_cohort,persistence,1851,7060043500,0.12392692879677134,0.15029361790353898
cars_common_cohort,persistence,1864,7060047060,0.5318920034094353,0.5031150877157544
cars_common_cohort,persistence,1869,7060047060,0.6181993694029078,0.6560245547725599
cars_common_cohort,persistence,1879,7060043160,0.5783266087608062,0.5690889313730689
cars_common_cohort,persistence,1883,7060043640,0.25082374609997554,0.21750201795834728
cars_common_cohort,persistence,191,7060013550,0.2234054546701261,0.3085108444008708
cars_common_cohort,persistence,198,7060013550,0.3030069769194994,0.36013161974906516
cars_common_cohort,persistence,204,7060013550,0.30221711336109347,0.3639947327359355
cars_common_cohort,persistence,292,7060022240,0.4472345683630451,0.4192605790690127
cars_common_cohort,persistence,307,7060047060,0.13528669233477014,0.15199896504099472
cars_common_cohort,persistence,310,7060014930,0.06025614607528096,0.05871740866891358
cars_common_cohort,persistence,316,7060014930,0.2220848054312484,0.23929690396615416
cars_common_cohort,persistence,319,7060047060,0.23720243735094437,0.25446752643635245
cars_common_cohort,persistence,355,7060047060,0.12272469188767607,0.15163693108827428
cars_common_cohort,persistence,361,7060014930,0.10503189579573496,0.1131674530361099
cars_common_cohort,persistence,362,7060047060,0.3864645066597572,0.6834958479568398
cars_common_cohort,persistence,364,7060047060,0.16167768783006337,0.1383190194230687
cars_common_cohort,persistence,368,7060047060,0.4096064798436735,0.379082216342184
cars_common_cohort,persistence,372,7060014930,0.30493644885189647,0.3273465216358815
cars_common_cohort,persistence,373,7060047060,0.37558580011839665,0.4735180279084399
cars_common_cohort,persistence,384,7060014930,0.3093526199502241,0.28816864438865275
cars_common_cohort,persistence,386,7060014930,0.5767595458015281,0.5397176969141498
cars_common_cohort,persistence,391,7060014930,0.11565386794679762,0.14183148823740693
cars_common_cohort,persistence,393,7060047060,0.2235727680227117,0.23145213098747397
cars_common_cohort,persistence,398,7060047060,0.2636061818578061,0.22566580312075163
cars_common_cohort,persistence,41,7060016090,0.3063485000731634,0.2799836461082167
cars_common_cohort,persistence,413,7060014930,0.014957428854622506,0.025991079403934348
cars_common_cohort,persistence,415,7060047060,0.07439807135004639,0.07504639719742881
cars_common_cohort,persistence,416,7060047060,0.18256724140525943,0.15424140646912998
cars_common_cohort,persistence,419,7060008710,0.4416205857741654,0.5123694735582704
cars_common_cohort,persistence,42,7060016090,0.3638214534858144,0.33794968808086145
cars_common_cohort,persistence,421,7060047060,0.2531768818393909,0.4033623249586614
cars_common_cohort,persistence,423,7060008710,0.2609668929402653,0.3281289426471836
cars_common_cohort,persistence,442,7060073620,0.2880753880040633,0.29649115154811123
cars_common_cohort,persistence,445,7060008710,0.22415083691444454,0.25651928053680195
cars_common_cohort,persistence,448,7060008710,0.22427414079737434,0.23171789053343483
cars_common_cohort,persistence,449,7060073620,0.426066484362956,0.5108964331804531
cars_common_cohort,persistence,451,7060008710,0.2142445264803189,0.12979874877594105
cars_common_cohort,persistence,456,7060073620,0.2640694177067812,0.2208278974905376
cars_common_cohort,persistence,467,7060073620,0.5066104513145995,0.4468360595360856
cars_common_cohort,persistence,469,7060008710,0.46365928111475874,0.4514458862548698
cars_common_cohort,persistence,470,7060008710,0.30999258982574807,0.2951550807046913
cars_common_cohort,persistence,477,7060073620,0.2618498475460717,0.3127136822483656
cars_common_cohort,persistence,488,7060008710,0.2871536416436151,0.3940022152372216
cars_common_cohort,persistence,497,7060008710,0.24859788496998347,0.3445191078284952
cars_common_cohort,persistence,500,7060047060,0.35710034798351037,0.38839135679092923
cars_common_cohort,persistence,502,7060008710,0.30423695353723224,0.22734719598441233
cars_common_cohort,persistence,505,7060047060,0.23801375600200253,0.20885385109238397
cars_common_cohort,persistence,509,7060008710,0.0984713136044381,0.2271385713786674
cars_common_cohort,persistence,511,7060047060,0.08335690047648478,0.11800132900555574
cars_common_cohort,persistence,517,7060008710,0.3479024777143732,0.3768690160204692
cars_common_cohort,persistence,518,7060008710,0.5128392897293541,0.5176159493796735
cars_common_cohort,persistence,522,7060047060,0.0714074460062018,0.11691254428100045
cars_common_cohort,persistence,524,7060073920,0.2800087631552244,0.6078183713614831
cars_common_cohort,persistence,530,7060047060,0.24882530842092745,0.22267387259007465
cars_common_cohort,persistence,531,7060008710,0.1943925982432932,0.24868947074154224
cars_common_cohort,persistence,533,7060047060,0.050322851451944275,0.07136324217767923
cars_common_cohort,persistence,536,7060008710,0.25250797575882156,0.24417167838446155
cars_common_cohort,persistence,541,7060008710,0.3372827560408248,0.36800955082426423
cars_common_cohort,persistence,542,7060008710,0.018790976407496537,0.043111933667354774
cars_common_cohort,persistence,549,7060008710,0.1701278393208284,0.1265932506455483
cars_common_cohort,persistence,55,7060014930,0.2791408868597332,0.2907503018645895
cars_common_cohort,persistence,567,7060008710,0.6561024589795234,0.5645647910752323
cars_common_cohort,persistence,57,7060014930,0.3399568096450151,0.3920447207419912
cars_common_cohort,persistence,574,7060008710,0.39976135828890924,0.4512779774649619
cars_common_cohort,persistence,575,7060008710,0.3449917751935075,0.4519429074049217
cars_common_cohort,persistence,595,7060013550,0.1074165396122517,0.1992841916893307
cars_common_cohort,persistence,597,7060008710,0.5041937892767199,0.4783413138687872
cars_common_cohort,persistence,60,7060014930,0.20260488753198175,0.26513391957387267
cars_common_cohort,persistence,600,7060013550,0.2941340706340895,0.2914841171161893
cars_common_cohort,persistence,601,7060008710,0.3977358697471582,0.3470926370857538
cars_common_cohort,persistence,612,7060013550,0.10733503940308617,0.1516502613470948
cars_common_cohort,persistence,63,7060014930,0.2699904997815742,0.3599866442466242
cars_common_cohort,persistence,7308,7060043500,0.1498584901974067,0.12064089507313541
cars_common_cohort,persistence,7313,7060047060,0.18751672464372046,0.20520852725963823
cars_common_cohort,persistence,7318,7060047060,0.011418187875291395,0.009990941399178617
cars_common_cohort,persistence,753,7060047060,0.15115842356726944,0.2411793974574633
cars_common_cohort,persistence,870,7060047060,0.05728962862512674,0.19284397334157782
cars_common_cohort,persistence,882,7060047060,0.07487405610658132,0.11993547006105995
cars_common_cohort,persistence,884,7060047060,0.058890091762423005,0.0597863332871911
cars_common_cohort,persistence,885,7060047060,0.060213697559366314,0.15907445473164122
cars_common_cohort,persistence,895,7060047060,0.01200902548294359,0.016954826822974316
cars_common_cohort,persistence,898,7060047060,0.4809622045609584,0.7808173582640034
cars_common_cohort,persistence,920,7060047060,0.009702717289224134,0.04641114759935739
cars_common_cohort,persistence,931,7060047060,1.2052396392304092,0.9465393297640908
cars_common_cohort,persistence,938,7060047060,0.3968494669462763,0.8634668302365714
cars_common_cohort,ridge,1017,7060047060,0.3767102226800422,0.3672003777783599
cars_common_cohort,ridge,1026,7060047060,0.25625519090176824,0.32392725685944007
cars_common_cohort,ridge,1033,7060047060,0.3421777595752804,0.39496641867282634
cars_common_cohort,ridge,1036,7060047060,0.19946345325612022,0.2724669141108556
cars_common_cohort,ridge,1042,7060047060,0.3086252424534333,0.38281293440402564
cars_common_cohort,ridge,1067,7060047060,0.5998478490301629,0.5045224519084947
cars_common_cohort,ridge,1086,7060049270,1.0688908847059717,0.6701903474581552
cars_common_cohort,ridge,1092,7060047060,0.5538973189418028,0.4824129434612604
cars_common_cohort,ridge,1101,7060047060,0.5732890822190375,0.40237771801353556
cars_common_cohort,ridge,1112,7060047060,0.4529900451763571,0.3644582670608665
cars_common_cohort,ridge,1121,7060047060,0.29573686102470564,0.29463105268142803
cars_common_cohort,ridge,1122,7060047060,0.4731408184743925,0.42696821997218537
cars_common_cohort,ridge,1125,7060047060,0.29573686102470564,0.29463105268142803
cars_common_cohort,ridge,1127,7060047060,0.5284257833617235,0.4581484117564081
cars_common_cohort,ridge,114,7060014340,0.28535177249533317,0.36827155596108024
cars_common_cohort,ridge,1151,7060047970,0.537804254533716,0.4903656965454889
cars_common_cohort,ridge,1192,7060047060,0.15622551667530427,0.18549441231658514
cars_common_cohort,ridge,1237,7060047970,0.6223175503941138,0.48099825044403677
cars_common_cohort,ridge,1249,7060048410,1.146030395254913,0.835689233318667
cars_common_cohort,ridge,131,7060014200,0.30696206638849055,0.26497414186037566
cars_common_cohort,ridge,132,7060013550,0.21980128669475302,0.15744204825295693
cars_common_cohort,ridge,133,7060013550,0.07419048047485194,0.07609182284344793
cars_common_cohort,ridge,148,7060013550,0.21978420333248716,0.17605811718612863
cars_common_cohort,ridge,1586,7060047060,0.10090961354906708,0.2667169270647884
cars_common_cohort,ridge,1587,7060047060,0.2531868046723131,0.322899649605148
cars_common_cohort,ridge,1592,7060047060,0.3257712611764545,0.29509720731647465
cars_common_cohort,ridge,1595,7060047060,0.0973436812701083,0.18025642026242786
cars_common_cohort,ridge,1600,7060047060,0.14853021419039886,0.24659587401590596
cars_common_cohort,ridge,1617,7060047060,0.24687425297109888,0.32212665865467616
cars_common_cohort,ridge,1619,7060047060,0.13245760053603373,0.2812344091843461
cars_common_cohort,ridge,1620,7060047060,0.26035611659680125,0.2895519056645565
cars_common_cohort,ridge,1631,7060047060,0.11543700302138787,0.28139206168843817
cars_common_cohort,ridge,1634,7060047060,0.16133901010123658,0.23378906230359958
cars_common_cohort,ridge,1636,7060047060,0.34310552073147055,0.3942462177599203
cars_common_cohort,ridge,1645,7060047060,0.43703759577674123,0.4138694583527524
cars_common_cohort,ridge,1650,7060047060,0.15935517429417478,0.31336847719164845
cars_common_cohort,ridge,1654,7060047060,0.4218435553220695,0.40401078176018834
cars_common_cohort,ridge,1655,7060047060,0.2436515966980656,0.3224813423746849
cars_common_cohort,ridge,1656,7060047060,0.16921263797743122,0.2435511055280738
cars_common_cohort,ridge,1683,7060047060,0.3901169448841023,0.3741327386180245
cars_common_cohort,ridge,169,7060013560,0.5336578409890408,0.5202885240999328
cars_common_cohort,ridge,1691,7060047060,0.09129167479621161,0.24060398000076785
cars_common_cohort,ridge,1699,7060047060,0.08642534293446677,0.19290698631675218
cars_common_cohort,ridge,1703,7060047060,0.6719276083841421,0.4862052591465056
cars_common_cohort,ridge,1706,7060047060,0.13111941543593233,0.22882144581216038
cars_common_cohort,ridge,1707,7060047060,0.20455684515248346,0.3320695619451044
cars_common_cohort,ridge,1709,7060047060,0.07526172636281764,0.18149579833629814
cars_common_cohort,ridge,1712,7060047060,0.08719223605780649,0.2519650853193634
cars_common_cohort,ridge,1713,7060047060,0.18000550115060232,0.31633799073354923
cars_common_cohort,ridge,1714,7060047060,0.28978101331581735,0.34309971630771424
cars_common_cohort,ridge,1718,7060047060,0.394739557462232,0.4200237261669688
cars_common_cohort,ridge,1723,7060047060,0.15212299221423958,0.26525391740815996
cars_common_cohort,ridge,1726,7060047060,0.09003522408520709,0.24051120062143203
cars_common_cohort,ridge,1735,7060047060,0.05883707799962642,0.2097884041222604
cars_common_cohort,ridge,1739,7060047060,0.26952085731685316,0.3342311998725814
cars_common_cohort,ridge,1740,7060047060,0.1589239050565217,0.23278834730585385
cars_common_cohort,ridge,1741,7060047060,0.3146143807409897,0.3268619062706594
cars_common_cohort,ridge,1742,7060047060,0.07137936169626372,0.20453939001395458
cars_common_cohort,ridge,1744,7060047060,0.21324280186253824,0.27849606681270245
cars_common_cohort,ridge,1752,7060047060,0.02732428109480984,0.13994537559740067
cars_common_cohort,ridge,1753,7060047060,0.03384360187055937,0.1978407140129944
cars_common_cohort,ridge,1755,7060047060,0.5328497903478746,0.4013076965386866
cars_common_cohort,ridge,1761,7060042310,0.2589475273602554,0.1929059837120502
cars_common_cohort,ridge,1768,7060047060,0.010814949128347994,0.13817965799749438
cars_common_cohort,ridge,1776,7060043090,0.07073662060070428,0.08115257786851532
cars_common_cohort,ridge,1777,7060047060,0.28909389421808096,0.33254052927951844
cars_common_cohort,ridge,182,7060013550,0.18126164103477693,0.18756677011957312
cars_common_cohort,ridge,1848,7060047060,0.4800253185821163,0.4003064570308198
cars_common_cohort,ridge,1851,7060043500,0.12392692879677134,0.14635198116645956
cars_common_cohort,ridge,1864,7060047060,0.5318920034094353,0.3991488969009594
cars_common_cohort,ridge,1869,7060047060,0.6181993694029078,0.4963869344409324
cars_common_cohort,ridge,1879,7060043160,0.5783266087608062,0.4073865564457231
cars_common_cohort,ridge,1883,7060043640,0.25082374609997554,0.21220686471828765
cars_common_cohort,ridge,191,7060013550,0.2234054546701261,0.26790392236296673
cars_common_cohort,ridge,198,7060013550,0.3030069769194994,0.28855509548856384
cars_common_cohort,ridge,204,7060013550,0.30221711336109347,0.3120138667564267
cars_common_cohort,ridge,292,7060022240,0.4472345683630451,0.3178969095191136
cars_common_cohort,ridge,307,7060047060,0.13528669233477014,0.20419334381404822
cars_common_cohort,ridge,310,7060014930,0.06025614607528096,0.0567527205405538
cars_common_cohort,ridge,316,7060014930,0.2220848054312484,0.213365977481739
cars_common_cohort,ridge,319,7060047060,0.23720243735094437,0.3250423043656097
cars_common_cohort,ridge,355,7060047060,0.12272469188767607,0.23158236999113124
cars_common_cohort,ridge,361,7060014930,0.10503189579573496,0.15169760879818295
cars_common_cohort,ridge,362,7060047060,0.3864645066597572,0.46180435764714356
cars_common_cohort,ridge,364,7060047060,0.16167768783006337,0.190013624363434
cars_common_cohort,ridge,368,7060047060,0.4096064798436735,0.40059449973997596
cars_common_cohort,ridge,372,7060014930,0.30493644885189647,0.337622750141488
cars_common_cohort,ridge,373,7060047060,0.37558580011839665,0.4491441650277989
cars_common_cohort,ridge,384,7060014930,0.3093526199502241,0.29238906087820254
cars_common_cohort,ridge,386,7060014930,0.5767595458015281,0.491720938432795
cars_common_cohort,ridge,391,7060014930,0.11565386794679762,0.1576919057268187
cars_common_cohort,ridge,393,7060047060,0.2235727680227117,0.2905554558065967
cars_common_cohort,ridge,398,7060047060,0.2636061818578061,0.31697415234900783
cars_common_cohort,ridge,41,7060016090,0.3063485000731634,0.24411953401739744
cars_common_cohort,ridge,413,7060014930,0.014957428854622506,0.07902595878756491
cars_common_cohort,ridge,415,7060047060,0.07439807135004639,0.16681869422377316
cars_common_cohort,ridge,416,7060047060,0.18256724140525943,0.21360010750276842
cars_common_cohort,ridge,419,7060008710,0.4416205857741654,0.44691954220886526
cars_common_cohort,ridge,42,7060016090,0.3638214534858144,0.27368713273965994
cars_common_cohort,ridge,421,7060047060,0.2531768818393909,0.407728998962394
cars_common_cohort,ridge,423,7060008710,0.2609668929402653,0.28501692983044535
cars_common_cohort,ridge,442,7060073620,0.2880753880040633,0.2745705342243136
cars_common_cohort,ridge,445,7060008710,0.22415083691444454,0.30344224333786884
cars_common_cohort,ridge,448,7060008710,0.22427414079737434,0.2876282834044754
cars_common_cohort,ridge,449,7060073620,0.426066484362956,0.33706210576370443
cars_common_cohort,ridge,451,7060008710,0.2142445264803189,0.1233934071144491
cars_common_cohort,ridge,456,7060073620,0.2640694177067812,0.20838670771590673
cars_common_cohort,ridge,467,7060073620,0.5066104513145995,0.40712783406956354
cars_common_cohort,ridge,469,7060008710,0.46365928111475874,0.41596722963500316
cars_common_cohort,ridge,470,7060008710,0.30999258982574807,0.3679355964174166
cars_common_cohort,ridge,477,7060073620,0.2618498475460717,0.23858066189389165
cars_common_cohort,ridge,488,7060008710,0.2871536416436151,0.29738482204610406
cars_common_cohort,ridge,497,7060008710,0.24859788496998347,0.3268692465110244
cars_common_cohort,ridge,500,7060047060,0.35710034798351037,0.38477508053275433
cars_common_cohort,ridge,502,7060008710,0.30423695353723224,0.22061126469525244
cars_common_cohort,ridge,505,7060047060,0.23801375600200253,0.24266943304818425
cars_common_cohort,ridge,509,7060008710,0.0984713136044381,0.266706688765255
cars_common_cohort,ridge,511,7060047060,0.08335690047648478,0.27279943475954166
cars_common_cohort,ridge,517,7060008710,0.3479024777143732,0.33504398489945264
cars_common_cohort,ridge,518,7060008710,0.5128392897293541,0.4638026750429281
cars_common_cohort,ridge,522,7060047060,0.0714074460062018,0.19966499417767047
cars_common_cohort,ridge,524,7060073920,0.2800087631552244,0.5525441714839225
cars_common_cohort,ridge,530,7060047060,0.24882530842092745,0.24793866525285813
cars_common_cohort,ridge,531,7060008710,0.1943925982432932,0.2955049283323241
cars_common_cohort,ridge,533,7060047060,0.050322851451944275,0.16525110599650655
cars_common_cohort,ridge,536,7060008710,0.25250797575882156,0.2360237210840907
cars_common_cohort,ridge,541,7060008710,0.3372827560408248,0.31538098666390924
cars_common_cohort,ridge,542,7060008710,0.018790976407496537,0.05644268449037629
cars_common_cohort,ridge,549,7060008710,0.1701278393208284,0.15031517356566074
cars_common_cohort,ridge,55,7060014930,0.2791408868597332,0.25381485034442747
cars_common_cohort,ridge,567,7060008710,0.6561024589795234,0.5287807812337958
cars_common_cohort,ridge,57,7060014930,0.3399568096450151,0.32176322802090807
cars_common_cohort,ridge,574,7060008710,0.39976135828890924,0.4200326312515562
cars_common_cohort,ridge,575,7060008710,0.3449917751935075,0.3880907287099644
cars_common_cohort,ridge,595,7060013550,0.1074165396122517,0.18827984589940883
cars_common_cohort,ridge,597,7060008710,0.5041937892767199,0.3588918938928375
cars_common_cohort,ridge,60,7060014930,0.20260488753198175,0.24013564065594464
cars_common_cohort,ridge,600,7060013550,0.2941340706340895,0.27348698063670507
cars_common_cohort,ridge,601,7060008710,0.3977358697471582,0.30599206817594954
cars_common_cohort,ridge,612,7060013550,0.10733503940308617,0.18997548287114271
cars_common_cohort,ridge,63,7060014930,0.2699904997815742,0.2867320010194118
cars_common_cohort,ridge,7308,7060043500,0.1498584901974067,0.10234393888631241
cars_common_cohort,ridge,7313,7060047060,0.18751672464372046,0.24335181720698668
cars_common_cohort,ridge,7318,7060047060,0.011418187875291395,0.1323896870774417
cars_common_cohort,ridge,753,7060047060,0.15115842356726944,0.24406358701311187
cars_common_cohort,ridge,870,7060047060,0.05728962862512674,0.2061430710821221
cars_common_cohort,ridge,882,7060047060,0.07487405610658132,0.1898642702301218
cars_common_cohort,ridge,884,7060047060,0.058890091762423005,0.1300334379950356
cars_common_cohort,ridge,885,7060047060,0.060213697559366314,0.18113930663464575
cars_common_cohort,ridge,895,7060047060,0.01200902548294359,0.10684403863259356
cars_common_cohort,ridge,898,7060047060,0.4809622045609584,0.5137591669272596
cars_common_cohort,ridge,920,7060047060,0.009702717289224134,0.13378215805109145
cars_common_cohort,ridge,931,7060047060,1.2052396392304092,0.5781162795963768
cars_common_cohort,ridge,938,7060047060,0.3968494669462763,0.7139091043496177
cars_common_cohort,rf,1017,7060047060,0.3767102226800422,0.3421344846861198
cars_common_cohort,rf,1026,7060047060,0.25625519090176824,0.31883718285281276
cars_common_cohort,rf,1033,7060047060,0.3421777595752804,0.3489505560539287
cars_common_cohort,rf,1036,7060047060,0.19946345325612022,0.275690580258871
cars_common_cohort,rf,1042,7060047060,0.3086252424534333,0.3660654810964496
cars_common_cohort,rf,1067,7060047060,0.5998478490301629,0.3690290296894701
cars_common_cohort,rf,1086,7060049270,1.0688908847059717,0.4342982933645329
cars_common_cohort,rf,1092,7060047060,0.5538973189418028,0.36850712335247826
cars_common_cohort,rf,1101,7060047060,0.5732890822190375,0.3402858148272496
cars_common_cohort,rf,1112,7060047060,0.4529900451763571,0.36239423671779813
cars_common_cohort,rf,1121,7060047060,0.29573686102470564,0.2938459787032515
cars_common_cohort,rf,1122,7060047060,0.4731408184743925,0.36177433740682496
cars_common_cohort,rf,1125,7060047060,0.29573686102470564,0.2938459787032515
cars_common_cohort,rf,1127,7060047060,0.5284257833617235,0.3664758325308316
cars_common_cohort,rf,114,7060014340,0.28535177249533317,0.39772115784270423
cars_common_cohort,rf,1151,7060047970,0.537804254533716,0.44065355938624734
cars_common_cohort,rf,1192,7060047060,0.15622551667530427,0.2084527062587645
cars_common_cohort,rf,1237,7060047970,0.6223175503941138,0.4885641492549066
cars_common_cohort,rf,1249,7060048410,1.146030395254913,0.500347811357878
cars_common_cohort,rf,131,7060014200,0.30696206638849055,0.3004875386379587
cars_common_cohort,rf,132,7060013550,0.21980128669475302,0.14855873758429466
cars_common_cohort,rf,133,7060013550,0.07419048047485194,0.07474198509445643
cars_common_cohort,rf,148,7060013550,0.21978420333248716,0.17870970838430833
cars_common_cohort,rf,1586,7060047060,0.10090961354906708,0.23496714810797875
cars_common_cohort,rf,1587,7060047060,0.2531868046723131,0.3187786559175324
cars_common_cohort,rf,1592,7060047060,0.3257712611764545,0.2833635317752629
cars_common_cohort,rf,1595,7060047060,0.0973436812701083,0.22832736596501463
cars_common_cohort,rf,1600,7060047060,0.14853021419039886,0.23786558626742121
cars_common_cohort,rf,1617,7060047060,0.24687425297109888,0.33957143233545606
cars_common_cohort,rf,1619,7060047060,0.13245760053603373,0.2946219514187709
cars_common_cohort,rf,1620,7060047060,0.26035611659680125,0.32900105953634795
cars_common_cohort,rf,1631,7060047060,0.11543700302138787,0.25586573236242544
cars_common_cohort,rf,1634,7060047060,0.16133901010123658,0.23496714810797875
cars_common_cohort,rf,1636,7060047060,0.34310552073147055,0.33748790123801214
cars_common_cohort,rf,1645,7060047060,0.43703759577674123,0.3609195259001827
cars_common_cohort,rf,1650,7060047060,0.15935517429417478,0.31092034315935324
cars_common_cohort,rf,1654,7060047060,0.4218435553220695,0.3613209185872092
cars_common_cohort,rf,1655,7060047060,0.2436515966980656,0.3139485879683392
cars_common_cohort,rf,1656,7060047060,0.16921263797743122,0.23478377982561574
cars_common_cohort,rf,1683,7060047060,0.3901169448841023,0.3382748881837785
cars_common_cohort,rf,169,7060013560,0.5336578409890408,0.4388874107970853
cars_common_cohort,rf,1691,7060047060,0.09129167479621161,0.23454282474300814
cars_common_cohort,rf,1699,7060047060,0.08642534293446677,0.2305466653744693
cars_common_cohort,rf,1703,7060047060,0.6719276083841421,0.3656210210241894
cars_common_cohort,rf,1706,7060047060,0.13111941543593233,0.23454282474300814
cars_common_cohort,rf,1707,7060047060,0.20455684515248346,0.30924447499444946
cars_common_cohort,rf,1709,7060047060,0.07526172636281764,0.23100008419408508
cars_common_cohort,rf,1712,7060047060,0.08719223605780649,0.23454282474300814
cars_common_cohort,rf,1713,7060047060,0.18000550115060232,0.2852574545165832
cars_common_cohort,rf,1714,7060047060,0.28978101331581735,0.33396253091894096
cars_common_cohort,rf,1718,7060047060,0.394739557462232,0.3609195259001827
cars_common_cohort,rf,1723,7060047060,0.15212299221423958,0.23669725653357288
cars_common_cohort,rf,1726,7060047060,0.09003522408520709,0.23454282474300814
cars_common_cohort,rf,1735,7060047060,0.05883707799962642,0.23601377512609276
cars_common_cohort,rf,1739,7060047060,0.26952085731685316,0.310025104295848
cars_common_cohort,rf,1740,7060047060,0.1589239050565217,0.23496714810797875
cars_common_cohort,rf,1741,7060047060,0.3146143807409897,0.33519139219356076
cars_common_cohort,rf,1742,7060047060,0.07137936169626372,0.21085213376210032
cars_common_cohort,rf,1744,7060047060,0.21324280186253824,0.23063814665409968
cars_common_cohort,rf,1752,7060047060,0.02732428109480984,0.20098168193730334
cars_common_cohort,rf,1753,7060047060,0.03384360187055937,0.20079831365494033
cars_common_cohort,rf,1755,7060047060,0.5328497903478746,0.361206767590764
cars_common_cohort,rf,1761,7060042310,0.2589475273602554,0.1954559115885415
cars_common_cohort,rf,1768,7060047060,0.010814949128347994,0.20156023165593898
cars_common_cohort,rf,1776,7060043090,0.07073662060070428,0.07881897970828083
cars_common_cohort,rf,1777,7060047060,0.28909389421808096,0.31301176472774017
cars_common_cohort,rf,182,7060013550,0.18126164103477693,0.22483287746463365
cars_common_cohort,rf,1848,7060047060,0.4800253185821163,0.3402858148272496
cars_common_cohort,rf,1851,7060043500,0.12392692879677134,0.14109532208563655
cars_common_cohort,rf,1864,7060047060,0.5318920034094353,0.3408469048643857
cars_common_cohort,rf,1869,7060047060,0.6181993694029078,0.3366330897313699
cars_common_cohort,rf,1879,7060043160,0.5783266087608062,0.3548874185101089
cars_common_cohort,rf,1883,7060043640,0.25082374609997554,0.1909626446900565
cars_common_cohort,rf,191,7060013550,0.2234054546701261,0.3144476837899984
cars_common_cohort,rf,198,7060013550,0.3030069769194994,0.34137270745307746
cars_common_cohort,rf,204,7060013550,0.30221711336109347,0.37027072197867616
cars_common_cohort,rf,292,7060022240,0.4472345683630451,0.377632217742593
cars_common_cohort,rf,307,7060047060,0.13528669233477014,0.22659674212091155
cars_common_cohort,rf,310,7060014930,0.06025614607528096,0.0860424593232156
cars_common_cohort,rf,316,7060014930,0.2220848054312484,0.2254812414381046
cars_common_cohort,rf,319,7060047060,0.23720243735094437,0.3264132800388517
cars_common_cohort,rf,355,7060047060,0.12272469188767607,0.2251833785380716
cars_common_cohort,rf,361,7060014930,0.10503189579573496,0.1587281658011052
cars_common_cohort,rf,362,7060047060,0.3864645066597572,0.35358844299295233
cars_common_cohort,rf,364,7060047060,0.16167768783006337,0.2251833785380716
cars_common_cohort,rf,368,7060047060,0.4096064798436735,0.3801135958638979
cars_common_cohort,rf,372,7060014930,0.30493644885189647,0.35347314202093666
cars_common_cohort,rf,373,7060047060,0.37558580011839665,0.37649556590637057
cars_common_cohort,rf,384,7060014930,0.3093526199502241,0.2954689492164713
cars_common_cohort,rf,386,7060014930,0.5767595458015281,0.4350797355273417
cars_common_cohort,rf,391,7060014930,0.11565386794679762,0.1491378109250925
cars_common_cohort,rf,393,7060047060,0.2235727680227117,0.2984337503036254
cars_common_cohort,rf,398,7060047060,0.2636061818578061,0.30731511071189466
cars_common_cohort,rf,41,7060016090,0.3063485000731634,0.29534234397167497
cars_common_cohort,rf,413,7060014930,0.014957428854622506,0.09743583507986407
cars_common_cohort,rf,415,7060047060,0.07439807135004639,0.23189406329329948
cars_common_cohort,rf,416,7060047060,0.18256724140525943,0.22659613835556974
cars_common_cohort,rf,419,7060008710,0.4416205857741654,0.424719613550813
cars_common_cohort,rf,42,7060016090,0.3638214534858144,0.3584356421241104
cars_common_cohort,rf,421,7060047060,0.2531768818393909,0.3760941732193441
cars_common_cohort,rf,423,7060008710,0.2609668929402653,0.3546402255200431
cars_common_cohort,rf,442,7060073620,0.2880753880040633,0.3229011502909458
cars_common_cohort,rf,445,7060008710,0.22415083691444454,0.25788418253997936
cars_common_cohort,rf,448,7060008710,0.22427414079737434,0.2451894599325028
cars_common_cohort,rf,449,7060073620,0.426066484362956,0.4192994481373602
cars_common_cohort,rf,451,7060008710,0.2142445264803189,0.13554859277380435
cars_common_cohort,rf,456,7060073620,0.2640694177067812,0.23393642651902552
cars_common_cohort,rf,467,7060073620,0.5066104513145995,0.4136011466244618
cars_common_cohort,rf,469,7060008710,0.46365928111475874,0.4126380861124811
cars_common_cohort,rf,470,7060008710,0.30999258982574807,0.2971872711936593
cars_common_cohort,rf,477,7060073620,0.2618498475460717,0.24789792099558067
cars_common_cohort,rf,488,7060008710,0.2871536416436151,0.343523622821477
cars_common_cohort,rf,497,7060008710,0.24859788496998347,0.35858586263757725
cars_common_cohort,rf,500,7060047060,0.35710034798351037,0.37649556590637057
cars_common_cohort,rf,502,7060008710,0.30423695353723224,0.24227794055383955
cars_common_cohort,rf,505,7060047060,0.23801375600200253,0.2743321584594605
cars_common_cohort,rf,509,7060008710,0.0984713136044381,0.2519565180294606
cars_common_cohort,rf,511,7060047060,0.08335690047648478,0.25045207680884063
cars_common_cohort,rf,517,7060008710,0.3479024777143732,0.3634310196665117
cars_common_cohort,rf,518,7060008710,0.5128392897293541,0.4134243199831856
cars_common_cohort,rf,522,7060047060,0.0714074460062018,0.226142719535954
cars_common_cohort,rf,524,7060073920,0.2800087631552244,0.4686410730209454
cars_common_cohort,rf,530,7060047060,0.24882530842092745,0.2939643026814585
cars_common_cohort,rf,531,7060008710,0.1943925982432932,0.2583159242660919
cars_common_cohort,rf,533,7060047060,0.050322851451944275,0.22536674682043462
cars_common_cohort,rf,536,7060008710,0.25250797575882156,0.22926503486788516
cars_common_cohort,rf,541,7060008710,0.3372827560408248,0.3594164242021139
cars_common_cohort,rf,542,7060008710,0.018790976407496537,0.0760619817117421
cars_common_cohort,rf,549,7060008710,0.1701278393208284,0.15305849244609446
cars_common_cohort,rf,55,7060014930,0.2791408868597332,0.2981956499797816
cars_common_cohort,rf,567,7060008710,0.6561024589795234,0.4430516628164915
cars_common_cohort,rf,57,7060014930,0.3399568096450151,0.3592070038827017
cars_common_cohort,rf,574,7060008710,0.39976135828890924,0.4019777506901289
cars_common_cohort,rf,575,7060008710,0.3449917751935075,0.4000078933700162
cars_common_cohort,rf,595,7060013550,0.1074165396122517,0.2271571526720041
cars_common_cohort,rf,597,7060008710,0.5041937892767199,0.39355422627068654
cars_common_cohort,rf,60,7060014930,0.20260488753198175,0.26140251848855894
cars_common_cohort,rf,600,7060013550,0.2941340706340895,0.3083315175132873
cars_common_cohort,rf,601,7060008710,0.3977358697471582,0.3845513761104595
cars_common_cohort,rf,612,7060013550,0.10733503940308617,0.1761692390230787
cars_common_cohort,rf,63,7060014930,0.2699904997815742,0.33797456173588913
cars_common_cohort,rf,7308,7060043500,0.1498584901974067,0.11576377740275345
cars_common_cohort,rf,7313,7060047060,0.18751672464372046,0.2732922454788445
cars_common_cohort,rf,7318,7060047060,0.011418187875291395,0.22448900463584817
cars_common_cohort,rf,753,7060047060,0.15115842356726944,0.29995069833341964
cars_common_cohort,rf,870,7060047060,0.05728962862512674,0.2592355968799795
cars_common_cohort,rf,882,7060047060,0.07487405610658132,0.20137686337357596
cars_common_cohort,rf,884,7060047060,0.058890091762423005,0.20175765465282272
cars_common_cohort,rf,885,7060047060,0.060213697559366314,0.2012517324745561
cars_common_cohort,rf,895,7060047060,0.01200902548294359,0.20143510075691912
cars_common_cohort,rf,898,7060047060,0.4809622045609584,0.35436501947381366
cars_common_cohort,rf,920,7060047060,0.009702717289224134,0.2019827965511735
cars_common_cohort,rf,931,7060047060,1.2052396392304092,0.35524557946802754
cars_common_cohort,rf,938,7060047060,0.3968494669462763,0.3633268866032056
